experiment_id,unique_id,target_date,holiday_label,holiday_day_type,analog_cluster,cluster_filter_label,filter_by_cluster,train_end,eligible_tuning_dates,target_exists,target_has_complete_profile,selected_analogs,fail,optuna_k_min,optuna_k_max,k,typedist,typereg,scale_method,n_components,regressor_params,forecast_start,forecast_end,mae_window,mape_window_pct,tuning_best_mean_mae,tuning_best_mean_mape_pct,error,bias_head_hours,bias_tail_hours,hourly_factor_analog_count,hourly_factor_requested_analogs,hourly_factor_available_neighbors,hourly_factor_selected_analogs,hourly_factor_mean_abs,forecast_window_mean_38,forecast_daily_mean_24,mae_38,mape_38_pct,mpe_38_pct,bias_38,mae_14,mape_14_pct,mpe_14_pct,bias_14,mae_24,mape_24_pct,mpe_24_pct,bias_24,mae_14_bias_adjusted,mape_14_bias_adjusted_pct,mpe_14_bias_adjusted_pct,bias_14_bias_adjusted,mae_24_bias_adjusted,mape_24_bias_adjusted_pct,mpe_24_bias_adjusted_pct,bias_24_bias_adjusted,mae_38_bias_adjusted,mape_38_bias_adjusted_pct,mpe_38_bias_adjusted_pct,bias_38_bias_adjusted,head_bias_mean,tail_bias_mean,bias_model_method,bias_train_samples,bias_train_window_mean,bias_train_head_tail_corr,bias_model_intercept,bias_model_slope,predicted_head_bias_mean,predicted_tail_bias_mean,predicted_full_bias_mean,predicted_bias_14,predicted_bias_24,predicted_bias_38,bias_14_prediction_error,bias_24_prediction_error,bias_38_prediction_error,mae_head14,mape_head14_pct,mae_head14_bias_adjusted,mape_head14_bias_adjusted_pct,mae_holiday24_raw,mape_holiday24_raw_pct,mae_holiday24_bias_adjusted,mape_holiday24_bias_adjusted_pct,mae_window_bias_adjusted,mape_window_bias_adjusted_pct,mae_holiday24_improvement,mape_holiday24_improvement_pct,mape_head14_improvement_pct,mape_window_improvement_pct,bias_14_prediction_abs_error,bias_24_prediction_abs_error,bias_38_prediction_abs_error
experiment_2026_06_13_16_34,SEN_demand_CEL,2025-01-01,New Year's Day,H3,G,seasonal_heat_cold,True,2025-01-01,12,True,True,8,False,2,18,8,pearson,RidgeReg,,2,{},2024-12-31 10:00:00,2025-01-02,292.8035979197417,6.083066641723233,183.893271,3.07,,14,24,4,4,8,4,0.10199014449101948,5456.045245288162,5054.532796880383,292.8035979197417,6.083066641723233,-6.083066641723233,-292.8035979197417,206.75004255864164,3.498533121822136,-3.498533121822136,-206.75004255864164,343.0015052137167,7.590711194998875,-7.590711194998875,-343.0015052137167,170.54851149811552,2.91948824240495,-2.91948824240495,-170.54851149811552,403.4348828852189,9.150600969834992,-8.443346568932432,-364.11906499902216,317.6346407952334,6.8549278597291865,-6.408240869685465,-292.80359791974075,-206.75004255864164,-343.0015052137167,hourly_window_mean_factor_top_available_analogs,4,5928.679302105264,,5928.679302105264,0.0,-36.20153106052612,21.117559785305428,-9.334287728722159e-13,-36.20153106052612,21.117559785305428,-9.334287728722159e-13,170.54851149811552,364.11906499902216,292.8035979197408,206.75004255864164,3.498533121822136,170.54851149811552,2.91948824240495,343.0015052137167,7.590711194998875,403.4348828852189,9.150600969834992,317.6346407952334,6.8549278597291865,-60.43337767150217,-1.5598897748361171,0.5790448794171859,-0.7718612180059532,170.54851149811552,364.11906499902216,292.8035979197408
experiment_2026_06_13_16_34,SEN_demand_CEL,2025-02-03,Constitution Day,H2,G,seasonal_heat_cold,True,2025-02-03,12,True,True,16,False,2,19,16,pearson,RidgeReg,standard,2,{},2025-02-02 10:00:00,2025-02-04,119.1096601443196,2.0898389311204952,192.797659,3.232,,14,24,4,4,16,4,0.08954701811988712,6067.826625831713,5956.464296487679,119.1096601443196,2.0898389311204952,-1.5185653466477405,-83.19517030539684,79.9193646933634,1.2881975108681056,-0.2911393386064538,-17.482715421483785,141.97066582404406,2.55746309293439,-2.234563851338491,-121.52743565434612,95.27090900262745,1.5020471053740054,-0.16835885746639517,-12.615871612630729,138.881567361898,2.434510066587506,-2.1693042342707565,-124.36642787617711,122.81448270321937,2.0909710808772686,-1.4321138322902027,-83.19517030539687,-17.482715421483785,-121.52743565434612,hourly_window_mean_factor_top_available_analogs,4,5959.27017138158,,5959.27017138158,0.0,-4.866843808853056,2.838992221830987,2.3934071099287584e-14,-4.866843808853056,2.838992221830987,2.3934071099287584e-14,12.61587161263073,124.36642787617711,83.19517030539687,79.9193646933634,1.2881975108681056,95.27090900262745,1.5020471053740054,141.97066582404406,2.55746309293439,138.881567361898,2.434510066587506,122.81448270321937,2.0909710808772686,3.089098462146069,0.12295302634688365,-0.2138495945058998,-0.0011321497567733374,12.61587161263073,124.36642787617711,83.19517030539687
experiment_2026_06_13_16_34,SEN_demand_CEL,2025-03-17,Benito Juarez's Birthday,H2,F,seasonal_heat_cold,True,2025-03-17,12,True,True,8,False,2,20,8,pearson,RidgeReg,standard,2,{},2025-03-16 10:00:00,2025-03-18,96.86737101559883,1.5901282610753118,194.760316,3.389,,14,24,4,4,8,4,0.07703101267681295,6098.3714226761085,5974.998535236636,96.86737101559883,1.5901282610753118,-0.4094889310299661,-19.40795346558288,80.70936160324125,1.251641848174185,0.8687253316189285,58.132764570508826,106.29287650614076,1.7875786686009698,-1.1551139175751546,-64.64003898663638,89.72190227969044,1.3845174487068077,0.8103101793607849,55.53153893111922,117.39297856815627,1.970444208903908,-1.1516904326387254,-63.122657363658014,107.19837151451097,1.7545764551470815,-0.42884810190206374,-19.40795346558219,58.132764570508826,-64.64003898663638,hourly_window_mean_factor_top_available_analogs,4,5885.0417136184205,,5885.0417136184205,0.0,2.601225639389603,-1.5173816229783672,-6.9408806187934e-13,2.601225639389603,-1.5173816229783672,-6.9408806187934e-13,-55.53153893111922,63.122657363658014,19.40795346558219,80.70936160324125,1.251641848174185,89.72190227969044,1.3845174487068077,106.29287650614076,1.7875786686009698,117.39297856815627,1.970444208903908,107.19837151451097,1.7545764551470815,-11.100102062015509,-0.18286554030293822,-0.13287560053262282,-0.1644481940717697,55.53153893111922,63.122657363658014,19.40795346558219
experiment_2026_06_13_16_34,SEN_demand_CEL,2025-04-17,Maundy Thursday,H1,F,seasonal_heat_cold,True,2025-04-17,12,True,True,8,False,2,21,8,pearson,LassoReg,,2,{},2025-04-16 10:00:00,2025-04-18,186.27709900871912,2.9221717628496493,202.321749,3.489,,14,24,4,4,8,4,0.09044738501972145,6513.303476439064,6094.550173541108,186.27709900871912,2.9221717628496493,2.515208429440676,157.02186829777952,94.84591890869784,1.2938708180959018,0.218389473323968,17.456220735872193,239.61195406706486,3.8720139806226683,3.855019487175422,238.4351627088921,92.52000229013493,1.2506944566059726,0.4044252665438958,32.59330164070661,230.854155529326,3.6322613210447146,3.6114579664377437,229.60519884773626,179.88894117804506,2.754841949935704,2.4299196033189574,157.02186829777798,17.456220735872193,238.4351627088921,hourly_window_mean_factor_top_available_analogs,4,6262.119711776317,,6262.119711776317,0.0,-15.13708090483442,8.829963861155838,1.5317805503544054e-12,-15.13708090483442,8.829963861155838,1.5317805503544054e-12,-32.59330164070661,-229.60519884773626,-157.02186829777798,94.84591890869784,1.2938708180959018,92.52000229013493,1.2506944566059726,239.61195406706486,3.8720139806226683,230.854155529326,3.6322613210447146,179.88894117804506,2.754841949935704,8.757798537738864,0.23975265957795378,0.043176361489929205,0.1673298129139451,32.59330164070661,229.60519884773626,157.02186829777798
experiment_2026_06_13_16_34,SEN_demand_CEL,2025-04-18,Good Friday,H2,F,seasonal_heat_cold,True,2025-04-18,12,True,True,8,False,2,23,8,pearson,LassoReg,,2,{},2025-04-17 10:00:00,2025-04-19,179.61515611659135,2.91592983888936,207.480044,3.553,,14,24,4,4,8,4,0.08624254297177796,6248.65559340398,6017.085963215643,179.61515611659135,2.91592983888936,-1.5815839396522473,-88.87449366713838,144.00864755333754,2.131315189917207,1.341055845417808,93.08840984458298,200.38561944515607,3.3736217174564493,-3.2864571476097795,-195.01952071564253,132.68666210168917,1.9938797915992386,-1.4244535719276903,-93.23252544102778,91.4913732319277,1.575467977204804,-1.4884873535444718,-86.33230846570173,106.66858492078718,1.7296196982974905,-1.4648959603172365,-88.87449366713764,93.08840984458298,-195.01952071564253,hourly_window_mean_factor_top_available_analogs,4,6041.538064539473,,6041.538064539473,0.0,186.32093528561077,-108.68721224994079,-7.419562040779151e-13,186.32093528561077,-108.68721224994079,-7.419562040779151e-13,93.23252544102779,86.33230846570174,88.87449366713764,144.00864755333754,2.131315189917207,132.68666210168917,1.9938797915992386,200.38561944515607,3.3736217174564493,91.4913732319277,1.575467977204804,106.66858492078718,1.7296196982974905,108.89424621322837,1.7981537402516454,0.13743539831796858,1.1863101405918695,93.23252544102779,86.33230846570174,88.87449366713764
experiment_2026_06_13_16_34,SEN_demand_CEL,2025-04-19,Holy Saturday,H3,F,seasonal_heat_cold,True,2025-04-19,12,True,True,11,False,2,24,11,pearson,RidgeReg,standard,2,{},2025-04-18 10:00:00,2025-04-20,93.7266448908047,1.5681721567622544,193.800056,3.35,,14,24,4,4,11,4,0.07677031564452594,5982.99967924756,5822.428584917953,93.7266448908047,1.5681721567622544,0.10509420424042833,8.609820752441106,100.81498548913358,1.669428934811133,-1.4702917618717073,-87.37544881259699,89.59177954177953,1.509105702900408,1.0240693511391743,64.60122799871333,78.75844833655239,1.2886423266084266,-0.07791719716505072,-0.8042911386976682,63.711350325209914,1.1050422980223837,0.2635672845518635,14.101386022269821,69.25501801359924,1.1726844138172416,0.13775721234036875,8.609820752439694,-87.37544881259699,64.60122799871333,hourly_window_mean_factor_top_available_analogs,4,5832.608921052631,,5832.608921052631,0.0,-86.57115767389931,50.4998419764435,1.4121101948579675e-12,-86.57115767389931,50.4998419764435,1.4121101948579675e-12,0.8042911386976783,-14.101386022269828,-8.609820752439694,100.81498548913358,1.669428934811133,78.75844833655239,1.2886423266084266,89.59177954177953,1.509105702900408,63.711350325209914,1.1050422980223837,69.25501801359924,1.1726844138172416,25.880429216569617,0.4040634048780243,0.3807866082027065,0.39548774294501277,0.8042911386976783,14.101386022269828,8.609820752439694
experiment_2026_06_13_16_34,SEN_demand_CEL,2025-05-01,Labor Day,H2,F,seasonal_heat_cold,True,2025-05-01,12,True,True,11,False,2,24,11,pearson,RidgeReg,standard,2,{},2025-04-30 10:00:00,2025-05-02,338.4527207150823,5.24983331480728,180.866687,3.126,,14,24,4,4,11,4,0.08731326583693659,7174.360947762515,6763.746655623941,338.4527207150823,5.24983331480728,-5.217402513405999,-335.8726364467249,152.25815301418177,1.9881939863901512,-1.9001675254438162,-145.2550671429261,447.0662185406076,7.152456256383939,-7.152456256383939,-447.0662185406076,192.53800021189343,2.510661264766526,-2.402225858364748,-183.89786456558048,424.5245867107267,6.778863632640288,-6.778863632640288,-424.5245867107267,339.0558443164198,5.2063680234236385,-5.1664181368545625,-335.8726364467255,-145.2550671429261,-447.0662185406076,hourly_window_mean_factor_top_available_analogs,4,6428.326796118422,,6428.326796118422,0.0,38.642797422654375,-22.541631829880924,5.026154930850393e-13,38.642797422654375,-22.541631829880924,5.026154930850393e-13,183.89786456558048,424.5245867107267,335.87263644672544,152.25815301418177,1.9881939863901512,192.53800021189343,2.510661264766526,447.0662185406076,7.152456256383939,424.5245867107267,6.778863632640288,339.0558443164198,5.2063680234236385,22.54163182988094,0.3735926237436509,-0.5224672783763746,0.04346529138364197,183.89786456558048,424.5245867107267,335.87263644672544
experiment_2026_06_13_16_34,SEN_demand_CEL,2025-09-16,Independence Day,H2,G,seasonal_heat_cold,True,2025-09-16,12,True,True,21,False,2,24,21,euclidian,PCR,,7,{},2025-09-15 10:00:00,2025-09-17,681.4676271772288,12.69311864409768,151.510075,2.529,,14,24,4,4,21,4,0.09685681684892082,6421.204404980909,6188.946232962368,681.4676271772288,12.69311864409768,-11.166158227043928,-582.5790052440677,380.93240017283733,5.979711835773196,-4.484997436067052,-283.50098486983785,856.7798429297903,16.609272615620295,-15.063502021780442,-757.0411837957021,538.0720135087344,8.298799743633499,-8.298799743633499,-538.0720135087344,608.5414170896778,11.654931549577455,-11.654931549577455,-608.5414170896778,582.579005244067,10.418461936861261,-10.418461936861261,-582.579005244067,-283.50098486983785,-757.0411837957021,hourly_window_mean_factor_top_available_analogs,4,5602.361076776316,,5602.361076776316,0.0,254.57102863889648,-148.49976670602416,-7.658902751772027e-13,254.57102863889648,-148.49976670602416,-7.658902751772027e-13,538.0720135087344,608.5414170896779,582.5790052440669,380.93240017283733,5.979711835773196,538.0720135087344,8.298799743633499,856.7798429297903,16.609272615620295,608.5414170896778,11.654931549577455,582.579005244067,10.418461936861261,248.23842584011254,4.95434106604284,-2.319087907860302,2.274656707236419,538.0720135087344,608.5414170896779,582.5790052440669
experiment_2026_06_13_16_34,SEN_demand_CEL,2025-11-17,Mexican Revolution Day,H2,G,seasonal_heat_cold,True,2025-11-17,12,True,True,21,False,2,24,21,euclidian,PCR,,7,{},2025-11-16 10:00:00,2025-11-18,229.03423896392758,3.7126824207448443,193.234638,3.313,,14,24,4,4,21,4,0.09465758196425737,5920.331792236592,5734.071078927191,229.03423896392758,3.7126824207448443,3.6617248279544126,226.0762530265663,159.99476177727274,2.4681149002268348,2.3298014340813755,151.96594280443495,269.30726732280954,4.438680141047016,4.438680141047016,269.30726732280954,125.61859458603456,1.9605127393042527,0.2107910574317434,20.236784712694057,346.1492762096577,5.773001277706816,5.773001277706816,346.1492762096577,264.90113034832285,4.368400237242714,3.723765933394947,226.0762530265658,151.96594280443495,269.30726732280954,hourly_window_mean_factor_top_available_analogs,4,5831.649791184211,,5831.649791184211,0.0,131.72915809174089,-76.84200888684818,4.308132797871765e-13,131.72915809174089,-76.84200888684818,4.308132797871765e-13,-20.23678471269406,-346.1492762096577,-226.07625302656587,159.99476177727274,2.4681149002268348,125.61859458603456,1.9605127393042527,269.30726732280954,4.438680141047016,346.1492762096577,5.773001277706816,264.90113034832285,4.368400237242714,-76.84200888684819,-1.3343211366598,0.507602160922582,-0.6557178164978694,20.23678471269406,346.1492762096577,226.07625302656587
experiment_2026_06_13_16_34,SEN_demand_CEL,2025-12-24,Christmas Eve,H1,G,seasonal_heat_cold,True,2025-12-24,12,True,True,5,False,2,24,5,pearson,LassoReg,,2,{},2025-12-23 10:00:00,2025-12-25,501.9857846267115,7.8502133107265815,198.303538,3.385,,14,24,4,4,5,4,0.11366806032850188,6049.594002670888,5618.448107458259,501.9857846267115,7.8502133107265815,6.573324714534977,425.55248917121924,457.8697012503265,6.291999469764911,6.291999469764911,457.8697012503265,527.7201665962693,8.75917138462089,6.737431107317516,406.70078212507343,408.29071457703395,5.61354522022509,5.61354522022509,408.29071457703395,541.0904091237375,8.98857474944387,7.222955506697814,435.62185768449143,492.1642058696889,7.745142817626427,6.630014874839442,425.55248917121764,457.8697012503265,406.70078212507343,hourly_window_mean_factor_top_available_analogs,4,5695.8460771710525,,5695.8460771710525,0.0,49.57898667329255,-28.921075559418,1.675384976950131e-12,49.57898667329255,-28.921075559418,1.675384976950131e-12,-408.29071457703395,-435.62185768449143,-425.5524891712176,457.8697012503265,6.291999469764911,408.29071457703395,5.61354522022509,527.7201665962693,8.75917138462089,541.0904091237375,8.98857474944387,492.1642058696889,7.745142817626427,-13.370242527468122,-0.2294033648229803,0.6784542495398211,0.10507049310015404,408.29071457703395,435.62185768449143,425.5524891712176
experiment_2026_06_13_16_34,SEN_demand_CEL,2025-12-25,Christmas Day,H2,G,seasonal_heat_cold,True,2025-12-25,12,True,True,13,False,2,24,13,euclidian,PCR,standard,12,{},2025-12-24 10:00:00,2025-12-26,260.6198607417881,4.723980318018778,205.539075,3.481,,14,24,4,4,13,4,0.11309307476979273,5362.251447599835,4743.93542893557,260.6198607417881,4.723980318018778,2.38601281190688,119.39900134753464,168.72999739862377,2.6728928155968688,-2.3523164017248943,-148.3340381671432,314.22228102530056,5.920448027764891,5.150038186525415,275.5766077310967,269.5908545039588,4.279111753989462,3.226471333101124,208.10427886582804,201.26049662278265,3.81296755155349,0.8405797282007955,67.65425612852813,226.4348390000581,3.9847048892930594,1.7195924247430217,119.39900134753334,-148.3340381671432,275.5766077310967,hourly_window_mean_factor_top_available_analogs,4,5721.210021447368,,5721.210021447368,0.0,-356.4383170329712,207.9223516025686,1.2804728038118859e-12,-356.4383170329712,207.9223516025686,1.2804728038118859e-12,-208.104278865828,-67.65425612852812,-119.39900134753336,168.72999739862377,2.6728928155968688,269.5908545039588,4.279111753989462,314.22228102530056,5.920448027764891,201.26049662278265,3.81296755155349,226.4348390000581,3.9847048892930594,112.9617844025179,2.107480476211401,-1.6062189383925936,0.7392754287257182,208.104278865828,67.65425612852812,119.39900134753336
experiment_2026_06_13_16_34,SEN_demand_CEL,2025-12-31,New Year's Eve,H1,G,seasonal_heat_cold,True,2025-12-31,12,True,True,4,False,2,24,4,pearson,LassoReg,,2,{},2025-12-30 10:00:00,2026-01-01,157.4641649979614,2.5064780771789312,190.935489,3.152,,14,24,4,4,4,4,0.10194800777621114,6069.62563482871,5653.685082421733,157.4641649979614,2.5064780771789312,2.4319674536236486,152.6563878028692,170.9665534317241,2.4346223123814004,2.2323791913027784,157.91687247361668,149.58777174493318,2.54839393997749,2.54839393997749,149.58777174493318,150.37439362653225,2.1514097018031606,1.654943610347652,118.34677857390592,195.30540890416816,3.3594763762872826,2.9642459533976186,172.67032651976444,178.75187695977598,2.9143991804247116,2.4818714059581573,152.6563878028692,157.91687247361668,149.58777174493318,hourly_window_mean_factor_top_available_analogs,4,5982.607511973685,,5982.607511973685,0.0,39.570093899710756,-23.082554774831276,0.0,39.570093899710756,-23.082554774831276,0.0,-118.34677857390592,-172.67032651976444,-152.6563878028692,170.9665534317241,2.4346223123814004,150.37439362653225,2.1514097018031606,149.58777174493318,2.54839393997749,195.30540890416816,3.3594763762872826,178.75187695977598,2.9143991804247116,-45.71763715923498,-0.8110824363097926,0.28321261057823977,-0.40792110324578035,118.34677857390592,172.67032651976444,152.6563878028692
experiment_2026_06_13_16_34,SEN_demand_CEL,2026-01-01,New Year's Day,H3,G,seasonal_heat_cold,True,2026-01-01,12,True,True,2,False,2,24,2,pearson,LassoReg,,2,{},2025-12-31 10:00:00,2026-01-02,74.2555187405904,1.4001611902886377,185.887822,3.085,,14,24,2,4,2,2,0.13856995748908452,5312.235062955561,4860.444221100835,74.2555187405904,1.4001611902886377,0.7276917776259552,37.09098362338537,64.12149542267889,1.057498912788507,-0.130363764086649,-7.040941135092518,80.16703234270545,1.6000475188303807,1.2282241769583075,62.83460639916414,61.90870782219736,1.0219888929433458,-0.3354592056082358,-19.664248553772918,84.51673180371853,1.7076367177327871,1.402785810220667,70.19820239339548,76.18745981052652,1.4550296243893088,0.7623797517573867,37.090983623386066,-7.040941135092518,62.83460639916414,hourly_window_mean_factor_top_available_analogs,2,5356.303856052631,,5356.303856052631,0.0,12.6233074186804,-7.363595994231332,-6.9408806187934e-13,12.6233074186804,-7.363595994231332,-6.9408806187934e-13,19.664248553772918,-70.19820239339546,-37.090983623386066,64.12149542267889,1.057498912788507,61.90870782219736,1.0219888929433458,80.16703234270545,1.6000475188303807,84.51673180371853,1.7076367177327871,76.18745981052652,1.4550296243893088,-4.349699461013074,-0.10758919890240648,0.03551001984516122,-0.054868434100671104,19.664248553772918,70.19820239339546,37.090983623386066
experiment_2026_06_13_16_34,SEN_demand_CEL,2026-02-02,Constitution Day,H2,G,seasonal_heat_cold,True,2026-02-02,12,True,True,4,False,2,24,4,pearson,LassoReg,,2,{},2026-02-01 10:00:00,2026-02-03,135.25137013986588,2.2051303235923245,177.110076,2.957,,14,24,4,4,4,4,0.08837607808540741,6202.791742341309,6063.993444746161,135.25137013986588,2.2051303235923245,-1.6760888596843067,-105.73890892025615,170.45523966271594,2.8005030498219705,-2.619549634791998,-157.67357179013223,114.71577958487,1.8578295666250313,-1.1257367408714867,-75.44368891282845,159.07245161757731,2.5981654337451645,-2.5285955378473703,-154.44801262474434,140.60778991740392,2.3094531639053115,-1.1163972427778468,-77.32526509263869,147.4105600174678,2.4158208422673626,-1.6366808251718816,-105.73890892025656,-157.67357179013223,-75.44368891282845,hourly_window_mean_factor_top_available_analogs,4,6007.763928223685,,6007.763928223685,0.0,-3.2255591653878843,1.8815761798102433,4.0687920868788895e-13,-3.2255591653878843,1.8815761798102433,4.0687920868788895e-13,154.44801262474434,77.32526509263869,105.73890892025656,170.45523966271594,2.8005030498219705,159.07245161757731,2.5981654337451645,114.71577958487,1.8578295666250313,140.60778991740392,2.3094531639053115,147.4105600174678,2.4158208422673626,-25.892010332533914,-0.45162359728028023,0.202337616076806,-0.21069051867503807,154.44801262474434,77.32526509263869,105.73890892025656
experiment_2026_06_13_16_34,SEN_demand_CEL,2026-03-16,Benito Juarez's Birthday,H2,F,seasonal_heat_cold,True,2026-03-16,12,True,True,4,False,2,24,4,pearson,LassoReg,,2,{},2026-03-15 10:00:00,2026-03-17,108.70720071665762,1.6742564764261696,180.337566,3.015,,14,24,4,4,4,4,0.08247817994983773,6277.32793576094,6131.377855175267,108.70720071665762,1.6742564764261696,1.2013923730942726,80.25753187064028,84.51455946094165,1.2806257439881077,0.25632226566829097,21.983458235051785,122.81957478249194,1.9038744036817057,1.7526832690927618,114.25074149140023,62.76095540261882,0.9619880645366798,0.11545582035469057,10.854180877904387,131.79340386518754,2.2003971479650817,2.0355701147570984,120.7428199497341,106.36039653687276,1.744141169859881,1.3281595852404222,80.25753187063894,21.983458235051785,114.25074149140023,hourly_window_mean_factor_top_available_analogs,4,6067.8421579605265,,6067.8421579605265,0.0,11.129277357147398,-6.49207845833386,1.3403079815601047e-12,11.129277357147398,-6.49207845833386,1.3403079815601047e-12,-10.854180877904387,-120.7428199497341,-80.25753187063894,84.51455946094165,1.2806257439881077,62.76095540261882,0.9619880645366798,122.81957478249194,1.9038744036817057,131.79340386518754,2.2003971479650817,106.36039653687276,1.744141169859881,-8.973829082695602,-0.296522744283376,0.31863767945142785,-0.0698846934337114,10.854180877904387,120.7428199497341,80.25753187063894
experiment_2026_06_13_16_34,SEN_demand_CEL,2026-04-02,Maundy Thursday,H1,F,seasonal_heat_cold,True,2026-04-02,12,True,True,4,False,2,24,4,pearson,LassoReg,,2,{},2026-04-01 10:00:00,2026-04-03,97.70311463962078,1.4458177730696793,176.485877,2.943,,14,24,4,4,4,4,0.08573949272240498,6746.739549022795,6375.587612861542,97.70311463962078,1.4458177730696793,0.4150463644619067,24.614632292993853,109.23990237716895,1.5107917692848507,-0.8047593087881191,-55.89667101351727,90.97332179271768,1.4079162752774959,1.126599673857755,71.57955922179201,120.12016072705948,1.6718211890531747,-1.3491452866666198,-96.09751874819858,117.29620100860431,1.8566294833366694,1.538221295164852,95.03005373369137,118.33660722066675,1.7885422170216976,0.4744546597532571,24.614632292995076,-55.89667101351727,71.57955922179201,hourly_window_mean_factor_top_available_analogs,4,6703.887532894737,,6703.887532894737,0.0,40.20084773468131,-23.450494511899365,-1.2206376260636668e-12,40.20084773468131,-23.450494511899365,-1.2206376260636668e-12,96.09751874819858,-95.03005373369137,-24.614632292995076,109.23990237716895,1.5107917692848507,120.12016072705948,1.6718211890531747,90.97332179271768,1.4079162752774959,117.29620100860431,1.8566294833366694,118.33660722066675,1.7885422170216976,-26.32287921588663,-0.4487132080591736,-0.16102941976832397,-0.3427244439520183,96.09751874819858,95.03005373369137,24.614632292995076
experiment_2026_06_13_16_34,SEN_demand_CEL,2026-04-03,Good Friday,H2,F,seasonal_heat_cold,True,2026-04-03,12,True,True,4,False,2,24,4,pearson,LassoReg,,2,{},2026-04-02 10:00:00,2026-04-04,79.66095342712624,1.2902023855486688,173.538267,2.883,,14,24,4,4,4,4,0.08577571398035488,6305.010209895372,5966.912351040653,79.66095342712624,1.2902023855486688,-0.9460754140331189,-57.222546737479185,78.15586560015312,1.1498449066517573,-0.9478728945542132,-64.20697578918036,80.53892132619391,1.372077581571867,-0.9450268837291471,-53.14829645732016,111.78495815555814,1.6361025873614732,-1.54155981884433,-105.23720002136679,85.4036276309364,1.4506535961107543,-0.48177778937438437,-29.213998988541864,95.12306519263915,1.5189769086768086,-0.8722238002317333,-57.222546737477366,-64.20697578918036,-53.14829645732016,hourly_window_mean_factor_top_available_analogs,4,6241.818193289473,,6241.818193289473,0.0,41.03022423218642,-23.934297468778293,-1.8189894035458565e-12,41.03022423218642,-23.934297468778293,-1.8189894035458565e-12,105.23720002136679,29.213998988541864,57.222546737477366,78.15586560015312,1.1498449066517573,111.78495815555814,1.6361025873614732,80.53892132619391,1.372077581571867,85.4036276309364,1.4506535961107543,95.12306519263915,1.5189769086768086,-4.864706304742484,-0.07857601453888718,-0.48625768070971587,-0.22877452312813973,105.23720002136679,29.213998988541864,57.222546737477366
experiment_2026_06_13_16_34,SEN_demand_CEL,2026-04-04,Holy Saturday,H3,F,seasonal_heat_cold,True,2026-04-04,12,True,True,4,False,2,24,4,pearson,LassoReg,,2,{},2026-04-03 10:00:00,2026-04-05,90.49501225602796,1.4607641089490762,160.300174,2.682,,14,24,4,4,4,4,0.07468306187362668,6051.795696250638,5969.362574468178,90.49501225602796,1.4607641089490762,0.3544891926302082,23.588342433573274,72.82836252899675,1.1576636017361708,0.4814587791132748,32.514657122289854,100.8005579301295,1.6375727381566048,0.2804236005150862,18.381325531821933,74.13128452091587,1.2054195684562947,-0.14467250185100125,-6.202555957584601,139.51026663382672,2.304084787096173,0.7695067971057462,40.966366495081424,115.42327322380693,1.8993133907551651,0.4327038974901025,23.58834243357289,32.514657122289854,18.381325531821933,hourly_window_mean_factor_top_available_analogs,4,5790.753613421051,,5790.753613421051,0.0,38.717213079874455,-22.58504096325949,3.8294513758860134e-13,38.717213079874455,-22.58504096325949,3.8294513758860134e-13,6.2025559575846,-40.966366495081424,-23.58834243357289,72.82836252899675,1.1576636017361708,74.13128452091587,1.2054195684562947,100.8005579301295,1.6375727381566048,139.51026663382672,2.304084787096173,115.42327322380693,1.8993133907551651,-38.70970870369722,-0.6665120489395684,-0.047755966720123944,-0.438549281806089,6.2025559575846,40.966366495081424,23.58834243357289
experiment_2026_06_13_16_34,SEN_demand_CEL,2026-05-01,Labor Day,H2,F,seasonal_heat_cold,True,2026-05-01,12,True,True,2,False,2,24,2,pearson,LassoReg,,2,{},2026-04-30 10:00:00,2026-05-02,362.724582262911,5.433270945903695,141.030887,2.296,,14,24,2,4,2,2,0.08162405118194901,7499.046702080501,7128.486964087581,362.724582262911,5.433270945903695,-5.377108567949167,-358.31528602786864,108.28257842061716,1.3462566441679618,-1.193815904005669,-96.31448863978792,511.149084504249,7.817362621916208,-7.817362621916208,-511.149084504249,152.32711106711784,1.8886208744605792,-1.8480957972417011,-149.229560827065,486.5525500316465,7.404566883641109,-7.306410804885853,-480.28195906167167,363.4168619920833,5.372376248679862,-5.295452644174851,-358.3152860278692,-96.31448863978792,-511.149084504249,hourly_window_mean_factor_top_available_analogs,2,6630.977389342106,,6630.977389342106,0.0,52.91507218727708,-30.867125442577315,6.222858485814772e-13,52.91507218727708,-30.867125442577315,6.222858485814772e-13,149.229560827065,480.28195906167167,358.31528602786926,108.28257842061716,1.3462566441679618,152.32711106711784,1.8886208744605792,511.149084504249,7.817362621916208,486.5525500316465,7.404566883641109,363.4168619920833,5.372376248679862,24.596534472602514,0.41279573827509886,-0.5423642302926175,0.06089469722383356,149.229560827065,480.28195906167167,358.31528602786926
experiment_2026_06_13_16_34,SEN_demand_NES,2025-01-01,New Year's Day,H3,G,seasonal_heat_cold,True,2025-01-01,12,True,True,16,False,2,18,16,pearson,RidgeReg,standard,2,{},2024-12-31 10:00:00,2025-01-02,167.0971532473038,3.9266445682030913,319.111554,5.522,,14,24,4,4,16,4,0.08037496481155885,4192.8122909764425,3849.8402927920815,167.0971532473038,3.9266445682030913,-2.0673912931679257,-91.17684676591583,268.14519286391743,5.963156065864462,-5.963156065864462,-268.14519286391743,108.15246347094579,2.7386795279006235,0.20513815757172202,12.054688457918493,88.71206731313853,2.0225104325642103,-1.5188954531569767,-64.9201161092949,123.95180047961124,3.3010972814647714,-2.879149793089393,-106.49327298227861,110.96874089196339,2.830038968711933,-2.378003457324818,-91.1768467659162,-268.14519286391743,12.054688457918493,hourly_window_mean_factor_top_available_analogs,4,4361.834530657895,,4361.834530657895,0.0,-203.22507675462253,118.54796144019711,3.9491217313824517e-13,-203.22507675462253,118.54796144019711,3.9491217313824517e-13,64.9201161092949,106.49327298227863,91.17684676591622,268.14519286391743,5.963156065864462,88.71206731313853,2.0225104325642103,108.15246347094579,2.7386795279006235,123.95180047961124,3.3010972814647714,110.96874089196339,2.830038968711933,-15.799337008665447,-0.5624177535641479,3.9406456333002517,1.0966055994911583,64.9201161092949,106.49327298227863,91.17684676591622
experiment_2026_06_13_16_34,SEN_demand_NES,2025-02-03,Constitution Day,H2,G,seasonal_heat_cold,True,2025-02-03,12,True,True,16,False,2,19,16,pearson,RidgeReg,standard,2,{},2025-02-02 10:00:00,2025-02-04,106.32616533783111,2.239138172953951,312.34548,5.543,,14,24,4,4,16,4,0.05673730822383338,4848.814577001473,4907.303112455181,106.32616533783111,2.239138172953951,-0.7654924573778307,-30.32942805410441,100.11320740744188,2.111116849804901,0.1167088172402903,11.321394490598063,109.95039079722483,2.313817278124229,-1.2801098675717342,-54.62574120518085,181.42129140531844,3.9225997956761054,-3.7276717876757766,-171.6879565991941,101.14885971884966,1.9716682114874775,0.8859944775311845,52.12971359719828,130.722913498075,2.6904324793464456,-0.8137773043871693,-30.32942805410417,11.321394490598063,-54.62574120518085,hourly_window_mean_factor_top_available_analogs,4,4522.979179671052,,4522.979179671052,0.0,183.00935108979215,-106.75545480237913,-2.3934071099287584e-13,183.00935108979215,-106.75545480237913,-2.3934071099287584e-13,171.68795659919408,-52.12971359719828,30.329428054104174,100.11320740744188,2.111116849804901,181.42129140531844,3.9225997956761054,109.95039079722483,2.313817278124229,101.14885971884966,1.9716682114874775,130.722913498075,2.6904324793464456,8.801531078375163,0.3421490666367517,-1.8114829458712043,-0.4512943063924948,171.68795659919408,52.12971359719828,30.329428054104174
experiment_2026_06_13_16_34,SEN_demand_NES,2025-03-17,Benito Juarez's Birthday,H2,F,seasonal_heat_cold,True,2025-03-17,12,True,True,17,False,2,20,17,pearson,PCR,standard,9,{},2025-03-16 10:00:00,2025-03-18,392.17747115462186,7.81695597567882,268.122214,4.9,,14,24,4,4,17,4,0.04692321344118436,5591.538406515332,5531.8242863758705,392.17747115462186,7.81695597567882,-7.810315577150384,-391.7746112521745,392.2523846115532,7.444494857657695,-7.444494857657695,-392.2523846115532,392.13377163807854,8.034224961191141,-8.023710996854453,-391.49591012587024,431.38214625682576,8.392762718014518,-8.392762718014518,-431.38214625682576,371.5806753952767,7.66356947958013,-7.613732588846234,-368.6702158327943,393.6127962390054,7.932219620055958,-7.90074368906613,-391.77461125217434,-392.2523846115532,-391.49591012587024,hourly_window_mean_factor_top_available_analogs,4,5035.102095723684,,5035.102095723684,0.0,39.12976164527254,-22.82569429307595,-1.9147256879430067e-13,39.12976164527254,-22.82569429307595,-1.9147256879430067e-13,431.38214625682576,368.67021583279427,391.77461125217434,392.2523846115532,7.444494857657695,431.38214625682576,8.392762718014518,392.13377163807854,8.034224961191141,371.5806753952767,7.66356947958013,393.6127962390054,7.932219620055958,20.553096242801814,0.3706554816110108,-0.9482678603568235,-0.11526364437713799,431.38214625682576,368.67021583279427,391.77461125217434
experiment_2026_06_13_16_34,SEN_demand_NES,2025-04-17,Maundy Thursday,H1,F,seasonal_heat_cold,True,2025-04-17,12,True,True,18,False,2,21,18,pearson,RidgeReg,standard,2,{},2025-04-16 10:00:00,2025-04-18,410.61692173415287,5.710684288327277,312.998773,5.651,,14,24,4,4,18,4,0.0632963362273814,6854.25977129159,6508.031587775668,410.61692173415287,5.710684288327277,5.608754623495895,403.2905729189373,224.94211517956143,2.882889845613456,2.6062236124997065,205.05631125254766,518.9272255576647,7.360231046577006,7.360231046577006,518.9272255576647,318.1924138589701,4.067088691103784,4.067088691103784,318.1924138589701,452.9311657039159,6.393352956466576,6.393352956466576,452.9311657039159,403.2905729189358,5.536308227122391,5.536308227122391,403.2905729189358,205.05631125254766,518.9272255576647,hourly_window_mean_factor_top_available_analogs,4,5737.122406381579,,5737.122406381579,0.0,-113.13610260642243,65.99605985374869,1.4360442659572551e-12,-113.13610260642243,65.99605985374869,1.4360442659572551e-12,-318.1924138589701,-452.93116570391595,-403.2905729189359,224.94211517956143,2.882889845613456,318.1924138589701,4.067088691103784,518.9272255576647,7.360231046577006,452.9311657039159,6.393352956466576,403.2905729189358,5.536308227122391,65.99605985374876,0.9668780901104297,-1.1841988454903278,0.17437606120488613,318.1924138589701,452.93116570391595,403.2905729189359
experiment_2026_06_13_16_34,SEN_demand_NES,2025-04-18,Good Friday,H2,F,seasonal_heat_cold,True,2025-04-18,12,True,True,17,False,2,23,17,pearson,RidgeReg,standard,2,{},2025-04-17 10:00:00,2025-04-19,137.45172603590856,2.006852789644447,316.178223,5.557,,14,24,4,4,17,4,0.057899367757700645,6965.640437142856,6792.046993914776,137.45172603590856,2.006852789644447,-1.4613427490892033,-97.06186293233134,115.27377371262706,1.6329018740007852,-0.6051186362371989,-37.252772676710656,150.38886489115612,2.2249908237699167,-1.9608068149195395,-131.95049891477674,291.99849826668986,4.262855891647425,-3.7419342124579438,-253.1314322941967,149.52798135831134,2.2926656238588756,-0.28000813936000557,-6.021280804574455,202.01711916666133,3.018525196202026,-1.555454587343456,-97.06186293233003,-37.252772676710656,-131.95049891477674,hourly_window_mean_factor_top_available_analogs,4,5816.830866578948,,5816.830866578948,0.0,215.87865961748608,-125.92921811020229,-1.3163739104608172e-12,215.87865961748608,-125.92921811020229,-1.3163739104608172e-12,253.13143229419674,6.0212808045744595,97.06186293233002,115.27377371262706,1.6329018740007852,291.99849826668986,4.262855891647425,150.38886489115612,2.2249908237699167,149.52798135831134,2.2926656238588756,202.01711916666133,3.018525196202026,0.860883532844781,-0.06767480008895888,-2.6299540176466403,-1.011672406557579,253.13143229419674,6.0212808045744595,97.06186293233002
experiment_2026_06_13_16_34,SEN_demand_NES,2025-04-19,Holy Saturday,H3,F,seasonal_heat_cold,True,2025-04-19,12,True,True,21,False,2,24,21,pearson,RidgeReg,standard,2,{},2025-04-18 10:00:00,2025-04-20,241.5792472594203,3.6571402596498,284.464894,5.283,,14,24,4,4,21,4,0.058949823824129055,6755.432485068765,6677.8054416734785,241.5792472594203,3.6571402596498,-2.7857774969282794,-187.4401258582389,70.8481511567965,1.0203551218030684,-0.9895244906450236,-68.6430737464004,341.1723866526175,5.195264923393727,-3.8335917505935124,-256.73840625681134,323.6933793775003,4.9251249494133855,-4.776883875894275,-313.09083800122477,155.16347406332818,2.3793094645518225,-1.7636861352863022,-114.14387710816395,217.25343917907585,3.317241485290293,-2.873811618668187,-187.44012585823899,-68.6430737464004,-256.73840625681134,hourly_window_mean_factor_top_available_analogs,4,6117.239038289474,,6117.239038289474,0.0,244.44776425482436,-142.5945291486474,9.573628439715034e-14,244.44776425482436,-142.5945291486474,9.573628439715034e-14,313.09083800122477,114.14387710816393,187.44012585823899,70.8481511567965,1.0203551218030684,323.6933793775003,4.9251249494133855,341.1723866526175,5.195264923393727,155.16347406332818,2.3793094645518225,217.25343917907585,3.317241485290293,186.0089125892893,2.8159554588419042,-3.904769827610317,0.339898774359507,313.09083800122477,114.14387710816393,187.44012585823899
experiment_2026_06_13_16_34,SEN_demand_NES,2025-05-01,Labor Day,H2,F,seasonal_heat_cold,True,2025-05-01,12,True,True,10,False,2,24,10,pearson,RidgeReg,standard,2,{},2025-04-30 10:00:00,2025-05-02,389.42254274195733,4.892340777415473,231.104289,4.359,,14,24,4,4,10,4,0.06060846078541445,7440.582124882105,7083.598937623717,389.42254274195733,4.892340777415473,4.6186146948752045,369.21361143368523,474.4716169606619,5.466747534470119,5.466747534470119,474.4716169606619,339.8105827810463,4.557270169133596,4.123870538444837,307.81310820961556,513.1202977245933,5.913571579053782,5.913571579053782,513.1202977245933,299.74394644677955,3.9514061039581954,3.755127446949666,285.2680444306546,378.35628639123735,4.674309173730253,4.550343706145919,369.21361143368466,474.4716169606619,307.81310820961556,hourly_window_mean_factor_top_available_analogs,4,6614.66237118421,,6614.66237118421,0.0,-38.64868076393142,22.54506377896094,5.983517774821897e-13,-38.64868076393142,22.54506377896094,5.983517774821897e-13,-513.1202977245933,-285.26804443065464,-369.2136114336846,474.4716169606619,5.466747534470119,513.1202977245933,5.913571579053782,339.8105827810463,4.557270169133596,299.74394644677955,3.9514061039581954,378.35628639123735,4.674309173730253,40.066636334266775,0.6058640651754006,-0.4468240445836633,0.2180316036852199,513.1202977245933,285.26804443065464,369.2136114336846
experiment_2026_06_13_16_34,SEN_demand_NES,2025-09-16,Independence Day,H2,G,seasonal_heat_cold,True,2025-09-16,12,True,True,10,False,2,24,10,pearson,RidgeReg,standard,2,{},2025-09-15 10:00:00,2025-09-17,733.3034468948726,10.069567815425527,238.192734,4.242,,14,24,4,4,10,4,0.08579318324930585,6407.086865210391,6091.701033069476,733.3034468948726,10.069567815425527,10.069567815425527,733.3034468948726,428.32047469089673,5.73207929563748,5.73207929563748,428.32047469089673,911.2101806805254,12.599769451968555,12.599769451968555,911.2101806805254,1395.2116879193647,18.886722066434505,18.886722066434505,1395.2116879193647,442.65234017926196,6.3164397253597455,4.84886774216801,347.1903062972515,793.595257767721,10.947596377334655,10.020708809003034,733.3034468948723,428.32047469089673,911.2101806805254,hourly_window_mean_factor_top_available_analogs,4,4610.312772565789,,4610.312772565789,0.0,-966.8912132284682,564.0198743832738,4.547473508864641e-13,-966.8912132284682,564.0198743832738,4.547473508864641e-13,-1395.211687919365,-347.1903062972516,-733.3034468948722,428.32047469089673,5.73207929563748,1395.2116879193647,18.886722066434505,911.2101806805254,12.599769451968555,442.65234017926196,6.3164397253597455,793.595257767721,10.947596377334655,468.5578405012634,6.28332972660881,-13.154642770797025,-0.8780285619091277,1395.211687919365,347.1903062972516,733.3034468948722
experiment_2026_06_13_16_34,SEN_demand_NES,2025-11-17,Mexican Revolution Day,H2,G,seasonal_heat_cold,True,2025-11-17,12,True,True,7,False,2,24,7,pearson,RidgeReg,standard,2,{},2025-11-16 10:00:00,2025-11-18,243.48740131533296,4.0492828152954345,256.946192,4.225,,14,24,4,4,7,4,0.06949883351055873,5561.342599294893,5623.040900304729,243.48740131533296,4.0492828152954345,3.7169415689786667,226.3328291261598,306.99874079191875,5.125783701318771,4.70920671059662,285.98726100768334,206.43911995399125,3.4213239651151555,3.1381202363681933,191.53441052860435,333.0786420505293,5.566670920655626,5.509829023388646,330.2270080346373,203.8442352785298,3.387160983058506,2.659123038361019,165.72789142954718,251.45691145768748,4.190138328489025,3.70938313810804,226.33282912615937,285.98726100768334,191.53441052860435,hourly_window_mean_factor_top_available_analogs,4,5173.777103289473,,5173.777103289473,0.0,-44.23974702695393,25.80651909905718,4.547473508864641e-13,-44.23974702695393,25.80651909905718,4.547473508864641e-13,-330.22700803463727,-165.72789142954718,-226.33282912615934,306.99874079191875,5.125783701318771,333.0786420505293,5.566670920655626,206.43911995399125,3.4213239651151555,203.8442352785298,3.387160983058506,251.45691145768748,4.190138328489025,2.594884675461458,0.03416298205664958,-0.4408872193368545,-0.14085551319359002,330.22700803463727,165.72789142954718,226.33282912615934
experiment_2026_06_13_16_34,SEN_demand_NES,2025-12-24,Christmas Eve,H1,G,seasonal_heat_cold,True,2025-12-24,12,True,True,19,False,2,24,19,pearson,RidgeReg,standard,2,{},2025-12-23 10:00:00,2025-12-25,134.80220188148883,2.628002055901583,301.060045,4.969,,14,24,4,4,19,4,0.08011047304570988,5307.639912697616,4951.509447086156,134.80220188148883,2.628002055901583,-0.6361978324203208,-33.79405401340495,126.98701963644342,2.189238826423989,-1.5567038625512466,-90.98448874583255,139.36105819109864,2.8839472730968456,-0.09923598151061415,-0.4329670861555239,97.93790631466852,1.6814254132782516,-0.7172330106584148,-41.21134596513678,161.5679492194444,3.346009865906139,-0.6960382049828923,-29.4673003748948,138.12530183347434,2.7327419096748122,-0.7038468176001902,-33.794054013405,-90.98448874583255,-0.4329670861555239,hourly_window_mean_factor_top_available_analogs,4,4495.512945460526,,4495.512945460526,0.0,-49.77314278069577,29.034333288739276,4.786814219857517e-14,-49.77314278069577,29.034333288739276,4.786814219857517e-14,41.21134596513678,29.4673003748948,33.794054013405,126.98701963644342,2.189238826423989,97.93790631466852,1.6814254132782516,139.36105819109864,2.8839472730968456,161.5679492194444,3.346009865906139,138.12530183347434,2.7327419096748122,-22.20689102834575,-0.4620625928092932,0.5078134131457372,-0.10473985377322936,41.21134596513678,29.4673003748948,33.794054013405
experiment_2026_06_13_16_34,SEN_demand_NES,2025-12-25,Christmas Day,H2,G,seasonal_heat_cold,True,2025-12-25,12,True,True,19,False,2,24,19,pearson,RidgeReg,standard,2,{},2025-12-24 10:00:00,2025-12-26,366.4086819671927,8.588579818694976,303.238377,4.993,,14,24,4,4,19,4,0.06073151458835122,4872.32273591456,4690.567520435689,366.4086819671927,8.588579818694976,-8.588579818694976,-366.4086819671927,237.40340959262753,4.889323990213178,-4.889323990213178,-237.40340959262753,441.6617575190224,10.746479051976024,-10.746479051976024,-441.6617575190224,212.2128487415304,4.393265973507502,-4.393265973507502,-212.2128487415304,456.3562513488278,11.083709977984478,-11.083709977984478,-456.3562513488278,366.40868196719197,8.618809555282434,-8.618809555282434,-366.40868196719197,-237.40340959262753,-441.6617575190224,hourly_window_mean_factor_top_available_analogs,4,4667.567605592106,,4667.567605592106,0.0,-25.190560851097157,14.694493829805424,-7.898243462764903e-13,-25.190560851097157,14.694493829805424,-7.898243462764903e-13,212.21284874153037,456.3562513488278,366.4086819671919,237.40340959262753,4.889323990213178,212.2128487415304,4.393265973507502,441.6617575190224,10.746479051976024,456.3562513488278,11.083709977984478,366.40868196719197,8.618809555282434,-14.694493829805424,-0.33723092600845384,0.4960580167056765,-0.030229736587457978,212.21284874153037,456.3562513488278,366.4086819671919
experiment_2026_06_13_16_34,SEN_demand_NES,2025-12-31,New Year's Eve,H1,G,seasonal_heat_cold,True,2025-12-31,12,True,True,7,False,2,24,7,pearson,RidgeReg,standard,2,{},2025-12-30 10:00:00,2026-01-01,257.7481858884626,5.544467383371347,273.595484,4.434,,14,24,4,4,7,4,0.06091901723114386,4884.497226188486,4638.194203798568,257.7481858884626,5.544467383371347,-2.633506300574487,-116.94686829374766,248.3299149417746,4.944772217613419,-3.7088910623429037,-182.3504445711983,263.24217727403055,5.894289563396806,-2.0061985228762453,-78.79478213190146,236.92406587686705,4.6886866417000865,-2.6456566957025953,-128.51835698284054,325.4634210113218,7.290405920203522,-2.7655669541830576,-110.19683322511246,292.8436585933648,6.331877764965413,-2.7213894905323617,-116.94686829374912,-182.3504445711983,-78.79478213190146,hourly_window_mean_factor_top_available_analogs,4,5343.69277763158,,5343.69277763158,0.0,-53.832087588357744,31.402051093210996,1.4599783370565428e-12,-53.832087588357744,31.402051093210996,1.4599783370565428e-12,128.51835698284054,110.19683322511246,116.94686829374912,248.3299149417746,4.944772217613419,236.92406587686705,4.6886866417000865,263.24217727403055,5.894289563396806,325.4634210113218,7.290405920203522,292.8436585933648,6.331877764965413,-62.221243737291275,-1.3961163568067159,0.2560855759133327,-0.7874103815940661,128.51835698284054,110.19683322511246,116.94686829374912
experiment_2026_06_13_16_34,SEN_demand_NES,2026-01-01,New Year's Day,H3,G,seasonal_heat_cold,True,2026-01-01,12,True,True,7,False,2,24,7,pearson,RidgeReg,standard,2,{},2025-12-31 10:00:00,2026-01-02,578.5085906166706,14.809676877648096,285.688425,4.7,,14,24,4,4,7,4,0.0720254846805711,4637.95710456404,4496.6262924531175,578.5085906166706,14.809676877648096,-14.809676877648096,-578.5085906166706,486.0224996113322,11.213403168834532,-11.213403168834532,-486.0224996113322,632.4588103697846,16.907503207789343,-16.907503207789343,-632.4588103697846,660.0031579423695,15.138306836695552,-15.138306836695552,-660.0031579423695,530.9700930100139,14.085236829651555,-14.085236829651555,-530.9700930100139,578.5085906166712,14.473209990141456,-14.473209990141456,-578.5085906166712,-486.0224996113322,-632.4588103697846,hourly_window_mean_factor_top_available_analogs,4,4365.006508223683,,4365.006508223683,0.0,173.98065833103723,-101.4887173597706,7.060550974289837e-13,173.98065833103723,-101.4887173597706,7.060550974289837e-13,660.0031579423694,530.970093010014,578.5085906166713,486.0224996113322,11.213403168834532,660.0031579423695,15.138306836695552,632.4588103697846,16.907503207789343,530.9700930100139,14.085236829651555,578.5085906166712,14.473209990141456,101.4887173597707,2.8222663781377886,-3.9249036678610203,0.33646688750664033,660.0031579423694,530.970093010014,578.5085906166713
experiment_2026_06_13_16_34,SEN_demand_NES,2026-02-02,Constitution Day,H2,G,seasonal_heat_cold,True,2026-02-02,12,True,True,8,False,2,24,8,pearson,RidgeReg,standard,2,{},2026-02-01 10:00:00,2026-02-03,478.59477924153305,9.555692253816918,279.378067,5.198,,14,24,4,4,8,4,0.06426639524178371,5550.802312662585,5665.8752799428285,478.59477924153305,9.555692253816918,-9.555692253816918,-478.59477924153305,190.1681737535972,3.751115260121414,-3.751115260121414,-190.1681737535972,646.843632442829,12.941695500139295,-12.941695500139295,-646.843632442829,224.24209099022832,4.333173532465475,-3.9460965169827094,-204.01117646345236,638.7685475287454,12.697131876055797,-12.697131876055797,-638.7685475287454,486.04827406718647,9.615673538943572,-9.47306621744992,-478.5947792415322,-190.1681737535972,-646.843632442829,hourly_window_mean_factor_top_available_analogs,4,4371.069186447367,,4371.069186447367,0.0,13.843002709855162,-8.07508491408358,-8.855606306736407e-13,13.843002709855162,-8.07508491408358,-8.855606306736407e-13,204.01117646345236,638.7685475287453,478.59477924153214,190.1681737535972,3.751115260121414,224.24209099022832,4.333173532465475,646.843632442829,12.941695500139295,638.7685475287454,12.697131876055797,486.04827406718647,9.615673538943572,8.075084914083504,0.2445636240834972,-0.5820582723440606,-0.05998128512665346,204.01117646345236,638.7685475287453,478.59477924153214
experiment_2026_06_13_16_34,SEN_demand_NES,2026-03-16,Benito Juarez's Birthday,H2,F,seasonal_heat_cold,True,2026-03-16,12,True,True,4,False,2,24,4,pearson,LassoReg,,2,{},2026-03-15 10:00:00,2026-03-17,574.9400418566883,11.035122902780511,293.228727,5.551,,14,24,4,4,4,4,0.06501462224619042,5966.968773161779,5866.8098334874185,574.9400418566883,11.035122902780511,-7.706013428443968,-347.0494100038844,269.56031185706644,3.9441786696671985,3.6860985949785454,255.03231953931703,753.0782176898009,15.171507038763275,-14.351412108773767,-698.2637522374184,326.26406308481694,4.918695314324425,2.7027369864855855,203.1087866751565,740.6640338520066,14.964744995244061,-13.871767816679204,-667.9750247333241,587.990360411463,11.263568797010516,-7.765371310250074,-347.04941000388385,255.03231953931703,-698.2637522374184,hourly_window_mean_factor_top_available_analogs,4,6554.281399407894,,6554.281399407894,0.0,51.92353286416054,-30.288727504094407,-4.786814219857517e-13,51.92353286416054,-30.288727504094407,-4.786814219857517e-13,-203.1087866751565,667.9750247333241,347.04941000388396,269.56031185706644,3.9441786696671985,326.26406308481694,4.918695314324425,753.0782176898009,15.171507038763275,740.6640338520066,14.964744995244061,587.990360411463,11.263568797010516,12.414183837794326,0.20676204351921434,-0.9745166446572262,-0.2284458942300045,203.1087866751565,667.9750247333241,347.04941000388396
experiment_2026_06_13_16_34,SEN_demand_NES,2026-04-02,Maundy Thursday,H1,F,seasonal_heat_cold,True,2026-04-02,12,True,True,4,False,2,24,4,pearson,LassoReg,,2,{},2026-04-01 10:00:00,2026-04-03,202.96854310618454,2.7014048902218573,315.575114,6.085,,14,24,4,4,4,4,0.056584449636775114,7277.93774780398,7017.727062309931,202.96854310618454,2.7014048902218573,2.6512572358328286,199.1197337749691,153.6882595338115,1.9086335627695625,1.7725185008564845,143.24149134908384,231.7153751900688,3.1638548312356964,3.1638548312356964,231.7153751900688,180.5930748579482,2.2831208685805757,2.2831208685805757,180.5930748579482,225.5351184336951,3.04681221477268,2.8304846799606183,209.92695147656238,208.97752343210414,2.765452245122957,2.6288243283995496,199.11973377496767,143.24149134908384,231.7153751900688,hourly_window_mean_factor_top_available_analogs,4,6890.131907171052,,6890.131907171052,0.0,-37.35158350886435,21.788423713506443,1.4121101948579675e-12,-37.35158350886435,21.788423713506443,1.4121101948579675e-12,-180.59307485794818,-209.92695147656238,-199.11973377496767,153.6882595338115,1.9086335627695625,180.5930748579482,2.2831208685805757,231.7153751900688,3.1638548312356964,225.5351184336951,3.04681221477268,208.97752343210414,2.765452245122957,6.180256756373723,0.11704261646301628,-0.3744873058110132,-0.06404735490109958,180.59307485794818,209.92695147656238,199.11973377496767
experiment_2026_06_13_16_34,SEN_demand_NES,2026-04-03,Good Friday,H2,F,seasonal_heat_cold,True,2026-04-03,12,True,True,4,False,2,24,4,pearson,LassoReg,,2,{},2026-04-02 10:00:00,2026-04-04,96.51353246588458,1.3986498435140966,286.589734,5.523,,14,24,4,4,4,4,0.07611430282156094,7049.893577484246,6804.477923160662,96.51353246588458,1.3986498435140966,-0.3662500048886672,-28.241569589509037,62.310316071996375,0.8315905383299492,-0.5239947395393486,-40.095333467532136,116.4654086956527,1.729434438204849,-0.27423224300910304,-21.326873993995566,211.61612811345853,2.822270806889765,-2.822270806889765,-211.61612811345853,120.09577937938609,1.7951028398106066,1.209174082280392,78.72692288279511,153.81380259720225,2.1735331434713485,-0.27609508741387634,-28.24156958950887,-40.095333467532136,-21.326873993995566,hourly_window_mean_factor_top_available_analogs,4,6888.961004473683,,6888.961004473683,0.0,171.5207946459264,-100.05379687679067,-1.6753849769501309e-13,171.5207946459264,-100.05379687679067,-1.6753849769501309e-13,211.61612811345853,-78.72692288279511,28.24156958950887,62.310316071996375,0.8315905383299492,211.61612811345853,2.822270806889765,116.4654086956527,1.729434438204849,120.09577937938609,1.7951028398106066,153.81380259720225,2.1735331434713485,-3.630370683733389,-0.0656684016057576,-1.9906802685598155,-0.7748832999572519,211.61612811345853,78.72692288279511,28.24156958950887
experiment_2026_06_13_16_34,SEN_demand_NES,2026-04-04,Holy Saturday,H3,F,seasonal_heat_cold,True,2026-04-04,12,True,True,21,False,2,24,21,pearson,RidgeReg,standard,2,{},2026-04-03 10:00:00,2026-04-05,309.99766582281904,4.781104182776698,293.227338,5.569,,14,24,4,4,21,4,0.06318688879961444,6752.272012248367,6542.544143670363,309.99766582281904,4.781104182776698,-4.774060127043263,-309.5721046167889,306.1020412392324,4.465685796233012,-4.465685796233012,-306.1020412392324,312.27011349657795,4.9650982415938465,-4.953945153349243,-311.5963082536969,393.694917841296,5.866510846941407,-5.866510846941407,-393.694917841296,260.5004635691584,4.169627434770704,-4.169627434770704,-260.5004635691584,309.572104616788,4.794795007675699,-4.794795007675699,-309.572104616788,-306.1020412392324,-311.5963082536969,hourly_window_mean_factor_top_available_analogs,4,6110.189575986842,,6110.189575986842,0.0,87.59287660206357,-51.09584468453852,-9.094947017729282e-13,87.59287660206357,-51.09584468453852,-9.094947017729282e-13,393.69491784129593,260.5004635691584,309.572104616788,306.1020412392324,4.465685796233012,393.694917841296,5.866510846941407,312.27011349657795,4.9650982415938465,260.5004635691584,4.169627434770704,309.572104616788,4.794795007675699,51.76964992741955,0.7954708068231424,-1.400825050708395,-0.013690824899001086,393.69491784129593,260.5004635691584,309.572104616788
experiment_2026_06_13_16_34,SEN_demand_NES,2026-05-01,Labor Day,H2,F,seasonal_heat_cold,True,2026-05-01,12,True,True,21,False,2,24,21,pearson,RidgeReg,standard,2,{},2026-04-30 10:00:00,2026-05-02,1099.3513096766892,14.936059408045265,295.253503,5.856,,14,24,4,4,21,4,0.062402128457086904,8966.366051255638,8643.83687744858,1099.3513096766892,14.936059408045265,-14.936059408045265,-1099.3513096766892,560.6444649248728,6.2400030521583,-6.2400030521583,-560.6444649248728,1413.5969691152484,20.008758948979324,-20.008758948979324,-1413.5969691152484,582.8546857225226,6.493904676157226,-6.493904676157226,-582.8546857225226,1400.6410069832884,19.815970607265573,-19.815970607265573,-1400.6410069832884,1099.3513096766906,14.907841053699341,-14.907841053699341,-1099.3513096766906,-560.6444649248728,-1413.5969691152484,hourly_window_mean_factor_top_available_analogs,4,7239.3941656578945,,7239.3941656578945,0.0,22.210220797649786,-12.955962131959987,1.507846479255118e-12,22.210220797649786,-12.955962131959987,1.507846479255118e-12,582.8546857225225,1400.6410069832884,1099.3513096766908,560.6444649248728,6.2400030521583,582.8546857225226,6.493904676157226,1413.5969691152484,20.008758948979324,1400.6410069832884,19.815970607265573,1099.3513096766906,14.907841053699341,12.95596213195995,0.1927883417137508,-0.25390162399892624,0.028218354345924013,582.8546857225225,1400.6410069832884,1099.3513096766908
experiment_2026_06_13_16_34,SEN_demand_NOR,2025-01-01,New Year's Day,H3,G,seasonal_heat_cold,True,2025-01-01,12,True,True,4,False,2,18,4,pearson,RidgeReg,,2,{},2024-12-31 10:00:00,2025-01-02,67.01876787770072,3.843694367780228,69.549372,3.06,,14,24,4,4,4,4,0.07943557046480262,1917.889932621215,1820.284978701501,67.01876787770072,3.843694367780228,-3.405177740351091,-57.41137551595165,31.55177454719431,1.5119456362611217,-0.4421949562537459,-7.812466483581359,87.70784732049616,5.203881127833041,-5.133584364407876,-86.34407245150096,41.85977332783692,2.0313250952497315,-1.0485101140091169,-20.11845431344383,82.40566717392362,4.922995781076583,-4.7526500175621,-79.165579550748,67.4677062832601,3.8576434231403747,-3.3879668952004747,-57.41137551595174,-7.812466483581359,-86.34407245150096,hourly_window_mean_factor_top_available_analogs,4,1907.1202422368422,,1907.1202422368422,0.0,12.305987829862472,-7.178492900752957,9.573628439715034e-14,12.305987829862472,-7.178492900752957,9.573628439715034e-14,20.11845431344383,79.165579550748,57.41137551595174,31.55177454719431,1.5119456362611217,41.85977332783692,2.0313250952497315,87.70784732049616,5.203881127833041,82.40566717392362,4.922995781076583,67.4677062832601,3.8576434231403747,5.302180146572539,0.2808853467564578,-0.5193794589886098,-0.013949055360146456,20.11845431344383,79.165579550748,57.41137551595174
experiment_2026_06_13_16_34,SEN_demand_NOR,2025-02-03,Constitution Day,H2,G,seasonal_heat_cold,True,2025-02-03,12,True,True,4,False,2,19,4,pearson,LassoReg,,2,{},2025-02-02 10:00:00,2025-02-04,58.84243420760523,3.0255408430817545,72.148519,3.265,,14,24,4,4,4,4,0.059344160376330245,1981.103919065472,2019.8187769201606,58.84243420760523,3.0255408430817545,-1.6994743988199965,-33.36349011810318,35.156763128938486,1.8275874131753511,1.7717357926779909,34.00037082828136,72.65907567016083,3.724347010527156,-3.724347010527156,-72.65907567016083,64.35801498923236,3.27497214391788,-3.27497214391788,-64.35801498923236,32.17326152049381,1.7189972801158373,-0.9299924809239702,-15.283350609945055,44.03080227213432,2.292251177306064,-1.7939323567638321,-33.363490118103535,34.00037082828136,-72.65907567016083,hourly_window_mean_factor_top_available_analogs,4,1905.0665176973682,,1905.0665176973682,0.0,98.35838581751372,-57.37572506021578,3.5302754871449187e-13,98.35838581751372,-57.37572506021578,3.5302754871449187e-13,64.35801498923236,15.283350609945053,33.363490118103535,35.156763128938486,1.8275874131753511,64.35801498923236,3.27497214391788,72.65907567016083,3.724347010527156,32.17326152049381,1.7189972801158373,44.03080227213432,2.292251177306064,40.48581414966702,2.005349730411319,-1.4473847307425287,0.7332896657756907,64.35801498923236,15.283350609945053,33.363490118103535
experiment_2026_06_13_16_34,SEN_demand_NOR,2025-03-17,Benito Juarez's Birthday,H2,F,seasonal_heat_cold,True,2025-03-17,12,True,True,4,False,2,20,4,pearson,LassoReg,,2,{},2025-03-16 10:00:00,2025-03-18,64.50646916100084,2.987487722338386,72.930161,3.33,,14,24,4,4,4,4,0.05812826142213516,2122.4711368306644,2083.4734546201903,64.50646916100084,2.987487722338386,-0.3391527804714444,-3.071978935927315,90.51778724420019,4.430545167896054,-4.230906036316474,-86.0393449057618,49.33320027913456,2.1457042124297474,1.9310366187714898,45.3256512131428,75.52238327569285,3.6636975211307146,-3.6636975211307146,-75.52238327569285,55.845023279474844,2.467602810150432,1.6064974480403054,39.19075692893565,63.094576962292,2.908269282616852,-0.33515333007533366,-3.0719789359274823,-86.0393449057618,45.3256512131428,hourly_window_mean_factor_top_available_analogs,4,2107.946535723684,,2107.946535723684,0.0,-10.516961630068945,6.134894284207149,1.6753849769501309e-13,-10.516961630068945,6.134894284207149,1.6753849769501309e-13,75.52238327569285,-39.19075692893565,3.0719789359274823,90.51778724420019,4.430545167896054,75.52238327569285,3.6636975211307146,49.33320027913456,2.1457042124297474,55.845023279474844,2.467602810150432,63.094576962292,2.908269282616852,-6.511823000340286,-0.3218985977206845,0.7668476467653393,0.0792184397215343,75.52238327569285,39.19075692893565,3.0719789359274823
experiment_2026_06_13_16_34,SEN_demand_NOR,2025-04-17,Maundy Thursday,H1,F,seasonal_heat_cold,True,2025-04-17,12,True,True,4,False,2,21,4,pearson,RidgeReg,,2,{},2025-04-16 10:00:00,2025-04-18,171.75728780458007,5.774344818165628,74.905282,3.421,,14,24,4,4,4,4,0.07170821679856598,3187.9303544954623,3118.9309148391676,171.75728780458007,5.774344818165628,-4.740472124347744,-137.47857054809398,58.27087003100181,1.7491789781222593,1.0570469050977092,34.77136252231747,237.9576981725007,8.12235822485759,-8.12235822485759,-237.9576981725007,54.69954677859216,1.60673705193267,0.7248060430098159,27.054174629252007,233.45600523487906,8.173828194444923,-8.173828194444923,-233.45600523487906,167.59836264572073,5.754373562993041,-4.8953840016984405,-137.47857054809393,34.77136252231747,-237.9576981725007,hourly_window_mean_factor_top_available_analogs,4,2592.069390986842,,2592.069390986842,0.0,7.717187893065459,-4.501692937621613,-5.983517774821896e-14,7.717187893065459,-4.501692937621613,-5.983517774821896e-14,-27.05417462925201,233.4560052348791,137.47857054809393,58.27087003100181,1.7491789781222593,54.69954677859216,1.60673705193267,237.9576981725007,8.12235822485759,233.45600523487906,8.173828194444923,167.59836264572073,5.754373562993041,4.501692937621641,-0.05146996958733219,0.14244192618958929,0.01997125517258702,27.05417462925201,233.4560052348791,137.47857054809393
experiment_2026_06_13_16_34,SEN_demand_NOR,2025-04-18,Good Friday,H2,F,seasonal_heat_cold,True,2025-04-18,12,True,True,4,False,2,23,4,pearson,LassoReg,,2,{},2025-04-17 10:00:00,2025-04-19,379.08003417682346,14.791103449008787,83.72004,3.646,,14,24,4,4,4,4,0.06047617593265241,3038.9072528610336,3000.4746549433203,379.08003417682346,14.791103449008787,-14.791103449008787,-379.08003417682346,172.720742148543,5.843533713727998,-5.843533713727998,-172.720742148543,499.45628785998707,20.010519127922578,-20.010519127922578,-499.45628785998707,196.98142795375387,6.85880913585329,-6.85880913585329,-196.98142795375387,485.30422114028016,19.615419022062834,-19.615419022062834,-485.30422114028016,379.0800341768231,14.915615379775108,-14.915615379775108,-379.0800341768231,-172.720742148543,-499.45628785998707,hourly_window_mean_factor_top_available_analogs,4,2233.4872269078946,,2233.4872269078946,0.0,24.26068580521087,-14.152066719706928,-3.7097810203895756e-13,24.26068580521087,-14.152066719706928,-3.7097810203895756e-13,196.98142795375387,485.30422114028016,379.08003417682306,172.720742148543,5.843533713727998,196.98142795375387,6.85880913585329,499.45628785998707,20.010519127922578,485.30422114028016,19.615419022062834,379.0800341768231,14.915615379775108,14.152066719706909,0.3951001058597434,-1.015275422125292,-0.12451193076632094,196.98142795375387,485.30422114028016,379.08003417682306
experiment_2026_06_13_16_34,SEN_demand_NOR,2025-04-19,Holy Saturday,H3,F,seasonal_heat_cold,True,2025-04-19,12,True,True,4,False,2,24,4,pearson,RidgeReg,,2,{},2025-04-18 10:00:00,2025-04-20,220.88500792243036,9.004116802490412,106.091216,4.553,,14,24,4,4,4,4,0.056955959153094204,2655.8702858171673,2553.980945131614,220.88500792243036,9.004116802490412,-9.004116802490412,-220.88500792243036,355.8908584209722,14.299132138173123,-14.299132138173123,-355.8908584209722,142.1315951316142,5.9153578566755,-5.9153578566755,-142.1315951316142,281.00944888717106,11.365186444121928,-11.365186444121928,-281.00944888717106,185.8124173596651,7.881823890916491,-7.881823890916491,-185.8124173596651,220.88500792243045,9.165167989465862,-9.165167989465862,-220.88500792243045,-355.8908584209722,-142.1315951316142,hourly_window_mean_factor_top_available_analogs,4,2027.8171732894734,,2027.8171732894734,0.0,-74.88140953380123,43.68082222805091,1.1967035549643792e-13,-74.88140953380123,43.68082222805091,1.1967035549643792e-13,281.009448887171,185.81241735966512,220.88500792243047,355.8908584209722,14.299132138173123,281.00944888717106,11.365186444121928,142.1315951316142,5.9153578566755,185.8124173596651,7.881823890916491,220.88500792243045,9.165167989465862,-43.680822228050886,-1.966466034240991,2.9339456940511948,-0.16105118697545073,281.009448887171,185.81241735966512,220.88500792243047
experiment_2026_06_13_16_34,SEN_demand_NOR,2025-05-01,Labor Day,H2,F,seasonal_heat_cold,True,2025-05-01,12,True,True,24,False,2,24,24,pearson,RidgeReg,standard,2,{},2025-04-30 10:00:00,2025-05-02,105.77951639313622,3.492155916762025,119.560241,5.137,,14,24,4,4,24,4,0.07304741800077315,2775.166484151045,2681.1272197138064,105.77951639313622,3.492155916762025,2.8585881806397793,90.89054479632352,131.41365538511783,4.101806136336323,4.101806136336323,131.41365538511783,90.8262686478136,3.136526622010352,2.1333777064834627,67.25206361952684,139.72986164537383,4.336895609428283,3.818596505991394,126.36206639452313,133.47410615528625,4.661071562949346,1.9286219887399378,70.1988238640401,135.77885817795007,4.541638316915271,2.6249283898325793,90.89054479632331,131.41365538511783,67.25206361952684,hourly_window_mean_factor_top_available_analogs,4,2677.131716973684,,2677.131716973684,0.0,5.051588990594707,-2.946760244513257,2.0343960434394448e-13,5.051588990594707,-2.946760244513257,2.0343960434394448e-13,-126.36206639452313,-70.1988238640401,-90.89054479632333,131.41365538511783,4.101806136336323,139.72986164537383,4.336895609428283,90.8262686478136,3.136526622010352,133.47410615528625,4.661071562949346,135.77885817795007,4.541638316915271,-42.647837507472644,-1.5245449409389944,-0.2350894730919597,-1.049482400153246,126.36206639452313,70.1988238640401,90.89054479632333
experiment_2026_06_13_16_34,SEN_demand_NOR,2025-09-16,Independence Day,H2,G,seasonal_heat_cold,True,2025-09-16,12,True,True,16,False,2,24,16,euclidian,PCR,standard,13,{},2025-09-15 10:00:00,2025-09-17,630.912931388453,15.73774389241504,110.590611,4.731,,14,24,4,4,16,4,0.0926064493924813,3470.887162032599,3036.7111302128524,630.912931388453,15.73774389241504,15.73774389241504,630.912931388453,187.91476199069112,4.128436454618326,4.128436454618326,187.91476199069112,889.3285302038144,22.509839897796457,22.509839897796457,889.3285302038144,770.4037287620591,17.474038804676866,17.474038804676866,770.4037287620591,549.5432995871837,14.065571138329284,14.065571138329284,549.5432995871837,630.9129313884537,15.321322383825763,15.321322383825763,630.9129313884537,187.91476199069112,889.3285302038144,hourly_window_mean_factor_top_available_analogs,4,4010.973664078947,,4010.973664078947,0.0,-582.488966771368,339.78523061663054,-5.385165997339706e-13,-582.488966771368,339.78523061663054,-5.385165997339706e-13,-770.4037287620591,-549.5432995871838,-630.9129313884536,187.91476199069112,4.128436454618326,770.4037287620591,17.474038804676866,889.3285302038144,22.509839897796457,549.5432995871837,14.065571138329284,630.9129313884537,15.321322383825763,339.78523061663066,8.444268759467173,-13.34560235005854,0.41642150858927707,770.4037287620591,549.5432995871838,630.9129313884536
experiment_2026_06_13_16_34,SEN_demand_NOR,2025-11-17,Mexican Revolution Day,H2,G,seasonal_heat_cold,True,2025-11-17,12,True,True,13,False,2,24,13,euclidian,PCR,standard,12,{},2025-11-16 10:00:00,2025-11-18,103.2058021230818,3.9864468744053947,120.21135,4.856,,14,24,4,4,13,4,0.06350528362841314,2559.258267968703,2477.1891594246554,103.2058021230818,3.9864468744053947,1.1158451478437903,29.599182294454774,71.19807361556549,2.6773055655093048,-1.805723609627101,-46.60226332992784,121.87697708579964,4.750112637928114,2.8200935897018105,74.05002557534463,77.7104299358482,3.111755644877484,-1.1354357140666367,-22.24998422190671,90.11728977499358,3.34812440345954,1.9779672199724991,59.84452942899926,85.54634141320317,3.2610411766135194,0.830924033747554,29.599182294454952,-46.60226332992784,74.05002557534463,hourly_window_mean_factor_top_available_analogs,4,2293.22104743421,,2293.22104743421,0.0,-24.352279108021126,14.205496146345373,-1.795055332446569e-13,-24.352279108021126,14.205496146345373,-1.795055332446569e-13,22.24998422190671,-59.84452942899926,-29.599182294454955,71.19807361556549,2.6773055655093048,77.7104299358482,3.111755644877484,121.87697708579964,4.750112637928114,90.11728977499358,3.34812440345954,85.54634141320317,3.2610411766135194,31.759687310806058,1.4019882344685737,-0.43445007936817914,0.7254056977918752,22.24998422190671,59.84452942899926,29.599182294454955
experiment_2026_06_13_16_34,SEN_demand_NOR,2025-12-24,Christmas Eve,H1,G,seasonal_heat_cold,True,2025-12-24,12,True,True,24,False,2,24,24,euclidian,PCR,minmax,8,{},2025-12-23 10:00:00,2025-12-25,382.7764066144741,16.796906218682874,102.844124,3.991,,14,24,4,4,24,4,0.05903779068057342,1920.0486623328945,1710.9843810048085,382.7764066144741,16.796906218682874,16.796906218682874,382.7764066144741,147.78888396181534,5.969743932253772,5.969743932253772,147.78888396181534,519.8524614951917,23.112750885766516,23.112750885766516,519.8524614951917,406.92327067830735,16.66232278062728,16.66232278062728,406.92327067830735,368.690735910571,16.496460677192747,16.496460677192747,368.690735910571,382.77640661447384,16.55756776793179,16.55756776793179,382.77640661447384,147.78888396181534,519.8524614951917,hourly_window_mean_factor_top_available_analogs,4,2076.1723223026315,,2076.1723223026315,0.0,-259.13438671649203,151.16172558462074,2.5729126431734153e-13,-259.13438671649203,151.16172558462074,2.5729126431734153e-13,-406.9232706783074,-368.690735910571,-382.77640661447384,147.78888396181534,5.969743932253772,406.92327067830735,16.66232278062728,519.8524614951917,23.112750885766516,368.690735910571,16.496460677192747,382.77640661447384,16.55756776793179,151.16172558462074,6.616290208573769,-10.69257884837351,0.2393384507510845,406.9232706783074,368.690735910571,382.77640661447384
experiment_2026_06_13_16_34,SEN_demand_NOR,2025-12-25,Christmas Day,H2,G,seasonal_heat_cold,True,2025-12-25,12,True,True,15,False,2,24,15,euclidian,RidgeReg,standard,2,{},2025-12-24 10:00:00,2025-12-26,53.14417185231556,2.620340129739768,136.875563,5.528,,14,24,4,4,15,4,0.05903779068057342,2140.2887845594582,2023.1272363072858,53.14417185231556,2.620340129739768,-1.8130190153798056,-35.829549822616606,44.54109480581925,1.9836214523147617,-1.8637818175335696,-41.58607942032609,58.16263346277174,2.991759358237688,-1.7834073807901092,-32.471574223952736,73.8795694434011,3.2050085020471397,2.0375485259263675,48.61492313785178,86.10056685756506,4.5133139148644075,-4.467882745521675,-85.08882571622242,81.59809412603096,4.031306657510678,-2.0711449086723968,-35.82954982261614,-41.58607942032609,-32.471574223952736,hourly_window_mean_factor_top_available_analogs,4,2076.172322302631,,2076.172322302631,0.0,-90.20100255817786,52.61725149226968,-4.667143864361079e-13,-90.20100255817786,52.61725149226968,-4.667143864361079e-13,-48.614923137851775,85.08882571622242,35.82954982261614,44.54109480581925,1.9836214523147617,73.8795694434011,3.2050085020471397,58.16263346277174,2.991759358237688,86.10056685756506,4.5133139148644075,81.59809412603096,4.031306657510678,-27.93793339479332,-1.5215545566267195,-1.221387049732378,-1.4109665277709098,48.614923137851775,85.08882571622242,35.82954982261614
experiment_2026_06_13_16_34,SEN_demand_NOR,2025-12-31,New Year's Eve,H1,G,seasonal_heat_cold,True,2025-12-31,12,True,True,24,False,2,24,24,pearson,RidgeReg,standard,2,{},2025-12-30 10:00:00,2026-01-01,120.89409339031985,5.24620199998828,143.425031,5.643,,14,24,4,4,24,4,0.08088124914176763,2202.483710309908,2093.8977864235667,120.89409339031985,5.24620199998828,5.206897088030078,120.06467732167094,72.32743302779237,2.898891582257826,2.898891582257826,72.32743302779237,149.2246452684609,6.615466410331044,6.5532336330638925,147.9114031597668,64.09518338923183,2.5877363363794665,1.9951265905380946,50.48804610771247,174.47500098117598,7.781769454926246,7.13534302592528,160.65104552981333,133.80875239467025,5.86817830598796,5.241579076045792,120.06467732167091,72.32743302779237,147.9114031597668,hourly_window_mean_factor_top_available_analogs,4,2041.0247315789475,,2041.0247315789475,0.0,21.839386920079896,-12.73964237004653,4.786814219857517e-14,21.839386920079896,-12.73964237004653,4.786814219857517e-14,-50.48804610771247,-160.65104552981333,-120.0646773216709,72.32743302779237,2.898891582257826,64.09518338923183,2.5877363363794665,149.2246452684609,6.615466410331044,174.47500098117598,7.781769454926246,133.80875239467025,5.86817830598796,-25.250355712715077,-1.1663030445952014,0.3111552458783593,-0.6219763059996799,50.48804610771247,160.65104552981333,120.0646773216709
experiment_2026_06_13_16_34,SEN_demand_NOR,2026-01-01,New Year's Day,H3,G,seasonal_heat_cold,True,2026-01-01,12,True,True,17,False,2,24,17,euclidian,PCR,,6,{},2025-12-31 10:00:00,2026-01-02,162.48959104356126,8.240141150721374,143.398926,5.736,,14,24,4,4,17,4,0.0645553926485421,2227.731691306719,2128.71089600143,162.48959104356126,8.240141150721374,-8.240141150721374,-162.48959104356126,106.46752468721517,4.691310225698506,-4.691310225698506,-106.46752468721517,195.16912975142975,10.310292523651379,-10.310292523651379,-195.16912975142975,85.60036096269639,3.789279462657205,-3.789279462657205,-85.60036096269639,207.34164192406536,10.95226082972745,-10.95226082972745,-207.34164192406536,162.489591043561,8.313267694491044,-8.313267694491044,-162.489591043561,-106.46752468721517,-195.16912975142975,hourly_window_mean_factor_top_available_analogs,4,2158.8392375,,2158.8392375,0.0,-20.8671637245188,12.172512172635587,-2.3934071099287584e-13,-20.8671637245188,12.172512172635587,-2.3934071099287584e-13,85.60036096269637,207.34164192406533,162.48959104356103,106.46752468721517,4.691310225698506,85.60036096269639,3.789279462657205,195.16912975142975,10.310292523651379,207.34164192406536,10.95226082972745,162.489591043561,8.313267694491044,-12.172512172635606,-0.6419683060760715,0.9020307630413007,-0.07312654376966954,85.60036096269637,207.34164192406533,162.48959104356103
experiment_2026_06_13_16_34,SEN_demand_NOR,2026-02-02,Constitution Day,H2,G,seasonal_heat_cold,True,2026-02-02,12,True,True,14,False,2,24,14,pearson,RidgeReg,minmax,2,{},2026-02-01 10:00:00,2026-02-03,71.08816666862445,3.39141596161089,149.653542,6.059,,14,24,4,4,14,4,0.06486060407107397,2007.4971840885141,1976.1135711034124,71.08816666862445,3.39141596161089,1.3699909404385047,32.564828543064756,70.03545016863394,3.537729599200496,-1.7575536577946482,-30.790522777260453,71.70225129361891,3.306066339683619,3.1943919560745098,69.52211681325447,93.13169998610408,4.720848845466785,-4.211976861897988,-81.96774385903052,99.3754957776204,4.789614485363397,4.789614485363397,99.3754957776204,97.07514995969332,4.764279775927802,1.473238725846045,32.56482854306479,-30.790522777260453,69.52211681325447,hourly_window_mean_factor_top_available_analogs,4,1915.2930076973685,,1915.2930076973685,0.0,51.17722108177007,-29.85337896436592,-2.991758887410948e-14,51.17722108177007,-29.85337896436592,-2.991758887410948e-14,81.96774385903052,-99.37549577762039,-32.564828543064785,70.03545016863394,3.537729599200496,93.13169998610408,4.720848845466785,71.70225129361891,3.306066339683619,99.3754957776204,4.789614485363397,97.07514995969332,4.764279775927802,-27.673244484001486,-1.4835481456797779,-1.1831192462662887,-1.3728638143169123,81.96774385903052,99.37549577762039,32.564828543064785
experiment_2026_06_13_16_34,SEN_demand_NOR,2026-03-16,Benito Juarez's Birthday,H2,F,seasonal_heat_cold,True,2026-03-16,12,True,True,14,False,2,24,14,pearson,RidgeReg,minmax,2,{},2026-03-15 10:00:00,2026-03-17,117.16423446116072,4.708456555722897,123.264276,5.078,,14,24,4,4,14,4,0.06447988007876615,2448.7700202927044,2385.4464959281454,117.16423446116072,4.708456555722897,0.19109807273564652,16.124760759926534,150.5613704805748,6.614415446801137,-5.447665544804983,-118.73722420337887,97.68257178316918,3.596647202593926,3.480376849634348,94.79425198852135,167.65055551601114,7.401384591733484,-6.069238437371895,-131.40782122657492,113.21650494345583,4.082796877785044,3.5659507138762803,102.18543358538675,133.2711551543973,5.305434456608155,0.01614418446905799,16.12476075992718,-118.73722420337887,94.79425198852135,hourly_window_mean_factor_top_available_analogs,4,2278.064200855263,,2278.064200855263,0.0,12.670597023196056,-7.39118159686539,-6.462199196807648e-13,12.670597023196056,-7.39118159686539,-6.462199196807648e-13,131.40782122657492,-102.18543358538675,-16.12476075992718,150.5613704805748,6.614415446801137,167.65055551601114,7.401384591733484,97.68257178316918,3.596647202593926,113.21650494345583,4.082796877785044,133.2711551543973,5.305434456608155,-15.53393316028665,-0.48614967519111785,-0.786969144932347,-0.5969779008852578,131.40782122657492,102.18543358538675,16.12476075992718
experiment_2026_06_13_16_34,SEN_demand_NOR,2026-04-02,Maundy Thursday,H1,F,seasonal_heat_cold,True,2026-04-02,12,True,True,14,False,2,24,14,pearson,RidgeReg,minmax,2,{},2026-04-01 10:00:00,2026-04-03,188.95359598632808,6.350961324671661,104.491049,4.306,,14,24,4,4,14,4,0.08437157274533229,3212.7094109863283,3108.841456915166,188.95359598632808,6.350961324671661,-6.350961324671661,-188.95359598632808,141.90845225117775,4.277871040955053,-4.277871040955053,-141.90845225117775,216.39659649849912,7.5602639901730155,-7.5602639901730155,-216.39659649849912,188.79071329334354,5.749247193617343,-5.749247193617343,-188.79071329334354,189.04861089056945,6.683361134187977,-6.683361134187977,-189.04861089056945,188.95359598632834,6.3392138929251125,-6.3392138929251125,-188.95359598632834,-141.90845225117775,-216.39659649849912,hourly_window_mean_factor_top_available_analogs,4,2836.5907528947364,,2836.5907528947364,0.0,46.8822610421658,-27.347985607929655,2.5130774654251967e-13,46.8822610421658,-27.347985607929655,2.5130774654251967e-13,188.79071329334354,189.04861089056948,188.95359598632834,141.90845225117775,4.277871040955053,188.79071329334354,5.749247193617343,216.39659649849912,7.5602639901730155,189.04861089056945,6.683361134187977,188.95359598632834,6.3392138929251125,27.347985607929672,0.8769028559850387,-1.4713761526622902,0.011747431746548465,188.79071329334354,189.04861089056948,188.95359598632834
experiment_2026_06_13_16_34,SEN_demand_NOR,2026-04-03,Good Friday,H2,F,seasonal_heat_cold,True,2026-04-03,12,True,True,21,False,2,24,21,pearson,RidgeReg,standard,2,{},2026-04-02 10:00:00,2026-04-04,97.63724046193151,3.552773405480248,112.256164,4.611,,14,24,4,4,21,4,0.06198666804333428,2813.6737864071224,2753.77340874197,97.63724046193151,3.552773405480248,-1.0898681258318392,-22.0326548281751,91.61781358520534,3.011277618813692,1.698669222448128,57.70768473832982,101.14857280668845,3.8686459477024067,-2.7165149123284866,-68.5478529086363,122.89027229706949,4.193167457035722,0.28597280960287813,20.32054059971178,96.40341205297835,3.8692472235644018,-2.202650294532521,-46.738685494442336,106.16172898501193,3.988586256948572,-1.2857891509036892,-22.03265482817503,57.70768473832982,-68.5478529086363,hourly_window_mean_factor_top_available_analogs,4,2216.0972006578945,,2216.0972006578945,0.0,37.38714413861804,-21.80916741419397,-7.180221329786275e-14,37.38714413861804,-21.80916741419397,-7.180221329786275e-14,-20.320540599711777,46.738685494442336,22.03265482817503,91.61781358520534,3.011277618813692,122.89027229706949,4.193167457035722,101.14857280668845,3.8686459477024067,96.40341205297835,3.8692472235644018,106.16172898501193,3.988586256948572,4.7451607537100955,-0.0006012758619950986,-1.18188983822203,-0.43581285146832416,20.320540599711777,46.738685494442336,22.03265482817503
experiment_2026_06_13_16_34,SEN_demand_NOR,2026-04-04,Holy Saturday,H3,F,seasonal_heat_cold,True,2026-04-04,12,True,True,16,False,2,24,16,pearson,RidgeReg,standard,2,{},2026-04-03 10:00:00,2026-04-05,63.03126527777917,2.359983404250141,104.897556,4.3,,14,24,4,4,16,4,0.06502987288174489,2714.8557513598807,2663.0437017721465,63.03126527777917,2.359983404250141,0.08863312828627723,4.23453969275069,76.02907708171172,2.954086151520881,-2.954086151520881,-76.02907708171172,55.44920839215185,2.0134234683422094,1.863552708173786,51.054982811187095,100.2825873559187,4.001935032099089,-2.419501542265782,-53.37217039298476,107.40102260745111,3.92061889949314,0.9371447033981317,37.83845390942997,104.7784411989918,3.950577474663753,-0.29951443974120495,4.234539692750858,-76.02907708171172,51.054982811187095,hourly_window_mean_factor_top_available_analogs,4,2213.3990915131576,,2213.3990915131576,0.0,-22.656906688726945,13.21652890175712,-1.6753849769501309e-13,-22.656906688726945,13.21652890175712,-1.6753849769501309e-13,53.37217039298477,-37.83845390942997,-4.234539692750858,76.02907708171172,2.954086151520881,100.2825873559187,4.001935032099089,55.44920839215185,2.0134234683422094,107.40102260745111,3.92061889949314,104.7784411989918,3.950577474663753,-51.95181421529926,-1.9071954311509307,-1.0478488805782082,-1.5905940704136121,53.37217039298477,37.83845390942997,4.234539692750858
experiment_2026_06_13_16_34,SEN_demand_NOR,2026-05-01,Labor Day,H2,F,seasonal_heat_cold,True,2026-05-01,12,True,True,21,False,2,24,21,pearson,RidgeReg,standard,2,{},2026-04-30 10:00:00,2026-05-02,90.08917052216061,2.8506438976752757,115.532512,4.851,,14,24,4,4,21,4,0.08845956080688855,3333.3317126654442,3191.7245083982657,90.08917052216061,2.8506438976752757,-2.6663410006097097,-83.57088082333851,88.60681426632111,2.485166823347786,-2.485166823347786,-88.60681426632111,90.95387833806699,3.0638388576996447,-2.772025937345832,-80.63325298159866,57.88135861001125,1.640822016800715,-1.583516920540109,-55.98157983415318,103.38775652284323,3.5936011016669585,-3.489816783892485,-99.6646397336973,86.62224150232619,2.874156175663606,-2.7874957816047674,-83.57088082333894,-88.60681426632111,-80.63325298159866,hourly_window_mean_factor_top_available_analogs,4,2927.5729019736837,,2927.5729019736837,0.0,-32.625234432167936,19.031386752098644,4.308132797871765e-13,-32.625234432167936,19.031386752098644,4.308132797871765e-13,55.98157983415317,99.6646397336973,83.57088082333894,88.60681426632111,2.485166823347786,57.88135861001125,1.640822016800715,90.95387833806699,3.0638388576996447,103.38775652284323,3.5936011016669585,86.62224150232619,2.874156175663606,-12.433878184776248,-0.5297622439673138,0.8443448065470709,-0.023512277988330332,55.98157983415317,99.6646397336973,83.57088082333894
experiment_2026_06_13_16_34,SEN_demand_NTE,2025-01-01,New Year's Day,H3,G,seasonal_heat_cold,True,2025-01-01,12,True,True,7,False,2,18,7,pearson,RidgeReg,standard,2,{},2024-12-31 10:00:00,2025-01-02,99.89389992534913,4.742828029143294,129.088967,4.556,,14,24,4,4,7,4,0.06649003009160676,2333.984434089918,2233.47383849318,99.89389992534913,4.742828029143294,-4.5910502320357365,-96.18836987939207,74.41601225575563,3.1209621790410096,-3.1209621790410096,-74.41601225575563,114.75600106594534,5.68891644170296,-5.44860159628266,-108.88891182651332,90.70532675009895,3.840845797880555,-3.7173399894368133,-87.59543442179863,134.7876719239206,6.677762076575223,-5.305594342476209,-101.20091556298773,118.54680791251265,5.632582394950871,-4.720448001882747,-96.18836987939174,-74.41601225575563,-108.88891182651332,hourly_window_mean_factor_top_available_analogs,4,2528.438627039474,,2528.438627039474,0.0,13.179422166043,-7.687996263525605,-3.290934776152043e-13,13.179422166043,-7.687996263525605,-3.290934776152043e-13,87.59543442179863,101.20091556298772,96.18836987939174,74.41601225575563,3.1209621790410096,90.70532675009895,3.840845797880555,114.75600106594534,5.68891644170296,134.7876719239206,6.677762076575223,118.54680791251265,5.632582394950871,-20.03167085797527,-0.9888456348722627,-0.7198836188395452,-0.889754365807577,87.59543442179863,101.20091556298772,96.18836987939174
experiment_2026_06_13_16_34,SEN_demand_NTE,2025-02-03,Constitution Day,H2,G,seasonal_heat_cold,True,2025-02-03,12,True,True,4,False,2,19,4,pearson,RidgeReg,standard,2,{},2025-02-02 10:00:00,2025-02-04,145.16848263761136,5.677980457040985,134.183382,4.975,,14,24,4,4,4,4,0.060939742658078444,2723.9011738321647,2749.6134762415145,145.16848263761136,5.677980457040985,-5.676393054129328,-145.12572172690102,108.74945645949154,4.32681131413339,-4.32250264908746,-108.63339113042068,166.41291457484786,6.466162457070418,-6.466162457070418,-166.41291457484786,93.72287789925723,3.672452391023633,-3.2968826111026126,-83.6669998812495,180.97664280353175,6.983974626302561,-6.983974626302561,-180.97664280353175,148.83051889143061,5.763940118568219,-5.6255723049131054,-145.12572172690145,-108.63339113042068,-166.41291457484786,hourly_window_mean_factor_top_available_analogs,4,2451.5620938157895,,2451.5620938157895,0.0,-24.966391249171174,14.563728228683866,4.308132797871765e-13,-24.966391249171174,14.563728228683866,4.308132797871765e-13,83.6669998812495,180.97664280353172,145.12572172690145,108.74945645949154,4.32681131413339,93.72287789925723,3.672452391023633,166.41291457484786,6.466162457070418,180.97664280353175,6.983974626302561,148.83051889143061,5.763940118568219,-14.563728228683885,-0.5178121692321431,0.6543589231097569,-0.08595966152723378,83.6669998812495,180.97664280353172,145.12572172690145
experiment_2026_06_13_16_34,SEN_demand_NTE,2025-03-17,Benito Juarez's Birthday,H2,F,seasonal_heat_cold,True,2025-03-17,12,True,True,4,False,2,20,4,pearson,LassoReg,,2,{},2025-03-16 10:00:00,2025-03-18,139.4802333368584,5.117187723234292,107.222937,3.943,,14,24,4,4,4,4,0.06333615795677354,2872.4764482754586,2965.3180957212153,139.4802333368584,5.117187723234292,-5.040574130960149,-137.46792722282729,94.98336924938995,3.79651716346987,-3.588565984440049,-89.5213955113055,165.4367373878816,5.887578883096872,-5.887578883096872,-165.4367373878816,176.23877639015262,6.9655766796939105,-6.9655766796939105,-176.23877639015262,114.85159854188691,4.170374406231377,-4.170374406231377,-114.85159854188691,137.46792722282694,5.200185770138626,-5.200185770138626,-137.46792722282694,-89.5213955113055,-165.4367373878816,hourly_window_mean_factor_top_available_analogs,4,2925.2667260526314,,2925.2667260526314,0.0,86.71738087884712,-50.585138845994685,-3.3507699539002617e-13,86.71738087884712,-50.585138845994685,-3.3507699539002617e-13,176.23877639015262,114.85159854188691,137.46792722282694,94.98336924938995,3.79651716346987,176.23877639015262,6.9655766796939105,165.4367373878816,5.887578883096872,114.85159854188691,4.170374406231377,137.46792722282694,5.200185770138626,50.58513884599469,1.7172044768654944,-3.1690595162240407,-0.08299804690433366,176.23877639015262,114.85159854188691,137.46792722282694
experiment_2026_06_13_16_34,SEN_demand_NTE,2025-04-17,Maundy Thursday,H1,F,seasonal_heat_cold,True,2025-04-17,12,True,True,21,False,2,21,21,euclidian,PCR,standard,12,{},2025-04-16 10:00:00,2025-04-18,131.22209386364517,3.308944405700815,121.951526,4.137,,14,24,4,4,21,4,0.06453449636966527,4115.890955968908,4050.3436264482934,131.22209386364517,3.308944405700815,-3.308944405700815,-131.22209386364517,51.51087657567632,1.2410314573807848,-1.2410314573807848,-51.51087657567632,177.72030394829366,4.515226958887499,-4.515226958887499,-177.72030394829366,291.2981775845922,7.204655152536503,-7.204655152536503,-291.2981775845922,76.7485187714697,1.9891515863010623,-1.0212475129952845,-37.84437835975905,155.79312991314643,3.9106529001772774,-3.299345064405207,-131.22209386364494,-51.51087657567632,-177.72030394829366,hourly_window_mean_factor_top_available_analogs,4,3471.410255394737,,3471.410255394737,0.0,239.78730100891588,-139.8759255885346,-2.1540663989358825e-13,239.78730100891588,-139.8759255885346,-2.1540663989358825e-13,291.29817758459217,37.84437835975905,131.22209386364494,51.51087657567632,1.2410314573807848,291.2981775845922,7.204655152536503,177.72030394829366,4.515226958887499,76.7485187714697,1.9891515863010623,155.79312991314643,3.9106529001772774,100.97178517682396,2.526075372586437,-5.963623695155718,-0.6017084944764624,291.29817758459217,37.84437835975905,131.22209386364494
experiment_2026_06_13_16_34,SEN_demand_NTE,2025-04-18,Good Friday,H2,F,seasonal_heat_cold,True,2025-04-18,12,True,True,20,False,2,23,20,pearson,RidgeReg,standard,2,{},2025-04-17 10:00:00,2025-04-19,436.5584696518819,14.363268873875707,132.97016,4.475,,14,24,4,4,20,4,0.07233273620345856,3780.983720178198,3614.5075397800542,436.5584696518819,14.363268873875707,-14.363268873875707,-436.5584696518819,137.49308371787265,3.4663970821292978,-3.4663970821292978,-137.49308371787265,611.0132781133874,20.719777419061113,-20.719777419061113,-611.0132781133874,213.55291231221344,5.485095750703275,-5.485095750703275,-213.55291231221344,566.645044766689,19.324443120171015,-19.324443120171015,-566.645044766689,436.5584696518822,14.225736194577642,-14.225736194577642,-436.5584696518822,-137.49308371787265,-611.0132781133874,hourly_window_mean_factor_top_available_analogs,4,3170.4741913815787,,3170.4741913815787,0.0,76.05982859434077,-44.36823334669848,1.9147256879430067e-13,76.05982859434077,-44.36823334669848,1.9147256879430067e-13,213.55291231221344,566.6450447666889,436.5584696518821,137.49308371787265,3.4663970821292978,213.55291231221344,5.485095750703275,611.0132781133874,20.719777419061113,566.645044766689,19.324443120171015,436.5584696518822,14.225736194577642,44.36823334669839,1.3953342988900985,-2.018698668573977,0.13753267929806512,213.55291231221344,566.6450447666889,436.5584696518821
experiment_2026_06_13_16_34,SEN_demand_NTE,2025-04-19,Holy Saturday,H3,F,seasonal_heat_cold,True,2025-04-19,12,True,True,20,False,2,24,20,pearson,RidgeReg,standard,2,{},2025-04-18 10:00:00,2025-04-20,422.8252606069193,13.579727805977676,120.280179,4.419,,14,24,4,4,20,4,0.06654873565935868,3493.683333238498,3665.232230382689,422.8252606069193,13.579727805977676,-13.579727805977676,-422.8252606069193,306.7028345627433,10.514208168864188,-10.514208168864188,-306.7028345627433,490.563342466022,15.367947594293879,-15.367947594293879,-490.563342466022,431.3641050131115,14.984738057005194,-14.984738057005194,-431.3641050131115,417.84426803664036,13.239901594455736,-13.239901594455736,-417.84426803664036,422.82526060691924,13.882736080658166,-13.882736080658166,-422.82526060691924,-306.7028345627433,-490.563342466022,hourly_window_mean_factor_top_available_analogs,4,2959.6433318421055,,2959.6433318421055,0.0,124.66127045036816,-72.71907442938158,-9.573628439715034e-14,124.66127045036816,-72.71907442938158,-9.573628439715034e-14,431.3641050131115,417.8442680366404,422.8252606069192,306.7028345627433,10.514208168864188,431.3641050131115,14.984738057005194,490.563342466022,15.367947594293879,417.84426803664036,13.239901594455736,422.82526060691924,13.882736080658166,72.71907442938164,2.128045999838143,-4.470529888141005,-0.3030082746804901,431.3641050131115,417.8442680366404,422.8252606069192
experiment_2026_06_13_16_34,SEN_demand_NTE,2025-05-01,Labor Day,H2,F,seasonal_heat_cold,True,2025-05-01,12,True,True,11,False,2,24,11,pearson,LassoReg,,2,{},2025-04-30 10:00:00,2025-05-02,100.88033112234852,2.6033102831184878,133.483452,4.889,,14,24,4,4,11,4,0.06067838717966714,3827.486077943734,3630.503756244752,100.88033112234852,2.6033102831184878,0.6070966870499924,25.275844951002217,74.0567378275291,1.8536055889903502,-1.6661827864715832,-66.01953657056181,116.52742721099317,3.0406380213599005,1.9331763799375785,78.53148417191456,64.60957489786003,1.6000402254329966,-0.8290933595151309,-31.450171227722844,104.11812746041164,2.73431602177085,1.4043436464307988,58.36602105525966,89.5623449373663,2.3164249389095355,0.5814984337138774,25.275844951002945,-66.01953657056181,78.53148417191456,hourly_window_mean_factor_top_available_analogs,4,3546.533393355263,,3546.533393355263,0.0,-34.569365342838964,20.165463116654905,-7.299891685282714e-13,-34.569365342838964,20.165463116654905,-7.299891685282714e-13,31.450171227722848,-58.36602105525965,-25.275844951002945,74.0567378275291,1.8536055889903502,64.60957489786003,1.6000402254329966,116.52742721099317,3.0406380213599005,104.11812746041164,2.73431602177085,89.5623449373663,2.3164249389095355,12.409299750581525,0.30632199958905026,0.2535653635573536,0.2868853442089523,31.450171227722848,58.36602105525965,25.275844951002945
experiment_2026_06_13_16_34,SEN_demand_NTE,2025-09-16,Independence Day,H2,G,seasonal_heat_cold,True,2025-09-16,12,True,True,4,False,2,24,4,pearson,PCR,,3,{},2025-09-15 10:00:00,2025-09-17,239.65692474815532,6.607978432770963,144.176909,5.067,,14,24,4,4,4,4,0.06059025050848771,3618.9256842587906,3683.6695411773658,239.65692474815532,6.607978432770963,-0.5837293700767381,-9.409774521948293,310.9222383237584,8.123744785329558,7.614175430838374,291.6638568873395,198.08549182905347,5.72378139377845,-5.365840503943887,-185.0360595106995,279.7723695410764,7.253240330614274,6.628633496727831,256.18119456652465,168.7549985723593,4.943578598283754,-4.812002423744524,-164.33783982355789,209.65613524504462,5.79450660493184,-0.5970312951494454,-9.40977452194852,291.6638568873395,-185.0360595106995,hourly_window_mean_factor_top_available_analogs,4,2497.367334736842,,2497.367334736842,0.0,35.48266232081479,-20.698219687141602,2.2737367544323206e-13,35.48266232081479,-20.698219687141602,2.2737367544323206e-13,-256.1811945665247,164.33783982355789,9.40977452194852,310.9222383237584,8.123744785329558,279.7723695410764,7.253240330614274,198.08549182905347,5.72378139377845,168.7549985723593,4.943578598283754,209.65613524504462,5.79450660493184,29.330493256694155,0.780202795494696,0.8705044547152845,0.8134718278391233,256.1811945665247,164.33783982355789,9.40977452194852
experiment_2026_06_13_16_34,SEN_demand_NTE,2025-11-17,Mexican Revolution Day,H2,G,seasonal_heat_cold,True,2025-11-17,12,True,True,5,False,2,24,5,pearson,LassoReg,,2,{},2025-11-16 10:00:00,2025-11-18,164.52953884765788,6.99703729537838,135.852075,4.479,,14,24,4,4,5,4,0.06836864342906725,2551.416018637033,2595.6454775336456,164.52953884765788,6.99703729537838,-6.646142855850619,-155.6325386370331,106.38422110025044,4.7344601173654315,-3.7820323529329376,-82.23522052855459,198.44764086697896,8.3168739825526,-8.3168739825526,-198.44764086697896,123.59771007093256,5.466994240304753,-5.3854741027405435,-121.54758462813162,175.51542847555913,7.394507341240352,-7.394507341240352,-175.51542847555913,156.38784801069673,6.684370935632499,-6.6543372007404225,-155.63253863703324,-82.23522052855459,-198.44764086697896,hourly_window_mean_factor_top_available_analogs,4,2413.163099078947,,2413.163099078947,0.0,39.31236409957702,-22.932212391419814,7.180221329786275e-14,39.31236409957702,-22.932212391419814,7.180221329786275e-14,121.5475846281316,175.51542847555913,155.63253863703318,106.38422110025044,4.7344601173654315,123.59771007093256,5.466994240304753,198.44764086697896,8.3168739825526,175.51542847555913,7.394507341240352,156.38784801069673,6.684370935632499,22.932212391419824,0.922366641312248,-0.7325341229393212,0.3126663597458812,121.5475846281316,175.51542847555913,155.63253863703318
experiment_2026_06_13_16_34,SEN_demand_NTE,2025-12-24,Christmas Eve,H1,G,seasonal_heat_cold,True,2025-12-24,12,True,True,5,False,2,24,5,pearson,LassoReg,,2,{},2025-12-23 10:00:00,2025-12-25,294.06849414297614,11.560437913856262,144.4537,4.845,,14,24,4,4,5,4,0.07370792203252456,2373.141996462545,2239.586240168595,294.06849414297614,11.560437913856262,7.947045788430906,208.17440195850736,166.55774274782598,5.741237880391968,5.741237880391968,166.55774274782598,368.449765790147,14.954971266710437,9.233767068120288,232.45078649807147,195.24288748118465,6.85988136529703,6.85988136529703,195.24288748118465,227.5494061127712,9.136068632572806,8.635103206278899,215.71778540361242,215.64700451166036,8.297473323576465,7.981074106969788,208.17440195850745,166.55774274782598,232.45078649807147,hourly_window_mean_factor_top_available_analogs,4,2446.3734725657896,,2446.3734725657896,0.0,-28.68514473335868,16.73300109445904,-1.1967035549643792e-13,-28.68514473335868,16.73300109445904,-1.1967035549643792e-13,-195.24288748118465,-215.71778540361242,-208.17440195850747,166.55774274782598,5.741237880391968,195.24288748118465,6.85988136529703,368.449765790147,14.954971266710437,227.5494061127712,9.136068632572806,215.64700451166036,8.297473323576465,140.9003596773758,5.818902634137631,-1.1186434849050615,3.262964590279797,195.24288748118465,215.71778540361242,208.17440195850747
experiment_2026_06_13_16_34,SEN_demand_NTE,2025-12-25,Christmas Day,H2,G,seasonal_heat_cold,True,2025-12-25,12,True,True,10,False,2,24,10,pearson,RidgeReg,,2,{},2025-12-24 10:00:00,2025-12-26,72.72945202542245,3.402343067940055,163.505223,5.589,,14,24,4,4,10,4,0.061717895713040344,2209.0368314527664,2084.2206859413186,72.72945202542245,3.402343067940055,0.5937473993538788,6.5891417051287755,59.643792565344384,2.44192910806517,-0.15857663441541453,-6.174420186675336,80.36275337713465,3.962584544533738,1.0326030857192998,14.034552808681175,106.13992757887179,4.329887319347376,3.9694043617249433,97.66654357358,59.767278873995174,3.027299358970265,-2.4122919652368444,-46.53934271813507,76.85193892316025,3.5072001864776214,-0.06114068688250182,6.589141705128375,-6.174420186675336,14.034552808681175,hourly_window_mean_factor_top_available_analogs,4,2438.9060089473683,,2438.9060089473683,0.0,-103.84096376025533,60.573895526816244,4.0089569091306704e-13,-103.84096376025533,60.573895526816244,4.0089569091306704e-13,-97.66654357358,46.53934271813507,-6.589141705128375,59.643792565344384,2.44192910806517,106.13992757887179,4.329887319347376,80.36275337713465,3.962584544533738,59.767278873995174,3.027299358970265,76.85193892316025,3.5072001864776214,20.595474503139478,0.9352851855634734,-1.8879582112822062,-0.10485711853756641,97.66654357358,46.53934271813507,6.589141705128375
experiment_2026_06_13_16_34,SEN_demand_NTE,2025-12-31,New Year's Eve,H1,G,seasonal_heat_cold,True,2025-12-31,12,True,True,20,False,2,24,20,pearson,RidgeReg,standard,2,{},2025-12-30 10:00:00,2026-01-01,68.78471787013892,2.5751015103982877,172.9384,6.014,,14,24,4,4,20,4,0.057392996195867275,2732.3729455170383,2599.921097136509,68.78471787013892,2.5751015103982877,0.023608735684240514,2.328174746120172,49.39353984861451,1.6791223804747517,-0.40097504077284135,-10.40642202651517,80.09623838269482,3.0977560028536835,0.2712826052842046,9.756689530157454,69.94993681344833,2.3170511490253594,1.0945136789610042,35.19442741156978,89.7007553242877,3.4945855705598228,-0.7969459790630063,-16.84380597539293,82.424137978189,3.0607570994681788,-0.10009242084363407,2.3281747461196454,-10.40642202651517,9.756689530157454,hourly_window_mean_factor_top_available_analogs,4,3054.0774144078946,,3054.0774144078946,0.0,-45.60084943808494,26.600495505550384,5.265495641843269e-13,-45.60084943808494,26.600495505550384,5.265495641843269e-13,-35.19442741156978,16.843805975392932,-2.3281747461196454,49.39353984861451,1.6791223804747517,69.94993681344833,2.3170511490253594,80.09623838269482,3.0977560028536835,89.7007553242877,3.4945855705598228,82.424137978189,3.0607570994681788,-9.604516941592877,-0.3968295677061393,-0.6379287685506076,-0.48565558906989104,35.19442741156978,16.843805975392932,2.3281747461196454
experiment_2026_06_13_16_34,SEN_demand_NTE,2026-01-01,New Year's Day,H3,G,seasonal_heat_cold,True,2026-01-01,12,True,True,21,False,2,24,21,pearson,RidgeReg,standard,2,{},2025-12-31 10:00:00,2026-01-02,217.28857335032967,9.619259504411984,173.488527,5.999,,14,24,4,4,21,4,0.07370792203252456,2540.6981812450667,2409.809178990105,217.28857335032967,9.619259504411984,-9.619259504411984,-217.28857335032967,195.41656582500022,7.747248287246298,-7.747248287246298,-195.41656582500022,230.0472444067718,10.711266047758635,-10.711266047758635,-230.0472444067718,185.4429336528294,7.37007514528825,-7.37007514528825,-185.4429336528294,235.86519650720518,11.030604026139462,-11.030604026139462,-235.86519650720518,217.28857335032984,9.681988122667962,-9.681988122667962,-217.28857335032984,-195.41656582500022,-230.0472444067718,hourly_window_mean_factor_top_available_analogs,4,2446.3734725657896,,2446.3734725657896,0.0,-9.97363217217084,5.817952100433369,2.3934071099287584e-13,-9.97363217217084,5.817952100433369,2.3934071099287584e-13,185.44293365282937,235.86519650720516,217.2885733503299,195.41656582500022,7.747248287246298,185.4429336528294,7.37007514528825,230.0472444067718,10.711266047758635,235.86519650720518,11.030604026139462,217.28857335032984,9.681988122667962,-5.817952100433388,-0.3193379783808279,0.37717314195804796,-0.06272861825597786,185.44293365282937,235.86519650720516,217.2885733503299
experiment_2026_06_13_16_34,SEN_demand_NTE,2026-02-02,Constitution Day,H2,G,seasonal_heat_cold,True,2026-02-02,12,True,True,11,False,2,24,11,pearson,RidgeReg,,2,{},2026-02-01 10:00:00,2026-02-03,106.64572244652588,4.213227394411266,166.74521,5.892,,14,24,4,4,11,4,0.07034883123944705,2518.282853099749,2541.32685781764,106.64572244652588,4.213227394411266,1.0721615885637996,32.74595505814565,71.23165943673345,2.7192071171228798,0.7584540726969345,26.0569121309207,127.3039258689048,5.0847392228294925,1.2551576394861375,36.64789676569353,85.21044847633743,3.1684754475581927,3.098415233235644,83.65054615872009,147.10616248407527,5.892000340078503,-0.0468908769771977,3.0516102494774295,124.30247837596131,4.888596432307861,1.111906110995954,32.745955058145775,26.0569121309207,36.64789676569353,hourly_window_mean_factor_top_available_analogs,4,2433.9261479605266,,2433.9261479605266,0.0,-57.59363402779939,33.596286516216104,-1.3163739104608172e-13,-57.59363402779939,33.596286516216104,-1.3163739104608172e-13,-83.65054615872009,-3.0516102494774273,-32.74595505814578,71.23165943673345,2.7192071171228798,85.21044847633743,3.1684754475581927,127.3039258689048,5.0847392228294925,147.10616248407527,5.892000340078503,124.30247837596131,4.888596432307861,-19.80223661517047,-0.8072611172490101,-0.4492683304353129,-0.6753690378965951,83.65054615872009,3.0516102494774273,32.74595505814578
experiment_2026_06_13_16_34,SEN_demand_NTE,2026-03-16,Benito Juarez's Birthday,H2,F,seasonal_heat_cold,True,2026-03-16,12,True,True,21,False,2,24,21,pearson,RidgeReg,standard,2,{},2026-03-15 10:00:00,2026-03-17,213.69408335311473,7.7392779865317785,153.495495,5.663,,14,24,4,4,21,4,0.06761235991818178,2519.2194606320595,2443.011414982711,213.69408335311473,7.7392779865317785,6.9478781711654936,194.63283726267764,79.86175764310148,2.8696840166185025,0.7215988034814408,28.124089683343623,291.76294001728917,10.579874468981188,10.579874468981188,291.76294001728917,267.1704677056991,9.514632319478917,9.514632319478917,267.1704677056991,160.81677122301787,5.774394683095573,5.442044041493479,152.31921950424785,199.99971203242674,7.1523769701841715,6.942471301803903,194.63283726267727,28.124089683343623,291.76294001728917,hourly_window_mean_factor_top_available_analogs,4,2988.688152697368,,2988.688152697368,0.0,-239.04637802235547,139.4437205130413,3.8294513758860134e-13,-239.04637802235547,139.4437205130413,3.8294513758860134e-13,-267.1704677056991,-152.31921950424785,-194.63283726267727,79.86175764310148,2.8696840166185025,267.1704677056991,9.514632319478917,291.76294001728917,10.579874468981188,160.81677122301787,5.774394683095573,199.99971203242674,7.1523769701841715,130.9461687942713,4.805479785885615,-6.644948302860414,0.5869010163476069,267.1704677056991,152.31921950424785,194.63283726267727
experiment_2026_06_13_16_34,SEN_demand_NTE,2026-04-02,Maundy Thursday,H1,F,seasonal_heat_cold,True,2026-04-02,12,True,True,16,False,2,24,16,pearson,RidgeReg,standard,2,{},2026-04-01 10:00:00,2026-04-03,145.71922981873672,3.986883136110113,132.917358,5.203,,14,24,4,4,16,4,0.06396251077071198,3581.1602438865702,3401.1489946922643,145.71922981873672,3.986883136110113,3.588504909554564,129.78698716606118,29.420326123309874,0.7433325108795727,-0.3379798183426304,-13.824332505380815,213.56025697440234,5.878954334161262,5.878954334161262,213.56025697440234,59.72747377018589,1.5594212061576804,-0.14517240882282736,-2.5427110287911483,206.97931111305857,5.644954594454352,5.644954594454352,206.97931111305857,152.7286341972634,4.1397580829766305,3.5117499090364444,129.78698716606132,-13.824332505380815,213.56025697440234,hourly_window_mean_factor_top_available_analogs,4,3684.1510848026314,,3684.1510848026314,0.0,-11.281621476589667,6.580945861343726,-1.555714621453693e-13,-11.281621476589667,6.580945861343726,-1.555714621453693e-13,2.542711028791148,-206.9793111130586,-129.78698716606132,29.420326123309874,0.7433325108795727,59.72747377018589,1.5594212061576804,213.56025697440234,5.878954334161262,206.97931111305857,5.644954594454352,152.7286341972634,4.1397580829766305,6.580945861343764,0.2339997397069098,-0.8160886952781077,-0.15287494686651737,2.542711028791148,206.9793111130586,129.78698716606132
experiment_2026_06_13_16_34,SEN_demand_NTE,2026-04-03,Good Friday,H2,F,seasonal_heat_cold,True,2026-04-03,12,True,True,21,False,2,24,21,pearson,RidgeReg,standard,2,{},2026-04-02 10:00:00,2026-04-04,267.1327089594173,9.025744976679835,136.063298,5.098,,14,24,4,4,21,4,0.06665395778112981,3500.2899330571436,3370.576465392112,267.1327089594173,9.025744976679835,-8.975665723290163,-265.21548963609024,60.805713646227595,1.6608176766824367,-1.5248882746247525,-55.60183262576834,387.49012289211123,13.321952568344983,-13.321952568344983,-387.49012289211123,126.87208905676165,3.559130481408976,-3.559130481408976,-126.87208905676165,345.9158066406997,11.980494659978753,-11.980494659978753,-345.9158066406997,265.215489636091,8.877886804716203,-8.877886804716203,-265.215489636091,-55.60183262576834,-387.49012289211123,hourly_window_mean_factor_top_available_analogs,4,3621.0367981578947,,3621.0367981578947,0.0,71.27025643099331,-41.57431625141154,7.778573107268465e-13,71.27025643099331,-41.57431625141154,7.778573107268465e-13,126.87208905676165,345.9158066406997,265.21548963609104,60.805713646227595,1.6608176766824367,126.87208905676165,3.559130481408976,387.49012289211123,13.321952568344983,345.9158066406997,11.980494659978753,265.215489636091,8.877886804716203,41.57431625141152,1.3414579083662304,-1.8983128047265392,0.14785817196363205,126.87208905676165,345.9158066406997,265.21548963609104
experiment_2026_06_13_16_34,SEN_demand_NTE,2026-04-04,Holy Saturday,H3,F,seasonal_heat_cold,True,2026-04-04,12,True,True,21,False,2,24,21,pearson,RidgeReg,standard,2,{},2026-04-03 10:00:00,2026-04-05,98.26138327504214,3.123299276849272,150.133112,5.64,,14,24,4,4,21,4,0.0643389765821266,2999.094921838635,3062.6914174035387,98.26138327504214,3.123299276849272,2.737190291543728,85.62841816136516,52.57476451800225,1.6949826950227782,1.542302700308136,48.51129912977068,124.9119108833154,3.9564839495813935,3.434208053097823,107.28007092979527,93.0270778972006,3.072067799189344,1.4434024645927015,49.95310647866726,123.27763244069006,3.897161024432618,3.39761305572411,106.43901664293874,112.13269129308867,3.593179309869306,2.677640732675697,85.62841816136503,48.51129912977068,107.28007092979527,hourly_window_mean_factor_top_available_analogs,4,2968.8173953947366,,2968.8173953947366,0.0,-1.4418073488965806,0.8410542868565282,1.1967035549643792e-13,-1.4418073488965806,0.8410542868565282,1.1967035549643792e-13,-49.95310647866726,-106.43901664293874,-85.62841816136505,52.57476451800225,1.6949826950227782,93.0270778972006,3.072067799189344,124.9119108833154,3.9564839495813935,123.27763244069006,3.897161024432618,112.13269129308867,3.593179309869306,1.6342784426253445,0.059322925148775685,-1.377085104166566,-0.46988003302003367,49.95310647866726,106.43901664293874,85.62841816136505
experiment_2026_06_13_16_34,SEN_demand_NTE,2026-05-01,Labor Day,H2,F,seasonal_heat_cold,True,2026-05-01,12,True,True,10,False,2,24,10,euclidian,PCR,minmax,7,{},2026-04-30 10:00:00,2026-05-02,99.80118496169295,2.8220798678421777,134.231361,5.088,,14,24,4,4,10,4,0.06595414629112838,3844.9021379142055,3633.049134368695,99.80118496169295,2.8220798678421777,-2.607815694688065,-90.95065396683708,60.868632406832894,1.4464912913761694,-0.8649171071007208,-36.84576256365267,122.51184061869465,3.624506537447349,-3.624506537447349,-122.51184061869465,88.32874108767103,2.1237546398489964,0.2206888590967832,7.812055231589803,148.56223433258594,4.3809625700159565,-4.3809625700159565,-148.56223433258594,126.37094734761726,3.5493596483754977,-2.6856173066586315,-90.95065396683698,-36.84576256365267,-122.51184061869465,hourly_window_mean_factor_top_available_analogs,4,3723.2008166447367,,3723.2008166447367,0.0,-44.65781779524247,26.050393713891292,-9.573628439715034e-14,-44.65781779524247,26.050393713891292,-9.573628439715034e-14,-7.812055231589802,148.56223433258594,90.95065396683698,60.868632406832894,1.4464912913761694,88.32874108767103,2.1237546398489964,122.51184061869465,3.624506537447349,148.56223433258594,4.3809625700159565,126.37094734761726,3.5493596483754977,-26.050393713891296,-0.7564560325686074,-0.677263348472827,-0.72727978053332,7.812055231589802,148.56223433258594,90.95065396683698
experiment_2026_06_13_16_34,SEN_demand_OCC,2025-01-01,New Year's Day,H3,G,seasonal_heat_cold,True,2025-01-01,12,True,True,9,False,2,18,9,pearson,RidgeReg,,2,{},2024-12-31 10:00:00,2025-01-02,330.5278870042592,5.909164295989977,253.253946,3.485,,14,24,4,4,9,4,0.09588021067704902,6271.328539458872,5948.070371747952,330.5278870042592,5.909164295989977,-4.155931832213441,-213.6897860378177,194.65939426131595,2.8952085299984085,0.16360530351530292,11.070894465269637,409.78450777097606,7.667305159485058,-6.675661828055207,-344.80018299795194,213.8623340151903,3.1903732563265925,-2.9215949146184874,-193.89293544302518,332.04817034258673,6.258176943003494,-4.639191008846463,-225.2379488847829,288.5060201167038,5.1279334794909515,-4.006392447815105,-213.68978603781957,11.070894465269637,-344.80018299795194,hourly_window_mean_factor_top_available_analogs,4,6868.827864407895,,6868.827864407895,0.0,204.96382990829483,-119.5622341131691,1.8189894035458565e-12,204.96382990829483,-119.5622341131691,1.8189894035458565e-12,193.89293544302518,225.23794888478284,213.68978603781952,194.65939426131595,2.8952085299984085,213.8623340151903,3.1903732563265925,409.78450777097606,7.667305159485058,332.04817034258673,6.258176943003494,288.5060201167038,5.1279334794909515,77.73633742838933,1.4091282164815642,-0.295164726328184,0.7812308164990256,193.89293544302518,225.23794888478284,213.68978603781952
experiment_2026_06_13_16_34,SEN_demand_OCC,2025-02-03,Constitution Day,H2,G,seasonal_heat_cold,True,2025-02-03,12,True,True,9,False,2,19,9,pearson,RidgeReg,standard,2,{},2025-02-02 10:00:00,2025-02-04,150.555119407135,2.0966267680731234,306.634901,4.362,,14,24,4,4,9,4,0.06752109969014587,7164.6189738016665,7211.991402057811,150.555119407135,2.0966267680731234,-1.0156227542189509,-75.93823695956301,53.39811342972585,0.7462894251537004,0.471197551934623,35.385250351718696,207.23003956062368,2.884323551442788,-1.8829345994752025,-140.87693789114402,240.84287423708884,3.4780282728744027,-3.4443318075293505,-238.24724351759232,57.98805832435831,0.8151018020939609,0.24605365906088836,18.742016865956884,125.35562208168008,1.7961799755393868,-1.1135620391565682,-75.93823695956125,35.385250351718696,-140.87693789114402,hourly_window_mean_factor_top_available_analogs,4,6787.9339683552635,,6787.9339683552635,0.0,273.632493869311,-159.6189547571009,-1.7711212613472814e-12,273.632493869311,-159.6189547571009,-1.7711212613472814e-12,238.24724351759232,-18.742016865956884,75.93823695956124,53.39811342972585,0.7462894251537004,240.84287423708884,3.4780282728744027,207.23003956062368,2.884323551442788,57.98805832435831,0.8151018020939609,125.35562208168008,1.7961799755393868,149.24198123626536,2.069221749348827,-2.7317388477207025,0.30044679253373663,238.24724351759232,18.742016865956884,75.93823695956124
experiment_2026_06_13_16_34,SEN_demand_OCC,2025-03-17,Benito Juarez's Birthday,H2,F,seasonal_heat_cold,True,2025-03-17,12,True,True,14,False,2,20,14,pearson,RidgeReg,standard,2,{},2025-03-16 10:00:00,2025-03-18,82.19117251348644,1.1633691671615296,295.350346,4.157,,14,24,4,4,14,4,0.0596976888719084,7200.141684910782,7209.217517584672,82.19117251348644,1.1633691671615296,-0.4792735101655877,-28.267464121308997,112.04287746826647,1.6287886962559914,-0.8291543210117158,-50.05123246982787,64.77767795653142,0.891874441856427,-0.2751763705053465,-15.560265918006317,226.30464835862762,3.2464413210518295,-1.2622557938168533,-71.27933266768461,143.67952134685825,1.9286186813674828,-0.1939515640422206,-3.177207469255336,174.12035761435223,2.414132285461716,-0.5875373329065589,-28.26746412130823,-50.05123246982787,-15.560265918006317,hourly_window_mean_factor_top_available_analogs,4,7264.742308552632,,7264.742308552632,0.0,21.228100197856747,-12.383058448750981,-7.658902751772027e-13,21.228100197856747,-12.383058448750981,-7.658902751772027e-13,71.27933266768463,3.177207469255336,28.26746412130823,112.04287746826647,1.6287886962559914,226.30464835862762,3.2464413210518295,64.77767795653142,0.891874441856427,143.67952134685825,1.9286186813674828,174.12035761435223,2.414132285461716,-78.90184339032683,-1.036744239511056,-1.617652624795838,-1.2507631183001864,71.27933266768463,3.177207469255336,28.26746412130823
experiment_2026_06_13_16_34,SEN_demand_OCC,2025-04-17,Maundy Thursday,H1,F,seasonal_heat_cold,True,2025-04-17,12,True,True,15,False,2,21,15,pearson,RidgeReg,standard,2,{},2025-04-16 10:00:00,2025-04-18,148.95238585584767,1.7200269853188623,311.766604,4.428,,14,24,4,4,15,4,0.07744648146079064,8730.996566382455,8234.364411685847,148.95238585584767,1.7200269853188623,1.610980804566923,138.583479670175,60.7597680701817,0.6304305087448882,0.334448018132482,32.61559413764163,200.3980795641528,2.355624929987014,2.355624929987014,200.3980795641528,93.83418826826177,0.980694979930783,-0.03732530304118604,-1.0153659068238474,220.0161395900934,2.595595198571615,2.595595198571615,220.0161395900934,173.52805226099753,2.0006319601249927,1.625571855872162,138.5834796701765,32.61559413764163,200.3980795641528,hourly_window_mean_factor_top_available_analogs,4,8091.403856118422,,8091.403856118422,0.0,33.63096004446548,-19.618060025940583,-1.507846479255118e-12,33.63096004446548,-19.618060025940583,-1.507846479255118e-12,1.0153659068238525,-220.0161395900934,-138.5834796701765,60.7597680701817,0.6304305087448882,93.83418826826177,0.980694979930783,200.3980795641528,2.355624929987014,220.0161395900934,2.595595198571615,173.52805226099753,2.0006319601249927,-19.618060025940594,-0.23997026858460124,-0.3502644711858949,-0.28060497480613034,1.0153659068238525,220.0161395900934,138.5834796701765
experiment_2026_06_13_16_34,SEN_demand_OCC,2025-04-18,Good Friday,H2,F,seasonal_heat_cold,True,2025-04-18,12,True,True,9,False,2,23,9,pearson,RidgeReg,standard,2,{},2025-04-17 10:00:00,2025-04-19,93.80712079593538,1.170184505931834,310.355804,4.386,,14,24,4,4,9,4,0.07663452873826737,7635.425568756403,7177.888984038865,93.80712079593538,1.170184505931834,0.8273249328834676,69.02421229622759,124.92798568390819,1.4270608858040439,1.3953316781569238,122.3263467278153,75.6532829446179,1.0203399510063786,0.4959876648072849,37.931300544468094,212.41534883134076,2.4179576123921054,2.4036461989300726,211.24114424240264,220.1855668501477,3.100222347228882,-0.3407023336320878,-13.935664672372619,217.32285494848196,2.848861655446912,0.6703734415223923,69.02421229622878,122.3263467278153,37.931300544468094,hourly_window_mean_factor_top_available_analogs,4,7382.796851776316,,7382.796851776316,0.0,-88.91479751458733,51.86696521684072,-1.1967035549643793e-12,-88.91479751458733,51.86696521684072,-1.1967035549643793e-12,-211.24114424240264,13.935664672372624,-69.02421229622878,124.92798568390819,1.4270608858040439,212.41534883134076,2.4179576123921054,75.6532829446179,1.0203399510063786,220.1855668501477,3.100222347228882,217.32285494848196,2.848861655446912,-144.5322839055298,-2.0798823962225033,-0.9908967265880615,-1.678677149515078,211.24114424240264,13.935664672372624,69.02421229622878
experiment_2026_06_13_16_34,SEN_demand_OCC,2025-04-19,Holy Saturday,H3,F,seasonal_heat_cold,True,2025-04-19,12,True,True,19,False,2,24,19,euclidian,RidgeReg,standard,2,{},2025-04-18 10:00:00,2025-04-20,109.20295307395166,1.4898450080834167,241.40772,3.432,,14,24,4,4,19,4,0.06506298980199061,7176.0358237808105,7222.455917789557,109.20295307395166,1.4898450080834167,1.4318847187207968,104.71113385076852,92.47905025158603,1.298816780738505,1.1900899214512077,84.15090380561143,118.95856305366495,1.6012781407012817,1.5729316837947238,116.70460137711014,112.57125574045573,1.5446061417570263,0.5571341465850529,46.829754467051835,149.36785732766813,2.0584839546315603,1.9067057356012151,138.47527182460337,135.8112146376425,1.8691605498883108,1.4094951501742081,104.71113385076859,84.15090380561143,116.70460137711014,hourly_window_mean_factor_top_available_analogs,4,7136.8613739473685,,7136.8613739473685,0.0,37.32114933855961,-21.770670447493217,-7.180221329786275e-14,37.32114933855961,-21.770670447493217,-7.180221329786275e-14,-46.82975446705183,-138.47527182460334,-104.71113385076859,92.47905025158603,1.298816780738505,112.57125574045573,1.5446061417570263,118.95856305366495,1.6012781407012817,149.36785732766813,2.0584839546315603,135.8112146376425,1.8691605498883108,-30.409294274003187,-0.4572058139302786,-0.24578936101852134,-0.37931554180489413,46.82975446705183,138.47527182460334,104.71113385076859
experiment_2026_06_13_16_34,SEN_demand_OCC,2025-05-01,Labor Day,H2,F,seasonal_heat_cold,True,2025-05-01,12,True,True,24,False,2,24,24,pearson,RidgeReg,standard,2,{},2025-04-30 10:00:00,2025-05-02,173.3982010558313,1.9985476882693787,215.106215,3.102,,14,24,4,4,24,4,0.06691120070594388,9442.866739528712,8854.062350990485,173.3982010558313,1.9985476882693787,-1.046296696330401,-82.26431926555705,45.1630451419543,0.4330911481048481,-0.1985440776507863,-20.210046308534793,248.20204200559286,2.9117306700320214,-1.5408190572268425,-118.46264515715336,149.73033383231177,1.4244632666365222,1.4244632666365222,149.73033383231177,353.1386973151457,4.1883899196720895,-2.72439769351799,-217.59453357264263,278.19877392673317,3.1701011527642495,-1.1958699713558012,-82.26431926555418,-20.210046308534793,-118.46264515715336,hourly_window_mean_factor_top_available_analogs,4,8608.768591184213,,8608.768591184213,0.0,-169.94038014084657,99.13188841548929,-2.8720885319145103e-12,-169.94038014084657,99.13188841548929,-2.8720885319145103e-12,-149.73033383231177,217.59453357264266,82.26431926555418,45.1630451419543,0.4330911481048481,149.73033383231177,1.4244632666365222,248.20204200559286,2.9117306700320214,353.1386973151457,4.1883899196720895,278.19877392673317,3.1701011527642495,-104.93665530955283,-1.2766592496400682,-0.9913721185316742,-1.1715534644948709,149.73033383231177,217.59453357264266,82.26431926555418
experiment_2026_06_13_16_34,SEN_demand_OCC,2025-09-16,Independence Day,H2,G,seasonal_heat_cold,True,2025-09-16,12,True,True,19,False,2,24,19,pearson,PCR,,8,{},2025-09-15 10:00:00,2025-09-17,713.3635685239041,10.202333540113713,183.13397,2.659,,14,24,4,4,19,4,0.08254251537862187,8151.164389819729,7852.561154169944,713.3635685239041,10.202333540113713,-9.907657448071777,-690.2793566618338,389.33954307650276,4.731860276061761,-4.731860276061761,-389.33954307650276,902.3775833682215,13.393442944144018,-12.926872465077622,-865.8275812532769,593.1776987250711,7.227791313644879,4.114716878366539,341.53224489051087,1292.169457567369,18.766839050395166,-18.766839050395166,-1292.169457567369,1034.646177993891,14.515610936855586,-10.336792129272435,-690.2793566618342,-389.33954307650276,-865.8275812532769,hourly_window_mean_factor_top_available_analogs,4,6845.577196184211,,6845.577196184211,0.0,-730.8717879670137,426.3418763140921,4.786814219857517e-13,-730.8717879670137,426.3418763140921,4.786814219857517e-13,-341.5322448905109,1292.169457567369,690.2793566618343,389.33954307650276,4.731860276061761,593.1776987250711,7.227791313644879,902.3775833682215,13.393442944144018,1292.169457567369,18.766839050395166,1034.646177993891,14.515610936855586,-389.7918741991474,-5.373396106251148,-2.4959310375831176,-4.3132773967418725,341.5322448905109,1292.169457567369,690.2793566618343
experiment_2026_06_13_16_34,SEN_demand_OCC,2025-11-17,Mexican Revolution Day,H2,G,seasonal_heat_cold,True,2025-11-17,12,True,True,20,False,2,24,20,pearson,RidgeReg,standard,2,{},2025-11-16 10:00:00,2025-11-18,326.0450781982654,4.417579543087097,216.359649,3.034,,14,24,4,4,20,4,0.06705974018291024,7632.177464306052,7787.421958544083,326.0450781982654,4.417579543087097,-4.262223534834232,-313.3003629902641,47.92891046257819,0.6601139607702807,-0.238433366941078,-13.336112040860371,488.2795093774162,6.609434466105239,-6.609434466105239,-488.2795093774162,528.3949780061982,7.47261361824092,-7.47261361824092,-528.3949780061982,199.7539957943369,2.803048929433208,-2.6572695854129798,-187.82850423096627,320.83225239870694,4.523414867414996,-4.43134370277064,-313.3003629902623,-13.336112040860371,-488.2795093774162,hourly_window_mean_factor_top_available_analogs,4,6824.748533815789,,6824.748533815789,0.0,515.0588659653379,-300.45100514645,-1.7950553324465688e-12,515.0588659653379,-300.45100514645,-1.7950553324465688e-12,528.3949780061982,187.82850423096625,313.3003629902623,47.92891046257819,0.6601139607702807,528.3949780061982,7.47261361824092,488.2795093774162,6.609434466105239,199.7539957943369,2.803048929433208,320.83225239870694,4.523414867414996,288.5255135830793,3.806385536672031,-6.812499657470639,-0.10583532432789866,528.3949780061982,187.82850423096625,313.3003629902623
experiment_2026_06_13_16_34,SEN_demand_OCC,2025-12-24,Christmas Eve,H1,G,seasonal_heat_cold,True,2025-12-24,12,True,True,11,False,2,24,11,pearson,RidgeReg,standard,2,{},2025-12-23 10:00:00,2025-12-25,344.9955460105977,4.516143280635146,225.978052,3.114,,14,24,4,4,11,4,0.10326341422148244,7351.100870331187,6794.9195727871265,344.9955460105977,4.516143280635146,4.38026331588041,335.84509019512717,297.87969816470337,3.399695605703056,3.399695605703056,297.87969816470337,372.47979058736945,5.1674044243455315,4.952261146817201,357.99156887954086,327.7735442073973,3.7336008311391393,3.470820774389845,306.16728952024994,489.3201871086687,6.855139565959425,4.883701828384879,353.15714058880775,429.8030028818844,5.705098979446688,4.363166703228814,335.8450901951286,297.87969816470337,357.99156887954086,hourly_window_mean_factor_top_available_analogs,4,6779.5673186842105,,6779.5673186842105,0.0,-8.287591355546542,4.8344282907331335,-1.4839124081558303e-12,-8.287591355546542,4.8344282907331335,-1.4839124081558303e-12,-306.16728952024994,-353.15714058880775,-335.84509019512865,297.87969816470337,3.399695605703056,327.7735442073973,3.7336008311391393,372.47979058736945,5.1674044243455315,489.3201871086687,6.855139565959425,429.8030028818844,5.705098979446688,-116.84039652129923,-1.687735141613894,-0.33390522543608325,-1.188955698811542,306.16728952024994,353.15714058880775,335.84509019512865
experiment_2026_06_13_16_34,SEN_demand_OCC,2025-12-25,Christmas Day,H2,G,seasonal_heat_cold,True,2025-12-25,12,True,True,17,False,2,24,17,pearson,RidgeReg,standard,2,{},2025-12-24 10:00:00,2025-12-26,332.337319770655,5.738166547174623,230.769661,3.209,,14,24,4,4,17,4,0.1052323614061198,6632.225334568653,6272.4835251574905,332.337319770655,5.738166547174623,-5.679846254769282,-328.13938351602116,171.39657267893693,2.463234592027959,-2.3049366554991773,-160.00217427350228,426.2194222408239,7.6485435210101755,-7.6485435210101755,-426.2194222408239,397.4456837122183,5.750531240343167,-5.750531240343167,-397.4456837122183,331.45852610507944,6.167577304589432,-5.530217141847576,-287.7107084015736,355.76958417086746,6.013928754603967,-5.6113854939248995,-328.1393835160216,-160.00217427350228,-426.2194222408239,hourly_window_mean_factor_top_available_analogs,4,6269.542744013159,,6269.542744013159,0.0,237.443509438716,-138.50871383925036,4.0687920868788895e-13,237.443509438716,-138.50871383925036,4.0687920868788895e-13,397.4456837122183,287.7107084015736,328.13938351602155,171.39657267893693,2.463234592027959,397.4456837122183,5.750531240343167,426.2194222408239,7.6485435210101755,331.45852610507944,6.167577304589432,355.76958417086746,6.013928754603967,94.76089613574447,1.480966216420743,-3.287296648315208,-0.2757622074293442,397.4456837122183,287.7107084015736,328.13938351602155
experiment_2026_06_13_16_34,SEN_demand_OCC,2025-12-31,New Year's Eve,H1,G,seasonal_heat_cold,True,2025-12-31,12,True,True,15,False,2,24,15,pearson,RidgeReg,standard,2,{},2025-12-30 10:00:00,2026-01-01,397.98624430817245,5.473277287708568,221.009071,3.043,,14,24,4,4,15,4,0.10619311025054128,7047.06603911288,6588.110010692159,397.98624430817245,5.473277287708568,5.473277287708568,397.98624430817245,231.3849943087413,2.8193797051491885,2.8193797051491885,231.3849943087413,495.17030680784063,7.021384210868206,7.021384210868206,495.17030680784063,305.7271941395442,3.766465606330524,0.8542787387855305,83.99840332894006,617.4232681433172,8.736730743327012,8.207413345259164,581.1458182127243,502.58787245771657,6.905580429696727,5.498363753400458,397.98624430817216,231.3849943087413,495.17030680784063,hourly_window_mean_factor_top_available_analogs,4,6969.623806644737,,6969.623806644737,0.0,147.38659097980124,-85.97551140488365,2.6327478209216345e-13,147.38659097980124,-85.97551140488365,2.6327478209216345e-13,-83.99840332894007,-581.1458182127243,-397.98624430817216,231.3849943087413,2.8193797051491885,305.7271941395442,3.766465606330524,495.17030680784063,7.021384210868206,617.4232681433172,8.736730743327012,502.58787245771657,6.905580429696727,-122.25296133547653,-1.7153465324588062,-0.9470859011813357,-1.4323031419881591,83.99840332894007,581.1458182127243,397.98624430817216
experiment_2026_06_13_16_34,SEN_demand_OCC,2026-01-01,New Year's Day,H3,G,seasonal_heat_cold,True,2026-01-01,12,True,True,15,False,2,24,15,pearson,RidgeReg,standard,2,{},2025-12-31 10:00:00,2026-01-02,621.5740445161925,10.653390029895046,242.619983,3.333,,14,24,4,4,15,4,0.10230298338722961,6903.642666294278,6542.613247290893,621.5740445161925,10.653390029895046,-10.515963283780337,-611.922119452172,434.3876861390899,6.116810161064121,-5.914543121579643,-419.65721244293616,730.7660869028356,13.29972828671309,-13.200125045064079,-724.0766485408927,543.3881057001797,7.674067994656856,-7.674067994656856,-543.3881057001797,651.900294140835,11.521463421009166,-11.521463421009166,-651.900294140835,611.9221194521725,10.104001948142523,-10.104001948142523,-611.9221194521725,-419.65721244293616,-724.0766485408927,hourly_window_mean_factor_top_available_analogs,4,6094.46301243421,,6094.46301243421,0.0,123.73089325724355,-72.1763544000579,5.265495641843269e-13,123.73089325724355,-72.1763544000579,5.265495641843269e-13,543.3881057001797,651.9002941408348,611.9221194521725,434.3876861390899,6.116810161064121,543.3881057001797,7.674067994656856,730.7660869028356,13.29972828671309,651.900294140835,11.521463421009166,611.9221194521725,10.104001948142523,78.86579276200064,1.7782648657039246,-1.5572578335927352,0.5493880817525234,543.3881057001797,651.9002941408348,611.9221194521725
experiment_2026_06_13_16_34,SEN_demand_OCC,2026-02-02,Constitution Day,H2,G,seasonal_heat_cold,True,2026-02-02,12,True,True,13,False,2,24,13,pearson,RidgeReg,standard,2,{},2026-02-01 10:00:00,2026-02-03,221.4487430065186,3.1269946763507868,281.003473,4.065,,14,24,4,4,13,4,0.1110936405005332,7391.10321774336,7466.605831939258,221.4487430065186,3.1269946763507868,-3.1269946763507868,-221.4487430065186,170.24948483610913,2.5135444391012642,-2.5135444391012642,-170.24948483610913,251.31497693925746,3.484840648079674,-3.484840648079674,-251.31497693925746,209.8186099333341,2.99684687792406,2.99684687792406,209.8186099333341,572.6592464289815,7.871889631376246,-6.413905159804824,-473.02136555476454,438.981117193743,6.075821248525441,-2.9467859880099723,-221.4487430065177,-170.24948483610913,-251.31497693925746,hourly_window_mean_factor_top_available_analogs,4,6907.397835000001,,6907.397835000001,0.0,-380.06809476944323,221.7063886155071,-9.094947017729282e-13,-380.06809476944323,221.7063886155071,-9.094947017729282e-13,-209.8186099333341,473.02136555476454,221.4487430065177,170.24948483610913,2.5135444391012642,209.8186099333341,2.99684687792406,251.31497693925746,3.484840648079674,572.6592464289815,7.871889631376246,438.981117193743,6.075821248525441,-321.34426948972407,-4.387048983296571,-0.48330243882279555,-2.948826572174654,209.8186099333341,473.02136555476454,221.4487430065177
experiment_2026_06_13_16_34,SEN_demand_OCC,2026-03-16,Benito Juarez's Birthday,H2,F,seasonal_heat_cold,True,2026-03-16,12,True,True,13,False,2,24,13,pearson,RidgeReg,,2,{},2026-03-15 10:00:00,2026-03-17,154.42682003710536,2.0729996801171753,354.764539,5.063,,14,24,4,4,13,4,0.06512965044571668,7544.867991138449,7536.268979163222,154.42682003710536,2.0729996801171753,1.067371767010384,85.46888991418255,160.8115687915843,2.1555585187439656,-0.5621094691168748,-25.34636595312499,150.7023832636593,2.0248403575848806,2.017902488084618,150.11112250344527,284.25648775055106,3.7407368989615573,-0.04048881757463981,26.561691209581763,202.6592108888907,2.6550706833646287,1.5300847064774488,119.83142249186665,232.72136552213396,3.055052973321391,0.9514523555108901,85.46888991418274,-25.34636595312499,150.11112250344527,hourly_window_mean_factor_top_available_analogs,4,7178.672985986842,,7178.672985986842,0.0,-51.908057162706754,30.279700011578637,-1.9147256879430067e-13,-51.908057162706754,30.279700011578637,-1.9147256879430067e-13,-26.561691209581763,-119.83142249186663,-85.46888991418274,160.8115687915843,2.1555585187439656,284.25648775055106,3.7407368989615573,150.7023832636593,2.0248403575848806,202.6592108888907,2.6550706833646287,232.72136552213396,3.055052973321391,-51.9568276252314,-0.6302303257797481,-1.5851783802175916,-0.9820532932042156,26.561691209581763,119.83142249186663,85.46888991418274
experiment_2026_06_13_16_34,SEN_demand_OCC,2026-04-02,Maundy Thursday,H1,F,seasonal_heat_cold,True,2026-04-02,12,True,True,13,False,2,24,13,pearson,RidgeReg,standard,2,{},2026-04-01 10:00:00,2026-04-03,197.18597579695145,2.2782233703901875,299.03505,4.322,,14,24,4,4,13,4,0.07638390209314468,9009.56036999711,8639.342321719987,197.18597579695145,2.2782233703901875,-2.1487345183493294,-184.8090065760559,218.51799696327674,2.3789874462537344,-2.096793951052994,-190.5601627578864,184.7422967832617,2.219444326136452,-2.1790331826055254,-181.4541654699881,427.8912205341442,4.677386258697337,-4.677386258697337,-427.8912205341442,100.38550246877098,1.2045061627502582,-0.5110507887743655,-43.01104843384121,221.04550386127687,2.4839883033623393,-2.04601648821967,-184.8090065760581,-190.5601627578864,-181.4541654699881,hourly_window_mean_factor_top_available_analogs,4,8525.690473157894,,8525.690473157894,0.0,237.33105777625784,-138.4431170361469,2.201934541134458e-12,237.33105777625784,-138.4431170361469,2.201934541134458e-12,427.8912205341442,43.01104843384121,184.8090065760581,218.51799696327674,2.3789874462537344,427.8912205341442,4.677386258697337,184.7422967832617,2.219444326136452,100.38550246877098,1.2045061627502582,221.04550386127687,2.4839883033623393,84.35679431449073,1.0149381633861936,-2.2983988124436023,-0.20576493297215181,427.8912205341442,43.01104843384121,184.8090065760581
experiment_2026_06_13_16_34,SEN_demand_OCC,2026-04-03,Good Friday,H2,F,seasonal_heat_cold,True,2026-04-03,12,True,True,21,False,2,24,21,pearson,RidgeReg,standard,2,{},2026-04-02 10:00:00,2026-04-04,388.35883291668796,5.305377177610543,361.074913,5.104,,14,24,4,4,21,4,0.0759734684883675,8104.877611110518,7770.235387760574,388.35883291668796,5.305377177610543,-5.302682066308057,-388.14271216314916,175.66121318431468,1.996847477292513,-1.989532175185763,-175.07459971042377,512.4324444272389,7.235352836129394,-7.235352836129394,-512.4324444272389,374.2044893875307,4.519313655772928,-4.519313655772928,-374.2044893875307,396.273342115594,5.871835487177214,-5.871835487177214,-396.273342115594,388.14271216314967,5.373537970344056,-5.373537970344056,-388.14271216314967,-175.07459971042377,-512.4324444272389,hourly_window_mean_factor_top_available_analogs,4,8111.652313355264,,8111.652313355264,0.0,199.12988967710695,-116.15910231164499,4.547473508864641e-13,199.12988967710695,-116.15910231164499,4.547473508864641e-13,374.2044893875307,396.27334211559395,388.1427121631496,175.66121318431468,1.996847477292513,374.2044893875307,4.519313655772928,512.4324444272389,7.235352836129394,396.273342115594,5.871835487177214,388.14271216314967,5.373537970344056,116.15910231164492,1.36351734895218,-2.522466178480415,-0.06816079273351239,374.2044893875307,396.27334211559395,388.1427121631496
experiment_2026_06_13_16_34,SEN_demand_OCC,2026-04-04,Holy Saturday,H3,F,seasonal_heat_cold,True,2026-04-04,12,True,True,16,False,2,24,16,pearson,RidgeReg,standard,2,{},2026-04-03 10:00:00,2026-04-05,77.57654789939598,1.058781451871344,346.38015,5.034,,14,24,4,4,16,4,0.07278795328506027,7303.163697235222,7388.477456324587,77.57654789939598,1.058781451871344,0.25119163349934465,19.68005697530419,71.72572677084288,0.9761786051366402,0.5497359542611807,43.60209763226164,80.98952689105197,1.1069664457999213,0.07704077972160682,5.725533258745675,163.3531541160876,2.332159734020989,-0.43939708483777296,-14.944599280973437,158.68037562361084,2.190456547755708,0.48952622047958494,39.87777312480031,160.40192559452333,2.2426629848008117,0.1472913185205583,19.680056975304716,43.60209763226164,5.725533258745675,hourly_window_mean_factor_top_available_analogs,4,7276.631980328947,,7276.631980328947,0.0,58.546696913235074,-34.15223986605463,-5.265495641843269e-13,58.546696913235074,-34.15223986605463,-5.265495641843269e-13,14.944599280973435,-39.87777312480031,-19.680056975304716,71.72572677084288,0.9761786051366402,163.3531541160876,2.332159734020989,80.98952689105197,1.1069664457999213,158.68037562361084,2.190456547755708,160.40192559452333,2.2426629848008117,-77.69084873255888,-1.0834901019557868,-1.3559811288843489,-1.1838815329294676,14.944599280973435,39.87777312480031,19.680056975304716
experiment_2026_06_13_16_34,SEN_demand_OCC,2026-05-01,Labor Day,H2,F,seasonal_heat_cold,True,2026-05-01,12,True,True,12,False,2,24,12,pearson,RidgeReg,standard,2,{},2026-04-30 10:00:00,2026-05-02,258.0002825371775,2.9728291744596262,275.664285,3.999,,14,24,4,4,12,4,0.06916888608243711,9802.188441765837,9244.26068454564,258.0002825371775,2.9728291744596262,-2.4064906200999294,-197.38912097636322,78.8240098147501,0.7232672365619924,0.544895027594523,59.328927999536326,362.5197749585935,4.2850736382332455,-4.128132247921694,-347.1413162123046,178.88135906793104,1.6617145557268227,1.564073500043834,168.03421090537762,463.45365137328093,5.4619311190636495,-4.918291557782902,-410.5527312407117,358.61122789236254,4.061851332571136,-2.530051799636209,-197.38912097636302,59.328927999536326,-347.1413162123046,hourly_window_mean_factor_top_available_analogs,4,8879.84620875,,8879.84620875,0.0,-108.70528290584129,63.41141502840711,-1.9147256879430067e-13,-108.70528290584129,63.41141502840711,-1.9147256879430067e-13,-168.03421090537762,410.55273124071175,197.38912097636302,78.8240098147501,0.7232672365619924,178.88135906793104,1.6617145557268227,362.5197749585935,4.2850736382332455,463.45365137328093,5.4619311190636495,358.61122789236254,4.061851332571136,-100.93387641468746,-1.176857480830404,-0.9384473191648303,-1.0890221581115096,168.03421090537762,410.55273124071175,197.38912097636302
experiment_2026_06_13_16_34,SEN_demand_ORI,2025-01-01,New Year's Day,H3,G,seasonal_heat_cold,True,2025-01-01,12,True,True,18,False,2,18,18,euclidian,PCR,standard,8,{},2024-12-31 10:00:00,2025-01-02,211.22408011850555,4.222251798906699,280.422749,4.758,,14,24,4,4,18,4,0.07973346408664157,5496.780840335492,5258.29356818986,211.22408011850555,4.222251798906699,-4.1729264226163165,-207.98040165128114,76.82868056761234,1.3131419239883984,-1.1792587597716477,-68.02441044228888,289.62139652319325,5.919232559275709,-5.919232559275709,-289.62139652319325,152.94520386717764,2.66370172670313,0.6103774182789551,32.3135076793753,348.1518487608311,7.166549788300196,-7.166549788300196,-348.1518487608311,276.23361116843245,5.50760576560654,-4.30136608061314,-207.9804016512814,-68.02441044228888,-289.62139652319325,hourly_window_mean_factor_top_available_analogs,4,5508.961386710526,,5508.961386710526,0.0,-100.33791812166419,58.53045223763786,2.6327478209216345e-13,-100.33791812166419,58.53045223763786,2.6327478209216345e-13,-32.313507679375306,348.1518487608311,207.9804016512814,76.82868056761234,1.3131419239883984,152.94520386717764,2.66370172670313,289.62139652319325,5.919232559275709,348.1518487608311,7.166549788300196,276.23361116843245,5.50760576560654,-58.53045223763786,-1.2473172290244863,-1.3505598027147319,-1.2853539666998408,32.313507679375306,348.1518487608311,207.9804016512814
experiment_2026_06_13_16_34,SEN_demand_ORI,2025-02-03,Constitution Day,H2,G,seasonal_heat_cold,True,2025-02-03,12,True,True,7,False,2,19,7,euclidian,PCR,standard,5,{},2025-02-02 10:00:00,2025-02-04,500.0558431872127,9.38768498299023,296.253305,5.347,,14,24,4,4,7,4,0.0793084376743388,5862.408227438674,6022.568110536519,500.0558431872127,9.38768498299023,-8.068009960795893,-430.37775454393676,200.26797487411568,3.546868082666646,0.035106977575124966,-11.141734270937897,674.932099703186,12.794828174845655,-12.794828174845655,-674.932099703186,600.6307531634484,10.734013282616417,-10.734013282616417,-600.6307531634484,331.0635053492219,6.344931210367972,-6.344931210367972,-331.0635053492219,430.3777545439369,7.961961447512135,-7.961961447512135,-430.3777545439369,-11.141734270937897,-674.932099703186,hourly_window_mean_factor_top_available_analogs,4,5509.370948092105,,5509.370948092105,0.0,589.4890188925104,-343.8685943539643,9.573628439715034e-14,589.4890188925104,-343.8685943539643,9.573628439715034e-14,600.6307531634484,331.06350534922177,430.3777545439369,200.26797487411568,3.546868082666646,600.6307531634484,10.734013282616417,674.932099703186,12.794828174845655,331.0635053492219,6.344931210367972,430.3777545439369,7.961961447512135,343.86859435396417,6.449896964477683,-7.187145199949771,1.4257235354780944,600.6307531634484,331.06350534922177,430.3777545439369
experiment_2026_06_13_16_34,SEN_demand_ORI,2025-03-17,Benito Juarez's Birthday,H2,F,seasonal_heat_cold,True,2025-03-17,12,True,True,12,False,2,20,12,pearson,RidgeReg,minmax,2,{},2025-03-16 10:00:00,2025-03-18,525.0642597839108,8.91945746142447,320.399551,5.573,,14,24,4,4,12,4,0.06777588150530565,6401.253755836541,6233.5944040363465,525.0642597839108,8.91945746142447,-8.91945746142447,-525.0642597839108,511.808525351164,8.231198297109675,-8.231198297109675,-511.808525351164,532.7967715363461,9.320941973941435,-9.320941973941435,-532.7967715363461,602.2621439188299,9.823622873014818,-9.823622873014818,-602.2621439188299,480.03216070520585,8.554632571178026,-8.554632571178026,-480.03216070520585,525.0642597839096,9.02215531396,-9.02215531396,-525.0642597839096,-511.808525351164,-532.7967715363461,hourly_window_mean_factor_top_available_analogs,4,6275.500699802631,,6275.500699802631,0.0,90.453618567666,-52.76461083114024,-1.100967270567229e-12,90.453618567666,-52.76461083114024,-1.100967270567229e-12,602.26214391883,480.03216070520585,525.0642597839096,511.808525351164,8.231198297109675,602.2621439188299,9.823622873014818,532.7967715363461,9.320941973941435,480.03216070520585,8.554632571178026,525.0642597839096,9.02215531396,52.76461083114026,0.7663094027634099,-1.5924245759051434,-0.1026978525355311,602.26214391883,480.03216070520585,525.0642597839096
experiment_2026_06_13_16_34,SEN_demand_ORI,2025-04-17,Maundy Thursday,H1,F,seasonal_heat_cold,True,2025-04-17,12,True,True,19,False,2,21,19,pearson,RidgeReg,standard,2,{},2025-04-16 10:00:00,2025-04-18,345.9467271423337,5.126950946498141,292.339387,5.044,,14,24,4,4,19,4,0.06829625490657898,6323.7411228576675,6072.426867091341,345.9467271423337,5.126950946498141,5.126950946498141,345.9467271423337,176.55198582863218,2.4698290153973423,2.4698290153973423,176.55198582863218,444.76032624199297,6.6769387396402715,6.6769387396402715,444.76032624199297,209.54166744002512,2.9859844230433974,2.9859844230433974,209.54166744002512,425.5163453020116,6.33461737594573,6.33461737594573,425.5163453020116,345.9467271423323,5.100910498560659,5.100910498560659,345.9467271423323,176.55198582863218,444.76032624199297,hourly_window_mean_factor_top_available_analogs,4,6261.990922039473,,6261.990922039473,0.0,-32.98968161139295,19.243980939981384,1.3642420526593924e-12,-32.98968161139295,19.243980939981384,1.3642420526593924e-12,-209.54166744002515,-425.5163453020116,-345.94672714233235,176.55198582863218,2.4698290153973423,209.54166744002512,2.9859844230433974,444.76032624199297,6.6769387396402715,425.5163453020116,6.33461737594573,345.9467271423323,5.100910498560659,19.243980939981384,0.34232136369454125,-0.516155407646055,0.026040447937481837,209.54166744002515,425.5163453020116,345.94672714233235
experiment_2026_06_13_16_34,SEN_demand_ORI,2025-04-18,Good Friday,H2,F,seasonal_heat_cold,True,2025-04-18,12,True,True,19,False,2,23,19,pearson,RidgeReg,standard,2,{},2025-04-17 10:00:00,2025-04-19,297.1673394962294,4.4917833473643665,288.80813,4.96,,14,24,4,4,19,4,0.06700526317302265,6154.367827082718,5919.10998318226,297.1673394962294,4.4917833473643665,4.4917833473643665,297.1673394962294,222.9554969450665,3.169776094047426,3.169776094047426,222.9554969450665,340.4575809844076,5.26295424513258,5.26295424513258,340.4575809844076,237.10669404104797,3.393510202269112,3.393510202269112,237.10669404104797,332.20271601175233,5.13237696723949,5.13237696723949,332.20271601175233,297.1673394962297,4.491741843303035,4.491741843303035,297.1673394962297,222.9554969450665,340.4575809844076,hourly_window_mean_factor_top_available_analogs,4,6350.401540460526,,6350.401540460526,0.0,-14.151197095981454,8.254864972655279,-3.590110664893138e-13,-14.151197095981454,8.254864972655279,-3.590110664893138e-13,-237.10669404104794,-332.20271601175233,-297.1673394962297,222.9554969450665,3.169776094047426,237.10669404104797,3.393510202269112,340.4575809844076,5.26295424513258,332.20271601175233,5.13237696723949,297.1673394962297,4.491741843303035,8.254864972655298,0.1305772778930896,-0.22373410822168616,4.1504061331743e-05,237.10669404104794,332.20271601175233,297.1673394962297
experiment_2026_06_13_16_34,SEN_demand_ORI,2025-04-19,Holy Saturday,H3,F,seasonal_heat_cold,True,2025-04-19,12,True,True,22,False,2,24,22,pearson,RidgeReg,standard,2,{},2025-04-18 10:00:00,2025-04-20,448.458914424934,6.806548122016316,284.540746,4.961,,14,24,4,4,22,4,0.07175576894439913,5993.062426346777,5864.121689824201,448.458914424934,6.806548122016316,6.787384710720361,447.3843789163806,197.48005742344972,2.9842866599748867,2.932271686457292,194.56346104309068,594.8632476757998,9.036200641540482,9.036200641540482,594.8632476757998,151.41487831195587,2.3039074659888614,0.9710603886910925,74.62876073933732,664.8251561863229,10.110180803217531,10.110180803217531,664.8251561863229,475.6740011799772,7.234185363185916,6.743136439970949,447.3843789163809,194.56346104309068,594.8632476757998,hourly_window_mean_factor_top_available_analogs,4,6134.973811973685,,6134.973811973685,0.0,119.93470030375336,-69.96190851052313,-2.1540663989358825e-13,119.93470030375336,-69.96190851052313,-2.1540663989358825e-13,-74.62876073933732,-664.8251561863229,-447.38437891638085,197.48005742344972,2.9842866599748867,151.41487831195587,2.3039074659888614,594.8632476757998,9.036200641540482,664.8251561863229,10.110180803217531,475.6740011799772,7.234185363185916,-69.96190851052313,-1.0739801616770492,0.6803791939860253,-0.42763724116959967,74.62876073933732,664.8251561863229,447.38437891638085
experiment_2026_06_13_16_34,SEN_demand_ORI,2025-05-01,Labor Day,H2,F,seasonal_heat_cold,True,2025-05-01,12,True,True,24,False,2,24,24,pearson,RidgeReg,standard,2,{},2025-04-30 10:00:00,2025-05-02,210.65012444778688,3.0933723152937915,265.569458,4.571,,14,24,4,4,24,4,0.07171368305249616,7338.928363138139,7124.250170115146,210.65012444778688,3.0933723152937915,-3.07072655528847,-208.8992655065611,121.81515687517147,1.5564127032832642,-1.494945640411677,-117.06282546327293,262.4705221984792,3.9899320889665995,-3.9899320889665995,-262.4705221984792,209.6554695487463,2.7676282199360247,-2.7403889900871916,-207.549466079588,229.126592485622,3.5445984589476898,-3.2865566585448263,-209.68664850562652,221.95302087729937,3.258346265627603,-3.085336991218329,-208.8992655065597,-117.06282546327293,-262.4705221984792,hourly_window_mean_factor_top_available_analogs,4,6518.38267,,6518.38267,0.0,90.48664061631507,-52.783873692852694,-1.4121101948579675e-12,90.48664061631507,-52.783873692852694,-1.4121101948579675e-12,207.549466079588,209.68664850562652,208.8992655065597,121.81515687517147,1.5564127032832642,209.6554695487463,2.7676282199360247,262.4705221984792,3.9899320889665995,229.126592485622,3.5445984589476898,221.95302087729937,3.258346265627603,33.343929712857204,0.4453336300189097,-1.2112155166527605,-0.16497395033381146,207.549466079588,209.68664850562652,208.8992655065597
experiment_2026_06_13_16_34,SEN_demand_ORI,2025-09-16,Independence Day,H2,G,seasonal_heat_cold,True,2025-09-16,12,True,True,22,False,2,24,22,pearson,RidgeReg,standard,2,{},2025-09-15 10:00:00,2025-09-17,229.9903010593117,3.558422315792331,275.376626,4.678,,14,24,4,4,22,4,0.0836238023857176,6285.726738217366,5921.899687520073,229.9903010593117,3.558422315792331,3.416098802874234,219.66492704579113,179.87033005254276,2.5312200986474465,2.1449134207268963,151.84431487298693,259.2269508132602,4.157623609126848,4.157623609126848,259.2269508132602,300.9719864022677,4.268349733519446,4.268349733519446,300.9719864022677,172.23580908784777,2.7067229545010902,2.7067229545010902,172.23580908784777,219.66492704579196,3.2820591362446954,3.2820591362446954,219.66492704579196,151.84431487298693,259.2269508132602,hourly_window_mean_factor_top_available_analogs,4,5989.454429605263,,5989.454429605263,0.0,-149.12767152928078,86.99114172541245,-8.376924884750655e-13,-149.12767152928078,86.99114172541245,-8.376924884750655e-13,-300.9719864022677,-172.23580908784777,-219.66492704579196,179.87033005254276,2.5312200986474465,300.9719864022677,4.268349733519446,259.2269508132602,4.157623609126848,172.23580908784777,2.7067229545010902,219.66492704579196,3.2820591362446954,86.99114172541243,1.4509006546257575,-1.7371296348719993,0.2763631795476358,300.9719864022677,172.23580908784777,219.66492704579196
experiment_2026_06_13_16_34,SEN_demand_ORI,2025-11-17,Mexican Revolution Day,H2,G,seasonal_heat_cold,True,2025-11-17,12,True,True,22,False,2,24,22,pearson,RidgeReg,standard,2,{},2025-11-16 10:00:00,2025-11-18,208.37336115862396,3.2248229247074978,272.026588,4.522,,14,24,4,4,22,4,0.08299335334254247,5939.136589719058,5797.895912542784,208.37336115862396,3.2248229247074978,3.210688001581655,207.5472276493618,142.07080464675113,2.0951783748712427,2.0568121549582408,139.82844226446807,247.04985245721647,3.8837822454453126,3.8837822454453126,247.04985245721647,110.71932970464351,1.7051760893263075,0.8620534497115592,62.49498339192587,292.16103679953466,4.765081962272604,4.765081962272604,292.16103679953466,225.31409208036425,3.63774821960818,3.3271240892237985,207.547227649363,139.82844226446807,247.04985245721647,hourly_window_mean_factor_top_available_analogs,4,5501.715125197368,,5501.715125197368,0.0,77.3334588725422,-45.11118434231821,-1.2206376260636668e-12,77.3334588725422,-45.11118434231821,-1.2206376260636668e-12,-62.49498339192587,-292.1610367995347,-207.547227649363,142.07080464675113,2.0951783748712427,110.71932970464351,1.7051760893263075,247.04985245721647,3.8837822454453126,292.16103679953466,4.765081962272604,225.31409208036425,3.63774821960818,-45.11118434231818,-0.8812997168272916,0.3900022855449352,-0.4129252949006821,62.49498339192587,292.1610367995347,207.547227649363
experiment_2026_06_13_16_34,SEN_demand_ORI,2025-12-24,Christmas Eve,H1,G,seasonal_heat_cold,True,2025-12-24,12,True,True,3,False,2,24,3,pearson,RidgeReg,standard,2,{},2025-12-23 10:00:00,2025-12-25,478.5812571854294,8.134349893033198,261.001247,4.263,,14,24,3,4,3,3,0.08850048773590223,5548.331193914269,5242.46071313599,478.5812571854294,8.134349893033198,7.641269497680838,450.0473045067843,208.51010613101704,3.2466573686354834,3.2052670416474,205.75212189439668,636.1227619671698,10.98550386559853,10.228937597033678,592.5528276973438,250.0012389600581,3.907627545445714,3.907627545445714,250.0012389600581,593.1708050460359,10.243902056846881,9.782565865496968,566.7408427423742,466.7399122775178,7.909485131593819,7.618114905478087,450.047304506784,205.75212189439668,592.5528276973438,hourly_window_mean_factor_top_available_analogs,3,5174.820531228071,,5174.820531228071,0.0,-44.249117065661395,25.811984954969564,2.6327478209216345e-13,-44.249117065661395,25.811984954969564,2.6327478209216345e-13,-250.00123896005806,-566.7408427423742,-450.04730450678403,208.51010613101704,3.2466573686354834,250.0012389600581,3.907627545445714,636.1227619671698,10.98550386559853,593.1708050460359,10.243902056846881,466.7399122775178,7.909485131593819,42.951956921133956,0.741601808751648,-0.6609701768102307,0.22486476143937928,250.00123896005806,566.7408427423742,450.04730450678403
experiment_2026_06_13_16_34,SEN_demand_ORI,2025-12-25,Christmas Day,H2,G,seasonal_heat_cold,True,2025-12-25,12,True,True,9,False,2,24,9,pearson,RidgeReg,,2,{},2025-12-24 10:00:00,2025-12-26,319.09966982895037,5.939409326312388,279.90352,4.542,,14,24,4,4,9,4,0.09082217532533951,5182.858280171049,4864.968349511913,319.09966982895037,5.939409326312388,5.939409326312388,319.09966982895037,228.958660127574,3.8065255298905822,3.8065255298905822,228.958660127574,371.6819254880866,7.183591540891778,7.183591540891778,371.6819254880866,316.79048993236086,5.336189645525018,5.304509552850702,314.94973903103676,321.5204627944009,6.094541780390603,6.094541780390603,321.5204627944009,319.77784121364937,5.81514888859802,5.803477275507482,319.099669828951,228.958660127574,371.6819254880866,hourly_window_mean_factor_top_available_analogs,4,5612.57197993421,,5612.57197993421,0.0,-85.99107890346275,50.161462693685735,-5.504836352836145e-13,-85.99107890346275,50.161462693685735,-5.504836352836145e-13,-314.94973903103676,-321.5204627944009,-319.09966982895094,228.958660127574,3.8065255298905822,316.79048993236086,5.336189645525018,371.6819254880866,7.183591540891778,321.5204627944009,6.094541780390603,319.77784121364937,5.81514888859802,50.161462693685735,1.089049760501175,-1.5296641156344362,0.12426043771436834,314.94973903103676,321.5204627944009,319.09966982895094
experiment_2026_06_13_16_34,SEN_demand_ORI,2025-12-31,New Year's Eve,H1,G,seasonal_heat_cold,True,2025-12-31,12,True,True,9,False,2,24,9,pearson,RidgeReg,standard,2,{},2025-12-30 10:00:00,2026-01-01,411.3595916348349,7.793159242805293,232.20918,3.719,,14,24,4,4,9,4,0.07276946649875311,5680.094846634835,5508.89222293823,411.3595916348349,7.793159242805293,-7.793159242805293,-411.3595916348349,381.476257971873,6.688223156914918,-6.688223156914918,-381.476257971873,428.79153627156273,8.437705292908012,-8.437705292908012,-428.79153627156273,426.8146076906715,7.570976855377089,-7.570976855377089,-426.8146076906715,402.3441656022642,7.931418341773811,-7.931418341773811,-402.3441656022642,411.3595916348352,7.7986241099434395,-7.7986241099434395,-411.3595916348352,-381.476257971873,-428.79153627156273,hourly_window_mean_factor_top_available_analogs,4,5482.428228421052,,5482.428228421052,0.0,45.33834971879852,-26.447370669298532,3.8294513758860134e-13,45.33834971879852,-26.447370669298532,3.8294513758860134e-13,426.8146076906715,402.3441656022642,411.3595916348353,381.476257971873,6.688223156914918,426.8146076906715,7.570976855377089,428.79153627156273,8.437705292908012,402.3441656022642,7.931418341773811,411.3595916348352,7.7986241099434395,26.44737066929855,0.506286951134201,-0.8827536984621709,-0.00546486713814609,426.8146076906715,402.3441656022642,411.3595916348353
experiment_2026_06_13_16_34,SEN_demand_ORI,2026-01-01,New Year's Day,H3,G,seasonal_heat_cold,True,2026-01-01,12,True,True,24,False,2,24,24,pearson,RidgeReg,minmax,2,{},2025-12-31 10:00:00,2026-01-02,320.1379281980286,6.962983903077311,277.157026,4.462,,14,24,4,4,24,4,0.07797373998174066,5081.436008374439,4994.317409382101,320.1379281980286,6.962983903077311,-4.887369671854701,-212.7233162691755,204.99095759676104,3.9170875959630855,1.7167224602125726,86.56298906726872,387.3069943821013,8.739756748893944,-8.739756748893944,-387.3069943821013,108.22902296164557,2.037917257110629,-0.35422324652343573,-21.274743301767167,324.4016505001634,7.309218780963722,-7.309218780963722,-324.4016505001634,244.75910351228845,5.367160324807319,-4.746852005117301,-212.7233162691753,86.56298906726872,-387.3069943821013,hourly_window_mean_factor_top_available_analogs,4,5065.609729802632,,5065.609729802632,0.0,107.83773236903588,-62.90534388193794,-2.1540663989358825e-13,107.83773236903588,-62.90534388193794,-2.1540663989358825e-13,21.27474330176716,324.4016505001634,212.72331626917529,204.99095759676104,3.9170875959630855,108.22902296164557,2.037917257110629,387.3069943821013,8.739756748893944,324.4016505001634,7.309218780963722,244.75910351228845,5.367160324807319,62.90534388193794,1.4305379679302224,1.8791703388524565,1.595823578269992,21.27474330176716,324.4016505001634,212.72331626917529
experiment_2026_06_13_16_34,SEN_demand_ORI,2026-02-02,Constitution Day,H2,G,seasonal_heat_cold,True,2026-02-02,12,True,True,13,False,2,24,13,euclidian,PCR,standard,10,{},2026-02-01 10:00:00,2026-02-03,190.50163292235746,3.80191046174829,254.505415,4.254,,14,24,4,4,13,4,0.07316364984685939,5081.223417346965,4896.881247657719,190.50163292235746,3.80191046174829,1.9561171093232035,91.09739502145636,135.42913238846677,2.5139729412471765,-0.38729803429129456,-13.539885385672473,222.6272582337937,4.553207348707274,3.32310927643166,152.1358085922815,140.53501732030068,2.634154459722144,2.621113654461906,139.78007661291718,75.71893822046654,1.501431194189472,1.2595198708341069,62.699164093103526,99.59854630987911,1.9187502920172985,1.7611596858548746,91.09739502145594,-13.539885385672473,152.1358085922815,hourly_window_mean_factor_top_available_analogs,4,5294.318287302631,,5294.318287302631,0.0,-153.31996199858966,89.43664449917799,4.308132797871765e-13,-153.31996199858966,89.43664449917799,4.308132797871765e-13,-139.78007661291718,-62.69916409310352,-91.09739502145594,135.42913238846677,2.5139729412471765,140.53501732030068,2.634154459722144,222.6272582337937,4.553207348707274,75.71893822046654,1.501431194189472,99.59854630987911,1.9187502920172985,146.90832001332717,3.0517761545178024,-0.1201815184749675,1.8831601697309917,139.78007661291718,62.69916409310352,91.09739502145594
experiment_2026_06_13_16_34,SEN_demand_ORI,2026-03-16,Benito Juarez's Birthday,H2,F,seasonal_heat_cold,True,2026-03-16,12,True,True,11,False,2,24,11,pearson,RidgeReg,standard,2,{},2026-03-15 10:00:00,2026-03-17,306.31268617329056,4.914847395912443,235.892043,4.03,,14,24,4,4,11,4,0.06840383867330613,6488.1125416223285,6429.794271766309,306.31268617329056,4.914847395912443,-3.140055774633094,-185.8319468854867,170.68092053507033,2.6348369083748913,0.2791778772146064,33.063102910209246,385.431216128919,6.244853513642681,-5.134608738210918,-313.520725932976,261.8988665848461,4.268333228193793,-3.6925466872091475,-219.3060136784557,166.30540792292098,2.688292354134689,-2.688292354134689,-166.30540792292098,201.52405058784075,3.2704126761564645,-3.0582807926358053,-185.83194688548642,33.063102910209246,-313.520725932976,hourly_window_mean_factor_top_available_analogs,4,6383.243725526316,,6383.243725526316,0.0,252.36911658866498,-147.21531801005503,-2.87208853191451e-13,252.36911658866498,-147.21531801005503,-2.87208853191451e-13,219.30601367845574,166.30540792292098,185.83194688548642,170.68092053507033,2.6348369083748913,261.8988665848461,4.268333228193793,385.431216128919,6.244853513642681,166.30540792292098,2.688292354134689,201.52405058784075,3.2704126761564645,219.12580820599803,3.5565611595079925,-1.6334963198189016,1.6444347197559788,219.30601367845574,166.30540792292098,185.83194688548642
experiment_2026_06_13_16_34,SEN_demand_ORI,2026-04-02,Maundy Thursday,H1,F,seasonal_heat_cold,True,2026-04-02,12,True,True,3,False,2,24,3,pearson,RidgeReg,standard,2,{},2026-04-01 10:00:00,2026-04-03,148.3174173083572,2.372931050068274,213.105259,3.712,,14,24,3,4,3,3,0.06654582636649564,6324.848709855008,6164.136115160599,148.3174173083572,2.372931050068274,-0.7176981386380836,-37.714604855005796,85.34394565699169,1.26052893883044,-1.0075897131314506,-70.44716290256123,185.05194243832042,3.0218322816236767,-0.5485947201836191,-18.620612660598454,88.28222495547834,1.2984563892227219,-0.8798940534657186,-62.057033648012684,235.1125975218488,3.843538923890851,-0.7034897737085893,-23.514854725754617,181.0171971026597,2.905876937434172,-0.7684808241454264,-37.714604855007586,-70.44716290256123,-18.620612660598454,hourly_window_mean_factor_top_available_analogs,3,6596.185669649123,,6596.185669649123,0.0,-8.390129254548551,4.894242065156163,1.7950553324465688e-12,-8.390129254548551,4.894242065156163,1.7950553324465688e-12,62.05703364801268,23.514854725754617,37.71460485500759,85.34394565699169,1.26052893883044,88.28222495547834,1.2984563892227219,185.05194243832042,3.0218322816236767,235.1125975218488,3.843538923890851,181.0171971026597,2.905876937434172,-50.06065508352839,-0.8217066422671744,-0.03792745039228196,-0.5329458873658983,62.05703364801268,23.514854725754617,37.71460485500759
experiment_2026_06_13_16_34,SEN_demand_ORI,2026-04-03,Good Friday,H2,F,seasonal_heat_cold,True,2026-04-03,12,True,True,6,False,2,24,6,pearson,RidgeReg,minmax,2,{},2026-04-02 10:00:00,2026-04-04,327.88582145498117,5.141440092758333,216.203475,3.765,,14,24,4,4,6,4,0.06672508356147136,5868.102715913439,5710.6879509806095,327.88582145498117,5.141440092758333,5.141440092758333,327.88582145498117,361.1509749159921,5.450860020188549,5.450860020188549,361.1509749159921,308.48114860272483,4.960945135090708,4.960945135090708,308.48114860272483,349.3405639338792,5.22913090391589,5.22913090391589,349.3405639338792,315.37055500895866,5.040139533619475,5.040139533619475,315.37055500895866,327.88582145498196,5.109767933202365,5.109767933202365,327.88582145498196,361.1509749159921,308.48114860272483,hourly_window_mean_factor_top_available_analogs,4,6276.778919342106,,6276.778919342106,0.0,11.810410982112899,-6.889406406233813,-8.137584173757779e-13,11.810410982112899,-6.889406406233813,-8.137584173757779e-13,-349.3405639338792,-315.37055500895866,-327.88582145498196,361.1509749159921,5.450860020188549,349.3405639338792,5.22913090391589,308.48114860272483,4.960945135090708,315.37055500895866,5.040139533619475,327.88582145498196,5.109767933202365,-6.889406406233832,-0.07919439852876664,0.2217291162726589,0.031672159555967916,349.3405639338792,315.37055500895866,327.88582145498196
experiment_2026_06_13_16_34,SEN_demand_ORI,2026-04-04,Holy Saturday,H3,F,seasonal_heat_cold,True,2026-04-04,12,True,True,5,False,2,24,5,pearson,PLS,,4,{},2026-04-03 10:00:00,2026-04-05,548.6899337082053,8.677012732891306,237.890964,4.103,,14,24,4,4,5,4,0.0731536111592699,5838.701971471853,5592.379083403211,548.6899337082053,8.677012732891306,6.8024883453257505,442.7612406334104,212.8702744706326,3.542854571112598,-1.5451401951367676,-74.65046387523957,744.584734930123,11.67193832726222,11.67193832726222,744.584734930123,265.8556534353053,4.345678279072702,-0.9973649326520254,-34.24841953313665,721.0168757305631,11.171779874684105,11.171779874684105,721.0168757305631,553.3258990954681,8.65690033945885,6.6884107351392155,442.7612406334105,-74.65046387523957,744.584734930123,hourly_window_mean_factor_top_available_analogs,4,6477.91621881579,,6477.91621881579,0.0,-40.40204434210292,23.567859199559773,-1.6753849769501309e-13,-40.40204434210292,23.567859199559773,-1.6753849769501309e-13,34.24841953313665,-721.0168757305632,-442.7612406334106,212.8702744706326,3.542854571112598,265.8556534353053,4.345678279072702,744.584734930123,11.67193832726222,721.0168757305631,11.171779874684105,553.3258990954681,8.65690033945885,23.567859199559848,0.5001584525781144,-0.8028237079601044,0.020112393432455633,34.24841953313665,721.0168757305632,442.7612406334106
experiment_2026_06_13_16_34,SEN_demand_ORI,2026-05-01,Labor Day,H2,F,seasonal_heat_cold,True,2026-05-01,12,True,True,20,False,2,24,20,euclidian,PCR,,8,{},2026-04-30 10:00:00,2026-05-02,593.7833972290437,8.18097832887741,216.934227,3.73,,14,24,4,4,20,4,0.07151125856379252,8071.089956206592,8031.058997357159,593.7833972290437,8.18097832887741,-7.996131571005933,-579.6878827855398,161.71722415227487,1.966463792108135,-1.464736877885558,-123.45797066276425,845.8219981904922,11.80611180865949,-11.80611180865949,-845.8219981904922,460.140145347845,5.7137550482033035,-5.7137550482033035,-460.140145347845,649.4240629575285,9.251325691641485,-9.251325691641485,-649.4240629575285,579.6878827855396,7.9480101914274215,-7.9480101914274215,-579.6878827855396,-123.45797066276425,-845.8219981904922,hourly_window_mean_factor_top_available_analogs,4,6842.52548125,,6842.52548125,0.0,336.6821746850807,-196.39793523296365,7.180221329786275e-14,336.6821746850807,-196.39793523296365,7.180221329786275e-14,460.14014534784496,649.4240629575286,579.68788278554,161.71722415227487,1.966463792108135,460.140145347845,5.7137550482033035,845.8219981904922,11.80611180865949,649.4240629575285,9.251325691641485,579.6878827855396,7.9480101914274215,196.39793523296373,2.554786117018004,-3.7472912560951688,0.2329681374499888,460.14014534784496,649.4240629575286,579.68788278554
experiment_2026_06_13_16_34,SEN_demand_PEN,2025-01-01,New Year's Day,H3,G,seasonal_heat_cold,True,2025-01-01,12,True,True,14,False,2,18,14,pearson,RidgeReg,standard,2,{},2024-12-31 10:00:00,2025-01-02,72.44198792925165,4.710746301419995,113.191325,6.614,,14,24,4,4,14,4,0.06430710565079133,1649.8102477649993,1601.1741042447559,72.44198792925165,4.710746301419995,-4.510825040754618,-68.92827434394678,28.506827251600548,1.710267355808837,-1.319092512283962,-21.163762371130897,98.07083165788147,6.461025686359837,-6.372669015695834,-96.79090632808936,30.8974783517288,1.8230430411457257,-0.5341192786644188,-8.037541652890875,104.44786841372918,6.952676208977355,-6.952676208977355,-104.44786841372918,77.35035628562379,5.062811357670966,-4.587944708335748,-68.92827434394664,-21.163762371130897,-96.79090632808936,hourly_window_mean_factor_top_available_analogs,4,1450.2609010526314,,1450.2609010526314,0.0,-13.126220718240022,7.656962085639823,-1.1967035549643792e-13,-13.126220718240022,7.656962085639823,-1.1967035549643792e-13,8.037541652890875,104.44786841372918,68.92827434394667,28.506827251600548,1.710267355808837,30.8974783517288,1.8230430411457257,98.07083165788147,6.461025686359837,104.44786841372918,6.952676208977355,77.35035628562379,5.062811357670966,-6.377036755847712,-0.49165052261751807,-0.11277568533688864,-0.3520650562509706,8.037541652890875,104.44786841372918,68.92827434394667
experiment_2026_06_13_16_34,SEN_demand_PEN,2025-02-03,Constitution Day,H2,G,seasonal_heat_cold,True,2025-02-03,12,True,True,2,False,2,19,2,pearson,RidgeReg,standard,2,{},2025-02-02 10:00:00,2025-02-04,78.22637103044073,4.784551612652666,114.711941,6.856,,14,24,2,4,2,2,0.09502632166503787,1708.4008986037254,1734.8108501330898,78.22637103044073,4.784551612652666,-4.410200492324617,-71.51271544583084,36.994183160675185,2.424142508223164,-1.6695515148931441,-23.321982410529472,102.2784806211373,6.161456923569875,-6.00891239582631,-99.62397638308995,49.441212028629494,3.2564480344311697,-3.1189448642883564,-46.93434754075339,90.02915609622524,5.39422591505478,-5.151181666123516,-85.85009672379243,75.07570301868998,4.606623537982924,-4.402462844394773,-71.51271544583068,-23.321982410529472,-99.62397638308995,hourly_window_mean_factor_top_available_analogs,2,1647.5658990789473,,1647.5658990789473,0.0,23.612365130223925,-13.773879659297526,-1.4958794437054742e-13,23.612365130223925,-13.773879659297526,-1.4958794437054742e-13,46.93434754075339,85.85009672379243,71.51271544583068,36.994183160675185,2.424142508223164,49.441212028629494,3.2564480344311697,102.2784806211373,6.161456923569875,90.02915609622524,5.39422591505478,75.07570301868998,4.606623537982924,12.249324524912069,0.7672310085150951,-0.8323055262080059,0.17792807466974203,46.93434754075339,85.85009672379243,71.51271544583068
experiment_2026_06_13_16_34,SEN_demand_PEN,2025-03-17,Benito Juarez's Birthday,H2,F,seasonal_heat_cold,True,2025-03-17,12,True,True,5,False,2,20,5,pearson,RidgeReg,minmax,2,{},2025-03-16 10:00:00,2025-03-18,177.31022496423935,10.444105370262161,95.909103,5.742,,14,24,4,4,5,4,0.08059929439251778,1984.2548829787568,1977.8391144782324,177.31022496423935,10.444105370262161,-9.884632759060194,-165.293267715599,35.086899368822706,1.7652559023543564,-0.24668738623473035,-2.4694439796560346,260.2738315615657,15.50676755987505,-15.50676755987505,-260.2738315615657,37.2068142019429,1.8486129593924907,0.05152031924650102,3.3726715324480665,263.6817322769595,15.698388883509397,-15.698388883509397,-263.6817322769595,180.2436045651113,10.595839858834745,-9.895790756178275,-165.2932677155988,-2.4694439796560346,-260.2738315615657,hourly_window_mean_factor_top_available_analogs,4,1640.032640986842,,1640.032640986842,0.0,-5.842115512104101,3.407900715393803,-1.615549799201912e-13,-5.842115512104101,3.407900715393803,-1.615549799201912e-13,-3.3726715324480665,263.6817322769595,165.29326771559883,35.086899368822706,1.7652559023543564,37.2068142019429,1.8486129593924907,260.2738315615657,15.50676755987505,263.6817322769595,15.698388883509397,180.2436045651113,10.595839858834745,-3.4079007153937937,-0.19162132363434736,-0.08335705703813434,-0.15173448857258443,3.3726715324480665,263.6817322769595,165.29326771559883
experiment_2026_06_13_16_34,SEN_demand_PEN,2025-04-17,Maundy Thursday,H1,F,seasonal_heat_cold,True,2025-04-17,12,True,True,7,False,2,21,7,euclidian,PCR,minmax,2,{},2025-04-16 10:00:00,2025-04-18,102.2842005414429,5.531237093727748,107.755723,6.417,,14,24,4,4,7,4,0.07053649895692299,1733.2434769805047,1661.8068824715695,102.2842005414429,5.531237093727748,4.398956556684968,82.19726512475842,45.93014516909732,2.3837433583686836,1.2504673872473844,26.471434575606573,135.15739950864446,7.367275106020538,6.235575238856893,114.70399961176366,70.92968984331688,3.6000768174016087,3.6000768174016087,70.92968984331688,96.48763952112809,5.201170669960856,4.720744013575082,88.77001737226597,87.07155279772398,4.611293987439028,4.307866625511171,82.19726512475843,26.471434575606573,114.70399961176366,hourly_window_mean_factor_top_available_analogs,4,1781.5451608552632,,1781.5451608552632,0.0,-44.45825526771031,25.93398223949768,0.0,-44.45825526771031,25.93398223949768,0.0,-70.92968984331688,-88.77001737226598,-82.19726512475842,45.93014516909732,2.3837433583686836,70.92968984331688,3.6000768174016087,135.15739950864446,7.367275106020538,96.48763952112809,5.201170669960856,87.07155279772398,4.611293987439028,38.66975998751637,2.1661044360596824,-1.2163334590329251,0.91994310628872,70.92968984331688,88.77001737226598,82.19726512475842
experiment_2026_06_13_16_34,SEN_demand_PEN,2025-04-18,Good Friday,H2,F,seasonal_heat_cold,True,2025-04-18,12,True,True,6,False,2,23,6,pearson,PCR,standard,2,{},2025-04-17 10:00:00,2025-04-19,203.4739331448805,11.040915281563926,93.064707,5.5,,14,24,4,4,6,4,0.07002745969049917,1597.689382907751,1511.8061745905534,203.4739331448805,11.040915281563926,11.040915281563926,203.4739331448805,107.76341926276707,5.548543502396947,5.548543502396947,107.76341926276707,259.30506624277996,14.244798819411331,14.244798819411331,259.30506624277996,165.64643821658865,8.719168879376497,8.719168879376497,165.64643821658865,225.5399718530509,12.165610347884089,12.165610347884089,225.5399718530509,203.47393314488056,10.895868754223399,10.895868754223399,203.47393314488056,107.76341926276707,259.30506624277996,hourly_window_mean_factor_top_available_analogs,4,1869.8462690131578,,1869.8462690131578,0.0,-57.8830189538216,33.76509438972909,-1.0770331994679413e-13,-57.8830189538216,33.76509438972909,-1.0770331994679413e-13,-165.64643821658868,-225.53997185305087,-203.47393314488062,107.76341926276707,5.548543502396947,165.64643821658865,8.719168879376497,259.30506624277996,14.244798819411331,225.5399718530509,12.165610347884089,203.47393314488056,10.895868754223399,33.76509438972906,2.0791884715272424,-3.17062537697955,0.14504652734052748,165.64643821658868,225.53997185305087,203.47393314488062
experiment_2026_06_13_16_34,SEN_demand_PEN,2025-04-19,Holy Saturday,H3,F,seasonal_heat_cold,True,2025-04-19,12,True,True,14,False,2,24,14,pearson,RidgeReg,minmax,2,{},2025-04-18 10:00:00,2025-04-20,159.41692088422488,8.60925664952832,95.533922,5.687,,14,24,4,4,14,4,0.07253056240709359,1690.7005427385718,1631.509949976381,159.41692088422488,8.60925664952832,7.344559937549359,139.51052305090198,88.53853950240651,4.729368012227324,1.2966197939987156,34.50688824053014,200.76264335695222,10.872525021287236,10.872525021287236,200.76264335695222,104.61027046969255,5.471195214429279,2.8203936010900637,63.29009926151304,183.97243692804534,9.780251435146392,9.780251435146392,183.97243692804534,154.7337440223364,8.192704406461138,7.2160932857572195,139.51052305090184,34.50688824053014,200.76264335695222,hourly_window_mean_factor_top_available_analogs,4,1881.2475861842104,,1881.2475861842104,0.0,-28.783211020982908,16.790206428906874,1.1368683772161603e-13,-28.783211020982908,16.790206428906874,1.1368683772161603e-13,-63.29009926151305,-183.97243692804534,-139.51052305090187,88.53853950240651,4.729368012227324,104.61027046969255,5.471195214429279,200.76264335695222,10.872525021287236,183.97243692804534,9.780251435146392,154.7337440223364,8.192704406461138,16.790206428906885,1.0922735861408448,-0.7418272022019545,0.41655224306718175,63.29009926151305,183.97243692804534,139.51052305090187
experiment_2026_06_13_16_34,SEN_demand_PEN,2025-05-01,Labor Day,H2,F,seasonal_heat_cold,True,2025-05-01,12,True,True,4,False,2,24,4,euclidian,PCR,standard,2,{},2025-04-30 10:00:00,2025-05-02,198.32829926568309,9.496262972290992,97.958697,5.978,,14,24,4,4,4,4,0.087111609547222,1872.8353365237908,1762.702666777459,198.32829926568309,9.496262972290992,9.496262972290992,198.32829926568309,104.52189105392647,4.663273700248557,4.663273700248557,104.52189105392647,253.04870405587442,12.315506714315747,12.315506714315747,253.04870405587442,121.93304194664708,5.460450560059278,5.460450560059278,121.93304194664708,242.8921993684537,11.657028506005403,11.657028506005403,242.8921993684537,198.32829926568283,9.374078736446306,9.374078736446306,198.32829926568283,104.52189105392647,253.04870405587442,hourly_window_mean_factor_top_available_analogs,4,1901.0067976973683,,1901.0067976973683,0.0,-17.411150892720602,10.15650468742073,2.3934071099287584e-13,-17.411150892720602,10.15650468742073,2.3934071099287584e-13,-121.93304194664707,-242.8921993684537,-198.32829926568286,104.52189105392647,4.663273700248557,121.93304194664708,5.460450560059278,253.04870405587442,12.315506714315747,242.8921993684537,11.657028506005403,198.32829926568283,9.374078736446306,10.156504687420721,0.6584782083103438,-0.7971768598107207,0.12218423584468674,121.93304194664707,242.8921993684537,198.32829926568286
experiment_2026_06_13_16_34,SEN_demand_PEN,2025-09-16,Independence Day,H2,G,seasonal_heat_cold,True,2025-09-16,12,True,True,7,False,2,24,7,euclidian,PCR,standard,2,{},2025-09-15 10:00:00,2025-09-17,114.5940560956416,5.8465766248434035,94.892934,5.493,,14,24,4,4,7,4,0.07775274525899079,1920.3208516608988,1919.4380378648227,114.5940560956416,5.8465766248434035,0.4301734805789535,13.875390707522325,165.32988040297067,8.0373863293171,8.0373863293171,165.32988040297067,84.99815858303302,4.5686042972337475,-4.0073673478516305,-74.47306161482253,141.84256974588195,6.785051051556063,6.785051051556063,141.84256974588195,84.82386860341099,4.728223877241097,-3.517278523486525,-60.77213039818758,105.83075849800555,5.486002309883453,0.27831658310811247,13.875390707522252,165.32988040297067,-74.47306161482253,hourly_window_mean_factor_top_available_analogs,4,1828.2326488157896,,1828.2326488157896,0.0,23.487310657088692,-13.700931216634956,7.180221329786275e-14,23.487310657088692,-13.700931216634956,7.180221329786275e-14,-141.84256974588197,60.77213039818757,-13.875390707522254,165.32988040297067,8.0373863293171,141.84256974588195,6.785051051556063,84.99815858303302,4.5686042972337475,84.82386860341099,4.728223877241097,105.83075849800555,5.486002309883453,0.1742899796220314,-0.15961958000734988,1.2523352777610368,0.3605743149599503,141.84256974588197,60.77213039818757,13.875390707522254
experiment_2026_06_13_16_34,SEN_demand_PEN,2025-11-17,Mexican Revolution Day,H2,G,seasonal_heat_cold,True,2025-11-17,12,True,True,7,False,2,24,7,euclidian,PCR,standard,2,{},2025-11-16 10:00:00,2025-11-18,107.47381978253999,6.2995686943889,101.367147,5.748,,14,24,4,4,7,4,0.07175298207686236,1551.9809933582094,1511.6517098494585,107.47381978253999,6.2995686943889,4.972375160796123,88.86022322073802,73.91822129453729,4.488657163185673,0.8862747148624198,23.395602055360573,127.04791890054155,7.35593375425745,7.35593375425745,127.04791890054155,85.43355135497414,5.078044294598366,2.5285648913673913,49.98181700814127,111.53929351141942,6.476000485706276,6.476000485706276,111.53929351141942,101.92138850641325,5.960963994245468,5.0216821088445815,88.86022322073799,23.395602055360573,127.04791890054155,hourly_window_mean_factor_top_available_analogs,4,1551.647950526316,,1551.647950526316,0.0,-26.586214952780697,15.50862538912214,4.188462442375327e-14,-26.586214952780697,15.50862538912214,4.188462442375327e-14,-49.98181700814127,-111.5392935114194,-88.86022322073798,73.91822129453729,4.488657163185673,85.43355135497414,5.078044294598366,127.04791890054155,7.35593375425745,111.53929351141942,6.476000485706276,101.92138850641325,5.960963994245468,15.50862538912213,0.8799332685511736,-0.5893871314126935,0.33860470014343225,49.98181700814127,111.5392935114194,88.86022322073798
experiment_2026_06_13_16_34,SEN_demand_PEN,2025-12-24,Christmas Eve,H1,G,seasonal_heat_cold,True,2025-12-24,12,True,True,7,False,2,24,7,euclidian,PCR,standard,2,{},2025-12-23 10:00:00,2025-12-25,69.76170407135983,4.00189585342797,101.602529,5.686,,14,24,4,4,7,4,0.07436342205342822,1695.1285794726405,1679.5347054569913,69.76170407135983,4.00189585342797,1.9281004495945666,34.990526316833154,89.6727686433895,4.944795478991547,4.944795478991547,89.6727686433895,58.14691640434253,3.4518710718492174,0.16836168244632818,3.092551626341958,49.75865330213475,2.735245704484672,2.735245704484672,49.75865330213475,73.91723507377206,4.4119286559286515,1.5660126849900493,26.375785575407292,65.01670494737937,3.7942033580282377,1.9967827448038573,34.9905263168332,89.6727686433895,3.092551626341958,hourly_window_mean_factor_top_available_analogs,4,1682.477122105263,,1682.477122105263,0.0,39.91411534125474,-23.283233949065334,-4.188462442375327e-14,39.91411534125474,-23.283233949065334,-4.188462442375327e-14,-49.75865330213476,-26.375785575407292,-34.9905263168332,89.6727686433895,4.944795478991547,49.75865330213475,2.735245704484672,58.14691640434253,3.4518710718492174,73.91723507377206,4.4119286559286515,65.01670494737937,3.7942033580282377,-15.770318669429535,-0.9600575840794341,2.209549774506875,0.20769249539973256,49.75865330213476,26.375785575407292,34.9905263168332
experiment_2026_06_13_16_34,SEN_demand_PEN,2025-12-25,Christmas Day,H2,G,seasonal_heat_cold,True,2025-12-25,12,True,True,23,False,2,24,23,pearson,RidgeReg,standard,2,{},2025-12-24 10:00:00,2025-12-26,171.4018642352543,11.473719139170072,98.791539,5.48,,14,24,4,4,23,4,0.07587086922149315,1731.5683921299915,1684.2392235706836,171.4018642352543,11.473719139170072,-11.473719139170072,-171.4018642352543,96.97995894594716,5.685045669513976,-5.685045669513976,-96.97995894594716,214.81464232068348,14.850445329802797,-14.850445329802797,-214.81464232068348,83.40160949380163,4.892426026347441,-4.718706394625111,-80.61710951121019,224.3596378242806,15.46225036698295,-15.46225036698295,-224.3596378242806,172.42773264989356,11.568104557275133,-11.50410258769322,-171.4018642352546,-96.97995894594716,-214.81464232068348,hourly_window_mean_factor_top_available_analogs,4,1666.3917740131578,,1666.3917740131578,0.0,-16.362849434736972,9.544995503597098,3.3507699539002617e-13,-16.362849434736972,9.544995503597098,3.3507699539002617e-13,80.61710951121019,224.35963782428058,171.40186423525464,96.97995894594716,5.685045669513976,83.40160949380163,4.892426026347441,214.81464232068348,14.850445329802797,224.3596378242806,15.46225036698295,172.42773264989356,11.568104557275133,-9.544995503597136,-0.6118050371801527,0.7926196431665353,-0.09438541810506074,80.61710951121019,224.35963782428058,171.40186423525464
experiment_2026_06_13_16_34,SEN_demand_PEN,2025-12-31,New Year's Eve,H1,G,seasonal_heat_cold,True,2025-12-31,12,True,True,19,False,2,24,19,pearson,RidgeReg,minmax,2,{},2025-12-30 10:00:00,2026-01-01,142.31304692313898,10.323438937975585,106.496636,6.147,,14,24,4,4,19,4,0.06835832645934763,1593.0218892627295,1551.9403442645337,142.31304692313898,10.323438937975585,-10.167298150772654,-139.8180268943083,42.23753719503337,2.5476881587346685,-2.12387745061243,-35.46533997392152,200.69042759786728,14.859293559199452,-14.859293559199452,-200.69042759786728,56.85372229668841,3.414508520506699,-3.1482131546905685,-52.58958918076132,190.70128222721084,14.19209713687828,-14.19209713687828,-190.70128222721084,141.38902330543942,10.221406594004538,-10.12329777501965,-139.8180268943084,-35.46533997392152,-200.69042759786728,hourly_window_mean_factor_top_available_analogs,4,1549.1267882236843,,1549.1267882236843,0.0,17.1242492068398,-9.989145370656445,6.581869552304086e-14,17.1242492068398,-9.989145370656445,6.581869552304086e-14,52.58958918076132,190.70128222721084,139.81802689430836,42.23753719503337,2.5476881587346685,56.85372229668841,3.414508520506699,200.69042759786728,14.859293559199452,190.70128222721084,14.19209713687828,141.38902330543942,10.221406594004538,9.989145370656445,0.6671964223211724,-0.8668203617720307,0.10203234397104666,52.58958918076132,190.70128222721084,139.81802689430836
experiment_2026_06_13_16_34,SEN_demand_PEN,2026-01-01,New Year's Day,H3,G,seasonal_heat_cold,True,2026-01-01,12,True,True,10,False,2,24,10,euclidian,PCR,standard,2,{},2025-12-31 10:00:00,2026-01-02,257.77822977777413,22.164778980050688,112.339322,6.626,,14,24,4,4,10,4,0.07564809535004155,1485.3243313343548,1482.278705619781,257.77822977777413,22.164778980050688,-22.078829699386453,-256.6550176501443,116.85991976290532,8.494538779911483,-8.261247875251428,-113.81120113076726,339.9805772864476,30.139085763465218,-30.139085763465218,-339.9805772864476,158.82144907397995,11.63924069075506,-11.63924069075506,-158.82144907397995,313.7245993195735,27.987808465830607,-27.987808465830607,-313.7245993195735,256.6550176501443,21.964651917118562,-21.964651917118562,-256.6550176501443,-113.81120113076726,-339.9805772864476,hourly_window_mean_factor_top_available_analogs,4,1543.4814282236844,,1543.4814282236844,0.0,45.010247943212676,-26.25597796687411,-2.991758887410948e-14,45.010247943212676,-26.25597796687411,-2.991758887410948e-14,158.82144907397992,313.7245993195735,256.65501765014426,116.85991976290532,8.494538779911483,158.82144907397995,11.63924069075506,339.9805772864476,30.139085763465218,313.7245993195735,27.987808465830607,256.6550176501443,21.964651917118562,26.255977966874127,2.1512772976346106,-3.144701910843576,0.20012706293212545,158.82144907397992,313.7245993195735,256.65501765014426
experiment_2026_06_13_16_34,SEN_demand_PEN,2026-02-02,Constitution Day,H2,G,seasonal_heat_cold,True,2026-02-02,12,True,True,24,False,2,24,24,euclidian,PCR,,10,{},2026-02-01 10:00:00,2026-02-03,118.94403526096869,11.298792761593358,100.305533,6.625,,14,24,4,4,24,4,0.08685966679316853,1194.7220347346529,1193.0448440921502,118.94403526096869,11.298792761593358,-11.298792761593358,-118.94403526096869,99.84114369322904,9.27119080221178,-9.27119080221178,-99.84114369322904,130.08738867548348,12.481560571232611,-12.481560571232611,-130.08738867548348,165.76169177985562,16.267760808976035,-16.267760808976035,-165.76169177985562,91.63373562495129,9.207619462213561,-9.207619462213561,-91.63373562495129,118.94403526096868,11.808724168915525,-11.808724168915525,-118.94403526096868,-99.84114369322904,-130.08738867548348,hourly_window_mean_factor_top_available_analogs,4,1107.2041076973683,,1107.2041076973683,0.0,65.92054808662655,-38.45365305053222,-3.5901106648931376e-14,65.92054808662655,-38.45365305053222,-3.5901106648931376e-14,165.7616917798556,91.63373562495127,118.94403526096865,99.84114369322904,9.27119080221178,165.76169177985562,16.267760808976035,130.08738867548348,12.481560571232611,91.63373562495129,9.207619462213561,118.94403526096868,11.808724168915525,38.453653050532196,3.2739411090190504,-6.996570006764255,-0.509931407322167,165.7616917798556,91.63373562495127,118.94403526096865
experiment_2026_06_13_16_34,SEN_demand_PEN,2026-03-16,Benito Juarez's Birthday,H2,F,seasonal_heat_cold,True,2026-03-16,12,True,True,20,False,2,24,20,pearson,RidgeReg,standard,2,{},2026-03-15 10:00:00,2026-03-17,294.02074635363357,14.803615232752227,96.755159,6.349,,14,24,4,4,20,4,0.09195471038686502,1616.4291049841092,1558.947515379121,294.02074635363357,14.803615232752227,14.488595342521398,289.21464870010146,158.08639360978412,7.669276004398725,6.81422201662933,145.04127140733985,373.3157854542124,18.96531311595844,18.96531311595844,373.3157854542124,226.73628199882248,11.458056497561097,11.458056497561097,226.73628199882248,325.6603626091806,16.6415372367309,16.6415372367309,325.6603626091806,289.21464870010135,14.731833806510446,14.731833806510446,289.21464870010135,145.04127140733985,373.3157854542124,hourly_window_mean_factor_top_available_analogs,4,1832.7310294078948,,1832.7310294078948,0.0,-81.6950105914826,47.65542284503181,1.8548905101947878e-13,-81.6950105914826,47.65542284503181,1.8548905101947878e-13,-226.73628199882245,-325.6603626091806,-289.2146487001013,158.08639360978412,7.669276004398725,226.73628199882248,11.458056497561097,373.3157854542124,18.96531311595844,325.6603626091806,16.6415372367309,289.21464870010135,14.731833806510446,47.65542284503181,2.32377587922754,-3.7887804931623723,0.07178142624178108,226.73628199882245,325.6603626091806,289.2146487001013
experiment_2026_06_13_16_34,SEN_demand_PEN,2026-04-02,Maundy Thursday,H1,F,seasonal_heat_cold,True,2026-04-02,12,True,True,20,False,2,24,20,pearson,RidgeReg,standard,2,{},2026-04-01 10:00:00,2026-04-03,106.2915426851075,5.994071207680717,107.738933,6.853,,14,24,4,4,20,4,0.08984045125188095,1871.9657655382684,1819.5520551588033,106.2915426851075,5.994071207680717,-5.653681155082642,-100.17345290668953,65.04660407751142,3.288708482480535,-2.6443220844237265,-53.282903331637534,130.3510902062052,7.572199464047489,-7.4091406129670085,-127.52627349213655,59.118704725701456,3.0593949761226065,-0.7468135902302403,-16.934234265639102,151.10705606787707,8.739432004389432,-8.602200143293976,-148.72966378063555,117.21661083654922,6.6467867834490235,-5.708110360586284,-100.1734529066895,-53.282903331637534,-127.52627349213655,hourly_window_mean_factor_top_available_analogs,4,1821.4179290789473,,1821.4179290789473,0.0,-36.34866906599843,21.203390288498998,-5.3851659973397064e-14,-36.34866906599843,21.203390288498998,-5.3851659973397064e-14,16.934234265639105,148.72966378063555,100.17345290668948,65.04660407751142,3.288708482480535,59.118704725701456,3.0593949761226065,130.3510902062052,7.572199464047489,151.10705606787707,8.739432004389432,117.21661083654922,6.6467867834490235,-20.755965861671854,-1.167232540341943,0.22931350635792835,-0.6527155757683065,16.934234265639105,148.72966378063555,100.17345290668948
experiment_2026_06_13_16_34,SEN_demand_PEN,2026-04-03,Good Friday,H2,F,seasonal_heat_cold,True,2026-04-03,12,True,True,8,False,2,24,8,pearson,PLS,minmax,6,{},2026-04-02 10:00:00,2026-04-04,74.30614877351341,4.638135309243179,106.212994,7.173,,14,24,4,4,8,4,0.07795180315278782,1685.23543414257,1652.0055234159788,74.30614877351341,4.638135309243179,-3.590511292510751,-56.43516387941219,78.22000938643036,4.500940961208903,-1.6573900586494545,-29.713050388155597,72.02306341597854,4.718165345596507,-4.718165345596507,-72.02306341597854,74.8270868401981,4.319884643148488,-2.943297899719156,-51.087311461764976,61.987929677172694,4.205567819401935,-4.0746775964332445,-59.554744456372994,66.7181454740768,4.247684543940138,-3.6578534976438433,-56.435163879412165,-29.713050388155597,-72.02306341597854,hourly_window_mean_factor_top_available_analogs,4,1648.5064814473685,,1648.5064814473685,0.0,21.374261073609382,-12.46831895960554,-4.188462442375327e-14,21.374261073609382,-12.46831895960554,-4.188462442375327e-14,51.08731146176498,59.554744456373,56.435163879412144,78.22000938643036,4.500940961208903,74.8270868401981,4.319884643148488,72.02306341597854,4.718165345596507,61.987929677172694,4.205567819401935,66.7181454740768,4.247684543940138,10.035133738805847,0.5125975261945719,0.18105631806041433,0.3904507653030409,51.08731146176498,59.554744456373,56.435163879412144
experiment_2026_06_13_16_34,SEN_demand_PEN,2026-04-04,Holy Saturday,H3,F,seasonal_heat_cold,True,2026-04-04,12,True,True,8,False,2,24,8,pearson,RidgeReg,standard,2,{},2026-04-03 10:00:00,2026-04-05,268.65684968066796,15.604883494031561,104.319183,7.027,,14,24,4,4,8,4,0.07259017252315976,1414.7760748133167,1387.2863784361762,268.65684968066796,15.604883494031561,15.380183401784455,265.63851439720946,203.0339928809723,11.572039078699849,10.96213882831485,194.84136854015625,306.93684948049054,17.957376069641725,17.957376069641725,306.93684948049054,217.55039007275846,12.479861376562992,12.17638591993125,213.49189082443618,296.0573781479942,17.360581874884996,17.360581874884996,296.0573781479942,267.13375096238104,15.562421691292679,15.450614944112566,265.63851439720975,194.84136854015625,306.93684948049054,hourly_window_mean_factor_top_available_analogs,4,1415.3539348026316,,1415.3539348026316,0.0,-18.65052228427989,10.879471332496308,-1.8548905101947878e-13,-18.65052228427989,10.879471332496308,-1.8548905101947878e-13,-213.49189082443615,-296.0573781479942,-265.63851439720963,203.0339928809723,11.572039078699849,217.55039007275846,12.479861376562992,306.93684948049054,17.957376069641725,296.0573781479942,17.360581874884996,267.13375096238104,15.562421691292679,10.879471332496337,0.596794194756729,-0.9078222978631434,0.04246180273888278,213.49189082443615,296.0573781479942,265.63851439720963
experiment_2026_06_13_16_34,SEN_demand_PEN,2026-05-01,Labor Day,H2,F,seasonal_heat_cold,True,2026-05-01,12,True,True,16,False,2,24,16,euclidian,PCR,,4,{},2026-04-30 10:00:00,2026-05-02,133.49023945515944,5.791118922769061,120.483714,8.252,,14,24,4,4,16,4,0.08494489031576055,2153.2153459228384,2088.665607349199,133.49023945515944,5.791118922769061,5.740148084753534,132.21019039295143,74.90653040548843,3.2360662812438195,3.0977168637731056,71.43211152235233,167.6640697341342,7.281566296992119,7.281566296992119,167.6640697341342,109.98781509752966,4.761765116421245,0.010090901190032944,11.794913265232692,202.45243538412012,8.530488183362928,8.530488183362928,202.45243538412012,168.3865226469552,7.142011263963361,5.391394447825545,132.2101903929511,71.43211152235233,167.6640697341342,hourly_window_mean_factor_top_available_analogs,4,1964.0573028289473,,1964.0573028289473,0.0,59.637198257119636,-34.788365649985906,3.4704403093967e-13,59.637198257119636,-34.788365649985906,3.4704403093967e-13,-11.794913265232694,-202.4524353841201,-132.2101903929511,74.90653040548843,3.2360662812438195,109.98781509752966,4.761765116421245,167.6640697341342,7.281566296992119,202.45243538412012,8.530488183362928,168.3865226469552,7.142011263963361,-34.788365649985934,-1.2489218863708098,-1.5256988351774252,-1.3508923411942995,11.794913265232694,202.4524353841201,132.2101903929511
experiment_2026_06_13_16_34,SEN_demand_SIN,2025-01-01,New Year's Day,H3,G,seasonal_heat_cold,True,2025-01-01,12,True,True,2,False,2,16,2,pearson,RidgeReg,,2,{},2024-12-31 10:00:00,2025-01-02,392.6062331867829,1.5709007179783159,1007.744155,3.623,,14,24,2,4,2,2,0.08416574810309208,26313.46442899262,24670.722752787187,392.6062331867829,1.5709007179783159,-0.21359143273073558,-22.991550571565984,257.48111994918145,0.866083609701257,0.7204799512333154,216.07165751235152,471.429215908717,1.9820440311399334,-0.7584664067097654,-162.44508862051785,527.3115217574644,1.767323090711196,1.720357847478736,514.4221264589814,920.3313471866119,3.874039183291503,-1.6985715515817053,-336.4828621727168,775.534569396926,3.09788062286718,-0.43896598350680555,-22.991550571564833,216.07165751235152,-162.44508862051785,hourly_window_mean_factor_top_available_analogs,2,28009.100148157897,,28009.100148157897,0.0,-298.3504689466299,174.03777355219896,-1.148835412765804e-12,-298.3504689466299,174.03777355219896,-1.148835412765804e-12,-514.4221264589814,336.4828621727168,22.991550571564837,257.48111994918145,0.866083609701257,527.3115217574644,1.767323090711196,471.429215908717,1.9820440311399334,920.3313471866119,3.874039183291503,775.534569396926,3.09788062286718,-448.90213127789485,-1.8919951521515697,-0.9012394810099391,-1.5269799048888641,514.4221264589814,336.4828621727168,22.991550571564837
experiment_2026_06_13_16_34,SEN_demand_SIN,2025-02-03,Constitution Day,H2,G,seasonal_heat_cold,True,2025-02-03,12,True,True,2,False,2,16,2,pearson,RidgeReg,,2,{},2025-02-02 10:00:00,2025-02-04,1042.9286155197142,3.486314104953783,848.958204,2.979,,14,24,2,4,2,2,0.06772886574005821,28648.04769275634,27944.486018539494,1042.9286155197142,3.486314104953783,2.7841380571353658,839.1841856647125,555.2191131926385,1.8301468306293904,-0.07575958487774415,2.1985178719192584,1327.4258252105085,4.452411681643011,4.452411681643011,1327.4258252105085,527.5970099373424,1.7359508412009803,0.3390841791901547,124.22616216085329,1256.243032708631,4.2309894107466235,4.2309894107466235,1256.243032708631,987.7944980034196,3.311764674598229,2.7971295885942404,839.184185664713,2.1985178719192584,1327.4258252105085,hourly_window_mean_factor_top_available_analogs,2,27224.01312763158,,27224.01312763158,0.0,-122.02764428893404,71.18279250187727,-5.74417706382902e-13,-122.02764428893404,71.18279250187727,-5.74417706382902e-13,-124.2261621608533,-1256.2430327086313,-839.184185664713,555.2191131926385,1.8301468306293904,527.5970099373424,1.7359508412009803,1327.4258252105085,4.452411681643011,1256.243032708631,4.2309894107466235,987.7944980034196,3.311764674598229,71.18279250187743,0.22142227089638755,0.09419598942841012,0.17454943035555415,124.2261621608533,1256.2430327086313,839.184185664713
experiment_2026_06_13_16_34,SEN_demand_SIN,2025-03-17,Benito Juarez's Birthday,H2,F,seasonal_heat_cold,True,2025-03-17,12,True,True,2,False,2,16,2,pearson,RidgeReg,,2,{},2025-03-16 10:00:00,2025-03-18,1002.3071819591469,3.2780613423433875,879.359309,3.06,,14,24,2,4,2,2,0.06615029837194082,32002.467457485458,31754.54566797029,1002.3071819591469,3.2780613423433875,-3.2780613423433875,-1002.3071819591469,726.5626409400489,2.3611174661646026,-2.3611174661646026,-726.5626409400489,1163.1581642202875,3.8129452701143447,-3.8129452701143447,-1163.1581642202875,700.9660522894976,2.286952269930388,-2.281076884695966,-698.9143714565544,1179.2863214189845,3.8699092511919617,-3.8699092511919617,-1179.2863214189845,1003.0630643712788,3.286714573885066,-3.2845499582723843,-1002.3071819591418,-726.5626409400489,-1163.1581642202875,hourly_window_mean_factor_top_available_analogs,2,32395.75143381579,,32395.75143381579,0.0,-27.648269483494524,16.128157198696954,-5.169759357446118e-12,-27.648269483494524,16.128157198696954,-5.169759357446118e-12,698.9143714565544,1179.2863214189845,1002.3071819591418,726.5626409400489,2.3611174661646026,700.9660522894976,2.286952269930388,1163.1581642202875,3.8129452701143447,1179.2863214189845,3.8699092511919617,1003.0630643712788,3.286714573885066,-16.128157198696954,-0.05696398107761702,0.07416519623421447,-0.008653231541678519,698.9143714565544,1179.2863214189845,1002.3071819591418
experiment_2026_06_13_16_34,SEN_demand_SIN,2025-04-17,Maundy Thursday,H1,F,seasonal_heat_cold,True,2025-04-17,12,True,True,2,False,2,16,2,pearson,RidgeReg,,2,{},2025-04-16 10:00:00,2025-04-18,764.3856760099508,1.9661864148925858,923.619767,3.174,,14,24,2,4,2,2,0.05884354907409991,37670.23454298856,36012.257567553774,764.3856760099508,1.9661864148925858,1.6481036811654188,647.4704301693407,524.9736277002224,1.2737694086806968,0.7768628927996841,335.00198840896184,904.0427041906256,2.3700963351828546,2.1563274743787644,829.7436878628951,716.3187566845123,1.7396444966204254,0.8486991599119263,375.07157088500287,954.2014477063364,2.4902176489614987,2.0587651875954376,806.3697647518605,866.5604562772432,2.213690698098998,1.612951387922565,647.470430169334,335.00198840896184,829.7436878628951,hourly_window_mean_factor_top_available_analogs,2,35825.49389381579,,35825.49389381579,0.0,-40.06958247604104,23.373923111034554,6.701539907800524e-12,-40.06958247604104,23.373923111034554,6.701539907800524e-12,-375.07157088500287,-806.3697647518605,-647.470430169334,524.9736277002224,1.2737694086806968,716.3187566845123,1.7396444966204254,904.0427041906256,2.3700963351828546,954.2014477063364,2.4902176489614987,866.5604562772432,2.213690698098998,-50.15874351571074,-0.1201213137786441,-0.46587508793972865,-0.24750428320641205,375.07157088500287,806.3697647518605,647.470430169334
experiment_2026_06_13_16_34,SEN_demand_SIN,2025-04-18,Good Friday,H2,F,seasonal_heat_cold,True,2025-04-18,12,True,True,2,False,2,16,2,pearson,LassoReg,,2,{},2025-04-17 10:00:00,2025-04-19,1295.0518301488473,3.7852240145694096,925.435631,3.125,,14,24,2,4,2,2,0.08040803157378516,33807.09383665108,31657.984984174822,1295.0518301488473,3.7852240145694096,3.4676592480847344,1182.666570191021,814.8155304179943,2.1139377760778473,1.2519762670480123,509.76982481818,1575.1896716585115,4.760140987022822,4.760140987022822,1575.1896716585115,1113.1006876195238,2.8697532992139854,2.1325749912734246,852.8974792243664,1375.0318732549088,4.046027074541235,4.046027074541235,1375.0318732549088,1278.5309101260827,3.612663052052248,3.34107104386362,1182.666570191025,509.76982481818,1575.1896716585115,hourly_window_mean_factor_top_available_analogs,2,31918.02930828948,,31918.02930828948,0.0,-343.1276544061865,200.1577984036027,-3.8294513758860134e-12,-343.1276544061865,200.1577984036027,-3.8294513758860134e-12,-852.8974792243664,-1375.0318732549088,-1182.666570191025,814.8155304179943,2.1139377760778473,1113.1006876195238,2.8697532992139854,1575.1896716585115,4.760140987022822,1375.0318732549088,4.046027074541235,1278.5309101260827,3.612663052052248,200.15779840360278,0.7141139124815874,-0.7558155231361381,0.1725609625171618,852.8974792243664,1375.0318732549088,1182.666570191025
experiment_2026_06_13_16_34,SEN_demand_SIN,2025-04-19,Holy Saturday,H3,F,seasonal_heat_cold,True,2025-04-19,12,True,True,2,False,2,17,2,pearson,LassoReg,,2,{},2025-04-18 10:00:00,2025-04-20,1963.8895230803112,5.91280854258967,994.259576,3.32,,14,24,2,4,2,2,0.06828054922775764,31652.960515340743,31120.398805090605,1963.8895230803112,5.91280854258967,5.91280854258967,1963.8895230803112,1208.3269949447326,3.590580835088197,3.590580835088197,1208.3269949447326,2404.6343311593987,7.267441371965529,7.267441371965529,2404.6343311593987,1814.5850243432258,5.351716101862303,5.351716101862303,1814.5850243432258,2050.983814010276,6.168252749003237,6.168252749003237,2050.983814010276,1963.8895230803096,5.867423457951315,5.867423457951315,1963.8895230803096,1208.3269949447326,2404.6343311593987,hourly_window_mean_factor_top_available_analogs,2,30732.40689894737,,30732.40689894737,0.0,-606.2580293984932,353.6505171491228,1.0530991283686538e-12,-606.2580293984932,353.6505171491228,1.0530991283686538e-12,-1814.585024343226,-2050.983814010276,-1963.88952308031,1208.3269949447326,3.590580835088197,1814.5850243432258,5.351716101862303,2404.6343311593987,7.267441371965529,2050.983814010276,6.168252749003237,1963.8895230803096,5.867423457951315,353.6505171491226,1.0991886229622922,-1.7611352667741063,0.045385084638355444,1814.585024343226,2050.983814010276,1963.88952308031
experiment_2026_06_13_16_34,SEN_demand_SIN,2025-05-01,Labor Day,H2,F,seasonal_heat_cold,True,2025-05-01,12,True,True,2,False,2,17,2,pearson,LassoReg,,2,{},2025-04-30 10:00:00,2025-05-02,1271.3225440308574,3.4097365853194592,1114.425364,3.688,,14,24,2,4,2,2,0.05891348297031645,41067.112510736166,39571.94345778038,1271.3225440308574,3.4097365853194592,-3.1130292875630605,-1138.2143575782761,376.49423117453836,0.8456337872338608,-0.04028540760935002,-15.200582231817473,1793.305726530377,4.905463217536059,-4.905463217536059,-1793.305726530377,491.51969554021497,1.1251055338913658,-0.5451266398127749,-230.36937128826114,1667.8221748889994,4.6119910470530305,-4.611913612562329,-1667.7905995807744,1234.447577234184,3.327349015888207,-3.113623675233546,-1138.2143575782695,-15.200582231817473,-1793.305726530377,hourly_window_mean_factor_top_available_analogs,2,36770.843829342106,,36770.843829342106,0.0,215.16878905644367,-125.51512694960245,-6.510067339006223e-12,215.16878905644367,-125.51512694960245,-6.510067339006223e-12,230.36937128826114,1667.7905995807744,1138.2143575782695,376.49423117453836,0.8456337872338608,491.51969554021497,1.1251055338913658,1793.305726530377,4.905463217536059,1667.8221748889994,4.6119910470530305,1234.447577234184,3.327349015888207,125.48355164137752,0.2934721704830281,-0.27947174665750496,0.08238756943125214,230.36937128826114,1667.7905995807744,1138.2143575782695
experiment_2026_06_13_16_34,SEN_demand_SIN,2025-09-16,Independence Day,H2,G,seasonal_heat_cold,True,2025-09-16,12,True,True,2,False,2,18,2,pearson,LassoReg,,2,{},2025-09-15 10:00:00,2025-09-17,4256.530533356234,11.500550981361798,1168.387379,3.798,,14,24,2,4,2,2,0.0781856314981015,32334.274122433246,31373.370307006477,4256.530533356234,11.500550981361798,11.500550981361798,4256.530533356234,5555.249815406586,14.039665798476308,14.039665798476308,5555.249815406586,3498.944285493529,10.019400671378337,10.019400671378337,3498.944285493529,5456.021643667419,13.800954441409981,13.800954441409981,5456.021643667419,3556.8273856747005,10.247775218398784,10.247775218398784,3556.8273856747005,4256.530533356228,11.556841247929228,11.556841247929228,4256.530533356228,5555.249815406586,3498.944285493529,hourly_window_mean_factor_top_available_analogs,2,30024.633894605264,,30024.633894605264,0.0,99.22817173916754,-57.88310018117227,5.55270449503472e-12,99.22817173916754,-57.88310018117227,5.55270449503472e-12,-5456.021643667418,-3556.8273856747014,-4256.530533356228,5555.249815406586,14.039665798476308,5456.021643667419,13.800954441409981,3498.944285493529,10.019400671378337,3556.8273856747005,10.247775218398784,4256.530533356228,11.556841247929228,-57.88310018117136,-0.22837454702044724,0.23871135706632707,-0.05629026656743008,5456.021643667418,3556.8273856747014,4256.530533356228
experiment_2026_06_13_16_34,SEN_demand_SIN,2025-11-17,Mexican Revolution Day,H2,G,seasonal_heat_cold,True,2025-11-17,12,True,True,5,False,2,20,5,pearson,PLS,standard,2,{},2025-11-16 10:00:00,2025-11-18,1388.8900886980332,4.26811364581348,1408.382803,4.274,,14,24,4,4,5,4,0.06951523061030979,30735.260454668485,30071.572222911098,1388.8900886980332,4.26811364581348,3.929561638631037,1289.8660845420397,893.9480143136841,2.6915308361924484,1.7726039595543897,625.1685744617015,1677.6062987555704,5.187786951425749,5.187786951425749,1677.6062987555704,1002.2295657707912,2.968548347851471,2.548642980597658,879.4835068276768,1529.255921542087,4.717531701698289,4.717531701698289,1529.255921542087,1335.088316784241,4.073169413438935,3.918467436029635,1289.866084542041,625.1685744617015,1677.6062987555704,hourly_window_mean_factor_top_available_analogs,4,29331.70040993421,,29331.70040993421,0.0,-254.3149323659753,148.3503772134833,-1.4360442659572551e-12,-254.3149323659753,148.3503772134833,-1.4360442659572551e-12,-879.4835068276768,-1529.255921542087,-1289.866084542041,893.9480143136841,2.6915308361924484,1002.2295657707912,2.968548347851471,1677.6062987555704,5.187786951425749,1529.255921542087,4.717531701698289,1335.088316784241,4.073169413438935,148.3503772134834,0.4702552497274599,-0.27701751165902255,0.19494423237454495,879.4835068276768,1529.255921542087,1289.866084542041
experiment_2026_06_13_16_34,SEN_demand_SIN,2025-12-24,Christmas Eve,H1,G,seasonal_heat_cold,True,2025-12-24,12,True,True,14,False,2,21,14,euclidian,PCR,,3,{},2025-12-23 10:00:00,2025-12-25,1413.4739956992048,4.427707221197882,1176.62481,3.605,,14,24,4,4,14,4,0.07633827375416886,31166.4330240388,28899.4660657085,1413.4739956992048,4.427707221197882,2.847393322595606,882.1443585927803,1342.1644151760524,3.857253922867494,-0.40262071391350435,-91.63979117645378,1455.071251004377,4.760471645223942,4.743234843892586,1450.1851126248332,945.6506766406013,2.6442044897050905,2.1863966758100575,792.0294937199085,1095.0135718097965,3.6144374518000277,3.0657621012038176,934.7113631019525,1039.9851367474616,3.2569832026071563,2.7417853655324325,882.1443585927784,-91.63979117645378,1450.1851126248332,hourly_window_mean_factor_top_available_analogs,4,30662.11124118421,,30662.11124118421,0.0,-883.6692848963622,515.4737495228807,1.723253119148706e-12,-883.6692848963622,515.4737495228807,1.723253119148706e-12,-792.0294937199085,-934.7113631019525,-882.1443585927786,1342.1644151760524,3.857253922867494,945.6506766406013,2.6442044897050905,1455.071251004377,4.760471645223942,1095.0135718097965,3.6144374518000277,1039.9851367474616,3.2569832026071563,360.0576791945805,1.146034193423914,1.2130494331624035,1.1707240185907257,792.0294937199085,934.7113631019525,882.1443585927786
experiment_2026_06_13_16_34,SEN_demand_SIN,2025-12-25,Christmas Day,H2,G,seasonal_heat_cold,True,2025-12-25,12,True,True,14,False,2,21,14,euclidian,PCR,,3,{},2025-12-24 10:00:00,2025-12-26,3176.6987677817156,12.127228585148936,1176.62481,3.605,,14,24,4,4,14,4,0.07579693699050648,30850.558907518556,29776.73289719237,3176.6987677817156,12.127228585148936,-12.127228585148936,-3176.6987677817156,1993.2133909348827,6.586643729631395,-6.586643729631395,-1993.2133909348827,3867.065237609035,15.35923641753417,-15.35923641753417,-3867.065237609035,1374.5209213730843,4.574332324038392,-1.9045846515256337,-567.2131968410953,4698.898684163741,18.351669227530895,-18.351669227530895,-4698.898684163741,3474.127929451394,13.27580826308629,-12.292217015318432,-3176.698767781713,-1993.2133909348827,-3867.065237609035,hourly_window_mean_factor_top_available_analogs,4,30859.32210776316,,30859.32210776316,0.0,-1426.0001940937873,831.8334465547053,-2.489143394325909e-12,-1426.0001940937873,831.8334465547053,-2.489143394325909e-12,567.2131968410954,4698.898684163741,3176.6987677817133,1993.2133909348827,6.586643729631395,1374.5209213730843,4.574332324038392,3867.065237609035,15.35923641753417,4698.898684163741,18.351669227530895,3474.127929451394,13.27580826308629,-831.8334465547055,-2.992432809996725,2.012311405593003,-1.148579677937354,567.2131968410954,4698.898684163741,3176.6987677817133
experiment_2026_06_13_16_34,SEN_demand_SIN,2025-12-31,New Year's Eve,H1,G,seasonal_heat_cold,True,2025-12-31,12,True,True,14,False,2,21,14,euclidian,PCR,,3,{},2025-12-30 10:00:00,2026-01-01,2208.0453493204755,7.4449764689309195,1323.880722,4.294,,14,24,4,4,14,4,0.07835677715739212,28051.141997373124,26116.581179296238,2208.0453493204755,7.4449764689309195,7.282219140871059,2162.931291837402,1392.740945923637,4.177379481174731,4.177379481174731,1392.740945923637,2683.6395846352984,9.351074711788696,9.093375609027254,2612.2089936204325,1954.4851294220778,5.905947746208274,5.905947746208274,1954.4851294220778,2284.524886579676,7.953804563396503,7.953804563396503,2284.524886579676,2162.931291837403,7.199330999169261,7.199330999169261,2162.931291837403,1392.740945923637,2612.2089936204325,hourly_window_mean_factor_top_available_analogs,4,29544.993992105265,,29544.993992105265,0.0,-561.744183498441,327.6841070407565,-4.786814219857517e-13,-561.744183498441,327.6841070407565,-4.786814219857517e-13,-1954.485129422078,-2284.524886579676,-2162.9312918374026,1392.740945923637,4.177379481174731,1954.4851294220778,5.905947746208274,2683.6395846352984,9.351074711788696,2284.524886579676,7.953804563396503,2162.931291837403,7.199330999169261,399.1146980556223,1.3972701483921934,-1.7285682650335428,0.24564546976165857,1954.485129422078,2284.524886579676,2162.9312918374026
experiment_2026_06_13_16_34,SEN_demand_SIN,2026-01-01,New Year's Day,H3,G,seasonal_heat_cold,True,2026-01-01,12,True,True,21,False,2,21,21,euclidian,PCR,,10,{},2025-12-31 10:00:00,2026-01-02,920.2502348445109,3.6421445278024556,1325.167716,4.214,,14,24,4,4,21,4,0.08927039977799471,27019.13921860104,25258.36537963378,920.2502348445109,3.6421445278024556,-3.3348377465394883,-832.6103972852508,906.0506889734885,3.1213778024738477,-3.1213778024738477,-906.0506889734885,928.5333032692744,3.9459251175774788,-3.459356047244446,-789.7702271337786,853.8548473613256,2.9951953112900367,-2.802878269386941,-793.493025106888,1242.724864245182,5.356779701813461,-3.990932842629013,-855.4288643892972,1099.4569632879716,4.486722294778515,-3.553228526171408,-832.6103972852518,-906.0506889734885,-789.7702271337786,hourly_window_mean_factor_top_available_analogs,4,27584.496144210527,,27584.496144210527,0.0,-112.55766386660045,65.6586372555186,1.0530991283686538e-12,-112.55766386660045,65.6586372555186,1.0530991283686538e-12,793.493025106888,855.4288643892971,832.6103972852518,906.0506889734885,3.1213778024738477,853.8548473613256,2.9951953112900367,928.5333032692744,3.9459251175774788,1242.724864245182,5.356779701813461,1099.4569632879716,4.486722294778515,-314.1915609759077,-1.4108545842359823,0.12618249118381097,-0.8445777669760592,793.493025106888,855.4288643892971,832.6103972852518
experiment_2026_06_13_16_34,SEN_demand_SIN,2026-02-02,Constitution Day,H2,G,seasonal_heat_cold,True,2026-02-02,12,True,True,18,False,2,21,18,euclidian,PCR,,16,{},2026-02-01 10:00:00,2026-02-03,2503.873801411945,8.660581456647478,1253.499733,3.915,,14,24,4,4,18,4,0.07047438725939409,26701.904407657014,25661.61688858418,2503.873801411945,8.660581456647478,8.562032809356356,2476.200066553509,1144.5026199767287,3.6561446140943876,3.388655428589913,1069.3881967895447,3296.84032391582,11.579836281470117,11.579836281470117,3296.84032391582,2436.9138644991544,8.138560293447773,8.138560293447773,2436.9138644991544,2499.11701775189,8.697248267952896,8.697248267952896,2499.11701775189,2476.2000665535143,8.491415856293115,8.491415856293115,2476.2000665535143,1069.3881967895447,3296.84032391582,hourly_window_mean_factor_top_available_analogs,4,29388.594884605263,,29388.594884605263,0.0,-1367.5256677096097,797.7233061639305,-5.361231926240419e-12,-1367.5256677096097,797.7233061639305,-5.361231926240419e-12,-2436.9138644991544,-2499.1170177518898,-2476.2000665535143,1144.5026199767287,3.6561446140943876,2436.9138644991544,8.138560293447773,3296.84032391582,11.579836281470117,2499.11701775189,8.697248267952896,2476.2000665535143,8.491415856293115,797.7233061639299,2.8825880135172213,-4.482415679353386,0.16916560035436312,2436.9138644991544,2499.1170177518898,2476.2000665535143
experiment_2026_06_13_16_34,SEN_demand_SIN,2026-03-16,Benito Juarez's Birthday,H2,F,seasonal_heat_cold,True,2026-03-16,12,True,True,15,False,2,21,15,euclidian,PCR,,11,{},2026-03-15 10:00:00,2026-03-17,784.7316847075505,2.3536017058905734,1314.425679,4.139,,14,24,4,4,15,4,0.06279975055049491,32290.52386445361,31740.094530176662,784.7316847075505,2.3536017058905734,2.110138514162094,703.9892747569194,901.3713833085405,2.500771936842365,2.301221320975187,841.092833214493,716.6918605236397,2.2677524045020285,1.9986735435211225,624.0121989900014,1405.3481977009344,4.009050805166346,1.4825324719393886,633.6226970635798,761.9665653130664,2.3262952165025217,2.2719099266342333,745.0364450780281,999.0019035612282,2.94625780179972,1.981086653851922,703.9892747569156,841.092833214493,624.0121989900014,hourly_window_mean_factor_top_available_analogs,4,32140.85911263158,,32140.85911263158,0.0,207.47013615091313,-121.02424608802676,3.7337150914888636e-12,207.47013615091313,-121.02424608802676,3.7337150914888636e-12,-633.6226970635798,-745.0364450780281,-703.9892747569156,901.3713833085405,2.500771936842365,1405.3481977009344,4.009050805166346,716.6918605236397,2.2677524045020285,761.9665653130664,2.3262952165025217,999.0019035612282,2.94625780179972,-45.27470478942678,-0.05854281200049316,-1.5082788683239814,-0.5926560959091467,633.6226970635798,745.0364450780281,703.9892747569156
experiment_2026_06_13_16_34,SEN_demand_SIN,2026-04-02,Maundy Thursday,H1,F,seasonal_heat_cold,True,2026-04-02,12,True,True,5,False,2,21,5,euclidian,PCR,,2,{},2026-04-01 10:00:00,2026-04-03,1136.9921296730427,2.992567873788589,1425.583661,4.483,,14,24,4,4,5,4,0.06858031998194895,37688.11840317143,35906.870458807,1136.9921296730427,2.992567873788589,2.130796759667998,802.6184389338345,731.0422813531139,1.8225214952569775,-0.5165715287846272,-176.5434506533082,1373.7962078596677,3.675094927932029,3.675094927932029,1373.7962078596677,819.9189663098706,2.0518103333234516,-0.6568042714453537,-227.85282504451555,1403.726676254537,3.722560981952413,3.722560981952413,1403.726676254537,1188.6396252222917,3.1070212692996377,2.1091106254374465,802.6184389338335,-176.5434506533082,1373.7962078596677,hourly_window_mean_factor_top_available_analogs,4,36109.717347236845,,36109.717347236845,0.0,51.30937439120732,-29.930468394869575,8.61626559574353e-13,51.30937439120732,-29.930468394869575,8.61626559574353e-13,227.85282504451553,-1403.7266762545373,-802.6184389338335,731.0422813531139,1.8225214952569775,819.9189663098706,2.0518103333234516,1373.7962078596677,3.675094927932029,1403.726676254537,3.722560981952413,1188.6396252222917,3.1070212692996377,-29.930468394869422,-0.04746605402038373,-0.22928883806647415,-0.11445339551104894,227.85282504451553,1403.7266762545373,802.6184389338335
experiment_2026_06_13_16_34,SEN_demand_SIN,2026-04-03,Good Friday,H2,F,seasonal_heat_cold,True,2026-04-03,12,True,True,5,False,2,21,5,euclidian,PCR,,2,{},2026-04-02 10:00:00,2026-04-04,1094.5091064821347,3.2180879090382746,1425.583661,4.483,,14,24,4,4,5,4,0.06858031998194895,36484.55489465221,34775.740376303314,1094.5091064821347,3.2180879090382746,-2.9088171775481,-976.265420968009,1120.4512118217685,3.0116503503511836,-3.0116503503511836,-1120.4512118217685,1079.3762117006818,3.3385098182724113,-2.848831160079635,-892.1570429699826,1196.7784575956753,3.229294516984004,-3.229294516984004,-1196.7784575956753,1067.273945163311,3.291438730039291,-2.7142163287534085,-847.6328162685223,1114.9861339541822,3.268543493650501,-2.9039819770488915,-976.2654209679998,-1120.4512118217685,-892.1570429699826,hourly_window_mean_factor_top_available_analogs,4,36109.717347236845,,36109.717347236845,0.0,76.3272457739066,-44.524226701460215,-9.286419586523584e-12,76.3272457739066,-44.524226701460215,-9.286419586523584e-12,1196.778457595675,847.6328162685224,976.2654209679997,1120.4512118217685,3.0116503503511836,1196.7784575956753,3.229294516984004,1079.3762117006818,3.3385098182724113,1067.273945163311,3.291438730039291,1114.9861339541822,3.268543493650501,12.102266537370724,0.04707108823312023,-0.21764416663282038,-0.050455584612226545,1196.778457595675,847.6328162685224,976.2654209679997
experiment_2026_06_13_16_34,SEN_demand_SIN,2026-04-04,Holy Saturday,H3,F,seasonal_heat_cold,True,2026-04-04,12,True,True,21,False,2,22,21,pearson,RidgeReg,standard,2,{},2026-04-03 10:00:00,2026-04-05,814.9529731868674,2.377999273692629,1213.06995,3.775,,14,24,4,4,21,4,0.06903884197070245,33557.69682177076,33070.41524990175,814.9529731868674,2.377999273692629,1.9207700102720127,669.1189677029242,355.15564133878695,1.0425515631786673,-0.1984992946772909,-40.679516403344415,1083.168083431581,3.1570104381591064,3.1570104381591064,1083.168083431581,403.54021934198107,1.1365369482902408,0.8642254794538553,318.0131512606609,901.7304324365986,2.6798261535323924,2.60699223097201,873.9306939609077,718.186669717529,2.1112459200221263,1.9649202698863732,669.118967702922,-40.679516403344415,1083.168083431581,hourly_window_mean_factor_top_available_analogs,4,32019.044243881577,,32019.044243881577,0.0,-358.69266766400534,209.2373894706734,2.297670825531608e-12,-358.69266766400534,209.2373894706734,2.297670825531608e-12,-318.01315126066095,-873.9306939609075,-669.118967702922,355.15564133878695,1.0425515631786673,403.54021934198107,1.1365369482902408,1083.168083431581,3.1570104381591064,901.7304324365986,2.6798261535323924,718.186669717529,2.1112459200221263,181.4376509949824,0.47718428462671403,-0.0939853851115735,0.2667533536705027,318.01315126066095,873.9306939609075,669.118967702922
experiment_2026_06_13_16_34,SEN_demand_SIN,2026-05-01,Labor Day,H2,F,seasonal_heat_cold,True,2026-05-01,12,True,True,21,False,2,22,21,pearson,RidgeReg,standard,2,{},2026-04-30 10:00:00,2026-05-02,1560.0796093035997,3.9001216282631055,1193.27914,3.738,,14,24,4,4,21,4,0.07461581402236908,43637.39539877728,41609.824665052525,1560.0796093035997,3.9001216282631055,-3.9001216282631055,-1560.0796093035997,712.0880851625838,1.5141954819431056,-1.5141954819431056,-712.0880851625838,2054.741331719192,5.291911880283106,-5.291911880283106,-2054.741331719192,758.2222296060993,1.602397220893124,-1.602397220893124,-758.2222296060993,2030.9439599845784,5.2122844233474455,-5.205611301456398,-2027.8297474604642,1562.0464803714547,3.882325980337958,-3.878111377038349,-1560.0796093035929,-712.0880851625838,-2054.741331719192,hourly_window_mean_factor_top_available_analogs,4,37186.16325171053,,37186.16325171053,0.0,46.134144443515524,-26.911584258728,-6.701539907800524e-12,46.134144443515524,-26.911584258728,-6.701539907800524e-12,758.2222296060993,2027.8297474604642,1560.079609303593,712.0880851625838,1.5141954819431056,758.2222296060993,1.602397220893124,2054.741331719192,5.291911880283106,2030.9439599845784,5.2122844233474455,1562.0464803714547,3.882325980337958,23.797371734613762,0.07962745693566031,-0.08820173895001848,0.017795647925147318,758.2222296060993,2027.8297474604642,1560.079609303593
