experiment_id,unique_id,target_date,holiday_label,holiday_day_type,analog_cluster,cluster_filter_label,filter_by_cluster,train_end,eligible_tuning_dates,target_exists,target_has_complete_profile,selected_analogs,fail,optuna_k_min,optuna_k_max,k,typedist,typereg,scale_method,n_components,regressor_params,forecast_start,forecast_end,mae_window,mape_window_pct,tuning_best_mean_mae,tuning_best_mean_mape_pct,error,bias_head_hours,bias_tail_hours,hourly_factor_analog_count,hourly_factor_requested_analogs,hourly_factor_available_neighbors,hourly_factor_selected_analogs,hourly_factor_mean_abs,forecast_window_mean_38,forecast_daily_mean_24,mae_38,mape_38_pct,mpe_38_pct,bias_38,mae_14,mape_14_pct,mpe_14_pct,bias_14,mae_24,mape_24_pct,mpe_24_pct,bias_24,mae_14_bias_adjusted,mape_14_bias_adjusted_pct,mpe_14_bias_adjusted_pct,bias_14_bias_adjusted,mae_24_bias_adjusted,mape_24_bias_adjusted_pct,mpe_24_bias_adjusted_pct,bias_24_bias_adjusted,mae_38_bias_adjusted,mape_38_bias_adjusted_pct,mpe_38_bias_adjusted_pct,bias_38_bias_adjusted,head_bias_mean,tail_bias_mean,bias_model_method,bias_train_samples,bias_train_window_mean,bias_train_head_tail_corr,bias_model_intercept,bias_model_slope,predicted_head_bias_mean,predicted_tail_bias_mean,predicted_full_bias_mean,predicted_bias_14,predicted_bias_24,predicted_bias_38,bias_14_prediction_error,bias_24_prediction_error,bias_38_prediction_error,mae_head14,mape_head14_pct,mae_head14_bias_adjusted,mape_head14_bias_adjusted_pct,mae_holiday24_raw,mape_holiday24_raw_pct,mae_holiday24_bias_adjusted,mape_holiday24_bias_adjusted_pct,mae_window_bias_adjusted,mape_window_bias_adjusted_pct,mae_holiday24_improvement,mape_holiday24_improvement_pct,mape_head14_improvement_pct,mape_window_improvement_pct,bias_14_prediction_abs_error,bias_24_prediction_abs_error,bias_38_prediction_abs_error
experiment_2026_06_13_13_27,SEN_demand_CEL,2025-01-01,New Year's Day,H3,G,shape_pearson_CDE_map_FGH,True,2025-01-01,12,True,True,5,False,2,8,5,euclidian,PCR,minmax,4,{},2024-12-31 10:00:00,2025-01-02,75.39098965715894,1.4583547699006851,178.374924,2.955,,14,24,4,4,5,4,0.133025882944763,5123.267036635725,4684.302658225639,75.39098965715894,1.4583547699006851,0.7785274173005436,39.97461073269516,86.92696698492156,1.480444014111734,1.0489395677497348,61.82485751841081,68.66166954929741,1.4454693774442395,0.6207869962051825,27.2286334410277,127.61328810312418,2.1617226004505796,2.030750180191611,119.95214228364317,64.02930253478407,1.3255128286286184,-0.06628812193542795,-6.678949338690113,87.45498142838305,1.6335901129840775,0.7063049367429547,39.97461073269583,61.82485751841081,27.2286334410277,hourly_window_mean_factor_top_available_analogs,4,5197.010528355263,,5197.010528355263,0.0,-58.12728476523235,33.90758277971781,-6.701539907800523e-13,-58.12728476523235,33.90758277971781,-6.701539907800523e-13,-119.95214228364316,6.6789493386901135,-39.97461073269583,86.92696698492156,1.480444014111734,127.61328810312418,2.1617226004505796,68.66166954929741,1.4454693774442395,64.02930253478407,1.3255128286286184,87.45498142838305,1.6335901129840775,4.632367014513349,0.11995654881562112,-0.6812785863388455,-0.1752353430833924,119.95214228364316,6.6789493386901135,39.97461073269583
experiment_2026_06_13_13_27,SEN_demand_CEL,2025-02-03,Constitution Day,H2,H,shape_pearson_CDE_map_FGH,True,2025-02-03,12,True,True,6,False,2,9,6,pearson,RidgeReg,standard,2,{},2025-02-02 10:00:00,2025-02-04,164.09297513131145,2.923915330975741,215.402688,3.604,,14,24,4,4,6,4,0.0823329184330044,6106.395756403622,6009.648180229261,164.09297513131145,2.923915330975741,-2.261156605902269,-121.76430087730587,115.46414440266562,1.8653690255485533,-0.5398598185962448,-30.997983416810712,192.45979305635487,3.541400675808266,-3.265246398497451,-174.71131939592806,104.70224909991774,1.6960266566507942,-0.9134711415756804,-55.293013121081,173.881019800818,3.129934769032129,-2.901680399164944,-160.5392187351041,148.3941042794337,2.601652832891637,-2.169182251632057,-121.76430087730611,-30.997983416810712,-174.71131939592806,hourly_window_mean_factor_top_available_analogs,4,5955.341961776316,,5955.341961776316,0.0,24.29502970427029,-14.172100660823958,2.3934071099287584e-13,24.29502970427029,-14.172100660823958,2.3934071099287584e-13,55.293013121081,160.5392187351041,121.76430087730611,115.46414440266562,1.8653690255485533,104.70224909991774,1.6960266566507942,192.45979305635487,3.541400675808266,173.881019800818,3.129934769032129,148.3941042794337,2.601652832891637,18.578773255536873,0.41146590677613704,0.1693423688977591,0.322262498084104,55.293013121081,160.5392187351041,121.76430087730611
experiment_2026_06_13_13_27,SEN_demand_CEL,2025-03-17,Benito Juarez's Birthday,H2,H,shape_pearson_CDE_map_FGH,True,2025-03-17,12,True,True,6,False,2,9,6,pearson,RidgeReg,standard,2,{},2025-03-16 10:00:00,2025-03-18,67.17539700993204,1.098608324019324,217.65275,3.655,,14,24,4,4,6,4,0.07998400716373369,6100.390697149415,5963.6030502855865,67.17539700993204,1.098608324019324,-0.36362509533929915,-21.427227938890034,49.25457218961056,0.7697906026355533,0.4969628778286083,33.116759655447105,77.6292114884529,1.2904186614931903,-0.865634746353912,-53.2445540355867,70.72271542796236,1.094235754471491,0.7633388697002658,51.22100724144119,91.39334262514065,1.5364785506869285,-1.10641388903318,-63.805365127414994,83.77784839460128,1.3735469941865042,-0.41755760949980525,-21.42722793888903,33.116759655447105,-53.2445540355867,hourly_window_mean_factor_top_available_analogs,4,5929.926916315789,,5929.926916315789,0.0,-18.10424758599408,10.56081109182829,-1.0052309861700787e-12,-18.10424758599408,10.56081109182829,-1.0052309861700787e-12,-51.221007241441185,63.805365127414994,21.42722793888903,49.25457218961056,0.7697906026355533,70.72271542796236,1.094235754471491,77.6292114884529,1.2904186614931903,91.39334262514065,1.5364785506869285,83.77784839460128,1.3735469941865042,-13.764131136687752,-0.24605988919373822,-0.3244451518359376,-0.2749386701671801,51.221007241441185,63.805365127414994,21.42722793888903
experiment_2026_06_13_13_27,SEN_demand_CEL,2025-04-17,Maundy Thursday,H1,F,shape_pearson_CDE_map_FGH,True,2025-04-17,12,True,True,5,False,2,9,5,euclidian,PCR,standard,4,{},2025-04-16 10:00:00,2025-04-18,226.08485384398438,3.411503883631718,190.880432,3.18,,14,24,4,4,5,4,0.0868453517832088,6445.8032769807605,6041.955583329641,226.08485384398438,3.411503883631718,3.3882724358467495,224.5220677560815,114.75074114162855,1.5468847746326928,1.4838279877877771,110.5088931887493,291.0297529203586,4.49919836388115,4.49919836388115,291.0297529203586,117.12099517636632,1.5823968116357447,1.4191294654885234,105.88185428469296,293.7288589477247,4.519870559810421,4.519870559810421,293.7288589477247,228.66280387406636,3.437643389430277,3.3774922619023537,224.52206775608138,110.5088931887493,291.0297529203586,hourly_window_mean_factor_top_available_analogs,4,6509.6878475657895,,6509.6878475657895,0.0,4.627038904056333,-2.69910602736608,7.180221329786275e-14,4.627038904056333,-2.69910602736608,7.180221329786275e-14,-105.88185428469296,-293.7288589477247,-224.5220677560814,114.75074114162855,1.5468847746326928,117.12099517636632,1.5823968116357447,291.0297529203586,4.49919836388115,293.7288589477247,4.519870559810421,228.66280387406636,3.437643389430277,-2.699106027366099,-0.020672195929271275,-0.035512037003051944,-0.026139505798558726,105.88185428469296,293.7288589477247,224.5220677560814
experiment_2026_06_13_13_27,SEN_demand_CEL,2025-04-18,Good Friday,H2,H,shape_pearson_CDE_map_FGH,True,2025-04-18,12,True,True,4,False,2,9,4,euclidian,LassoReg,,2,{},2025-04-17 10:00:00,2025-04-19,123.91193973852194,1.9610808339606753,218.215288,3.611,,14,24,4,4,4,4,0.08114852636194898,6058.955812950995,5725.325113551463,123.91193973852194,1.9610808339606753,1.5887865347204273,100.82528678584738,140.40267269675718,2.062086827011614,1.5603453893405241,107.82635736409364,114.29234551288471,1.9021606713476276,1.605377202858704,96.74132894853706,238.51754735712944,3.5225250194537447,3.5225250194537447,238.51754735712944,97.82586037809733,1.6720479822274108,0.41928230734459965,20.504801452598866,149.65963979142495,2.3538026801529024,1.5625822539111265,100.82528678584697,107.82635736409364,96.74132894853706,hourly_window_mean_factor_top_available_analogs,4,6058.107025855263,,6058.107025855263,0.0,-130.6911899930358,76.2365274959382,4.0687920868788895e-13,-130.6911899930358,76.2365274959382,4.0687920868788895e-13,-238.51754735712944,-20.504801452598855,-100.82528678584697,140.40267269675718,2.062086827011614,238.51754735712944,3.5225250194537447,114.29234551288471,1.9021606713476276,97.82586037809733,1.6720479822274108,149.65963979142495,2.3538026801529024,16.466485134787376,0.23011268912021676,-1.4604381924421306,-0.39272184619222705,238.51754735712944,20.504801452598855,100.82528678584697
experiment_2026_06_13_13_27,SEN_demand_CEL,2025-04-19,Holy Saturday,H3,H,shape_pearson_CDE_map_FGH,True,2025-04-19,12,True,True,9,False,2,10,9,pearson,RidgeReg,standard,2,{},2025-04-18 10:00:00,2025-04-20,131.81390400454126,2.1466459580353647,199.776327,3.43,,14,24,4,4,9,4,0.07677031564452594,5880.592218249481,5797.13010475664,131.81390400454126,2.1466459580353647,1.7440643409774244,111.01728175051868,149.9154039272002,2.361710920271247,2.3150504481147225,147.21883647707597,121.25469571632352,2.0211913967311,1.4109891118140006,89.89970816002692,117.83298022442945,1.8676997114276723,1.6350572222864568,104.83292600274119,114.6248226033888,1.970696716435653,1.970696716435653,114.6248226033888,115.80677541114062,1.932750451432713,1.8470400606964759,111.01728175051862,147.21883647707597,89.89970816002692,hourly_window_mean_factor_top_available_analogs,4,5832.608921052631,,5832.608921052631,0.0,42.38591047433478,-24.72511444336188,4.786814219857517e-14,42.38591047433478,-24.72511444336188,4.786814219857517e-14,-104.83292600274119,-114.6248226033888,-111.01728175051863,149.9154039272002,2.361710920271247,117.83298022442945,1.8676997114276723,121.25469571632352,2.0211913967311,114.6248226033888,1.970696716435653,115.80677541114062,1.932750451432713,6.629873112934732,0.0504946802954469,0.49401120884357486,0.21389550660265177,104.83292600274119,114.6248226033888,111.01728175051863
experiment_2026_06_13_13_27,SEN_demand_CEL,2025-05-01,Labor Day,H2,F,shape_pearson_CDE_map_FGH,True,2025-05-01,12,True,True,9,False,2,10,9,pearson,RidgeReg,standard,2,{},2025-04-30 10:00:00,2025-05-02,175.1540140757842,2.7184735349474614,188.332476,3.2,,14,24,4,4,9,4,0.08747177898412324,6970.01596828264,6528.697384583228,175.1540140757842,2.7184735349474614,-2.159627804620348,-131.52765696684875,106.28651360333379,1.368168595352589,0.05475048132000774,6.453983946946015,215.3267226847136,3.506151416377804,-3.4513484714188896,-212.01694749989568,92.69508245125579,1.1837073753071807,0.5675835210760193,45.25398510096583,241.16902328952338,3.9046271510094086,-3.7977964022184594,-234.6502815064094,186.46809771753007,2.902183023119114,-2.1894985357415457,-131.52765696685012,6.453983946946015,-212.01694749989568,hourly_window_mean_factor_top_available_analogs,4,6528.737761907895,,6528.737761907895,0.0,-38.80000115401981,22.633334006513717,1.3642420526593924e-12,-38.80000115401981,22.633334006513717,1.3642420526593924e-12,-45.25398510096583,234.65028150640939,131.52765696685012,106.28651360333379,1.368168595352589,92.69508245125579,1.1837073753071807,215.3267226847136,3.506151416377804,241.16902328952338,3.9046271510094086,186.46809771753007,2.902183023119114,-25.842300604809793,-0.3984757346316048,0.18446122004540833,-0.18370948817165278,45.25398510096583,234.65028150640939,131.52765696685012
experiment_2026_06_13_13_27,SEN_demand_CEL,2025-09-16,Independence Day,H2,H,shape_pearson_CDE_map_FGH,True,2025-09-16,12,True,True,5,False,2,11,5,euclidian,PCR,standard,2,{},2025-09-15 10:00:00,2025-09-17,460.1914885776943,8.453712079771424,169.384093,2.784,,14,24,4,4,5,4,0.08053475743451792,6225.76305905654,5969.583496496773,460.1914885776943,8.453712079771424,-7.33551252556609,-387.1376593196982,327.35670214498913,5.120696858058253,-2.085583782358058,-129.06773701614247,537.6784473301057,10.397970959104109,-10.397970959104109,-537.6784473301057,338.6129615547069,5.296853775687022,-0.9325787324613068,-52.954871334744894,582.077618977588,11.08765249092766,-11.08765249092766,-582.077618977588,492.38011361126325,8.95420033268111,-7.346309527282161,-387.1376593196984,-129.06773701614247,-537.6784473301057,hourly_window_mean_factor_top_available_analogs,4,5945.610538815789,,5945.610538815789,0.0,-76.11286568139758,44.39917164748234,2.6327478209216345e-13,-76.11286568139758,44.39917164748234,2.6327478209216345e-13,52.954871334744894,582.077618977588,387.13765931969846,327.35670214498913,5.120696858058253,338.6129615547069,5.296853775687022,537.6784473301057,10.397970959104109,582.077618977588,11.08765249092766,492.38011361126325,8.95420033268111,-44.399171647482376,-0.6896815318235507,-0.17615691762876917,-0.500488252909685,52.954871334744894,582.077618977588,387.13765931969846
experiment_2026_06_13_13_27,SEN_demand_CEL,2025-11-17,Mexican Revolution Day,H2,H,shape_pearson_CDE_map_FGH,True,2025-11-17,12,True,True,10,False,2,11,10,pearson,RidgeReg,standard,2,{},2025-11-16 10:00:00,2025-11-18,84.72934157939953,1.395187674013877,190.826186,3.256,,14,24,4,4,10,4,0.0866534462124275,6181.609733973913,6076.755227333338,84.72934157939953,1.395187674013877,-0.6107734661904113,-35.20168871075444,72.3400292196762,1.1244683430674718,0.4568757260503601,30.241498213674667,91.9564404559048,1.5531072837326134,-1.233568828330861,-73.37688108333809,73.557536126746,1.1352469257746063,-0.26334977440462637,-18.350279350644346,86.31203041167434,1.4288301018657863,-0.6700842239041004,-45.031677504152334,81.61300620143759,1.3206678790953514,-0.5202346898779784,-35.20168871075466,30.241498213674667,-73.37688108333809,hourly_window_mean_factor_top_available_analogs,4,6048.19490888158,,6048.19490888158,0.0,48.59177756431901,-28.34520357918575,2.1540663989358825e-13,48.59177756431901,-28.34520357918575,2.1540663989358825e-13,18.350279350644342,45.03167750415234,35.20168871075465,72.3400292196762,1.1244683430674718,73.557536126746,1.1352469257746063,91.9564404559048,1.5531072837326134,86.31203041167434,1.4288301018657863,81.61300620143759,1.3206678790953514,5.644410044230455,0.12427718186682712,-0.010778582707134499,0.07451979491852567,18.350279350644342,45.03167750415234,35.20168871075465
experiment_2026_06_13_13_27,SEN_demand_CEL,2025-12-24,Christmas Eve,H1,F,shape_pearson_CDE_map_FGH,True,2025-12-24,12,True,True,10,False,2,11,10,pearson,RidgeReg,standard,2,{},2025-12-23 10:00:00,2025-12-25,237.09327115300738,3.769156513615497,180.797939,3.085,,14,24,4,4,10,4,0.09449220513894273,6678.03010461206,6270.667381530283,237.09327115300738,3.769156513615497,-3.209079709397255,-202.8836127699537,144.1391001777089,1.9946179224717309,-1.8095385777508606,-129.7952484665304,291.3165375552648,4.8043040251160285,-4.025478702857652,-245.5184919469506,228.16249867656785,3.1731200955132293,-2.7836886278253927,-197.98113385379176,281.58752499694975,4.683362464602449,-3.417513136225342,-205.74339213771682,261.90462056312487,4.1269573812537885,-3.1839988436569397,-202.88361276995496,-129.7952484665304,-245.5184919469506,hourly_window_mean_factor_top_available_analogs,4,6671.012277631578,,6671.012277631578,0.0,68.18588538726135,-39.77509980923378,1.268505768262242e-12,68.18588538726135,-39.77509980923378,1.268505768262242e-12,197.98113385379176,205.74339213771682,202.88361276995496,144.1391001777089,1.9946179224717309,228.16249867656785,3.1731200955132293,291.3165375552648,4.8043040251160285,281.58752499694975,4.683362464602449,261.90462056312487,4.1269573812537885,9.729012558315048,0.12094156051357974,-1.1785021730414984,-0.35780086763829155,197.98113385379176,205.74339213771682,202.88361276995496
experiment_2026_06_13_13_27,SEN_demand_CEL,2025-12-25,Christmas Day,H2,G,shape_pearson_CDE_map_FGH,True,2025-12-25,12,True,True,3,False,2,11,3,euclidian,PCR,standard,3,{},2025-12-24 10:00:00,2025-12-26,116.65977100605582,2.1919583704056285,168.203576,2.783,,14,24,3,4,3,3,0.13859437124495882,5569.858051594063,5109.19530000048,116.65977100605582,2.1919583704056285,-1.7110440374312967,-88.20760264669548,134.0738044130333,2.1356255719587085,-1.3757157899245638,-85.6778986116373,106.50158485198564,2.224819169499664,-1.9066521818102242,-89.68326333381275,153.0069477643264,2.45285340912697,-1.7805855582157641,-110.30322315618552,94.09971492167182,1.8810683553620728,-1.5265787226008432,-75.31849068282487,115.80237965317613,2.0917260067491403,-1.620160188353709,-88.2076026466946,-85.6778986116373,-89.68326333381275,hourly_window_mean_factor_top_available_analogs,3,5355.540165964913,,5355.540165964913,0.0,24.62532454454822,-14.364772650987865,-8.855606306736407e-13,24.62532454454822,-14.364772650987865,-8.855606306736407e-13,110.30322315618552,75.31849068282489,88.2076026466946,134.0738044130333,2.1356255719587085,153.0069477643264,2.45285340912697,106.50158485198564,2.224819169499664,94.09971492167182,1.8810683553620728,115.80237965317613,2.0917260067491403,12.401869930313822,0.34375081413759134,-0.3172278371682613,0.10023236365648813,110.30322315618552,75.31849068282489,88.2076026466946
experiment_2026_06_13_13_27,SEN_demand_CEL,2025-12-31,New Year's Eve,H1,H,shape_pearson_CDE_map_FGH,True,2025-12-31,12,True,True,4,False,2,11,4,euclidian,PCR,standard,3,{},2025-12-30 10:00:00,2026-01-01,162.34856375084146,2.5315165092987457,154.623483,2.578,,14,24,4,4,4,4,0.10022728623573282,6134.280873611309,5767.61774388895,162.34856375084146,2.5315165092987457,1.284305102265361,88.00114902026903,208.10929981799487,2.9432123504997754,2.4702571368681454,177.73721543607203,135.65480104500196,2.2913606019314785,0.5924997487470697,35.65511027771728,136.99931160399515,1.9412719492552262,0.8494531780879456,65.17535658104718,207.16575528884562,3.5685034658543873,1.7552718575448392,101.31619460981601,181.3149602470586,2.968997117633643,1.4215491861659837,88.0011490202696,177.73721543607203,35.65511027771728,hourly_window_mean_factor_top_available_analogs,4,5963.076157894738,,5963.076157894738,0.0,112.56185885502484,-65.66108433209872,-5.74417706382902e-13,112.56185885502484,-65.66108433209872,-5.74417706382902e-13,-65.1753565810472,-101.316194609816,-88.0011490202696,208.10929981799487,2.9432123504997754,136.99931160399515,1.9412719492552262,135.65480104500196,2.2913606019314785,207.16575528884562,3.5685034658543873,181.3149602470586,2.968997117633643,-71.51095424384366,-1.2771428639229088,1.0019404012445492,-0.43748060833489744,65.1753565810472,101.316194609816,88.0011490202696
experiment_2026_06_13_13_27,SEN_demand_CEL,2026-01-01,New Year's Day,H3,G,shape_pearson_CDE_map_FGH,True,2026-01-01,12,True,True,5,False,2,11,5,pearson,RidgeReg,standard,2,{},2025-12-31 10:00:00,2026-01-02,67.12954849421341,1.284261298534034,160.731502,2.691,,14,24,4,4,5,4,0.1378444814734625,5314.827023378416,4862.579734215786,67.12954849421341,1.284261298534034,0.6893229962306361,34.499023200531,52.71437404144295,0.8757020977119448,-0.1885854624708517,-10.415382657211401,75.5384002583295,1.522587499013586,1.2014362638065041,60.699093284214065,74.14026949584293,1.2265607706883566,-0.2939421564520283,-16.92958909169699,82.5668454438087,1.6762616739480654,1.2845109083336197,64.4990470376648,79.46231746297921,1.5105823937997518,0.7029755686757494,34.499023200531504,-10.415382657211401,60.699093284214065,hourly_window_mean_factor_top_available_analogs,4,5317.294089539474,,5317.294089539474,0.0,6.514206434485589,-3.7999537534507226,-5.026154930850393e-13,6.514206434485589,-3.7999537534507226,-5.026154930850393e-13,16.92958909169699,-64.49904703766478,-34.499023200531504,52.71437404144295,0.8757020977119448,74.14026949584293,1.2265607706883566,75.5384002583295,1.522587499013586,82.5668454438087,1.6762616739480654,79.46231746297921,1.5105823937997518,-7.0284451854792,-0.15367417493447943,-0.3508586729764117,-0.22632109526571775,16.92958909169699,64.49904703766478,34.499023200531504
experiment_2026_06_13_13_27,SEN_demand_CEL,2026-02-02,Constitution Day,H2,H,shape_pearson_CDE_map_FGH,True,2026-02-02,12,True,True,5,False,2,12,5,pearson,RidgeReg,standard,2,{},2026-02-01 10:00:00,2026-02-03,126.51206299364223,2.0754172796179255,154.798069,2.634,,14,24,4,4,5,4,0.08665390370693034,6205.331682538446,6062.036812965226,126.51206299364223,2.0754172796179255,-1.7472280395489113,-108.27884911739416,173.15846411680772,2.8622959787205815,-2.787349564666902,-167.92192109253918,99.30166233846235,1.6164047051413764,-1.1404904832300835,-73.48705713189288,168.7985681435451,2.7756714225217363,-2.720610307853906,-165.098766221374,128.82429541255132,2.1041828906971527,-1.1022403966239216,-75.13389747340518,143.55165905028588,2.3515734024219994,-1.6984819428665476,-108.2788491173937,-167.92192109253918,-73.48705713189288,hourly_window_mean_factor_top_available_analogs,4,6035.251613684211,,6035.251613684211,0.0,-2.8231548711651806,1.646840341512302,-4.547473508864641e-13,-2.8231548711651806,1.646840341512302,-4.547473508864641e-13,165.098766221374,75.13389747340518,108.2788491173937,173.15846411680772,2.8622959787205815,168.7985681435451,2.7756714225217363,99.30166233846235,1.6164047051413764,128.82429541255132,2.1041828906971527,143.55165905028588,2.3515734024219994,-29.522633074088972,-0.48777818555577634,0.08662455619884524,-0.27615612280407387,165.098766221374,75.13389747340518,108.2788491173937
experiment_2026_06_13_13_27,SEN_demand_CEL,2026-03-16,Benito Juarez's Birthday,H2,H,shape_pearson_CDE_map_FGH,True,2026-03-16,12,True,True,4,False,2,12,4,euclidian,PCR,standard,4,{},2026-03-15 10:00:00,2026-03-17,117.3815234198856,1.8330236361538297,147.470638,2.498,,14,24,4,4,4,4,0.08026058490601154,6292.575788536656,6113.250897399482,117.3815234198856,1.8330236361538297,0.9820593263201253,65.00967909492363,83.54783291783055,1.3152544073440537,-0.8393912156478668,-50.478355486093925,137.1178428794177,2.1350556862928656,2.0445721424681205,132.37769926718386,88.34980306698682,1.3684723123830689,-1.2087447106233742,-77.37609134371021,151.82555754907204,2.43013727071314,2.3732202189316824,148.06804518412625,128.43975326619852,2.038997549223114,1.0535489290956088,65.00967909492333,-50.478355486093925,132.37769926718386,hourly_window_mean_factor_top_available_analogs,4,6141.020297434211,,6141.020297434211,0.0,26.89773585761629,-15.690345916942382,2.87208853191451e-13,26.89773585761629,-15.690345916942382,2.87208853191451e-13,77.37609134371021,-148.06804518412625,-65.00967909492334,83.54783291783055,1.3152544073440537,88.34980306698682,1.3684723123830689,137.1178428794177,2.1350556862928656,151.82555754907204,2.43013727071314,128.43975326619852,2.038997549223114,-14.707714669654337,-0.29508158442027455,-0.053217905039015134,-0.20597391306928414,77.37609134371021,148.06804518412625,65.00967909492334
experiment_2026_06_13_13_27,SEN_demand_CEL,2026-04-02,Maundy Thursday,H1,F,shape_pearson_CDE_map_FGH,True,2026-04-02,12,True,True,5,False,2,12,5,pearson,RidgeReg,standard,2,{},2026-04-01 10:00:00,2026-04-03,86.24662677271527,1.250252738746286,152.645356,2.599,,14,24,4,4,5,4,0.08573949272240498,6852.463342607868,6502.595418130722,86.24662677271527,1.250252738746286,-1.1709448470338748,-81.10916129207845,125.13358742583243,1.7357101757681914,-1.7357101757681914,-125.13358742583243,63.562566391730265,0.9670692338168413,-0.8414984052721904,-55.42824604738863,212.42170017365592,2.937322218420738,-2.937322218420738,-212.42170017365592,73.23472362339096,1.1267869039833898,-0.004709581619465737,-4.510180277824929,124.51413603664648,1.793826230355044,-1.0851458162304606,-81.10916129207845,-125.13358742583243,-55.42824604738863,hourly_window_mean_factor_top_available_analogs,4,6703.887532894737,,6703.887532894737,0.0,87.28811274782349,-50.918065769563704,0.0,87.28811274782349,-50.918065769563704,0.0,212.42170017365592,4.510180277824929,81.10916129207845,125.13358742583243,1.7357101757681914,212.42170017365592,2.937322218420738,63.562566391730265,0.9670692338168413,73.23472362339096,1.1267869039833898,124.51413603664648,1.793826230355044,-9.672157231660698,-0.15971767016654848,-1.2016120426525465,-0.543573491608758,212.42170017365592,4.510180277824929,81.10916129207845
experiment_2026_06_13_13_27,SEN_demand_CEL,2026-04-03,Good Friday,H2,H,shape_pearson_CDE_map_FGH,True,2026-04-03,12,True,True,5,False,2,12,5,pearson,RidgeReg,standard,2,{},2026-04-02 10:00:00,2026-04-04,88.36439178707114,1.38354212318064,146.649878,2.492,,14,24,4,4,5,4,0.08932230427880203,6242.897796639433,5898.149154834275,88.36439178707114,1.38354212318064,0.04042614390678943,4.8898665184626795,103.65279025249889,1.5204672148765557,-0.21048319033719282,-13.495904733986404,79.44615934890494,1.3036691530246882,0.18678992221577906,15.614899749057978,142.9351301552472,2.0878264686825005,-0.890541032887082,-60.736755971284765,99.2547189229341,1.6546392254335824,0.7180156756362707,43.17206297081365,115.34750200852314,1.8142345255779206,0.12538951986450916,4.889866518461603,-13.495904733986404,15.614899749057978,hourly_window_mean_factor_top_available_analogs,4,5914.4253171710525,,5914.4253171710525,0.0,47.240851237298365,-27.557163221755673,1.0770331994679412e-12,47.240851237298365,-27.557163221755673,1.0770331994679412e-12,60.736755971284765,-43.17206297081365,-4.889866518461602,103.65279025249889,1.5204672148765557,142.9351301552472,2.0878264686825005,79.44615934890494,1.3036691530246882,99.2547189229341,1.6546392254335824,115.34750200852314,1.8142345255779206,-19.80855957402916,-0.3509700724088942,-0.5673592538059449,-0.4306924023972807,60.736755971284765,43.17206297081365,4.889866518461602
experiment_2026_06_13_13_27,SEN_demand_CEL,2026-04-04,Holy Saturday,H3,H,shape_pearson_CDE_map_FGH,True,2026-04-04,12,True,True,9,False,2,13,9,pearson,RidgeReg,standard,2,{},2026-04-03 10:00:00,2026-04-05,83.63502321641664,1.3534435674154774,131.957918,2.248,,14,24,4,4,9,4,0.07468306187362668,6071.387814944004,5988.60321009329,83.63502321641664,1.3534435674154774,0.025080296544131242,3.9962237402063643,58.96885953618448,0.9431291875349262,0.1637940893709275,12.319996026198753,98.02361869655208,1.592793622345799,-0.05583608260483327,-0.8593100932891957,72.9023306292407,1.1974573088963099,-0.4688814488549721,-26.377508501382312,134.443222415103,2.203630516827186,0.44825741949756104,21.714234214466348,111.77026228346952,1.8329351244315997,0.11036415220978561,3.9962237402063168,12.319996026198753,-0.8593100932891957,hourly_window_mean_factor_top_available_analogs,4,5790.753613421051,,5790.753613421051,0.0,38.69750452758107,-22.573544307755544,4.786814219857517e-14,38.69750452758107,-22.573544307755544,4.786814219857517e-14,26.377508501382316,-21.714234214466348,-3.9962237402063163,58.96885953618448,0.9431291875349262,72.9023306292407,1.1974573088963099,98.02361869655208,1.592793622345799,134.443222415103,2.203630516827186,111.77026228346952,1.8329351244315997,-36.41960371855093,-0.6108368944813869,-0.2543281213613836,-0.4794915570161222,26.377508501382316,21.714234214466348,3.9962237402063163
experiment_2026_06_13_13_27,SEN_demand_CEL,2026-05-01,Labor Day,H2,F,shape_pearson_CDE_map_FGH,True,2026-05-01,12,True,True,9,False,2,13,9,pearson,RidgeReg,standard,2,{},2026-04-30 10:00:00,2026-05-02,371.1730033658234,5.497180568294295,105.440064,1.732,,14,24,4,4,9,4,0.08573949272240498,7507.886445405391,7086.168021863817,371.1730033658234,5.497180568294295,-5.434285607428328,-367.15502935275765,192.854835762372,2.403140995444766,-2.403140995444766,-192.854835762372,475.19193446783675,7.302036985789854,-7.202453297752073,-468.8301422804827,222.68661020158854,2.7761028252371283,-2.7761028252371283,-222.68661020158854,460.15932468463643,6.987302388052556,-6.850631743021261,-451.4282738576089,372.66937724351345,5.435807812278451,-5.349489510153424,-367.15502935275924,-192.854835762372,-468.8301422804827,hourly_window_mean_factor_top_available_analogs,4,6703.887532894737,,6703.887532894737,0.0,29.831774439216524,-17.401868422873765,1.6035827636522681e-12,29.831774439216524,-17.401868422873765,1.6035827636522681e-12,222.68661020158854,451.42827385760893,367.15502935275924,192.854835762372,2.403140995444766,222.68661020158854,2.7761028252371283,475.19193446783675,7.302036985789854,460.15932468463643,6.987302388052556,372.66937724351345,5.435807812278451,15.032609783200314,0.3147345977372984,-0.3729618297923625,0.06137275601584413,222.68661020158854,451.42827385760893,367.15502935275924
experiment_2026_06_13_13_27,SEN_demand_NES,2025-01-01,New Year's Day,H3,G,shape_pearson_CDE_map_FGH,True,2025-01-01,12,True,True,2,False,2,2,2,pearson,PCR,,2,{},2024-12-31 10:00:00,2025-01-02,185.30680557238512,4.620679220427681,333.247693,6.038,,14,24,2,4,2,2,0.07109345120331906,4273.068040641453,4031.0513043539518,185.30680557238512,4.620679220427681,-4.290629650616292,-171.4325964309267,180.99112798611858,4.05175323047696,-3.9235720377534755,-175.3347792771695,187.82428416437392,4.952552714565604,-4.504746591452935,-169.15632310395173,133.97322155534243,3.0364575800428306,-2.7565128474071416,-121.61447964701708,223.61623302543185,5.946664894676385,-5.420292776151366,-200.49316455487397,190.5898603785568,4.874483252442969,-4.438900170824547,-171.43259643092668,-175.3347792771695,-169.15632310395173,hourly_window_mean_factor_top_available_analogs,2,4546.507804605263,,4546.507804605263,0.0,-53.72029963015244,31.336841450922236,-1.1967035549643792e-14,-53.72029963015244,31.336841450922236,-1.1967035549643792e-14,121.61447964701706,200.49316455487397,171.4325964309267,180.99112798611858,4.05175323047696,133.97322155534243,3.0364575800428306,187.82428416437392,4.952552714565604,223.61623302543185,5.946664894676385,190.5898603785568,4.874483252442969,-35.79194886105793,-0.9941121801107808,1.0152956504341293,-0.2538040320152879,121.61447964701706,200.49316455487397,171.4325964309267
experiment_2026_06_13_13_27,SEN_demand_NES,2025-02-03,Constitution Day,H2,G,shape_pearson_CDE_map_FGH,True,2025-02-03,12,True,True,2,False,2,2,2,pearson,LassoReg,,2,{},2025-02-02 10:00:00,2025-02-04,221.32408361100332,4.367921433385696,295.762155,5.565,,14,24,2,4,2,2,0.05838234520651097,4626.3253175320615,4571.157836886445,221.32408361100332,4.367921433385696,3.7142740799230243,192.15983141530725,118.13188232091436,2.4731129910120275,0.6989273173276376,38.97176921831072,281.51953436355524,5.473226358103666,5.473226358103666,281.51953436355524,117.18616393063803,2.4880299142671802,-0.4604003021874346,-18.025676096744455,314.7680441306704,6.229761654754924,6.229761654754924,314.7680441306704,241.97471984644798,4.851228908259441,3.764965144302477,192.159831415307,38.97176921831072,281.51953436355524,hourly_window_mean_factor_top_available_analogs,2,4366.148482236842,,4366.148482236842,0.0,56.997445315055174,-33.24850976711514,2.3934071099287584e-13,56.997445315055174,-33.24850976711514,2.3934071099287584e-13,18.025676096744455,-314.7680441306704,-192.15983141530702,118.13188232091436,2.4731129910120275,117.18616393063803,2.4880299142671802,281.51953436355524,5.473226358103666,314.7680441306704,6.229761654754924,241.97471984644798,4.851228908259441,-33.24850976711514,-0.7565352966512577,-0.014916923255152703,-0.4833074748737447,18.025676096744455,314.7680441306704,192.15983141530702
experiment_2026_06_13_13_27,SEN_demand_NES,2025-03-17,Benito Juarez's Birthday,H2,F,shape_pearson_CDE_map_FGH,True,2025-03-17,12,True,True,2,False,2,2,2,pearson,LassoReg,,2,{},2025-03-16 10:00:00,2025-03-18,258.09302876991933,4.713086682867725,289.070114,5.484,,14,24,2,4,2,2,0.04559679662470909,5012.518028630244,4856.261654723424,258.09302876991933,4.713086682867725,3.2673747245238722,187.24576663291398,178.71561771467032,3.3643139897699577,0.18871049477225002,21.266986815207606,304.39651855214794,5.4998707538414235,5.063262191878985,284.06672152657603,241.87439151366365,4.4380276189585715,2.2078220228636796,131.52492720566403,245.78970889539994,4.401415719992767,3.837175835029228,219.7495896321435,244.34722354423397,4.414904314348589,3.2368875884419213,187.24576663291424,21.266986815207606,284.06672152657603,hourly_window_mean_factor_top_available_analogs,2,5891.711011842105,,5891.711011842105,0.0,-110.25794039045643,64.31713189443253,-2.3934071099287584e-13,-110.25794039045643,64.31713189443253,-2.3934071099287584e-13,-131.52492720566403,-219.7495896321435,-187.2457666329142,178.71561771467032,3.3643139897699577,241.87439151366365,4.4380276189585715,304.39651855214794,5.4998707538414235,245.78970889539994,4.401415719992767,244.34722354423397,4.414904314348589,58.606809656748,1.0984550338486567,-1.0737136291886138,0.2981823685191358,131.52492720566403,219.7495896321435,187.2457666329142
experiment_2026_06_13_13_27,SEN_demand_NES,2025-04-17,Maundy Thursday,H1,F,shape_pearson_CDE_map_FGH,True,2025-04-17,12,True,True,2,False,2,2,2,pearson,LassoReg,,2,{},2025-04-16 10:00:00,2025-04-18,1006.9756656659958,13.918954990667062,284.109108,5.388,,14,24,2,4,2,2,0.07613428715970748,6258.982984205007,5716.112847571036,1006.9756656659958,13.918954990667062,13.801093917482564,998.5673600055194,486.0551512151916,6.210651924311753,5.89074329709669,463.2326072796125,1310.8459657622982,18.41546511270766,18.41546511270766,1310.8459657622982,762.6090686742124,9.82018264123813,9.82018264123813,762.6090686742124,1136.2096966154488,15.921907646853512,15.921907646853512,1136.2096966154488,998.5673600055195,13.673903697416264,13.673903697416264,998.5673600055195,463.2326072796125,1310.8459657622982,hourly_window_mean_factor_top_available_analogs,2,6166.260283157895,,6166.260283157895,0.0,-299.37646139459974,174.63626914684926,-3.8294513758860134e-13,-299.37646139459974,174.63626914684926,-3.8294513758860134e-13,-762.6090686742123,-1136.209696615449,-998.5673600055197,486.0551512151916,6.210651924311753,762.6090686742124,9.82018264123813,1310.8459657622982,18.41546511270766,1136.2096966154488,15.921907646853512,998.5673600055195,13.673903697416264,174.63626914684937,2.493557465854149,-3.6095307169263773,0.245051293250798,762.6090686742123,1136.209696615449,998.5673600055197
experiment_2026_06_13_13_27,SEN_demand_NES,2025-04-18,Good Friday,H2,F,shape_pearson_CDE_map_FGH,True,2025-04-18,12,True,True,2,False,2,2,2,pearson,LassoReg,,2,{},2025-04-17 10:00:00,2025-04-19,803.9827383506411,11.805247072701446,329.943026,5.882,,14,24,2,4,2,2,0.0860295588025445,6155.4877537037055,5606.281219769032,803.9827383506411,11.805247072701446,10.443292660453022,713.09082050682,375.69838941293875,5.196801633200067,1.5000682285257667,128.99175526542442,1053.8152752309677,15.660173579077247,15.660173579077247,1053.8152752309677,443.91098179462233,5.973778933891899,4.900210866086043,373.57940025758325,911.1391489855431,13.463076296297382,13.463076296297382,911.1391489855431,739.0024558099407,10.703861478569047,10.308336400956362,713.090820506821,128.99175526542442,1053.8152752309677,hourly_window_mean_factor_top_available_analogs,2,5938.209328421053,,5938.209328421053,0.0,-244.58764499215886,142.67612624542457,-9.094947017729282e-13,-244.58764499215886,142.67612624542457,-9.094947017729282e-13,-373.5794002575833,-911.1391489855431,-713.0908205068209,375.69838941293875,5.196801633200067,443.91098179462233,5.973778933891899,1053.8152752309677,15.660173579077247,911.1391489855431,13.463076296297382,739.0024558099407,10.703861478569047,142.6761262454246,2.1970972827798647,-0.7769773006918319,1.101385594132399,373.5794002575833,911.1391489855431,713.0908205068209
experiment_2026_06_13_13_27,SEN_demand_NES,2025-04-19,Holy Saturday,H3,G,shape_pearson_CDE_map_FGH,True,2025-04-19,12,True,True,15,False,2,16,15,pearson,RidgeReg,standard,2,{},2025-04-18 10:00:00,2025-04-20,312.3011346699501,4.7240299101991745,247.994086,4.66,,14,24,4,4,15,4,0.0636155821103791,6442.695718151122,6320.667683226275,312.3011346699501,4.7240299101991745,1.9190342491109642,125.29664105940535,195.61861115595062,2.7847059280756974,2.3359533915715214,167.9777076919995,380.3659400531166,5.855302233104536,1.6758314160089725,100.3993521903921,237.05819504480198,3.3883376127695004,2.7543888929066616,198.31749170424726,316.8523945533846,4.857439393415932,1.3351821016460212,82.70114484991329,287.45453157653844,4.316191368967247,1.858047761584152,125.29664105940475,167.9777076919995,100.3993521903921,hourly_window_mean_factor_top_available_analogs,4,4807.06216368421,,4807.06216368421,0.0,-30.33978401224775,17.698207340478803,5.983517774821897e-13,-30.33978401224775,17.698207340478803,5.983517774821897e-13,-198.31749170424726,-82.70114484991329,-125.29664105940475,195.61861115595062,2.7847059280756974,237.05819504480198,3.3883376127695004,380.3659400531166,5.855302233104536,316.8523945533846,4.857439393415932,287.45453157653844,4.316191368967247,63.513545499732004,0.9978628396886036,-0.603631684693803,0.40783854123192764,198.31749170424726,82.70114484991329,125.29664105940475
experiment_2026_06_13_13_27,SEN_demand_NES,2025-05-01,Labor Day,H2,F,shape_pearson_CDE_map_FGH,True,2025-05-01,12,True,True,16,False,2,18,16,pearson,RidgeReg,standard,2,{},2025-04-30 10:00:00,2025-05-02,620.4729394973374,7.876821727083133,247.501635,4.646,,14,24,4,4,16,4,0.06060846078541445,7189.322796818453,6775.043710776284,620.4729394973374,7.876821727083133,7.876821727083133,620.4729394973374,627.5094042521162,7.2287297434015745,7.2287297434015745,627.5094042521162,616.3683350570499,8.254875384230706,8.254875384230706,616.3683350570499,783.7400230046258,9.090754813938165,9.090754813938165,783.7400230046258,525.2338074514181,7.005198691561378,7.005198691561378,525.2338074514181,620.4729394973367,7.773561473489667,7.773561473489667,620.4729394973367,627.5094042521162,616.3683350570499,hourly_window_mean_factor_top_available_analogs,4,6614.66237118421,,6614.66237118421,0.0,-156.23061875250946,91.13452760563182,8.137584173757779e-13,-156.23061875250946,91.13452760563182,8.137584173757779e-13,-783.7400230046256,-525.2338074514181,-620.4729394973366,627.5094042521162,7.2287297434015745,783.7400230046258,9.090754813938165,616.3683350570499,8.254875384230706,525.2338074514181,7.005198691561378,620.4729394973367,7.773561473489667,91.13452760563177,1.2496766926693281,-1.8620250705365908,0.10326025359346591,783.7400230046256,525.2338074514181,620.4729394973366
experiment_2026_06_13_13_27,SEN_demand_NES,2025-09-16,Independence Day,H2,F,shape_pearson_CDE_map_FGH,True,2025-09-16,12,True,True,15,False,2,18,15,pearson,RidgeReg,standard,2,{},2025-09-15 10:00:00,2025-09-17,317.3523998890785,4.318373355801167,255.701158,4.477,,14,24,4,4,15,4,0.05686454307920635,6923.557697846321,6782.621100944573,317.3523998890785,4.318373355801167,2.8419754810211955,216.83261425894116,293.9498322625199,4.019530424104015,2.865897256394144,210.90547389353728,331.0038976712378,4.492698399291174,2.828021112053643,220.29011280542673,259.28905912283693,3.4682152070735173,2.6915509781866582,203.13096612803858,227.76326761669463,3.148363712487491,3.106814330508969,224.82524233530197,239.37803290843132,3.266203736808659,2.9538225691270656,216.8326142589418,210.90547389353728,220.29011280542673,hourly_window_mean_factor_top_available_analogs,4,5443.098089605263,,5443.098089605263,0.0,7.774507765498713,-4.535129529875235,-6.222858485814772e-13,7.774507765498713,-4.535129529875235,-6.222858485814772e-13,-203.13096612803855,-224.82524233530197,-216.8326142589418,293.9498322625199,4.019530424104015,259.28905912283693,3.4682152070735173,331.0038976712378,4.492698399291174,227.76326761669463,3.148363712487491,239.37803290843132,3.266203736808659,103.24063005454315,1.3443346868036832,0.5513152170304974,1.0521696189925085,203.13096612803855,224.82524233530197,216.8326142589418
experiment_2026_06_13_13_27,SEN_demand_NES,2025-11-17,Mexican Revolution Day,H2,F,shape_pearson_CDE_map_FGH,True,2025-11-17,12,True,True,15,False,2,18,15,pearson,RidgeReg,standard,2,{},2025-11-16 10:00:00,2025-11-18,252.36479424628794,4.2182360139043285,264.594895,4.434,,14,24,4,4,15,4,0.057315033323760145,5538.641304527135,5546.95099915714,252.36479424628794,4.2182360139043285,4.151931174260802,249.03412389391863,226.20562150930905,3.7884741487609515,3.608503869728522,217.1652305528782,267.62431167619224,4.468930435237965,4.468930435237965,267.62431167619224,314.20416730195035,5.321160481726911,3.584796585249253,226.75971073698778,268.7524375151475,4.369423954176344,4.241818967222137,262.0275315687939,285.49781164712755,4.720063727484447,3.99975808965318,249.03412389391795,217.1652305528782,267.62431167619224,hourly_window_mean_factor_top_available_analogs,4,5412.275261776316,,5412.275261776316,0.0,-9.594480184109605,5.596780107398369,6.9408806187934e-13,-9.594480184109605,5.596780107398369,6.9408806187934e-13,-226.7597107369878,-262.02753156879385,-249.03412389391795,226.20562150930905,3.7884741487609515,314.20416730195035,5.321160481726911,267.62431167619224,4.468930435237965,268.7524375151475,4.369423954176344,285.49781164712755,4.720063727484447,-1.1281258389552704,0.09950648106162063,-1.5326863329659592,-0.5018277135801181,226.7597107369878,262.02753156879385,249.03412389391795
experiment_2026_06_13_13_27,SEN_demand_NES,2025-12-24,Christmas Eve,H1,G,shape_pearson_CDE_map_FGH,True,2025-12-24,12,True,True,15,False,2,18,15,pearson,RidgeReg,standard,2,{},2025-12-23 10:00:00,2025-12-25,139.53211950106765,2.7363359525337927,265.955855,4.368,,14,24,4,4,15,4,0.08011047304570988,5294.780751935223,4956.576091382588,139.53211950106765,2.7363359525337927,-0.42503654101817673,-20.934893251012717,116.59580817907649,2.0117895453495644,-0.797100314962052,-47.395376454026064,152.91163443889585,3.1589880233912595,-0.207999339550916,-5.499611382588266,94.38594284920406,1.6197401930849367,-0.4732188891033601,-26.993653462681714,164.2950396440168,3.398472381235305,-0.452075433447434,-17.400616460871447,138.53905661434897,2.7431499961272747,-0.4598651276364594,-20.93489325101207,-47.395376454026064,-5.499611382588266,hourly_window_mean_factor_top_available_analogs,4,4495.512945460526,,4495.512945460526,0.0,-20.40172299134435,11.901005078283182,-6.462199196807648e-13,-20.40172299134435,11.901005078283182,-6.462199196807648e-13,26.993653462681714,17.400616460871447,20.93489325101207,116.59580817907649,2.0117895453495644,94.38594284920406,1.6197401930849367,152.91163443889585,3.1589880233912595,164.2950396440168,3.398472381235305,138.53905661434897,2.7431499961272747,-11.383405205120965,-0.23948435784404554,0.3920493522646278,-0.006814043593482033,26.993653462681714,17.400616460871447,20.93489325101207
experiment_2026_06_13_13_27,SEN_demand_NES,2025-12-25,Christmas Day,H2,G,shape_pearson_CDE_map_FGH,True,2025-12-25,12,True,True,15,False,2,18,15,pearson,RidgeReg,standard,2,{},2025-12-24 10:00:00,2025-12-26,264.11909863412563,6.314025159577266,268.157459,4.394,,14,24,4,4,15,4,0.08339242352146167,4749.868046988537,4542.372683806325,264.11909863412563,6.314025159577266,-5.898780385795546,-243.95399304116884,159.07468815804447,3.305652662035548,-3.305652662035548,-159.07468815804447,325.3950047451729,8.068909116476602,-7.411438224655548,-293.46692088965807,268.326461961902,5.499777781761634,-5.499777781761634,-268.326461961902,232.4861896263341,5.752878012053966,-5.696081165609022,-229.73671950407348,245.6905004868065,5.659630558788369,-5.623758866296826,-243.95399304116816,-159.07468815804447,-293.46692088965807,hourly_window_mean_factor_top_available_analogs,4,4237.027537302632,,4237.027537302632,0.0,109.2517738038575,-63.73020138558454,-6.34252884131121e-13,109.2517738038575,-63.73020138558454,-6.34252884131121e-13,268.32646196190194,229.73671950407353,243.95399304116822,159.07468815804447,3.305652662035548,268.326461961902,5.499777781761634,325.3950047451729,8.068909116476602,232.4861896263341,5.752878012053966,245.6905004868065,5.659630558788369,92.90881511883882,2.3160311044226365,-2.194125119726086,0.6543946007888968,268.32646196190194,229.73671950407353,243.95399304116822
experiment_2026_06_13_13_27,SEN_demand_NES,2025-12-31,New Year's Eve,H1,G,shape_pearson_CDE_map_FGH,True,2025-12-31,12,True,True,15,False,2,18,15,pearson,RidgeReg,standard,2,{},2025-12-30 10:00:00,2026-01-01,266.1283385517986,5.816176043260476,270.148037,4.427,,14,24,4,4,15,4,0.05455757764729738,4981.891683945261,4772.693222308664,266.1283385517986,5.816176043260476,-4.741090887240093,-214.34132605052505,241.89002770428937,4.826732347437991,-4.340015348263807,-216.13708389371544,280.26735321284565,6.393351532490257,-4.9750516183095925,-213.29380064199734,198.87230721527365,3.9268364947541783,-2.1458104535873344,-106.0234992879085,392.7951203239847,8.952834250662475,-6.523139113305871,-277.52672499538374,321.3498733891964,7.101150866906787,-4.91043908077799,-214.34132605052443,-216.13708389371544,-213.29380064199734,hourly_window_mean_factor_top_available_analogs,4,4894.184541578948,,4894.184541578948,0.0,-110.11358460580693,64.2329243533864,-6.222858485814772e-13,-110.11358460580693,64.2329243533864,-6.222858485814772e-13,106.0234992879085,277.52672499538374,214.34132605052443,241.89002770428937,4.826732347437991,198.87230721527365,3.9268364947541783,280.26735321284565,6.393351532490257,392.7951203239847,8.952834250662475,321.3498733891964,7.101150866906787,-112.52776711113904,-2.5594827181722177,0.8998958526838128,-1.2849748236463112,106.0234992879085,277.52672499538374,214.34132605052443
experiment_2026_06_13_13_27,SEN_demand_NES,2026-01-01,New Year's Day,H3,G,shape_pearson_CDE_map_FGH,True,2026-01-01,12,True,True,15,False,2,18,15,pearson,RidgeReg,standard,2,{},2025-12-31 10:00:00,2026-01-02,508.2061681673733,12.899810334567356,283.621463,4.735,,14,24,4,4,15,4,0.0720254846805711,4567.654682114741,4427.655354150422,508.2061681673733,12.899810334567356,-12.899810334567356,-508.2061681673733,413.4375329107189,9.504667202844756,-9.504667202844756,-413.4375329107189,563.4878720670883,14.88031049473887,-14.88031049473887,-563.4878720670883,583.3910112188742,13.393033712163028,-13.393033712163028,-583.3910112188742,464.3483430539971,12.35592620128594,-12.35592620128594,-464.3483430539971,508.20616816737294,12.73801844213539,-12.73801844213539,-508.20616816737294,-413.4375329107189,-563.4878720670883,hourly_window_mean_factor_top_available_analogs,4,4365.006508223683,,4365.006508223683,0.0,169.9534783081552,-99.1395290130912,-4.1884624423753273e-13,169.9534783081552,-99.1395290130912,-4.1884624423753273e-13,583.3910112188742,464.34834305399716,508.2061681673729,413.4375329107189,9.504667202844756,583.3910112188742,13.393033712163028,563.4878720670883,14.88031049473887,464.3483430539971,12.35592620128594,508.20616816737294,12.73801844213539,99.13952901309125,2.524384293452931,-3.8883665093182724,0.16179189243196568,583.3910112188742,464.34834305399716,508.2061681673729
experiment_2026_06_13_13_27,SEN_demand_NES,2026-02-02,Constitution Day,H2,G,shape_pearson_CDE_map_FGH,True,2026-02-02,12,True,True,16,False,2,19,16,pearson,RidgeReg,standard,2,{},2026-02-01 10:00:00,2026-02-03,311.1194856575059,6.251385768228829,295.01397,5.45,,14,24,4,4,16,4,0.05483992406599049,5368.348727243708,5436.683400192773,311.1194856575059,6.251385768228829,-5.975171044016736,-296.14119382265454,123.98415552368455,2.453588303164435,-1.7894920671862662,-87.83737861673737,420.2817615689016,8.466767622849725,-8.41681711383451,-417.65175269277296,169.74480365708183,3.357101120950563,-2.9017353393508687,-145.93872201347767,383.75930237800867,7.629613757812815,-7.629613757812815,-383.75930237800867,304.9118554808251,6.055530154758301,-5.887763814168941,-296.14119382265517,-87.83737861673737,-417.65175269277296,hourly_window_mean_factor_top_available_analogs,4,4475.1425903947365,,4475.1425903947365,0.0,58.10134339674031,-33.8924503147642,6.222858485814772e-13,58.10134339674031,-33.8924503147642,6.222858485814772e-13,145.93872201347767,383.7593023780088,296.14119382265517,123.98415552368455,2.453588303164435,169.74480365708183,3.357101120950563,420.2817615689016,8.466767622849725,383.75930237800867,7.629613757812815,304.9118554808251,6.055530154758301,36.5224591908929,0.8371538650369095,-0.9035128177861278,0.1958556134705276,145.93872201347767,383.7593023780088,296.14119382265517
experiment_2026_06_13_13_27,SEN_demand_NES,2026-03-16,Benito Juarez's Birthday,H2,F,shape_pearson_CDE_map_FGH,True,2026-03-16,12,True,True,18,False,2,21,18,pearson,RidgeReg,standard,2,{},2026-03-15 10:00:00,2026-03-17,856.1200203823661,17.169496422078918,295.747391,5.659,,14,24,4,4,18,4,0.058775595116713895,6445.314132761625,6469.0467342981865,856.1200203823661,17.169496422078918,-16.730209319065263,-825.3947696037319,84.94198806472436,1.3558501546519273,-0.30148123695461837,-10.927540841809202,1305.9738725676573,26.39412341141133,-26.313634033629807,-1300.500653048187,520.4898564809748,8.895910578596538,-8.424871610837714,-487.49600845173825,1028.254301779184,20.95178910481124,-20.867201124881955,-1022.5023802757256,841.183190353528,16.510149647784772,-16.283184988128813,-825.3947696037303,-10.927540841809202,-1300.500653048187,hourly_window_mean_factor_top_available_analogs,4,6453.632601842105,,6453.632601842105,0.0,476.56846760992903,-277.99827277246123,-1.675384976950131e-12,476.56846760992903,-277.99827277246123,-1.675384976950131e-12,487.49600845173825,1022.5023802757257,825.3947696037302,84.94198806472436,1.3558501546519273,520.4898564809748,8.895910578596538,1305.9738725676573,26.39412341141133,1028.254301779184,20.95178910481124,841.183190353528,16.510149647784772,277.7195707884732,5.442334306600088,-7.540060423944611,0.6593467742941463,487.49600845173825,1022.5023802757257,825.3947696037302
experiment_2026_06_13_13_27,SEN_demand_NES,2026-04-02,Maundy Thursday,H1,F,shape_pearson_CDE_map_FGH,True,2026-04-02,12,True,True,2,False,2,21,2,pearson,LassoReg,,2,{},2026-04-01 10:00:00,2026-04-03,513.1947847415752,6.757125995543099,315.264778,6.188,,14,24,2,4,2,2,0.05355615293923498,6963.862696837372,6770.798829902748,513.1947847415752,6.757125995543099,6.757125995543099,513.1947847415752,572.4253741318428,7.294530248173714,7.294530248173714,572.4253741318428,478.6436075972526,6.443640181508571,6.443640181508571,478.6436075972526,568.2869066048113,7.2446587563959595,7.2446587563959595,568.2869066048113,481.05771365468763,6.491197326361747,6.491197326361747,481.05771365468763,513.1947847415752,6.768788379532246,6.768788379532246,513.1947847415752,572.4253741318428,478.6436075972526,hourly_window_mean_factor_top_available_analogs,2,6175.230438157894,,6175.230438157894,0.0,4.13846752703148,-2.414106057435106,-4.786814219857517e-14,4.13846752703148,-2.414106057435106,-4.786814219857517e-14,-568.2869066048113,-481.0577136546877,-513.1947847415752,572.4253741318428,7.294530248173714,568.2869066048113,7.2446587563959595,478.6436075972526,6.443640181508571,481.05771365468763,6.491197326361747,513.1947847415752,6.768788379532246,-2.414106057435049,-0.04755714485317597,0.04987149177775496,-0.011662383989147429,568.2869066048113,481.0577136546877,513.1947847415752
experiment_2026_06_13_13_27,SEN_demand_NES,2026-04-03,Good Friday,H2,F,shape_pearson_CDE_map_FGH,True,2026-04-03,12,True,True,3,False,2,21,3,pearson,LassoReg,,2,{},2026-04-02 10:00:00,2026-04-04,93.58641632138342,1.360319211897641,318.126299,6.026,,14,24,3,4,3,3,0.0786983424046025,7040.653364329912,6783.450557453227,93.58641632138342,1.360319211897641,-0.2237508686440401,-19.001356435173996,67.0908030386007,0.8962775767566248,-0.6685609985598572,-51.06166754708335,109.04219073634003,1.6310101657299,0.03572170714018652,-0.29950828656020195,187.9257978714938,2.4770201576719866,-2.4075174475152856,-183.2209322027267,127.1770738907231,1.8985247153960898,1.2068406666584794,76.793396095897,149.55818272574388,2.1116546151819464,-0.12476495435290759,-19.00135643517488,-51.06166754708335,-0.29950828656020195,hourly_window_mean_factor_top_available_analogs,3,6582.016093859648,,6582.016093859648,0.0,132.1592646556433,-77.0929043824572,8.855606306736407e-13,132.1592646556433,-77.0929043824572,8.855606306736407e-13,183.22093220272666,-76.79339609589701,19.00135643517488,67.0908030386007,0.8962775767566248,187.9257978714938,2.4770201576719866,109.04219073634003,1.6310101657299,127.1770738907231,1.8985247153960898,149.55818272574388,2.1116546151819464,-18.13488315438306,-0.2675145496661897,-1.580742580915362,-0.7513354032843054,183.22093220272666,76.79339609589701,19.00135643517488
experiment_2026_06_13_13_27,SEN_demand_NES,2026-04-04,Holy Saturday,H3,G,shape_pearson_CDE_map_FGH,True,2026-04-04,12,True,True,6,False,2,22,6,pearson,RidgeReg,standard,2,{},2026-04-03 10:00:00,2026-04-05,241.01965414780037,3.7762380111702587,288.833081,5.715,,14,24,4,4,6,4,0.061025358103374665,6683.71956177938,6490.531358436044,241.01965414780037,3.7762380111702587,-3.7762380111702587,-241.01965414780037,209.1958789393842,3.1110537252046924,-3.1110537252046924,-209.1958789393842,259.5835230193764,4.164262177983505,-4.164262177983505,-259.5835230193764,141.29568602264428,2.1341846741305486,-2.0820788733135376,-137.5530728349962,302.3104523473973,4.837234655838741,-4.823323829144613,-301.37515991360334,242.9892226488041,3.8413741362620386,-3.813391476996322,-241.01965414780074,-209.1958789393842,-259.5835230193764,hourly_window_mean_factor_top_available_analogs,4,5780.340306776316,,5780.340306776316,0.0,-71.642806104388,41.791636894226976,4.0687920868788895e-13,-71.642806104388,41.791636894226976,4.0687920868788895e-13,137.5530728349962,301.3751599136034,241.01965414780076,209.1958789393842,3.1110537252046924,141.29568602264428,2.1341846741305486,259.5835230193764,4.164262177983505,302.3104523473973,4.837234655838741,242.9892226488041,3.8413741362620386,-42.7269293280209,-0.672972477855236,0.9768690510741438,-0.0651361250917799,137.5530728349962,301.3751599136034,241.01965414780076
experiment_2026_06_13_13_27,SEN_demand_NES,2026-05-01,Labor Day,H2,F,shape_pearson_CDE_map_FGH,True,2026-05-01,12,True,True,11,False,2,24,11,euclidian,RidgeReg,standard,2,{},2026-04-30 10:00:00,2026-05-02,874.6802452640261,11.87618193788831,310.42715,6.199,,14,24,4,4,11,4,0.06223553367856613,8741.694986842975,8335.47644224078,874.6802452640261,11.87618193788831,-11.87618193788831,-874.6802452640261,479.44089330387396,5.328255723551763,-5.328255723551763,-479.44089330387396,1105.236533907448,15.695805562917963,-15.695805562917963,-1105.236533907448,468.1687448005614,5.2375314422282475,-5.2375314422282475,-468.1687448005614,1111.8119538677158,15.811078339762341,-15.811078339762341,-1111.8119538677158,874.6802452640273,11.915561061723464,-11.915561061723464,-874.6802452640273,-479.44089330387396,-1105.236533907448,hourly_window_mean_factor_top_available_analogs,4,6918.804489736843,,6918.804489736843,0.0,-11.272148503312565,6.575419960267823,1.3642420526593924e-12,-11.272148503312565,6.575419960267823,1.3642420526593924e-12,468.1687448005614,1111.8119538677156,874.6802452640275,479.44089330387396,5.328255723551763,468.1687448005614,5.2375314422282475,1105.236533907448,15.695805562917963,1111.8119538677158,15.811078339762341,874.6802452640273,11.915561061723464,-6.575419960267936,-0.1152727768443782,0.0907242813235154,-0.03937912383515396,468.1687448005614,1111.8119538677156,874.6802452640275
experiment_2026_06_13_13_27,SEN_demand_NOR,2025-01-01,New Year's Day,H3,G,shape_pearson_CDE_map_FGH,True,2025-01-01,12,True,True,2,False,2,3,2,pearson,RidgeReg,,2,{},2024-12-31 10:00:00,2025-01-02,70.55991852515874,4.0709001579327255,67.217651,2.957,,14,24,2,4,2,2,0.07486609763997845,1919.9832981440015,1824.8163991804975,70.55991852515874,4.0709001579327255,-3.5702596265909294,-59.50474103873829,35.73321954457817,1.7126143761053283,-0.3537329338918811,-5.726309224294092,90.87549293049737,5.446566863998709,-5.446566863998709,-90.87549293049737,38.760557368563774,1.863542693473266,-0.5013405299269756,-8.770371004385472,89.7827054100913,5.378070102203377,-5.34286874436492,-89.09979022544415,70.98507192110746,4.083244214776495,-3.5591478232562035,-59.5047410387383,-5.726309224294092,-90.87549293049737,hourly_window_mean_factor_top_available_analogs,2,1923.5094518421054,,1923.5094518421054,0.0,3.0440617800913805,-1.7757027050532201,5.3851659973397064e-14,3.0440617800913805,-1.7757027050532201,5.3851659973397064e-14,8.770371004385472,89.09979022544415,59.504741038738345,35.73321954457817,1.7126143761053283,38.760557368563774,1.863542693473266,90.87549293049737,5.446566863998709,89.7827054100913,5.378070102203377,70.98507192110746,4.083244214776495,1.0927875204060769,0.06849676179533226,-0.15092831736793766,-0.01234405684376938,8.770371004385472,89.09979022544415,59.504741038738345
experiment_2026_06_13_13_27,SEN_demand_NOR,2025-02-03,Constitution Day,H2,G,shape_pearson_CDE_map_FGH,True,2025-02-03,12,True,True,2,False,2,3,2,pearson,PCR,,2,{},2025-02-02 10:00:00,2025-02-04,24.05223400609314,1.2068986696826225,71.131218,3.225,,14,24,2,4,2,2,0.0632666559953959,1947.17232923566,1930.2510086961745,24.05223400609314,1.2068986696826225,-0.020013926223311832,0.5680997117084058,29.874033902384244,1.5457736372978719,-1.4227610044391021,-27.444345160492293,20.656184066589997,1.0092216052403933,0.798255202735899,16.908692553825478,26.26495072469137,1.341275168472663,-1.1954688588994085,-23.409038616890307,16.560872176306628,0.8101241761329044,0.7015576882685655,14.554763736724246,20.136059009922057,1.005811383837026,0.0026531708908908405,0.5680997117083578,-27.444345160492293,16.908692553825478,hourly_window_mean_factor_top_available_analogs,2,1997.683383815789,,1997.683383815789,0.0,-4.035306543601986,2.3539288171012345,4.786814219857517e-14,-4.035306543601986,2.3539288171012345,4.786814219857517e-14,23.409038616890307,-14.554763736724244,-0.5680997117083579,29.874033902384244,1.5457736372978719,26.26495072469137,1.341275168472663,20.656184066589997,1.0092216052403933,16.560872176306628,0.8101241761329044,20.136059009922057,1.005811383837026,4.095311890283369,0.19909742910748884,0.20449846882520895,0.20108728584559654,23.409038616890307,14.554763736724244,0.5680997117083579
experiment_2026_06_13_13_27,SEN_demand_NOR,2025-03-17,Benito Juarez's Birthday,H2,G,shape_pearson_CDE_map_FGH,True,2025-03-17,12,True,True,2,False,2,3,2,pearson,RidgeReg,,2,{},2025-03-16 10:00:00,2025-03-18,31.940156513597092,1.5144635825248343,70.194229,3.192,,14,24,2,4,2,2,0.06888887187195257,2139.9921509178557,2125.8068478921828,31.940156513597092,1.5144635825248343,-1.0185303503659309,-20.592993023118645,61.02485181900892,2.936863275142262,-2.936863275142262,-61.02485181900892,14.974084252106858,0.6847304284980013,0.1004971890869294,2.992257941150683,64.93177423967158,3.123244207245038,-3.123244207245038,-64.93177423967158,14.48793952828666,0.6624357659907276,0.2051921378038143,5.271296019870221,33.07251021142847,1.5690494022423156,-1.021073884056289,-20.59299302311887,-61.02485181900892,2.992257941150683,hourly_window_mean_factor_top_available_analogs,2,2029.2388132894737,,2029.2388132894737,0.0,3.906922420662665,-2.2790380787195375,2.2139015766841017e-13,3.906922420662665,-2.2790380787195375,2.2139015766841017e-13,64.93177423967158,-5.271296019870221,20.592993023118865,61.02485181900892,2.936863275142262,64.93177423967158,3.123244207245038,14.974084252106858,0.6847304284980013,14.48793952828666,0.6624357659907276,33.07251021142847,1.5690494022423156,0.4861447238201979,0.022294662507273633,-0.18638093210277606,-0.05458581971748133,64.93177423967158,5.271296019870221,20.592993023118865
experiment_2026_06_13_13_27,SEN_demand_NOR,2025-04-17,Maundy Thursday,H1,F,shape_pearson_CDE_map_FGH,True,2025-04-17,12,True,True,3,False,2,3,3,pearson,PLS,standard,2,{},2025-04-16 10:00:00,2025-04-18,187.82224382373556,6.315701250985016,69.109355,3.167,,14,24,3,4,3,3,0.07983969918318225,3234.2176907982725,3150.165862499404,187.82224382373556,6.315701250985016,-6.189063841894381,-183.76590685090363,48.330126094017615,1.4125275903490035,-1.0687974799601379,-37.32006859633085,269.1926458327377,9.17588588635602,-9.17588588635602,-269.1926458327377,40.312441461426424,1.209745121572031,-0.5680013717654716,-18.10687760063427,280.4003405802284,9.715707234588955,-9.715707234588955,-280.4003405802284,191.94690406277496,6.58193171926693,-6.345499811443462,-183.76590685090414,-37.32006859633085,-269.1926458327377,hourly_window_mean_factor_top_available_analogs,3,2754.599770350877,,2754.599770350877,0.0,-19.213190995696582,11.20769474749064,6.103188130318334e-13,-19.213190995696582,11.20769474749064,6.103188130318334e-13,18.106877600634267,280.4003405802283,183.76590685090423,48.330126094017615,1.4125275903490035,40.312441461426424,1.209745121572031,269.1926458327377,9.17588588635602,280.4003405802284,9.715707234588955,191.94690406277496,6.58193171926693,-11.207694747490677,-0.5398213482329339,0.2027824687769726,-0.26623046828191477,18.106877600634267,280.4003405802283,183.76590685090423
experiment_2026_06_13_13_27,SEN_demand_NOR,2025-04-18,Good Friday,H2,F,shape_pearson_CDE_map_FGH,True,2025-04-18,12,True,True,2,False,2,3,2,pearson,RidgeReg,,2,{},2025-04-17 10:00:00,2025-04-19,293.3253887318094,11.499927202544264,76.73402,3.325,,14,24,2,4,2,2,0.07549017871138904,2952.4551129948563,2901.4030186443943,293.3253887318094,11.499927202544264,-11.472515227387692,-292.62789431064624,109.79522388166366,3.680736959868081,-3.606333027300244,-107.90202473850657,400.384651561061,16.061121510772036,-16.061121510772036,-400.384651561061,110.13586216176967,3.797567766648003,-3.797567766648003,-110.13586216176967,399.08157973082365,16.148254701240877,-16.148254701240877,-399.08157973082365,292.62789431064584,11.598001620075078,-11.598001620075078,-292.62789431064584,-107.90202473850657,-400.384651561061,hourly_window_mean_factor_top_available_analogs,2,2472.405771710526,,2472.405771710526,0.0,2.233837423263107,-1.303071830237381,-3.590110664893138e-13,2.233837423263107,-1.303071830237381,-3.590110664893138e-13,110.13586216176968,399.0815797308236,292.6278943106459,109.79522388166366,3.680736959868081,110.13586216176967,3.797567766648003,400.384651561061,16.061121510772036,399.08157973082365,16.148254701240877,292.62789431064584,11.598001620075078,1.303071830237343,-0.08713319046884038,-0.11683080677992219,-0.09807441753081392,110.13586216176968,399.0815797308236,292.6278943106459
experiment_2026_06_13_13_27,SEN_demand_NOR,2025-04-19,Holy Saturday,H3,G,shape_pearson_CDE_map_FGH,True,2025-04-19,12,True,True,2,False,2,3,2,pearson,PLS,standard,2,{},2025-04-18 10:00:00,2025-04-20,195.88638924797593,7.9022428449675495,93.796191,4.061,,14,24,2,4,2,2,0.05625584976540841,2623.026783945902,2527.0899086074387,195.88638924797593,7.9022428449675495,-7.560766374707065,-188.04150605116524,312.8431302404107,12.530336874080758,-12.530336874080758,-312.8431302404107,127.6616236690557,5.202521327984846,-4.661850250072412,-115.24055860743884,253.9441506050852,10.266628791392325,-10.266628791392325,-253.9441506050852,153.80558403385638,6.56620160092244,-6.409589727329068,-149.59829672804523,190.6987401390459,7.929516881621873,-7.830604119352375,-188.04150605116516,-312.8431302404107,-115.24055860743884,hourly_window_mean_factor_top_available_analogs,2,1884.7881530263157,,1884.7881530263157,0.0,-58.89897963532547,34.35773812060639,-8.376924884750654e-14,-58.89897963532547,34.35773812060639,-8.376924884750654e-14,253.9441506050852,149.59829672804523,188.04150605116516,312.8431302404107,12.530336874080758,253.9441506050852,10.266628791392325,127.6616236690557,5.202521327984846,153.80558403385638,6.56620160092244,190.6987401390459,7.929516881621873,-26.143960364800677,-1.3636802729375939,2.2637080826884333,-0.027274036654323375,253.9441506050852,149.59829672804523,188.04150605116516
experiment_2026_06_13_13_27,SEN_demand_NOR,2025-05-01,Labor Day,H2,F,shape_pearson_CDE_map_FGH,True,2025-05-01,12,True,True,2,False,2,14,2,pearson,PLS,,2,{},2025-04-30 10:00:00,2025-05-02,237.0194467050987,7.755052271769885,99.843793,4.356,,14,24,2,4,2,2,0.07053248197309679,2629.1746976258596,2546.8902355289883,237.0194467050987,7.755052271769885,7.749010439849747,236.88233132150947,297.5565316366488,9.443418286728814,9.443418286728814,297.5565316366488,201.70614716169447,6.770172096377178,6.760605862503623,201.48904780434486,288.18149738457305,9.118106080513225,9.118106080513225,288.18149738457305,208.2138750419973,6.946080564145973,6.890483439694772,206.9578177847213,237.67563064189366,7.746300491228645,7.7111865178910435,236.88233132150876,297.5565316366488,201.48904780434486,hourly_window_mean_factor_top_available_analogs,2,2714.927099342105,,2714.927099342105,0.0,9.375034252075725,-5.468769980376408,6.9408806187934e-13,9.375034252075725,-5.468769980376408,6.9408806187934e-13,-288.18149738457305,-206.95781778472127,-236.8823313215088,297.5565316366488,9.443418286728814,288.18149738457305,9.118106080513225,201.70614716169447,6.770172096377178,208.2138750419973,6.946080564145973,237.67563064189366,7.746300491228645,-6.507727880302838,-0.17590846776879498,0.3253122062155889,0.008751780541239818,288.18149738457305,206.95781778472127,236.8823313215088
experiment_2026_06_13_13_27,SEN_demand_NOR,2025-09-16,Independence Day,H2,H,shape_pearson_CDE_map_FGH,True,2025-09-16,12,True,True,2,False,2,4,2,pearson,RidgeReg,,2,{},2025-09-15 10:00:00,2025-09-17,150.44613830926087,3.6941839226176434,111.102762,4.595,,14,24,2,4,2,2,0.09159264999715855,4166.767673185861,4049.3457190499284,150.44613830926087,3.6941839226176434,-1.3671031182979323,-64.96757976480798,75.73725647602707,1.8144969066510335,0.9216258964639911,35.0412411525412,194.02631937864726,4.790668015264833,-2.7021950435757205,-123.30605863326167,91.18170964971425,2.0291491380049895,1.7939975572057278,81.023439432861,150.1290076301156,3.7402077747974887,-3.7402077747974887,-150.1290076301156,128.41158205838877,3.109817750716042,-1.7012900209015664,-64.96757976480843,35.0412411525412,-123.30605863326167,hourly_window_mean_factor_top_available_analogs,2,3861.0872624999997,,3861.0872624999997,0.0,-45.9821982803198,26.82294899685394,4.547473508864641e-13,-45.9821982803198,26.82294899685394,4.547473508864641e-13,-81.023439432861,150.1290076301156,64.96757976480843,75.73725647602707,1.8144969066510335,91.18170964971425,2.0291491380049895,194.02631937864726,4.790668015264833,150.1290076301156,3.7402077747974887,128.41158205838877,3.109817750716042,43.89731174853165,1.0504602404673444,-0.21465223135395606,0.5843661719016016,81.023439432861,150.1290076301156,64.96757976480843
experiment_2026_06_13_13_27,SEN_demand_NOR,2025-11-17,Mexican Revolution Day,H2,F,shape_pearson_CDE_map_FGH,True,2025-11-17,12,True,True,2,False,2,4,2,pearson,RidgeReg,,2,{},2025-11-16 10:00:00,2025-11-18,80.66520047157576,3.1041060123869797,116.463216,4.504,,14,24,2,4,2,2,0.07474188080310558,2508.510139825389,2445.543196735331,80.66520047157576,3.1041060123869797,3.0926597397064293,80.34731043776839,37.54898148281268,1.424079690778801,1.4006003121916186,36.89243416308211,105.8163282150209,4.084121366658417,4.079694405756736,105.69598826466871,32.073285962211585,1.2276194282506652,-0.16051567109012224,-1.941105699011749,136.8063276161823,5.009806924168047,4.675384427511263,128.34888651755736,98.2204701647194,3.6163694256721697,2.893737022763385,80.34731043776874,36.89243416308211,105.69598826466871,hourly_window_mean_factor_top_available_analogs,2,2578.7141218421048,,2578.7141218421048,0.0,38.83353986209386,-22.652898252888633,-3.4704403093967e-13,38.83353986209386,-22.652898252888633,-3.4704403093967e-13,1.9411056990117501,-128.34888651755733,-80.34731043776873,37.54898148281268,1.424079690778801,32.073285962211585,1.2276194282506652,105.8163282150209,4.084121366658417,136.8063276161823,5.009806924168047,98.2204701647194,3.6163694256721697,-30.9899994011614,-0.9256855575096301,0.19646026252813575,-0.51226341328519,1.9411056990117501,128.34888651755733,80.34731043776873
experiment_2026_06_13_13_27,SEN_demand_NOR,2025-12-24,Christmas Eve,H1,G,shape_pearson_CDE_map_FGH,True,2025-12-24,12,True,True,2,False,2,4,2,pearson,LassoReg,,2,{},2025-12-23 10:00:00,2025-12-25,257.1068410933138,11.248231158368444,115.935216,4.406,,14,24,2,4,2,2,0.09706441727613102,2047.0693002930454,1901.544687556184,257.1068410933138,11.248231158368444,11.184898006379607,255.75576865432288,130.4489959081112,5.259430849610803,5.224606546516618,129.69339215804885,330.9905841180153,14.741698005143737,14.661734691299687,329.29215494381606,142.28021915845338,5.743562385670333,5.743562385670333,142.28021915845338,323.08984651847237,14.364132336099205,14.310459939928876,321.9498391935802,256.47577328057054,11.188132880678044,11.154234525202044,255.75576865432288,129.69339215804885,329.29215494381606,hourly_window_mean_factor_top_available_analogs,2,1878.4073113157897,,1878.4073113157897,0.0,-12.58682700040455,7.342315750235865,-7.778573107268465e-14,-12.58682700040455,7.342315750235865,-7.778573107268465e-14,-142.2802191584534,-321.9498391935802,-255.75576865432296,130.4489959081112,5.259430849610803,142.28021915845338,5.743562385670333,330.9905841180153,14.741698005143737,323.08984651847237,14.364132336099205,256.47577328057054,11.188132880678044,7.900737599542936,0.37756566904453237,-0.48413153605952974,0.06009827769040044,142.2802191584534,321.9498391935802,255.75576865432296
experiment_2026_06_13_13_27,SEN_demand_NOR,2025-12-25,Christmas Day,H2,G,shape_pearson_CDE_map_FGH,True,2025-12-25,12,True,True,4,False,2,4,4,euclidian,PLS,minmax,4,{},2025-12-24 10:00:00,2025-12-26,95.36188416095376,4.6808508079678415,132.353056,5.289,,14,24,4,4,4,4,0.05379657900206053,2149.038756143908,2090.2675701487283,95.36188416095376,4.6808508079678415,-2.4996070565934323,-44.57952140706591,83.34340154905681,3.6145143005956717,2.0628306459157844,49.761712864355005,102.37266568456032,5.302880437268274,-5.161029049723809,-99.61190806539479,92.91700165161933,4.00991027224366,2.70339539698467,64.71963639942341,108.62344214294079,5.677269528691325,-5.664455656427774,-108.33736346085117,102.83685880403289,5.06297927631587,-2.581563163065294,-44.57952140706579,49.761712864355005,-99.61190806539479,hourly_window_mean_factor_top_available_analogs,4,2143.6642437499995,,2143.6642437499995,0.0,-14.957923535068403,8.725455395456379,-1.1967035549643792e-13,-14.957923535068403,8.725455395456379,-1.1967035549643792e-13,-64.71963639942341,108.33736346085117,44.57952140706579,83.34340154905681,3.6145143005956717,92.91700165161933,4.00991027224366,102.37266568456032,5.302880437268274,108.62344214294079,5.677269528691325,102.83685880403289,5.06297927631587,-6.2507764583804715,-0.3743890914230512,-0.39539597164798845,-0.3821284683480286,64.71963639942341,108.33736346085117,44.57952140706579
experiment_2026_06_13_13_27,SEN_demand_NOR,2025-12-31,New Year's Eve,H1,G,shape_pearson_CDE_map_FGH,True,2025-12-31,12,True,True,2,False,2,4,2,pearson,RidgeReg,,2,{},2025-12-30 10:00:00,2026-01-01,60.27608868585156,2.5923098428823654,140.778739,5.419,,14,24,2,4,2,2,0.07308462315216441,2265.19840632641,2184.4056439647825,60.27608868585156,2.5923098428823654,2.4539723245754526,57.34998130516916,57.35490055348776,2.311257437947629,2.3068562889831226,57.25815676794283,61.98011509639711,2.756257079094295,2.539790012004312,57.403545618551185,36.805008830103006,1.5018980817457313,0.09918511472492393,3.0091364918887393,102.86169163015204,4.591897066544282,3.9501122811562097,89.04880744624938,78.52501901960764,3.4534763879342907,2.5313496408920524,57.34998130516914,57.25815676794283,57.403545618551185,hourly_window_mean_factor_top_available_analogs,2,2081.6518130263157,,2081.6518130263157,0.0,54.24902027605409,-31.645261827698192,1.7950553324465688e-14,54.24902027605409,-31.645261827698192,1.7950553324465688e-14,-3.0091364918887393,-89.04880744624938,-57.34998130516914,57.35490055348776,2.311257437947629,36.805008830103006,1.5018980817457313,61.98011509639711,2.756257079094295,102.86169163015204,4.591897066544282,78.52501901960764,3.4534763879342907,-40.88157653375493,-1.8356399874499876,0.8093593562018979,-0.8611665450519252,3.0091364918887393,89.04880744624938,57.34998130516914
experiment_2026_06_13_13_27,SEN_demand_NOR,2026-01-01,New Year's Day,H3,G,shape_pearson_CDE_map_FGH,True,2026-01-01,12,True,True,2,False,2,4,2,pearson,LassoReg,,2,{},2025-12-31 10:00:00,2026-01-02,93.15762554682505,4.722551655685603,143.796774,5.535,,14,24,2,4,2,2,0.07949518752750548,2158.399725809983,2051.7725327394733,93.15762554682505,4.722551655685603,-4.722551655685603,-93.15762554682505,50.17509821657063,2.1976091252295444,-2.1976091252295444,-50.17509821657063,118.23076648947345,6.195434798451637,-6.195434798451637,-118.23076648947345,50.17751011991673,2.21352162336266,-2.167184619521204,-49.171186238989904,119.58868113878206,6.2643259236075695,-6.229147170287869,-118.81638180972898,94.01614444762114,4.771924339306814,-4.73263465158436,-93.15762554682512,-50.17509821657063,-118.23076648947345,hourly_window_mean_factor_top_available_analogs,2,2045.9444517105267,,2045.9444517105267,0.0,-1.003911977580726,0.5856153202555371,7.180221329786275e-14,-1.003911977580726,0.5856153202555371,7.180221329786275e-14,49.171186238989904,118.816381809729,93.15762554682512,50.17509821657063,2.1976091252295444,50.17751011991673,2.21352162336266,118.23076648947345,6.195434798451637,119.58868113878206,6.2643259236075695,94.01614444762114,4.771924339306814,-1.3579146493086114,-0.06889112515593254,-0.01591249813311535,-0.049372683621211166,49.171186238989904,118.816381809729,93.15762554682512
experiment_2026_06_13_13_27,SEN_demand_NOR,2026-02-02,Constitution Day,H2,G,shape_pearson_CDE_map_FGH,True,2026-02-02,12,True,True,2,False,2,4,2,pearson,RidgeReg,,2,{},2026-02-01 10:00:00,2026-02-03,51.0300215999199,2.4873206166918074,139.667038,5.544,,14,24,2,4,2,2,0.0666500340372174,2020.1959279104722,1994.6374253156564,51.0300215999199,2.4873206166918074,0.8843584968768459,19.86608472110647,46.757416457324084,2.3690636478865237,-1.7668529491679819,-33.503363073014384,53.52237459976746,2.5563038484948906,2.4308985070696623,50.9982626010103,74.88112195994806,3.736681553797282,-3.423146294512452,-68.01580333166238,71.13051941855555,3.4372301795802565,3.4372301795802565,71.13051941855555,72.51232035485806,3.5475543700812664,0.9097230575461009,19.866084721106834,-33.503363073014384,50.9982626010103,hourly_window_mean_factor_top_available_analogs,2,1960.953110263158,,1960.953110263158,0.0,34.512440258648,-20.132256817545244,-3.649945842641357e-13,34.512440258648,-20.132256817545244,-3.649945842641357e-13,68.01580333166238,-71.13051941855555,-19.866084721106837,46.757416457324084,2.3690636478865237,74.88112195994806,3.736681553797282,53.52237459976746,2.5563038484948906,71.13051941855555,3.4372301795802565,72.51232035485806,3.5475543700812664,-17.60814481878809,-0.8809263310853659,-1.3676179059107585,-1.060233753389459,68.01580333166238,71.13051941855555,19.866084721106837
experiment_2026_06_13_13_27,SEN_demand_NOR,2026-03-16,Benito Juarez's Birthday,H2,G,shape_pearson_CDE_map_FGH,True,2026-03-16,12,True,True,2,False,2,4,2,pearson,LassoReg,,2,{},2026-03-15 10:00:00,2026-03-17,195.46612163352242,8.267881921499455,119.471875,4.793,,14,24,2,4,2,2,0.0603343204353771,2654.5294590423064,2576.8882231179646,195.46612163352242,8.267881921499455,-8.06563477168288,-189.63467798967508,349.0413113411788,14.894525039171914,-14.894525039171914,-349.0413113411788,105.88059430405616,4.402340102857185,-4.082115448980942,-96.6474752012979,303.1428548390482,13.212992588194883,-13.212992588194883,-303.1428548390482,153.22010591272,6.553327598667338,-5.530952557282205,-123.42157482754048,208.45480288557775,9.006888384282753,-8.36117783182898,-189.63467798967494,-349.0413113411788,-96.6474752012979,hourly_window_mean_factor_top_available_analogs,2,2112.104349736842,,2112.104349736842,0.0,-45.89845650213059,26.774099626242577,-1.6753849769501309e-13,-45.89845650213059,26.774099626242577,-1.6753849769501309e-13,303.1428548390482,123.42157482754047,189.6346779896749,349.0413113411788,14.894525039171914,303.1428548390482,13.212992588194883,105.88059430405616,4.402340102857185,153.22010591272,6.553327598667338,208.45480288557775,9.006888384282753,-47.33951160866383,-2.1509874958101536,1.6815324509770306,-0.7390064627832977,303.1428548390482,123.42157482754047,189.6346779896749
experiment_2026_06_13_13_27,SEN_demand_NOR,2026-04-02,Maundy Thursday,H1,F,shape_pearson_CDE_map_FGH,True,2026-04-02,12,True,True,4,False,2,4,4,pearson,RidgeReg,standard,2,{},2026-04-01 10:00:00,2026-04-03,135.69492223241434,4.452691453969382,114.264147,4.666,,14,24,4,4,4,4,0.08437157274533229,3159.450737232415,3009.434738875643,135.69492223241434,4.452691453969382,-4.452691453969382,-135.69492223241434,167.76071155830928,5.061448791143383,-5.061448791143383,-167.76071155830928,116.98987845897572,4.097583007284548,-4.097583007284548,-116.98987845897572,131.80307114082981,3.996189591598587,-3.996189591598587,-131.80307114082981,137.9651687025067,4.914818263118836,-4.914818263118836,-137.9651687025067,135.69492223241525,4.5763761209797975,-4.5763761209797975,-135.69492223241525,-167.76071155830928,-116.98987845897572,hourly_window_mean_factor_top_available_analogs,4,2836.5907528947364,,2836.5907528947364,0.0,-35.95764041747946,20.975290243530992,8.257254529254217e-13,-35.95764041747946,20.975290243530992,8.257254529254217e-13,131.80307114082981,137.96516870250673,135.69492223241517,167.76071155830928,5.061448791143383,131.80307114082981,3.996189591598587,116.98987845897572,4.097583007284548,137.9651687025067,4.914818263118836,135.69492223241525,4.5763761209797975,-20.975290243530978,-0.8172352558342881,1.065259199544796,-0.1236846670104157,131.80307114082981,137.96516870250673,135.69492223241517
experiment_2026_06_13_13_27,SEN_demand_NOR,2026-04-03,Good Friday,H2,F,shape_pearson_CDE_map_FGH,True,2026-04-03,12,True,True,4,False,2,4,4,pearson,RidgeReg,standard,2,{},2026-04-02 10:00:00,2026-04-04,100.29321564093405,3.5874880748784896,115.647271,4.629,,14,24,4,4,4,4,0.08707720019706378,2759.144659391185,2653.146288077527,100.29321564093405,3.5874880748784896,0.7909008306702531,32.49647218776247,96.02814635309622,3.203693809421091,0.8358777360842059,33.21167978540182,102.78117272550611,3.811368063061971,0.7646643025121139,32.07926775580618,74.17783736244824,2.3626249958944534,2.153324367937729,68.46764249211557,77.04854723273996,2.9058433180697585,0.27927541177898024,11.513289510222819,75.99091728052723,2.705710252005172,0.9697145008900984,32.49647218776225,33.21167978540182,32.07926775580618,hourly_window_mean_factor_top_available_analogs,4,2653.0856807236837,,2653.0856807236837,0.0,-35.25596270671375,20.565978245583363,2.1540663989358825e-13,-35.25596270671375,20.565978245583363,2.1540663989358825e-13,-68.46764249211557,-11.513289510222815,-32.49647218776226,96.02814635309622,3.203693809421091,74.17783736244824,2.3626249958944534,102.78117272550611,3.811368063061971,77.04854723273996,2.9058433180697585,75.99091728052723,2.705710252005172,25.732625492766147,0.9055247449922126,0.8410688135266375,0.8817778228733175,68.46764249211557,11.513289510222815,32.49647218776226
experiment_2026_06_13_13_27,SEN_demand_NOR,2026-04-04,Holy Saturday,H3,G,shape_pearson_CDE_map_FGH,True,2026-04-04,12,True,True,4,False,2,4,4,pearson,RidgeReg,standard,2,{},2026-04-03 10:00:00,2026-04-05,120.9129113197926,4.2996965322595,103.730521,4.256,,14,24,4,4,4,4,0.06502987288174489,2613.438786280267,2576.7831146691765,120.9129113197926,4.2996965322595,3.649779000538871,105.65150477236458,91.76661150600118,3.303166603513833,1.5821236132239422,51.37025024357792,137.91491954450427,4.881005657361141,4.855911309805914,137.31556991415678,124.14100030747106,4.535951673663726,1.4065120520773073,50.516427551213575,153.36578346681267,5.322003810696898,4.637766414614246,137.81363315136954,142.5987580923184,5.032405654947834,3.447304281048006,105.6515047723647,51.37025024357792,137.31556991415678,hourly_window_mean_factor_top_available_analogs,4,2213.3990915131576,,2213.3990915131576,0.0,0.8538226923643444,-0.49806323721274265,-1.3163739104608172e-13,0.8538226923643444,-0.49806323721274265,-1.3163739104608172e-13,-50.516427551213575,-137.81363315136952,-105.6515047723647,91.76661150600118,3.303166603513833,124.14100030747106,4.535951673663726,137.91491954450427,4.881005657361141,153.36578346681267,5.322003810696898,142.5987580923184,5.032405654947834,-15.4508639223084,-0.440998153335757,-1.2327850701498932,-0.732709122688334,50.516427551213575,137.81363315136952,105.6515047723647
experiment_2026_06_13_13_27,SEN_demand_NOR,2026-05-01,Labor Day,H2,F,shape_pearson_CDE_map_FGH,True,2026-05-01,12,True,True,16,False,2,18,16,pearson,RidgeReg,standard,2,{},2026-04-30 10:00:00,2026-05-02,75.09565740124525,2.3189590756352665,119.151676,4.91,,14,24,4,4,16,4,0.08845956080688855,3261.298369816707,3116.0513302903223,75.09565740124525,2.3189590756352665,-0.46970592633233865,-11.537537974601097,64.71732567778784,1.8473083762555866,-0.5892401615688244,-22.813189004793426,81.14968423992873,2.594088650273412,-0.39997762244438856,-4.9600748736555715,50.65331972307542,1.4577047135353605,0.6117042374125589,20.592674536220102,61.19148555231774,2.1280684826908787,-1.2534004604219047,-30.280161939247478,57.309003404702146,1.88109235721253,-0.5662566243776288,-11.537537974601527,-22.813189004793426,-4.9600748736555715,hourly_window_mean_factor_top_available_analogs,4,2927.5729019736837,,2927.5729019736837,0.0,-43.405863541013524,25.320087065591906,4.308132797871765e-13,-43.405863541013524,25.320087065591906,4.308132797871765e-13,-20.5926745362201,30.280161939247478,11.537537974601529,64.71732567778784,1.8473083762555866,50.65331972307542,1.4577047135353605,81.14968423992873,2.594088650273412,61.19148555231774,2.1280684826908787,57.309003404702146,1.88109235721253,19.958198687610995,0.4660201675825335,0.3896036627202262,0.4378667184227365,20.5926745362201,30.280161939247478,11.537537974601529
experiment_2026_06_13_13_27,SEN_demand_NTE,2025-01-01,New Year's Day,H3,F,shape_pearson_CDE_map_FGH,True,2025-01-01,12,True,True,2,False,2,8,2,pearson,LassoReg,,2,{},2024-12-31 10:00:00,2025-01-02,40.593260647410155,1.7583007452293262,122.403768,4.491,,14,24,2,4,2,2,0.0709849548959757,2205.920857043509,2102.715696819868,40.593260647410155,1.7583007452293262,1.3042365442157584,31.875207167017116,49.02831114453446,1.9925204503222378,1.9925204503222378,49.02831114453446,35.67281452408764,1.6216725839251278,0.9027375989869789,21.869229846798664,53.59026025469078,2.1615028643786993,2.1337705605822777,52.93620141006558,58.31266203364968,2.67440101140609,0.6550833048723012,19.589627191905908,56.5728297992964,2.4854385361854723,1.1998628201338715,31.87520716701737,49.02831114453446,21.869229846798664,hourly_window_mean_factor_top_available_analogs,2,2420.2427773684212,,2420.2427773684212,0.0,-3.9078902655311203,2.2796026548927557,-2.5130774654251967e-13,-3.9078902655311203,2.2796026548927557,-2.5130774654251967e-13,-52.936201410065586,-19.589627191905908,-31.87520716701737,49.02831114453446,1.9925204503222378,53.59026025469078,2.1615028643786993,35.67281452408764,1.6216725839251278,58.31266203364968,2.67440101140609,56.5728297992964,2.4854385361854723,-22.63984750956204,-1.052728427480962,-0.16898241405646153,-0.7271377909561461,52.936201410065586,19.589627191905908,31.87520716701737
experiment_2026_06_13_13_27,SEN_demand_NTE,2025-02-03,Constitution Day,H2,F,shape_pearson_CDE_map_FGH,True,2025-02-03,12,True,True,2,False,2,9,2,pearson,LassoReg,,2,{},2025-02-02 10:00:00,2025-02-04,90.41849533995372,3.55802194592376,115.652954,4.366,,14,24,2,4,2,2,0.056435380481658214,2669.1939474452174,2674.3052673639922,90.41849533995372,3.55802194592376,-3.55802194592376,-90.41849533995372,89.24213472731601,3.5822381782032306,-3.5822381782032306,-89.24213472731601,91.10470569732571,3.543895810427401,-3.543895810427401,-91.10470569732571,139.65315684367008,5.574252683742164,-5.574252683742164,-139.65315684367008,62.62315817133001,2.4488548163434865,-2.4130740221159086,-61.698276129453255,91.00263136640267,3.6003171885429985,-3.577718792188739,-90.41849533995419,-89.24213472731601,-91.10470569732571,hourly_window_mean_factor_top_available_analogs,2,2405.6876596052634,,2405.6876596052634,0.0,50.41102211635406,-29.406429567872465,4.667143864361079e-13,50.41102211635406,-29.406429567872465,4.667143864361079e-13,139.65315684367008,61.69827612945325,90.41849533995419,89.24213472731601,3.5822381782032306,139.65315684367008,5.574252683742164,91.10470569732571,3.543895810427401,62.62315817133001,2.4488548163434865,91.00263136640267,3.6003171885429985,28.4815475259957,1.0950409940839148,-1.9920145055389331,-0.04229524261923867,139.65315684367008,61.69827612945325,90.41849533995419
experiment_2026_06_13_13_27,SEN_demand_NTE,2025-03-17,Benito Juarez's Birthday,H2,H,shape_pearson_CDE_map_FGH,True,2025-03-17,12,True,True,2,False,2,9,2,pearson,LassoReg,,2,{},2025-03-16 10:00:00,2025-03-18,82.72786210747934,3.0965911643084905,88.190435,3.406,,14,24,2,4,2,2,0.060477808785415574,2814.4941162318296,2891.3737409695955,82.72786210747934,3.0965911643084905,-2.982209421515755,-79.48559517919847,66.86626697439063,2.6844537462770215,-2.4015665472276653,-58.90253096708924,91.98045926844776,3.3370046581601804,-3.320917764850474,-91.49238263626218,121.9517168156467,4.85603783218625,-4.85603783218625,-121.9517168156467,68.15735025602349,2.46523054106139,-2.048529756352061,-54.71369089126963,87.97632740956888,3.346054279896865,-3.082874836922552,-79.48559517919803,-58.90253096708924,-91.49238263626218,hourly_window_mean_factor_top_available_analogs,2,2848.3954747368416,,2848.3954747368416,0.0,63.049185848557464,-36.77869174499256,-4.4278031533682034e-13,63.049185848557464,-36.77869174499256,-4.4278031533682034e-13,121.9517168156467,54.71369089126962,79.48559517919803,66.86626697439063,2.6844537462770215,121.9517168156467,4.85603783218625,91.98045926844776,3.3370046581601804,68.15735025602349,2.46523054106139,87.97632740956888,3.346054279896865,23.82310901242427,0.8717741170987905,-2.171584085909229,-0.24946311558837442,121.9517168156467,54.71369089126962,79.48559517919803
experiment_2026_06_13_13_27,SEN_demand_NTE,2025-04-17,Maundy Thursday,H1,G,shape_pearson_CDE_map_FGH,True,2025-04-17,12,True,True,2,False,2,9,2,pearson,LassoReg,,2,{},2025-04-16 10:00:00,2025-04-18,139.71161349212898,3.469121101801715,88.938192,3.449,,14,24,2,4,2,2,0.04823412366052816,3875.6567244440944,3729.5188811340317,139.71161349212898,3.469121101801715,2.685440463649878,109.01213766116828,133.89533713697543,3.174723590082597,1.047590429384754,50.568188452939204,143.10444136596854,3.640852983637867,3.640852983637867,143.10444136596854,146.0397392437804,3.466469696318238,0.9990973664779289,49.298248657132326,143.84523958019017,3.6599521967013793,3.6599521967013793,143.84523958019017,144.65373945624975,3.5886691702444327,2.679637259250634,109.01213766116885,50.568188452939204,143.10444136596854,hourly_window_mean_factor_top_available_analogs,2,3727.8700007894736,,3727.8700007894736,0.0,1.2699397958068792,-0.740798214221627,-5.983517774821897e-13,1.2699397958068792,-0.740798214221627,-5.983517774821897e-13,-49.298248657132326,-143.84523958019017,-109.01213766116888,133.89533713697543,3.174723590082597,146.0397392437804,3.466469696318238,143.10444136596854,3.640852983637867,143.84523958019017,3.6599521967013793,144.65373945624975,3.5886691702444327,-0.740798214221627,-0.019099213063512366,-0.291746106235641,-0.1195480684427177,49.298248657132326,143.84523958019017,109.01213766116888
experiment_2026_06_13_13_27,SEN_demand_NTE,2025-04-18,Good Friday,H2,H,shape_pearson_CDE_map_FGH,True,2025-04-18,12,True,True,2,False,2,9,2,pearson,LassoReg,,2,{},2025-04-17 10:00:00,2025-04-19,95.18609470020931,3.009472179411499,92.237584,3.432,,14,24,2,4,2,2,0.10857554952758974,3400.1050826602814,3066.5528459693937,95.18609470020931,3.009472179411499,-1.8824728227503618,-55.67983213396574,80.07598120720051,2.0620827476907793,-1.156285970657674,-43.03054270180409,104.00032757113111,3.5621160145819197,-2.306081819804429,-63.05858430272671,80.7476598654681,2.0263862269199397,0.909238818795273,38.19478524162979,138.12069804561108,4.782616361518561,-3.9485583946993352,-110.44002560306295,116.98326292661103,3.76716315403486,-2.1588436318329003,-55.679832133965625,-43.03054270180409,-63.05858430272671,hourly_window_mean_factor_top_available_analogs,2,2912.4286523684214,,2912.4286523684214,0.0,-81.22532794343387,47.381441300336235,-1.1967035549643792e-13,-81.22532794343387,47.381441300336235,-1.1967035549643792e-13,-38.19478524162978,110.44002560306294,55.67983213396562,80.07598120720051,2.0620827476907793,80.7476598654681,2.0263862269199397,104.00032757113111,3.5621160145819197,138.12069804561108,4.782616361518561,116.98326292661103,3.76716315403486,-34.12037047447997,-1.2205003469366411,0.03569652077083951,-0.7576909746233609,38.19478524162978,110.44002560306294,55.67983213396562
experiment_2026_06_13_13_27,SEN_demand_NTE,2025-04-19,Holy Saturday,H3,H,shape_pearson_CDE_map_FGH,True,2025-04-19,12,True,True,2,False,2,10,2,pearson,LassoReg,,2,{},2025-04-18 10:00:00,2025-04-20,222.16323424543268,7.2613371966321925,92.342301,3.485,,14,24,2,4,2,2,0.0715835212385856,3293.0213068770117,3400.7358831927504,222.16323424543268,7.2613371966321925,-7.2613371966321925,-222.16323424543268,215.47107247860222,7.504446428417615,-7.504446428417615,-215.47107247860222,226.06699527608384,7.119523478090698,-7.119523478090698,-226.06699527608384,226.20231745060934,7.902099627082239,-7.902099627082239,-226.20231745060934,219.80710237574658,6.957181844814374,-6.957181844814374,-219.80710237574658,222.16323424543288,7.305309448807798,-7.305309448807798,-222.16323424543288,-215.47107247860222,-226.06699527608384,hourly_window_mean_factor_top_available_analogs,2,2849.4785069736845,,2849.4785069736845,0.0,10.731244972007127,-6.2598929003372445,1.555714621453693e-13,10.731244972007127,-6.2598929003372445,1.555714621453693e-13,226.20231745060934,219.8071023757466,222.16323424543282,215.47107247860222,7.504446428417615,226.20231745060934,7.902099627082239,226.06699527608384,7.119523478090698,219.80710237574658,6.957181844814374,222.16323424543288,7.305309448807798,6.259892900337263,0.16234163327632345,-0.39765319866462434,-0.04397225217560585,226.20231745060934,219.8071023757466,222.16323424543282
experiment_2026_06_13_13_27,SEN_demand_NTE,2025-05-01,Labor Day,H2,G,shape_pearson_CDE_map_FGH,True,2025-05-01,12,True,True,2,False,2,11,2,pearson,RidgeReg,,2,{},2025-04-30 10:00:00,2025-05-02,219.31713055347996,5.89055225747583,111.484935,4.109,,14,24,2,4,2,2,0.049006450072997206,4072.0790534482176,3967.269786644498,219.31713055347996,5.89055225747583,-5.89055225747583,-219.31713055347996,152.6015608260213,3.7322958329334956,-3.7322958329334956,-152.6015608260213,258.23454622783083,7.149535171792191,-7.149535171792191,-258.23454622783083,170.12067680918827,4.179197193019364,-4.179197193019364,-170.12067680918827,248.01506190431778,6.819533789135825,-6.819533789135825,-248.01506190431778,219.31713055348058,5.846778201092919,-5.846778201092919,-219.31713055348058,-152.6015608260213,-258.23454622783083,hourly_window_mean_factor_top_available_analogs,2,3643.480009605263,,3643.480009605263,0.0,17.519115983166948,-10.219484323513049,6.34252884131121e-13,17.519115983166948,-10.219484323513049,6.34252884131121e-13,170.12067680918827,248.01506190431778,219.31713055348058,152.6015608260213,3.7322958329334956,170.12067680918827,4.179197193019364,258.23454622783083,7.149535171792191,248.01506190431778,6.819533789135825,219.31713055348058,5.846778201092919,10.219484323513058,0.33000138265636636,-0.44690136008586867,0.043774056382910764,170.12067680918827,248.01506190431778,219.31713055348058
experiment_2026_06_13_13_27,SEN_demand_NTE,2025-09-16,Independence Day,H2,G,shape_pearson_CDE_map_FGH,True,2025-09-16,12,True,True,4,False,2,11,4,euclidian,PCR,standard,3,{},2025-09-15 10:00:00,2025-09-17,286.9488459086029,7.729640825293939,101.84667,3.483,,14,24,4,4,4,4,0.03568783125096309,3322.5670638282395,3281.326320841523,286.9488459086029,7.729640825293939,7.729640825293939,286.9488459086029,406.3345917659611,10.562637014657723,10.562637014657723,406.3345917659611,217.30716082514394,6.07705971483173,6.07705971483173,217.30716082514394,389.70427021192893,10.111461560904988,10.111461560904988,389.70427021192893,227.00818173166226,6.322055474392211,6.322055474392211,227.00818173166226,286.94884590860255,7.718152453633761,7.718152453633761,286.94884590860255,406.3345917659611,217.30716082514394,hourly_window_mean_factor_top_available_analogs,4,3379.76943618421,,3379.76943618421,0.0,16.63032155403224,-9.701020906518314,3.111429242907386e-13,16.63032155403224,-9.701020906518314,3.111429242907386e-13,-389.7042702119288,-227.00818173166226,-286.9488459086026,406.3345917659611,10.562637014657723,389.70427021192893,10.111461560904988,217.30716082514394,6.07705971483173,227.00818173166226,6.322055474392211,286.94884590860255,7.718152453633761,-9.701020906518323,-0.24499575956048059,0.45117545375273416,0.011488371660178132,389.7042702119288,227.00818173166226,286.9488459086026
experiment_2026_06_13_13_27,SEN_demand_NTE,2025-11-17,Mexican Revolution Day,H2,F,shape_pearson_CDE_map_FGH,True,2025-11-17,12,True,True,2,False,2,11,2,pearson,LassoReg,,2,{},2025-11-16 10:00:00,2025-11-18,68.94818785486059,2.946958264663755,116.194661,3.782,,14,24,2,4,2,2,0.06640010034224375,2434.300266644657,2438.366818897715,68.94818785486059,2.946958264663755,-1.7457785725800903,-38.51678664465727,99.35281885057339,4.349199108327974,-1.80073433623741,-33.9701656394151,51.21215310736145,2.1289844391929598,-1.713721043779987,-41.16898223104854,71.35323510109798,3.147034341443198,-1.6155147849062568,-31.9892297376343,46.19584297368137,1.9645506762780018,-1.8156112149909653,-42.3245281737534,55.4643558627296,2.400202552917811,-1.7418914775913361,-38.51678664465689,-33.9701656394151,-41.16898223104854,hourly_window_mean_factor_top_available_analogs,2,2414.643614342105,,2414.643614342105,0.0,-1.9809359017808024,1.1555459427048618,-3.8294513758860134e-13,-1.9809359017808024,1.1555459427048618,-3.8294513758860134e-13,31.989229737634297,42.3245281737534,38.51678664465689,99.35281885057339,4.349199108327974,71.35323510109798,3.147034341443198,51.21215310736145,2.1289844391929598,46.19584297368137,1.9645506762780018,55.4643558627296,2.400202552917811,5.016310133680079,0.16443376291495793,1.202164766884776,0.5467557117459441,31.989229737634297,42.3245281737534,38.51678664465689
experiment_2026_06_13_13_27,SEN_demand_NTE,2025-12-24,Christmas Eve,H1,F,shape_pearson_CDE_map_FGH,True,2025-12-24,12,True,True,2,False,2,11,2,pearson,LassoReg,,2,{},2025-12-23 10:00:00,2025-12-25,152.42516949344335,6.059379812524704,117.590096,3.836,,14,24,2,4,2,2,0.08413461714348418,2488.5156712097064,2368.6862120236706,152.42516949344335,6.059379812524704,3.5721386713028327,92.80072721134601,81.48088003076529,2.8711050568956082,2.6007281149429002,74.71486304280344,193.8093383466722,7.919206753308345,4.138794829179459,103.3508146429959,89.43915097031312,3.1030524662612278,2.347697907937561,69.74540271402036,193.45598371035206,7.863354760538736,4.232849824583899,106.24966650145291,155.133992700864,6.109559178436496,3.538320171082617,92.80072721134619,74.71486304280344,103.3508146429959,hourly_window_mean_factor_top_available_analogs,2,2248.34125368421,,2248.34125368421,0.0,4.969460328783076,-2.8988518584570024,-1.3163739104608172e-13,4.969460328783076,-2.8988518584570024,-1.3163739104608172e-13,-69.74540271402037,-106.24966650145291,-92.80072721134614,81.48088003076529,2.8711050568956082,89.43915097031312,3.1030524662612278,193.8093383466722,7.919206753308345,193.45598371035206,7.863354760538736,155.133992700864,6.109559178436496,0.3533546363201481,0.055851992769608394,-0.23194740936561953,-0.05017936591179151,69.74540271402037,106.24966650145291,92.80072721134614
experiment_2026_06_13_13_27,SEN_demand_NTE,2025-12-25,Christmas Day,H2,F,shape_pearson_CDE_map_FGH,True,2025-12-25,12,True,True,2,False,2,11,2,pearson,LassoReg,,2,{},2025-12-24 10:00:00,2025-12-26,182.24676057715362,8.65847701613822,124.593166,4.11,,14,24,2,4,2,2,0.05850597607039889,2391.630795716524,2344.452470138942,182.24676057715362,8.65847701613822,-8.412493618933304,-176.00482255862968,72.6173820426591,3.0250454805609692,-2.3573762595762013,-55.67497884952276,246.19723138894201,11.944645411891614,-11.944645411891614,-246.19723138894201,77.16849018437873,3.174360857273651,-1.1277371195333263,-25.682230358606667,263.69300134197584,12.79962660706817,-12.79962660706817,-263.69300134197584,194.97344459970319,9.25347606767019,-8.499456795871124,-176.0048225586293,-55.67497884952276,-246.19723138894201,hourly_window_mean_factor_top_available_analogs,2,2457.5692405263158,,2457.5692405263158,0.0,-29.992748490916092,17.49576995303384,-3.4704403093967e-13,-29.992748490916092,17.49576995303384,-3.4704403093967e-13,25.682230358606667,263.69300134197584,176.00482255862934,72.6173820426591,3.0250454805609692,77.16849018437873,3.174360857273651,246.19723138894201,11.944645411891614,263.69300134197584,12.79962660706817,194.97344459970319,9.25347606767019,-17.49576995303383,-0.8549811951765562,-0.14931537671268158,-0.5949990515319712,25.682230358606667,263.69300134197584,176.00482255862934
experiment_2026_06_13_13_27,SEN_demand_NTE,2025-12-31,New Year's Eve,H1,F,shape_pearson_CDE_map_FGH,True,2025-12-31,12,True,True,2,False,2,11,2,pearson,LassoReg,,2,{},2025-12-30 10:00:00,2026-01-01,218.38047156250636,8.129459121456536,139.165847,4.806,,14,24,2,4,2,2,0.07025231223206208,2516.320648700652,2384.4738415870743,218.38047156250636,8.129459121456536,8.129459121456536,218.38047156250636,206.68308839035862,7.14855736241222,7.14855736241222,206.68308839035862,225.2039450795925,8.70165181423239,8.70165181423239,225.2039450795925,232.28079917852662,7.8908733627547445,7.8908733627547445,232.28079917852662,212.0492236429094,8.123586428288668,8.051629806923513,210.27194711982727,219.50296199813678,8.037850035723539,7.992403748545546,218.38047156250593,206.68308839035862,225.2039450795925,hourly_window_mean_factor_top_available_analogs,2,2409.5562313157893,,2409.5562313157893,0.0,-25.597710788167984,14.931997959765246,3.7097810203895756e-13,-25.597710788167984,14.931997959765246,3.7097810203895756e-13,-232.2807991785266,-210.27194711982725,-218.380471562506,206.68308839035862,7.14855736241222,232.28079917852662,7.8908733627547445,225.2039450795925,8.70165181423239,212.0492236429094,8.123586428288668,219.50296199813678,8.037850035723539,13.154721436683104,0.5780653859437219,-0.7423160003425249,0.09160908573299764,232.2807991785266,210.27194711982725,218.380471562506
experiment_2026_06_13_13_27,SEN_demand_NTE,2026-01-01,New Year's Day,H3,F,shape_pearson_CDE_map_FGH,True,2026-01-01,12,True,True,2,False,2,11,2,pearson,LassoReg,,2,{},2025-12-31 10:00:00,2026-01-02,80.01327459715017,3.508617573557555,149.829345,5.187,,14,24,2,4,2,2,0.08413461714348418,2397.419022830659,2271.2175869994735,80.01327459715017,3.508617573557555,-3.2639426685110684,-74.00941493592185,56.4999532102185,2.2406316103273487,-1.7666596171745519,-44.10157925554732,93.72937873952698,4.248276052108508,-4.137357781790702,-91.45565241614032,49.50961015440631,1.9631371352439397,-1.2502107493798074,-30.445891028134124,100.24853261986368,4.567842100265331,-4.527495866233347,-99.42147054879825,81.5552453957478,3.6082139552574493,-3.320075033708359,-74.009414935922,-44.10157925554732,-91.45565241614032,hourly_window_mean_factor_top_available_analogs,2,2248.34125368421,,2248.34125368421,0.0,-13.655688227413195,7.965818132657925,1.436044265957255e-13,-13.655688227413195,7.965818132657925,1.436044265957255e-13,30.445891028134128,99.42147054879825,74.009414935922,56.4999532102185,2.2406316103273487,49.50961015440631,1.9631371352439397,93.72937873952698,4.248276052108508,100.24853261986368,4.567842100265331,81.5552453957478,3.6082139552574493,-6.519153880336702,-0.31956604815682255,0.27749447508340896,-0.09959638169989438,30.445891028134128,99.42147054879825,74.009414935922
experiment_2026_06_13_13_27,SEN_demand_NTE,2026-02-02,Constitution Day,H2,F,shape_pearson_CDE_map_FGH,True,2026-02-02,12,True,True,2,False,2,12,2,pearson,LassoReg,,2,{},2026-02-01 10:00:00,2026-02-03,102.94080572249226,4.14401436079562,145.528158,5.259,,14,24,2,4,2,2,0.08109764067023519,2578.5905191749225,2616.172544295595,102.94080572249226,4.14401436079562,-1.2661879347435285,-27.56171101702721,63.464572372114354,2.5656434818271747,-0.627805203983541,-9.328433253768253,125.96860851021269,5.064730706860546,-1.638577861020188,-38.1977897122616,69.20512953157822,2.602750750529851,2.410362832222603,64.88464751713192,187.34183368014214,7.491382331442957,-3.3545735629074733,-81.4887534952875,143.81778478330278,5.690307538474971,-1.23064962785955,-27.561711017027715,-9.328433253768253,-38.1977897122616,hourly_window_mean_factor_top_available_analogs,2,2543.4447831578955,,2543.4447831578955,0.0,-74.21308077090018,43.290963783025894,5.026154930850393e-13,-74.21308077090018,43.290963783025894,5.026154930850393e-13,-64.88464751713192,81.4887534952875,27.56171101702771,63.464572372114354,2.5656434818271747,69.20512953157822,2.602750750529851,125.96860851021269,5.064730706860546,187.34183368014214,7.491382331442957,143.81778478330278,5.690307538474971,-61.373225169929455,-2.4266516245824112,-0.03710726870267633,-1.5462931776793507,64.88464751713192,81.4887534952875,27.56171101702771
experiment_2026_06_13_13_27,SEN_demand_NTE,2026-03-16,Benito Juarez's Birthday,H2,H,shape_pearson_CDE_map_FGH,True,2026-03-16,12,True,True,2,False,2,12,2,pearson,LassoReg,,2,{},2026-03-15 10:00:00,2026-03-17,105.89247324788202,3.8967103213474297,146.174384,5.354,,14,24,2,4,2,2,0.06829554676908507,2668.227355778425,2735.9639402752273,105.89247324788202,3.8967103213474297,1.53396506617314,45.62494211631133,158.4082682531085,5.675018450175594,4.32674888538025,125.87841764466245,75.25825949483324,2.8593639128643353,-0.09515882836434053,-1.1895852752268183,158.9203907925727,5.562109782798962,4.8319690842250855,141.3202585783632,83.06684771756319,3.131277351940081,-0.45893333680482534,-10.197325819884915,111.01288990309303,4.026847194888089,1.4903465025219838,45.624942116311765,125.87841764466245,-1.1895852752268183,hourly_window_mean_factor_top_available_analogs,2,2902.933296842105,,2902.933296842105,0.0,-15.441840933700762,9.007740544658096,-4.308132797871765e-13,-15.441840933700762,9.007740544658096,-4.308132797871765e-13,-141.32025857836322,10.197325819884915,-45.624942116311765,158.4082682531085,5.675018450175594,158.9203907925727,5.562109782798962,75.25825949483324,2.8593639128643353,83.06684771756319,3.131277351940081,111.01288990309303,4.026847194888089,-7.808588222729952,-0.2719134390757456,0.11290866737663219,-0.13013687354065917,141.32025857836322,10.197325819884915,45.624942116311765
experiment_2026_06_13_13_27,SEN_demand_NTE,2026-04-02,Maundy Thursday,H1,G,shape_pearson_CDE_map_FGH,True,2026-04-02,12,True,True,2,False,2,12,2,pearson,LassoReg,,2,{},2026-04-01 10:00:00,2026-04-03,244.98505722175966,6.706775020333833,136.485154,5.073,,14,24,2,4,2,2,0.054162097547157624,3954.9625417126317,3867.6806006930146,244.98505722175966,6.706775020333833,-6.680113309777346,-244.01531066000118,228.662102031978,5.8767890444402795,-5.8767890444402795,-228.662102031978,254.50678108246564,7.190933506271738,-7.148719131223966,-252.9713490263481,300.8211889646964,7.778515950171326,-7.778515950171326,-300.8211889646964,210.87854831559397,5.855783955146948,-5.855783955146948,-210.87854831559397,244.01531066000007,6.564158900682246,-6.564158900682246,-244.01531066000007,-228.662102031978,-252.9713490263481,hourly_window_mean_factor_top_available_analogs,2,3918.7153925000002,,3918.7153925000002,0.0,72.15908693271834,-42.092800710754126,-1.1129343061168726e-12,72.15908693271834,-42.092800710754126,-1.1129343061168726e-12,300.8211889646964,210.87854831559397,244.01531066000007,228.662102031978,5.8767890444402795,300.8211889646964,7.778515950171326,254.50678108246564,7.190933506271738,210.87854831559397,5.855783955146948,244.01531066000007,6.564158900682246,43.62823276687166,1.3351495511247897,-1.9017269057310466,0.14261611965158671,300.8211889646964,210.87854831559397,244.01531066000007
experiment_2026_06_13_13_27,SEN_demand_NTE,2026-04-03,Good Friday,H2,H,shape_pearson_CDE_map_FGH,True,2026-04-03,12,True,True,2,False,2,12,2,pearson,LassoReg,,2,{},2026-04-02 10:00:00,2026-04-04,81.90004254721858,2.6848385664579433,147.176939,5.325,,14,24,2,4,2,2,0.07456693863698627,3259.726689569657,3066.3308674796317,81.90004254721858,2.6848385664579433,-1.1583040063601764,-24.65224614860442,75.79166041887096,2.0141154380248145,2.0141154380248145,75.79166041887096,85.46326545542136,3.0760937247106015,-3.0088820155847547,-83.24452497963172,144.04185887617314,3.938425165863154,3.938425165863154,144.04185887617314,123.83834992025784,4.330314743555661,-4.30779849143052,-123.05714074639145,131.28174795664768,4.185934372826844,-1.2697160913749561,-24.6522461486045,75.79166041887096,-83.24452497963172,hourly_window_mean_factor_top_available_analogs,2,3029.138774210526,,3029.138774210526,0.0,-68.25019845730218,39.812615766759734,8.376924884750654e-14,-68.25019845730218,39.812615766759734,8.376924884750654e-14,-144.04185887617314,123.05714074639145,24.652246148604505,75.79166041887096,2.0141154380248145,144.04185887617314,3.938425165863154,85.46326545542136,3.0760937247106015,123.83834992025784,4.330314743555661,131.28174795664768,4.185934372826844,-38.375084464836476,-1.2542210188450595,-1.9243097278383394,-1.5010958063689004,144.04185887617314,123.05714074639145,24.652246148604505
experiment_2026_06_13_13_27,SEN_demand_NTE,2026-04-04,Holy Saturday,H3,H,shape_pearson_CDE_map_FGH,True,2026-04-04,12,True,True,2,False,2,13,2,pearson,LassoReg,,2,{},2026-04-03 10:00:00,2026-04-05,190.3667857111827,6.044232683459608,135.725424,5.057,,14,24,2,4,2,2,0.06773885090732043,2898.8783668727738,2986.2036799461735,190.3667857111827,6.044232683459608,5.8959650249434565,185.84497312722615,194.14162893741508,6.216442590651859,6.039326503824425,189.40582696734086,188.16479382921383,5.943776904264126,5.812337495596224,183.7678083871593,196.0580917454524,6.309955065840888,6.309955065840888,196.0580917454524,179.88732059992762,5.698388631093411,5.698388631093411,179.88732059992762,185.84497312722615,5.923702580737216,5.923702580737216,185.84497312722615,189.40582696734086,183.7678083871593,hourly_window_mean_factor_top_available_analogs,2,2961.9011630263158,,2961.9011630263158,0.0,-6.652264778111528,3.8804877872316674,-3.5901106648931376e-14,-6.652264778111528,3.8804877872316674,-3.5901106648931376e-14,-196.05809174545237,-179.88732059992765,-185.84497312722618,194.14162893741508,6.216442590651859,196.0580917454524,6.309955065840888,188.16479382921383,5.943776904264126,179.88732059992762,5.698388631093411,185.84497312722615,5.923702580737216,8.277473229286215,0.24538827317071554,-0.09351247518902905,0.12053010272239195,196.05809174545237,179.88732059992765,185.84497312722618
experiment_2026_06_13_13_27,SEN_demand_NTE,2026-05-01,Labor Day,H2,G,shape_pearson_CDE_map_FGH,True,2026-05-01,12,True,True,9,False,2,14,9,pearson,RidgeReg,,2,{},2026-04-30 10:00:00,2026-05-02,294.2563744695208,8.335501575874215,131.901364,4.964,,14,24,4,4,9,4,0.04758238841436893,4048.207858416889,3907.955734335046,294.2563744695208,8.335501575874215,-8.335501575874215,-294.2563744695208,117.40711827147642,2.7782995564089057,-2.7782995564089057,-117.40711827147642,397.41844058504665,11.577202753895646,-11.577202753895646,-397.41844058504665,94.73441380474011,2.2465271101071513,-1.9175309058687984,-81.19116786086263,418.5444116579044,12.195257461777851,-12.195257461777851,-418.5444116579044,299.2459913962122,8.529935753267592,-8.408726625390303,-294.25637446952055,-117.40711827147642,-397.41844058504665,hourly_window_mean_factor_top_available_analogs,4,3775.7815799342106,,3775.7815799342106,0.0,-36.215950410613786,21.1259710728577,-2.1540663989358825e-13,-36.215950410613786,21.1259710728577,-2.1540663989358825e-13,81.19116786086263,418.54441165790433,294.25637446952055,117.40711827147642,2.7782995564089057,94.73441380474011,2.2465271101071513,397.41844058504665,11.577202753895646,418.5444116579044,12.195257461777851,299.2459913962122,8.529935753267592,-21.125971072857737,-0.6180547078822052,0.5317724463017544,-0.19443417739337754,81.19116786086263,418.54441165790433,294.25637446952055
experiment_2026_06_13_13_27,SEN_demand_OCC,2025-01-01,New Year's Day,H3,G,shape_pearson_CDE_map_FGH,True,2025-01-01,12,True,True,3,False,2,4,3,euclidian,PCR,standard,2,{},2024-12-31 10:00:00,2025-01-02,177.7437153120012,2.8701384578438014,269.71181,3.702,,14,24,3,4,3,3,0.10619146493230243,5879.895038109052,5452.497014035139,177.7437153120012,2.8701384578438014,2.8701384578438014,177.7437153120012,223.97892776424078,3.2664633102463805,3.2664633102463805,223.97892776424078,150.77317471486143,2.6389489606089636,2.6389489606089636,150.77317471486143,225.18060081401492,3.249450815680506,3.249450815680506,225.18060081401492,192.4866627504489,3.2700482422971184,2.3971547142993717,150.07219876915937,204.53179782649954,3.2624597167015246,2.7111585411240005,177.7437153120009,223.97892776424078,150.77317471486143,hourly_window_mean_factor_top_available_analogs,3,6105.984147105263,,6105.984147105263,0.0,-1.2016730497741395,0.700975945702074,3.111429242907386e-13,-1.2016730497741395,0.700975945702074,3.111429242907386e-13,-225.18060081401492,-150.07219876915934,-177.7437153120009,223.97892776424078,3.2664633102463805,225.18060081401492,3.249450815680506,150.77317471486143,2.6389489606089636,192.4866627504489,3.2700482422971184,204.53179782649954,3.2624597167015246,-41.71348803558746,-0.6310992816881549,0.01701249456587428,-0.3923212588577232,225.18060081401492,150.07219876915934,177.7437153120009
experiment_2026_06_13_13_27,SEN_demand_OCC,2025-02-03,Constitution Day,H2,H,shape_pearson_CDE_map_FGH,True,2025-02-03,12,True,True,3,False,2,5,3,euclidian,PCR,standard,2,{},2025-02-02 10:00:00,2025-02-04,92.59709112617548,1.3528116266837829,291.830888,4.052,,14,24,3,4,3,3,0.06998144701995833,7109.654766447023,7073.382515066398,92.59709112617548,1.3528116266837829,-0.2875417279968871,-20.974029604916844,75.96509877398265,1.1209417952757934,-0.8162569969640564,-53.041421670947784,102.29908666495464,1.4880690283384432,0.02087551223396189,-2.2680508997321263,78.55893947619799,1.1610738337373963,-0.7863845959713885,-50.452328358172316,100.59200512189905,1.4642526768843231,-0.006211932230592687,-3.778355332185621,92.47455988400918,1.3525552083565084,-0.2936439662403596,-20.97402960491756,-53.041421670947784,-2.2680508997321263,hourly_window_mean_factor_top_available_analogs,3,7029.985061052633,,7029.985061052633,0.0,-2.589093312775471,1.5103044324534949,7.180221329786276e-13,-2.589093312775471,1.5103044324534949,7.180221329786276e-13,50.452328358172316,3.778355332185621,20.97402960491756,75.96509877398265,1.1209417952757934,78.55893947619799,1.1610738337373963,102.29908666495464,1.4880690283384432,100.59200512189905,1.4642526768843231,92.47455988400918,1.3525552083565084,1.707081543055594,0.023816351454120088,-0.04013203846160285,0.0002564183272744103,50.452328358172316,3.778355332185621,20.97402960491756
experiment_2026_06_13_13_27,SEN_demand_OCC,2025-03-17,Benito Juarez's Birthday,H2,H,shape_pearson_CDE_map_FGH,True,2025-03-17,12,True,True,3,False,2,5,3,euclidian,PCR,standard,2,{},2025-03-16 10:00:00,2025-03-18,137.0969424655733,1.8660536615277257,276.100813,3.835,,14,24,3,4,3,3,0.06234053598072007,7147.573189230748,7090.296068014911,137.0969424655733,1.8660536615277257,0.1759178820698151,24.301031558726663,185.18534860282242,2.687590309294618,-1.755179952965854,-111.23065774360943,109.04537221884466,1.3868239503303714,1.3023916191739555,103.36118365175605,194.92549878431913,2.814225719874166,-1.5373787908327914,-93.78217083865106,111.3537226419191,1.422196080761348,1.1576542762152802,93.18289962386275,142.1433243785928,1.935049105697649,0.16474735677651692,24.301031558726088,-111.23065774360943,103.36118365175605,hourly_window_mean_factor_top_available_analogs,3,7052.321891403509,,7052.321891403509,0.0,-17.448486904958372,10.178284027893293,5.74417706382902e-13,-17.448486904958372,10.178284027893293,5.74417706382902e-13,93.78217083865106,-93.18289962386275,-24.301031558726088,185.18534860282242,2.687590309294618,194.92549878431913,2.814225719874166,109.04537221884466,1.3868239503303714,111.3537226419191,1.422196080761348,142.1433243785928,1.935049105697649,-2.308350423074444,-0.035372130430976645,-0.12663541057954797,-0.06899544416992343,93.78217083865106,93.18289962386275,24.301031558726088
experiment_2026_06_13_13_27,SEN_demand_OCC,2025-04-17,Maundy Thursday,H1,F,shape_pearson_CDE_map_FGH,True,2025-04-17,12,True,True,3,False,2,5,3,euclidian,PCR,standard,2,{},2025-04-16 10:00:00,2025-04-18,381.4012551593731,4.3780719257136935,272.134444,3.771,,14,24,3,4,3,3,0.09007798478904794,8521.073730901431,7977.516284027038,381.4012551593731,4.3780719257136935,4.026432567661523,348.50631515120205,251.3813373360768,2.5936291488525702,1.6391794627109622,162.09507159961257,457.2462072229625,5.418996878882685,5.418996878882685,457.2462072229625,347.28641585187626,3.601044313597136,0.5820847919132637,65.04297990247726,513.8599273796225,6.06749637516824,6.06749637516824,513.8599273796225,452.49073892203177,5.1588035103788865,4.046555265547987,348.5063151512005,162.09507159961257,457.2462072229625,hourly_window_mean_factor_top_available_analogs,3,8431.107214649122,,8431.107214649122,0.0,97.05209169713531,-56.613720156659916,1.4839124081558303e-12,97.05209169713531,-56.613720156659916,1.4839124081558303e-12,-65.04297990247726,-513.8599273796224,-348.50631515120057,251.3813373360768,2.5936291488525702,347.28641585187626,3.601044313597136,457.2462072229625,5.418996878882685,513.8599273796225,6.06749637516824,452.49073892203177,5.1588035103788865,-56.61372015666001,-0.648499496285555,-1.007415164744566,-0.780731584665193,65.04297990247726,513.8599273796224,348.50631515120057
experiment_2026_06_13_13_27,SEN_demand_OCC,2025-04-18,Good Friday,H2,H,shape_pearson_CDE_map_FGH,True,2025-04-18,12,True,True,4,False,2,5,4,euclidian,PCR,,2,{},2025-04-17 10:00:00,2025-04-19,181.74341193125426,2.4764342366603747,283.868873,3.915,,14,24,4,4,4,4,0.0656138707153422,7825.454183482784,7390.41671485141,181.74341193125426,2.4764342366603747,-1.7647433565144597,-121.00440243015227,145.7857364110134,1.718294886749323,-0.40388283852413026,-29.13235470799678,202.71872265139476,2.9186821907751543,-2.558578658675485,-174.59643026807632,191.9582630066213,2.2200025020966794,2.2200025020966794,191.9582630066213,395.52584409595266,5.571364687954624,-4.359154227805974,-303.56595726827067,320.5272615893569,4.336652303691171,-1.9352543799471018,-121.00440243015258,-29.13235470799678,-174.59643026807632,hourly_window_mean_factor_top_available_analogs,4,7496.260728815791,,7496.260728815791,0.0,-221.09061771461808,128.96952700019438,3.111429242907386e-13,-221.09061771461808,128.96952700019438,3.111429242907386e-13,-191.9582630066213,303.5659572682707,121.00440243015258,145.7857364110134,1.718294886749323,191.9582630066213,2.2200025020966794,202.71872265139476,2.9186821907751543,395.52584409595266,5.571364687954624,320.5272615893569,4.336652303691171,-192.8071214445579,-2.6526824971794696,-0.5017076153473563,-1.8602180670307962,191.9582630066213,303.5659572682707,121.00440243015258
experiment_2026_06_13_13_27,SEN_demand_OCC,2025-04-19,Holy Saturday,H3,H,shape_pearson_CDE_map_FGH,True,2025-04-19,12,True,True,3,False,2,6,3,euclidian,PCR,standard,2,{},2025-04-18 10:00:00,2025-04-20,199.81240043679637,2.7415928290514318,247.027657,3.513,,14,24,3,4,3,3,0.06528168818653855,7108.7648986850845,7077.127903822744,199.81240043679637,2.7415928290514318,2.3258286499744103,171.98205894649303,93.14917488172127,1.2822576557373984,0.1537548839569105,17.609676550897934,262.0326153439235,3.5928716801512848,3.5928716801512848,262.0326153439235,94.54520451107179,1.304010614278059,0.10030832496947793,13.946274087636539,264.1696001141613,3.614378676636136,3.614378676636136,264.1696001141613,201.6764017340757,2.763190443135792,2.3197211786536833,171.98205894649428,17.609676550897934,262.0326153439235,hourly_window_mean_factor_top_available_analogs,3,7080.053052719297,,7080.053052719297,0.0,3.6634024632613937,-2.1369847702378215,-1.268505768262242e-12,3.6634024632613937,-2.1369847702378215,-1.268505768262242e-12,-13.94627408763654,-264.1696001141613,-171.9820589464943,93.14917488172127,1.2822576557373984,94.54520451107179,1.304010614278059,262.0326153439235,3.5928716801512848,264.1696001141613,3.614378676636136,201.6764017340757,2.763190443135792,-2.1369847702378024,-0.021506996484851104,-0.021752958540660616,-0.021597614084360117,13.94627408763654,264.1696001141613,171.9820589464943
experiment_2026_06_13_13_27,SEN_demand_OCC,2025-05-01,Labor Day,H2,F,shape_pearson_CDE_map_FGH,True,2025-05-01,12,True,True,3,False,2,6,3,euclidian,PCR,standard,2,{},2025-04-30 10:00:00,2025-05-02,196.2885841217064,2.256572798091127,240.578191,3.403,,14,24,3,4,3,3,0.08074628839964267,9471.013520828066,8958.301309784954,196.2885841217064,2.256572798091127,-1.4155081336181226,-110.41110056490865,94.46637217474576,0.8984290897110918,0.7827883195678194,82.08690524088563,255.68487442410012,3.0488232946461484,-2.6978477313099223,-222.701603951622,142.12000384777562,1.3762973367072053,-0.5421097186872381,-54.98720058646203,243.08819542117752,2.8727905783486403,-1.7897131922467224,-142.74170888566925,205.88938799939788,2.321450963007059,-1.3300698072511228,-110.4111005649087,82.08690524088563,-222.701603951622,hourly_window_mean_factor_top_available_analogs,3,8610.42473140351,,8610.42473140351,0.0,137.07410582734767,-79.95989506595272,4.786814219857517e-14,137.07410582734767,-79.95989506595272,4.786814219857517e-14,54.98720058646204,142.74170888566925,110.4111005649087,94.46637217474576,0.8984290897110918,142.12000384777562,1.3762973367072053,255.68487442410012,3.0488232946461484,243.08819542117752,2.8727905783486403,205.88938799939788,2.321450963007059,12.596679002922599,0.17603271629750816,-0.4778682469961135,-0.06487816491593179,54.98720058646204,142.74170888566925,110.4111005649087
experiment_2026_06_13_13_27,SEN_demand_OCC,2025-09-16,Independence Day,H2,H,shape_pearson_CDE_map_FGH,True,2025-09-16,12,True,True,6,False,2,6,6,pearson,RidgeReg,standard,2,{},2025-09-15 10:00:00,2025-09-17,452.0411823306149,6.310075018753132,222.315178,3.218,,14,24,4,4,6,4,0.06246736762147107,7749.039410777169,7456.141452232468,452.0411823306149,6.310075018753132,-4.316768438236051,-288.15437761927427,402.6803546627192,4.907451832226476,0.2510854067648494,22.565911003343313,480.83499847022057,7.128271877560347,-6.98134984781991,-469.40787931580115,358.3949446992012,4.37222564257869,0.4007054976859758,35.85714011107829,477.16109629531326,7.091964710137823,-7.091964710137823,-477.16109629531326,433.40514570727197,6.0899555799844585,-4.331507265150107,-288.15437761927427,22.565911003343313,-469.40787931580115,hourly_window_mean_factor_top_available_analogs,4,7240.4169917763165,,7240.4169917763165,0.0,-13.291229107734969,7.7532169795121035,2.3934071099287584e-14,-13.291229107734969,7.7532169795121035,2.3934071099287584e-14,-35.85714011107828,477.16109629531326,288.15437761927427,402.6803546627192,4.907451832226476,358.3949446992012,4.37222564257869,480.83499847022057,7.128271877560347,477.16109629531326,7.091964710137823,433.40514570727197,6.0899555799844585,3.6739021749073117,0.03630716742252371,0.5352261896477861,0.22011943876867335,35.85714011107828,477.16109629531326,288.15437761927427
experiment_2026_06_13_13_27,SEN_demand_OCC,2025-11-17,Mexican Revolution Day,H2,H,shape_pearson_CDE_map_FGH,True,2025-11-17,12,True,True,6,False,2,6,6,pearson,RidgeReg,standard,2,{},2025-11-16 10:00:00,2025-11-18,123.63562724722648,1.663741848294388,208.932848,2.86,,14,24,4,4,6,4,0.06952185760268415,7304.277948990878,7318.88406727141,123.63562724722648,1.663741848294388,0.07950414995812627,14.599152324911804,167.1595209724367,2.217832525183172,0.810872393523143,73.46904449003328,98.24668924085385,1.3405222867759303,-0.3471273254548,-19.74161810474239,163.49400166256677,2.2879921481947485,-0.9015427005527737,-50.98565086107802,67.5614786810266,0.8867252395617475,0.6794288984204669,52.8569541834053,102.90503977948877,1.4029814690581162,0.09696567774611507,14.599152324911445,73.46904449003328,-19.74161810474239,hourly_window_mean_factor_top_available_analogs,4,7175.289939210525,,7175.289939210525,0.0,124.45469535111131,-72.5985722881477,3.590110664893138e-13,124.45469535111131,-72.5985722881477,3.590110664893138e-13,50.98565086107803,-52.85695418340531,-14.599152324911445,167.1595209724367,2.217832525183172,163.49400166256677,2.2879921481947485,98.24668924085385,1.3405222867759303,67.5614786810266,0.8867252395617475,102.90503977948877,1.4029814690581162,30.685210559827254,0.4537970472141828,-0.07015962301157641,0.2607603792362718,50.98565086107803,52.85695418340531,14.599152324911445
experiment_2026_06_13_13_27,SEN_demand_OCC,2025-12-24,Christmas Eve,H1,H,shape_pearson_CDE_map_FGH,True,2025-12-24,12,True,True,3,False,2,6,3,euclidian,PCR,standard,3,{},2025-12-23 10:00:00,2025-12-25,517.0192337121913,6.6517036868982125,191.919829,2.571,,14,24,3,4,3,3,0.09522633198794671,7171.936319512666,6671.814469461667,517.0192337121913,6.6517036868982125,6.62202010740502,515.0096410136498,573.1461589713341,6.5836207106271525,6.5836207106271525,573.1461589713341,484.27852731102485,6.691418756389663,6.644419755525443,481.0966722050007,518.511981483654,5.873131003654048,5.8087138455036165,513.2238409413723,524.842180468033,7.208441310387861,7.078366744574794,516.0513577224784,522.5100018948408,6.716484881591192,6.610599887022254,515.0096410136497,573.1461589713341,481.0966722050007,hourly_window_mean_factor_top_available_analogs,3,7295.5046211403505,,7295.5046211403505,0.0,59.92231802996184,-34.95468551747774,0.0,59.92231802996184,-34.95468551747774,0.0,-513.2238409413723,-516.0513577224784,-515.0096410136498,573.1461589713341,6.5836207106271525,518.511981483654,5.873131003654048,484.27852731102485,6.691418756389663,524.842180468033,7.208441310387861,522.5100018948408,6.716484881591192,-40.56365315700816,-0.5170225539981974,0.7104897069731049,-0.06478119469297994,513.2238409413723,516.0513577224784,515.0096410136498
experiment_2026_06_13_13_27,SEN_demand_OCC,2025-12-25,Christmas Day,H2,G,shape_pearson_CDE_map_FGH,True,2025-12-25,12,True,True,3,False,2,6,3,euclidian,RidgeReg,standard,2,{},2025-12-24 10:00:00,2025-12-26,341.2234171306413,5.32467043462063,201.618434,2.635,,14,24,3,4,3,3,0.10100725487462538,6211.692436944454,5638.015641524294,341.2234171306413,5.32467043462063,1.3970999013817642,92.39351410817615,420.47742875509044,5.991848177867389,-1.6751375479199075,-106.21496695044607,294.99191034971267,4.9354834177266875,3.189238413474405,208.24846139237243,278.32422028786317,3.825156342948766,2.876822429639497,214.36280160418042,360.5884978459703,6.496584593253307,-0.22210083605231445,21.244763068842303,330.2806061140362,5.512374185246372,0.9196077355183528,92.3935141081774,-106.21496695044607,208.24846139237243,hourly_window_mean_factor_top_available_analogs,3,6105.406234385965,,6105.406234385965,0.0,-320.57776855462646,187.00369832353013,-1.2445716971629545e-12,-320.57776855462646,187.00369832353013,-1.2445716971629545e-12,-214.3628016041804,-21.244763068842303,-92.3935141081774,420.47742875509044,5.991848177867389,278.32422028786317,3.825156342948766,294.99191034971267,4.9354834177266875,360.5884978459703,6.496584593253307,330.2806061140362,5.512374185246372,-65.59658749625765,-1.5611011755266198,2.1666918349186233,-0.18770375062574196,214.3628016041804,21.244763068842303,92.3935141081774
experiment_2026_06_13_13_27,SEN_demand_OCC,2025-12-31,New Year's Eve,H1,G,shape_pearson_CDE_map_FGH,True,2025-12-31,12,True,True,6,False,2,6,6,pearson,RidgeReg,standard,2,{},2025-12-30 10:00:00,2026-01-01,757.6495331439874,10.303105519868854,200.874933,2.788,,14,24,4,4,6,4,0.10965097827354953,6702.477327407067,6258.44554114169,757.6495331439874,10.303105519868854,10.082000598303567,742.5749560139857,601.5581211380006,7.364893156967354,7.364893156967354,601.5581211380006,848.7028568141463,12.017062731561394,11.666979939083026,824.8347763583103,550.7048462153012,6.72310688676791,6.72310688676791,550.7048462153012,887.6778116903002,12.586792176419463,12.101381968672456,854.4991867298853,763.5298770416165,10.42648706970573,10.11991220165499,742.5749560139859,601.5581211380006,824.8347763583103,hourly_window_mean_factor_top_available_analogs,4,6208.827871644737,,6208.827871644737,0.0,50.85327492269945,-29.664410371575133,-2.87208853191451e-13,50.85327492269945,-29.664410371575133,-2.87208853191451e-13,-550.7048462153011,-854.4991867298854,-742.574956013986,601.5581211380006,7.364893156967354,550.7048462153012,6.72310688676791,848.7028568141463,12.017062731561394,887.6778116903002,12.586792176419463,763.5298770416165,10.42648706970573,-38.9749548761539,-0.5697294448580692,0.6417862701994439,-0.12338154983687666,550.7048462153011,854.4991867298854,742.574956013986
experiment_2026_06_13_13_27,SEN_demand_OCC,2026-01-01,New Year's Day,H3,G,shape_pearson_CDE_map_FGH,True,2026-01-01,12,True,True,6,False,2,6,6,pearson,RidgeReg,standard,2,{},2025-12-31 10:00:00,2026-01-02,374.8926291616992,6.393296901241651,254.79855,3.515,,14,24,4,4,6,4,0.10230298338722961,6642.647737201241,6251.846911667747,374.8926291616992,6.393296901241651,-6.050563303470669,-350.9271903591356,243.8646719334452,3.4225423292361508,-2.947671420553285,-209.698980258659,451.325604211514,8.126237068244862,-7.86058356850581,-433.3103129177469,254.31743690754345,3.6034074608159616,-3.6034074608159616,-254.31743690754345,407.28287987256516,7.305350588283182,-7.305350588283182,-407.28287987256516,350.9271903591361,5.941476804479469,-5.941476804479469,-350.9271903591361,-209.698980258659,-433.3103129177469,hourly_window_mean_factor_top_available_analogs,4,6094.46301243421,,6094.46301243421,0.0,44.618456648884475,-26.027433045181812,5.026154930850393e-13,44.618456648884475,-26.027433045181812,5.026154930850393e-13,254.31743690754348,407.2828798725651,350.9271903591361,243.8646719334452,3.4225423292361508,254.31743690754345,3.6034074608159616,451.325604211514,8.126237068244862,407.28287987256516,7.305350588283182,350.9271903591361,5.941476804479469,44.04272433894886,0.82088647996168,-0.18086513157981088,0.4518200967621828,254.31743690754348,407.2828798725651,350.9271903591361
experiment_2026_06_13_13_27,SEN_demand_OCC,2026-02-02,Constitution Day,H2,H,shape_pearson_CDE_map_FGH,True,2026-02-02,12,True,True,7,False,2,7,7,euclidian,RidgeReg,,2,{},2026-02-01 10:00:00,2026-02-03,439.3746159930959,6.056691440710026,232.869136,3.26,,14,24,4,4,7,4,0.07420183996178353,7588.306353865957,7814.428555566199,439.3746159930959,6.056691440710026,-5.74658808566206,-418.65187912911455,165.49504243920643,2.238142760007718,-1.3964336534489523,-109.2476138084002,599.137700566198,8.284178171119704,-8.284178171119704,-599.137700566198,574.4426842361523,8.404582805328731,-8.404582805328731,-574.4426842361523,327.773909483343,4.585966344518046,-4.585966344518046,-327.773909483343,418.65187912911483,5.992825040606194,-5.992825040606194,-418.65187912911483,-109.2476138084002,-599.137700566198,hourly_window_mean_factor_top_available_analogs,4,7145.721400328946,,7145.721400328946,0.0,465.1950704277521,-271.363791082855,2.6327478209216345e-13,465.1950704277521,-271.363791082855,2.6327478209216345e-13,574.4426842361523,327.77390948334295,418.65187912911483,165.49504243920643,2.238142760007718,574.4426842361523,8.404582805328731,599.137700566198,8.284178171119704,327.773909483343,4.585966344518046,418.65187912911483,5.992825040606194,271.36379108285496,3.698211826601658,-6.166440045321013,0.06386640010383182,574.4426842361523,327.77390948334295,418.65187912911483
experiment_2026_06_13_13_27,SEN_demand_OCC,2026-03-16,Benito Juarez's Birthday,H2,H,shape_pearson_CDE_map_FGH,True,2026-03-16,12,True,True,6,False,2,7,6,pearson,RidgeReg,standard,2,{},2026-03-15 10:00:00,2026-03-17,140.975825527114,1.9480925900761827,277.795001,3.982,,14,24,4,4,6,4,0.07420183996178353,7655.659987147624,7615.738992252642,140.975825527114,1.9480925900761827,-0.41916083600762977,-25.323106094990155,230.7123354550294,3.251378617253145,-2.7752112550604444,-189.83318982473136,88.62952806916337,1.1878424075562883,0.955201908439845,70.64110941402555,251.245011517363,3.526209376552461,-2.9236340370497955,-199.64260319291893,93.4617859991722,1.2414415995716226,1.0172150049618176,76.36326721213209,151.59244803218985,2.083198148985615,-0.4346767473582505,-25.323106094991974,-189.83318982473136,70.64110941402555,hourly_window_mean_factor_top_available_analogs,4,7145.721400328947,,7145.721400328947,0.0,9.809413368187572,-5.722157798106537,1.8189894035458565e-12,9.809413368187572,-5.722157798106537,1.8189894035458565e-12,199.64260319291893,-76.36326721213209,25.323106094991974,230.7123354550294,3.251378617253145,251.245011517363,3.526209376552461,88.62952806916337,1.1878424075562883,93.4617859991722,1.2414415995716226,151.59244803218985,2.083198148985615,-4.832257930008836,-0.05359919201533425,-0.274830759299316,-0.1351055589094321,199.64260319291893,76.36326721213209,25.323106094991974
experiment_2026_06_13_13_27,SEN_demand_OCC,2026-04-02,Maundy Thursday,H1,F,shape_pearson_CDE_map_FGH,True,2026-04-02,12,True,True,7,False,2,7,7,euclidian,RidgeReg,standard,2,{},2026-04-01 10:00:00,2026-04-03,195.3763192009956,2.284497683664004,274.903255,3.803,,14,24,4,4,7,4,0.08346817758009534,8994.428959275987,8673.959925356416,195.3763192009956,2.284497683664004,-2.022525669304682,-169.67759585493334,149.86441387302264,1.6227310399556423,-1.01999108452149,-90.14472742382102,221.92493064231314,2.670528225827215,-2.6073375104282097,-216.07176910641553,658.0337769542556,7.197398594216717,-6.060720669754072,-544.257297335941,174.35688508857126,2.0752039895748022,0.5144974882749337,48.8272300089864,352.5536347232971,3.9623283176007713,-1.9079513067883844,-169.6775958549342,-90.14472742382102,-216.07176910641553,hourly_window_mean_factor_top_available_analogs,4,8540.7254225,,8540.7254225,0.0,454.1125699121199,-264.8989991154019,8.61626559574353e-13,454.1125699121199,-264.8989991154019,8.61626559574353e-13,544.257297335941,-48.82723000898639,169.6775958549342,149.86441387302264,1.6227310399556423,658.0337769542556,7.197398594216717,221.92493064231314,2.670528225827215,174.35688508857126,2.0752039895748022,352.5536347232971,3.9623283176007713,47.56804555374188,0.5953242362524129,-5.574667554261075,-1.6778306339367672,544.257297335941,48.82723000898639,169.6775958549342
experiment_2026_06_13_13_27,SEN_demand_OCC,2026-04-03,Good Friday,H2,H,shape_pearson_CDE_map_FGH,True,2026-04-03,12,True,True,6,False,2,7,6,pearson,RidgeReg,standard,2,{},2026-04-02 10:00:00,2026-04-04,208.13683056624652,2.8891609124315454,280.862609,4.002,,14,24,4,4,6,4,0.07759321242500966,7923.292173935893,7512.144126990536,208.13683056624652,2.8891609124315454,-2.8710466636208323,-206.55727498852315,127.97990285129812,1.5255859632861046,-1.4879990516856298,-124.64200298507187,254.8950383999664,3.684579632766385,-3.6778244372497,-254.34118365720306,144.96923147856947,1.7632614555217894,-1.5737818471122471,-128.24540263497687,283.65003326343236,4.168976440214455,-3.7764431642540948,-252.23920052809333,232.5571062900618,3.2826603932224208,-2.964936363201835,-206.5572749885241,-124.64200298507187,-254.34118365720306,hourly_window_mean_factor_top_available_analogs,4,7294.874685855264,,7294.874685855264,0.0,3.6033996499049863,-2.101983129109726,9.573628439715034e-13,3.6033996499049863,-2.101983129109726,9.573628439715034e-13,128.24540263497687,252.23920052809333,206.5572749885241,127.97990285129812,1.5255859632861046,144.96923147856947,1.7632614555217894,254.8950383999664,3.684579632766385,283.65003326343236,4.168976440214455,232.5571062900618,3.2826603932224208,-28.754994863465953,-0.48439680744807,-0.23767549223568474,-0.3934994807908754,128.24540263497687,252.23920052809333,206.5572749885241
experiment_2026_06_13_13_27,SEN_demand_OCC,2026-04-04,Holy Saturday,H3,H,shape_pearson_CDE_map_FGH,True,2026-04-04,12,True,True,8,False,2,8,8,euclidian,PCR,,8,{},2026-04-03 10:00:00,2026-04-05,142.08479796297547,1.9192796390560087,273.269263,3.817,,14,24,4,4,8,4,0.07796132093141833,7420.576430154326,7568.289388758411,142.08479796297547,1.9192796390560087,-1.2909441171338214,-97.73267594380002,59.298462315234055,0.8134370256206,0.4877053915663708,33.159421024107296,190.3768270908246,2.5643544968933307,-2.3284896638756,-174.08639917507926,175.5263638456172,2.621150169116562,-2.592030384701458,-173.22057782100052,123.89754489081781,1.7325962191068596,-0.7321976993220023,-53.69806651543229,142.91868871627022,2.0599582006893815,-1.4173992149881176,-97.73267594379953,33.159421024107296,-174.08639917507926,hourly_window_mean_factor_top_available_analogs,4,7235.2881886184205,,7235.2881886184205,0.0,206.37999884510782,-120.38833265964699,-4.786814219857517e-13,206.37999884510782,-120.38833265964699,-4.786814219857517e-13,173.22057782100052,53.698066515432274,97.73267594379953,59.298462315234055,0.8134370256206,175.5263638456172,2.621150169116562,190.3768270908246,2.5643544968933307,123.89754489081781,1.7325962191068596,142.91868871627022,2.0599582006893815,66.47928220000679,0.8317582777864712,-1.8077131434959621,-0.14067856163337278,173.22057782100052,53.698066515432274,97.73267594379953
experiment_2026_06_13_13_27,SEN_demand_OCC,2026-05-01,Labor Day,H2,F,shape_pearson_CDE_map_FGH,True,2026-05-01,12,True,True,5,False,2,8,5,pearson,LassoReg,,2,{},2026-04-30 10:00:00,2026-05-02,462.6235294234473,5.323432839788185,256.887778,3.682,,14,24,4,4,5,4,0.06916888608243711,10063.382419501773,9575.487658168639,462.6235294234473,5.323432839788185,-5.28748962623666,-458.5830987123004,92.77536871740656,0.8522491467315748,-0.7546889956631514,-81.80848535857929,678.3682898353044,7.93162332740454,-7.93162332740454,-678.3682898353044,121.99937895915211,1.1178167708877498,-1.0588990481164533,-115.7491288880848,658.5695811097585,7.713996422267154,-7.713996422267154,-658.5695811097585,460.88582242269314,5.2838249717589525,-5.262118442316897,-458.5830987122999,-81.80848535857929,-678.3682898353044,hourly_window_mean_factor_top_available_analogs,4,8879.84620875,,8879.84620875,0.0,33.940643529505515,-19.798708725545946,-6.701539907800523e-13,33.940643529505515,-19.798708725545946,-6.701539907800523e-13,115.74912888808481,658.5695811097585,458.5830987122997,92.77536871740656,0.8522491467315748,121.99937895915211,1.1178167708877498,678.3682898353044,7.93162332740454,658.5695811097585,7.713996422267154,460.88582242269314,5.2838249717589525,19.798708725545907,0.21762690513738558,-0.26556762415617496,0.03960786802923266,115.74912888808481,658.5695811097585,458.5830987122997
experiment_2026_06_13_13_27,SEN_demand_ORI,2025-01-01,New Year's Day,H3,G,shape_pearson_CDE_map_FGH,True,2025-01-01,12,True,True,7,False,2,8,7,euclidian,PCR,,4,{},2024-12-31 10:00:00,2025-01-02,241.03181004204922,4.669035126456518,236.873054,3.908,,14,24,4,4,7,4,0.11099261371843298,5049.652629953512,4709.099152204554,241.03181004204922,4.669035126456518,4.633762833637815,239.147808730698,209.24687960765485,3.520638167815087,3.424899087307179,204.1331617625588,259.5730194621126,5.338933352330687,5.338933352330687,259.5730194621126,243.3216697051415,4.080261031869328,3.870771002420756,232.09047863521917,243.2645846197287,4.957027461190985,4.957027461190985,243.2645846197287,243.285615966986,4.63400825038827,4.556827713223006,239.14780873069887,204.1331617625588,259.5730194621126,hourly_window_mean_factor_top_available_analogs,4,4840.545965592105,,4840.545965592105,0.0,-27.957316872660353,16.30843484238386,-8.496595240247093e-13,-27.957316872660353,16.30843484238386,-8.496595240247093e-13,-232.09047863521917,-243.26458461972874,-239.14780873069884,209.24687960765485,3.520638167815087,243.3216697051415,4.080261031869328,259.5730194621126,5.338933352330687,243.2645846197287,4.957027461190985,243.285615966986,4.63400825038827,16.30843484238389,0.3819058911397022,-0.5596228640542407,0.03502687606824839,232.09047863521917,243.26458461972874,239.14780873069884
experiment_2026_06_13_13_27,SEN_demand_ORI,2025-02-03,Constitution Day,H2,G,shape_pearson_CDE_map_FGH,True,2025-02-03,12,True,True,6,False,2,10,6,euclidian,PCR,standard,6,{},2025-02-02 10:00:00,2025-02-04,506.4635344955351,9.395524641059586,268.272153,4.702,,14,24,4,4,6,4,0.08605532579779211,5346.546159570807,5613.386651207672,506.4635344955351,9.395524641059586,1.1614596627442892,85.48431332393052,687.6013768066789,12.404094133838727,12.404094133838727,687.6013768066789,400.79979314736784,7.640525770271753,-5.396743778727466,-265.7506403743394,202.3846296505053,3.6819083683261207,-2.9594678732913633,-159.2409818141189,230.49621288378998,4.222659353643482,4.176489977740859,228.2407354877922,220.139313797843,4.023435306421296,1.5474528747289873,85.48431332393021,687.6013768066789,-265.7506403743394,hourly_window_mean_factor_top_available_analogs,4,5076.18941236842,,5076.18941236842,0.0,846.8423586207979,-493.99137586213163,3.111429242907386e-13,846.8423586207979,-493.99137586213163,3.111429242907386e-13,159.24098181411898,-228.24073548779222,-85.48431332393021,687.6013768066789,12.404094133838727,202.3846296505053,3.6819083683261207,400.79979314736784,7.640525770271753,230.49621288378998,4.222659353643482,220.139313797843,4.023435306421296,170.30358026357786,3.4178664166282715,8.722185765512606,5.372089334638289,159.24098181411898,228.24073548779222,85.48431332393021
experiment_2026_06_13_13_27,SEN_demand_ORI,2025-03-17,Benito Juarez's Birthday,H2,H,shape_pearson_CDE_map_FGH,True,2025-03-17,12,True,True,4,False,2,10,4,pearson,PCR,minmax,3,{},2025-03-16 10:00:00,2025-03-18,117.13543121734449,2.0132843007206724,261.355092,4.517,,14,24,4,4,4,4,0.06721839834827774,5906.143137932729,5663.547348503092,117.13543121734449,2.0132843007206724,-0.45854281078096604,-29.953641880097095,145.160371954966,2.413619506754361,-2.413619506754361,-145.160371954966,100.78754912039862,1.779755430534354,0.6819185952035139,37.250283996909765,47.883531759078195,0.7780309209542337,-0.2589095903773777,-13.493646949834849,59.259788907111705,1.0578728797566062,-0.737495565435474,-39.555305589416584,55.068536273625675,0.9547732107241531,-0.5611744167298595,-29.953641880097,-145.160371954966,37.250283996909765,hourly_window_mean_factor_top_available_analogs,4,5812.418850131579,,5812.418850131579,0.0,-131.66672500513116,76.80558958632635,-9.573628439715034e-14,-131.66672500513116,76.80558958632635,-9.573628439715034e-14,13.49364694983484,39.555305589416584,29.953641880097,145.160371954966,2.413619506754361,47.883531759078195,0.7780309209542337,100.78754912039862,1.779755430534354,59.259788907111705,1.0578728797566062,55.068536273625675,0.9547732107241531,41.52776021328692,0.7218825507777478,1.6355885858001273,1.0585110899965193,13.49364694983484,39.555305589416584,29.953641880097
experiment_2026_06_13_13_27,SEN_demand_ORI,2025-04-17,Maundy Thursday,H1,F,shape_pearson_CDE_map_FGH,True,2025-04-17,12,True,True,5,False,2,10,5,pearson,PCR,standard,3,{},2025-04-16 10:00:00,2025-04-18,286.4617416060675,4.27027167371052,240.903095,4.155,,14,24,4,4,5,4,0.06837646169518748,6384.051241671425,6134.787067376029,286.4617416060675,4.27027167371052,4.25794510301112,285.63660832857556,119.7562923936116,1.7108293301168416,1.7108293301168416,119.7562923936116,383.70658698000005,5.763279707473501,5.74376263719945,382.4001259573046,169.93776626454851,2.4097035176022072,2.4097035176022072,169.93776626454851,353.1275995325911,5.270095036995284,5.270095036995284,353.1275995325911,285.6366083285754,4.216266582482046,4.216266582482046,285.6366083285754,119.7562923936116,382.4001259573046,hourly_window_mean_factor_top_available_analogs,4,6462.82945236842,,6462.82945236842,0.0,-50.1814738709369,29.272526424713494,1.9147256879430067e-13,-50.1814738709369,29.272526424713494,1.9147256879430067e-13,-169.9377662645485,-353.12759953259115,-285.6366083285754,119.7562923936116,1.7108293301168416,169.93776626454851,2.4097035176022072,383.70658698000005,5.763279707473501,353.1275995325911,5.270095036995284,285.6366083285754,4.216266582482046,30.578987447408963,0.49318467047821724,-0.6988741874853657,0.05400509122847463,169.9377662645485,353.12759953259115,285.6366083285754
experiment_2026_06_13_13_27,SEN_demand_ORI,2025-04-18,Good Friday,H2,H,shape_pearson_CDE_map_FGH,True,2025-04-18,12,True,True,6,False,2,10,6,pearson,RidgeReg,standard,2,{},2025-04-17 10:00:00,2025-04-19,695.86183138952,10.838158597573667,186.794446,3.31,,14,24,4,4,6,4,0.07259837894518718,5755.673335189428,5435.2789074185985,695.86183138952,10.838158597573667,10.838158597573667,695.86183138952,475.7015593462946,6.842483526030473,6.842483526030473,475.7015593462946,824.2886567480685,13.168969055973866,13.168969055973866,824.2886567480685,686.4911640205135,10.052476410761077,10.052476410761077,686.4911640205135,701.3280540214395,11.162965302890575,11.162965302890575,701.3280540214395,695.8618313895192,10.753837816316548,10.753837816316548,695.8618313895192,475.7015593462946,824.2886567480685,hourly_window_mean_factor_top_available_analogs,4,5774.065685328948,,5774.065685328948,0.0,-210.7896046742188,122.96060272662896,8.376924884750655e-13,-210.7896046742188,122.96060272662896,8.376924884750655e-13,-686.4911640205133,-701.3280540214396,-695.8618313895192,475.7015593462946,6.842483526030473,686.4911640205135,10.052476410761077,824.2886567480685,13.168969055973866,701.3280540214395,11.162965302890575,695.8618313895192,10.753837816316548,122.96060272662908,2.0060037530832915,-3.209992884730604,0.08432078125711939,686.4911640205133,701.3280540214396,695.8618313895192
experiment_2026_06_13_13_27,SEN_demand_ORI,2025-04-19,Holy Saturday,H3,H,shape_pearson_CDE_map_FGH,True,2025-04-19,12,True,True,11,False,2,11,11,pearson,LassoReg,standard,2,{},2025-04-18 10:00:00,2025-04-20,630.5737675256408,9.527485970065868,240.647311,4.217,,14,24,4,4,11,4,0.06900342090966737,5813.969210357927,5671.992507634062,630.5737675256408,9.527485970065868,9.45443427466881,626.4775949052301,362.4274892279888,5.448560788492019,5.250277615271432,351.30930640116014,786.9924298659379,11.90685899265061,11.90685899265061,786.9924298659379,284.7152176685626,4.264941450573071,3.6825704211284367,251.77793342056287,845.0523974379536,12.865081645310704,12.865081645310704,845.0523974379536,638.6123838387041,9.69660894198631,9.482051194296181,626.4775949052306,351.30930640116014,786.9924298659379,hourly_window_mean_factor_top_available_analogs,4,5819.447907697369,,5819.447907697369,0.0,99.5313729805973,-58.05996757201577,-4.308132797871765e-13,99.5313729805973,-58.05996757201577,-4.308132797871765e-13,-251.77793342056285,-845.0523974379537,-626.4775949052306,362.4274892279888,5.448560788492019,284.7152176685626,4.264941450573071,786.9924298659379,11.90685899265061,845.0523974379536,12.865081645310704,638.6123838387041,9.69660894198631,-58.059967572015694,-0.9582226526600941,1.1836193379189481,-0.16912297192044257,251.77793342056285,845.0523974379537,626.4775949052306
experiment_2026_06_13_13_27,SEN_demand_ORI,2025-05-01,Labor Day,H2,F,shape_pearson_CDE_map_FGH,True,2025-05-01,12,True,True,3,False,2,13,3,pearson,RidgeReg,standard,2,{},2025-04-30 10:00:00,2025-05-02,130.13104237667395,1.8939181414032218,277.299984,4.689,,14,24,3,4,3,3,0.06967426307846306,7162.48551772974,6935.254892109994,130.13104237667395,1.8939181414032218,-0.5836905734756228,-32.456420098161004,107.73294845536904,1.4027353134467049,0.5347370112001258,37.86156406498036,143.19659716410183,2.1804414577111895,-1.2361066645364758,-73.47524419332679,94.58744436041135,1.230090016914408,0.6247408414920993,45.897031608487204,167.472831688522,2.5452486228575526,-1.3474717743270677,-78.16260026037337,140.62032056763914,2.0607165048785,-0.6208671263936905,-32.45642009816157,37.86156406498036,-73.47524419332679,hourly_window_mean_factor_top_available_analogs,3,6826.122452894738,,6826.122452894738,0.0,-8.035467543506845,4.6873560670465695,5.74417706382902e-13,-8.035467543506845,4.6873560670465695,5.74417706382902e-13,-45.897031608487204,78.16260026037335,32.45642009816158,107.73294845536904,1.4027353134467049,94.58744436041135,1.230090016914408,143.19659716410183,2.1804414577111895,167.472831688522,2.5452486228575526,140.62032056763914,2.0607165048785,-24.276234524420175,-0.36480716514636313,0.17264529653229688,-0.16679836347527832,45.897031608487204,78.16260026037335,32.45642009816158
experiment_2026_06_13_13_27,SEN_demand_ORI,2025-09-16,Independence Day,H2,F,shape_pearson_CDE_map_FGH,True,2025-09-16,12,True,True,13,False,2,13,13,pearson,RidgeReg,minmax,2,{},2025-09-15 10:00:00,2025-09-17,198.87703688925163,2.9669641508673616,281.323266,4.728,,14,24,4,4,13,4,0.06725943417570412,6451.3894166922855,6242.686420560128,198.87703688925163,2.9669641508673616,0.64553053178897,54.00224857087163,342.5107082501967,4.890222237955072,3.6234999862005823,252.10858708115575,115.090728595367,1.845063600066197,-1.0916183166178035,-61.559782226794105,277.3615672730717,3.9381290532058126,3.3662398562443827,236.98195226200934,209.86967995223742,3.351884188631054,-1.1499941137581455,-52.73591191562434,234.73511212307116,3.567869138737544,0.5138815594006807,54.002248570872275,252.10858708115575,-61.559782226794105,hourly_window_mean_factor_top_available_analogs,4,6688.699650328948,,6688.699650328948,0.0,15.126634819146407,-8.823870311169761,-6.462199196807648e-13,15.126634819146407,-8.823870311169761,-6.462199196807648e-13,-236.98195226200934,52.73591191562434,-54.002248570872275,342.5107082501967,4.890222237955072,277.3615672730717,3.9381290532058126,115.090728595367,1.845063600066197,209.86967995223742,3.351884188631054,234.73511212307116,3.567869138737544,-94.77895135687042,-1.506820588564857,0.9520931847492595,-0.6009049878701824,236.98195226200934,52.73591191562434,54.002248570872275
experiment_2026_06_13_13_27,SEN_demand_ORI,2025-11-17,Mexican Revolution Day,H2,H,shape_pearson_CDE_map_FGH,True,2025-11-17,12,True,True,10,False,2,13,10,pearson,RidgeReg,standard,2,{},2025-11-16 10:00:00,2025-11-18,99.50770027703713,1.5863306063628033,279.078122,4.602,,14,24,4,4,10,4,0.07258009587333705,6114.686070292963,6009.9709056613,99.50770027703713,1.5863306063628033,0.33465943534827014,31.99774707545734,44.3136498617794,0.6776028608750619,0.38361547960336406,26.89412605275532,131.70422968593746,2.116421791230653,0.3061017428661319,34.974859338700185,55.862921348792305,0.901425084017783,-0.6507835825801428,-39.008059163954776,135.05039771468228,2.122180232121329,0.967918050163734,73.41780071511471,105.87606431672282,1.6724283354516014,0.3715542907317795,31.99774707545753,26.89412605275532,34.974859338700185,hourly_window_mean_factor_top_available_analogs,4,5612.695297763158,,5612.695297763158,0.0,65.9021852167101,-38.442941376414524,-1.9147256879430067e-13,65.9021852167101,-38.442941376414524,-1.9147256879430067e-13,39.008059163954776,-73.41780071511471,-31.997747075457532,44.3136498617794,0.6776028608750619,55.862921348792305,0.901425084017783,131.70422968593746,2.116421791230653,135.05039771468228,2.122180232121329,105.87606431672282,1.6724283354516014,-3.3461680287448132,-0.00575844089067612,-0.22382222314272104,-0.08609772908879809,39.008059163954776,73.41780071511471,31.997747075457532
experiment_2026_06_13_13_27,SEN_demand_ORI,2025-12-24,Christmas Eve,H1,H,shape_pearson_CDE_map_FGH,True,2025-12-24,12,True,True,10,False,2,13,10,pearson,RidgeReg,standard,2,{},2025-12-23 10:00:00,2025-12-25,201.229458835731,3.4539094694181545,259.304468,4.218,,14,24,4,4,10,4,0.07239353352887427,5925.816601976533,5712.777217218446,201.229458835731,3.4539094694181545,1.3197816024079874,72.56189644452022,67.82941474084366,1.0762946098998265,-0.22853720365076408,-12.594264418967473,279.04615122441527,4.840851470803846,2.222967572608926,122.23632361488804,152.914049321223,2.499698815868278,2.0560908520077295,123.16712682862155,261.2901388373293,4.481934395023699,0.8520657553388392,43.042178720460015,221.36210585771119,3.7516370763874916,1.2956539488484307,72.56189644451952,-12.594264418967473,122.23632361488804,hourly_window_mean_factor_top_available_analogs,4,5719.467943026316,,5719.467943026316,0.0,-135.76139124758902,79.19414489442802,6.9408806187934e-13,-135.76139124758902,79.19414489442802,6.9408806187934e-13,-123.16712682862155,-43.042178720460015,-72.56189644451952,67.82941474084366,1.0762946098998265,152.914049321223,2.499698815868278,279.04615122441527,4.840851470803846,261.2901388373293,4.481934395023699,221.36210585771119,3.7516370763874916,17.756012387085946,0.3589170757801474,-1.4234042059684513,-0.2977276069693371,123.16712682862155,43.042178720460015,72.56189644451952
experiment_2026_06_13_13_27,SEN_demand_ORI,2025-12-25,Christmas Day,H2,G,shape_pearson_CDE_map_FGH,True,2025-12-25,12,True,True,13,False,2,13,13,pearson,RidgeReg,standard,2,{},2025-12-24 10:00:00,2025-12-26,302.5009599323959,5.699993944739835,251.987904,4.093,,14,24,4,4,13,4,0.11040153839659712,5199.456990067603,4828.80785413086,302.5009599323959,5.699993944739835,5.699993944739835,302.5009599323959,121.91559832654795,2.0481024419074254,2.0481024419074254,121.91559832654795,407.84242086914037,7.830263988058742,7.830263988058742,407.84242086914037,172.49977798473245,2.9035773383471377,2.9035773383471377,172.49977798473245,378.3349827352006,7.300289489292735,7.300289489292735,378.3349827352006,302.5009599323965,5.680448170523303,5.680448170523303,302.5009599323965,121.91559832654795,407.84242086914037,hourly_window_mean_factor_top_available_analogs,4,4946.539721513157,,4946.539721513157,0.0,-50.5841796581845,29.507438133939825,-7.180221329786276e-13,-50.5841796581845,29.507438133939825,-7.180221329786276e-13,-172.49977798473245,-378.3349827352005,-302.50095993239665,121.91559832654795,2.0481024419074254,172.49977798473245,2.9035773383471377,407.84242086914037,7.830263988058742,378.3349827352006,7.300289489292735,302.5009599323965,5.680448170523303,29.507438133939786,0.5299744987660073,-0.8554748964397123,0.019545774216531697,172.49977798473245,378.3349827352005,302.50095993239665
experiment_2026_06_13_13_27,SEN_demand_ORI,2025-12-31,New Year's Eve,H1,G,shape_pearson_CDE_map_FGH,True,2025-12-31,12,True,True,13,False,2,13,13,pearson,RidgeReg,standard,2,{},2025-12-30 10:00:00,2026-01-01,176.46094356840123,3.297967160844709,258.124703,4.19,,14,24,4,4,13,4,0.0927354212704641,5349.452352619304,5147.9892745707275,176.46094356840123,3.297967160844709,-1.3627798314631945,-80.7170976193042,120.96565612299901,2.0852158001083088,-1.7491188028111468,-102.70882855972137,208.83319457821918,4.005405454607609,-1.1374154315102223,-67.88858790406084,209.25513114638866,3.7216350039524078,-3.7216350039524078,-209.25513114638866,244.80620492698517,4.810513864604896,-0.05319213310919609,-5.736578061838297,231.7084409025549,4.409347968575032,-1.4047237171040636,-80.71709761930421,-102.70882855972137,-67.88858790406084,hourly_window_mean_factor_top_available_analogs,4,5019.017783421053,,5019.017783421053,0.0,106.54630258666728,-62.15200984222255,2.3934071099287584e-14,106.54630258666728,-62.15200984222255,2.3934071099287584e-14,209.25513114638863,5.736578061838294,80.71709761930423,120.96565612299901,2.0852158001083088,209.25513114638866,3.7216350039524078,208.83319457821918,4.005405454607609,244.80620492698517,4.810513864604896,231.7084409025549,4.409347968575032,-35.973010348765996,-0.8051084099972874,-1.636419203844099,-1.111380807730323,209.25513114638863,5.736578061838294,80.71709761930423
experiment_2026_06_13_13_27,SEN_demand_ORI,2026-01-01,New Year's Day,H3,G,shape_pearson_CDE_map_FGH,True,2026-01-01,12,True,True,13,False,2,13,13,pearson,RidgeReg,minmax,2,{},2025-12-31 10:00:00,2026-01-02,321.2553993634037,6.91135464588987,248.2645,3.947,,14,24,4,4,13,4,0.08110501763515796,5046.4395143330075,4972.885733893677,321.2553993634037,6.91135464588987,-4.1464939981183715,-177.72682222774628,239.74664896440552,4.583010166203791,2.815659835235933,144.81345777099256,368.80217042948584,8.269555592373413,-8.207750400908383,-365.8753188936773,128.43081914590735,2.415965315990095,0.18907283442733722,8.004748962777285,291.7266787592465,6.518008113611919,-6.398563258564834,-286.07023875554876,231.56504627012154,5.006729188172298,-3.9715394348308757,-177.72682222774444,144.81345777099256,-365.8753188936773,hourly_window_mean_factor_top_available_analogs,4,4938.039561842106,,4938.039561842106,0.0,136.80870880821527,-79.8050801381285,-1.842923474645144e-12,136.80870880821527,-79.8050801381285,-1.842923474645144e-12,-8.004748962777285,286.07023875554876,177.72682222774444,239.74664896440552,4.583010166203791,128.43081914590735,2.415965315990095,368.80217042948584,8.269555592373413,291.7266787592465,6.518008113611919,231.56504627012154,5.006729188172298,77.07549167023933,1.751547478761494,2.167044850213696,1.9046254577175716,8.004748962777285,286.07023875554876,177.72682222774444
experiment_2026_06_13_13_27,SEN_demand_ORI,2026-02-02,Constitution Day,H2,G,shape_pearson_CDE_map_FGH,True,2026-02-02,12,True,True,2,False,2,14,2,pearson,RidgeReg,,2,{},2026-02-01 10:00:00,2026-02-03,105.520544248775,2.0435698989564544,263.78424,4.274,,14,24,2,4,2,2,0.09117307073491605,5181.2172827728045,5038.893500134803,105.520544248775,2.0435698989564544,-0.0983360395949888,-8.896470404383404,54.958184227879755,0.9897710955883336,-0.7380403254939646,-41.5022301522355,135.01525426096387,2.6582858675878582,0.2748247938460804,10.123556115196985,86.23672810175218,1.5147463579096314,-1.455376372620808,-83.05144487216434,181.43659671815,3.5482727406045647,0.8725971775156275,34.36059803515525,146.36296091210872,2.79907881013801,0.014922711675888113,-8.896470404383548,-41.5022301522355,10.123556115196985,hourly_window_mean_factor_top_available_analogs,2,4688.700091578948,,4688.700091578948,0.0,41.54921471992884,-24.237041919958262,1.436044265957255e-13,41.54921471992884,-24.237041919958262,1.436044265957255e-13,83.05144487216434,-34.36059803515525,8.896470404383548,54.958184227879755,0.9897710955883336,86.23672810175218,1.5147463579096314,135.01525426096387,2.6582858675878582,181.43659671815,3.5482727406045647,146.36296091210872,2.79907881013801,-46.42134245718614,-0.8899868730167064,-0.5249752623212978,-0.7555089111815558,83.05144487216434,34.36059803515525,8.896470404383548
experiment_2026_06_13_13_27,SEN_demand_ORI,2026-03-16,Benito Juarez's Birthday,H2,H,shape_pearson_CDE_map_FGH,True,2026-03-16,12,True,True,2,False,2,14,2,pearson,RidgeReg,,2,{},2026-03-15 10:00:00,2026-03-17,339.0748478076691,5.422403589965976,213.2827,3.519,,14,24,2,4,2,2,0.07764171896063843,5987.45884935668,5723.363925210734,339.0748478076691,5.422403589965976,5.004449794040602,314.82174538016176,246.7866658392151,3.5895999398329463,2.4551539223212164,180.95681639312377,392.90962062260047,6.491539052543577,6.491539052543577,392.90962062260047,303.09500590157717,4.4574818463444155,2.299772700073714,177.3720501586336,395.0007342593874,6.477432637470329,6.477432637470329,395.0007342593874,361.14072907493096,5.733240240739729,4.938294765797891,314.8217453801623,180.95681639312377,392.90962062260047,hourly_window_mean_factor_top_available_analogs,2,5535.485583289474,,5535.485583289474,0.0,3.5847662344901567,-2.09111363678691,-6.222858485814772e-13,3.5847662344901567,-2.09111363678691,-6.222858485814772e-13,-177.3720501586336,-395.0007342593874,-314.8217453801624,246.7866658392151,3.5895999398329463,303.09500590157717,4.4574818463444155,392.90962062260047,6.491539052543577,395.0007342593874,6.477432637470329,361.14072907493096,5.733240240739729,-2.091113636786929,0.014106415073247724,-0.8678819065114691,-0.3108366507737532,177.3720501586336,395.0007342593874,314.8217453801624
experiment_2026_06_13_13_27,SEN_demand_ORI,2026-04-02,Maundy Thursday,H1,F,shape_pearson_CDE_map_FGH,True,2026-04-02,12,True,True,2,False,2,14,2,pearson,RidgeReg,,2,{},2026-04-01 10:00:00,2026-04-03,143.0418640579787,2.3544993634556364,178.317881,3.004,,14,24,2,4,2,2,0.07265674331629143,6388.580824611797,6226.591271400767,143.0418640579787,2.3544993634556364,-1.7262305405795109,-101.44671961179752,136.3683494021352,2.1102542467198515,-2.1102542467198515,-136.3683494021352,146.93474760722074,2.4969756815515107,-1.5022167119976462,-81.07576890076719,222.68489862107728,3.4913055538083024,-3.4913055538083024,-222.68489862107728,156.7885334009128,2.615606719423019,-0.6825130291786025,-30.724448523049393,181.06614163992077,2.9382326057754917,-1.7173313277263866,-101.44671961179651,-136.3683494021352,-81.07576890076719,hourly_window_mean_factor_top_available_analogs,2,6534.102646315789,,6534.102646315789,0.0,86.31654921894207,-50.3513203777178,-1.0052309861700787e-12,86.31654921894207,-50.3513203777178,-1.0052309861700787e-12,222.68489862107728,30.72444852304939,101.44671961179651,136.3683494021352,2.1102542467198515,222.68489862107728,3.4913055538083024,146.93474760722074,2.4969756815515107,156.7885334009128,2.615606719423019,181.06614163992077,2.9382326057754917,-9.853785793692055,-0.1186310378715083,-1.381051307088451,-0.5837332423198553,222.68489862107728,30.72444852304939,101.44671961179651
experiment_2026_06_13_13_27,SEN_demand_ORI,2026-04-03,Good Friday,H2,H,shape_pearson_CDE_map_FGH,True,2026-04-03,12,True,True,5,False,2,14,5,pearson,PLS,,4,{},2026-04-02 10:00:00,2026-04-04,395.41340232124384,6.313232728207194,174.983379,3.091,,14,24,4,4,5,4,0.0713908855438276,5800.575135047176,5643.483587062538,395.41340232124384,6.313232728207194,6.313232728207194,395.41340232124384,429.23264197915563,6.536334258890056,6.536334258890056,429.23264197915563,375.68551252079527,6.183090168642193,6.183090168642193,375.68551252079527,460.0302266910671,6.982802143883997,6.982802143883997,460.0302266910671,357.7202547721816,5.82761500139252,5.82761500139252,357.7202547721816,395.4134023212447,6.253210264415695,6.253210264415695,395.4134023212447,429.23264197915563,375.68551252079527,hourly_window_mean_factor_top_available_analogs,4,6060.471938289475,,6060.471938289475,0.0,-30.797584711911504,17.965257748613606,-9.094947017729282e-13,-30.797584711911504,17.965257748613606,-9.094947017729282e-13,-460.0302266910671,-357.72025477218165,-395.41340232124475,429.23264197915563,6.536334258890056,460.0302266910671,6.982802143883997,375.68551252079527,6.183090168642193,357.7202547721816,5.82761500139252,395.4134023212447,6.253210264415695,17.96525774861368,0.355475167249673,-0.4464678849939405,0.06002246379149945,460.0302266910671,357.72025477218165,395.41340232124475
experiment_2026_06_13_13_27,SEN_demand_ORI,2026-04-04,Holy Saturday,H3,H,shape_pearson_CDE_map_FGH,True,2026-04-04,12,True,True,14,False,2,15,14,pearson,LassoReg,standard,2,{},2026-04-03 10:00:00,2026-04-05,715.7422787374991,11.088496784646606,218.935035,3.937,,14,24,4,4,14,4,0.07018821258037196,5565.720933367764,5420.623078407208,715.7422787374991,11.088496784646606,11.088496784646606,715.7422787374991,371.8592024141403,5.660030100454669,5.660030100454669,371.8592024141403,916.3407399261254,14.255102350425238,14.255102350425238,916.3407399261254,359.90800161480786,5.483154163422469,5.483154163422469,359.90800161480786,923.312273725736,14.470340198843958,14.470340198843958,923.312273725736,715.7422787374994,11.159271659478147,11.159271659478147,715.7422787374994,371.8592024141403,916.3407399261254,hourly_window_mean_factor_top_available_analogs,4,6090.833697302633,,6090.833697302633,0.0,11.951200799332453,-6.971533799610863,-1.6753849769501309e-13,11.951200799332453,-6.971533799610863,-1.6753849769501309e-13,-359.90800161480786,-923.3122737257362,-715.7422787374992,371.8592024141403,5.660030100454669,359.90800161480786,5.483154163422469,916.3407399261254,14.255102350425238,923.312273725736,14.470340198843958,715.7422787374994,11.159271659478147,-6.971533799610597,-0.2152378484187203,0.17687593703220017,-0.07077487483154066,359.90800161480786,923.3122737257362,715.7422787374992
experiment_2026_06_13_13_27,SEN_demand_ORI,2026-05-01,Labor Day,H2,F,shape_pearson_CDE_map_FGH,True,2026-05-01,12,True,True,15,False,2,16,15,euclidian,PCR,,6,{},2026-04-30 10:00:00,2026-05-02,166.59682196513387,2.3346042688239295,204.907902,3.565,,14,24,4,4,15,4,0.0742564792748057,7563.140682097255,7350.64231210711,166.59682196513387,2.3346042688239295,-1.124038408368049,-71.73860867620272,161.603657073518,2.0239530533784538,1.1671413250827747,88.83288434821199,169.50950148524313,2.51581747783379,-2.4605599195476953,-165.40531294044465,71.82575154850909,0.8916096904863587,0.2747389914071646,21.768958035961663,140.59293302989366,2.115219513332235,-1.9280816555029892,-126.28468925829843,115.25765564201514,1.6644158943890173,-1.1165161540097746,-71.7386086762026,88.83288434821199,-165.40531294044465,hourly_window_mean_factor_top_available_analogs,4,6888.119009736842,,6888.119009736842,0.0,67.06392631225033,-39.12062368214621,-1.1967035549643792e-13,67.06392631225033,-39.12062368214621,-1.1967035549643792e-13,-21.76895803596166,126.28468925829844,71.7386086762026,161.603657073518,2.0239530533784538,71.82575154850909,0.8916096904863587,169.50950148524313,2.51581747783379,140.59293302989366,2.115219513332235,115.25765564201514,1.6644158943890173,28.916568455349477,0.40059796450155494,1.1323433628920951,0.6701883744349122,21.76895803596166,126.28468925829844,71.7386086762026
experiment_2026_06_13_13_27,SEN_demand_PEN,2025-01-01,New Year's Day,H3,F,shape_pearson_CDE_map_FGH,True,2025-01-01,12,True,True,5,False,2,7,5,pearson,RidgeReg,standard,2,{},2024-12-31 10:00:00,2025-01-02,53.49719001825836,3.3456503402287043,107.896681,6.467,,14,24,4,4,5,4,0.07895292149457492,1578.9747362611597,1523.616752223327,53.49719001825836,3.3456503402287043,0.0006843035706129284,1.907237159892732,54.010196121405635,3.0679340947168505,2.069927744950769,38.14859395969789,53.19793645808912,3.5076514834439507,-1.2063743705678114,-19.233554306660277,37.3736628929309,2.186984803525552,0.007557498533920245,2.445607710556536,42.73697878044041,2.84209900334699,0.10033158578053625,1.5931876720058444,40.761020295568485,2.6007411402548812,0.06615165890020405,1.9072371598929414,38.14859395969789,-19.233554306660277,hourly_window_mean_factor_top_available_analogs,4,1260.172605394737,,1260.172605394737,0.0,35.702986249141354,-20.82674197866612,-2.0942312211876637e-13,35.702986249141354,-20.82674197866612,-2.0942312211876637e-13,-2.445607710556537,-1.5931876720058433,-1.9072371598929414,54.010196121405635,3.0679340947168505,37.3736628929309,2.186984803525552,53.19793645808912,3.5076514834439507,42.73697878044041,2.84209900334699,40.761020295568485,2.6007411402548812,10.460957677648707,0.6655524800969608,0.8809492911912984,0.7449091999738231,2.445607710556537,1.5931876720058433,1.9072371598929414
experiment_2026_06_13_13_27,SEN_demand_PEN,2025-02-03,Constitution Day,H2,F,shape_pearson_CDE_map_FGH,True,2025-02-03,12,True,True,7,False,2,9,7,pearson,RidgeReg,standard,2,{},2025-02-02 10:00:00,2025-02-04,67.52012592900498,4.135019792899782,102.935936,6.268,,14,24,4,4,7,4,0.05908393139877424,1641.8023644589784,1650.611128831808,67.52012592900498,4.135019792899782,-0.6562794260996663,-4.914181301083713,64.92470746077754,3.9172865361152125,0.3740334638648047,13.103088037300315,69.03412003547098,4.262030859357448,-1.2572952785789413,-15.424255081807729,90.19508357926266,5.827354766509587,-3.2965161260985156,-43.8332676446452,55.651661830725324,3.2418466833591544,0.7184976543523401,17.78861906599381,68.37818563281802,4.194402292940892,-0.7607179489716595,-4.914181301083718,13.103088037300315,-15.424255081807729,hourly_window_mean_factor_top_available_analogs,4,1447.074464868421,,1447.074464868421,0.0,56.93635568194551,-33.212874147801536,5.983517774821896e-15,56.93635568194551,-33.212874147801536,5.983517774821896e-15,43.83326764464519,-17.788619065993807,4.914181301083719,64.92470746077754,3.9172865361152125,90.19508357926266,5.827354766509587,69.03412003547098,4.262030859357448,55.651661830725324,3.2418466833591544,68.37818563281802,4.194402292940892,13.382458204745653,1.0201841759982933,-1.9100682303943746,-0.05938250004111012,43.83326764464519,17.788619065993807,4.914181301083719
experiment_2026_06_13_13_27,SEN_demand_PEN,2025-03-17,Benito Juarez's Birthday,H2,G,shape_pearson_CDE_map_FGH,True,2025-03-17,12,True,True,7,False,2,9,7,pearson,RidgeReg,standard,2,{},2025-03-16 10:00:00,2025-03-18,203.7057000391933,11.92737658904943,71.812976,4.277,,14,24,4,4,7,4,0.07174572835689397,2010.637566805183,2005.1765434840672,203.7057000391933,11.92737658904943,-11.385648497275527,-191.67595154202508,59.867596276551936,3.084857751623441,-1.61445293109427,-27.215421784238206,287.61126056740073,17.085512577547927,-17.085512577547927,-287.61126056740073,75.34641409714934,4.0524195058744725,-4.0524195058744725,-75.34641409714934,259.53484838486935,15.561986926813141,-15.561986926813141,-259.53484838486935,191.67595154202513,11.321619982256788,-11.321619982256788,-191.67595154202513,-27.215421784238206,-287.61126056740073,hourly_window_mean_factor_top_available_analogs,4,1999.1952859210528,,1999.1952859210528,0.0,48.130992312911125,-28.076412182531374,7.180221329786275e-14,48.130992312911125,-28.076412182531374,7.180221329786275e-14,75.34641409714934,259.53484838486935,191.67595154202516,59.867596276551936,3.084857751623441,75.34641409714934,4.0524195058744725,287.61126056740073,17.085512577547927,259.53484838486935,15.561986926813141,191.67595154202513,11.321619982256788,28.076412182531385,1.5235256507347863,-0.9675617542510317,0.6057566067926423,75.34641409714934,259.53484838486935,191.67595154202516
experiment_2026_06_13_13_27,SEN_demand_PEN,2025-04-17,Maundy Thursday,H1,G,shape_pearson_CDE_map_FGH,True,2025-04-17,12,True,True,7,False,2,9,7,pearson,RidgeReg,standard,2,{},2025-04-16 10:00:00,2025-04-18,90.38482648802689,4.962400002151054,84.112985,4.972,,14,24,4,4,7,4,0.07419074239417503,1725.0559156172367,1666.5858209077498,90.38482648802689,4.962400002151054,4.962400002151054,90.38482648802689,56.88728130935861,2.935485341216332,2.935485341216332,56.88728130935861,109.92506117558344,6.144766887696309,6.144766887696309,109.92506117558344,56.68676996727619,2.867781947796261,2.44004362154039,49.34879122187748,120.32642137824116,6.475426403727918,6.100430781280938,114.32251372661345,96.8802340163067,5.146294235753098,4.751867090850211,90.3848264880265,56.88728130935861,109.92506117558344,hourly_window_mean_factor_top_available_analogs,4,2022.545304078947,,2022.545304078947,0.0,7.5384900874811365,-4.397452551030018,4.0687920868788895e-13,7.5384900874811365,-4.397452551030018,4.0687920868788895e-13,-49.34879122187748,-114.32251372661345,-90.38482648802648,56.88728130935861,2.935485341216332,56.68676996727619,2.867781947796261,109.92506117558344,6.144766887696309,120.32642137824116,6.475426403727918,96.8802340163067,5.146294235753098,-10.401360202657727,-0.33065951603160926,0.06770339342007103,-0.18389423360204393,49.34879122187748,114.32251372661345,90.38482648802648
experiment_2026_06_13_13_27,SEN_demand_PEN,2025-04-18,Good Friday,H2,H,shape_pearson_CDE_map_FGH,True,2025-04-18,12,True,True,7,False,2,9,7,pearson,RidgeReg,standard,2,{},2025-04-17 10:00:00,2025-04-19,174.2910493469794,9.38817470879421,83.863422,4.94,,14,24,4,4,7,4,0.07593654782568575,1630.7782503141964,1546.079673679025,174.2910493469794,9.38817470879421,9.14736915302427,170.38506573843537,87.30730453441556,4.502703826334604,3.849088746387624,76.70534902551034,225.03156715430836,12.238032723562311,12.238032723562311,225.03156715430836,111.43776335965597,5.750391752893441,5.0773820183558955,100.50311357879283,211.14953783155988,11.384912233221195,11.384912233221195,211.14953783155988,174.41362092085842,9.309036266784656,9.061085311955035,170.38506573843517,76.70534902551034,225.03156715430836,hourly_window_mean_factor_top_available_analogs,4,1533.0897085526315,,1533.0897085526315,0.0,-23.79776455328249,13.882029322748442,2.0343960434394448e-13,-23.79776455328249,13.882029322748442,2.0343960434394448e-13,-100.50311357879283,-211.1495378315599,-170.38506573843517,87.30730453441556,4.502703826334604,111.43776335965597,5.750391752893441,225.03156715430836,12.238032723562311,211.14953783155988,11.384912233221195,174.41362092085842,9.309036266784656,13.88202932274848,0.8531204903411158,-1.2476879265588376,0.07913844200955467,100.50311357879283,211.1495378315599,170.38506573843517
experiment_2026_06_13_13_27,SEN_demand_PEN,2025-04-19,Holy Saturday,H3,H,shape_pearson_CDE_map_FGH,True,2025-04-19,12,True,True,9,False,2,10,9,pearson,RidgeReg,standard,2,{},2025-04-18 10:00:00,2025-04-20,192.92706662168524,10.33036330132369,92.88122,5.494,,14,24,4,4,9,4,0.07593654782568575,1651.3858092053151,1588.6986003991078,192.92706662168524,10.33036330132369,9.422640563991997,178.8252565841586,106.1037643716159,5.524944899597986,3.0611260411262475,67.8274228411864,243.57399293422569,13.133524035663688,13.133524035663688,243.57399293422569,140.36541656853288,7.56013880374518,1.926319541253542,52.35732837196252,252.59821470793955,13.513908366796931,13.513908366796931,252.59821470793955,211.24928907763183,11.320414317251547,9.244796694228311,178.82525658415855,67.8274228411864,243.57399293422569,hourly_window_mean_factor_top_available_analogs,4,1533.0897085526315,,1533.0897085526315,0.0,15.470094469223893,-9.02422177371387,4.188462442375327e-14,15.470094469223893,-9.02422177371387,4.188462442375327e-14,-52.35732837196251,-252.59821470793955,-178.82525658415858,106.1037643716159,5.524944899597986,140.36541656853288,7.56013880374518,243.57399293422569,13.133524035663688,252.59821470793955,13.513908366796931,211.24928907763183,11.320414317251547,-9.024221773713862,-0.3803843311332429,-2.035193904147194,-0.9900510159278575,52.35732837196251,252.59821470793955,178.82525658415858
experiment_2026_06_13_13_27,SEN_demand_PEN,2025-05-01,Labor Day,H2,F,shape_pearson_CDE_map_FGH,True,2025-05-01,12,True,True,9,False,2,12,9,euclidian,PCR,,3,{},2025-04-30 10:00:00,2025-05-02,101.11044863912223,4.680991473093414,88.963596,5.494,,14,24,4,4,9,4,0.06748072522948882,1972.1370831432198,1918.6020140768978,101.11044863912223,4.680991473093414,4.562735073868826,99.02655264625352,102.2446027430843,4.535454850462071,4.535454850462071,102.2446027430843,100.44885874514436,4.765887836295031,4.578648537522767,97.14935675643558,130.6301355326053,5.912209009609278,5.912209009609278,130.6301355326053,109.71896196075647,5.120139094549049,3.458785953206219,80.59112929588231,117.42307853985868,5.411954326413343,4.362678658196819,99.02655264625393,102.2446027430843,97.14935675643558,hourly_window_mean_factor_top_available_analogs,4,1616.2693233552632,,1616.2693233552632,0.0,-28.385532789520994,16.55822746055327,-4.0687920868788895e-13,-28.385532789520994,16.55822746055327,-4.0687920868788895e-13,-130.6301355326053,-80.59112929588231,-99.02655264625393,102.2446027430843,4.535454850462071,130.6301355326053,5.912209009609278,100.44885874514436,4.765887836295031,109.71896196075647,5.120139094549049,117.42307853985868,5.411954326413343,-9.27010321561211,-0.3542512582540178,-1.3767541591472066,-0.7309628533199293,130.6301355326053,80.59112929588231,99.02655264625393
experiment_2026_06_13_13_27,SEN_demand_PEN,2025-09-16,Independence Day,H2,G,shape_pearson_CDE_map_FGH,True,2025-09-16,12,True,True,5,False,2,12,5,pearson,RidgeReg,standard,2,{},2025-09-15 10:00:00,2025-09-17,129.17748386202382,6.541235259057738,101.490746,5.942,,14,24,4,4,5,4,0.07906909119544249,1805.0187585063973,1740.3993528450555,129.17748386202382,6.541235259057738,6.541235259057738,129.17748386202382,171.3692446455882,8.302394438440434,8.302394438440434,171.3692446455882,104.56562340494463,5.513892404417831,5.513892404417831,104.56562340494463,227.26576756742608,10.929889059991751,10.929889059991751,227.26576756742608,76.0018434452478,3.9077938857344345,3.647835565541795,71.95931836720581,131.730657595524,6.494881581513446,6.330697379286515,129.1774838620238,171.3692446455882,104.56562340494463,hourly_window_mean_factor_top_available_analogs,4,2019.634716907895,,2019.634716907895,0.0,-55.89652292183788,32.60630503773882,3.5901106648931376e-14,-55.89652292183788,32.60630503773882,3.5901106648931376e-14,-227.26576756742608,-71.95931836720581,-129.1774838620238,171.3692446455882,8.302394438440434,227.26576756742608,10.929889059991751,104.56562340494463,5.513892404417831,76.0018434452478,3.9077938857344345,131.730657595524,6.494881581513446,28.56377995969683,1.6060985186833965,-2.6274946215513175,0.04635367754429254,227.26576756742608,71.95931836720581,129.1774838620238
experiment_2026_06_13_13_27,SEN_demand_PEN,2025-11-17,Mexican Revolution Day,H2,H,shape_pearson_CDE_map_FGH,True,2025-11-17,12,True,True,8,False,2,12,8,pearson,PLS,standard,6,{},2025-11-16 10:00:00,2025-11-18,51.90153246338107,3.014709176513,100.214447,5.75,,14,24,4,4,8,4,0.08550717019693518,1597.2634546139773,1574.2690139925064,51.90153246338107,3.014709176513,2.41709126782251,43.57776196497019,28.627512248152943,1.786524088210633,0.28808484143165636,7.830014320644182,65.47804425559748,3.7311504780227143,3.659011683217175,64.4306147574937,39.9640245780758,2.411003246488186,1.1269698982489003,22.125811934949997,56.22666643527867,3.228432753847397,3.2191994976686846,56.09139948248177,50.235166803677615,2.9272745142940035,2.4483780663035004,43.577761964970065,7.830014320644182,64.4306147574937,hourly_window_mean_factor_top_available_analogs,4,1533.6662369078947,,1533.6662369078947,0.0,-14.295797614305814,8.339215275011933,1.3163739104608172e-13,-14.295797614305814,8.339215275011933,1.3163739104608172e-13,-22.125811934949994,-56.09139948248177,-43.57776196497006,28.627512248152943,1.786524088210633,39.9640245780758,2.411003246488186,65.47804425559748,3.7311504780227143,56.22666643527867,3.228432753847397,50.235166803677615,2.9272745142940035,9.251377820318808,0.5027177241753171,-0.6244791582775528,0.08743466221899654,22.125811934949994,56.09139948248177,43.57776196497006
experiment_2026_06_13_13_27,SEN_demand_PEN,2025-12-24,Christmas Eve,H1,F,shape_pearson_CDE_map_FGH,True,2025-12-24,12,True,True,8,False,2,12,8,pearson,RidgeReg,minmax,2,{},2025-12-23 10:00:00,2025-12-25,52.088682277331365,2.9299502850741113,98.958503,5.526,,14,24,4,4,8,4,0.08063518436433545,1709.5707825327002,1673.0835212536895,52.088682277331365,2.9299502850741113,1.007627223446524,20.548323256773607,55.84713128628971,3.0059333626690035,2.00884932049497,39.4133302747107,49.89625368877233,2.8856268231437574,0.42358100016826333,9.543735829643632,87.33890868560977,4.937633247832001,-3.613333235944978,-61.960963472533585,81.99111549937807,4.786548879186138,3.9770555153825433,68.67874051553603,83.9613550943055,4.842211541318825,1.180596501735562,20.548323256773546,39.4133302747107,9.543735829643632,hourly_window_mean_factor_top_available_analogs,4,1307.6129016447367,,1307.6129016447367,0.0,101.3742937472443,-59.135004685892405,5.983517774821896e-14,101.3742937472443,-59.135004685892405,5.983517774821896e-14,61.96096347253359,-68.67874051553603,-20.548323256773546,55.84713128628971,3.0059333626690035,87.33890868560977,4.937633247832001,49.89625368877233,2.8856268231437574,81.99111549937807,4.786548879186138,83.9613550943055,4.842211541318825,-32.094861810605735,-1.9009220560423805,-1.9316998851629976,-1.9122612562447139,61.96096347253359,68.67874051553603,20.548323256773546
experiment_2026_06_13_13_27,SEN_demand_PEN,2025-12-25,Christmas Day,H2,F,shape_pearson_CDE_map_FGH,True,2025-12-25,12,True,True,8,False,2,12,8,pearson,PLS,,4,{},2025-12-24 10:00:00,2025-12-26,161.95207723741933,11.127394056350507,93.272346,5.242,,14,24,4,4,8,4,0.077465031051677,1718.4369411398613,1696.7965324174613,161.95207723741933,11.127394056350507,-10.91579981807555,-158.27041324512467,49.80372192877621,2.953691827248347,-2.3793646090734675,-39.810633949690555,227.37195116746122,15.89538702332677,-15.89538702332677,-227.37195116746122,68.56981342339472,4.010700205896798,-3.922640455273289,-67.15833003693386,211.4191284499024,14.577441525401682,-14.577441525401682,-211.4191284499024,158.79043344013644,10.684431565584092,-10.651988499564904,-158.27041324512453,-39.810633949690555,-227.37195116746122,hourly_window_mean_factor_top_available_analogs,4,1576.6181900000001,,1576.6181900000001,0.0,27.347696087243303,-15.952822717558803,-1.3163739104608172e-13,27.347696087243303,-15.952822717558803,-1.3163739104608172e-13,67.15833003693386,211.41912844990242,158.27041324512453,49.80372192877621,2.953691827248347,68.56981342339472,4.010700205896798,227.37195116746122,15.89538702332677,211.4191284499024,14.577441525401682,158.79043344013644,10.684431565584092,15.952822717558831,1.3179454979250877,-1.0570083786484514,0.4429624907664156,67.15833003693386,211.41912844990242,158.27041324512453
experiment_2026_06_13_13_27,SEN_demand_PEN,2025-12-31,New Year's Eve,H1,F,shape_pearson_CDE_map_FGH,True,2025-12-31,12,True,True,8,False,2,12,8,pearson,RidgeReg,minmax,2,{},2025-12-30 10:00:00,2026-01-01,143.28560925850076,10.435771803007254,103.030189,5.825,,14,24,4,4,8,4,0.06409337225206013,1596.1039102699451,1552.4578584596704,143.28560925850076,10.435771803007254,-10.41195588680439,-142.90004790152392,43.99018205649515,2.6689904902567,-2.6043472891346435,-42.94365837327233,201.207941793004,14.966394235445078,-14.966394235445078,-201.207941793004,62.90819606482751,3.8166377062528847,-3.8166377062528847,-62.90819606482751,189.56196147293034,14.120930724832322,-14.120930724832322,-189.56196147293034,142.90004790152403,10.324612244303054,-10.324612244303054,-142.90004790152403,-42.94365837327233,-201.207941793004,hourly_window_mean_factor_top_available_analogs,4,1466.2467790789474,,1466.2467790789474,0.0,19.964537691555183,-11.645980320073685,1.0770331994679413e-13,19.964537691555183,-11.645980320073685,1.0770331994679413e-13,62.90819606482751,189.56196147293034,142.90004790152403,43.99018205649515,2.6689904902567,62.90819606482751,3.8166377062528847,201.207941793004,14.966394235445078,189.56196147293034,14.120930724832322,142.90004790152403,10.324612244303054,11.645980320073676,0.8454635106127562,-1.1476472159961846,0.11115955870420002,62.90819606482751,189.56196147293034,142.90004790152403
experiment_2026_06_13_13_27,SEN_demand_PEN,2026-01-01,New Year's Day,H3,F,shape_pearson_CDE_map_FGH,True,2026-01-01,12,True,True,3,False,2,12,3,pearson,RidgeReg,,2,{},2025-12-31 10:00:00,2026-01-02,179.54610194008484,15.222810075427871,99.679678,5.795,,14,24,3,4,3,3,0.09424963249823416,1408.2154156242955,1353.3200274094897,179.54610194008484,15.222810075427871,-15.222810075427871,-179.54610194008484,125.58759256396215,9.230135070125163,-9.230135070125163,-125.58759256396215,211.02189907615647,18.718537161854456,-18.718537161854456,-211.02189907615647,108.60874710088059,7.852369389581502,-7.852369389581502,-108.60874710088059,220.92622559628748,19.586189546743615,-19.586189546743615,-220.92622559628748,179.54610194008492,15.263203173052313,-15.263203173052313,-179.54610194008492,-125.58759256396215,-211.02189907615647,hourly_window_mean_factor_top_available_analogs,3,1193.356705263158,,1193.356705263158,0.0,-16.978845463081548,9.90432652013097,4.188462442375327e-14,-16.978845463081548,9.90432652013097,4.188462442375327e-14,108.6087471008806,220.92622559628745,179.54610194008487,125.58759256396215,9.230135070125163,108.60874710088059,7.852369389581502,211.02189907615647,18.718537161854456,220.92622559628748,19.586189546743615,179.54610194008492,15.263203173052313,-9.904326520131008,-0.8676523848891584,1.3777656805436616,-0.040393097624441765,108.6087471008806,220.92622559628745,179.54610194008487
experiment_2026_06_13_13_27,SEN_demand_PEN,2026-02-02,Constitution Day,H2,F,shape_pearson_CDE_map_FGH,True,2026-02-02,12,True,True,3,False,2,14,3,pearson,LassoReg,,2,{},2026-02-01 10:00:00,2026-02-03,91.77100952891155,8.954945957170716,92.294637,5.906,,14,24,3,4,3,3,0.10191332044461503,1167.5490090025953,1172.663431794189,91.77100952891155,8.954945957170716,-8.954945957170716,-91.77100952891155,61.0253520741504,5.936812990869272,-5.936812990869272,-61.0253520741504,109.70597637752223,10.715523520846554,-10.715523520846554,-109.70597637752223,82.46058299590706,7.988307936623786,-7.988307936623786,-82.46058299590706,97.20209167316345,9.600470201873799,-9.600470201873799,-97.20209167316345,91.7710095289111,9.006515683097483,-9.006515683097483,-91.7710095289111,-61.0253520741504,-109.70597637752223,hourly_window_mean_factor_top_available_analogs,3,1222.4795277192982,,1222.4795277192982,0.0,21.435230921756663,-12.503884704358791,-4.667143864361079e-13,21.435230921756663,-12.503884704358791,-4.667143864361079e-13,82.46058299590706,97.20209167316344,91.77100952891108,61.0253520741504,5.936812990869272,82.46058299590706,7.988307936623786,109.70597637752223,10.715523520846554,97.20209167316345,9.600470201873799,91.7710095289111,9.006515683097483,12.503884704358782,1.1150533189727554,-2.0514949457545146,-0.05156972592676645,82.46058299590706,97.20209167316344,91.77100952891108
experiment_2026_06_13_13_27,SEN_demand_PEN,2026-03-16,Benito Juarez's Birthday,H2,G,shape_pearson_CDE_map_FGH,True,2026-03-16,12,True,True,3,False,2,14,3,pearson,LassoReg,,2,{},2026-03-15 10:00:00,2026-03-17,129.36795074397733,6.452520658565885,88.355207,6.029,,14,24,3,4,3,3,0.0847810634354801,1788.34295389668,1807.110714691203,129.36795074397733,6.452520658565885,5.670980654113475,117.30079978753054,135.30069565917324,6.690293198014493,4.646927303525052,103.84059460821696,125.90718287677969,6.3138200105541955,6.268345108623387,125.15258614213009,131.0777360491877,6.495959857742955,4.334952223971477,97.75987449389585,128.6996728754841,6.377783083481563,6.377783083481563,128.6996728754841,129.57580141316436,6.421321895051549,5.6251611878725845,117.30079978753054,103.84059460821696,125.15258614213009,hourly_window_mean_factor_top_available_analogs,3,1980.1355960526319,,1980.1355960526319,0.0,6.080720114321106,-3.547086733354007,-1.7950553324465688e-14,6.080720114321106,-3.547086733354007,-1.7950553324465688e-14,-97.75987449389585,-128.6996728754841,-117.30079978753055,135.30069565917324,6.690293198014493,131.0777360491877,6.495959857742955,125.90718287677969,6.3138200105541955,128.6996728754841,6.377783083481563,129.57580141316436,6.421321895051549,-2.7924899987044256,-0.06396307292736747,0.19433334027153837,0.031198763514336036,97.75987449389585,128.6996728754841,117.30079978753055
experiment_2026_06_13_13_27,SEN_demand_PEN,2026-04-02,Maundy Thursday,H1,G,shape_pearson_CDE_map_FGH,True,2026-04-02,12,True,True,3,False,2,14,3,pearson,PLS,minmax,3,{},2026-04-01 10:00:00,2026-04-03,88.60386880177154,5.059109121862457,97.62929,6.57,,14,24,3,4,3,3,0.07581058560809663,1858.0780190484093,1808.9698617228985,88.60386880177154,5.059109121862457,-4.933247662921944,-86.28570641683059,36.6598179716621,1.8973313040748825,-1.7497069499185243,-33.728494463571145,118.90456511933537,6.903479515571878,-6.7903130788406045,-116.94408005623193,35.289064632252725,1.827014931146189,-1.6761678304341312,-32.29374820921675,119.46439066426713,6.94038712388389,-6.8432164862825005,-117.78101537127161,88.45242844194604,5.056513158138422,-4.9395669814962595,-86.28570641683035,-33.728494463571145,-116.94408005623193,hourly_window_mean_factor_top_available_analogs,3,1911.9427783333333,,1911.9427783333333,0.0,-1.43474625435439,0.8369353150396913,-2.3335719321805397e-13,-1.43474625435439,0.8369353150396913,-2.3335719321805397e-13,32.29374820921676,117.78101537127162,86.28570641683037,36.6598179716621,1.8973313040748825,35.289064632252725,1.827014931146189,118.90456511933537,6.903479515571878,119.46439066426713,6.94038712388389,88.45242844194604,5.056513158138422,-0.5598255449317548,-0.03690760831201256,0.07031637292869353,0.002595963724035144,32.29374820921676,117.78101537127162,86.28570641683037
experiment_2026_06_13_13_27,SEN_demand_PEN,2026-04-03,Good Friday,H2,H,shape_pearson_CDE_map_FGH,True,2026-04-03,12,True,True,3,False,2,14,3,pearson,PLS,minmax,3,{},2026-04-02 10:00:00,2026-04-04,66.05056041138958,3.9245201894533572,93.584583,6.394,,14,24,3,4,3,3,0.08092628834322264,1602.3576386061166,1540.2258504009822,66.05056041138958,3.9245201894533572,1.5204636276272816,26.442631657041535,58.184583522725084,3.3686763582509562,0.2581690958025304,3.618669470796395,70.6390469297772,4.248762424321424,2.2568021045250526,39.75660959901787,49.12448905836849,2.8408373967171134,0.3111289659779943,4.834039276395093,71.02486068575757,4.240927223734086,2.1386961182354414,39.04764387908502,62.95630271777212,3.7251046558857275,1.4653819042458553,26.442631657041364,3.618669470796395,39.75660959901787,hourly_window_mean_factor_top_available_analogs,3,1674.8732657017542,,1674.8732657017542,0.0,-1.215369805598698,0.7089657199328485,1.73522015469835e-13,-1.215369805598698,0.7089657199328485,1.73522015469835e-13,-4.834039276395092,-39.04764387908502,-26.44263165704136,58.184583522725084,3.3686763582509562,49.12448905836849,2.8408373967171134,70.6390469297772,4.248762424321424,71.02486068575757,4.240927223734086,62.95630271777212,3.7251046558857275,-0.38581375598037937,0.007835200587338775,0.5278389615338428,0.19941553356762975,4.834039276395092,39.04764387908502,26.44263165704136
experiment_2026_06_13_13_27,SEN_demand_PEN,2026-04-04,Holy Saturday,H3,H,shape_pearson_CDE_map_FGH,True,2026-04-04,12,True,True,12,False,2,14,12,pearson,RidgeReg,standard,2,{},2026-04-03 10:00:00,2026-04-05,188.1422195479245,10.991841522843098,92.964564,6.228,,14,24,4,4,12,4,0.08356363846011546,1495.3805891156426,1481.3937134530397,188.1422195479245,10.991841522843098,10.76087112222247,185.03400009488382,145.82114254957742,8.326259178473403,7.699339519645982,137.38454689132422,212.82951446362696,12.546764557058756,12.546764557058756,212.82951446362696,122.26978997093359,7.032630013065069,5.766710568364717,105.14244542707755,231.63740698443735,13.608404175070822,13.608404175070822,231.63740698443735,191.3440744005149,11.185750536437121,10.719359162073834,185.03400009488377,137.38454689132422,212.82951446362696,hourly_window_mean_factor_top_available_analogs,4,1596.5205469078946,,1596.5205469078946,0.0,32.24210146424668,-18.807892520810423,8.975276662232845e-14,32.24210146424668,-18.807892520810423,8.975276662232845e-14,-105.14244542707755,-231.63740698443738,-185.03400009488374,145.82114254957742,8.326259178473403,122.26978997093359,7.032630013065069,212.82951446362696,12.546764557058756,231.63740698443735,13.608404175070822,191.3440744005149,11.185750536437121,-18.807892520810384,-1.061639618012066,1.2936291654083343,-0.19390901359402335,105.14244542707755,231.63740698443738,185.03400009488374
experiment_2026_06_13_13_27,SEN_demand_PEN,2026-05-01,Labor Day,H2,F,shape_pearson_CDE_map_FGH,True,2026-05-01,12,True,True,13,False,2,15,13,pearson,PCR,standard,6,{},2026-04-30 10:00:00,2026-05-02,44.18360971566201,1.978017091710453,96.611024,6.708,,14,24,4,4,13,4,0.07730609405073471,2261.7717681143695,2210.2387176517036,44.18360971566201,1.978017091710453,1.1618060278128646,23.6537682014206,25.458687602347936,1.0727347188198935,-0.5579921609048792,-14.809988193223521,55.10648094842855,2.506098475896612,2.165021637898215,46.09095943162967,92.86936271565808,4.125350643620503,-0.7316732090748875,-7.3302350483356316,79.19376413261995,3.3967444938581415,1.4612164716245226,41.72777009711083,84.23214255794979,3.665178338507432,0.6533097471563187,23.653768201420025,-14.809988193223521,46.09095943162967,hourly_window_mean_factor_top_available_analogs,4,1675.0737999342107,,1675.0737999342107,0.0,-7.47975314488789,4.363189334518846,5.74417706382902e-13,-7.47975314488789,4.363189334518846,5.74417706382902e-13,7.3302350483356316,-41.72777009711083,-23.653768201420025,25.458687602347936,1.0727347188198935,92.86936271565808,4.125350643620503,55.10648094842855,2.506098475896612,79.19376413261995,3.3967444938581415,84.23214255794979,3.665178338507432,-24.0872831841914,-0.8906460179615294,-3.0526159248006093,-1.687161246796979,7.3302350483356316,41.72777009711083,23.653768201420025
experiment_2026_06_13_13_27,SEN_demand_SIN,2025-01-01,New Year's Day,H3,G,shape_pearson_CDE_map_FGH,True,2025-01-01,12,True,True,6,False,2,6,6,pearson,RidgeReg,,2,{},2024-12-31 10:00:00,2025-01-02,324.8633545816027,1.2674724729689573,959.744358,3.118,,14,24,4,4,6,4,0.10029211611443774,26319.075970670045,24569.13408155148,324.8633545816027,1.2674724729689573,-0.15968156116094367,-28.60309224899021,242.335062636616,0.8397570144011739,0.08282732279732476,26.688322269569262,373.0048582161783,1.5169731571334975,-0.30114507680326685,-60.856417384816574,353.3187405601576,1.193912586852883,0.5271738525398374,164.9882402345668,409.73987109882654,1.7239729415779157,-0.6797095346855281,-141.5313695310662,388.9531387951064,1.528687547731851,-0.23506828676039346,-28.60309224899088,26.688322269569262,-60.856417384816574,hourly_window_mean_factor_top_available_analogs,4,26118.04328756579,,26118.04328756579,0.0,-138.29991796499755,80.67495214624962,6.701539907800523e-13,-138.29991796499755,80.67495214624962,6.701539907800523e-13,-164.9882402345668,141.5313695310662,28.603092248990883,242.335062636616,0.8397570144011739,353.3187405601576,1.193912586852883,373.0048582161783,1.5169731571334975,409.73987109882654,1.7239729415779157,388.9531387951064,1.528687547731851,-36.73501288264822,-0.20699978444441824,-0.35415557245170914,-0.26121507476289363,164.9882402345668,141.5313695310662,28.603092248990883
experiment_2026_06_13_13_27,SEN_demand_SIN,2025-02-03,Constitution Day,H2,H,shape_pearson_CDE_map_FGH,True,2025-02-03,12,True,True,2,False,2,6,2,pearson,RidgeReg,,2,{},2025-02-02 10:00:00,2025-02-04,607.7502092362274,2.056063828522172,824.923614,2.703,,14,24,2,4,2,2,0.06381630040636992,29540.230376589534,29272.053739759285,607.7502092362274,2.056063828522172,-0.29919987549479626,-52.99849816848368,660.9867271561361,2.2555904418083546,-0.6146648301878516,-143.60981615568977,576.6955737829475,1.9396733041052323,-0.11517865192384712,-0.14189600928011714,601.4995730421017,2.043618923777936,-0.2175849890900372,-31.68654096973634,542.4642886821811,1.855050443383013,-0.29795635467801035,-65.43047320108099,564.2141302884676,1.924523041423248,-0.26834585156665175,-52.998498168480324,-143.60981615568977,-0.14189600928011714,hourly_window_mean_factor_top_available_analogs,2,29461.969922105265,,29461.969922105265,0.0,-111.92327518595344,65.28857719180087,-3.350769953900262e-12,-111.92327518595344,65.28857719180087,-3.350769953900262e-12,31.686540969736328,65.43047320108099,52.998498168480324,660.9867271561361,2.2555904418083546,601.4995730421017,2.043618923777936,576.6955737829475,1.9396733041052323,542.4642886821811,1.855050443383013,564.2141302884676,1.924523041423248,34.2312851007664,0.08462286072221925,0.2119715180304187,0.13154078709892425,31.686540969736328,65.43047320108099,52.998498168480324
experiment_2026_06_13_13_27,SEN_demand_SIN,2025-03-17,Benito Juarez's Birthday,H2,H,shape_pearson_CDE_map_FGH,True,2025-03-17,12,True,True,2,False,2,6,2,pearson,RidgeReg,,2,{},2025-03-16 10:00:00,2025-03-18,1002.3071819591469,3.2780613423433875,781.569311,2.522,,14,24,2,4,2,2,0.06615029837194082,32002.467457485458,31754.54566797029,1002.3071819591469,3.2780613423433875,-3.2780613423433875,-1002.3071819591469,726.5626409400489,2.3611174661646026,-2.3611174661646026,-726.5626409400489,1163.1581642202875,3.8129452701143447,-3.8129452701143447,-1163.1581642202875,700.9660522894976,2.286952269930388,-2.281076884695966,-698.9143714565544,1179.2863214189845,3.8699092511919617,-3.8699092511919617,-1179.2863214189845,1003.0630643712788,3.286714573885066,-3.2845499582723843,-1002.3071819591418,-726.5626409400489,-1163.1581642202875,hourly_window_mean_factor_top_available_analogs,2,32395.75143381579,,32395.75143381579,0.0,-27.648269483494524,16.128157198696954,-5.169759357446118e-12,-27.648269483494524,16.128157198696954,-5.169759357446118e-12,698.9143714565544,1179.2863214189845,1002.3071819591418,726.5626409400489,2.3611174661646026,700.9660522894976,2.286952269930388,1163.1581642202875,3.8129452701143447,1179.2863214189845,3.8699092511919617,1003.0630643712788,3.286714573885066,-16.128157198696954,-0.05696398107761702,0.07416519623421447,-0.008653231541678519,698.9143714565544,1179.2863214189845,1002.3071819591418
experiment_2026_06_13_13_27,SEN_demand_SIN,2025-04-17,Maundy Thursday,H1,F,shape_pearson_CDE_map_FGH,True,2025-04-17,12,True,True,2,False,2,6,2,pearson,RidgeReg,,2,{},2025-04-16 10:00:00,2025-04-18,2116.1005177796715,5.587614286743239,758.064977,2.349,,14,24,2,4,2,2,0.07150196859121923,36202.38966212517,34143.113955427245,2116.1005177796715,5.587614286743239,5.585582473327884,2115.3153110327294,1117.0374625629483,2.6564041371795697,2.6508892150521755,1114.9061871069623,2698.887299989426,7.297486873988714,7.297486873988714,2698.887299989426,1359.053310749003,3.2433191513334365,3.2433191513334365,1359.053310749003,2556.468144531565,6.883901198673094,6.883901198673094,2556.468144531565,2115.3153110327257,5.542634128600588,5.542634128600588,2115.3153110327257,1114.9061871069623,2698.887299989426,hourly_window_mean_factor_top_available_analogs,2,37142.88360263157,,37142.88360263157,0.0,-244.14712364204075,142.4191554578612,2.584879678723059e-12,-244.14712364204075,142.4191554578612,2.584879678723059e-12,-1359.053310749003,-2556.468144531565,-2115.3153110327266,1117.0374625629483,2.6564041371795697,1359.053310749003,3.2433191513334365,2698.887299989426,7.297486873988714,2556.468144531565,6.883901198673094,2115.3153110327257,5.542634128600588,142.41915545786105,0.4135856753156206,-0.5869150141538668,0.04498015814265166,1359.053310749003,2556.468144531565,2115.3153110327266
experiment_2026_06_13_13_27,SEN_demand_SIN,2025-04-18,Good Friday,H2,H,shape_pearson_CDE_map_FGH,True,2025-04-18,12,True,True,2,False,2,6,2,pearson,RidgeReg,,2,{},2025-04-17 10:00:00,2025-04-19,1295.0511143658518,3.7852221133381527,879.006215,2.622,,14,24,2,4,2,2,0.08040803157378516,33807.09474531631,31657.985742607023,1295.0511143658518,3.7852221133381527,3.4676568103350234,1182.6656615257923,814.8148877479222,2.113936198043714,1.2519732327495103,509.76865861061793,1575.1889132263107,4.760138897259907,4.760138897259907,1575.1889132263107,1113.1002427495794,2.8697522244351057,2.1325723607981004,852.8964807583371,1375.0310169734812,4.0460244954955735,4.0460244954955735,1375.0310169734812,1278.530205417307,3.6126610272101383,3.3410684458701887,1182.6656615257966,509.76865861061793,1575.1889132263107,hourly_window_mean_factor_top_available_analogs,2,31918.02930828948,,31918.02930828948,0.0,-343.1278221477192,200.15789625282954,-4.212396513474615e-12,-343.1278221477192,200.15789625282954,-4.212396513474615e-12,-852.8964807583371,-1375.0310169734812,-1182.6656615257966,814.8148877479222,2.113936198043714,1113.1002427495794,2.8697522244351057,1575.1889132263107,4.760138897259907,1375.0310169734812,4.0460244954955735,1278.530205417307,3.6126610272101383,200.15789625282946,0.7141144017643333,-0.7558160263913916,0.17256108612801446,852.8964807583371,1375.0310169734812,1182.6656615257966
experiment_2026_06_13_13_27,SEN_demand_SIN,2025-04-19,Holy Saturday,H3,H,shape_pearson_CDE_map_FGH,True,2025-04-19,12,True,True,2,False,2,6,2,pearson,RidgeReg,,2,{},2025-04-18 10:00:00,2025-04-20,1963.891225372141,5.912813681998173,947.830114,2.817,,14,24,2,4,2,2,0.06828054922775764,31652.958813048917,31120.39657081766,1963.891225372141,5.912813681998173,5.912813681998173,1963.891225372141,1208.3277852689462,3.59058323307429,3.59058323307429,1208.3277852689462,2404.6365654323376,7.267448110537104,7.267448110537104,2404.6365654323376,1814.5867431295987,5.3517211920338825,5.3517211920338825,1814.5867431295987,2050.9855066802825,6.168257795261589,6.168257795261589,2050.9855066802825,1963.8912253721362,5.8674285203882235,5.8674285203882235,1963.8912253721362,1208.3277852689462,2404.6365654323376,hourly_window_mean_factor_top_available_analogs,2,30732.40689894737,,30732.40689894737,0.0,-606.2589578606525,353.6510587520549,4.786814219857517e-12,-606.2589578606525,353.6510587520549,4.786814219857517e-12,-1814.5867431295987,-2050.985506680283,-1963.8912253721362,1208.3277852689462,3.59058323307429,1814.5867431295987,5.3517211920338825,2404.6365654323376,7.267448110537104,2050.9855066802825,6.168257795261589,1963.8912253721362,5.8674285203882235,353.6510587520552,1.0991903152755151,-1.7611379589595924,0.045385161609949876,1814.5867431295987,2050.985506680283,1963.8912253721362
experiment_2026_06_13_13_27,SEN_demand_SIN,2025-05-01,Labor Day,H2,F,shape_pearson_CDE_map_FGH,True,2025-05-01,12,True,True,3,False,2,7,3,pearson,RidgeReg,minmax,2,{},2025-04-30 10:00:00,2025-05-02,872.5925991232801,2.214304648092515,965.01363,2.887,,14,24,3,4,3,3,0.06740050645184127,39767.69275606544,38017.50474833676,872.5925991232801,2.214304648092515,0.18219144589267497,161.20539709246154,868.3893304694559,1.9462447089615702,1.893852705251018,847.0438213996962,875.044505838011,2.3706729459189004,-0.8162776220663585,-238.8670170867587,637.5091507709169,1.4336318723052184,1.259630569261626,565.7586933872486,801.8170960938065,2.153066155794112,-0.3448136046637389,-74.78402574616848,741.2825899222156,1.888011419771888,0.24629740678244827,161.20539709245887,847.0438213996962,-238.8670170867587,hourly_window_mean_factor_top_available_analogs,3,37534.49072614035,,37534.49072614035,0.0,281.2851280124477,-164.0829913405902,2.6806159631202094e-12,281.2851280124477,-164.0829913405902,2.6806159631202094e-12,-565.7586933872485,74.78402574616848,-161.20539709245887,868.3893304694559,1.9462447089615702,637.5091507709169,1.4336318723052184,875.044505838011,2.3706729459189004,801.8170960938065,2.153066155794112,741.2825899222156,1.888011419771888,73.22740974420446,0.21760679012478823,0.5126128366563518,0.326293228320627,565.7586933872485,74.78402574616848,161.20539709245887
experiment_2026_06_13_13_27,SEN_demand_SIN,2025-09-16,Independence Day,H2,F,shape_pearson_CDE_map_FGH,True,2025-09-16,12,True,True,5,False,2,7,5,pearson,RidgeReg,minmax,2,{},2025-09-15 10:00:00,2025-09-17,2265.1354385686413,5.982531016023851,982.773126,2.877,,14,24,4,4,5,4,0.06509316543757496,34325.669217220835,33168.46804831654,2265.1354385686413,5.982531016023851,5.982531016023851,2265.1354385686413,3227.3449718003844,8.134480338408554,8.134480338408554,3227.3449718003844,1703.8465441834571,4.7272272446327745,4.7272272446327745,1703.8465441834571,2978.5643283728973,7.503820200116034,7.503820200116034,2978.5643283728973,1848.9685861828232,5.116019241182204,5.116019241182204,1848.9685861828232,2265.1354385686395,5.995735383947299,5.995735383947299,2265.1354385686395,3227.3449718003844,1703.8465441834571,hourly_window_mean_factor_top_available_analogs,4,37277.9674606579,,37277.9674606579,0.0,248.78064342748726,-145.12204199936605,9.573628439715034e-13,248.78064342748726,-145.12204199936605,9.573628439715034e-13,-2978.5643283728973,-1848.9685861828232,-2265.1354385686404,3227.3449718003844,8.134480338408554,2978.5643283728973,7.503820200116034,1703.8465441834571,4.7272272446327745,1848.9685861828232,5.116019241182204,2265.1354385686395,5.995735383947299,-145.12204199936605,-0.3887919965494291,0.6306601382925203,-0.013204367923447258,2978.5643283728973,1848.9685861828232,2265.1354385686404
experiment_2026_06_13_13_27,SEN_demand_SIN,2025-11-17,Mexican Revolution Day,H2,H,shape_pearson_CDE_map_FGH,True,2025-11-17,12,True,True,5,False,2,7,5,pearson,PLS,minmax,4,{},2025-11-16 10:00:00,2025-11-18,860.3683642534307,2.5927729854473176,1064.081898,3.039,,14,24,4,4,5,4,0.06851821805601559,31298.190257215865,30970.01970276552,860.3683642534307,2.5927729854473176,2.140160613104156,726.9362819946579,869.3862107518398,2.6001048168018146,1.808195562066859,637.4119330121082,855.1079537960254,2.588496083823861,2.333806892875913,779.1588189011453,863.916369877293,2.5876035924717073,1.7880870591412934,629.636113764412,852.258440889001,2.5898714038547737,2.3596787245615207,783.6947134623082,856.5534673583718,2.5890358943978544,2.1490923215119633,726.9362819946622,637.4119330121082,779.1588189011453,hourly_window_mean_factor_top_available_analogs,4,30180.57051230263,,30180.57051230263,0.0,7.775819247696096,-4.535894561162877,-4.308132797871765e-12,7.775819247696096,-4.535894561162877,-4.308132797871765e-12,-629.6361137644121,-783.6947134623082,-726.9362819946622,869.3862107518398,2.6001048168018146,863.916369877293,2.5876035924717073,855.1079537960254,2.588496083823861,852.258440889001,2.5898714038547737,856.5534673583718,2.5890358943978544,2.8495129070244047,-0.0013753200309127855,0.012501224330107252,0.0037370910494631815,629.6361137644121,783.6947134623082,726.9362819946622
experiment_2026_06_13_13_27,SEN_demand_SIN,2025-12-24,Christmas Eve,H1,H,shape_pearson_CDE_map_FGH,True,2025-12-24,12,True,True,5,False,2,8,5,pearson,PLS,minmax,3,{},2025-12-23 10:00:00,2025-12-25,787.2408199299776,2.4370559782533427,993.073881,2.905,,14,24,4,4,5,4,0.0761367207516238,31316.65311481585,29647.216772684827,787.2408199299776,2.4370559782533427,2.2598769661882376,731.9242678157306,850.2374759876639,2.3855310622435617,2.183753237770844,782.4783172452514,750.492770562994,2.4671121792590482,2.304282474431716,702.43440564851,759.4174218475089,2.1367619285314636,1.7539686025945278,630.8418584542625,860.0351775940652,2.8321216802121327,2.6029056113649545,790.8890066099179,822.9654781084918,2.575936508540307,2.29013934497585,731.9242678157291,782.4783172452514,702.43440564851,hourly_window_mean_factor_top_available_analogs,4,29608.357489342103,,29608.357489342103,0.0,151.6364587909889,-88.45460096140793,1.4360442659572551e-12,151.6364587909889,-88.45460096140793,1.4360442659572551e-12,-630.8418584542626,-790.8890066099179,-731.9242678157291,850.2374759876639,2.3855310622435617,759.4174218475089,2.1367619285314636,750.492770562994,2.4671121792590482,860.0351775940652,2.8321216802121327,822.9654781084918,2.575936508540307,-109.5424070310712,-0.3650095009530845,0.24876913371209808,-0.13888053028696445,630.8418584542626,790.8890066099179,731.9242678157291
experiment_2026_06_13_13_27,SEN_demand_SIN,2025-12-25,Christmas Day,H2,G,shape_pearson_CDE_map_FGH,True,2025-12-25,12,True,True,5,False,2,8,5,pearson,PLS,minmax,3,{},2025-12-24 10:00:00,2025-12-26,1009.167412055981,3.8364673898144304,993.073881,2.905,,14,24,4,4,5,4,0.101489934589584,28653.185813829394,26909.006574701507,1009.167412055981,3.8364673898144304,-3.739339903270975,-979.3256740925522,994.1344930647332,3.292585261366592,-3.1369278473292703,-945.017260905778,1017.9366148008754,4.153731964742336,-4.090746935903637,-999.3389151181706,1181.9692644554793,3.903685075399146,-3.880083847614974,-1174.4764364140296,891.5483548175712,3.6079683373784555,-3.5179850914550976,-865.4877294050228,998.5455320525901,3.7169166092808164,-3.6513898963561053,-979.3256740925518,-945.017260905778,-999.3389151181706,hourly_window_mean_factor_top_available_analogs,4,25953.914732105266,,25953.914732105266,0.0,229.45917550825158,-133.85118571314783,-6.701539907800523e-13,229.45917550825158,-133.85118571314783,-6.701539907800523e-13,1174.4764364140296,865.4877294050227,979.3256740925515,994.1344930647332,3.292585261366592,1181.9692644554793,3.903685075399146,1017.9366148008754,4.153731964742336,891.5483548175712,3.6079683373784555,998.5455320525901,3.7169166092808164,126.38825998330424,0.5457636273638808,-0.6110998140325541,0.11955078053361401,1174.4764364140296,865.4877294050227,979.3256740925515
experiment_2026_06_13_13_27,SEN_demand_SIN,2025-12-31,New Year's Eve,H1,G,shape_pearson_CDE_map_FGH,True,2025-12-31,12,True,True,8,False,2,9,8,pearson,PLS,standard,4,{},2025-12-30 10:00:00,2026-01-01,3123.702957619909,10.425217917494347,925.459621,2.84,,14,24,4,4,8,4,0.10079903465244185,27157.399211468368,25530.052228488978,3123.702957619909,10.425217917494347,10.184209989721358,3056.674077742156,2813.136020566963,8.516095901612248,8.516095901612248,2813.136020566963,3304.867004234127,11.538872426758902,11.157276541118335,3198.7379444276835,2622.061783293523,7.961967435500575,7.961967435500575,2622.061783293523,3410.102485255308,11.923740327667025,11.564840048693165,3310.1979161705312,3119.7717003220187,10.464139788447806,10.237465928043264,3056.6740777421596,2813.136020566963,3198.7379444276835,hourly_window_mean_factor_top_available_analogs,4,26378.204406907895,,26378.204406907895,0.0,191.0742372734403,-111.4599717428473,-4.499605366666066e-12,191.0742372734403,-111.4599717428473,-4.499605366666066e-12,-2622.0617832935227,-3310.197916170531,-3056.6740777421605,2813.136020566963,8.516095901612248,2622.061783293523,7.961967435500575,3304.867004234127,11.538872426758902,3410.102485255308,11.923740327667025,3119.7717003220187,10.464139788447806,-105.23548102118093,-0.38486790090812306,0.5541284661116732,-0.03892187095345889,2622.0617832935227,3310.197916170531,3056.6740777421605
experiment_2026_06_13_13_27,SEN_demand_SIN,2026-01-01,New Year's Day,H3,G,shape_pearson_CDE_map_FGH,True,2026-01-01,12,True,True,8,False,2,9,8,pearson,RidgeReg,minmax,2,{},2025-12-31 10:00:00,2026-01-02,848.5605421348181,3.485104144893395,1144.031951,3.545,,14,24,4,4,8,4,0.09983208233249496,27035.089363450606,25488.877601763485,848.5605421348181,3.485104144893395,-3.485104144893395,-848.5605421348181,554.1801299142423,1.9406736883851554,-1.9406736883851554,-554.1801299142423,1020.2824492634873,4.386021911189868,-4.386021911189868,-1020.2824492634873,829.5358688545912,2.8881566242484125,-2.8881566242484125,-829.5358688545912,867.117817207555,3.7166208045079094,-3.6899648507594187,-859.6582682149475,853.2718362354104,3.411397159149147,-3.394561819939574,-848.5605421348163,-554.1801299142423,-1020.2824492634873,hourly_window_mean_factor_top_available_analogs,4,26528.66393631579,,26528.66393631579,0.0,275.3557389403489,-160.62418104853973,-1.8189894035458565e-12,275.3557389403489,-160.62418104853973,-1.8189894035458565e-12,829.5358688545912,859.6582682149475,848.5605421348163,554.1801299142423,1.9406736883851554,829.5358688545912,2.8881566242484125,1020.2824492634873,4.386021911189868,867.117817207555,3.7166208045079094,853.2718362354104,3.411397159149147,153.1646320559322,0.6694011066819585,-0.947482935863257,0.07370698574424761,829.5358688545912,859.6582682149475,848.5605421348163
experiment_2026_06_13_13_27,SEN_demand_SIN,2026-02-02,Constitution Day,H2,H,shape_pearson_CDE_map_FGH,True,2026-02-02,12,True,True,4,False,2,9,4,euclidian,PCR,standard,3,{},2026-02-01 10:00:00,2026-02-03,353.5831347843552,1.2352774386738663,1137.043001,3.599,,14,24,4,4,4,4,0.06518114746943297,29237.11150198058,28791.351774040766,353.5831347843552,1.2352774386738663,-0.20444869363817367,-59.007027770048715,537.8523417511998,1.8637202878913348,-1.5852693600951742,-446.6283984488294,246.0927640536958,0.8686857766303433,0.6010300284617435,167.10543845924,679.7619739770762,2.3484160053743577,-0.7627700060295491,-178.00780017197576,604.0659064242524,2.1437980903851357,0.06600796965747069,10.410089464402517,631.9539313121348,2.219183638012744,-0.23933128454301036,-59.00702777005264,-446.6283984488294,167.10543845924,hourly_window_mean_factor_top_available_analogs,4,29718.081790460532,,29718.081790460532,0.0,-268.6205982768536,156.69534899483747,3.925187660283164e-12,-268.6205982768536,156.69534899483747,3.925187660283164e-12,178.00780017197576,-10.410089464402517,59.00702777005264,537.8523417511998,1.8637202878913348,679.7619739770762,2.3484160053743577,246.0927640536958,0.8686857766303433,604.0659064242524,2.1437980903851357,631.9539313121348,2.219183638012744,-357.9731423705566,-1.2751123137547924,-0.48469571748302287,-0.9839061993388778,178.00780017197576,10.410089464402517,59.00702777005264
experiment_2026_06_13_13_27,SEN_demand_SIN,2026-03-16,Benito Juarez's Birthday,H2,H,shape_pearson_CDE_map_FGH,True,2026-03-16,12,True,True,4,False,2,9,4,euclidian,PCR,standard,3,{},2026-03-15 10:00:00,2026-03-17,1247.1129828021974,3.729304938062172,1106.631683,3.47,,14,24,4,4,4,4,0.06279975055049491,32197.615928295392,31258.166867783042,1247.1129828021974,3.729304938062172,2.266186687577424,796.8972109151359,1489.1240480911804,4.330028574542082,0.3587076089406232,267.1098101120138,1105.9398613836238,3.3788828167822245,3.3788828167822245,1105.9398613836238,1423.1901802159832,4.038619343557924,1.7659919358362386,729.8425309859649,840.1831710729228,2.5663736252011957,2.5530981536049384,836.012440873817,1054.9752270729978,3.108779942490517,2.263111652321734,796.8972109151347,267.1098101120138,1105.9398613836238,hourly_window_mean_factor_top_available_analogs,4,32140.85911263158,,32140.85911263158,0.0,-462.7327208739511,269.9274205098068,1.2445716971629545e-12,-462.7327208739511,269.9274205098068,1.2445716971629545e-12,-729.8425309859649,-836.012440873817,-796.8972109151347,1489.1240480911804,4.330028574542082,1423.1901802159832,4.038619343557924,1105.9398613836238,3.3788828167822245,840.1831710729228,2.5663736252011957,1054.9752270729978,3.108779942490517,265.75669031070095,0.8125091915810287,0.29140923098415783,0.620524995571655,729.8425309859649,836.012440873817,796.8972109151347
experiment_2026_06_13_13_27,SEN_demand_SIN,2026-04-02,Maundy Thursday,H1,F,shape_pearson_CDE_map_FGH,True,2026-04-02,12,True,True,4,False,2,9,4,euclidian,PCR,standard,3,{},2026-04-01 10:00:00,2026-04-03,1103.876656198185,2.8798549012581285,1167.273927,3.631,,14,24,4,4,4,4,0.0664977655975003,39546.42173639907,38259.22565905253,1103.876656198185,2.8798549012581285,-2.7630462096315638,-1055.6848942938134,1187.9007261360198,2.9564006437840447,-2.9564006437840447,-1187.9007261360198,1054.8626154011147,2.835203218118011,-2.650256123042618,-978.5589923858597,2173.1246949048123,5.492052827448063,-5.492052827448063,-2173.1246949048123,627.1926770354527,1.6985656770635549,-1.1369637590984647,-403.8450106040518,1196.7465783557432,3.096166206152585,-2.7414702579641075,-1055.6848942938057,-1187.9007261360198,-978.5589923858597,hourly_window_mean_factor_top_available_analogs,4,36583.13474743421,,36583.13474743421,0.0,985.2239687687927,-574.7139817818079,-7.658902751772027e-12,985.2239687687927,-574.7139817818079,-7.658902751772027e-12,2173.1246949048127,403.8450106040518,1055.6848942938057,1187.9007261360198,2.9564006437840447,2173.1246949048123,5.492052827448063,1054.8626154011147,2.835203218118011,627.1926770354527,1.6985656770635549,1196.7465783557432,3.096166206152585,427.669938365662,1.1366375410544562,-2.5356521836640185,-0.2163113048944565,2173.1246949048127,403.8450106040518,1055.6848942938057
experiment_2026_06_13_13_27,SEN_demand_SIN,2026-04-03,Good Friday,H2,H,shape_pearson_CDE_map_FGH,True,2026-04-03,12,True,True,4,False,2,9,4,euclidian,PCR,standard,3,{},2026-04-02 10:00:00,2026-04-04,1351.8731139889676,3.9471170952903267,1167.273927,3.631,,14,24,4,4,4,4,0.0663858539528058,36475.231177039874,35541.4427344322,1351.8731139889676,3.9471170952903267,-2.9044212912836387,-966.9417033556629,788.8485938152652,2.080334952283982,0.6516547260109784,217.48863563269384,1680.304084090294,5.036073345377362,-4.978798968038832,-1657.8594010988709,423.9451953185063,1.0740836470741333,-0.5100225086683451,-206.1260255606051,1449.3182367065456,4.370899168311051,-4.272482847063649,-1410.7508487361138,1071.5492214583207,3.1562829236448176,-2.886313248707484,-966.9417033556632,217.48863563269384,-1657.8594010988709,hourly_window_mean_factor_top_available_analogs,4,33474.931358421054,,33474.931358421054,0.0,423.61466119329896,-247.10855236275697,4.786814219857517e-13,423.61466119329896,-247.10855236275697,4.786814219857517e-13,206.12602556060511,1410.750848736114,966.9417033556633,788.8485938152652,2.080334952283982,423.9451953185063,1.0740836470741333,1680.304084090294,5.036073345377362,1449.3182367065456,4.370899168311051,1071.5492214583207,3.1562829236448176,230.98584738374848,0.6651741770663113,1.0062513052098487,0.7908341716455092,206.12602556060511,1410.750848736114,966.9417033556633
experiment_2026_06_13_13_27,SEN_demand_SIN,2026-04-04,Holy Saturday,H3,H,shape_pearson_CDE_map_FGH,True,2026-04-04,12,True,True,9,False,2,9,9,pearson,PLS,minmax,8,{},2026-04-03 10:00:00,2026-04-05,670.3330012251635,1.9834056428067273,1160.984806,3.588,,14,24,4,4,9,4,0.06903884197070245,33859.69372890942,33600.17646266975,670.3330012251635,1.9834056428067273,1.0520818691653084,367.12206056427374,600.9732630433155,1.765387665201499,0.006675989137186906,47.77667182260302,710.792848497908,2.1105827964097768,1.6619019658483793,553.4068706635817,331.3224933714381,0.9831821672094377,-0.027930422991077158,11.72673725124566,679.8437428510525,2.0116679615776185,1.7305200678378483,574.4359991635239,551.4411772532999,1.632752142599868,1.0826698870061389,367.1220605642635,47.77667182260302,553.4068706635817,hourly_window_mean_factor_top_available_analogs,4,32019.044243881577,,32019.044243881577,0.0,36.04993457135736,-21.029128499942242,1.0243782430495087e-11,36.04993457135736,-21.029128499942242,1.0243782430495087e-11,-11.726737251245659,-574.4359991635239,-367.1220605642635,600.9732630433155,1.765387665201499,331.3224933714381,0.9831821672094377,710.792848497908,2.1105827964097768,679.8437428510525,2.0116679615776185,551.4411772532999,1.632752142599868,30.949105646855514,0.09891483483215824,0.7822054979920613,0.35065350020685937,11.726737251245659,574.4359991635239,367.1220605642635
experiment_2026_06_13_13_27,SEN_demand_SIN,2026-05-01,Labor Day,H2,F,shape_pearson_CDE_map_FGH,True,2026-05-01,12,True,True,10,False,2,10,10,pearson,RidgeReg,standard,2,{},2026-04-30 10:00:00,2026-05-02,1064.8298063192394,2.5365939837720206,915.633983,2.878,,14,24,4,4,10,4,0.07156517021454681,42724.23739650331,40262.76035707066,1064.8298063192394,2.5365939837720206,-1.5675496107268518,-646.9216070296264,818.0668634059413,1.7672966898851261,-1.1819730117882297,-542.7694641021424,1208.7748563519965,2.9853507385393754,-1.7924692934410473,-707.6770237373254,326.00492301143197,0.7064879454795706,-0.14644580226468373,-62.32484269057958,1559.512747661666,4.005201190195868,-2.673175758911803,-987.9363862274053,1105.0624964747376,2.7898857842477582,-1.7422752485681272,-646.9216070296274,-542.7694641021424,-707.6770237373254,hourly_window_mean_factor_top_available_analogs,4,38433.848187039475,,38433.848187039475,0.0,-480.44462141156276,280.2593624900798,9.573628439715034e-13,-480.44462141156276,280.2593624900798,9.573628439715034e-13,62.3248426905796,987.9363862274051,646.9216070296274,818.0668634059413,1.7672966898851261,326.00492301143197,0.7064879454795706,1208.7748563519965,2.9853507385393754,1559.512747661666,4.005201190195868,1105.0624964747376,2.7898857842477582,-350.7378913096695,-1.019850451656493,1.0608087444055556,-0.2532918004757376,62.3248426905796,987.9363862274051,646.9216070296274
