experiment_id,unique_id,target_date,holiday_label,holiday_day_type,analog_cluster,cluster_filter_label,filter_by_cluster,train_end,eligible_tuning_dates,target_exists,target_has_complete_profile,selected_analogs,fail,optuna_k_min,optuna_k_max,k,typedist,typereg,scale_method,n_components,regressor_params,forecast_start,forecast_end,mae_window,mape_window_pct,tuning_best_mean_mae,tuning_best_mean_mape_pct,error,bias_head_hours,bias_tail_hours,hourly_factor_analog_count,hourly_factor_requested_analogs,hourly_factor_available_neighbors,hourly_factor_selected_analogs,hourly_factor_mean_abs,forecast_window_mean_38,forecast_daily_mean_24,mae_38,mape_38_pct,mpe_38_pct,bias_38,mae_14,mape_14_pct,mpe_14_pct,bias_14,mae_24,mape_24_pct,mpe_24_pct,bias_24,mae_14_bias_adjusted,mape_14_bias_adjusted_pct,mpe_14_bias_adjusted_pct,bias_14_bias_adjusted,mae_24_bias_adjusted,mape_24_bias_adjusted_pct,mpe_24_bias_adjusted_pct,bias_24_bias_adjusted,mae_38_bias_adjusted,mape_38_bias_adjusted_pct,mpe_38_bias_adjusted_pct,bias_38_bias_adjusted,head_bias_mean,tail_bias_mean,bias_model_method,bias_train_samples,bias_train_window_mean,bias_train_head_tail_corr,bias_model_intercept,bias_model_slope,predicted_head_bias_mean,predicted_tail_bias_mean,predicted_full_bias_mean,predicted_bias_14,predicted_bias_24,predicted_bias_38,bias_14_prediction_error,bias_24_prediction_error,bias_38_prediction_error,mae_head14,mape_head14_pct,mae_head14_bias_adjusted,mape_head14_bias_adjusted_pct,mae_holiday24_raw,mape_holiday24_raw_pct,mae_holiday24_bias_adjusted,mape_holiday24_bias_adjusted_pct,mae_window_bias_adjusted,mape_window_bias_adjusted_pct,mae_holiday24_improvement,mape_holiday24_improvement_pct,mape_head14_improvement_pct,mape_window_improvement_pct,bias_14_prediction_abs_error,bias_24_prediction_abs_error,bias_38_prediction_abs_error
experiment_2026_06_15_11_12,SEN_demand_CEL,2023-02-06,Constitution Day,H2,H,observance_tier,True,2023-02-06,12,True,True,2,False,2,2,2,euclidian,LassoReg,,2,{},2023-02-05 10:00:00,2023-02-07,160.10935980912166,2.838439013014566,195.568447,3.378,,14,24,2,4,2,2,0.08667502286693488,5938.336968613807,5831.760506923344,160.10935980912166,2.838439013014566,-2.6605119516130626,-147.68054045591228,248.39006365459903,4.290338839072763,-4.290338839072763,-248.39006365459903,108.61228256592653,1.99149744781395,-1.7097796005949029,-88.93331859001167,266.06894101733286,4.577631471453764,-4.577631471453764,-266.06894101733286,106.3952365733018,1.9576284308976704,-1.5531724201746402,-78.62064012841643,165.22239084215536,2.9228927089972845,-2.667446807488002,-147.68054045591197,-248.39006365459903,-88.93331859001167,hourly_window_mean_factor_top_available_analogs,2,5976.890197236842,,5976.890197236842,0.0,17.67887736273386,-10.312678461595246,-3.111429242907386e-13,17.67887736273386,-10.312678461595246,-3.111429242907386e-13,266.0689410173329,78.62064012841643,147.68054045591197,248.39006365459903,4.290338839072763,266.06894101733286,4.577631471453764,108.61228256592653,1.99149744781395,106.3952365733018,1.9576284308976704,165.22239084215536,2.9228927089972845,2.2170459926247332,0.03386901691627964,-0.28729263238100167,-0.08445369598271846,266.0689410173329,78.62064012841643,147.68054045591197
experiment_2026_06_15_11_12,SEN_demand_CEL,2023-03-20,Benito Juarez's Birthday,H2,H,observance_tier,True,2023-03-20,12,True,True,2,False,2,2,2,euclidian,LassoReg,,2,{},2023-03-19 10:00:00,2023-03-21,72.22262111025145,1.2117939708816465,197.898206,3.434,,14,24,2,4,2,2,0.08667502286693488,6005.058003951827,5888.0846940324145,72.22262111025145,1.2117939708816465,-0.31904233567424317,-18.567549741302198,61.726666155234206,0.9922770858494859,0.42259659949594663,24.95128475774605,78.34526150067818,1.3398454871504069,-0.751665047856854,-43.95353653241367,76.4236481061441,1.2205793989538487,0.4037419711243494,22.844162064310044,110.32552707745769,1.8501787365858784,-0.5863918230788653,-42.724381627907256,97.83536114065794,1.6182210858793415,-0.2216056883724178,-18.56754974130088,24.95128475774605,-43.95353653241367,hourly_window_mean_factor_top_available_analogs,2,5976.890197236842,,5976.890197236842,0.0,2.107122693436005,-1.2291549045064205,-1.3163739104608172e-12,2.107122693436005,-1.2291549045064205,-1.3163739104608172e-12,-22.844162064310044,42.72438162790725,18.56754974130088,61.726666155234206,0.9922770858494859,76.4236481061441,1.2205793989538487,78.34526150067818,1.3398454871504069,110.32552707745769,1.8501787365858784,97.83536114065794,1.6182210858793415,-31.980265576779516,-0.5103332494354715,-0.22830231310436278,-0.406427114997695,22.844162064310044,42.72438162790725,18.56754974130088
experiment_2026_06_15_11_12,SEN_demand_CEL,2023-04-06,Maundy Thursday,H1,G,observance_tier,True,2023-04-06,12,True,True,2,False,2,2,2,euclidian,LassoReg,,2,{},2023-04-05 10:00:00,2023-04-07,266.2104417090348,3.9540644114645223,178.480869,3.147,,14,24,2,4,2,2,0.09836338724641298,6500.656713706925,6037.133575695882,266.2104417090348,3.9540644114645223,3.2135913282541657,214.45032787202334,109.41645413272356,1.502163776505882,0.022256400246071038,2.167328988434162,357.67360112854976,5.3843397818570615,5.075203369592221,338.2820772207837,113.12440465038883,1.55159859067656,-0.1757279413912734,-12.344532793286492,365.25634083610925,5.514517173036386,5.225401108895558,346.74732992678577,272.365627504528,4.054494537430133,3.235511458789883,214.45032787202229,2.167328988434162,338.2820772207837,hourly_window_mean_factor_top_available_analogs,2,6366.0074573684215,,6366.0074573684215,0.0,14.511861781720654,-8.465252706002047,1.0530991283686538e-12,14.511861781720654,-8.465252706002047,1.0530991283686538e-12,12.344532793286492,-346.74732992678577,-214.45032787202229,109.41645413272356,1.502163776505882,113.12440465038883,1.55159859067656,357.67360112854976,5.3843397818570615,365.25634083610925,5.514517173036386,272.365627504528,4.054494537430133,-7.582739707559483,-0.13017739117932425,-0.049434814170677965,-0.10043012596561107,12.344532793286492,346.74732992678577,214.45032787202229
experiment_2026_06_15_11_12,SEN_demand_CEL,2023-04-07,Good Friday,H2,G,observance_tier,True,2023-04-07,12,True,True,2,False,2,2,2,euclidian,LassoReg,,2,{},2023-04-06 10:00:00,2023-04-08,275.09229100528336,4.504767141525106,177.149844,3.069,,14,24,2,4,2,2,0.09836338724641298,6353.41529305231,5905.533062966736,275.09229100528336,4.504767141525106,-3.6507479493323833,-221.7459717365207,322.4499360561522,4.785579447047362,-4.785579447047362,-322.4499360561522,247.4669980589433,4.340959963303791,-2.988762908998647,-163.001992550069,345.44795547210543,5.121277332484645,-5.121277332484645,-345.44795547210543,240.08154994325614,4.192136555272513,-2.740440271117141,-149.58648122409537,278.9007519802006,4.534451578455929,-3.617590767410433,-221.7459717365201,-322.4499360561522,-163.001992550069,hourly_window_mean_factor_top_available_analogs,2,6366.0074573684215,,6366.0074573684215,0.0,22.998019415953227,-13.415511325973625,-5.74417706382902e-13,22.998019415953227,-13.415511325973625,-5.74417706382902e-13,345.44795547210543,149.58648122409537,221.74597173652012,322.4499360561522,4.785579447047362,345.44795547210543,5.121277332484645,247.4669980589433,4.340959963303791,240.08154994325614,4.192136555272513,278.9007519802006,4.534451578455929,7.385448115687154,0.14882340803127825,-0.3356978854372832,-0.029684436930823566,345.44795547210543,149.58648122409537,221.74597173652012
experiment_2026_06_15_11_12,SEN_demand_CEL,2023-04-08,Holy Saturday,H3,G,observance_tier,True,2023-04-08,12,True,True,2,False,2,2,2,pearson,LassoReg,,2,{},2023-04-07 10:00:00,2023-04-09,154.01435540647608,2.777850365748639,176.815563,3.035,,14,24,2,4,2,2,0.07224992231259314,5909.01942020976,5841.139618608409,154.01435540647608,2.777850365748639,-1.957289611261143,-103.92877547291853,78.59583203780969,1.2947165479537666,0.32460584845540047,20.174955616494703,198.00849403819817,3.643011759462315,-3.288395296095793,-176.32261860840958,99.64052815051966,1.6275906864599388,0.150374163886579,8.19890698978874,183.7318894236662,3.2836661119129125,-3.0484141498736377,-169.33659024282983,152.75086158619115,2.6735330604302376,-1.8699131921725047,-103.92877547291772,20.174955616494703,-176.32261860840958,hourly_window_mean_factor_top_available_analogs,2,5613.952958289473,,5613.952958289473,0.0,11.97604862670596,-6.986028365579766,-8.137584173757779e-13,11.97604862670596,-6.986028365579766,-8.137584173757779e-13,-8.198906989788743,169.33659024282983,103.92877547291772,78.59583203780969,1.2947165479537666,99.64052815051966,1.6275906864599388,198.00849403819817,3.643011759462315,183.7318894236662,3.2836661119129125,152.75086158619115,2.6735330604302376,14.276604614531976,0.35934564754940235,-0.3328741385061722,0.10431730531840122,8.198906989788743,169.33659024282983,103.92877547291772
experiment_2026_06_15_11_12,SEN_demand_CEL,2023-05-01,Labor Day,H2,F,observance_tier,True,2023-05-01,12,True,True,3,False,2,3,3,euclidian,LassoReg,,2,{},2023-04-30 10:00:00,2023-05-02,220.501781806515,3.6277791774132035,164.794605,2.842,,14,24,3,4,3,3,0.08919878514616067,6174.271190755343,6064.160518648238,220.501781806515,3.6277791774132035,-2.9490277783517653,-183.15129812376404,163.7373294337569,2.57196699508122,-2.0044683553070257,-128.9791772246635,253.61437902395718,4.2436696171068595,-3.500020775127863,-214.75170198157267,404.1276150877375,6.545190010374788,-6.545190010374788,-404.1276150877375,124.29269519091554,2.155914512637504,-0.844392296176621,-54.24844656144637,227.38977094237634,3.773016011803872,-2.944686190881208,-183.15129812376418,-128.9791772246635,-214.75170198157267,hourly_window_mean_factor_top_available_analogs,3,5950.537823245614,,5950.537823245614,0.0,275.14843786307404,-160.5032554201263,1.436044265957255e-13,275.14843786307404,-160.5032554201263,1.436044265957255e-13,404.1276150877375,54.24844656144637,183.15129812376418,163.7373294337569,2.57196699508122,404.1276150877375,6.545190010374788,253.61437902395718,4.2436696171068595,124.29269519091554,2.155914512637504,227.38977094237634,3.773016011803872,129.32168383304165,2.0877551044693554,-3.973223015293568,-0.14523683439066826,404.1276150877375,54.24844656144637,183.15129812376418
experiment_2026_06_15_11_12,SEN_demand_CEL,2023-09-16,Independence Day,H2,H,observance_tier,True,2023-09-16,12,True,True,2,False,2,3,2,pearson,PCR,,2,{},2023-09-15 10:00:00,2023-09-17,229.24745374479187,3.621591264143927,172.169029,2.965,,14,24,2,4,2,2,0.14003137461378623,6000.326629284985,5566.604133499265,229.24745374479187,3.621591264143927,2.1267729372969395,137.56259808343694,345.7013045011176,4.900331137660352,3.6122522407158177,263.48972793949724,161.3160408036019,2.875659671259347,1.2602433436359273,64.10510566740174,322.6566343258974,4.608022704808986,1.3525457672303176,104.12332390157677,276.02854573344183,4.996079569682409,3.1189731330145363,157.06884135618733,293.2073152148728,4.853111251044832,2.468184103515087,137.56259808343606,263.48972793949724,64.10510566740174,hourly_window_mean_factor_top_available_analogs,2,5305.477273552631,,5305.477273552631,0.0,159.3664040379205,-92.96373568878558,8.61626559574353e-13,159.3664040379205,-92.96373568878558,8.61626559574353e-13,-104.12332390157675,-157.0688413561873,-137.5625980834361,345.7013045011176,4.900331137660352,322.6566343258974,4.608022704808986,161.3160408036019,2.875659671259347,276.02854573344183,4.996079569682409,293.2073152148728,4.853111251044832,-114.71250492983992,-2.1204198984230618,0.29230843285136565,-1.231519986900905,104.12332390157675,157.0688413561873,137.5625980834361
experiment_2026_06_15_11_12,SEN_demand_CEL,2023-11-20,Mexican Revolution Day,H2,F,observance_tier,True,2023-11-20,12,True,True,4,False,2,4,4,pearson,RidgeReg,standard,2,{},2023-11-19 10:00:00,2023-11-21,136.41073963599115,2.3050861086581107,172.850577,2.974,,14,24,4,4,4,4,0.08463047681692223,5909.949111570694,5791.268814408675,136.41073963599115,2.3050861086581107,2.2897842434939752,135.64065158720146,148.9997090087039,2.3902587710420167,2.3902587710420167,148.9997090087039,129.06717416857535,2.255402055600832,2.231174102424285,127.84786809132504,127.64452942532989,2.068793743989246,-0.7945411806023949,-40.495954144419684,238.38700493064576,3.858314677759296,3.858314677759296,238.38700493064576,197.58714553395043,3.1990174916334886,2.144104624678673,135.6406515872006,148.9997090087039,127.84786809132504,hourly_window_mean_factor_top_available_analogs,4,5960.683340592105,,5960.683340592105,0.0,189.4956631531236,-110.53913683932073,8.61626559574353e-13,189.4956631531236,-110.53913683932073,8.61626559574353e-13,40.4959541444197,-238.3870049306458,-135.6406515872006,148.9997090087039,2.3902587710420167,127.64452942532989,2.068793743989246,129.06717416857535,2.255402055600832,238.38700493064576,3.858314677759296,197.58714553395043,3.1990174916334886,-109.31983076207041,-1.6029126221584638,0.3214650270527706,-0.8939313829753779,40.4959541444197,238.3870049306458,135.6406515872006
experiment_2026_06_15_11_12,SEN_demand_CEL,2023-12-24,Christmas Eve,H1,G,observance_tier,True,2023-12-24,12,True,True,4,False,2,4,4,pearson,RidgeReg,standard,2,{},2023-12-23 10:00:00,2023-12-25,310.71820011534805,5.430348413709896,176.961537,3.048,,14,24,4,4,4,4,0.09301520925986166,6150.334778273243,5780.3605569325555,310.71820011534805,5.430348413709896,-5.430348413709896,-310.71820011534805,305.5564170001348,4.770755422851325,-4.770755422851325,-305.5564170001348,313.7292402658891,5.815110991710728,-5.815110991710728,-313.7292402658891,385.22286986878714,5.999062919460973,-5.999062919460973,-385.22286986878714,267.33226841479626,4.958272476113069,-4.956996347685927,-267.25714275917494,310.7656478978455,5.341721586820191,-5.340915610971471,-310.71820011534777,-305.5564170001348,-313.7292402658891,hourly_window_mean_factor_top_available_analogs,4,6239.564695789473,,6239.564695789473,0.0,79.66645286865234,-46.472097506714135,-1.6753849769501309e-13,79.66645286865234,-46.472097506714135,-1.6753849769501309e-13,385.22286986878714,267.25714275917494,310.7182001153479,305.5564170001348,4.770755422851325,385.22286986878714,5.999062919460973,313.7292402658891,5.815110991710728,267.33226841479626,4.958272476113069,310.7656478978455,5.341721586820191,46.396971851092815,0.8568385155976594,-1.2283074966096477,0.0886268268897048,385.22286986878714,267.25714275917494,310.7182001153479
experiment_2026_06_15_11_12,SEN_demand_CEL,2023-12-25,Christmas Day,H2,H,observance_tier,True,2023-12-25,12,True,True,4,False,2,4,4,pearson,RidgeReg,standard,2,{},2023-12-24 10:00:00,2023-12-26,681.3488732866442,14.111563463785307,171.214016,2.87,,14,24,4,4,4,4,0.09581701851973737,5829.2810505415655,5790.071903750036,681.3488732866442,14.111563463785307,-13.815509346708115,-664.4229094889332,233.17246820654444,4.077038798703671,-3.2734633380655813,-187.23056646990023,942.7851095833693,19.965036185082926,-19.965036185082926,-942.7851095833693,254.90214206241814,4.449751745430635,-3.750124261540365,-213.98894369190566,927.1760562038671,19.437688568301642,-19.437688568301642,-927.1760562038671,679.4961930991227,13.915817107243903,-13.658059613179065,-664.4229094889339,-187.23056646990023,-942.7851095833693,hourly_window_mean_factor_top_available_analogs,4,5738.211519605264,,5738.211519605264,0.0,26.75837722200543,-15.609053379501992,7.419562040779151e-13,26.75837722200543,-15.609053379501992,7.419562040779151e-13,213.98894369190566,927.1760562038672,664.422909488934,233.17246820654444,4.077038798703671,254.90214206241814,4.449751745430635,942.7851095833693,19.965036185082926,927.1760562038671,19.437688568301642,679.4961930991227,13.915817107243903,15.609053379502143,0.5273476167812845,-0.3727129467269634,0.19574635654140415,213.98894369190566,927.1760562038672,664.422909488934
experiment_2026_06_15_11_12,SEN_demand_CEL,2023-12-31,New Year's Eve,H1,G,observance_tier,True,2023-12-31,12,True,True,4,False,2,4,4,pearson,RidgeReg,standard,2,{},2023-12-30 10:00:00,2024-01-01,103.78302126072654,1.827014479871756,256.899564,4.483,,14,24,4,4,4,4,0.09115662026348924,5716.089334396896,5350.852825599412,103.78302126072654,1.827014479871756,-1.1303992173699122,-63.28275097584329,123.12291774310818,2.0386059753347667,-1.951383500698476,-117.34027947829625,92.50141497933726,1.7035861075183323,-0.6514917187615837,-31.74919268274573,148.77321820602356,2.467910325588239,-2.171616645489697,-128.84134427693348,113.42544166851549,2.1008691958173427,-0.5646083360192479,-25.04023821687493,126.44830670865004,2.23609487520662,-1.156664028982045,-63.28275097584387,-117.34027947829625,-31.74919268274573,hourly_window_mean_factor_top_available_analogs,4,6093.141052236842,,6093.141052236842,0.0,11.501064798637215,-6.708954465870799,5.74417706382902e-13,11.501064798637215,-6.708954465870799,5.74417706382902e-13,128.84134427693346,25.04023821687493,63.28275097584387,123.12291774310818,2.0386059753347667,148.77321820602356,2.467910325588239,92.50141497933726,1.7035861075183323,113.42544166851549,2.1008691958173427,126.44830670865004,2.23609487520662,-20.924026689178234,-0.3972830882990104,-0.42930435025347213,-0.40908039533486407,128.84134427693346,25.04023821687493,63.28275097584387
experiment_2026_06_15_11_12,SEN_demand_CEL,2024-01-01,New Year's Day,H3,H,observance_tier,True,2024-01-01,12,True,True,4,False,2,4,4,pearson,RidgeReg,standard,2,{},2023-12-31 10:00:00,2024-01-02,149.64539618148208,3.20450039684793,253.082164,4.415,,14,24,4,4,4,4,0.08921140200683604,5163.433075322384,4911.339988596813,149.64539618148208,3.20450039684793,-2.495314559045974,-111.02033979606901,87.05444002590535,1.546449332285423,-0.5059364715738515,-23.913121851936857,186.1567872722352,4.171696851176059,-3.655785110071379,-161.83288359681276,136.77728262443847,2.3783226101736465,1.7074430661505027,99.78865570865835,271.7422729771672,6.190452828011968,-5.395689644322002,-233.992253840492,222.01832916300407,4.785983800387324,-2.7787460141479214,-111.02033979606817,-23.913121851936857,-161.83288359681276,hourly_window_mean_factor_top_available_analogs,4,5772.400530723684,,5772.400530723684,0.0,-123.70177756059522,72.15937024367922,-8.376924884750655e-13,-123.70177756059522,72.15937024367922,-8.376924884750655e-13,-99.78865570865835,233.99225384049197,111.02033979606817,87.05444002590535,1.546449332285423,136.77728262443847,2.3783226101736465,186.1567872722352,4.171696851176059,271.7422729771672,6.190452828011968,222.01832916300407,4.785983800387324,-85.58548570493201,-2.0187559768359087,-0.8318732778882236,-1.5814834035393943,99.78865570865835,233.99225384049197,111.02033979606817
experiment_2026_06_15_11_12,SEN_demand_CEL,2024-02-05,Constitution Day,H2,H,observance_tier,True,2024-02-05,12,True,True,4,False,2,4,4,pearson,RidgeReg,standard,2,{},2024-02-04 10:00:00,2024-02-06,252.17751385589892,4.115150614295367,259.23927,4.61,,14,24,4,4,4,4,0.08921140200683604,5689.062952867798,5496.884357383726,252.17751385589892,4.115150614295367,4.003508414049848,246.11115081641296,183.4579833516769,2.831689532094988,2.681258143362661,174.46739773093668,292.26390665002845,4.863836245578924,4.774821071950708,287.903340116274,164.05806945425508,2.585894430534971,2.585894430534971,164.05806945425508,293.9754482776705,5.0810979018385085,5.0810979018385085,293.9754482776705,246.11115081641225,4.161812412410889,4.161812412410889,246.11115081641225,174.46739773093668,287.903340116274,hourly_window_mean_factor_top_available_analogs,4,5772.400530723684,,5772.400530723684,0.0,10.409328276681597,-6.0721081613965,6.9408806187934e-13,10.409328276681597,-6.0721081613965,6.9408806187934e-13,-164.05806945425508,-293.9754482776705,-246.11115081641228,183.4579833516769,2.831689532094988,164.05806945425508,2.585894430534971,292.26390665002845,4.863836245578924,293.9754482776705,5.0810979018385085,246.11115081641225,4.161812412410889,-1.7115416276420774,-0.21726165625958416,0.24579510156001705,-0.04666179811552151,164.05806945425508,293.9754482776705,246.11115081641228
experiment_2026_06_15_11_12,SEN_demand_CEL,2024-03-18,Benito Juarez's Birthday,H2,H,observance_tier,True,2024-03-18,12,True,True,4,False,2,4,4,pearson,RidgeReg,standard,2,{},2024-03-17 10:00:00,2024-03-19,102.05301741766061,1.7225391166276756,271.690235,4.807,,14,24,4,4,4,4,0.08295685448402271,6193.024739749711,6051.222060299212,102.05301741766061,1.7225391166276756,-0.6892332302123688,-33.994009223394904,64.45836847933671,1.0000422120107533,-0.74692406251491,-48.69896166485186,123.98322929834956,2.143995644320881,-0.655580244702553,-25.416120299211684,80.06163471230813,1.2194940164422161,-1.1378521620836861,-75.03587860672464,83.63278879290836,1.4046131147848493,-0.26424402732782376,-10.052918749787295,82.31710044742407,1.3364113417112475,-0.5860996559220887,-33.99400922339579,-48.69896166485186,-25.416120299211684,hourly_window_mean_factor_top_available_analogs,4,6038.256942302632,,6038.256942302632,0.0,26.336916941872783,-15.363201549424389,8.855606306736407e-13,26.336916941872783,-15.363201549424389,8.855606306736407e-13,75.03587860672464,10.052918749787295,33.99400922339579,64.45836847933671,1.0000422120107533,80.06163471230813,1.2194940164422161,123.98322929834956,2.143995644320881,83.63278879290836,1.4046131147848493,82.31710044742407,1.3364113417112475,40.3504405054412,0.7393825295360317,-0.21945180443146284,0.386127774916428,75.03587860672464,10.052918749787295,33.99400922339579
experiment_2026_06_15_11_12,SEN_demand_CEL,2024-03-28,Maundy Thursday,H1,G,observance_tier,True,2024-03-28,12,True,True,4,False,2,4,4,pearson,RidgeReg,standard,2,{},2024-03-27 10:00:00,2024-03-29,91.7759599355813,1.3754134926103248,271.921667,4.802,,14,24,4,4,4,4,0.0903582762142587,6512.820274861115,6141.335630814977,91.7759599355813,1.3754134926103248,1.1797327187686328,78.80915908625401,100.26635048220494,1.369975340086157,1.0845806152087882,80.28376891693298,86.8232321167175,1.3785857482494226,1.235238112511876,77.94897001835795,115.60819462210553,1.6062407007741104,-0.3707085628559364,-24.57137653148441,155.84680538652458,2.3904480904208505,2.115628570093446,139.1144715299345,141.02205405226493,2.101529578445736,1.1996096263752523,78.80915908625384,80.28376891693298,77.94897001835795,hourly_window_mean_factor_top_available_analogs,4,6311.956024605264,,6311.956024605264,0.0,104.85514544841739,-61.165501511576544,1.6753849769501309e-13,104.85514544841739,-61.165501511576544,1.6753849769501309e-13,24.571376531484404,-139.1144715299345,-78.80915908625384,100.26635048220494,1.369975340086157,115.60819462210553,1.6062407007741104,86.8232321167175,1.3785857482494226,155.84680538652458,2.3904480904208505,141.02205405226493,2.101529578445736,-69.02357326980707,-1.011862342171428,-0.23626536068795345,-0.7261160858354112,24.571376531484404,139.1144715299345,78.80915908625384
experiment_2026_06_15_11_12,SEN_demand_CEL,2024-03-29,Good Friday,H2,G,observance_tier,True,2024-03-29,12,True,True,4,False,2,4,4,pearson,RidgeReg,standard,2,{},2024-03-28 10:00:00,2024-03-30,82.46469571773396,1.40135538748347,265.063356,4.67,,14,24,4,4,4,4,0.0915717322807414,5963.157993104079,5561.805119032357,82.46469571773396,1.40135538748347,0.742938340005227,42.3390142643429,43.977646176684694,0.6739067198343227,-0.30362938527377537,-19.58173865560015,104.91547461667938,1.8257004436121391,1.353436179751312,78.45945346764302,78.04784320033923,1.1884966084607715,0.19922009837560153,13.462343896813634,93.93817062153637,1.6110609829739364,0.9790453524253654,59.18373864540073,88.08383946635848,1.4553793713111913,0.6917413114596628,42.339014264342325,-19.58173865560015,78.45945346764302,hourly_window_mean_factor_top_available_analogs,4,5856.19865625,,5856.19865625,0.0,-33.044082552413784,19.275714822242282,5.74417706382902e-13,-33.044082552413784,19.275714822242282,5.74417706382902e-13,-13.462343896813632,-59.18373864540074,-42.339014264342325,43.977646176684694,0.6739067198343227,78.04784320033923,1.1884966084607715,104.91547461667938,1.8257004436121391,93.93817062153637,1.6110609829739364,88.08383946635848,1.4553793713111913,10.977303995143004,0.21463946063820272,-0.5145898886264488,-0.05402398382772122,13.462343896813632,59.18373864540074,42.339014264342325
experiment_2026_06_15_11_12,SEN_demand_CEL,2024-03-30,Holy Saturday,H3,G,observance_tier,True,2024-03-30,12,True,True,4,False,2,5,4,pearson,LassoReg,,2,{},2024-03-29 10:00:00,2024-03-31,104.93310824189071,1.853626350877477,248.196286,4.393,,14,24,4,4,4,4,0.0747491599575715,5780.795586227087,5621.625215137158,104.93310824189071,1.853626350877477,0.026677558275918216,0.5931361413338556,141.86914062198971,2.461016470265631,-2.1139860669296553,-120.37774523839524,83.38708935349962,1.499315447901053,1.2753980063125026,71.1594836128425,165.21590888704947,2.8540954049539606,-2.6174659998847427,-150.56158449690722,96.88993686166918,1.666754947876728,1.49988844609193,88.76672318030744,122.06266339733561,2.1041961689051822,-0.017031612952107207,0.5931361413336163,-120.37774523839524,71.1594836128425,hourly_window_mean_factor_top_available_analogs,4,5726.4868915789475,,5726.4868915789475,0.0,30.183839258511984,-17.607239567464944,2.3934071099287584e-13,30.183839258511984,-17.607239567464944,2.3934071099287584e-13,150.56158449690722,-88.76672318030744,-0.5931361413336163,141.86914062198971,2.461016470265631,165.21590888704947,2.8540954049539606,83.38708935349962,1.499315447901053,96.88993686166918,1.666754947876728,122.06266339733561,2.1041961689051822,-13.502847508169566,-0.16743949997567498,-0.39307893468832944,-0.25056981802770517,150.56158449690722,88.76672318030744,0.5931361413336163
experiment_2026_06_15_11_12,SEN_demand_CEL,2024-05-01,Labor Day,H2,F,observance_tier,True,2024-05-01,12,True,True,4,False,2,6,4,pearson,LassoReg,,2,{},2024-04-30 10:00:00,2024-05-02,545.6566708657797,8.22597951693535,239.873198,4.268,,14,24,4,4,4,4,0.09068756487562486,6376.86609198952,5636.271063553395,545.6566708657797,8.22597951693535,7.514500267206055,491.66560011574285,194.87453129865102,2.5178963639540006,0.5867384004030552,48.327339262836695,750.2795856132715,11.555694689507808,11.555694689507808,750.2795856132715,747.3583745792209,9.713795734586425,9.713795734586425,747.3583745792209,342.51148167871423,5.340870928665299,5.340870928665299,342.51148167871423,491.66560011574296,6.951948488741502,6.951948488741502,491.66560011574296,48.327339262836695,750.2795856132715,hourly_window_mean_factor_top_available_analogs,4,6082.099276842106,,6082.099276842106,0.0,-699.0310353163843,407.76810393455725,-1.9147256879430067e-13,-699.0310353163843,407.76810393455725,-1.9147256879430067e-13,-747.358374579221,-342.51148167871423,-491.665600115743,194.87453129865102,2.5178963639540006,747.3583745792209,9.713795734586425,750.2795856132715,11.555694689507808,342.51148167871423,5.340870928665299,491.66560011574296,6.951948488741502,407.76810393455725,6.214823760842509,-7.195899370632424,1.274031028193848,747.358374579221,342.51148167871423,491.665600115743
experiment_2026_06_15_11_12,SEN_demand_CEL,2024-09-16,Independence Day,H2,H,observance_tier,True,2024-09-16,12,True,True,2,False,2,6,2,pearson,LassoReg,,2,{},2024-09-15 10:00:00,2024-09-17,342.12139371100824,5.951948255864155,256.811918,4.427,,14,24,2,4,2,2,0.09096791233553252,6044.29632817825,5957.204005005743,342.12139371100824,5.951948255864155,-3.8060917831019654,-207.2064584414094,257.66655984049845,4.067282826147717,1.5520177595519726,97.21309638316337,391.38671346880557,7.051336423198745,-6.93165568298343,-384.7845320890769,284.0062888222017,4.48153313799318,1.3197439128135662,81.41448652022551,396.57675061036554,7.006905684105874,-6.607815131113682,-375.56867633569453,355.1034225831474,6.076505272380144,-3.687135483351013,-207.20645844140816,97.21309638316337,-384.7845320890769,hourly_window_mean_factor_top_available_analogs,2,6009.470107763158,,6009.470107763158,0.0,15.79860986293787,-9.215855753382394,-1.2445716971629545e-12,15.79860986293787,-9.215855753382394,-1.2445716971629545e-12,-81.41448652022551,375.5686763356945,207.20645844140816,257.66655984049845,4.067282826147717,284.0062888222017,4.48153313799318,391.38671346880557,7.051336423198745,396.57675061036554,7.006905684105874,355.1034225831474,6.076505272380144,-5.190037141559969,0.04443073909287154,-0.41425031184546324,-0.12455701651598883,81.41448652022551,375.5686763356945,207.20645844140816
experiment_2026_06_15_11_12,SEN_demand_CEL,2024-11-18,Mexican Revolution Day,H2,F,observance_tier,True,2024-11-18,12,True,True,4,False,2,6,4,euclidian,PCR,standard,4,{},2024-11-17 10:00:00,2024-11-19,83.42452701021519,1.3657033154251523,210.773751,3.497,,14,24,4,4,4,4,0.08302892060748843,6032.143266292092,5894.9547165232625,83.42452701021519,1.3657033154251523,-0.07139753184319367,-0.32149944998687524,68.81722352834446,1.1112426633760513,-0.853760840795311,-53.11574803865694,91.94545404130645,1.5141386957871277,0.3849810650455414,30.47514556007066,68.77684205780633,1.0990581281616896,-0.8933669205962127,-56.30681889896804,80.77411483943168,1.3142741927641772,0.4698255084102932,32.33660356191854,76.35406697251707,1.2349840637001028,-0.032403281223682655,-0.3214994499870428,-53.11574803865694,30.47514556007066,hourly_window_mean_factor_top_available_analogs,4,6038.019440328947,,6038.019440328947,0.0,3.1910708603110964,-1.8614580018478744,1.6753849769501309e-13,3.1910708603110964,-1.8614580018478744,1.6753849769501309e-13,56.30681889896803,-32.33660356191854,0.3214994499870428,68.81722352834446,1.1112426633760513,68.77684205780633,1.0990581281616896,91.94545404130645,1.5141386957871277,80.77411483943168,1.3142741927641772,76.35406697251707,1.2349840637001028,11.171339201874773,0.19986450302295045,0.012184535214361691,0.1307192517250495,56.30681889896803,32.33660356191854,0.3214994499870428
experiment_2026_06_15_11_12,SEN_demand_CEL,2024-12-24,Christmas Eve,H1,G,observance_tier,True,2024-12-24,12,True,True,4,False,2,6,4,euclidian,PCR,standard,4,{},2024-12-23 10:00:00,2024-12-25,250.6478738018559,4.090085354036507,170.887278,2.846,,14,24,4,4,4,4,0.08047037222492394,6191.283435504526,5946.7940648870035,250.6478738018559,4.090085354036507,0.1586352457903498,19.62355239021202,234.189542008297,3.442830155979558,3.442830155979558,234.189542008297,260.2485673480985,4.467650886236394,-1.7571451184866884,-105.53994155367089,204.10257773426534,3.0202497337776486,2.919917548799124,197.0645799879306,232.119492457182,3.975461135030572,-1.4012810615523297,-83.88371370845907,221.79747124347585,3.6235411450952846,0.19073947910346942,19.623552390210822,234.189542008297,-105.53994155367089,hourly_window_mean_factor_top_available_analogs,4,5844.251462434211,,5844.251462434211,0.0,37.124962020366375,-21.656227845211827,1.1967035549643793e-12,37.124962020366375,-21.656227845211827,1.1967035549643793e-12,-197.0645799879306,83.88371370845906,-19.623552390210822,234.189542008297,3.442830155979558,204.10257773426534,3.0202497337776486,260.2485673480985,4.467650886236394,232.119492457182,3.975461135030572,221.79747124347585,3.6235411450952846,28.129074890916513,0.4921897512058222,0.4225804222019094,0.4665442089412224,197.0645799879306,83.88371370845906,19.623552390210822
experiment_2026_06_15_11_12,SEN_demand_CEL,2024-12-25,Christmas Day,H2,H,observance_tier,True,2024-12-25,12,True,True,4,False,2,6,4,euclidian,PCR,standard,4,{},2024-12-24 10:00:00,2024-12-26,206.0281263182677,3.827758723697166,168.743145,2.768,,14,24,4,4,4,4,0.11446759331652376,5256.540395647789,4720.2001246091595,206.0281263182677,3.827758723697166,1.3880762007235212,71.56035698378858,165.45183692384157,2.7134022163696536,-1.375996011990417,-77.2688481425862,229.69762846501627,4.477800019638216,3.000451658139985,158.3773933075072,280.7371797462774,4.5364350031787,3.5178082772165054,222.96157110231076,111.83553549520842,2.2417654049227167,-0.6277243886159447,-16.757017918681242,174.0624570613917,3.087169993753868,0.8995771198486419,71.5603569837895,-77.2688481425862,158.3773933075072,hourly_window_mean_factor_top_available_analogs,4,5592.621331907894,,5592.621331907894,0.0,-300.23041924489695,175.13441122618846,-9.21461737322572e-13,-300.23041924489695,175.13441122618846,-9.21461737322572e-13,-222.96157110231076,16.75701791868127,-71.5603569837895,165.45183692384157,2.7134022163696536,280.7371797462774,4.5364350031787,229.69762846501627,4.477800019638216,111.83553549520842,2.2417654049227167,174.0624570613917,3.087169993753868,117.86209296980785,2.236034614715499,-1.8230327868090463,0.740588729943298,222.96157110231076,16.75701791868127,71.5603569837895
experiment_2026_06_15_11_12,SEN_demand_CEL,2024-12-31,New Year's Eve,H2,G,observance_tier,True,2024-12-31,12,True,True,4,False,2,6,4,euclidian,PCR,standard,4,{},2024-12-30 10:00:00,2025-01-01,116.83741085397546,1.9798562392303056,194.952138,3.204,,14,24,4,4,4,4,0.08008641720526857,5972.346716589437,5678.633780759575,116.83741085397546,1.9798562392303056,0.13451684531030159,8.919726042140274,84.31417275926295,1.2545025424022127,1.2163595258571098,81.98733913079643,135.80929974255776,2.402979229046693,-0.49655805167533656,-33.703048259575816,194.8440980571168,2.9162413447515663,2.9162413447515663,194.8440980571168,215.78417753303674,3.819329760462857,-1.691126892233244,-99.53615763326032,208.0694114103294,3.486612975727118,0.006324563498001929,8.919726042141782,81.98733913079643,-33.703048259575816,hourly_window_mean_factor_top_available_analogs,4,5885.793055921053,,5885.793055921053,0.0,-112.85675892632038,65.83310937368451,-1.507846479255118e-12,-112.85675892632038,65.83310937368451,-1.507846479255118e-12,-194.8440980571168,99.53615763326033,-8.919726042141782,84.31417275926295,1.2545025424022127,194.8440980571168,2.9162413447515663,135.80929974255776,2.402979229046693,215.78417753303674,3.819329760462857,208.0694114103294,3.486612975727118,-79.97487779047898,-1.416350531416164,-1.6617388023493536,-1.5067567364968122,194.8440980571168,99.53615763326033,8.919726042141782
experiment_2026_06_15_11_12,SEN_demand_CEL,2025-01-01,New Year's Day,H3,H,observance_tier,True,2025-01-01,12,True,True,4,False,2,6,4,euclidian,PCR,standard,4,{},2024-12-31 10:00:00,2025-01-02,97.62399537709396,1.9096527882251346,180.694472,2.977,,14,24,4,4,4,4,0.133025882944763,5099.289636825645,4665.880810230466,97.62399537709396,1.9096527882251346,1.2646334099269,63.95201054277427,107.20763706528285,1.8256275853205728,1.620550337420611,95.32606043975655,92.03353772565043,1.9586674899194634,1.057015202222235,45.65048143620127,147.179324033423,2.489256023284593,2.489256023284593,147.179324033423,68.5534466459809,1.4442860242344286,0.4020320691951611,15.402744339898126,97.52087515714378,1.8292749712529102,1.1710093154386358,63.95201054277571,95.32606043975655,45.65048143620127,hourly_window_mean_factor_top_available_analogs,4,5197.010528355263,,5197.010528355263,0.0,-51.85326359366646,30.247737096303144,-1.4480113015068989e-12,-51.85326359366646,30.247737096303144,-1.4480113015068989e-12,-147.179324033423,-15.402744339898124,-63.95201054277572,107.20763706528285,1.8256275853205728,147.179324033423,2.489256023284593,92.03353772565043,1.9586674899194634,68.5534466459809,1.4442860242344286,97.52087515714378,1.8292749712529102,23.480091079669535,0.5143814656850347,-0.6636284379640203,0.08037781697222446,147.179324033423,15.402744339898124,63.95201054277572
experiment_2026_06_15_11_12,SEN_demand_CEL,2025-02-03,Constitution Day,H2,H,observance_tier,True,2025-02-03,12,True,True,4,False,2,6,4,euclidian,PCR,standard,4,{},2025-02-02 10:00:00,2025-02-04,119.25929030499961,1.961003184616709,202.384374,3.368,,14,24,4,4,4,4,0.09221357847409573,5941.590387649613,5741.885801222949,119.25929030499961,1.961003184616709,0.6332053339745194,43.04106787670281,105.20535737459146,1.7263817241070931,-0.7582286351275379,-42.69034652389395,127.4574178477377,2.0978657032473187,1.444875149284053,93.05105961038426,176.42429932342324,2.9210777555573944,-2.5222977448106625,-150.98887110725062,165.60922240544997,2.7084859085539406,2.5126800566014387,156.22519895067543,169.5937244278612,2.7868092206078448,0.6576882350285594,43.04106787670267,-42.69034652389395,93.05105961038426,hourly_window_mean_factor_top_available_analogs,4,5841.521615197368,,5841.521615197368,0.0,108.29852458335667,-63.17413934029116,1.436044265957255e-13,108.29852458335667,-63.17413934029116,1.436044265957255e-13,150.98887110725062,-156.2251989506754,-43.04106787670267,105.20535737459146,1.7263817241070931,176.42429932342324,2.9210777555573944,127.4574178477377,2.0978657032473187,165.60922240544997,2.7084859085539406,169.5937244278612,2.7868092206078448,-38.15180455771227,-0.6106202053066219,-1.1946960314503012,-0.8258060359911357,150.98887110725062,156.2251989506754,43.04106787670267
experiment_2026_06_15_11_12,SEN_demand_CEL,2025-03-17,Benito Juarez's Birthday,H2,H,observance_tier,True,2025-03-17,12,True,True,4,False,2,6,4,euclidian,PCR,standard,4,{},2025-03-16 10:00:00,2025-03-18,151.1176412369007,2.44063576734277,205.122904,3.409,,14,24,4,4,4,4,0.09415207608295928,6206.727981963434,6095.898431438084,151.1176412369007,2.44063576734277,-2.0390636690270942,-127.76451275290705,71.81592480343501,1.1344703654913675,-0.44065961939190623,-28.72093143545778,197.37697582308905,3.202565585089421,-2.971466031314287,-185.5399351880858,309.3218610305488,4.970656464310692,-4.9539721244395505,-308.17534570237166,89.832154400801,1.5127402211242942,-0.3613762096358732,-22.524860199053972,170.69678315912913,2.786709363350862,-2.0533852308793334,-127.76451275290786,-28.72093143545778,-185.5399351880858,hourly_window_mean_factor_top_available_analogs,4,5834.818629276317,,5834.818629276317,0.0,279.4544142669139,-163.01507498903183,8.137584173757779e-13,279.4544142669139,-163.01507498903183,8.137584173757779e-13,308.17534570237166,22.52486019905396,127.76451275290786,71.81592480343501,1.1344703654913675,309.3218610305488,4.970656464310692,197.37697582308905,3.202565585089421,89.832154400801,1.5127402211242942,170.69678315912913,2.786709363350862,107.54482142228805,1.6898253639651266,-3.836186098819325,-0.34607359600809184,308.17534570237166,22.52486019905396,127.76451275290786
experiment_2026_06_15_11_12,SEN_demand_CEL,2025-04-17,Maundy Thursday,H1,G,observance_tier,True,2025-04-17,12,True,True,4,False,2,6,4,euclidian,PCR,standard,4,{},2025-04-16 10:00:00,2025-04-18,182.9881140531708,2.7503863094997563,206.659662,3.421,,14,24,4,4,4,4,0.0868453517832088,6502.220084309442,6097.445428259877,182.9881140531708,2.7503863094997563,2.5387601059120604,168.10526042739954,90.75667379495333,1.2245336866841143,0.6820323207327733,52.50300746272933,236.789787537131,3.640467006142213,3.621851313933312,235.53990799012385,87.77230862572462,1.1889635421930638,0.5563017091558237,43.365111900070914,243.63131530302942,3.7301703039586585,3.6841819986063116,240.87034706834118,186.2095760008645,2.793936233834492,2.5318050498613953,168.1052604273995,52.50300746272933,235.53990799012385,hourly_window_mean_factor_top_available_analogs,4,6509.6878475657895,,6509.6878475657895,0.0,9.137895562658416,-5.330439078217334,4.786814219857517e-14,9.137895562658416,-5.330439078217334,4.786814219857517e-14,-43.365111900070914,-240.87034706834118,-168.1052604273995,90.75667379495333,1.2245336866841143,87.77230862572462,1.1889635421930638,236.789787537131,3.640467006142213,243.63131530302942,3.7301703039586585,186.2095760008645,2.793936233834492,-6.841527765898434,-0.08970329781644537,0.03557014449105056,-0.04354992433473592,43.365111900070914,240.87034706834118,168.1052604273995
experiment_2026_06_15_11_12,SEN_demand_CEL,2025-04-18,Good Friday,H2,G,observance_tier,True,2025-04-18,12,True,True,4,False,2,6,4,euclidian,LassoReg,,2,{},2025-04-17 10:00:00,2025-04-19,161.54261530922523,2.587710064541624,212.842055,3.499,,14,24,4,4,4,4,0.08852345776489787,6033.140262884813,5634.512363422077,161.54261530922523,2.587710064541624,2.0310060429395533,126.64083685203042,105.94717004233085,1.5752368910312886,0.26792250614770186,22.218135893359563,193.9732917149136,3.1783194157559866,3.0594714394014666,187.55407907792176,117.51642640527942,1.7349111326179114,0.75177832926588,55.181272879282396,171.53232490048234,2.810141083448146,2.751832260755427,168.32558250279843,151.63173071803917,2.41400373314227,2.0149702859961196,126.64083685202937,22.218135893359563,187.55407907792176,hourly_window_mean_factor_top_available_analogs,4,6258.87488125,,6258.87488125,0.0,-32.96313698592284,19.22849657512332,1.0530991283686538e-12,-32.96313698592284,19.22849657512332,1.0530991283686538e-12,-55.1812728792824,-168.32558250279843,-126.64083685202937,105.94717004233085,1.5752368910312886,117.51642640527942,1.7349111326179114,193.9732917149136,3.1783194157559866,171.53232490048234,2.810141083448146,151.63173071803917,2.41400373314227,22.44096681443125,0.3681783323078407,-0.1596742415866228,0.17370633139935387,55.1812728792824,168.32558250279843,126.64083685202937
experiment_2026_06_15_11_12,SEN_demand_CEL,2025-04-19,Holy Saturday,H3,G,observance_tier,True,2025-04-19,12,True,True,7,False,2,7,7,pearson,RidgeReg,standard,2,{},2025-04-18 10:00:00,2025-04-20,78.68917571475112,1.3345960623533253,184.990469,3.111,,14,24,4,4,7,4,0.07512102354683049,5989.21620491417,5832.931004631185,78.68917571475112,1.3345960623533253,0.03933167526676894,2.393295085829538,91.3903623865356,1.5132866176346589,-1.4370174987932554,-86.24472754214587,71.28015015621015,1.2303599051058804,0.9005353601351165,54.09880828548186,83.78440584786313,1.3726597293426603,-0.39092332891624426,-20.112145765523955,57.48932505282153,0.9891548940200514,0.24395157118176455,15.521468915786764,67.17698639836317,1.1304461491389073,0.010050292198287587,2.393295085830184,-86.24472754214587,54.09880828548186,hourly_window_mean_factor_top_available_analogs,4,5758.6324263157885,,5758.6324263157885,0.0,-66.13258177662192,38.577339369695096,-6.462199196807648e-13,-66.13258177662192,38.577339369695096,-6.462199196807648e-13,20.112145765523948,-15.521468915786762,-2.393295085830184,91.3903623865356,1.5132866176346589,83.78440584786313,1.3726597293426603,71.28015015621015,1.2303599051058804,57.48932505282153,0.9891548940200514,67.17698639836317,1.1304461491389073,13.790825103388627,0.24120501108582904,0.14062688829199854,0.204149913214418,20.112145765523948,15.521468915786762,2.393295085830184
experiment_2026_06_15_11_12,SEN_demand_CEL,2025-05-01,Labor Day,H2,F,observance_tier,True,2025-05-01,12,True,True,5,False,2,8,5,pearson,PLS,minmax,4,{},2025-04-30 10:00:00,2025-05-02,214.05359582871054,3.0531757372885084,172.155916,2.874,,14,24,4,4,5,4,0.09788934821915334,6813.589194198549,6429.3380629168905,214.05359582871054,3.0531757372885084,0.1529766442650819,24.899117117241268,300.5862908876001,3.860780710005379,3.3301435018121706,260.7106764614678,163.57619037769163,2.5820728365370007,-1.7003706893040533,-112.65762583355756,235.67494282110596,3.0242390297241184,2.1777010177683374,171.78155404313142,121.84695808952627,1.9382715199894058,-0.9141042188797265,-60.78230442286258,163.78358404326616,2.3383648130495627,0.22498192093798086,24.89911711724048,260.7106764614678,-112.65762583355756,hourly_window_mean_factor_top_available_analogs,4,6262.643355328948,,6262.643355328948,0.0,88.92912241833639,-51.87532141069497,7.898243462764903e-13,88.92912241833639,-51.87532141069497,7.898243462764903e-13,-171.78155404313142,60.78230442286259,-24.89911711724048,300.5862908876001,3.860780710005379,235.67494282110596,3.0242390297241184,163.57619037769163,2.5820728365370007,121.84695808952627,1.9382715199894058,163.78358404326616,2.3383648130495627,41.72923228816536,0.6438013165475949,0.8365416802812606,0.7148109242389458,171.78155404313142,60.78230442286259,24.89911711724048
experiment_2026_06_15_11_12,SEN_demand_CEL,2025-09-16,Independence Day,H2,H,observance_tier,True,2025-09-16,12,True,True,5,False,2,8,5,pearson,PLS,minmax,4,{},2025-09-15 10:00:00,2025-09-17,435.76537546351966,6.9959068776634465,154.186949,2.557,,14,24,4,4,5,4,0.09602988892411761,5402.860024273323,5167.561181979318,435.76537546351966,6.9959068776634465,6.9959068776634465,435.76537546351966,729.6308182226688,11.08810512711315,11.08810512711315,729.6308182226688,264.34386718734925,4.608791232151117,4.608791232151117,264.34386718734925,738.0715651058797,11.218024074377658,11.218024074377658,738.0715651058797,259.42009817214245,4.703108685977211,4.703108685977211,259.42009817214245,435.76537546351926,7.103340671177379,7.103340671177379,435.76537546351926,729.6308182226688,264.34386718734925,hourly_window_mean_factor_top_available_analogs,4,5534.7338586184205,,5534.7338586184205,0.0,-8.440746883210652,4.92376901520682,3.8294513758860134e-13,-8.440746883210652,4.92376901520682,3.8294513758860134e-13,-738.0715651058795,-259.42009817214245,-435.76537546351926,729.6308182226688,11.08810512711315,738.0715651058797,11.218024074377658,264.34386718734925,4.608791232151117,259.42009817214245,4.703108685977211,435.76537546351926,7.103340671177379,4.923769015206801,-0.09431745382609424,-0.1299189472645068,-0.10743379351393223,738.0715651058795,259.42009817214245,435.76537546351926
experiment_2026_06_15_11_12,SEN_demand_CEL,2025-11-17,Mexican Revolution Day,H2,F,observance_tier,True,2025-11-17,12,True,True,4,False,2,8,4,pearson,RidgeReg,minmax,2,{},2025-11-16 10:00:00,2025-11-18,82.3178721641279,1.3783304232633826,183.792369,2.998,,14,24,4,4,4,4,0.0866534462124275,6207.282600227317,6085.131107036191,82.3178721641279,1.3783304232633826,-1.0412369155928396,-60.87455496415872,66.54835529742091,1.0414672247817547,-0.4020357524581595,-25.08334498353218,91.51675700304031,1.5748339557109992,-1.4141042607547363,-81.75276078619088,77.72291502473243,1.198143926893037,-0.6797538632505601,-44.97147510562146,94.58685038159092,1.547337538985072,-1.0881775230968593,-70.15135154830561,88.37382156590621,1.4186872608459011,-0.9377056484166438,-60.87455496415882,-25.08334498353218,-81.75276078619088,hourly_window_mean_factor_top_available_analogs,4,6048.19490888158,,6048.19490888158,0.0,19.888130122089283,-11.601409237885264,9.573628439715034e-14,19.888130122089283,-11.601409237885264,9.573628439715034e-14,44.971475105621465,70.15135154830561,60.87455496415881,66.54835529742091,1.0414672247817547,77.72291502473243,1.198143926893037,91.51675700304031,1.5748339557109992,94.58685038159092,1.547337538985072,88.37382156590621,1.4186872608459011,-3.0700933785506095,0.027496416725927064,-0.15667670211128226,-0.04035683758251851,44.971475105621465,70.15135154830561,60.87455496415881
experiment_2026_06_15_11_12,SEN_demand_CEL,2025-12-24,Christmas Eve,H1,G,observance_tier,True,2025-12-24,12,True,True,3,False,2,8,3,pearson,RidgeReg,,2,{},2025-12-23 10:00:00,2025-12-25,156.836178930379,2.4207933344788857,154.879155,2.534,,14,24,3,4,3,3,0.08713125652570732,6430.472277922704,6043.730923502731,156.836178930379,2.4207933344788857,0.5628436544108177,44.67421391940106,160.0492231637833,2.1883607374684457,2.089246283179252,153.11349592876786,154.96190312755982,2.5563790160683095,-0.32755787903743555,-18.582033919396242,155.95011289122274,2.137811842072981,1.9667175696662327,143.9637271227801,175.64544033754248,2.9091480372399245,-0.21802043169438404,-13.244668782569951,168.38926706784574,2.6249715442836816,0.5868830424911062,44.67421391940113,153.11349592876786,-18.582033919396242,hourly_window_mean_factor_top_available_analogs,3,6320.789084473684,,6320.789084473684,0.0,9.149768805987735,-5.337365136826293,-7.180221329786275e-14,9.149768805987735,-5.337365136826293,-7.180221329786275e-14,-143.9637271227801,13.24466878256995,-44.67421391940113,160.0492231637833,2.1883607374684457,155.95011289122274,2.137811842072981,154.96190312755982,2.5563790160683095,175.64544033754248,2.9091480372399245,168.38926706784574,2.6249715442836816,-20.68353720998266,-0.352769021171615,0.05054889539546492,-0.20417820980479595,143.9637271227801,13.24466878256995,44.67421391940113
experiment_2026_06_15_11_12,SEN_demand_CEL,2025-12-25,Christmas Day,H2,H,observance_tier,True,2025-12-25,12,True,True,3,False,2,8,3,pearson,RidgeReg,,2,{},2025-12-24 10:00:00,2025-12-26,128.2805347162808,2.426901061753579,157.912086,2.568,,14,24,3,4,3,3,0.13814190177133243,5564.081857570017,5112.798265667342,128.2805347162808,2.426901061753579,-1.6810107249292,-82.43140862264802,151.9074674315885,2.443573276487529,-1.064365005933111,-63.823145117457635,114.49815729901799,2.4171756031587748,-2.0407207276769186,-93.28622900067575,173.14835806634912,2.7910579788694085,-1.9076963520833512,-117.01071582402028,88.27459634157243,1.769422796460054,-1.2915336427160415,-62.26014608851481,119.5438769770165,2.1458147057687635,-1.5185409566934718,-82.4314086226484,-63.823145117457635,-93.28622900067575,hourly_window_mean_factor_top_available_analogs,3,5323.159002807018,,5323.159002807018,0.0,53.187570706562646,-31.026082912160934,3.8294513758860134e-13,53.187570706562646,-31.026082912160934,3.8294513758860134e-13,117.01071582402028,62.260146088514816,82.4314086226484,151.9074674315885,2.443573276487529,173.14835806634912,2.7910579788694085,114.49815729901799,2.4171756031587748,88.27459634157243,1.769422796460054,119.5438769770165,2.1458147057687635,26.223560957445557,0.6477528066987208,-0.34748470238187945,0.2810863559848156,117.01071582402028,62.260146088514816,82.4314086226484
experiment_2026_06_15_11_12,SEN_demand_CEL,2025-12-31,New Year's Eve,H1,G,observance_tier,True,2025-12-31,12,True,True,3,False,2,8,3,pearson,LassoReg,,2,{},2025-12-30 10:00:00,2026-01-01,113.12351336535781,1.783544625456589,139.830875,2.267,,14,24,3,4,3,3,0.0933048851691628,6120.950352286073,5709.721423724278,113.12351336535781,1.783544625456589,1.5925501169804808,101.331670345505,139.24885758567325,1.9884419511130063,1.6098190099186136,114.66922446513165,97.88372923684047,1.6640211854903455,1.5824765960999034,93.55143044238946,144.92128826830913,2.0682291455340716,1.5874666650109945,113.66415216039286,95.79182287139827,1.6287457765297504,1.595794466179686,94.137722620155,113.8921522281549,1.7906607019523948,1.5927263289070102,101.3316703455058,114.66922446513165,93.55143044238946,hourly_window_mean_factor_top_available_analogs,3,6255.729466842106,,6255.729466842106,0.0,1.005072304738795,-0.5862921777655478,-7.898243462764903e-13,1.005072304738795,-0.5862921777655478,-7.898243462764903e-13,-113.66415216039286,-94.137722620155,-101.3316703455058,139.24885758567325,1.9884419511130063,144.92128826830913,2.0682291455340716,97.88372923684047,1.6640211854903455,95.79182287139827,1.6287457765297504,113.8921522281549,1.7906607019523948,2.091906365442199,0.03527540896059511,-0.0797871944210653,-0.007116076495805812,113.66415216039286,94.137722620155,101.3316703455058
experiment_2026_06_15_11_12,SEN_demand_CEL,2026-01-01,New Year's Day,H3,H,observance_tier,True,2026-01-01,12,True,True,3,False,2,8,3,pearson,RidgeReg,,2,{},2025-12-31 10:00:00,2026-01-02,64.7508012348161,1.2358326997952889,137.934851,2.221,,14,24,3,4,3,3,0.1369653993683878,5320.159517376448,4867.173396559102,64.7508012348161,1.2358326997952889,0.5875564731053659,29.16652920249983,49.93426477578331,0.8276548538972621,-0.29224232543302325,-17.014445206181076,73.39378083591856,1.4739364432358044,1.1007724389194264,56.10543094089703,63.10149740178018,1.0426182368856838,-0.32996628453310606,-19.442166840270602,73.42734116176422,1.4787255829662598,1.1333443111739827,57.521601894114895,69.62308293440168,1.3180544554628897,0.5942298811766343,29.166529202499184,-17.014445206181076,56.10543094089703,hourly_window_mean_factor_top_available_analogs,3,5296.393024736842,,5296.393024736842,0.0,2.4277216340895262,-1.4161709532178672,6.462199196807648e-13,2.4277216340895262,-1.4161709532178672,6.462199196807648e-13,19.442166840270602,-57.521601894114895,-29.166529202499184,49.93426477578331,0.8276548538972621,63.10149740178018,1.0426182368856838,73.39378083591856,1.4739364432358044,73.42734116176422,1.4787255829662598,69.62308293440168,1.3180544554628897,-0.033560325845655825,-0.004789139730455361,-0.21496338298842166,-0.08222175566760082,19.442166840270602,57.521601894114895,29.166529202499184
experiment_2026_06_15_11_12,SEN_demand_CEL,2026-02-02,Constitution Day,H2,H,observance_tier,True,2026-02-02,12,True,True,3,False,2,8,3,pearson,LassoReg,,2,{},2026-02-01 10:00:00,2026-02-03,108.21104044397592,1.8173163713105998,128.965992,2.116,,14,24,3,4,3,3,0.08737745363961036,6127.55006952162,5977.553448589232,108.21104044397592,1.8173163713105998,-0.45713050162807756,-30.497236100567772,137.71053618236107,2.272876895779743,-1.752746430883384,-101.62902469142735,91.00300126325124,1.5515727320369332,0.2986454571041844,10.996307244100308,99.27872447891352,1.634449230501167,-1.0265193971399176,-58.11132764126595,129.6538009530517,2.1887857903740873,-0.047223858874748004,-14.389016035159216,118.462983304685,1.9845565314735383,-0.40801695191981063,-30.49723610056696,-101.62902469142735,10.996307244100308,hourly_window_mean_factor_top_available_analogs,3,5951.4171176315795,,5951.4171176315795,0.0,-43.517697050161395,25.385323279259524,-8.137584173757779e-13,-43.517697050161395,25.385323279259524,-8.137584173757779e-13,58.11132764126595,14.389016035159216,30.49723610056696,137.71053618236107,2.272876895779743,99.27872447891352,1.634449230501167,91.00300126325124,1.5515727320369332,129.6538009530517,2.1887857903740873,118.462983304685,1.9845565314735383,-38.650799689800465,-0.637213058337154,0.6384276652785759,-0.16724016016293852,58.11132764126595,14.389016035159216,30.49723610056696
experiment_2026_06_15_11_12,SEN_demand_CEL,2026-03-16,Benito Juarez's Birthday,H2,H,observance_tier,True,2026-03-16,12,True,True,3,False,2,8,3,pearson,LassoReg,,2,{},2026-03-15 10:00:00,2026-03-17,183.1253869592228,2.8820715959071666,126.565485,2.084,,14,24,3,4,3,3,0.08512450604001298,6221.6883247335945,6024.90848537438,183.1253869592228,2.8820715959071666,2.1244268288056,135.89714289798462,118.67728810254077,1.8046264791647175,-0.2518378886823923,-9.513660063677175,220.72011129228733,3.510581247340261,3.510581247340261,220.72011129228733,97.9220351378636,1.4928737113499306,-0.21952921913678658,-8.892724569417298,220.36328607235657,3.6089337470204135,3.6088521449486977,220.35789892063528,175.25335151754336,2.829332681247078,2.1983958529172036,135.8971428979843,-9.513660063677175,220.72011129228733,hourly_window_mean_factor_top_available_analogs,3,6025.0280231578945,,6025.0280231578945,0.0,-0.620935494259876,0.3622123716520491,2.87208853191451e-13,-0.620935494259876,0.3622123716520491,2.87208853191451e-13,8.892724569417298,-220.35789892063528,-135.89714289798434,118.67728810254077,1.8046264791647175,97.9220351378636,1.4928737113499306,220.72011129228733,3.510581247340261,220.36328607235657,3.6089337470204135,175.25335151754336,2.829332681247078,0.3568252199307551,-0.09835249968015258,0.3117527678147869,0.05273891466008873,8.892724569417298,220.35789892063528,135.89714289798434
experiment_2026_06_15_11_12,SEN_demand_CEL,2026-04-02,Maundy Thursday,H1,G,observance_tier,True,2026-04-02,12,True,True,3,False,2,8,3,pearson,LassoReg,,2,{},2026-04-01 10:00:00,2026-04-03,65.46650266498469,0.9583832062221392,131.856081,2.159,,14,24,3,4,3,3,0.08028144311702794,6786.468189963918,6448.565448627531,65.46650266498469,0.9583832062221392,-0.21343452256289333,-15.114008648127742,85.74051083699707,1.1880938292401457,-0.5613902271292855,-38.626692254867,53.63999789797746,0.8243853427949691,-0.010460361565831263,-1.3982765441965057,82.37662035586884,1.1522909619992288,-0.992832351139145,-70.71673318866677,73.41954093707018,1.1514094166170106,0.33367761477674285,17.32091400051858,76.71951756504863,1.1517341964946697,-0.15503658319226843,-15.114008648128651,-38.626692254867,-1.3982765441965057,hourly_window_mean_factor_top_available_analogs,3,6659.020606754387,,6659.020606754387,0.0,32.090040933799756,-18.719190544715087,9.094947017729282e-13,32.090040933799756,-18.719190544715087,9.094947017729282e-13,70.71673318866675,-17.32091400051858,15.114008648128651,85.74051083699707,1.1880938292401457,82.37662035586884,1.1522909619992288,53.63999789797746,0.8243853427949691,73.41954093707018,1.1514094166170106,76.71951756504863,1.1517341964946697,-19.779543039092722,-0.32702407382204146,0.03580286724091697,-0.19335099027253044,70.71673318866675,17.32091400051858,15.114008648128651
experiment_2026_06_15_11_12,SEN_demand_CEL,2026-04-03,Good Friday,H2,G,observance_tier,True,2026-04-03,12,True,True,3,False,2,8,3,pearson,LassoReg,,2,{},2026-04-02 10:00:00,2026-04-04,67.01018331915661,1.079734858849922,131.636292,2.142,,14,24,3,4,3,3,0.08916960232795662,6272.154947339058,5933.750702664122,67.01018331915661,1.079734858849922,-0.4176490612472613,-24.367284181162752,64.7751684613908,0.952374640822682,-0.4737076438611802,-31.876946067517697,68.31394198618666,1.154028319365812,-0.3849482213891418,-19.986648080789035,99.7770620967849,1.4594249194448696,-1.3714816708864837,-93.68636758754838,74.6812607465015,1.2890550379630632,0.28463890233995887,16.06884780589515,83.9270822966059,1.3518228890353077,-0.3255107825329411,-24.36728418116299,-31.876946067517697,-19.986648080789035,hourly_window_mean_factor_top_available_analogs,3,6098.982476140351,,6098.982476140351,0.0,61.80942152003068,-36.055495886684184,2.3934071099287584e-13,61.80942152003068,-36.055495886684184,2.3934071099287584e-13,93.68636758754838,-16.06884780589515,24.36728418116299,64.7751684613908,0.952374640822682,99.7770620967849,1.4594249194448696,68.31394198618666,1.154028319365812,74.6812607465015,1.2890550379630632,83.9270822966059,1.3518228890353077,-6.367318760314831,-0.13502671859725113,-0.5070502786221877,-0.27208803018538563,93.68636758754838,16.06884780589515,24.36728418116299
experiment_2026_06_15_11_12,SEN_demand_CEL,2026-04-04,Holy Saturday,H3,G,observance_tier,True,2026-04-04,12,True,True,5,False,2,9,5,pearson,LassoReg,,2,{},2026-04-03 10:00:00,2026-04-05,88.32193516938725,1.4301998665534477,128.994678,2.108,,14,24,4,4,5,4,0.07468306187362668,6069.972585167636,5981.514508962038,88.32193516938725,1.4301998665534477,0.06285885416573964,5.411453516574846,68.88794404706108,1.1069575253849055,0.022649320427820006,4.009274908482309,99.65842999074418,1.6187578989017635,0.08631441551285952,6.229391037962159,72.93839033329355,1.1971781837125561,-0.44546233003754443,-24.920177927610762,134.8092385652064,2.2108867955723834,0.471462754864629,23.104905192349822,112.01471553239641,1.8374152017292895,0.13364824990067037,5.41145351657487,4.009274908482309,6.229391037962159,hourly_window_mean_factor_top_available_analogs,4,5790.753613421051,,5790.753613421051,0.0,28.929452836093073,-16.875514154387663,-2.3934071099287584e-14,28.929452836093073,-16.875514154387663,-2.3934071099287584e-14,24.920177927610766,-23.104905192349822,-5.41145351657487,68.88794404706108,1.1069575253849055,72.93839033329355,1.1971781837125561,99.65842999074418,1.6187578989017635,134.8092385652064,2.2108867955723834,112.01471553239641,1.8374152017292895,-35.15080857446223,-0.59212889667062,-0.09022065832765058,-0.40721533517584185,24.920177927610766,23.104905192349822,5.41145351657487
experiment_2026_06_15_11_12,SEN_demand_CEL,2026-05-01,Labor Day,H2,F,observance_tier,True,2026-05-01,12,True,True,2,False,2,10,2,pearson,LassoReg,,2,{},2026-04-30 10:00:00,2026-05-02,154.61197815719598,2.171465085350939,105.454725,1.74,,14,24,2,4,2,2,0.1112089979526006,7229.996368353801,6673.688377101923,154.61197815719598,2.171465085350939,-1.1793884259422895,-89.26495230116889,174.74259868554893,2.1849207302171356,-1.838499030217419,-145.68973192844942,142.8691161823234,2.163615959178992,-0.7949072401151306,-56.35049751858859,197.78414773062255,2.4771504165822873,-2.3224024151466662,-184.55161867704263,150.846888227542,2.2859764219729635,-0.42162807844912226,-33.68106358190975,168.1395627813085,2.356408946302714,-1.121913360390323,-89.26495230116923,-145.68973192844942,-56.35049751858859,hourly_window_mean_factor_top_available_analogs,2,6287.366837763158,,6287.366837763158,0.0,38.861886748593214,-22.669433936678843,3.3507699539002617e-13,38.861886748593214,-22.669433936678843,3.3507699539002617e-13,184.55161867704263,33.68106358190975,89.26495230116923,174.74259868554893,2.1849207302171356,197.78414773062255,2.4771504165822873,142.8691161823234,2.163615959178992,150.846888227542,2.2859764219729635,168.1395627813085,2.356408946302714,-7.977772045218586,-0.12236046279397161,-0.2922296863651517,-0.18494386095177484,184.55161867704263,33.68106358190975,89.26495230116923
experiment_2026_06_15_11_12,SEN_demand_NES,2023-02-06,Constitution Day,H2,H,observance_tier,True,2023-02-06,12,True,True,2,False,2,2,2,euclidian,PLS,,2,{},2023-02-05 10:00:00,2023-02-07,165.75416549891693,3.4326127936275563,391.886087,7.707,,14,24,2,4,2,2,0.05526854687288153,5016.498332102757,5019.535683797773,165.75416549891693,3.4326127936275563,-3.365598709226072,-162.7538702606497,248.53260705415317,5.311740575998377,-5.311740575998377,-248.53260705415317,117.46674125836246,2.33645492057791,-2.2303492869422272,-112.71627379777267,249.30891480824206,5.328476977276103,-5.328476977276103,-249.30891480824206,116.31077345736098,2.314890057661344,-2.2245656058628946,-112.2634276078901,165.3100886918961,3.425158922782571,-3.3681119005940765,-162.75387026065135,-248.53260705415317,-112.71627379777267,hourly_window_mean_factor_top_available_analogs,2,5155.3544910526325,,5155.3544910526325,0.0,0.7763077540889104,-0.4528461898825829,1.6514509058508435e-12,0.7763077540889104,-0.4528461898825829,1.6514509058508435e-12,249.3089148082421,112.2634276078901,162.75387026065135,248.53260705415317,5.311740575998377,249.30891480824206,5.328476977276103,117.46674125836246,2.33645492057791,116.31077345736098,2.314890057661344,165.3100886918961,3.425158922782571,1.1559678010014807,0.02156486291656634,-0.016736401277725577,0.0074538708449853885,249.3089148082421,112.2634276078901,162.75387026065135
experiment_2026_06_15_11_12,SEN_demand_NES,2023-03-20,Benito Juarez's Birthday,H2,H,observance_tier,True,2023-03-20,12,True,True,2,False,2,2,2,euclidian,PLS,,2,{},2023-03-19 10:00:00,2023-03-21,553.8515274967965,10.478646728887924,378.130149,7.485,,14,24,2,4,2,2,0.04965122522769543,4717.015245924255,4646.828211085922,553.8515274967965,10.478646728887924,10.478646728887924,553.8515274967965,530.9108443528859,9.829339578849,9.829339578849,530.9108443528859,567.233592664078,10.857409233077297,10.857409233077297,567.233592664078,466.7432045860009,8.62844909428593,8.62844909428593,466.7432045860009,604.6647158614286,11.628787332660053,11.628787332660053,604.6647158614286,553.8515274967973,10.523399560627482,10.523399560627482,553.8515274967973,530.9108443528859,567.233592664078,hourly_window_mean_factor_top_available_analogs,2,4419.39428631579,,4419.39428631579,0.0,64.167639766885,-37.43112319735068,-6.9408806187934e-13,64.167639766885,-37.43112319735068,-6.9408806187934e-13,-466.74320458600084,-604.6647158614286,-553.8515274967972,530.9108443528859,9.829339578849,466.7432045860009,8.62844909428593,567.233592664078,10.857409233077297,604.6647158614286,11.628787332660053,553.8515274967973,10.523399560627482,-37.431123197350644,-0.7713780995827566,1.20089048456307,-0.04475283173955802,466.74320458600084,604.6647158614286,553.8515274967972
experiment_2026_06_15_11_12,SEN_demand_NES,2023-04-06,Maundy Thursday,H1,G,observance_tier,True,2023-04-06,12,True,True,2,False,2,2,2,euclidian,RidgeReg,standard,2,{},2023-04-05 10:00:00,2023-04-07,523.6684932617958,8.970196212673365,386.776648,7.703,,14,24,2,4,2,2,0.07071791998319907,6698.967816345125,6480.004650189302,523.6684932617958,8.970196212673365,-7.088152523668135,-383.95919345038754,199.80458567178474,2.702543149351526,2.4058611493769564,179.4063709591806,712.5891060226355,12.62632716627777,-12.62632716627777,-712.5891060226355,123.58680524851219,1.7238120535216848,-1.1314256958331235,-79.2364715658766,561.714114549687,9.958163488727347,-9.958163488727347,-561.714114549687,400.2987900703069,6.924455065230524,-6.706207459766318,-383.9591934503885,179.4063709591806,-712.5891060226355,hourly_window_mean_factor_top_available_analogs,2,5360.738870131579,,5360.738870131579,0.0,258.64284252505723,-150.87499147294855,9.334287728722159e-13,258.64284252505723,-150.87499147294855,9.334287728722159e-13,79.23647156587663,561.714114549687,383.95919345038845,199.80458567178474,2.702543149351526,123.58680524851219,1.7238120535216848,712.5891060226355,12.62632716627777,561.714114549687,9.958163488727347,400.2987900703069,6.924455065230524,150.87499147294852,2.6681636775504227,0.9787310958298414,2.0457411474428406,79.23647156587663,561.714114549687,383.95919345038845
experiment_2026_06_15_11_12,SEN_demand_NES,2023-04-07,Good Friday,H2,G,observance_tier,True,2023-04-07,12,True,True,2,False,2,2,2,euclidian,RidgeReg,standard,2,{},2023-04-06 10:00:00,2023-04-08,361.68970435176885,7.069386512134734,343.669608,6.679,,14,24,2,4,2,2,0.07071791998319907,5374.275353618906,5381.213699889399,361.68970435176885,7.069386512134734,-3.770562324492719,-175.3487257241685,259.4263655729729,4.594698337379725,4.359253029077172,246.35629070194233,421.3433186393998,8.512954614075156,-8.512954614075156,-421.3433186393998,274.1738419996762,4.888700060147854,-4.888700060147854,-274.1738419996762,124.70100423879296,2.5430569891988166,-2.40497788340409,-117.70074123012292,179.76994446648678,3.407241278495831,-3.320033422204424,-175.34872572416884,246.35629070194233,-421.3433186393998,hourly_window_mean_factor_top_available_analogs,2,5360.738870131579,,5360.738870131579,0.0,520.5301327016185,-303.6425774092769,3.590110664893138e-13,520.5301327016185,-303.6425774092769,3.590110664893138e-13,274.1738419996762,117.7007412301229,175.34872572416887,259.4263655729729,4.594698337379725,274.1738419996762,4.888700060147854,421.3433186393998,8.512954614075156,124.70100423879296,2.5430569891988166,179.76994446648678,3.407241278495831,296.64231440060684,5.969897624876339,-0.29400172276812864,3.6621452336389035,274.1738419996762,117.7007412301229,175.34872572416887
experiment_2026_06_15_11_12,SEN_demand_NES,2023-04-08,Holy Saturday,H3,G,observance_tier,True,2023-04-08,12,True,True,2,False,2,2,2,euclidian,RidgeReg,standard,2,{},2023-04-07 10:00:00,2023-04-09,328.18990982496547,6.879771405356503,350.990443,6.785,,14,24,2,4,2,2,0.04426855148266088,5097.544636625649,5001.335098704847,328.18990982496547,6.879771405356503,-6.865755829228349,-327.4891637309124,261.2288067451689,5.23306493562597,-5.195022657563839,-259.3267816327393,367.2505532881801,7.8403501793659816,-7.8403501793659816,-367.2505532881801,225.1761386747887,4.516370617226154,-4.241332291609974,-211.39656816326138,395.20984447870865,8.481508047837627,-8.481508047837627,-395.20984447870865,332.56584760358027,7.020667941822872,-6.919338032385332,-327.48916373091237,-259.3267816327393,-367.2505532881801,hourly_window_mean_factor_top_available_analogs,2,4851.940064605264,,4851.940064605264,0.0,-47.93021346947795,27.959291190528536,-1.6753849769501309e-13,-47.93021346947795,27.959291190528536,-1.6753849769501309e-13,211.39656816326135,395.2098444787086,327.48916373091225,261.2288067451689,5.23306493562597,225.1761386747887,4.516370617226154,367.2505532881801,7.8403501793659816,395.20984447870865,8.481508047837627,332.56584760358027,7.020667941822872,-27.959291190528575,-0.6411578684716455,0.7166943183998162,-0.1408965364663688,211.39656816326135,395.2098444787086,327.48916373091225
experiment_2026_06_15_11_12,SEN_demand_NES,2023-05-01,Labor Day,H2,F,observance_tier,True,2023-05-01,12,True,True,3,False,2,3,3,euclidian,PLS,,3,{},2023-04-30 10:00:00,2023-05-02,574.8269702712382,10.186196511252975,311.213095,6.059,,14,24,3,4,3,3,0.06024770750431062,4974.6479085133615,4852.837782537322,574.8269702712382,10.186196511252975,10.091008054478285,570.2137525392709,210.71793651448388,3.682775975095069,3.4244073067066263,198.19634552771575,787.2239066293449,13.979858490678422,13.979858490678422,787.2239066293449,293.3496081892198,5.19076942827659,4.653936037499158,267.6912454928041,746.6852149830423,12.842929648043066,12.842929648043066,746.6852149830423,579.6668335326866,10.023712724971208,9.825932002053205,570.2137525392703,198.19634552771575,787.2239066293449,hourly_window_mean_factor_top_available_analogs,3,5079.443938596491,,5079.443938596491,0.0,-69.49489996508835,40.53869164630262,6.821210263296962e-13,-69.49489996508835,40.53869164630262,6.821210263296962e-13,-267.6912454928041,-746.6852149830423,-570.2137525392702,210.71793651448388,3.682775975095069,293.3496081892198,5.19076942827659,787.2239066293449,13.979858490678422,746.6852149830423,12.842929648043066,579.6668335326866,10.023712724971208,40.538691646302595,1.1369288426353563,-1.5079934531815207,0.16248378628176674,267.6912454928041,746.6852149830423,570.2137525392702
experiment_2026_06_15_11_12,SEN_demand_NES,2023-09-16,Independence Day,H2,H,observance_tier,True,2023-09-16,12,True,True,3,False,2,3,3,euclidian,PLS,,3,{},2023-09-15 10:00:00,2023-09-17,812.1491822054521,10.897584127285807,321.594161,6.426,,14,24,3,4,3,3,0.04737197069954846,8869.508374660963,8597.593303142236,812.1491822054521,10.897584127285807,-10.81868370883878,-804.4927865030679,208.31343345668145,2.350781259788646,-2.1366229811467177,-187.53178797878107,1164.3867023089017,15.883219133325822,-15.883219133325822,-1164.3867023089017,199.95325607349034,2.2290940529717362,-1.001061195831729,-80.90691838367313,1226.5845429060494,16.816204225534104,-16.816204225534104,-1226.5845429060494,848.3519635466856,11.442005740905865,-10.98957258301218,-804.4927865030687,-187.53178797878107,-1164.3867023089017,hourly_window_mean_factor_top_available_analogs,3,6475.857130614034,,6475.857130614034,0.0,-106.62486959510794,62.197840597147625,8.376924884750655e-13,-106.62486959510794,62.197840597147625,8.376924884750655e-13,80.90691838367313,1226.5845429060494,804.4927865030687,208.31343345668145,2.350781259788646,199.95325607349034,2.2290940529717362,1164.3867023089017,15.883219133325822,1226.5845429060494,16.816204225534104,848.3519635466856,11.442005740905865,-62.19784059714766,-0.9329850922082823,0.12168720681690992,-0.5444216136200577,80.90691838367313,1226.5845429060494,804.4927865030687
experiment_2026_06_15_11_12,SEN_demand_NES,2023-11-20,Mexican Revolution Day,H2,F,observance_tier,True,2023-11-20,12,True,True,3,False,2,4,3,euclidian,PCR,,3,{},2023-11-19 10:00:00,2023-11-21,217.240182045693,4.218887994881952,318.406935,6.085,,14,24,3,4,3,3,0.06024770750431062,4855.014675383589,4866.294794786055,217.240182045693,4.218887994881952,3.4232744868205915,179.10055014272754,196.76873030806934,3.87322227735674,3.632553184836893,185.07558216349722,229.18186222597345,4.420526330104995,3.3011952463110816,175.61511479727858,102.4243808161693,2.017750130583513,0.5261408473092939,29.766283481046816,266.21220569537377,5.125355853349432,5.125355853349432,266.21220569537377,205.86932284514054,3.9804484818040926,3.43090821954517,179.100550142727,185.07558216349722,175.61511479727858,hourly_window_mean_factor_top_available_analogs,3,5079.4439385964915,,5079.4439385964915,0.0,155.3092986824504,-90.59709089809519,5.504836352836145e-13,155.3092986824504,-90.59709089809519,5.504836352836145e-13,-29.766283481046827,-266.21220569537377,-179.100550142727,196.76873030806934,3.87322227735674,102.4243808161693,2.017750130583513,229.18186222597345,4.420526330104995,266.21220569537377,5.125355853349432,205.86932284514054,3.9804484818040926,-37.03034346940032,-0.7048295232444373,1.8554721467732271,0.23843951307785982,29.766283481046827,266.21220569537377,179.100550142727
experiment_2026_06_15_11_12,SEN_demand_NES,2023-12-24,Christmas Eve,H1,G,observance_tier,True,2023-12-24,12,True,True,3,False,2,4,3,euclidian,PCR,,3,{},2023-12-23 10:00:00,2023-12-25,295.2587519956528,6.43186658020981,326.565413,6.226,,14,24,3,4,3,3,0.07240640050909974,4771.338749839898,4393.892265482168,295.2587519956528,6.43186658020981,-5.209744049575787,-240.70663352410816,424.60915373886246,8.503727103138113,-8.503727103138113,-424.60915373886246,219.8043509787805,5.2232812751683,-3.2882539349977637,-133.43016339883488,232.15160979188795,4.657507150018423,-4.657507150018423,-232.15160979188795,262.47979301877905,6.318358019117594,-5.968292461774435,-245.69706403457056,251.30625182992443,5.7064655936600035,-5.485371557443273,-240.70663352410855,-424.60915373886246,-133.43016339883488,hourly_window_mean_factor_top_available_analogs,3,4805.17849008772,,4805.17849008772,0.0,-192.4575439469745,112.2669006357357,3.590110664893138e-13,-192.4575439469745,112.2669006357357,3.590110664893138e-13,232.15160979188795,245.6970640345706,240.70663352410853,424.60915373886246,8.503727103138113,232.15160979188795,4.657507150018423,219.8043509787805,5.2232812751683,262.47979301877905,6.318358019117594,251.30625182992443,5.7064655936600035,-42.67544203999856,-1.0950767439492939,3.8462199531196894,0.7254009865498068,232.15160979188795,245.6970640345706,240.70663352410853
experiment_2026_06_15_11_12,SEN_demand_NES,2023-12-25,Christmas Day,H2,H,observance_tier,True,2023-12-25,12,True,True,3,False,2,4,3,euclidian,PCR,,3,{},2023-12-24 10:00:00,2023-12-26,195.98405752139453,4.895830045100683,328.422705,6.188,,14,24,3,4,3,3,0.06298275744020501,4082.8568979938923,3965.2800690569948,195.98405752139453,4.895830045100683,-1.1629973601309798,-42.06589220441709,184.29578304500419,4.291249161895404,-0.07865553218411803,7.011200257144245,202.8022176326222,5.248502226970432,-1.7955300930999825,-70.69419614032786,202.13117294245748,4.7459809325550895,-0.4995930424449915,-8.611915567709891,83.83285436393659,2.1509645711903005,-1.579679946649392,-61.58071190916547,127.41644541918113,3.1070232306404857,-1.1817531924688236,-42.06589220441868,7.011200257144245,-70.69419614032786,hourly_window_mean_factor_top_available_analogs,3,4248.67475868421,,4248.67475868421,0.0,15.623115824854137,-9.113484231162394,1.5916157281026244e-12,15.623115824854137,-9.113484231162394,1.5916157281026244e-12,8.611915567709893,61.580711909165466,42.06589220441868,184.29578304500419,4.291249161895404,202.13117294245748,4.7459809325550895,202.8022176326222,5.248502226970432,83.83285436393659,2.1509645711903005,127.41644541918113,3.1070232306404857,118.9693632686856,3.0975376557801315,-0.4547317706596852,1.7888068144601976,8.611915567709893,61.580711909165466,42.06589220441868
experiment_2026_06_15_11_12,SEN_demand_NES,2023-12-31,New Year's Eve,H1,G,observance_tier,True,2023-12-31,12,True,True,3,False,2,4,3,euclidian,PCR,standard,3,{},2023-12-30 10:00:00,2024-01-01,390.83885675429616,9.152668402418835,342.488959,6.494,,14,24,3,4,3,3,0.050333147125149115,4739.151849122718,4629.606375981191,390.83885675429616,9.152668402418835,-9.152668402418835,-390.83885675429616,299.94813807961924,6.518022421595853,-6.518022421595853,-299.94813807961924,443.85844264785777,10.689545224565578,-10.689545224565578,-443.85844264785777,363.0307865501462,7.909896386949638,-7.909896386949638,-363.0307865501462,407.0602310400515,9.819086672800504,-9.819086672800504,-407.0602310400515,390.83885675429696,9.115700778013343,-9.115700778013343,-390.83885675429696,-299.94813807961924,-443.85844264785777,hourly_window_mean_factor_top_available_analogs,3,4623.393916754386,,4623.393916754386,0.0,63.082648470526955,-36.79821160780625,7.180221329786276e-13,63.082648470526955,-36.79821160780625,7.180221329786276e-13,363.0307865501462,407.0602310400515,390.8388567542969,299.94813807961924,6.518022421595853,363.0307865501462,7.909896386949638,443.85844264785777,10.689545224565578,407.0602310400515,9.819086672800504,390.83885675429696,9.115700778013343,36.79821160780625,0.8704585517650738,-1.3918739653537857,0.036967624405491506,363.0307865501462,407.0602310400515,390.8388567542969
experiment_2026_06_15_11_12,SEN_demand_NES,2024-01-01,New Year's Day,H3,H,observance_tier,True,2024-01-01,12,True,True,3,False,2,4,3,euclidian,PCR,standard,3,{},2023-12-31 10:00:00,2024-01-02,130.38314744367997,3.372285305906903,331.147882,6.376,,14,24,3,4,3,3,0.05654168319923578,4070.187076978675,3994.009355822984,130.38314744367997,3.372285305906903,-2.124928690106986,-76.1138075049904,84.60374276431106,2.0397527589539868,-0.2863115571570979,-9.267311817000778,157.08780017331185,4.149595958296104,-3.197455350994421,-115.1075966563177,212.55209346198677,5.105575072843443,4.446070887547703,185.30662823849576,232.1727382884607,6.166525927583211,-6.073358345904481,-228.60906168869133,224.9440796681808,5.775649296889613,-2.1977791546326237,-76.11380750499082,-9.267311817000778,-115.1075966563177,hourly_window_mean_factor_top_available_analogs,3,4227.348379298245,,4227.348379298245,0.0,-194.57394005549654,113.50146503237363,4.0687920868788895e-13,-194.57394005549654,113.50146503237363,4.0687920868788895e-13,-185.30662823849576,228.60906168869133,76.11380750499082,84.60374276431106,2.0397527589539868,212.55209346198677,5.105575072843443,157.08780017331185,4.149595958296104,232.1727382884607,6.166525927583211,224.9440796681808,5.775649296889613,-75.08493811514884,-2.0169299692871068,-3.0658223138894565,-2.40336399098271,185.30662823849576,228.60906168869133,76.11380750499082
experiment_2026_06_15_11_12,SEN_demand_NES,2024-02-05,Constitution Day,H2,H,observance_tier,True,2024-02-05,12,True,True,3,False,2,4,3,euclidian,PCR,standard,3,{},2024-02-04 10:00:00,2024-02-06,423.634895608964,9.074839932619938,297.359844,5.91,,14,24,3,4,3,3,0.042729787440851076,5115.140854293175,5041.708684607621,423.634895608964,9.074839932619938,-9.074839932619938,-423.634895608964,533.10624946841,11.373039967011906,-11.373039967011906,-533.10624946841,359.7766058576205,7.734223245891289,-7.734223245891289,-359.7766058576205,572.0964627420736,12.356542512814924,-12.356542512814924,-572.0964627420736,337.03231478131715,7.41225373326898,-7.41225373326898,-337.03231478131715,423.6348956089643,9.233833809943802,-9.233833809943802,-423.6348956089643,-533.10624946841,-359.7766058576205,hourly_window_mean_factor_top_available_analogs,3,4703.218448684212,,4703.218448684212,0.0,38.99021327366362,-22.744291076303284,3.111429242907386e-13,38.99021327366362,-22.744291076303284,3.111429242907386e-13,572.0964627420736,337.0323147813172,423.63489560896426,533.10624946841,11.373039967011906,572.0964627420736,12.356542512814924,359.7766058576205,7.734223245891289,337.03231478131715,7.41225373326898,423.6348956089643,9.233833809943802,22.74429107630334,0.32196951262230833,-0.9835025458030184,-0.15899387732386394,572.0964627420736,337.0323147813172,423.63489560896426
experiment_2026_06_15_11_12,SEN_demand_NES,2024-03-18,Benito Juarez's Birthday,H2,H,observance_tier,True,2024-03-18,12,True,True,3,False,2,4,3,pearson,RidgeReg,,2,{},2024-03-17 10:00:00,2024-03-19,262.5000632065007,4.931628371370453,331.64777,6.658,,14,24,3,4,3,3,0.0615521328406155,5423.551986947385,5233.228594172035,262.5000632065007,4.931628371370453,-3.083003127666184,-168.89155510527976,271.20757605287,4.837091390000604,-4.291572856527315,-242.32935527655692,257.4206807127853,4.9867749438362,-2.3780041191638577,-126.05283833870142,149.10595449131142,2.7199716672625067,0.3481975565989658,14.981976774551965,281.4971176040743,5.405716364442455,-5.299755567430656,-276.15111536851435,232.72142593095114,4.416231476007736,-3.218930732261848,-168.8915551052794,-242.32935527655692,-126.05283833870142,hourly_window_mean_factor_top_available_analogs,3,4289.797575526315,,4289.797575526315,0.0,-257.3113320511089,150.09827702981295,-3.590110664893138e-13,-257.3113320511089,150.09827702981295,-3.590110664893138e-13,-14.981976774551953,276.15111536851435,168.8915551052794,271.20757605287,4.837091390000604,149.10595449131142,2.7199716672625067,257.4206807127853,4.9867749438362,281.4971176040743,5.405716364442455,232.72142593095114,4.416231476007736,-24.07643689128895,-0.41894142060625494,2.1171197227380976,0.5153968953627173,14.981976774551953,276.15111536851435,168.8915551052794
experiment_2026_06_15_11_12,SEN_demand_NES,2024-03-28,Maundy Thursday,H1,G,observance_tier,True,2024-03-28,12,True,True,3,False,2,4,3,pearson,RidgeReg,,2,{},2024-03-27 10:00:00,2024-03-29,283.5833012363638,4.800278361459006,326.472333,6.503,,14,24,3,4,3,3,0.06716465051182119,5747.506496170568,5413.485999687427,283.5833012363638,4.800278361459006,4.585737823570645,270.00544725048445,53.55353067714701,0.8436487590851224,0.2613244419595707,16.699355572617346,417.76733406257364,7.1083122961771075,7.1083122961771075,417.76733406257364,87.75798001504641,1.379929016839451,1.3146689029784067,83.60572989520597,378.7386157077299,6.421215854151883,6.421215854151883,378.7386157077299,271.53522361042536,4.563899650931514,4.539856451087971,270.00544725048417,16.699355572617346,417.76733406257364,hourly_window_mean_factor_top_available_analogs,3,5252.984913333334,,5252.984913333334,0.0,-66.90637432258862,39.02871835484382,2.87208853191451e-13,-66.90637432258862,39.02871835484382,2.87208853191451e-13,-83.60572989520597,-378.7386157077298,-270.00544725048417,53.55353067714701,0.8436487590851224,87.75798001504641,1.379929016839451,417.76733406257364,7.1083122961771075,378.7386157077299,6.421215854151883,271.53522361042536,4.563899650931514,39.02871835484376,0.6870964420252248,-0.5362802577543285,0.23637871052749215,83.60572989520597,378.7386157077298,270.00544725048417
experiment_2026_06_15_11_12,SEN_demand_NES,2024-03-29,Good Friday,H2,G,observance_tier,True,2024-03-29,12,True,True,3,False,2,4,3,pearson,RidgeReg,,2,{},2024-03-28 10:00:00,2024-03-30,116.83170860190071,2.106179808872705,345.949241,6.813,,14,24,3,4,3,3,0.07523199808912355,5507.384268591058,5253.021676117657,116.83170860190071,2.106179808872705,0.8705467937377999,54.025765356311865,95.29856726724549,1.5783239827906397,0.7933171037469195,50.56612431168742,129.39270771378293,2.4140957074205756,0.91559744623248,56.04388929900946,89.30031779934286,1.516401348779511,-0.8604574877035288,-48.96536930889761,157.5102118950883,2.893164766292441,1.9982174543823767,114.10392724434887,132.38025091244523,2.385936138787678,0.9450214230875695,54.02576535631069,50.56612431168742,56.04388929900946,hourly_window_mean_factor_top_available_analogs,3,4718.408395175439,,4718.408395175439,0.0,99.53149362058502,-58.06003794533941,1.1727694838650917e-12,99.53149362058502,-58.06003794533941,1.1727694838650917e-12,48.96536930889761,-114.10392724434887,-54.02576535631069,95.29856726724549,1.5783239827906397,89.30031779934286,1.516401348779511,129.39270771378293,2.4140957074205756,157.5102118950883,2.893164766292441,132.38025091244523,2.385936138787678,-28.117504181305378,-0.47906905887186557,0.06192263401112874,-0.279756329914973,48.96536930889761,114.10392724434887,54.02576535631069
experiment_2026_06_15_11_12,SEN_demand_NES,2024-03-30,Holy Saturday,H3,G,observance_tier,True,2024-03-30,12,True,True,3,False,2,5,3,pearson,RidgeReg,,2,{},2024-03-29 10:00:00,2024-03-31,380.5143116063677,6.971792893547235,275.148024,5.575,,14,24,3,4,3,3,0.04672705449681308,5012.8239120575745,4825.590915456997,380.5143116063677,6.971792893547235,6.575983433883946,360.56895399505606,176.27231157213717,3.180471432742066,2.106131470798854,122.13491234143417,499.6554782930021,9.183397079016917,9.183397079016917,499.6554782930021,207.8774928410549,3.7392871212711642,2.922597929428676,166.94537748941906,473.51604029001237,8.649252725862993,8.649252725862993,473.51604029001237,375.6492070193439,6.8403180294344255,6.539432537702981,360.568953995057,122.13491234143417,499.6554782930021,hourly_window_mean_factor_top_available_analogs,3,5268.873049122807,,5268.873049122807,0.0,-44.81046514798488,26.139438002989703,-9.334287728722159e-13,-44.81046514798488,26.139438002989703,-9.334287728722159e-13,-166.94537748941906,-473.51604029001237,-360.568953995057,176.27231157213717,3.180471432742066,207.8774928410549,3.7392871212711642,499.6554782930021,9.183397079016917,473.51604029001237,8.649252725862993,375.6492070193439,6.8403180294344255,26.13943800298972,0.5341443531539234,-0.5588156885290982,0.13147486411280962,166.94537748941906,473.51604029001237,360.568953995057
experiment_2026_06_15_11_12,SEN_demand_NES,2024-05-01,Labor Day,H2,F,observance_tier,True,2024-05-01,12,True,True,3,False,2,6,3,pearson,RidgeReg,,2,{},2024-04-30 10:00:00,2024-05-02,1286.368754390308,15.727951852123523,343.774188,6.958,,14,24,3,4,3,3,0.05988749277366876,6685.192370484301,6523.226507275843,1286.368754390308,15.727951852123523,15.458279833730698,1267.324037673594,1577.5871204440562,18.322528610703014,18.322528610703014,1577.5871204440562,1116.4913741922876,14.214448742952156,13.78746804716352,1086.3372393908242,1673.6723419274324,19.547060862037558,19.547060862037558,1673.6723419274324,1030.2875268588543,13.563974229219276,13.563974229219276,1030.2875268588543,1267.3240376735937,15.768269304468118,15.768269304468118,1267.3240376735937,1577.5871204440562,1086.3372393908242,hourly_window_mean_factor_top_available_analogs,3,5119.91137236842,,5119.91137236842,0.0,-96.08522148337599,56.04971253196978,2.87208853191451e-13,-96.08522148337599,56.04971253196978,2.87208853191451e-13,-1673.6723419274322,-1030.2875268588543,-1267.3240376735937,1577.5871204440562,18.322528610703014,1673.6723419274324,19.547060862037558,1116.4913741922876,14.214448742952156,1030.2875268588543,13.563974229219276,1267.3240376735937,15.768269304468118,86.20384733343326,0.6504745137328793,-1.2245322513345442,-0.040317452344595495,1673.6723419274322,1030.2875268588543,1267.3240376735937
experiment_2026_06_15_11_12,SEN_demand_NES,2024-09-16,Independence Day,H2,H,observance_tier,True,2024-09-16,12,True,True,3,False,2,6,3,pearson,PLS,minmax,3,{},2024-09-15 10:00:00,2024-09-17,332.76608356331826,5.144167858914758,370.809034,7.149,,14,24,3,4,3,3,0.04976469638615774,6861.527675405424,6753.48049004003,332.76608356331826,5.144167858914758,-5.144167858914758,-332.76608356331826,421.5531067460976,6.349860681705343,-6.349860681705343,-421.5531067460976,280.9736533733637,4.440847045620249,-4.440847045620249,-280.9736533733637,438.7205231123866,6.612344000276943,-6.612344000276943,-438.7205231123866,272.7301888953901,4.385945453363019,-4.361856053238053,-270.95932715969525,333.8845225542835,5.206197549594466,-5.190983191620803,-332.7660835633184,-421.5531067460976,-280.9736533733637,hourly_window_mean_factor_top_available_analogs,3,4821.305070614036,,4821.305070614036,0.0,17.167416366288958,-10.014326213668445,7.180221329786275e-14,17.167416366288958,-10.014326213668445,7.180221329786275e-14,438.72052311238656,270.95932715969525,332.7660835633183,421.5531067460976,6.349860681705343,438.7205231123866,6.612344000276943,280.9736533733637,4.440847045620249,272.7301888953901,4.385945453363019,333.8845225542835,5.206197549594466,8.243464477973589,0.054901592257230014,-0.2624833185715998,-0.06202969067970798,438.72052311238656,270.95932715969525,332.7660835633183
experiment_2026_06_15_11_12,SEN_demand_NES,2024-11-18,Mexican Revolution Day,H2,F,observance_tier,True,2024-11-18,12,True,True,3,False,2,6,3,pearson,PLS,minmax,3,{},2024-11-17 10:00:00,2024-11-19,439.2811505075365,7.3814494770938515,353.678171,6.441,,14,24,3,4,3,3,0.06229508502850682,5435.957783938694,5426.522505484387,439.2811505075365,7.3814494770938515,7.368773269881147,438.63247053499055,298.02873363654754,5.030807488248386,4.996400640099613,296.26803085392294,521.67839368228,8.752657303920374,8.752657303920374,521.67839368228,298.3335780202804,5.048433994581175,5.048433994581175,298.3335780202804,520.4734911685713,8.763865544692772,8.763865544692772,520.4734911685713,438.63247053499055,7.395022342020081,7.395022342020081,438.63247053499055,296.26803085392294,521.67839368228,hourly_window_mean_factor_top_available_analogs,3,5059.827434035087,,5059.827434035087,0.0,-2.0655471663574514,1.204902513708627,7.180221329786275e-14,-2.0655471663574514,1.204902513708627,7.180221329786275e-14,-298.3335780202804,-520.4734911685714,-438.6324705349905,298.02873363654754,5.030807488248386,298.3335780202804,5.048433994581175,521.67839368228,8.752657303920374,520.4734911685713,8.763865544692772,438.63247053499055,7.395022342020081,1.2049025137087028,-0.01120824077239746,-0.01762650633278895,-0.013572864926229222,298.3335780202804,520.4734911685714,438.6324705349905
experiment_2026_06_15_11_12,SEN_demand_NES,2024-12-24,Christmas Eve,H1,G,observance_tier,True,2024-12-24,12,True,True,3,False,2,6,3,pearson,PLS,minmax,2,{},2024-12-23 10:00:00,2024-12-25,353.031496659843,7.260005707199238,359.219984,6.413,,14,24,3,4,3,3,0.05870958299353212,4443.175402006899,4317.627884278693,353.031496659843,7.260005707199238,6.700078391621637,328.5509835194159,486.1541733161743,9.411008070895713,9.411008070895713,486.1541733161743,275.37660194364975,6.005254328376296,5.118702745378427,236.61578947130678,423.85343521951376,8.209387502101592,8.209387502101592,423.85343521951376,318.418570106848,6.991156965870235,5.952384448347309,272.95788669435984,357.2629940957249,7.4399787423765265,6.78391188920415,328.55098351941655,486.1541733161743,236.61578947130678,hourly_window_mean_factor_top_available_analogs,3,5469.614586666667,,5469.614586666667,0.0,62.30073809666055,-36.34209722305309,-6.9408806187934e-13,62.30073809666055,-36.34209722305309,-6.9408806187934e-13,-423.85343521951376,-272.9578866943599,-328.5509835194166,486.1541733161743,9.411008070895713,423.85343521951376,8.209387502101592,275.37660194364975,6.005254328376296,318.418570106848,6.991156965870235,357.2629940957249,7.4399787423765265,-43.04196816319825,-0.9859026374939388,1.2016205687941213,-0.17997303517728813,423.85343521951376,272.9578866943599,328.5509835194166
experiment_2026_06_15_11_12,SEN_demand_NES,2024-12-25,Christmas Day,H2,H,observance_tier,True,2024-12-25,12,True,True,3,False,2,6,3,pearson,PLS,minmax,2,{},2024-12-24 10:00:00,2024-12-26,156.692522255131,3.5403599704667656,375.320428,6.705,,14,24,3,4,3,3,0.08188251170334526,4119.808092097757,3946.229670779554,156.692522255131,3.5403599704667656,2.546217600785975,119.44197606013802,209.09036739409567,4.428690155857244,4.023860315770145,191.20206135675224,126.12711259073495,3.0221673623223206,1.6842593503785428,77.58192630377972,183.07416399481235,3.901377203512438,2.7830593360956315,133.5517209579959,119.23561270475086,2.8339831832108047,2.607596863197874,111.21129153638663,142.75507896951035,3.2272336117429856,2.672240932160206,119.4419760601374,191.20206135675224,77.58192630377972,hourly_window_mean_factor_top_available_analogs,3,4174.048550350876,,4174.048550350876,0.0,57.650340398756335,-33.629365232606894,6.103188130318334e-13,57.650340398756335,-33.629365232606894,6.103188130318334e-13,-133.5517209579959,-111.21129153638663,-119.4419760601374,209.09036739409567,4.428690155857244,183.07416399481235,3.901377203512438,126.12711259073495,3.0221673623223206,119.23561270475086,2.8339831832108047,142.75507896951035,3.2272336117429856,6.891499885984089,0.18818417911151597,0.5273129523448059,0.31312635872378003,133.5517209579959,111.21129153638663,119.4419760601374
experiment_2026_06_15_11_12,SEN_demand_NES,2024-12-31,New Year's Eve,H2,G,observance_tier,True,2024-12-31,12,True,True,6,False,2,6,6,pearson,RidgeReg,standard,2,{},2024-12-30 10:00:00,2025-01-01,121.74197038682986,2.6361686211160453,372.703698,6.427,,14,24,4,4,6,4,0.05779302130280716,4618.665819079766,4416.8620771102005,121.74197038682986,2.6361686211160453,1.5186796298856649,73.16106565707624,116.43002468669485,2.2601067287703596,2.2601067287703596,116.43002468669485,124.84060537857529,2.855538058317696,1.086180488869593,47.92083955646539,157.61908492963508,3.0280511979551448,2.508488014340805,133.41010355655797,134.40005095414614,3.0653637433662606,0.7825222627341537,38.015793549044794,142.95443189248417,3.051617016109533,1.4184043817471301,73.16106565707597,116.43002468669485,47.92083955646539,hourly_window_mean_factor_top_available_analogs,4,5656.812817960526,,5656.812817960526,0.0,-16.980078869863128,9.905046007420594,2.7524181764180723e-13,-16.980078869863128,9.905046007420594,2.7524181764180723e-13,-133.41010355655797,-38.015793549044794,-73.16106565707597,116.43002468669485,2.2601067287703596,157.61908492963508,3.0280511979551448,124.84060537857529,2.855538058317696,134.40005095414614,3.0653637433662606,142.95443189248417,3.051617016109533,-9.559445575570848,-0.20982568504856447,-0.7679444691847852,-0.41544839499348774,133.41010355655797,38.015793549044794,73.16106565707597
experiment_2026_06_15_11_12,SEN_demand_NES,2025-01-01,New Year's Day,H3,H,observance_tier,True,2025-01-01,12,True,True,6,False,2,6,6,pearson,RidgeReg,standard,2,{},2024-12-31 10:00:00,2025-01-02,80.34631956281669,2.024909218505556,376.042368,6.5,,14,24,4,4,6,4,0.0881163274847348,4090.469071370296,3814.106333963693,80.34631956281669,2.024909218505556,0.3976386938303189,11.166372840229936,80.36580838079873,1.8240724983207808,-1.1885632948224065,-51.614669067331924,80.3349510856605,2.1420639719466745,1.3229231872110754,47.788647286307686,74.44147292229104,1.6552980104798203,-0.22866172603259566,-6.743969406789249,76.9343194068342,1.9602525588278794,0.4859694128955987,21.614072484324822,76.01590228094987,1.8479008831206996,0.22268425644836912,11.166372840230164,-51.614669067331924,47.788647286307686,hourly_window_mean_factor_top_available_analogs,4,5164.647042434211,,5164.647042434211,0.0,-44.87069966054268,26.174574801982867,-2.2737367544323206e-13,-44.87069966054268,26.174574801982867,-2.2737367544323206e-13,6.7439694067892475,-21.61407248432482,-11.166372840230164,80.36580838079873,1.8240724983207808,74.44147292229104,1.6552980104798203,80.3349510856605,2.1420639719466745,76.9343194068342,1.9602525588278794,76.01590228094987,1.8479008831206996,3.4006316788263007,0.18181141311879512,0.1687744878409605,0.17700833538485639,6.7439694067892475,21.61407248432482,11.166372840230164
experiment_2026_06_15_11_12,SEN_demand_NES,2025-02-03,Constitution Day,H2,H,observance_tier,True,2025-02-03,12,True,True,5,False,2,6,5,pearson,RidgeReg,standard,2,{},2025-02-02 10:00:00,2025-02-04,136.10600438605053,2.719661904041585,311.019885,5.661,,14,24,4,4,5,4,0.05792852684653578,4778.353150454425,4746.331904904232,136.10600438605053,2.719661904041585,0.5776295858588596,40.13199849294341,117.12247203460667,2.551485768323598,-1.6757674435430714,-73.37680354047032,147.17973159105944,2.817764649877077,1.8921111863433193,106.34546634576809,108.54076079619342,2.3512394026599703,-1.504959785748012,-67.4516924478293,110.49674514317103,2.112518414809162,1.9391612355379155,102.889151541727,109.77611933112664,2.2004682524384065,0.6702745434852055,40.1319984929431,-73.37680354047032,106.34546634576809,hourly_window_mean_factor_top_available_analogs,4,4329.0748891447365,,4329.0748891447365,0.0,-5.925111092641016,3.456314804041085,3.111429242907386e-13,-5.925111092641016,3.456314804041085,3.111429242907386e-13,67.4516924478293,-102.889151541727,-40.1319984929431,117.12247203460667,2.551485768323598,108.54076079619342,2.3512394026599703,147.17973159105944,2.817764649877077,110.49674514317103,2.112518414809162,109.77611933112664,2.2004682524384065,36.68298644788841,0.7052462350679152,0.20024636566362775,0.5191936516031785,67.4516924478293,102.889151541727,40.1319984929431
experiment_2026_06_15_11_12,SEN_demand_NES,2025-03-17,Benito Juarez's Birthday,H2,H,observance_tier,True,2025-03-17,12,True,True,6,False,2,6,6,euclidian,RidgeReg,standard,2,{},2025-03-16 10:00:00,2025-03-18,205.96548413181225,3.8396013047533954,300.513855,5.236,,14,24,4,4,6,4,0.045931621744475216,5142.447000685125,5009.502012248838,205.96548413181225,3.8396013047533954,0.7381392038209388,57.31679457803358,112.12941458524776,2.2024177768840505,-1.43565205271932,-68.6996101473295,260.7031913673082,4.7946250293438455,2.006184103469423,130.82636400116203,262.6533574588516,4.914293548710266,0.863251405737518,62.97196429706472,207.38596049599906,3.934752021124385,0.6651243648249058,54.017945575264015,227.7476330612605,4.2956357418139195,0.7381185377927103,57.3167945780327,-68.6996101473295,130.82636400116203,hourly_window_mean_factor_top_available_analogs,4,5533.002233552632,,5533.002233552632,0.0,-131.67157444439422,76.80841842589803,8.855606306736407e-13,-131.67157444439422,76.80841842589803,8.855606306736407e-13,-62.97196429706473,-54.01794557526401,-57.31679457803269,112.12941458524776,2.2024177768840505,262.6533574588516,4.914293548710266,260.7031913673082,4.7946250293438455,207.38596049599906,3.934752021124385,227.7476330612605,4.2956357418139195,53.317230871309135,0.8598730082194606,-2.711875771826216,-0.45603443706052404,62.97196429706473,54.01794557526401,57.31679457803269
experiment_2026_06_15_11_12,SEN_demand_NES,2025-04-17,Maundy Thursday,H1,G,observance_tier,True,2025-04-17,12,True,True,5,False,2,6,5,euclidian,PCR,standard,5,{},2025-04-16 10:00:00,2025-04-18,761.5598353468253,10.542846227629806,251.755409,4.606,,14,24,4,4,5,4,0.06275828063849895,6534.513635528157,6022.634815773414,761.5598353468253,10.542846227629806,10.00468399005085,723.0367086823693,345.39270012437765,4.466426179969986,3.005700106541391,240.82992774942574,1004.3239975599196,14.0874245887647,14.0874245887647,1004.3239975599196,572.606974475652,7.310278663636211,7.310278663636211,572.606974475652,810.7873869696218,11.255364987352266,11.255364987352266,810.7873869696218,723.0367086823697,9.80191213124635,9.80191213124635,723.0367086823697,240.82992774942574,1004.3239975599196,hourly_window_mean_factor_top_available_analogs,4,5618.75830263158,,5618.75830263158,0.0,-331.7770467262262,193.53661059029784,-5.026154930850393e-13,-331.7770467262262,193.53661059029784,-5.026154930850393e-13,-572.6069744756519,-810.7873869696217,-723.0367086823697,345.39270012437765,4.466426179969986,572.606974475652,7.310278663636211,1004.3239975599196,14.0874245887647,810.7873869696218,11.255364987352266,723.0367086823697,9.80191213124635,193.53661059029776,2.8320596014124337,-2.8438524836662253,0.7409340963834552,572.6069744756519,810.7873869696217,723.0367086823697
experiment_2026_06_15_11_12,SEN_demand_NES,2025-04-18,Good Friday,H2,G,observance_tier,True,2025-04-18,12,True,True,5,False,2,6,5,pearson,RidgeReg,standard,2,{},2025-04-17 10:00:00,2025-04-19,576.0459759227168,8.388443664017299,268.16937,4.69,,14,24,4,4,5,4,0.06816933926364226,6397.132262571033,5935.472033627199,576.0459759227168,8.388443664017299,6.8346070072188025,471.4463116394937,321.3400008654312,4.489855232614649,0.2722985927330149,37.42662638239712,724.6244613728,10.662620249002181,10.662620249002181,724.6244613728,350.94260945154645,4.75626944568316,3.235569379080513,250.83159811074438,600.1382278645974,8.78623118685242,8.78623118685242,600.1382278645974,508.3293158176838,7.301508440105851,6.7412505208311915,471.44631163949356,37.42662638239712,724.6244613728,hourly_window_mean_factor_top_available_analogs,4,5686.924035328948,,5686.924035328948,0.0,-213.40497172834725,124.48623350820269,7.180221329786275e-14,-213.40497172834725,124.48623350820269,7.180221329786275e-14,-250.83159811074438,-600.1382278645974,-471.4463116394936,321.3400008654312,4.489855232614649,350.94260945154645,4.75626944568316,724.6244613728,10.662620249002181,600.1382278645974,8.78623118685242,508.3293158176838,7.301508440105851,124.48623350820264,1.8763890621497605,-0.26641421306851143,1.0869352239114471,250.83159811074438,600.1382278645974,471.4463116394936
experiment_2026_06_15_11_12,SEN_demand_NES,2025-04-19,Holy Saturday,H3,G,observance_tier,True,2025-04-19,12,True,True,7,False,2,7,7,pearson,RidgeReg,standard,2,{},2025-04-18 10:00:00,2025-04-20,271.49121309295543,4.13819928430206,278.567362,4.857,,14,24,4,4,7,4,0.058949823824129055,6653.417186838157,6557.63547566662,271.49121309295543,4.13819928430206,-1.2433958413995168,-85.42482762762994,76.09939655545688,1.1329213316478972,-0.03974651021224825,2.2499368677821883,385.46977273982947,5.891278090016988,-1.9455246179254235,-136.56844024995368,238.69190312692146,3.660426933616048,-3.194624697092885,-205.37448502912932,132.02093768315694,2.02168527340621,-0.22692993010137838,-15.454194143423441,171.32076705717546,2.6254322008519395,-1.3202911600456178,-85.42482762763086,2.2499368677821883,-136.56844024995368,hourly_window_mean_factor_top_available_analogs,4,6117.239038289474,,6117.239038289474,0.0,207.6244218969115,-121.11424610653023,9.334287728722159e-13,207.6244218969115,-121.11424610653023,9.334287728722159e-13,205.37448502912932,15.45419414342345,85.42482762763088,76.09939655545688,1.1329213316478972,238.69190312692146,3.660426933616048,385.46977273982947,5.891278090016988,132.02093768315694,2.02168527340621,171.32076705717546,2.6254322008519395,253.44883505667252,3.8695928166107785,-2.527505601968151,1.5127670834501208,205.37448502912932,15.45419414342345,85.42482762763088
experiment_2026_06_15_11_12,SEN_demand_NES,2025-05-01,Labor Day,H2,F,observance_tier,True,2025-05-01,12,True,True,6,False,2,8,6,pearson,PLS,standard,2,{},2025-04-30 10:00:00,2025-05-02,568.9349026528745,6.887018907688245,258.674639,4.891,,14,24,4,4,6,4,0.05499436151280496,7380.815618384701,7292.447880245937,568.9349026528745,6.887018907688245,5.001080904943194,428.9801179310887,994.7217505202758,11.52250262490311,11.52250262490311,994.7217505202758,320.55924139689046,4.1829867393129065,1.1969182349665772,98.96416558739627,835.3801109342324,9.651250546559883,9.651250546559883,835.3801109342324,359.0994852543551,4.737252179751444,2.5112474998937877,191.91345534592062,534.5712947153627,6.547672630680869,5.141774938139191,428.98011793108816,994.7217505202758,98.96416558739627,hourly_window_mean_factor_top_available_analogs,4,5493.328904078948,,5493.328904078948,0.0,159.341639586043,-92.94928975852436,4.547473508864641e-13,159.341639586043,-92.94928975852436,4.547473508864641e-13,-835.3801109342328,-191.91345534592062,-428.9801179310883,994.7217505202758,11.52250262490311,835.3801109342324,9.651250546559883,320.55924139689046,4.1829867393129065,359.0994852543551,4.737252179751444,534.5712947153627,6.547672630680869,-38.540243857464645,-0.5542654404385372,1.8712520783432272,0.3393462770073761,835.3801109342328,191.91345534592062,428.9801179310883
experiment_2026_06_15_11_12,SEN_demand_NES,2025-09-16,Independence Day,H2,H,observance_tier,True,2025-09-16,12,True,True,8,False,2,8,8,pearson,RidgeReg,standard,2,{},2025-09-15 10:00:00,2025-09-17,552.2046562925701,7.534408988319219,234.079273,3.994,,14,24,4,4,8,4,0.07435412651688696,6681.037719036476,6810.918326084243,552.2046562925701,7.534408988319219,6.087641492589708,459.3525930687871,917.6835166168377,12.334374945636307,12.334374945636307,917.6835166168377,339.00865443674735,4.734428846550917,2.443713644979192,191.9928876657575,999.3628260983298,13.507371940867454,13.507371940867454,999.3628260983298,303.1938066465039,4.385978349805453,1.9638967204831737,144.34662380155362,559.67712960244,7.746491778091452,6.216756012203697,459.3525930687871,917.6835166168377,191.9928876657575,hourly_window_mean_factor_top_available_analogs,4,4892.550037763158,,4892.550037763158,0.0,-81.67930948149225,47.64626386420389,4.786814219857517e-14,-81.67930948149225,47.64626386420389,4.786814219857517e-14,-999.36282609833,-144.34662380155362,-459.35259306878703,917.6835166168377,12.334374945636307,999.3628260983298,13.507371940867454,339.00865443674735,4.734428846550917,303.1938066465039,4.385978349805453,559.67712960244,7.746491778091452,35.81484779024345,0.348450496745464,-1.1729969952311468,-0.21208278977223305,999.36282609833,144.34662380155362,459.35259306878703
experiment_2026_06_15_11_12,SEN_demand_NES,2025-11-17,Mexican Revolution Day,H2,F,observance_tier,True,2025-11-17,12,True,True,8,False,2,8,8,pearson,RidgeReg,standard,2,{},2025-11-16 10:00:00,2025-11-18,205.86261671868292,3.4118182767187717,271.003811,4.401,,14,24,4,4,8,4,0.06356673686789346,5621.425498361495,5619.515265849589,205.86261671868292,3.4118182767187717,2.6278876999566196,166.24993005955793,224.38131112143355,3.8630367511431083,1.735225185645837,116.8611616180943,195.06004498374503,3.1486074999712415,3.1486074999712415,195.06004498374503,252.31736915209208,4.340410434027896,2.1033895382750765,139.38078005718353,197.5954220507658,3.2228940344505603,2.9263190990570997,181.92360089427655,217.75613940388598,3.6346106027158944,2.6231345240321438,166.24993005955807,116.8611616180943,195.06004498374503,hourly_window_mean_factor_top_available_analogs,4,5263.518139144737,,5263.518139144737,0.0,-22.519618439089236,13.136444089468492,-1.436044265957255e-13,-22.519618439089236,13.136444089468492,-1.436044265957255e-13,-139.38078005718353,-181.92360089427655,-166.24993005955807,224.38131112143355,3.8630367511431083,252.31736915209208,4.340410434027896,195.06004498374503,3.1486074999712415,197.5954220507658,3.2228940344505603,217.75613940388598,3.6346106027158944,-2.535377067020761,-0.07428653447931888,-0.47737368288478743,-0.22279232599712273,139.38078005718353,181.92360089427655,166.24993005955807
experiment_2026_06_15_11_12,SEN_demand_NES,2025-12-24,Christmas Eve,H1,G,observance_tier,True,2025-12-24,12,True,True,8,False,2,8,8,pearson,RidgeReg,standard,2,{},2025-12-23 10:00:00,2025-12-25,151.30922675903682,2.872257941453213,275.042772,4.404,,14,24,4,4,8,4,0.08602969568351614,5222.653456760892,4799.404615328763,151.30922675903682,2.872257941453213,1.1328923173219199,51.19240192331807,149.97626666110824,2.6010332286255227,-2.10415422738027,-121.05810564454325,152.08678681616183,3.030472357269366,3.021169468398197,151.67186467123716,92.42744455067466,1.5868022301092064,0.19927009613328686,13.104270469560495,99.93908619783595,1.9998648481556722,1.427171669786486,73.41047860467673,97.17163927519759,1.8476838836122378,0.9747868794932018,51.192401923318116,-121.05810564454325,151.67186467123716,hourly_window_mean_factor_top_available_analogs,4,5068.205883618421,,5068.205883618421,0.0,-134.16237611410375,78.26138606656043,-4.786814219857517e-14,-134.16237611410375,78.26138606656043,-4.786814219857517e-14,-13.104270469560504,-73.41047860467673,-51.19240192331812,149.97626666110824,2.6010332286255227,92.42744455067466,1.5868022301092064,152.08678681616183,3.030472357269366,99.93908619783595,1.9998648481556722,97.17163927519759,1.8476838836122378,52.147700618325885,1.030607509113694,1.0142309985163163,1.0245740578409752,13.104270469560504,73.41047860467673,51.19240192331812
experiment_2026_06_15_11_12,SEN_demand_NES,2025-12-25,Christmas Day,H2,H,observance_tier,True,2025-12-25,12,True,True,6,False,2,8,6,pearson,PLS,minmax,3,{},2025-12-24 10:00:00,2025-12-26,202.41275654044924,4.809453369805091,305.950166,4.966,,14,24,4,4,6,4,0.08253219342587756,4673.226634577274,4497.6546872060035,202.41275654044924,4.809453369805091,-4.1248058653656186,-167.31258062990597,122.97932611378545,2.5261442760156982,-0.6678153353942723,-27.707420070882304,248.74892428933643,6.1413836745155725,-6.1413836745155725,-248.74892428933643,149.7717841306979,3.0828205317831143,-2.860523896441639,-138.39401159913834,189.5633854957678,4.677220262625043,-4.559082920494876,-184.18174589785338,174.90332183495258,4.089809835472753,-3.9332980168963148,-167.31258062990574,-27.707420070882304,-248.74892428933643,hourly_window_mean_factor_top_available_analogs,4,4154.84264125,,4154.84264125,0.0,110.68659152825603,-64.56717839148307,-2.3934071099287584e-13,110.68659152825603,-64.56717839148307,-2.3934071099287584e-13,138.39401159913834,184.18174589785338,167.31258062990574,122.97932611378545,2.5261442760156982,149.7717841306979,3.0828205317831143,248.74892428933643,6.1413836745155725,189.5633854957678,4.677220262625043,174.90332183495258,4.089809835472753,59.18553879356864,1.4641634118905298,-0.5566762557674161,0.719643534332338,138.39401159913834,184.18174589785338,167.31258062990574
experiment_2026_06_15_11_12,SEN_demand_NES,2025-12-31,New Year's Eve,H1,G,observance_tier,True,2025-12-31,12,True,True,4,False,2,8,4,pearson,PLS,minmax,3,{},2025-12-30 10:00:00,2026-01-01,291.2687943152478,6.44967220105775,293.871682,4.539,,14,24,4,4,4,4,0.05257560159958463,4998.972891203761,4848.803183958054,291.2687943152478,6.44967220105775,-5.249419425088726,-231.42253330902363,193.29532852420667,3.8476535418514843,-2.692464003628578,-132.02614076782746,348.41998269335505,7.967516418928073,-6.740976754273812,-289.4037622913881,231.81956695600098,4.609730914941225,-3.7035962010545918,-183.94828766099863,358.2026187530499,8.153975921618851,-6.0736819208277,-259.1158432703721,311.64044177518974,6.848201445474462,-5.200492445121818,-231.42253330902398,-132.02614076782746,-289.4037622913881,hourly_window_mean_factor_top_available_analogs,4,5017.81144743421,,5017.81144743421,0.0,51.92214689317117,-30.28791902101595,3.590110664893138e-13,51.92214689317117,-30.28791902101595,3.590110664893138e-13,183.94828766099863,259.1158432703721,231.422533309024,193.29532852420667,3.8476535418514843,231.81956695600098,4.609730914941225,348.41998269335505,7.967516418928073,358.2026187530499,8.153975921618851,311.64044177518974,6.848201445474462,-9.782636059694823,-0.18645950269077805,-0.7620773730897406,-0.39852924441671256,183.94828766099863,259.1158432703721,231.422533309024
experiment_2026_06_15_11_12,SEN_demand_NES,2026-01-01,New Year's Day,H3,H,observance_tier,True,2026-01-01,12,True,True,4,False,2,8,4,pearson,PLS,minmax,3,{},2025-12-31 10:00:00,2026-01-02,544.8728817288611,13.943180697392584,306.476949,4.846,,14,24,4,4,4,4,0.08489472699506968,4604.32139567623,4488.617322391845,544.8728817288611,13.943180697392584,-13.943180697392584,-544.8728817288611,408.4552384494602,9.43131728358699,-9.43131728358699,-408.4552384494602,624.4498403085114,16.575101022112516,-16.575101022112516,-624.4498403085114,610.8343852042416,13.98162901724274,-13.98162901724274,-610.8343852042416,506.3953380348903,13.153134556379735,-13.153134556379735,-506.3953380348903,544.8728817288618,13.458369357750318,-13.458369357750318,-544.8728817288618,-408.4552384494602,-624.4498403085114,hourly_window_mean_factor_top_available_analogs,4,4262.173024605263,,4262.173024605263,0.0,202.37914675478137,-118.05450227362114,8.376924884750655e-13,202.37914675478137,-118.05450227362114,8.376924884750655e-13,610.8343852042416,506.39533803489024,544.8728817288619,408.4552384494602,9.43131728358699,610.8343852042416,13.98162901724274,624.4498403085114,16.575101022112516,506.3953380348903,13.153134556379735,544.8728817288618,13.458369357750318,118.0545022736211,3.4219664657327815,-4.55031173365575,0.48481133964226686,610.8343852042416,506.39533803489024,544.8728817288619
experiment_2026_06_15_11_12,SEN_demand_NES,2026-02-02,Constitution Day,H2,H,observance_tier,True,2026-02-02,12,True,True,8,False,2,8,8,pearson,RidgeReg,standard,2,{},2026-02-01 10:00:00,2026-02-03,449.3151777533053,8.94398354739296,305.528068,5.673,,14,24,4,4,8,4,0.06426639524178371,5521.522711174358,5613.437187470915,449.3151777533053,8.94398354739296,-8.94398354739296,-449.3151777533053,200.5888425231154,3.943508969293135,-3.943508969293135,-200.5888425231154,594.4055399709162,11.860927051284529,-11.860927051284529,-594.4055399709162,203.70090230826423,3.933542348437992,-3.397797350332307,-175.69911243716328,608.9245491877215,12.102672386358307,-12.102672386358307,-608.9245491877215,459.6316266531846,9.092992898703454,-8.895613162559254,-449.31517775330536,-200.5888425231154,-594.4055399709162,hourly_window_mean_factor_top_available_analogs,4,4371.069186447367,,4371.069186447367,0.0,-24.889730085952124,14.519009216805367,-2.3934071099287584e-14,-24.889730085952124,14.519009216805367,-2.3934071099287584e-14,175.69911243716328,608.9245491877215,449.3151777533053,200.5888425231154,3.943508969293135,203.70090230826423,3.933542348437992,594.4055399709162,11.860927051284529,608.9245491877215,12.102672386358307,459.6316266531846,9.092992898703454,-14.51900921680533,-0.24174533507377838,0.009966620855143216,-0.1490093513104931,175.69911243716328,608.9245491877215,449.3151777533053
experiment_2026_06_15_11_12,SEN_demand_NES,2026-03-16,Benito Juarez's Birthday,H2,H,observance_tier,True,2026-03-16,12,True,True,7,False,2,8,7,pearson,RidgeReg,standard,2,{},2026-03-15 10:00:00,2026-03-17,488.6564641040907,8.289879809584152,314.837449,5.852,,14,24,4,4,7,4,0.09569338363867826,5386.561019673651,4962.460380507599,488.6564641040907,8.289879809584152,3.2833136967788144,233.35834348424282,621.3708709498429,9.497479759462482,3.4209410040217665,280.1114453274016,411.2397267774019,7.585446505488458,3.2030311008870918,206.08570074240018,638.2232874484596,9.672977407962355,4.9654197709321926,377.94512133671554,393.0296166013286,7.151321653755656,2.157867122106068,149.01605640363582,483.3641269134296,8.080352721094968,3.192228624305167,233.35834348424405,280.1114453274016,206.08570074240018,hourly_window_mean_factor_top_available_analogs,4,5206.2487669078955,,5206.2487669078955,0.0,-97.83367600931395,57.069644338764384,-1.3163739104608172e-12,-97.83367600931395,57.069644338764384,-1.3163739104608172e-12,-377.94512133671554,-149.0160564036358,-233.35834348424413,621.3708709498429,9.497479759462482,638.2232874484596,9.672977407962355,411.2397267774019,7.585446505488458,393.0296166013286,7.151321653755656,483.3641269134296,8.080352721094968,18.21011017607333,0.43412485173280224,-0.17549764849987248,0.20952708848918355,377.94512133671554,149.0160564036358,233.35834348424413
experiment_2026_06_15_11_12,SEN_demand_NES,2026-04-02,Maundy Thursday,H1,G,observance_tier,True,2026-04-02,12,True,True,7,False,2,8,7,pearson,RidgeReg,standard,2,{},2026-04-01 10:00:00,2026-04-03,486.7096783216208,6.4932750149611635,332.934553,6.198,,14,24,4,4,7,4,0.06250034346284672,6990.4012029049845,6622.063949654671,486.7096783216208,6.4932750149611635,6.492579249895963,486.6562786739623,245.5631477095478,3.0401497463069,3.038261241129927,245.41820580876023,627.3784878453301,8.507598088342819,8.507598088342819,627.3784878453301,353.6930540659136,4.433830611296149,4.433830611296149,353.6930540659136,564.218159695325,7.64225565681966,7.64225565681966,564.218159695325,486.65627867396285,6.460204324258366,6.460204324258366,486.65627867396285,245.41820580876023,627.3784878453301,hourly_window_mean_factor_top_available_analogs,4,6480.754960855263,,6480.754960855263,0.0,-108.27484825715335,63.16032815000509,-6.462199196807648e-13,-108.27484825715335,63.16032815000509,-6.462199196807648e-13,-353.6930540659136,-564.2181596953251,-486.6562786739629,245.5631477095478,3.0401497463069,353.6930540659136,4.433830611296149,627.3784878453301,8.507598088342819,564.218159695325,7.64225565681966,486.65627867396285,6.460204324258366,63.16032815000517,0.8653424315231595,-1.3936808649892494,0.033070690702797556,353.6930540659136,564.2181596953251,486.6562786739629
experiment_2026_06_15_11_12,SEN_demand_NES,2026-04-03,Good Friday,H2,G,observance_tier,True,2026-04-03,12,True,True,5,False,2,8,5,pearson,RidgeReg,,2,{},2026-04-02 10:00:00,2026-04-04,265.19384586740927,3.819341305461692,322.718989,5.873,,14,24,4,4,5,4,0.06061087184109065,7283.955178597165,7138.260418808325,265.19384586740927,3.819341305461692,-3.77530497196888,-262.3031707024284,107.62015094530794,1.4246068270577876,-1.3594109614463583,-103.20682966374645,357.11183457196836,5.216269751197303,-5.184576478107016,-355.1093696416596,387.90515635748204,5.346208594458206,-5.346208594458206,-387.90515635748204,189.03534573698036,2.8235929367523984,-2.8235929367523984,-189.03534573698036,262.3031707024283,3.7529776527492764,-3.7529776527492764,-262.3031707024283,-103.20682966374645,-355.1093696416596,hourly_window_mean_factor_top_available_analogs,4,6752.282475131578,,6752.282475131578,0.0,284.69832669373557,-166.07402390467925,-9.573628439715034e-14,284.69832669373557,-166.07402390467925,-9.573628439715034e-14,387.90515635748204,189.03534573698036,262.3031707024283,107.62015094530794,1.4246068270577876,387.90515635748204,5.346208594458206,357.11183457196836,5.216269751197303,189.03534573698036,2.8235929367523984,262.3031707024283,3.7529776527492764,168.076488834988,2.3926768144449047,-3.9216017674004187,0.06636365271241562,387.90515635748204,189.03534573698036,262.3031707024283
experiment_2026_06_15_11_12,SEN_demand_NES,2026-04-04,Holy Saturday,H3,G,observance_tier,True,2026-04-04,12,True,True,5,False,2,9,5,pearson,RidgeReg,,2,{},2026-04-03 10:00:00,2026-04-05,353.9164028112945,5.562960659885813,306.572375,5.708,,14,24,4,4,5,4,0.06318688879961444,6796.616310442873,6642.719924978439,353.9164028112945,5.562960659885813,-5.562960659885813,-353.9164028112945,254.73522552476228,3.7312306085094806,-3.7312306085094806,-254.73522552476228,411.77208956177157,6.631469856522009,-6.631469856522009,-411.77208956177157,440.975635784668,6.561769586117336,-6.561769586117336,-440.975635784668,303.13185024349315,4.85374220582833,-4.85374220582833,-303.13185024349315,353.91640281129446,5.483015451197963,-5.483015451197963,-353.91640281129446,-254.73522552476228,-411.77208956177157,hourly_window_mean_factor_top_available_analogs,4,6110.189575986842,,6110.189575986842,0.0,186.24041025990567,-108.64023931827842,-7.180221329786275e-14,186.24041025990567,-108.64023931827842,-7.180221329786275e-14,440.97563578466793,303.13185024349315,353.91640281129446,254.73522552476228,3.7312306085094806,440.975635784668,6.561769586117336,411.77208956177157,6.631469856522009,303.13185024349315,4.85374220582833,353.91640281129446,5.483015451197963,108.64023931827842,1.777727650693679,-2.8305389776078553,0.0799452086878496,440.97563578466793,303.13185024349315,353.91640281129446
experiment_2026_06_15_11_12,SEN_demand_NES,2026-05-01,Labor Day,H2,F,observance_tier,True,2026-05-01,12,True,True,3,False,2,10,3,pearson,LassoReg,,2,{},2026-04-30 10:00:00,2026-05-02,1097.416950177421,14.340037924470682,345.204102,6.722,,14,24,3,4,3,3,0.060292975330968786,8964.43169175637,8394.704824945098,1097.416950177421,14.340037924470682,-14.340037924470682,-1097.416950177421,982.4775791471177,10.900832498457913,-10.900832498457913,-982.4775791471177,1164.464916611765,16.346241089644796,-16.346241089644796,-1164.464916611765,531.632009511196,5.944223484713731,-5.944223484713731,-531.632009511196,1427.458165566055,20.323696993240926,-20.323696993240926,-1427.458165566055,1097.4169501774224,15.025996226941428,-15.025996226941428,-1097.4169501774224,-982.4775791471177,-1164.464916611765,hourly_window_mean_factor_top_available_analogs,3,6045.138209298246,,6045.138209298246,0.0,-450.8455696359218,262.99324895429027,1.6275168347515558e-12,-450.8455696359218,262.99324895429027,1.6275168347515558e-12,531.632009511196,1427.4581655660552,1097.4169501774227,982.4775791471177,10.900832498457913,531.632009511196,5.944223484713731,1164.464916611765,16.346241089644796,1427.458165566055,20.323696993240926,1097.4169501774224,15.025996226941428,-262.99324895429004,-3.9774559035961303,4.956609013744181,-0.6859583024707465,531.632009511196,1427.4581655660552,1097.4169501774227
experiment_2026_06_15_11_12,SEN_demand_NOR,2023-02-06,Constitution Day,H2,H,observance_tier,True,2023-02-06,12,True,True,2,False,2,2,2,pearson,RidgeReg,,2,{},2023-02-05 10:00:00,2023-02-07,44.84684199111718,2.3314263675817806,82.157373,3.391,,14,24,2,4,2,2,0.058230318397246454,2021.063054529875,2006.6750401350703,44.84684199111718,2.3314263675817806,-1.9084841424877625,-35.94823795092742,39.558202759458936,2.0010366533436477,-1.2278620218838878,-23.458032063825385,47.93188154291783,2.524153700887359,-2.305513712840023,-43.23419138507028,44.52375154139559,2.2650992516492905,-1.8013856803264745,-34.89333089242949,41.640375532938144,2.1922820478228604,-1.9400778055890064,-36.56360040171831,42.70267195710667,2.219109438706282,-1.8889807068080737,-35.94823795092769,-23.458032063825385,-43.23419138507028,hourly_window_mean_factor_top_available_analogs,2,1849.2953005263157,,1849.2953005263157,0.0,11.435298828604102,-6.670590983351967,2.692582998669853e-13,11.435298828604102,-6.670590983351967,2.692582998669853e-13,34.89333089242949,36.56360040171832,35.94823795092769,39.558202759458936,2.0010366533436477,44.52375154139559,2.2650992516492905,47.93188154291783,2.524153700887359,41.640375532938144,2.1922820478228604,42.70267195710667,2.219109438706282,6.291506009979685,0.3318716530644985,-0.2640625983056428,0.1123169288754986,34.89333089242949,36.56360040171832,35.94823795092769
experiment_2026_06_15_11_12,SEN_demand_NOR,2023-03-20,Benito Juarez's Birthday,H2,H,observance_tier,True,2023-03-20,12,True,True,2,False,2,2,2,pearson,RidgeReg,,2,{},2023-03-19 10:00:00,2023-03-21,32.37650629731421,1.469969326922446,84.192418,3.501,,14,24,2,4,2,2,0.06308575198542077,2170.6413260547533,2170.7094130609535,32.37650629731421,1.469969326922446,0.6093695977149561,14.082565787352193,24.19663461215519,1.1194194388129577,0.2605284547484788,6.335535955875587,37.14809811365697,1.674456761652981,0.8128602644454012,18.601666522380214,23.735018925028026,1.0878259062963083,0.5555791228893433,12.603686686937165,32.0793096799972,1.4704423440552958,0.6887050653249412,14.945245262594,29.005097296587504,1.3294783933019847,0.6396586654802473,14.082565787352008,6.335535955875587,18.601666522380214,hourly_window_mean_factor_top_available_analogs,2,2021.9100506578948,,2021.9100506578948,0.0,-6.268150731061577,3.656421259786214,1.8548905101947878e-13,-6.268150731061577,3.656421259786214,1.8548905101947878e-13,-12.603686686937163,-14.945245262594,-14.082565787352008,24.19663461215519,1.1194194388129577,23.735018925028026,1.0878259062963083,37.14809811365697,1.674456761652981,32.0793096799972,1.4704423440552958,29.005097296587504,1.3294783933019847,5.068788433659769,0.20401441759768524,0.031593532516649425,0.1404909336204614,12.603686686937163,14.945245262594,14.082565787352008
experiment_2026_06_15_11_12,SEN_demand_NOR,2023-04-06,Maundy Thursday,H1,G,observance_tier,True,2023-04-06,12,True,True,2,False,2,2,2,pearson,PLS,standard,2,{},2023-04-05 10:00:00,2023-04-07,104.00295405521337,4.662941151851297,78.85758,3.288,,14,24,2,4,2,2,0.06358411176668327,2327.187037213108,2255.768610666815,104.00295405521337,4.662941151851297,-4.662941151851297,-104.00295405521337,112.61369557818138,4.798390654159782,-4.798390654159782,-112.61369557818138,98.98002150014868,4.583928942171346,-4.583928942171346,-98.98002150014868,128.33789697231,5.4574467342187996,-5.4574467342187996,-128.33789697231,89.80757068690674,4.103004557209639,-4.103004557209639,-89.80757068690674,104.00295405521321,4.602009569791962,-4.602009569791962,-104.00295405521321,-112.61369557818138,-98.98002150014868,hourly_window_mean_factor_top_available_analogs,2,2293.8296392105262,,2293.8296392105262,0.0,15.724201394128613,-9.172450813241946,-1.615549799201912e-13,15.724201394128613,-9.172450813241946,-1.615549799201912e-13,128.33789697230998,89.80757068690673,104.00295405521321,112.61369557818138,4.798390654159782,128.33789697231,5.4574467342187996,98.98002150014868,4.583928942171346,89.80757068690674,4.103004557209639,104.00295405521321,4.602009569791962,9.172450813241937,0.48092438496170686,-0.6590560800590177,0.06093158205933502,128.33789697230998,89.80757068690673,104.00295405521321
experiment_2026_06_15_11_12,SEN_demand_NOR,2023-04-07,Good Friday,H2,G,observance_tier,True,2023-04-07,12,True,True,2,False,2,2,2,pearson,PCR,,2,{},2023-04-06 10:00:00,2023-04-08,80.91200851506638,3.917081221419805,75.333805,3.138,,14,24,2,4,2,2,0.05161962951714936,2192.817012943163,2138.91957111473,80.91200851506638,3.917081221419805,-3.8716055070408273,-79.9549811010571,45.65602334421471,2.030719675809999,-1.9072855939242024,-43.05837750618951,101.47799986472985,5.017458789692192,-5.017458789692192,-101.47799986472985,50.8486016717923,2.2599174556283015,-2.1462373473264376,-48.45622627850499,98.32925474754644,4.858260871029937,-4.858260871029937,-98.32925474754644,80.83638256174228,3.900976454829334,-3.8590943096654895,-79.9549811010575,-43.05837750618951,-101.47799986472985,hourly_window_mean_factor_top_available_analogs,2,2153.0836389473684,,2153.0836389473684,0.0,5.397848772315489,-3.1487451171834095,3.9491217313824517e-13,5.397848772315489,-3.1487451171834095,3.9491217313824517e-13,48.456226278505,98.32925474754644,79.9549811010575,45.65602334421471,2.030719675809999,50.8486016717923,2.2599174556283015,101.47799986472985,5.017458789692192,98.32925474754644,4.858260871029937,80.83638256174228,3.900976454829334,3.1487451171834095,0.1591979186622554,-0.22919777981830247,0.016104766590470998,48.456226278505,98.32925474754644,79.9549811010575
experiment_2026_06_15_11_12,SEN_demand_NOR,2023-04-08,Holy Saturday,H3,G,observance_tier,True,2023-04-08,12,True,True,2,False,2,2,2,pearson,PCR,,2,{},2023-04-07 10:00:00,2023-04-09,41.82979976226056,2.0218371063090763,76.008398,3.194,,14,24,2,4,2,2,0.055146921026985755,2079.824539957546,2039.7625925300774,41.82979976226056,2.0218371063090763,-0.5991410888897429,-9.971951273335758,36.07635054749302,1.7273217797890077,-1.7273217797890077,-36.07635054749302,45.185978470874964,2.193637713445783,0.058964314134828166,5.255614969922647,40.13810036508739,1.911740936394963,-1.911740936394963,-40.13810036508739,37.540895106111954,1.8012713094788761,0.21618647188672568,7.624969030186283,38.49776020152396,1.8419706457111185,-0.5677867837960018,-9.971951273335597,-36.07635054749302,5.255614969922647,hourly_window_mean_factor_top_available_analogs,2,2216.021778552632,,2216.021778552632,0.0,4.061749817594367,-2.3693540602636367,-1.615549799201912e-13,4.061749817594367,-2.3693540602636367,-1.615549799201912e-13,40.13810036508739,-7.624969030186284,9.971951273335597,36.07635054749302,1.7273217797890077,40.13810036508739,1.911740936394963,45.185978470874964,2.193637713445783,37.540895106111954,1.8012713094788761,38.49776020152396,1.8419706457111185,7.6450833647630105,0.39236640396690703,-0.1844191566059552,0.17986646059795786,40.13810036508739,7.624969030186284,9.971951273335597
experiment_2026_06_15_11_12,SEN_demand_NOR,2023-05-01,Labor Day,H2,F,observance_tier,True,2023-05-01,12,True,True,2,False,2,3,2,pearson,PCR,,2,{},2023-04-30 10:00:00,2023-05-02,85.48714367221274,3.0260489032631432,64.189934,2.759,,14,24,2,4,2,2,0.07678205004254146,2825.227488547019,2773.668833365466,85.48714367221274,3.0260489032631432,-1.7983583970905666,-55.20050854701914,115.77663703902898,4.03577807406143,-3.804990787430481,-110.1233167153956,67.81827254156993,2.437040220297476,-0.62782283605895,-23.162203782132867,100.34370403339783,3.545015430417662,-3.545015430417662,-100.34370403339783,39.42267104212234,1.448240980849152,-1.0461542790517762,-28.8669778466317,61.86726214417121,2.2207368306901825,-1.9667873348181555,-55.20050854701922,-110.1233167153956,-23.162203782132867,hourly_window_mean_factor_top_available_analogs,2,2575.2995571052634,,2575.2995571052634,0.0,-9.779612681997767,5.704774064498831,8.376924884750654e-14,-9.779612681997767,5.704774064498831,8.376924884750654e-14,100.34370403339784,28.8669778466317,55.200508547019226,115.77663703902898,4.03577807406143,100.34370403339783,3.545015430417662,67.81827254156993,2.437040220297476,39.42267104212234,1.448240980849152,61.86726214417121,2.2207368306901825,28.395601499447586,0.9887992394483238,0.4907626436437682,0.8053120725729608,100.34370403339784,28.8669778466317,55.200508547019226
experiment_2026_06_15_11_12,SEN_demand_NOR,2023-09-16,Independence Day,H2,H,observance_tier,True,2023-09-16,12,True,True,2,False,2,3,2,pearson,PCR,,2,{},2023-09-15 10:00:00,2023-09-17,213.41720416609283,4.959859695130566,57.834171,2.662,,14,24,2,4,2,2,0.09163157089070363,4493.961907826546,4379.936795345771,213.41720416609283,4.959859695130566,-2.0973340480053726,-91.12701151075662,171.69725906137032,3.7726596757133715,0.9150611474459254,33.82699577784024,237.75383881051428,5.652393039790593,-3.8545645786852964,-164.01684909577145,138.77565249437993,2.979812314338695,1.372910027401934,62.60130100315723,221.71464288182494,5.377621521146708,-4.446193012364738,-180.8018604772061,191.15817273908206,4.49421812916481,-2.30231294508228,-91.12701151075646,33.82699577784024,-164.01684909577145,hourly_window_mean_factor_top_available_analogs,2,3942.1729047368417,,3942.1729047368417,0.0,-28.774305225316994,16.785011381434668,-1.555714621453693e-13,-28.774305225316994,16.785011381434668,-1.555714621453693e-13,-62.60130100315723,180.8018604772061,91.12701151075646,171.69725906137032,3.7726596757133715,138.77565249437993,2.979812314338695,237.75383881051428,5.652393039790593,221.71464288182494,5.377621521146708,191.15817273908206,4.49421812916481,16.039195928689338,0.2747715186438846,0.7928473613746765,0.4656415659657567,62.60130100315723,180.8018604772061,91.12701151075646
experiment_2026_06_15_11_12,SEN_demand_NOR,2023-11-20,Mexican Revolution Day,H2,F,observance_tier,True,2023-11-20,12,True,True,2,False,2,4,2,pearson,RidgeReg,,2,{},2023-11-19 10:00:00,2023-11-21,188.8624186241669,7.628571205123791,66.700065,2.717,,14,24,2,4,2,2,0.07620814837110185,2636.072937045219,2613.1792337652155,188.8624186241669,7.628571205123791,-7.628571205123791,-188.8624186241669,115.22188623951168,4.4229929841529065,-4.4229929841529065,-115.22188623951168,231.81939584854914,9.498491834023474,-9.498491834023474,-231.81939584854914,111.23271699032433,4.311791877965766,-4.311791877965766,-111.23271699032433,234.14641124390764,9.678446037758851,-9.678446037758851,-234.14641124390764,188.86241862416645,7.701257663098243,-7.701257663098243,-188.86241862416645,-115.22188623951168,-231.81939584854914,hourly_window_mean_factor_top_available_analogs,2,2633.8140025,,2633.8140025,0.0,-3.9891692491873334,2.327015395358482,-5.026154930850393e-13,-3.9891692491873334,2.327015395358482,-5.026154930850393e-13,111.23271699032435,234.1464112439076,188.8624186241664,115.22188623951168,4.4229929841529065,111.23271699032433,4.311791877965766,231.81939584854914,9.498491834023474,234.14641124390764,9.678446037758851,188.86241862416645,7.701257663098243,-2.327015395358501,-0.1799542037353774,0.1112011061871403,-0.07268645797445217,111.23271699032435,234.1464112439076,188.8624186241664
experiment_2026_06_15_11_12,SEN_demand_NOR,2023-12-24,Christmas Eve,H1,G,observance_tier,True,2023-12-24,12,True,True,2,False,2,4,2,pearson,RidgeReg,,2,{},2023-12-23 10:00:00,2023-12-25,110.01944438278822,5.388870233526682,79.707243,3.221,,14,24,2,4,2,2,0.05697448961624764,2235.074241030665,2178.1296324233517,110.01944438278822,5.388870233526682,-5.388478688465802,-110.01068576750686,40.535534170393994,1.7601806418634638,-1.759117876698213,-40.51176078605886,150.55172534001818,7.505605828663562,-7.505605828663562,-150.55172534001818,85.20901142200202,3.6987264001438085,-3.6987264001438085,-85.20901142200202,124.47832913571823,6.215928591126293,-6.215928591126293,-124.47832913571823,110.010685767507,5.288538310238008,-5.288538310238008,-110.010685767507,-40.51176078605886,-150.55172534001818,hourly_window_mean_factor_top_available_analogs,2,2101.8327910526314,,2101.8327910526314,0.0,44.697250635943156,-26.07339620429995,1.436044265957255e-13,44.697250635943156,-26.07339620429995,1.436044265957255e-13,85.20901142200202,124.47832913571823,110.010685767507,40.535534170393994,1.7601806418634638,85.20901142200202,3.6987264001438085,150.55172534001818,7.505605828663562,124.47832913571823,6.215928591126293,110.010685767507,5.288538310238008,26.073396204299954,1.2896772375372691,-1.9385457582803447,0.10033192328867457,85.20901142200202,124.47832913571823,110.010685767507
experiment_2026_06_15_11_12,SEN_demand_NOR,2023-12-25,Christmas Day,H2,H,observance_tier,True,2023-12-25,12,True,True,2,False,2,4,2,pearson,RidgeReg,,2,{},2023-12-24 10:00:00,2023-12-26,196.44078827998095,10.783610271512947,85.842302,3.507,,14,24,2,4,2,2,0.07661165339958402,2064.0946592071946,2074.698436571461,196.44078827998095,10.783610271512947,-9.345088955599495,-165.50476341772074,57.37183692315735,2.702221208109702,1.2023366493696699,26.59737341726324,277.56434323812806,15.497753891831508,-15.497753891831508,-277.56434323812806,76.2064377278724,3.647974819339821,2.05329313228908,43.45736296410895,287.45283387819563,16.02577200855407,-16.02280513428113,-287.3993371404549,209.625214243866,11.465530938843562,-9.363189983439474,-165.50476341772082,26.59737341726324,-277.56434323812806,hourly_window_mean_factor_top_available_analogs,2,1855.712111973684,,1855.712111973684,0.0,-16.859989546845718,9.834993902326906,1.4958794437054742e-13,-16.859989546845718,9.834993902326906,1.4958794437054742e-13,-43.45736296410895,287.399337140455,165.50476341772088,57.37183692315735,2.702221208109702,76.2064377278724,3.647974819339821,277.56434323812806,15.497753891831508,287.45283387819563,16.02577200855407,209.625214243866,11.465530938843562,-9.888490640067573,-0.5280181167225635,-0.9457536112301188,-0.6819206673306155,43.45736296410895,287.399337140455,165.50476341772088
experiment_2026_06_15_11_12,SEN_demand_NOR,2023-12-31,New Year's Eve,H1,G,observance_tier,True,2023-12-31,12,True,True,2,False,2,4,2,pearson,RidgeReg,,2,{},2023-12-30 10:00:00,2024-01-01,32.03432143095198,1.5966489892443552,97.749251,4.157,,14,24,2,4,2,2,0.06221428100748387,1967.157099099082,1877.4727125406941,32.03432143095198,1.5966489892443552,0.9711070862431542,20.272569585128533,24.547354511618796,1.1368412965777925,0.7673747525325808,17.05729322939596,36.401718800563,1.86487014329985,1.089950947574322,22.148147459305864,38.22470621101076,1.7593026325895325,1.721490710304048,37.48185354878459,41.294430674015054,2.1034781086990804,0.41397471210333503,10.23382060632908,40.16347955606611,1.9766766175008257,0.8956911324930714,20.27256958512848,17.05729322939596,22.148147459305864,hourly_window_mean_factor_top_available_analogs,2,2115.7106667105263,,2115.7106667105263,0.0,-20.42456031938863,11.914326852976785,5.3851659973397064e-14,-20.42456031938863,11.914326852976785,5.3851659973397064e-14,-37.481853548784585,-10.233820606329079,-20.27256958512848,24.547354511618796,1.1368412965777925,38.22470621101076,1.7593026325895325,36.401718800563,1.86487014329985,41.294430674015054,2.1034781086990804,40.16347955606611,1.9766766175008257,-4.8927118734520505,-0.23860796539923035,-0.6224613360117399,-0.3800276282564705,37.481853548784585,10.233820606329079,20.27256958512848
experiment_2026_06_15_11_12,SEN_demand_NOR,2024-01-01,New Year's Day,H3,H,observance_tier,True,2024-01-01,12,True,True,2,False,2,4,2,pearson,RidgeReg,,2,{},2023-12-31 10:00:00,2024-01-02,74.58971530204991,4.234143162978604,96.681541,4.096,,14,24,2,4,2,2,0.06441226226916169,1857.1193048522707,1764.2040077204701,74.58971530204991,4.234143162978604,-3.1839103863317164,-54.61224222069182,90.50154564731564,4.772436663494497,-3.3937912190500157,-60.417232078214525,65.30781426731157,3.920138621011,-3.0614799005793754,-51.225998137136884,81.86181267376591,4.189694527948727,-1.2394506053814454,-18.076888733659594,83.75771052345956,5.02333817001377,-4.555358874893669,-75.92453175479395,83.05922184199348,4.716206301884544,-3.3337084598102176,-54.61224222069182,-60.417232078214525,-51.225998137136884,hourly_window_mean_factor_top_available_analogs,2,1879.8714164473686,,1879.8714164473686,0.0,-42.34034334455493,24.698533617657063,1.1967035549643792e-14,-42.34034334455493,24.698533617657063,1.1967035549643792e-14,18.076888733659594,75.92453175479395,54.61224222069183,90.50154564731564,4.772436663494497,81.86181267376591,4.189694527948727,65.30781426731157,3.920138621011,83.75771052345956,5.02333817001377,83.05922184199348,4.716206301884544,-18.449896256147994,-1.10319954900277,0.5827421355457698,-0.4820631389059393,18.076888733659594,75.92453175479395,54.61224222069183
experiment_2026_06_15_11_12,SEN_demand_NOR,2024-02-05,Constitution Day,H2,H,observance_tier,True,2024-02-05,12,True,True,2,False,2,4,2,pearson,LassoReg,,2,{},2024-02-04 10:00:00,2024-02-06,30.417594867297954,1.5343083681977576,103.15118,4.503,,14,24,2,4,2,2,0.06045588620385291,1999.4047961447907,1980.6628825985072,30.417594867297954,1.5343083681977576,0.5392815714183343,10.847154907840826,24.234939893308187,1.2004888309346082,-0.424577517636624,-7.34435722413366,34.02414360212532,1.7290364316012612,1.1015327067003933,21.458870318159274,30.336153903697873,1.4969720330742413,-0.23499257396199238,-3.284425426166016,39.78454211129437,2.011437770912041,0.9814760802588877,19.090576769344892,36.30355698217987,1.8218977622349568,0.5333034181775108,10.847154907840874,-7.34435722413366,21.458870318159274,hourly_window_mean_factor_top_available_analogs,2,1922.0925306578943,,1922.0925306578943,0.0,-4.059931797967644,2.3682935488143833,-4.786814219857517e-14,-4.059931797967644,2.3682935488143833,-4.786814219857517e-14,3.284425426166016,-19.090576769344892,-10.847154907840874,24.234939893308187,1.2004888309346082,30.336153903697873,1.4969720330742413,34.02414360212532,1.7290364316012612,39.78454211129437,2.011437770912041,36.30355698217987,1.8218977622349568,-5.76039850916905,-0.2824013393107796,-0.2964832021396331,-0.2875893940371992,3.284425426166016,19.090576769344892,10.847154907840874
experiment_2026_06_15_11_12,SEN_demand_NOR,2024-03-18,Benito Juarez's Birthday,H2,H,observance_tier,True,2024-03-18,12,True,True,2,False,2,4,2,pearson,LassoReg,,2,{},2024-03-17 10:00:00,2024-03-19,28.030287459593456,1.310817125395437,98.943326,4.305,,14,24,2,4,2,2,0.059960833726004456,2173.336847742074,2170.0877795449974,28.030287459593456,1.310817125395437,-1.0400010245081959,-22.015642215757847,30.30144083359466,1.4186637962268744,-0.6846837556092727,-14.001836079919062,26.705447991426087,1.2479065674104322,-1.2472694313659016,-26.690362461663806,28.878163488656906,1.3529213788940968,-0.7102813059745919,-14.69230584876131,26.35694800684983,1.1949256282282101,-1.1912682917122142,-26.287588429839804,27.285816868568226,1.2531345889998526,-1.0140625601246693,-22.015642215758255,-14.001836079919062,-26.690362461663806,hourly_window_mean_factor_top_available_analogs,2,2021.8970682894733,,2021.8970682894733,0.0,0.6904697688422468,-0.4027740318239997,4.0687920868788895e-13,0.6904697688422468,-0.4027740318239997,4.0687920868788895e-13,14.69230584876131,26.287588429839808,22.015642215758255,30.30144083359466,1.4186637962268744,28.878163488656906,1.3529213788940968,26.705447991426087,1.2479065674104322,26.35694800684983,1.1949256282282101,27.285816868568226,1.2531345889998526,0.3484999845762573,0.05298093918222202,0.06574241733277764,0.057682536395584405,14.69230584876131,26.287588429839808,22.015642215758255
experiment_2026_06_15_11_12,SEN_demand_NOR,2024-03-28,Maundy Thursday,H1,G,observance_tier,True,2024-03-28,12,True,True,3,False,2,4,3,pearson,RidgeReg,,2,{},2024-03-27 10:00:00,2024-03-29,131.22184979013574,5.636639684222826,96.763775,4.185,,14,24,3,4,3,3,0.05991789387183764,2169.864062841443,2085.7733631633046,131.22184979013574,5.636639684222826,5.636639684222826,131.22184979013574,101.45822913889022,4.158288537768632,4.158288537768632,101.45822913889022,148.58396183669558,6.4990111863211055,6.4990111863211055,148.58396183669558,105.42843331382765,4.3337346496754785,4.3337346496754785,105.42843331382765,146.26800940131605,6.428086945700838,6.428086945700838,146.26800940131605,131.22184979013613,5.656483468217811,5.656483468217811,131.22184979013613,101.45822913889022,148.58396183669558,hourly_window_mean_factor_top_available_analogs,3,2060.7013905263157,,2060.7013905263157,0.0,-3.97020417493744,2.3159524353795384,-4.0089569091306704e-13,-3.97020417493744,2.3159524353795384,-4.0089569091306704e-13,-105.42843331382765,-146.26800940131605,-131.22184979013613,101.45822913889022,4.158288537768632,105.42843331382765,4.3337346496754785,148.58396183669558,6.4990111863211055,146.26800940131605,6.428086945700838,131.22184979013613,5.656483468217811,2.315952435379529,0.07092424062026748,-0.17544611190684645,-0.01984378399498521,105.42843331382765,146.26800940131605,131.22184979013613
experiment_2026_06_15_11_12,SEN_demand_NOR,2024-03-29,Good Friday,H2,G,observance_tier,True,2024-03-29,12,True,True,2,False,2,4,2,pearson,LassoReg,,2,{},2024-03-28 10:00:00,2024-03-30,35.295420360329835,1.6140028951599223,97.299971,4.198,,14,24,2,4,2,2,0.05504097008419893,2205.1582381044464,2145.0372538808147,35.295420360329835,1.6140028951599223,-0.27824433848616714,-3.827513367604542,35.7005313848986,1.509764252926388,1.3570287536820544,32.423973226469734,35.059105595998055,1.674808769796151,-1.232153642250963,-24.974213880814535,20.306102684109096,0.861104428776681,0.7850406818777744,18.673161515088104,30.350350986361054,1.435221465979655,-0.8040979719231748,-16.95290704917475,26.649838453952437,1.223704662799612,-0.21862583631229862,-3.827513367604225,32.423973226469734,-24.974213880814535,hourly_window_mean_factor_top_available_analogs,2,2235.5610681578946,,2235.5610681578946,0.0,13.75081171138163,-8.021306831639786,-3.171264420655605e-13,13.75081171138163,-8.021306831639786,-3.171264420655605e-13,-18.673161515088104,16.952907049174748,3.827513367604225,35.7005313848986,1.509764252926388,20.306102684109096,0.861104428776681,35.059105595998055,1.674808769796151,30.350350986361054,1.435221465979655,26.649838453952437,1.223704662799612,4.708754609637001,0.23958730381649596,0.6486598241497069,0.39029823236031036,18.673161515088104,16.952907049174748,3.827513367604225
experiment_2026_06_15_11_12,SEN_demand_NOR,2024-03-30,Holy Saturday,H3,G,observance_tier,True,2024-03-30,12,True,True,2,False,2,5,2,pearson,LassoReg,,2,{},2024-03-29 10:00:00,2024-03-31,36.06959216094758,1.7186430989057704,93.117388,4.08,,14,24,2,4,2,2,0.05712329887182975,2146.8367721742597,2095.4101667115756,36.06959216094758,1.7186430989057704,-0.39447494253581317,-9.111917437416961,55.78565029009568,2.6182422735858286,-2.571533154915103,-54.72445439600246,24.568558252277853,1.1938769136757368,0.8754756813521064,17.495395788424577,53.9210310123633,2.5320473566267374,-2.464230860413872,-52.37718359819015,23.74585082524207,1.1506097587010713,0.8075171246083762,16.126154489699786,34.86302247312884,1.6595604526736851,-0.39786371197876774,-9.11191743741756,-54.72445439600246,17.495395788424577,hourly_window_mean_factor_top_available_analogs,2,2160.860752894737,,2160.860752894737,0.0,-2.347270797812306,1.3692412987247924,5.983517774821897e-13,-2.347270797812306,1.3692412987247924,5.983517774821897e-13,52.37718359819015,-16.126154489699786,9.11191743741756,55.78565029009568,2.6182422735858286,53.9210310123633,2.5320473566267374,24.568558252277853,1.1938769136757368,23.74585082524207,1.1506097587010713,34.86302247312884,1.6595604526736851,0.8227074270357839,0.04326715497466549,0.0861949169590912,0.059082646232085256,52.37718359819015,16.126154489699786,9.11191743741756
experiment_2026_06_15_11_12,SEN_demand_NOR,2024-05-01,Labor Day,H2,F,observance_tier,True,2024-05-01,12,True,True,3,False,2,6,3,pearson,LassoReg,,2,{},2024-04-30 10:00:00,2024-05-02,92.00921698596075,3.2586180519053998,67.932313,3.411,,14,24,3,4,3,3,0.07052807347462248,2880.896494677031,2839.0377140001783,92.00921698596075,3.2586180519053998,-1.6058883232165013,-40.1222528349258,74.38730781873038,2.37783254473056,2.1081481474250228,66.44873773407878,102.28866400017847,3.7724095977573895,-3.7724095977573895,-102.28866400017847,76.4108813915815,2.4353222839780035,1.2077930656221691,42.95808611482432,95.08344829254389,3.780335536798321,-3.5711955233888752,-88.58578388894688,88.20408153955775,3.284804338390836,-1.810515516911122,-40.12225283492591,66.44873773407878,-102.28866400017847,hourly_window_mean_factor_top_available_analogs,3,2623.411862543859,,2623.411862543859,0.0,23.490651619254454,-13.702880111231593,1.0770331994679413e-13,23.490651619254454,-13.702880111231593,1.0770331994679413e-13,-42.958086114824326,88.58578388894688,40.12225283492591,74.38730781873038,2.37783254473056,76.4108813915815,2.4353222839780035,102.28866400017847,3.7724095977573895,95.08344829254389,3.780335536798321,88.20408153955775,3.284804338390836,7.205215707634579,-0.007925939040931418,-0.057489739247443605,-0.026186286485436305,42.958086114824326,88.58578388894688,40.12225283492591
experiment_2026_06_15_11_12,SEN_demand_NOR,2024-09-16,Independence Day,H2,H,observance_tier,True,2024-09-16,12,True,True,2,False,2,6,2,pearson,LassoReg,,2,{},2024-09-15 10:00:00,2024-09-17,120.78807683155269,3.201803703640216,65.323327,3.219,,14,24,2,4,2,2,0.09031620676338914,3678.858880980876,3589.308895986934,120.78807683155269,3.201803703640216,1.8751982563083402,77.85506954543997,72.7899611723669,1.8447324646630625,1.8447324646630625,72.7899611723669,148.7869776327444,3.993428593043555,1.8929699681014185,80.80971609639927,57.11483463846798,1.429316578750281,0.7307988156736969,27.99596611938835,130.5566936968083,3.4494632417945805,2.7201534802410143,106.93954654396948,103.4991666753145,2.705198681725628,1.9872333406635811,77.85506954543959,72.7899611723669,80.80971609639927,hourly_window_mean_factor_top_available_analogs,2,4184.147735394737,,4184.147735394737,0.0,44.79399505297855,-26.129830447570214,3.8294513758860134e-13,44.79399505297855,-26.129830447570214,3.8294513758860134e-13,-27.99596611938835,-106.93954654396948,-77.85506954543959,72.7899611723669,1.8447324646630625,57.11483463846798,1.429316578750281,148.7869776327444,3.993428593043555,130.5566936968083,3.4494632417945805,103.4991666753145,2.705198681725628,18.230283935936086,0.5439653512489744,0.41541588591278145,0.49660502191458766,27.99596611938835,106.93954654396948,77.85506954543959
experiment_2026_06_15_11_12,SEN_demand_NOR,2024-11-18,Mexican Revolution Day,H2,F,observance_tier,True,2024-11-18,12,True,True,2,False,2,6,2,pearson,LassoReg,,2,{},2024-11-17 10:00:00,2024-11-19,240.673118914276,11.458051424842921,59.019855,2.587,,14,24,2,4,2,2,0.07752029046135085,2343.682209966907,2338.3805683113756,240.673118914276,11.458051424842921,-11.458051424842921,-240.673118914276,160.61369637639157,7.2696522097304594,-7.2696522097304594,-160.61369637639157,287.37444872804195,13.90128430032519,-13.90128430032519,-287.37444872804195,161.87727282247553,7.311452137407467,-7.3106347270369,-161.86030264890283,286.6472617357428,13.770768902367251,-13.770768902367251,-286.6472617357428,240.67937108348642,11.391020620539965,-11.390719469350808,-240.67311891427542,-160.61369637639157,-287.37444872804195,hourly_window_mean_factor_top_available_analogs,2,2337.8138860526315,,2337.8138860526315,0.0,1.2466062725112417,-0.7271869922992096,-6.222858485814772e-13,1.2466062725112417,-0.7271869922992096,-6.222858485814772e-13,161.8603026489028,286.64726173574275,240.67311891427536,160.61369637639157,7.2696522097304594,161.87727282247553,7.311452137407467,287.37444872804195,13.90128430032519,286.6472617357428,13.770768902367251,240.67937108348642,11.391020620539965,0.7271869922991527,0.13051539795793765,-0.041799927677007354,0.06703080430295572,161.8603026489028,286.64726173574275,240.67311891427536
experiment_2026_06_15_11_12,SEN_demand_NOR,2024-12-24,Christmas Eve,H1,G,observance_tier,True,2024-12-24,12,True,True,2,False,2,6,2,pearson,LassoReg,,2,{},2024-12-23 10:00:00,2024-12-25,76.3685389207344,3.5652540659994436,74.955225,3.342,,14,24,2,4,2,2,0.0603343204353771,2081.3807155651607,2039.713845484952,76.3685389207344,3.5652540659994436,1.7093392138894374,38.72366654010197,102.16206786876569,4.525019676514167,4.525019676514167,102.16206786876569,61.32231370104947,3.0053907931991883,0.0668589440250121,1.7179324317148048,105.21801385744789,4.6586110044113775,4.6586110044113775,105.21801385744789,61.58540997007034,3.0167531974781316,-0.02188259008231726,-0.06470272834917523,77.66057982331469,3.6216481789798536,1.7025097868364127,38.72366654010237,102.16206786876569,1.7179324317148048,hourly_window_mean_factor_top_available_analogs,2,2112.104349736842,,2112.104349736842,0.0,-3.055945988682197,1.78263516006398,-4.0089569091306704e-13,-3.055945988682197,1.78263516006398,-4.0089569091306704e-13,-105.21801385744789,0.06470272834917523,-38.72366654010237,102.16206786876569,4.525019676514167,105.21801385744789,4.6586110044113775,61.32231370104947,3.0053907931991883,61.58540997007034,3.0167531974781316,77.66057982331469,3.6216481789798536,-0.26309626902087047,-0.011362404278943306,-0.13359132789721073,-0.05639411298040997,105.21801385744789,0.06470272834917523,38.72366654010237
experiment_2026_06_15_11_12,SEN_demand_NOR,2024-12-25,Christmas Day,H2,H,observance_tier,True,2024-12-25,12,True,True,2,False,2,6,2,pearson,LassoReg,,2,{},2024-12-24 10:00:00,2024-12-26,63.68010903102131,3.3175480933307417,78.648496,3.506,,14,24,2,4,2,2,0.0915617686148305,1835.51998597391,1704.661667381104,63.68010903102131,3.3175480933307417,3.1774231410016363,60.81607955240595,61.70768232237929,2.8663621870740417,2.506465457442085,54.26766143842339,64.83069127772917,3.580739871980484,3.568815123078041,64.63599011889576,69.23785844473483,3.2112284393627424,3.1001947147571727,66.94590103338787,59.83306643080911,3.258231991169687,3.0998263009616416,57.24035035516618,63.297989804360704,3.2409148931355496,3.0999620323599957,60.81607955240576,54.26766143842339,64.63599011889576,hourly_window_mean_factor_top_available_analogs,2,1829.5782769736843,,1829.5782769736843,0.0,-12.678239594964484,7.395639763729586,1.9147256879430067e-13,-12.678239594964484,7.395639763729586,1.9147256879430067e-13,-66.94590103338787,-57.24035035516618,-60.81607955240576,61.70768232237929,2.8663621870740417,69.23785844473483,3.2112284393627424,64.83069127772917,3.580739871980484,59.83306643080911,3.258231991169687,63.297989804360704,3.2409148931355496,4.997624846920061,0.32250788081079707,-0.3448662522887007,0.07663320019519215,66.94590103338787,57.24035035516618,60.81607955240576
experiment_2026_06_15_11_12,SEN_demand_NOR,2024-12-31,New Year's Eve,H2,G,observance_tier,True,2024-12-31,12,True,True,2,False,2,6,2,pearson,PLS,,2,{},2024-12-30 10:00:00,2025-01-01,61.60732956727989,2.924387111071468,77.498299,3.412,,14,24,2,4,2,2,0.05326154078652493,2002.3248404327203,1941.4250643498879,61.60732956727989,2.924387111071468,2.924387111071468,61.60732956727989,61.612996996710486,2.784124845909069,2.784124845909069,61.612996996710486,61.604023566778714,3.006206765749534,3.006206765749534,61.604023566778714,62.446295033382285,2.820930988066295,2.820930988066295,62.446295033382285,61.11793304538665,2.9787057048488688,2.9787057048488688,61.11793304538665,61.607329567279784,2.9205781776131836,2.9205781776131836,61.607329567279784,61.612996996710486,61.604023566778714,hourly_window_mean_factor_top_available_analogs,2,2116.787941973684,,2116.787941973684,0.0,-0.833298036671798,0.48609052139206216,1.1368683772161603e-13,-0.833298036671798,0.48609052139206216,1.1368683772161603e-13,-62.446295033382285,-61.11793304538665,-61.60732956727978,61.612996996710486,2.784124845909069,62.446295033382285,2.820930988066295,61.604023566778714,3.006206765749534,61.11793304538665,2.9787057048488688,61.607329567279784,2.9205781776131836,0.48609052139206455,0.027501060900665397,-0.03680614215722633,0.0038089334582842582,62.446295033382285,61.11793304538665,61.60732956727978
experiment_2026_06_15_11_12,SEN_demand_NOR,2025-01-01,New Year's Day,H3,H,observance_tier,True,2025-01-01,12,True,True,2,False,2,6,2,pearson,RidgeReg,,2,{},2024-12-31 10:00:00,2025-01-02,34.72453146527946,1.8341143289432633,79.411325,3.482,,14,24,2,4,2,2,0.09551917728693611,1843.1919065570926,1724.98535706281,34.72453146527946,1.8341143289432633,0.789168140176658,17.286650548170662,40.32716147654454,1.8966565575926382,1.4618602106176604,31.568538595565915,31.45633062537483,1.7976313622311277,0.3967644324194066,8.955549187190096,40.75969934628316,1.9509335505257863,0.5427205408031748,12.44758722504056,34.65682849184052,1.9687454417228925,1.0580546959458232,20.10943748666303,36.90525459610886,1.9621831660186955,0.8681947440511631,17.28665054817054,31.568538595565915,8.955549187190096,hourly_window_mean_factor_top_available_analogs,2,1845.1842310526317,,1845.1842310526317,0.0,19.120951370525354,-11.153888299472934,1.1967035549643792e-13,19.120951370525354,-11.153888299472934,1.1967035549643792e-13,-12.44758722504056,-20.10943748666303,-17.28665054817054,40.32716147654454,1.8966565575926382,40.75969934628316,1.9509335505257863,31.45633062537483,1.7976313622311277,34.65682849184052,1.9687454417228925,36.90525459610886,1.9621831660186955,-3.2004978664656925,-0.17111407949176471,-0.05427699293314814,-0.12806883707543215,12.44758722504056,20.10943748666303,17.28665054817054
experiment_2026_06_15_11_12,SEN_demand_NOR,2025-02-03,Constitution Day,H2,H,observance_tier,True,2025-02-03,12,True,True,2,False,2,6,2,pearson,LassoReg,,2,{},2025-02-02 10:00:00,2025-02-04,24.06234948406324,1.207408863461301,76.235499,3.393,,14,24,2,4,2,2,0.0632666559953959,1947.1562915094564,1930.224214543888,24.06234948406324,1.207408863461301,-0.019165142332140003,0.5841374379113787,29.88032331609848,1.5461192345391621,-1.4229191355598751,-27.446747021860997,20.66853141537602,1.0098278136658816,0.7996913537173723,16.93548670611193,26.250988461352318,1.3405581424401027,-1.1946353706671433,-23.392795205312805,16.569003898180416,0.8105293245363678,0.7023755517962748,14.570681479793175,20.136050842506908,1.0058030995535334,0.003476790888699589,0.5841374379120249,-27.446747021860997,16.93548670611193,hourly_window_mean_factor_top_available_analogs,2,1997.683383815789,,1997.683383815789,0.0,-4.053951816548192,2.364805226318756,-6.462199196807648e-13,-4.053951816548192,2.364805226318756,-6.462199196807648e-13,23.392795205312805,-14.570681479793175,-0.584137437912025,29.88032331609848,1.5461192345391621,26.250988461352318,1.3405581424401027,20.66853141537602,1.0098278136658816,16.569003898180416,0.8105293245363678,20.136050842506908,1.0058030995535334,4.099527517195604,0.19929848912951376,0.20556109209905937,0.20160576390776752,23.392795205312805,14.570681479793175,0.584137437912025
experiment_2026_06_15_11_12,SEN_demand_NOR,2025-03-17,Benito Juarez's Birthday,H2,H,observance_tier,True,2025-03-17,12,True,True,2,False,2,6,2,pearson,LassoReg,,2,{},2025-03-16 10:00:00,2025-03-18,52.941095419215664,2.418028972731008,75.29941,3.359,,14,24,2,4,2,2,0.06384725623713501,2068.0149191117584,2065.43143326324,52.941095419215664,2.418028972731008,2.33807763569298,51.384238782978244,34.64107000399032,1.621822831813505,1.4279572752066216,30.841209433637864,63.61611024476378,2.8824825549328836,2.868981179310022,63.36767257009347,31.150423496952175,1.4672704851002496,1.2848012223396288,27.572555826031184,65.40535095519279,2.9634051433240494,2.956287900747812,65.27438717453099,52.7851145232094,2.4121976376626493,2.340477019229007,51.38423878297843,30.841209433637864,63.36767257009347,hourly_window_mean_factor_top_available_analogs,2,1978.9961899999998,,1978.9961899999998,0.0,3.2686536076066823,-1.906714604437525,-1.8548905101947878e-13,3.2686536076066823,-1.906714604437525,-1.8548905101947878e-13,-27.57255582603118,-65.274387174531,-51.38423878297843,34.64107000399032,1.621822831813505,31.150423496952175,1.4672704851002496,63.61611024476378,2.8824825549328836,65.40535095519279,2.9634051433240494,52.7851145232094,2.4121976376626493,-1.7892407104290058,-0.08092258839116573,0.15455234671325546,0.005831335068358534,27.57255582603118,65.274387174531,51.38423878297843
experiment_2026_06_15_11_12,SEN_demand_NOR,2025-04-17,Maundy Thursday,H1,G,observance_tier,True,2025-04-17,12,True,True,2,False,2,6,2,pearson,LassoReg,,2,{},2025-04-16 10:00:00,2025-04-18,132.65941578012408,4.3742940289434085,76.705368,3.417,,14,24,2,4,2,2,0.054317913629685494,3117.0151084158515,3013.4666838486537,132.65941578012408,4.3742940289434085,-2.3984506085837407,-66.5633244684836,97.96019198912794,2.861742711468247,1.2797624144786754,46.459777326093864,152.90062965820513,5.25661563080392,-4.544074872036817,-132.49346718198714,149.42874286159199,4.3170675103075595,3.615826179946233,128.87622970096066,197.50752969193385,7.073011596294464,-6.5516249199779955,-180.56973106732525,179.79429243865002,6.057663775141394,-2.8057218831638058,-66.56332446848307,46.459777326093864,-132.49346718198714,hourly_window_mean_factor_top_available_analogs,2,2156.6688634210527,,2156.6688634210527,0.0,-82.4164523748668,48.07626388533811,-5.385165997339706e-13,-82.4164523748668,48.07626388533811,-5.385165997339706e-13,-128.87622970096066,180.56973106732525,66.56332446848306,97.96019198912794,2.861742711468247,149.42874286159199,4.3170675103075595,152.90062965820513,5.25661563080392,197.50752969193385,7.073011596294464,179.79429243865002,6.057663775141394,-44.60690003372872,-1.8163959654905435,-1.4553247988393125,-1.683369746197986,128.87622970096066,180.56973106732525,66.56332446848306
experiment_2026_06_15_11_12,SEN_demand_NOR,2025-04-18,Good Friday,H2,G,observance_tier,True,2025-04-18,12,True,True,2,False,2,6,2,pearson,RidgeReg,,2,{},2025-04-17 10:00:00,2025-04-19,426.2040843166002,16.25676986743138,81.319021,3.483,,14,24,2,4,2,2,0.06132570182048191,3086.0313030008106,2977.3100798723485,426.2040843166002,16.25676986743138,-16.25676986743138,-426.2040843166002,340.33957836388834,11.601110236818968,-11.601110236818968,-340.33957836388834,476.2917127890153,18.972571318621956,-18.972571318621956,-476.2917127890153,274.5003752046739,9.537410960366374,-9.537410960366374,-274.5003752046739,514.6979146318903,20.807405704058386,-20.807405704058386,-514.6979146318903,426.2040843166,16.65530237743501,-16.65530237743501,-426.2040843166,-340.33957836388834,-476.2917127890153,hourly_window_mean_factor_top_available_analogs,2,2117.2952134210527,,2117.2952134210527,0.0,-65.83920315921442,38.40620184287485,-1.436044265957255e-13,-65.83920315921442,38.40620184287485,-1.436044265957255e-13,274.5003752046739,514.6979146318902,426.2040843166,340.33957836388834,11.601110236818968,274.5003752046739,9.537410960366374,476.2917127890153,18.972571318621956,514.6979146318903,20.807405704058386,426.2040843166,16.65530237743501,-38.406201842874964,-1.8348343854364302,2.063699276452594,-0.3985325100036299,274.5003752046739,514.6979146318902,426.2040843166
experiment_2026_06_15_11_12,SEN_demand_NOR,2025-04-19,Holy Saturday,H3,G,observance_tier,True,2025-04-19,12,True,True,2,False,2,7,2,pearson,RidgeReg,,2,{},2025-04-18 10:00:00,2025-04-20,195.57324813153645,7.883849552026582,111.385752,4.643,,14,24,2,4,2,2,0.05625584976540841,2622.033896260572,2520.9266377785866,195.57324813153645,7.883849552026582,-7.511178210420185,-187.04861836583532,320.7137565154044,12.852411955504092,-12.852411955504092,-320.7137565154044,122.57461824094678,4.985521483331369,-4.395458525787908,-109.07728777858672,252.91130395715004,10.2248898436622,-10.2248898436622,-252.91130395715004,152.91915417993,6.529017762086146,-6.369310774827354,-148.62871843756815,189.7583672557479,7.890654844772061,-7.789787273871772,-187.04861836583518,-320.7137565154044,-109.07728777858672,hourly_window_mean_factor_top_available_analogs,2,1884.7881530263157,,1884.7881530263157,0.0,-67.80245255825434,39.55143065898144,-1.6753849769501309e-13,-67.80245255825434,39.55143065898144,-1.6753849769501309e-13,252.91130395715004,148.62871843756815,187.04861836583515,320.7137565154044,12.852411955504092,252.91130395715004,10.2248898436622,122.57461824094678,4.985521483331369,152.91915417993,6.529017762086146,189.7583672557479,7.890654844772061,-30.344535938983213,-1.5434962787547768,2.627522111841891,-0.006805292745478475,252.91130395715004,148.62871843756815,187.04861836583515
experiment_2026_06_15_11_12,SEN_demand_NOR,2025-05-01,Labor Day,H2,F,observance_tier,True,2025-05-01,12,True,True,2,False,2,8,2,pearson,RidgeReg,,2,{},2025-04-30 10:00:00,2025-05-02,136.81711567220847,4.7027207215542175,105.907798,4.41,,14,24,2,4,2,2,0.06945787699374333,2814.0140243227543,2791.0571273152914,136.81711567220847,4.7027207215542175,1.2346857613944002,52.04300462461461,214.4216022358818,6.708628430508093,6.708628430508093,214.4216022358818,91.54783184339908,3.532607891331123,-1.9584474622552535,-42.67784398195791,175.946440574749,5.43088361671704,5.270353973913579,171.8753170437514,118.68308939129548,4.492643239952475,-1.242833583876245,-17.859177619882626,139.78011351151517,4.838310747181526,1.1567618321515851,52.04300462461412,214.4216022358818,-42.67784398195791,hourly_window_mean_factor_top_available_analogs,2,2608.6187492105264,,2608.6187492105264,0.0,42.54628519213039,-24.818666362075287,4.906484575353955e-13,42.54628519213039,-24.818666362075287,4.906484575353955e-13,-171.8753170437514,17.859177619882626,-52.04300462461412,214.4216022358818,6.708628430508093,175.946440574749,5.43088361671704,91.54783184339908,3.532607891331123,118.68308939129548,4.492643239952475,139.78011351151517,4.838310747181526,-27.1352575478964,-0.9600353486213518,1.2777448137910534,-0.13559002562730882,171.8753170437514,17.859177619882626,52.04300462461412
experiment_2026_06_15_11_12,SEN_demand_NOR,2025-09-16,Independence Day,H2,H,observance_tier,True,2025-09-16,12,True,True,2,False,2,8,2,pearson,RidgeReg,,2,{},2025-09-15 10:00:00,2025-09-17,150.4461383092611,3.6941839226176496,110.945084,4.504,,14,24,2,4,2,2,0.09159264999715855,4166.767673185861,4049.3457190499284,150.4461383092611,3.6941839226176496,-1.3671031182979292,-64.9675797648079,75.73725647602721,1.814496906651036,0.9216258964639935,35.041241152541325,194.02631937864757,4.790668015264842,-2.7021950435757183,-123.3060586332616,91.18170964971425,2.0291491380049895,1.7939975572057278,81.023439432861,150.1290076301156,3.7402077747974887,-3.7402077747974887,-150.1290076301156,128.41158205838877,3.109817750716042,-1.7012900209015664,-64.96757976480843,35.041241152541325,-123.3060586332616,hourly_window_mean_factor_top_available_analogs,2,3861.0872624999997,,3861.0872624999997,0.0,-45.98219828031967,26.822948996854013,5.504836352836145e-13,-45.98219828031967,26.822948996854013,5.504836352836145e-13,-81.023439432861,150.1290076301156,64.96757976480845,75.73725647602721,1.814496906651036,91.18170964971425,2.0291491380049895,194.02631937864757,4.790668015264842,150.1290076301156,3.7402077747974887,128.41158205838877,3.109817750716042,43.89731174853196,1.0504602404673533,-0.21465223135395362,0.5843661719016078,81.023439432861,150.1290076301156,64.96757976480845
experiment_2026_06_15_11_12,SEN_demand_NOR,2025-11-17,Mexican Revolution Day,H2,F,observance_tier,True,2025-11-17,12,True,True,2,False,2,8,2,pearson,RidgeReg,,2,{},2025-11-16 10:00:00,2025-11-18,91.25611026732594,3.4196516851982226,118.176215,4.536,,14,24,2,4,2,2,0.07549017871138904,2662.4787744675145,2646.416131405879,91.25611026732594,3.4196516851982226,-2.6289528221662413,-73.62132420435647,49.90108444971789,1.822993050354846,-1.26277817219564,-36.66882900174645,115.37987532759729,4.351035888856859,-3.425888034649091,-95.17694640587898,90.06958921236358,3.510115338299254,-3.510115338299254,-90.06958921236358,71.10271788913515,2.9662094915407327,-2.721071148538657,-64.02650294968589,78.09051258716669,3.166595856135977,-3.011771639503087,-73.62132420435663,-36.66882900174645,-95.17694640587898,hourly_window_mean_factor_top_available_analogs,2,2472.405771710526,,2472.405771710526,0.0,53.400760210617136,-31.150443456193084,1.555714621453693e-13,53.400760210617136,-31.150443456193084,1.555714621453693e-13,90.06958921236358,64.02650294968589,73.62132420435663,49.90108444971789,1.822993050354846,90.06958921236358,3.510115338299254,115.37987532759729,4.351035888856859,71.10271788913515,2.9662094915407327,78.09051258716669,3.166595856135977,44.27715743846214,1.3848263973161261,-1.6871222879444079,0.2530558290622458,90.06958921236358,64.02650294968589,73.62132420435663
experiment_2026_06_15_11_12,SEN_demand_NOR,2025-12-24,Christmas Eve,H1,G,observance_tier,True,2025-12-24,12,True,True,2,False,2,8,2,pearson,LassoReg,,2,{},2025-12-23 10:00:00,2025-12-25,77.07701345726713,3.3815481911736627,118.530436,4.465,,14,24,2,4,2,2,0.06411017033655877,2334.7834481034074,2250.405348230241,77.07701345726713,3.3815481911736627,-1.3724246693386184,-31.958379156039175,75.07390500422814,3.1707184692427575,-2.3154212953715563,-53.19816217169302,78.24549338820653,3.5045321956333573,-0.8223433041527383,-19.5685057302411,69.41057928717503,2.9402818537703617,-1.8381487662671012,-41.27540058581111,68.97855004541093,3.064651700562656,-1.168229600099612,-26.523449988671995,69.1377187134293,3.0188312306918106,-1.4150419244771082,-31.95837915603904,-53.19816217169302,-19.5685057302411,hourly_window_mean_factor_top_available_analogs,2,2320.4035689473685,,2320.4035689473685,0.0,-11.922761585881906,6.954944258430895,-1.3762090882090361e-13,-11.922761585881906,6.954944258430895,-1.3762090882090361e-13,41.27540058581111,26.523449988671995,31.958379156039037,75.07390500422814,3.1707184692427575,69.41057928717503,2.9402818537703617,78.24549338820653,3.5045321956333573,68.97855004541093,3.064651700562656,69.1377187134293,3.0188312306918106,9.2669433427956,0.43988049507070137,0.2304366154723958,0.3627169604818521,41.27540058581111,26.523449988671995,31.958379156039037
experiment_2026_06_15_11_12,SEN_demand_NOR,2025-12-25,Christmas Day,H2,H,observance_tier,True,2025-12-25,12,True,True,2,False,2,8,2,pearson,LassoReg,,2,{},2025-12-24 10:00:00,2025-12-26,51.893707120713486,2.458669428671499,121.458925,4.58,,14,24,2,4,2,2,0.09550212748492472,2083.936888921154,1936.3394422756812,51.893707120713486,2.458669428671499,1.0699906162774995,20.522345815688396,40.5701241959385,1.779221411360999,-1.6419707194074886,-37.41000959910626,58.4991304934989,2.855014105435956,2.6519680620937427,54.31621980765195,33.03304108238909,1.459003465761324,-1.2129008739870746,-27.346153981326843,52.508410546333806,2.5285393738144006,2.3295290144285086,48.44563736394659,45.333274428038386,2.1344998287422143,1.0244232660648727,20.522345815687956,-37.41000959910626,54.31621980765195,hourly_window_mean_factor_top_available_analogs,2,1880.5755726315792,,1880.5755726315792,0.0,-10.063855617779414,5.870582443705359,4.4278031533682034e-13,-10.063855617779414,5.870582443705359,4.4278031533682034e-13,27.346153981326847,-48.44563736394659,-20.522345815687952,40.5701241959385,1.779221411360999,33.03304108238909,1.459003465761324,58.4991304934989,2.855014105435956,52.508410546333806,2.5285393738144006,45.333274428038386,2.1344998287422143,5.990719947165097,0.3264747316215555,0.320217945599675,0.32416959992928485,27.346153981326847,48.44563736394659,20.522345815687952
experiment_2026_06_15_11_12,SEN_demand_NOR,2025-12-31,New Year's Eve,H1,G,observance_tier,True,2025-12-31,12,True,True,2,False,2,8,2,pearson,LassoReg,,2,{},2025-12-30 10:00:00,2026-01-01,42.34698017910791,1.8206495352379313,127.168316,4.798,,14,24,2,4,2,2,0.06655316860939135,2284.5768851936505,2211.0530863787867,42.34698017910791,1.8206495352379313,1.6255447164378385,37.97150243792899,50.34075826658496,2.025638478301507,2.025638478301507,50.34075826658496,37.68394296141296,1.7010726517841785,1.3921566886840313,30.75610320454634,30.38693608993312,1.2190451580320054,1.1408637852031813,28.648554560357884,60.393911959410595,2.724990015991466,1.9910648144891727,43.40988869984469,49.338710323287316,2.1701682262169273,1.677832856331176,37.9715024379285,50.34075826658496,30.75610320454634,hourly_window_mean_factor_top_available_analogs,2,2145.1273688157894,,2145.1273688157894,0.0,21.692203706227083,-12.653785495298356,4.906484575353955e-13,21.692203706227083,-12.653785495298356,4.906484575353955e-13,-28.64855456035788,-43.40988869984469,-37.9715024379285,50.34075826658496,2.025638478301507,30.38693608993312,1.2190451580320054,37.68394296141296,1.7010726517841785,60.393911959410595,2.724990015991466,49.338710323287316,2.1701682262169273,-22.709968997997635,-1.0239173642072874,0.8065933202695017,-0.349518690978996,28.64855456035788,43.40988869984469,37.9715024379285
experiment_2026_06_15_11_12,SEN_demand_NOR,2026-01-01,New Year's Day,H3,H,observance_tier,True,2026-01-01,12,True,True,2,False,2,8,2,pearson,LassoReg,,2,{},2025-12-31 10:00:00,2026-01-02,73.40567839394153,3.703080086793218,128.692035,4.849,,14,24,2,4,2,2,0.09051208951164946,2138.647778657099,2022.8594430112007,73.40567839394153,3.703080086793218,-3.703080086793218,-73.40567839394153,46.1279669072113,2.0100130930394355,-2.0100130930394355,-46.1279669072113,89.31767676120084,4.690702499816255,-4.690702499816255,-89.31767676120084,71.44165765552007,3.108032567181504,-3.108032567181504,-71.44165765552007,74.55135715802002,3.9051893669342714,-3.9051893669342714,-74.55135715802002,73.40567839394109,3.611500019656935,-3.611500019656935,-73.40567839394109,-46.1279669072113,-89.31767676120084,hourly_window_mean_factor_top_available_analogs,2,1982.468895921053,,1982.468895921053,0.0,25.313690748308773,-14.76631960318081,-4.367967975619984e-13,25.313690748308773,-14.76631960318081,-4.367967975619984e-13,71.44165765552007,74.55135715802004,73.40567839394109,46.1279669072113,2.0100130930394355,71.44165765552007,3.108032567181504,89.31767676120084,4.690702499816255,74.55135715802002,3.9051893669342714,73.40567839394109,3.611500019656935,14.766319603180818,0.7855131328819835,-1.0980194741420686,0.09158006713628275,71.44165765552007,74.55135715802004,73.40567839394109
experiment_2026_06_15_11_12,SEN_demand_NOR,2026-02-02,Constitution Day,H2,H,observance_tier,True,2026-02-02,12,True,True,7,False,2,8,7,pearson,PCR,standard,4,{},2026-02-01 10:00:00,2026-02-03,55.302078184446884,2.765748142117458,107.542889,4.26,,14,24,4,4,7,4,0.06397700667181916,2043.183919061593,2015.2597307727785,55.302078184446884,2.765748142117458,-0.24016504821682397,-3.121906430013891,70.85114186673884,3.638229407906643,-3.170180573928499,-60.54681541384587,46.23179103644325,2.256800737073766,1.4690106751149863,30.375957143888098,59.255804910654675,3.0156697112476882,-2.8710189441657854,-56.08846223886591,37.09797664477204,1.8094497566989853,1.340314120203649,27.775251125149378,45.261387058518274,2.253846582059034,-0.21122964035351077,-3.1219064300141484,-60.54681541384587,30.375957143888098,hourly_window_mean_factor_top_available_analogs,4,1969.974650131579,,1969.974650131579,0.0,-4.458353174979964,2.6007060187387196,2.5729126431734153e-13,-4.458353174979964,2.6007060187387196,2.5729126431734153e-13,56.08846223886591,-27.775251125149378,3.121906430014148,70.85114186673884,3.638229407906643,59.255804910654675,3.0156697112476882,46.23179103644325,2.256800737073766,37.09797664477204,1.8094497566989853,45.261387058518274,2.253846582059034,9.133814391671208,0.4473509803747808,0.6225596966589548,0.511901560058424,56.08846223886591,27.775251125149378,3.121906430014148
experiment_2026_06_15_11_12,SEN_demand_NOR,2026-03-16,Benito Juarez's Birthday,H2,H,observance_tier,True,2026-03-16,12,True,True,2,False,2,8,2,pearson,LassoReg,,2,{},2026-03-15 10:00:00,2026-03-17,175.52941403210653,7.228214736024007,92.479155,3.644,,14,24,2,4,2,2,0.09401571401715891,2627.4779482364734,2559.498928594734,175.52941403210653,7.228214736024007,-6.663654524047604,-162.58316718384125,305.4260011937396,12.704064155827398,-12.704064155827398,-305.4260011937396,99.7564048544873,4.0339692411386965,-3.1400822388427265,-79.25818067806722,337.3064212485161,14.113733898750837,-14.113733898750837,-337.3064212485161,110.14873781623214,4.392384515365467,-2.69719911646108,-60.66126897944844,193.83841065970518,7.973934288191657,-6.903290878357308,-162.5831671838418,-305.4260011937396,-79.25818067806722,hourly_window_mean_factor_top_available_analogs,2,3929.2570219736845,,3929.2570219736845,0.0,31.88042005477655,-18.596911698618783,5.504836352836145e-13,31.88042005477655,-18.596911698618783,5.504836352836145e-13,337.30642124851613,60.66126897944844,162.5831671838418,305.4260011937396,12.704064155827398,337.3064212485161,14.113733898750837,99.7564048544873,4.0339692411386965,110.14873781623214,4.392384515365467,193.83841065970518,7.973934288191657,-10.392332961744842,-0.3584152742267701,-1.4096697429234393,-0.7457195521676496,337.30642124851613,60.66126897944844,162.5831671838418
experiment_2026_06_15_11_12,SEN_demand_NOR,2026-04-02,Maundy Thursday,H1,G,observance_tier,True,2026-04-02,12,True,True,6,False,2,8,6,pearson,RidgeReg,standard,2,{},2026-04-01 10:00:00,2026-04-03,98.58348486686513,3.2272489161201396,77.065178,3.116,,14,24,4,4,6,4,0.06999736957121383,3079.513617843006,2911.2710203123734,98.58348486686513,3.2272489161201396,-1.887246826602369,-55.75780284300626,119.06919075266235,3.6232365704614087,-3.6232365704614087,-119.06919075266235,86.63348976681675,2.996256117754399,-0.8745861426845952,-18.826159895706876,29.487900049308173,0.9324053281209171,-0.6578878914554954,-20.28363048078274,92.14261314190922,3.461718336080272,-2.9731242952713237,-76.45107005430303,69.05929779200358,2.5298661752531415,-2.1201424622865446,-55.75780284300608,-119.06919075266235,-18.826159895706876,hourly_window_mean_factor_top_available_analogs,4,2536.839840460526,,2536.839840460526,0.0,-98.7855602718796,57.62491015859615,-1.795055332446569e-13,-98.7855602718796,57.62491015859615,-1.795055332446569e-13,20.283630480782747,76.45107005430303,55.75780284300608,119.06919075266235,3.6232365704614087,29.487900049308173,0.9324053281209171,86.63348976681675,2.996256117754399,92.14261314190922,3.461718336080272,69.05929779200358,2.5298661752531415,-5.5091233750924715,-0.465462218325873,2.6908312423404914,0.6973827408669981,20.283630480782747,76.45107005430303,55.75780284300608
experiment_2026_06_15_11_12,SEN_demand_NOR,2026-04-03,Good Friday,H2,G,observance_tier,True,2026-04-03,12,True,True,6,False,2,8,6,pearson,RidgeReg,standard,2,{},2026-04-02 10:00:00,2026-04-04,105.34237184284154,3.7907541642421743,77.857671,3.083,,14,24,4,4,6,4,0.06198666804333428,2762.742199273609,2698.907127183192,105.34237184284154,3.7907541642421743,0.6039566849620481,28.898932305338924,140.17179074270047,4.550460932622269,3.0661671467986302,101.89408142853465,85.02521081792383,3.347591882687117,-0.8323327511092914,-13.681571349858586,138.1524734445139,4.5595430710789255,2.0909417042970513,73.7876618817739,104.07951272094856,3.9839039323878276,-0.3526337027374678,2.713840052417671,116.63270877699897,4.195981509800337,0.5476309209068286,28.898932305338384,101.89408142853465,-13.681571349858586,hourly_window_mean_factor_top_available_analogs,4,2216.0972006578945,,2216.0972006578945,0.0,28.10641954676076,-16.395411402276256,5.385165997339706e-13,28.10641954676076,-16.395411402276256,5.385165997339706e-13,-73.78766188177389,-2.7138400524176696,-28.898932305338384,140.17179074270047,4.550460932622269,138.1524734445139,4.5595430710789255,85.02521081792383,3.347591882687117,104.07951272094856,3.9839039323878276,116.63270877699897,4.195981509800337,-19.054301903024722,-0.6363120497007104,-0.009082138456656175,-0.40522734555816253,73.78766188177389,2.7138400524176696,28.898932305338384
experiment_2026_06_15_11_12,SEN_demand_NOR,2026-04-04,Holy Saturday,H3,G,observance_tier,True,2026-04-04,12,True,True,6,False,2,9,6,pearson,PCR,,3,{},2026-04-03 10:00:00,2026-04-05,140.9343512286081,5.0659785043289505,78.322011,3.093,,14,24,4,4,6,4,0.061111560904119566,2621.807171218259,2559.127237645361,140.9343512286081,5.0659785043289505,3.245329633097648,97.28311983437197,114.74187844522764,4.341562862998969,-0.5110636445502376,-1.6111552003706688,156.21329368558006,5.488554295104772,5.436559045058914,154.97144693797185,134.45393196442757,5.189385401725163,-1.7390050178062537,-32.139481722894125,185.21389579552866,6.318334196549498,5.767364711686693,172.7796374094447,166.51285648933356,5.902405693193165,3.001860074505082,97.2831198343725,-1.6111552003706688,154.97144693797185,hourly_window_mean_factor_top_available_analogs,4,2262.1322009210526,,2262.1322009210526,0.0,30.528326522523457,-17.80819047147285,-5.265495641843269e-13,30.528326522523457,-17.80819047147285,-5.265495641843269e-13,32.139481722894125,-172.7796374094447,-97.2831198343725,114.74187844522764,4.341562862998969,134.45393196442757,5.189385401725163,156.21329368558006,5.488554295104772,185.21389579552866,6.318334196549498,166.51285648933356,5.902405693193165,-29.000602109948602,-0.8297799014447254,-0.8478225387261942,-0.8364271888642145,32.139481722894125,172.7796374094447,97.2831198343725
experiment_2026_06_15_11_12,SEN_demand_NOR,2026-05-01,Labor Day,H2,F,observance_tier,True,2026-05-01,12,True,True,10,False,2,10,10,pearson,RidgeReg,standard,2,{},2026-04-30 10:00:00,2026-05-02,171.26076833179445,5.394392202001732,103.566462,4.179,,14,24,4,4,10,4,0.07667260534512695,3405.6692702081373,3316.2291993046492,171.26076833179445,5.394392202001732,-4.916215065860456,-155.9084383660324,113.18561023547234,3.2149147023492852,-1.917005332822966,-71.51500032840393,205.13794388798237,6.665754076798993,-6.665754076798993,-205.13794388798237,81.71007178125751,2.310786661748011,0.4442994388126997,16.06740854105994,256.2276823951692,8.667092002823566,-8.667092002823566,-256.2276823951692,191.93172059004385,6.3252952982167825,-5.310263576957573,-155.9084383660322,-71.51500032840393,-205.13794388798237,hourly_window_mean_factor_top_available_analogs,4,2542.5455041447367,,2542.5455041447367,0.0,-87.58240886946386,51.08973850718684,-2.6327478209216345e-13,-87.58240886946386,51.08973850718684,-2.6327478209216345e-13,-16.067408541059933,256.2276823951692,155.90843836603216,113.18561023547234,3.2149147023492852,81.71007178125751,2.310786661748011,205.13794388798237,6.665754076798993,256.2276823951692,8.667092002823566,191.93172059004385,6.3252952982167825,-51.08973850718684,-2.001337926024573,0.9041280406012744,-0.9309030962150509,16.067408541059933,256.2276823951692,155.90843836603216
experiment_2026_06_15_11_12,SEN_demand_NTE,2023-02-06,Constitution Day,H2,H,observance_tier,True,2023-02-06,12,True,True,2,False,2,2,2,pearson,RidgeReg,,2,{},2023-02-05 10:00:00,2023-02-07,161.42957129445782,6.333003214390536,166.628976,6.119,,14,24,2,4,2,2,0.06112894690571111,2742.978739452353,2755.4419294154372,161.42957129445782,6.333003214390536,-6.333003214390536,-161.42957129445782,165.3575130870644,6.640546884785158,-6.640546884785158,-165.3575130870644,159.1382719154373,6.153602739993673,-6.153602739993673,-159.1382719154373,179.84616774062025,7.174198758878215,-7.174198758878215,-179.84616774062025,150.81106250794633,5.72809917166263,-5.723088077311999,-150.68655670086335,161.5082065410367,6.260872703794686,-6.257707802099552,-161.42957129445796,-165.3575130870644,-159.1382719154373,hourly_window_mean_factor_top_available_analogs,2,2515.1033342105266,,2515.1033342105266,0.0,14.488654653555841,-8.451715214573918,2.0343960434394448e-13,14.488654653555841,-8.451715214573918,2.0343960434394448e-13,179.84616774062025,150.68655670086338,161.42957129445801,165.3575130870644,6.640546884785158,179.84616774062025,7.174198758878215,159.1382719154373,6.153602739993673,150.81106250794633,5.72809917166263,161.5082065410367,6.260872703794686,8.327209407490955,0.42550356833104264,-0.5336518740930574,0.07213051059585052,179.84616774062025,150.68655670086338,161.42957129445801
experiment_2026_06_15_11_12,SEN_demand_NTE,2023-03-20,Benito Juarez's Birthday,H2,H,observance_tier,True,2023-03-20,12,True,True,2,False,2,2,2,pearson,RidgeReg,,2,{},2023-03-19 10:00:00,2023-03-21,133.52453504765896,4.803560165812395,168.579343,6.245,,14,24,2,4,2,2,0.055348790229250565,2667.1311409514806,2609.2177387142915,133.52453504765896,4.803560165812395,4.245889051432488,118.38874904851912,55.78007578243108,1.952662839258013,0.43898410022683476,14.697228070480183,178.87546961904184,6.466583606302453,6.466583606302453,178.87546961904184,60.274446178822345,2.115221956495671,0.2183756105780858,8.893545737143345,182.26095098015534,6.546453454069375,6.546453454069375,182.26095098015534,137.31855447440108,4.913894481279063,4.215056353835742,118.38874904851932,14.697228070480183,178.87546961904184,hourly_window_mean_factor_top_available_analogs,2,2467.7070115789475,,2467.7070115789475,0.0,5.8036823333368375,-3.3854813611134964,-2.1540663989358825e-13,5.8036823333368375,-3.3854813611134964,-2.1540663989358825e-13,-8.893545737143345,-182.26095098015534,-118.38874904851933,55.78007578243108,1.952662839258013,60.274446178822345,2.115221956495671,178.87546961904184,6.466583606302453,182.26095098015534,6.546453454069375,137.31855447440108,4.913894481279063,-3.3854813611135057,-0.07986984776692196,-0.16255911723765815,-0.11033431546666783,8.893545737143345,182.26095098015534,118.38874904851933
experiment_2026_06_15_11_12,SEN_demand_NTE,2023-04-06,Maundy Thursday,H1,G,observance_tier,True,2023-04-06,12,True,True,2,False,2,2,2,pearson,RidgeReg,,2,{},2023-04-05 10:00:00,2023-04-07,128.78060825686396,3.6327061664610034,156.560012,5.962,,14,24,2,4,2,2,0.059849172264570295,3425.9676954273464,3327.9386423329584,128.78060825686396,3.6327061664610034,3.6327061664610034,128.78060825686396,121.30390712513125,3.248764483081382,3.248764483081382,121.30390712513125,133.14201725037475,3.8566721484324504,3.8566721484324504,133.14201725037475,58.11364838825346,1.5639544445527935,1.0198930888787798,38.13104891154688,181.9306523474805,5.292500043487149,5.2848319825524195,181.65951787496564,136.31386141513372,3.9188253491429133,3.713538705935816,128.780608256864,121.30390712513125,133.14201725037475,hourly_window_mean_factor_top_available_analogs,2,2659.605830263158,,2659.605830263158,0.0,83.17285821358438,-48.5175006245909,-1.1967035549643792e-14,83.17285821358438,-48.5175006245909,-1.1967035549643792e-14,-38.13104891154687,-181.65951787496564,-128.78060825686396,121.30390712513125,3.248764483081382,58.11364838825346,1.5639544445527935,133.14201725037475,3.8566721484324504,181.9306523474805,5.292500043487149,136.31386141513372,3.9188253491429133,-48.788635097105754,-1.435827895054699,1.6848100385285885,-0.28611918268190983,38.13104891154687,181.65951787496564,128.78060825686396
experiment_2026_06_15_11_12,SEN_demand_NTE,2023-04-07,Good Friday,H2,G,observance_tier,True,2023-04-07,12,True,True,2,False,2,2,2,pearson,RidgeReg,,2,{},2023-04-06 10:00:00,2023-04-08,485.9089036597862,17.155101322600018,148.256914,5.575,,14,24,2,4,2,2,0.049556320872311446,3525.9657705018917,3423.7041976298738,485.9089036597862,17.155101322600018,-17.155101322600018,-485.9089036597862,203.4946939967788,5.84276203798492,-5.84276203798492,-203.4946939967788,650.6505259632071,23.75396590529216,-23.75396590529216,-650.6505259632071,252.9228591904996,7.255126324088716,-7.255126324088716,-252.9228591904996,621.8174296002038,22.706319409227362,-22.706319409227362,-621.8174296002038,485.9089036597866,17.01377458838681,-17.01377458838681,-485.9089036597866,-203.4946939967788,-650.6505259632071,hourly_window_mean_factor_top_available_analogs,2,2997.476922368421,,2997.476922368421,0.0,49.42816519372078,-28.833096363003296,3.111429242907386e-13,49.42816519372078,-28.833096363003296,3.111429242907386e-13,252.9228591904996,621.8174296002038,485.90890365978646,203.4946939967788,5.84276203798492,252.9228591904996,7.255126324088716,650.6505259632071,23.75396590529216,621.8174296002038,22.706319409227362,485.9089036597866,17.01377458838681,28.83309636300328,1.0476464960647967,-1.412364286103796,0.14132673421320874,252.9228591904996,621.8174296002038,485.90890365978646
experiment_2026_06_15_11_12,SEN_demand_NTE,2023-04-08,Holy Saturday,H3,G,observance_tier,True,2023-04-08,12,True,True,2,False,2,2,2,pearson,RidgeReg,,2,{},2023-04-07 10:00:00,2023-04-09,131.85491148577793,4.542822336024082,184.862305,6.871,,14,24,2,4,2,2,0.07025965298486532,3033.856267275251,3123.0343272800833,131.85491148577793,4.542822336024082,-4.542822336024082,-131.85491148577793,159.19836226696893,5.923522670153083,-5.923522670153083,-159.19836226696893,115.90456519674986,3.737413807782166,-3.737413807782166,-115.90456519674986,162.24329406163454,6.037145597252224,-6.037145597252224,-162.24329406163454,118.15475862895765,3.821130944851902,-3.677144773967853,-114.12835498319386,134.39790326204914,4.6375573957362315,-4.546618761493673,-131.85491148577725,-159.19836226696893,-115.90456519674986,hourly_window_mean_factor_top_available_analogs,2,2760.6224384210527,,2760.6224384210527,0.0,3.044931794665607,-1.7762102135559985,-6.701539907800523e-13,3.044931794665607,-1.7762102135559985,-6.701539907800523e-13,162.24329406163454,114.12835498319386,131.85491148577725,159.19836226696893,5.923522670153083,162.24329406163454,6.037145597252224,115.90456519674986,3.737413807782166,118.15475862895765,3.821130944851902,134.39790326204914,4.6375573957362315,-2.2501934322077943,-0.08371713706973605,-0.1136229270991409,-0.0947350597121499,162.24329406163454,114.12835498319386,131.85491148577725
experiment_2026_06_15_11_12,SEN_demand_NTE,2023-05-01,Labor Day,H2,F,observance_tier,True,2023-05-01,12,True,True,3,False,2,3,3,pearson,PLS,,2,{},2023-04-30 10:00:00,2023-05-02,127.95679731611845,3.9677597774479927,164.652072,6.278,,14,24,3,4,3,3,0.04779036214014173,3218.6562110118703,3170.8695698008037,127.95679731611845,3.9677597774479927,0.4056462142854132,18.958746619708442,147.92592594512786,4.834296978577788,-4.834296978577788,-147.92592594512786,116.30813894919629,3.4622797434556136,3.4622797434556136,116.30813894919629,109.61379230618915,3.5963698835666107,-3.503422088012798,-106.6153980600376,96.47626537749538,2.8781317950070373,2.7351167775504153,92.21033101622724,101.31640687754046,3.142745827634249,0.4367077218165997,18.95874661970861,-147.92592594512786,116.30813894919629,hourly_window_mean_factor_top_available_analogs,3,2720.4976651754387,,2720.4976651754387,0.0,-41.31052788509026,24.09780793296905,-1.6753849769501309e-13,-41.31052788509026,24.09780793296905,-1.6753849769501309e-13,106.61539806003759,-92.21033101622724,-18.95874661970861,147.92592594512786,4.834296978577788,109.61379230618915,3.5963698835666107,116.30813894919629,3.4622797434556136,96.47626537749538,2.8781317950070373,101.31640687754046,3.142745827634249,19.83187357170091,0.5841479484485763,1.2379270950111771,0.8250139498137439,106.61539806003759,92.21033101622724,18.95874661970861
experiment_2026_06_15_11_12,SEN_demand_NTE,2023-09-16,Independence Day,H2,H,observance_tier,True,2023-09-16,12,True,True,3,False,2,3,3,pearson,PLS,standard,2,{},2023-09-15 10:00:00,2023-09-17,124.47968551921646,3.235684770224531,157.257286,6.168,,14,24,3,4,3,3,0.06992980731554815,3980.9931951116123,3826.118085099668,124.47968551921646,3.235684770224531,-2.1734331536246265,-80.00149721687501,97.32890486149141,2.2941470161082615,-0.41116191367408506,-14.839286560658495,140.31764090288937,3.7849151267923546,-3.2014247102624425,-118.01278676633463,118.74699224613558,2.8129718651454736,-1.2678748055033515,-50.96223298526105,145.63014954893376,3.9061083286368365,-2.624101896479722,-96.94106801865037,135.7258284373765,3.503373842087387,-2.124439284014744,-80.00149721687536,-14.839286560658495,-118.01278676633463,hourly_window_mean_factor_top_available_analogs,3,2935.5508935964913,,2935.5508935964913,0.0,36.12294642460256,-21.07171874768426,3.590110664893138e-13,36.12294642460256,-21.07171874768426,3.590110664893138e-13,50.96223298526105,96.94106801865037,80.00149721687536,97.32890486149141,2.2941470161082615,118.74699224613558,2.8129718651454736,140.31764090288937,3.7849151267923546,145.63014954893376,3.9061083286368365,135.7258284373765,3.503373842087387,-5.312508646044392,-0.1211932018444819,-0.518824849037212,-0.26768907186285595,50.96223298526105,96.94106801865037,80.00149721687536
experiment_2026_06_15_11_12,SEN_demand_NTE,2023-11-20,Mexican Revolution Day,H2,F,observance_tier,True,2023-11-20,12,True,True,2,False,2,4,2,pearson,RidgeReg,,2,{},2023-11-19 10:00:00,2023-11-21,61.08103725074487,2.7520345165220674,162.223973,6.023,,14,24,2,4,2,2,0.0786388196961545,2296.4212322021945,2308.832134266437,61.08103725074487,2.7520345165220674,-0.45504620087637465,-9.995025096931583,35.55559883312662,1.5724236834457042,-0.04156472634259624,1.1287491936491278,75.97087632768886,3.4401408358166123,-0.6962437276877456,-16.483893433103663,41.583121699764014,1.7527322428846897,1.5434201095014402,37.129220052776255,87.11309491312956,3.940377133738583,-1.6292975734778288,-37.4841681009274,70.33889425557383,3.1344027002660964,-0.4604015850117823,-9.995025096931315,1.1287491936491278,-16.483893433103663,hourly_window_mean_factor_top_available_analogs,2,2411.6825838157893,,2411.6825838157893,0.0,-36.00047085912713,21.00027466782373,-2.692582998669853e-13,-36.00047085912713,21.00027466782373,-2.692582998669853e-13,-37.129220052776255,37.48416810092739,9.995025096931313,35.55559883312662,1.5724236834457042,41.583121699764014,1.7527322428846897,75.97087632768886,3.4401408358166123,87.11309491312956,3.940377133738583,70.33889425557383,3.1344027002660964,-11.142218585440702,-0.5002362979219708,-0.1803085594389855,-0.3823681837440289,37.129220052776255,37.48416810092739,9.995025096931313
experiment_2026_06_15_11_12,SEN_demand_NTE,2023-12-24,Christmas Eve,H1,G,observance_tier,True,2023-12-24,12,True,True,3,False,2,4,3,pearson,PLS,minmax,3,{},2023-12-23 10:00:00,2023-12-25,144.49112610388786,6.191636962145898,151.248341,5.78,,14,24,3,4,3,3,0.039743578320887686,2581.4605800512563,2503.743189706191,144.49112610388786,6.191636962145898,-6.191636962145898,-144.49112610388786,91.36905349993877,3.5788964084458947,-3.5788964084458947,-91.36905349993877,175.4790017895248,7.715735618470897,-7.715735618470897,-175.4790017895248,67.35616344190397,2.6506911158244284,-2.4083709119973524,-60.738699455338974,193.3467083155415,8.486130442851614,-8.486130442851614,-193.3467083155415,146.92913915156979,6.336231743420546,-6.246955878852677,-144.49112610388792,-91.36905349993877,-175.4790017895248,hourly_window_mean_factor_top_available_analogs,3,2712.8328080701754,,2712.8328080701754,0.0,-30.630354044599795,17.86770652601668,8.376924884750654e-14,-30.630354044599795,17.86770652601668,8.376924884750654e-14,60.738699455338974,193.3467083155415,144.49112610388795,91.36905349993877,3.5788964084458947,67.35616344190397,2.6506911158244284,175.4790017895248,7.715735618470897,193.3467083155415,8.486130442851614,146.92913915156979,6.336231743420546,-17.86770652601669,-0.770394824380717,0.9282052926214663,-0.1445947812746482,60.738699455338974,193.3467083155415,144.49112610388795
experiment_2026_06_15_11_12,SEN_demand_NTE,2023-12-25,Christmas Day,H2,H,observance_tier,True,2023-12-25,12,True,True,2,False,2,4,2,pearson,LassoReg,,2,{},2023-12-24 10:00:00,2023-12-26,141.6405608392448,6.456292906705576,140.04837,4.933,,14,24,2,4,2,2,0.05414860939628523,2324.5565855456953,2336.132972410086,141.6405608392448,6.456292906705576,-4.48857028989037,-94.73043449306317,87.33045492703006,3.6550962070366544,0.5842016332016394,16.548281936118787,173.3214559547034,8.09032431484578,-7.447687245027377,-159.64301907675264,84.70968564553803,3.5530101062724264,0.41130380189514065,13.180008918960539,164.89086428684507,7.746511342766588,-7.407647852218875,-157.67819315007787,135.35043005057406,6.2015372030055795,-4.526981453334763,-94.73043449306371,16.548281936118787,-159.64301907675264,hourly_window_mean_factor_top_available_analogs,2,2571.7868469736845,,2571.7868469736845,0.0,3.368273017158247,-1.9648259266747725,5.504836352836145e-13,3.368273017158247,-1.9648259266747725,5.504836352836145e-13,-13.18000891896054,157.67819315007787,94.73043449306373,87.33045492703006,3.6550962070366544,84.70968564553803,3.5530101062724264,173.3214559547034,8.09032431484578,164.89086428684507,7.746511342766588,135.35043005057406,6.2015372030055795,8.430591667858323,0.34381297207919204,0.10208610076422797,0.25475570369999634,13.18000891896054,157.67819315007787,94.73043449306373
experiment_2026_06_15_11_12,SEN_demand_NTE,2023-12-31,New Year's Eve,H1,G,observance_tier,True,2023-12-31,12,True,True,3,False,2,4,3,pearson,PLS,standard,3,{},2023-12-30 10:00:00,2024-01-01,145.1789153455288,5.816394512668127,151.064375,5.549,,14,24,3,4,3,3,0.0599684198459612,2726.7780269244768,2607.024237156346,145.1789153455288,5.816394512668127,-5.816394512668127,-145.1789153455288,158.13926795555668,5.86689839807177,-5.86689839807177,-158.13926795555668,137.61870965634583,5.786933912849335,-5.786933912849335,-137.61870965634583,165.9695309848541,6.1503674668233845,-6.1503674668233845,-165.9695309848541,133.05105622259006,5.591733844700445,-5.591733844700445,-133.05105622259006,145.17891534552942,5.797546231798371,-5.797546231798371,-145.17891534552942,-158.13926795555668,-137.61870965634583,hourly_window_mean_factor_top_available_analogs,3,2933.763753421053,,2933.763753421053,0.0,7.830263029297417,-4.5676534337557655,6.701539907800523e-13,7.830263029297417,-4.5676534337557655,6.701539907800523e-13,165.9695309848541,133.05105622259006,145.17891534552948,158.13926795555668,5.86689839807177,165.9695309848541,6.1503674668233845,137.61870965634583,5.786933912849335,133.05105622259006,5.591733844700445,145.17891534552942,5.797546231798371,4.5676534337557655,0.1952000681488899,-0.2834690687516144,0.018848280869756096,165.9695309848541,133.05105622259006,145.17891534552948
experiment_2026_06_15_11_12,SEN_demand_NTE,2024-01-01,New Year's Day,H3,H,observance_tier,True,2024-01-01,12,True,True,3,False,2,4,3,pearson,PLS,minmax,3,{},2023-12-31 10:00:00,2024-01-02,182.6434603142094,8.244169524613193,150.556327,5.539,,14,24,3,4,3,3,0.051958391569257266,2490.804187317875,2468.9429104750134,182.6434603142094,8.244169524613193,-8.076071311818987,-178.14755021261234,99.41756360997417,4.173361098826341,-3.7170945212420605,-87.21437904849654,231.19190005834662,10.618807772988857,-10.618807772988857,-231.19190005834662,102.9953493834404,4.307180308008411,-4.096735589499002,-97.38940724823608,225.25646694183092,10.279180362318984,-10.279180362318984,-225.25646694183092,180.2128973150555,8.078969815994034,-8.001437551280043,-178.1475502126118,-87.21437904849654,-231.19190005834662,hourly_window_mean_factor_top_available_analogs,3,2351.7987827192987,,2351.7987827192987,0.0,10.175028199739538,-5.9354331165156395,-5.74417706382902e-13,10.175028199739538,-5.9354331165156395,-5.74417706382902e-13,97.38940724823608,225.25646694183098,178.14755021261178,99.41756360997417,4.173361098826341,102.9953493834404,4.307180308008411,231.19190005834662,10.618807772988857,225.25646694183092,10.279180362318984,180.2128973150555,8.078969815994034,5.935433116515696,0.33962741066987334,-0.1338192091820698,0.16519970861915922,97.38940724823608,225.25646694183098,178.14755021261178
experiment_2026_06_15_11_12,SEN_demand_NTE,2024-02-05,Constitution Day,H2,H,observance_tier,True,2024-02-05,12,True,True,2,False,2,4,2,pearson,LassoReg,,2,{},2024-02-04 10:00:00,2024-02-06,177.86511292867752,6.696587288527006,149.777097,5.542,,14,24,2,4,2,2,0.06808323071086464,2450.3869021721753,2385.706205840373,177.86511292867752,6.696587288527006,5.6786382898623415,152.09494177519386,77.40014581847868,2.9219978373932434,0.15899341244629486,7.452538401880149,236.46967707629346,8.898431135021701,8.898431135021701,236.46967707629346,84.6949567662657,3.2180154138814143,-0.09817900873020159,0.06643001865427323,240.77824029984072,9.114324971426802,9.114324971426802,240.77824029984072,183.2738726822078,6.942000397594291,5.720244557684747,152.09494177519306,7.452538401880149,236.46967707629346,hourly_window_mean_factor_top_available_analogs,2,2271.2413940789475,,2271.2413940789475,0.0,7.386108383225876,-4.308563223547234,7.53923239627559e-13,7.386108383225876,-4.308563223547234,7.53923239627559e-13,-0.06643001865427323,-240.7782402998407,-152.0949417751931,77.40014581847868,2.9219978373932434,84.6949567662657,3.2180154138814143,236.46967707629346,8.898431135021701,240.77824029984072,9.114324971426802,183.2738726822078,6.942000397594291,-4.308563223547253,-0.21589383640510107,-0.29601757648817095,-0.24541310906728508,0.06643001865427323,240.7782402998407,152.0949417751931
experiment_2026_06_15_11_12,SEN_demand_NTE,2024-03-18,Benito Juarez's Birthday,H2,H,observance_tier,True,2024-03-18,12,True,True,2,False,2,4,2,pearson,LassoReg,,2,{},2024-03-17 10:00:00,2024-03-19,162.66170886358358,5.469464945173098,124.10656,4.671,,14,24,2,4,2,2,0.05879261317686905,2839.3728310665497,2805.847909244014,162.66170886358358,5.469464945173098,2.0814482485159993,71.8982284071352,123.17900919089418,4.598022659748918,-4.598022659748918,-123.17900919089418,185.69328367265234,5.9778062783372015,5.9778062783372015,185.69328367265234,211.93027655550637,7.846127860720965,-7.846127860720965,-211.93027655550637,237.46485630200834,7.697971562221297,7.697971562221297,237.46485630200834,228.0573795532971,7.7525554616685435,1.9711980906109894,71.89822840713451,-123.17900919089418,185.69328367265234,hourly_window_mean_factor_top_available_analogs,2,2477.1364580263157,,2477.1364580263157,0.0,88.75126736461218,-51.77157262935598,7.060550974289837e-13,88.75126736461218,-51.77157262935598,7.060550974289837e-13,211.93027655550634,-237.46485630200831,-71.8982284071345,123.17900919089418,4.598022659748918,211.93027655550637,7.846127860720965,185.69328367265234,5.9778062783372015,237.46485630200834,7.697971562221297,228.0573795532971,7.7525554616685435,-51.771572629356,-1.7201652838840955,-3.248105200972047,-2.283090516495445,211.93027655550634,237.46485630200831,71.8982284071345
experiment_2026_06_15_11_12,SEN_demand_NTE,2024-03-28,Maundy Thursday,H1,G,observance_tier,True,2024-03-28,12,True,True,2,False,2,4,2,pearson,LassoReg,,2,{},2024-03-27 10:00:00,2024-03-29,150.4276343958626,4.435508110837376,126.673855,4.748,,14,24,2,4,2,2,0.09166339381172532,3332.4687579449696,3168.3352757353327,150.4276343958626,4.435508110837376,2.7533532680589126,91.9545683708199,97.91354962076795,2.783105436715576,-1.7827434222545393,-60.79905816149085,181.0608505146678,5.399409670741758,5.399409670741758,181.0608505146678,186.86969660534393,5.330846369674617,-5.330846369674617,-186.86969660534393,254.60205627358195,7.60676829237141,7.60676829237141,254.60205627358195,229.64802902738904,6.768270741904171,2.8402786800386632,91.95456837081979,-60.79905816149085,181.0608505146678,hourly_window_mean_factor_top_available_analogs,2,2873.6345690789476,,2873.6345690789476,0.0,126.07063844385308,-73.54120575891413,1.0770331994679413e-13,126.07063844385308,-73.54120575891413,1.0770331994679413e-13,186.86969660534393,-254.60205627358192,-91.95456837081979,97.91354962076795,2.783105436715576,186.86969660534393,5.330846369674617,181.0608505146678,5.399409670741758,254.60205627358195,7.60676829237141,229.64802902738904,6.768270741904171,-73.54120575891415,-2.207358621629653,-2.5477409329590412,-2.332762631066795,186.86969660534393,254.60205627358192,91.95456837081979
experiment_2026_06_15_11_12,SEN_demand_NTE,2024-03-29,Good Friday,H2,G,observance_tier,True,2024-03-29,12,True,True,3,False,2,4,3,pearson,LassoReg,,2,{},2024-03-28 10:00:00,2024-03-30,401.428909476304,14.398658611342507,128.213214,4.782,,14,24,3,4,3,3,0.05752299532469436,3370.410879476304,3270.9115926712243,401.428909476304,14.398658611342507,-14.398658611342507,-401.428909476304,163.96270114215477,4.867036955209985,-4.867036955209985,-163.96270114215477,539.9508643378912,19.958771244086478,-19.958771244086478,-539.9508643378912,234.95252398166846,6.966245735125066,-6.966245735125066,-234.95252398166846,498.5401343481749,18.40842034921917,-18.40842034921917,-498.5401343481749,401.428909476304,14.192882333500291,-14.192882333500291,-401.428909476304,-163.96270114215477,-539.9508643378912,hourly_window_mean_factor_top_available_analogs,3,2891.892700175438,,2891.892700175438,0.0,70.9898228395137,-41.410729989716195,8.376924884750654e-14,70.9898228395137,-41.410729989716195,8.376924884750654e-14,234.9525239816685,498.540134348175,401.42890947630406,163.96270114215477,4.867036955209985,234.95252398166846,6.966245735125066,539.9508643378912,19.958771244086478,498.5401343481749,18.40842034921917,401.428909476304,14.192882333500291,41.41072998971629,1.5503508948673073,-2.099208779915082,0.2057762778422152,234.9525239816685,498.540134348175,401.42890947630406
experiment_2026_06_15_11_12,SEN_demand_NTE,2024-03-30,Holy Saturday,H3,G,observance_tier,True,2024-03-30,12,True,True,4,False,2,5,4,euclidian,PCR,standard,4,{},2024-03-29 10:00:00,2024-03-31,155.95968225376848,5.353713055393367,146.085292,5.285,,14,24,4,4,4,4,0.043157882014178,2697.051966723158,2777.7586672768325,155.95968225376848,5.353713055393367,5.351167524884174,155.89228669789532,151.8289220831431,5.615532755283266,5.615532755283266,151.8289220831431,158.36929235329993,5.2009848971242585,5.196954473818036,158.2625827231674,76.86949496281493,2.7934073104606556,0.9329856428932735,28.89589412362534,229.97351569955197,7.74436919657888,7.74436919657888,229.97351569955197,173.56677121759623,5.920330606956377,5.234912097852604,155.8922866978948,151.8289220831431,158.2625827231674,hourly_window_mean_factor_top_available_analogs,4,2802.0116676315793,,2802.0116676315793,0.0,122.93302795951776,-71.71093297638454,5.145825286346831e-13,122.93302795951776,-71.71093297638454,5.145825286346831e-13,-28.895894123625354,-229.97351569955197,-155.8922866978948,151.8289220831431,5.615532755283266,76.86949496281493,2.7934073104606556,158.36929235329993,5.2009848971242585,229.97351569955197,7.74436919657888,173.56677121759623,5.920330606956377,-71.60422334625204,-2.5433842994546216,2.8221254448226105,-0.5666175515630094,28.895894123625354,229.97351569955197,155.8922866978948
experiment_2026_06_15_11_12,SEN_demand_NTE,2024-05-01,Labor Day,H2,F,observance_tier,True,2024-05-01,12,True,True,4,False,2,6,4,euclidian,PCR,standard,4,{},2024-04-30 10:00:00,2024-05-02,235.52272195116186,5.911782232030411,133.729737,5.017,,14,24,4,4,4,4,0.04623640132253916,3842.474199296967,3577.779468650669,235.52272195116186,5.911782232030411,2.7912497526646205,110.23382386092754,206.1301952991606,5.025552706975884,-2.8574892334991207,-111.22609826204942,252.66836249816257,6.428749454978885,6.086347494593469,239.4187784326641,235.96894490145493,5.548384984152337,5.548384984152337,235.96894490145493,71.78092474367314,1.900995152702244,0.968435202675857,36.8883365872868,132.271247959698,3.2447703537628043,2.6557851221671913,110.23382386092769,-111.22609826204942,239.4187784326641,hourly_window_mean_factor_top_available_analogs,4,3064.403984276316,,3064.403984276316,0.0,-347.1950431635044,202.53044184537734,-1.3163739104608172e-13,-347.1950431635044,202.53044184537734,-1.3163739104608172e-13,-235.968944901455,-36.88833658728677,-110.23382386092767,206.1301952991606,5.025552706975884,235.96894490145493,5.548384984152337,252.66836249816257,6.428749454978885,71.78092474367314,1.900995152702244,132.271247959698,3.2447703537628043,180.88743775448944,4.527754302276641,-0.5228322771764526,2.667011878267607,235.968944901455,36.88833658728677,110.23382386092767
experiment_2026_06_15_11_12,SEN_demand_NTE,2024-09-16,Independence Day,H2,H,observance_tier,True,2024-09-16,12,True,True,4,False,2,6,4,euclidian,PCR,standard,4,{},2024-09-15 10:00:00,2024-09-17,360.3553913741376,9.62852463853821,142.482784,5.063,,14,24,4,4,4,4,0.04341596172352055,3239.2677590771696,3234.073523212765,360.3553913741376,9.62852463853821,9.613386537738819,359.8760238175672,238.68516066597024,6.6917195015542985,6.650630370813096,237.38402015527927,431.32969262056866,11.34166096844549,11.34166096844549,431.32969262056866,156.52041997949814,4.329704338818478,3.494882474136161,129.8039750118921,494.0847189542112,13.120217494228896,13.120217494228896,494.0847189542112,369.71892459510644,9.881607384340848,9.574041434194731,359.87602381756733,237.38402015527927,431.32969262056866,hourly_window_mean_factor_top_available_analogs,4,3552.3649880921052,,3552.3649880921052,0.0,107.58004514338715,-62.75502633364255,-2.3934071099287584e-14,107.58004514338715,-62.75502633364255,-2.3934071099287584e-14,-129.80397501189213,-494.0847189542112,-359.8760238175672,238.68516066597024,6.6917195015542985,156.52041997949814,4.329704338818478,431.32969262056866,11.34166096844549,494.0847189542112,13.120217494228896,369.71892459510644,9.881607384340848,-62.75502633364255,-1.7785565257834062,2.362015162735821,-0.25308274580263834,129.80397501189213,494.0847189542112,359.8760238175672
experiment_2026_06_15_11_12,SEN_demand_NTE,2024-11-18,Mexican Revolution Day,H2,F,observance_tier,True,2024-11-18,12,True,True,2,False,2,6,2,pearson,LassoReg,,2,{},2024-11-17 10:00:00,2024-11-19,35.50958735845778,1.377957821455198,154.818982,5.416,,14,24,2,4,2,2,0.06810604203437502,2534.2520998925784,2537.054455667589,35.50958735845778,1.377957821455198,0.307692367482802,8.608921686369321,26.313295594463007,1.053855513453022,0.26298620687847046,6.000821436012627,40.874090887454734,1.5670175011231338,0.33377096116866206,10.130313499077394,33.81404696671026,1.3451124511912294,0.27434256823081726,5.8107711292747934,44.9359184222281,1.7937363027903455,0.40439296473144665,10.241176178007265,40.838386833353105,1.6284538311485657,0.35647966075753057,8.608921686368987,6.000821436012627,10.130313499077394,hourly_window_mean_factor_top_available_analogs,2,2333.0041007894743,,2333.0041007894743,0.0,0.190050306737833,-0.11086267892987205,3.3507699539002617e-13,0.190050306737833,-0.11086267892987205,3.3507699539002617e-13,-5.810771129274794,-10.241176178007265,-8.608921686368985,26.313295594463007,1.053855513453022,33.81404696671026,1.3451124511912294,40.874090887454734,1.5670175011231338,44.9359184222281,1.7937363027903455,40.838386833353105,1.6284538311485657,-4.061827534773364,-0.2267188016672117,-0.29125693773820727,-0.2504960096933677,5.810771129274794,10.241176178007265,8.608921686368985
experiment_2026_06_15_11_12,SEN_demand_NTE,2024-12-24,Christmas Eve,H1,G,observance_tier,True,2024-12-24,12,True,True,2,False,2,6,2,pearson,LassoReg,,2,{},2024-12-23 10:00:00,2024-12-25,82.44931994507196,3.254352732934136,138.267826,4.779,,14,24,2,4,2,2,0.06799707605726144,2503.1724905819287,2391.3873170685442,82.44931994507196,3.254352732934136,2.0359176646651878,52.60326994438737,53.17954565345888,1.9514407512836454,0.5941751283046106,18.483445537984835,99.52335494851293,4.014384722230255,2.876934144208858,72.50650084812219,47.5260905455922,1.7613391076789147,0.20795778395782277,7.703157011634175,104.82190206423009,4.2402682197480965,3.1454137959731554,78.79500248849304,83.71291887315297,3.3269785468805035,2.063193159967507,52.603269944387144,18.483445537984835,72.50650084812219,hourly_window_mean_factor_top_available_analogs,2,2715.6210715789475,,2715.6210715789475,0.0,10.78028852635066,-6.288501640370858,2.2737367544323206e-13,10.78028852635066,-6.288501640370858,2.2737367544323206e-13,-7.703157011634175,-78.79500248849304,-52.603269944387144,53.17954565345888,1.9514407512836454,47.5260905455922,1.7613391076789147,99.52335494851293,4.014384722230255,104.82190206423009,4.2402682197480965,83.71291887315297,3.3269785468805035,-5.298547115717156,-0.22588349751784165,0.1901016436047307,-0.07262581394636758,7.703157011634175,78.79500248849304,52.603269944387144
experiment_2026_06_15_11_12,SEN_demand_NTE,2024-12-25,Christmas Day,H2,H,observance_tier,True,2024-12-25,12,True,True,2,False,2,6,2,pearson,LassoReg,,2,{},2024-12-24 10:00:00,2024-12-26,114.45421583976653,5.313052968083489,135.91539,4.682,,14,24,2,4,2,2,0.08164602543016665,2368.584402447267,2270.3007709189073,114.45421583976653,5.313052968083489,-5.1293995642488,-109.69795928937282,105.0445492755255,4.412593677623878,-3.9141058672154356,-92.13471006731399,119.94318800224046,5.838320887518265,-5.838320887518265,-119.94318800224046,143.09125173558309,5.958037939756465,-5.802331342347816,-139.05876168420886,92.57082455905113,4.466802906889008,-4.466802906889008,-92.57082455905113,111.18361351882609,5.016205287419123,-4.958839698900148,-109.69795928937243,-92.13471006731399,-119.94318800224046,hourly_window_mean_factor_top_available_analogs,2,2371.413220394737,,2371.413220394737,0.0,46.924051616894886,-27.37236344318933,-4.0687920868788895e-13,46.924051616894886,-27.37236344318933,-4.0687920868788895e-13,139.0587616842089,92.57082455905113,109.6979592893724,105.0445492755255,4.412593677623878,143.09125173558309,5.958037939756465,119.94318800224046,5.838320887518265,92.57082455905113,4.466802906889008,111.18361351882609,5.016205287419123,27.37236344318933,1.3715179806292568,-1.5454442621325866,0.2968476806643654,139.0587616842089,92.57082455905113,109.6979592893724
experiment_2026_06_15_11_12,SEN_demand_NTE,2024-12-31,New Year's Eve,H2,G,observance_tier,True,2024-12-31,12,True,True,2,False,2,6,2,pearson,LassoReg,,2,{},2024-12-30 10:00:00,2025-01-01,68.2852845592715,2.7674018548972623,138.191262,4.815,,14,24,2,4,2,2,0.0611625131060266,2438.30530517757,2348.266588672382,68.2852845592715,2.7674018548972623,2.7674018548972623,68.2852845592715,32.25414724210623,1.2024700311903564,1.2024700311903564,32.25414724210623,89.30344799428458,3.6802787520596234,3.6802787520596234,89.30344799428458,55.06473295417459,2.1061405557920234,0.0816507257087544,5.13156867546445,105.12495215815987,4.286763519546168,4.286763519546168,105.12495215815987,86.68171350406003,3.4833761118472735,2.737511437606069,68.28528455927209,32.25414724210623,89.30344799428458,hourly_window_mean_factor_top_available_analogs,2,2702.7093960526317,,2702.7093960526317,0.0,27.122578566641778,-15.82150416387528,-5.74417706382902e-13,27.122578566641778,-15.82150416387528,-5.74417706382902e-13,-5.13156867546445,-105.12495215815986,-68.28528455927207,32.25414724210623,1.2024700311903564,55.06473295417459,2.1061405557920234,89.30344799428458,3.6802787520596234,105.12495215815987,4.286763519546168,86.68171350406003,3.4833761118472735,-15.82150416387529,-0.606484767486545,-0.903670524601667,-0.7159742569500112,5.13156867546445,105.12495215815986,68.28528455927207
experiment_2026_06_15_11_12,SEN_demand_NTE,2025-01-01,New Year's Day,H3,H,observance_tier,True,2025-01-01,12,True,True,2,False,2,6,2,pearson,LassoReg,,2,{},2024-12-31 10:00:00,2025-01-02,54.27735123510655,2.3451133941262343,129.059609,4.488,,14,24,2,4,2,2,0.08054979692761956,2185.2904312880864,2083.623221512093,54.27735123510655,2.3451133941262343,2.264683234242963,52.505632922439375,74.51978390761194,3.0629142888369523,2.9745084538364597,72.29522338163754,42.46926550947839,1.9263962055449824,1.8506185228134242,40.961705154573785,63.216590748213385,2.5368696972155393,2.376366282504651,59.569919603297976,56.01824755983048,2.5327965124665783,2.122340516080723,48.384799025272606,58.67026873449786,2.5342971594793537,2.2159289563421702,52.50563292243985,72.29522338163754,40.961705154573785,hourly_window_mean_factor_top_available_analogs,2,2282.093094868421,,2282.093094868421,0.0,12.725303778339562,-7.423093870698826,-4.726979042109298e-13,12.725303778339562,-7.423093870698826,-4.726979042109298e-13,-59.569919603297976,-48.38479902527261,-52.50563292243985,74.51978390761194,3.0629142888369523,63.216590748213385,2.5368696972155393,42.46926550947839,1.9263962055449824,56.01824755983048,2.5327965124665783,58.67026873449786,2.5342971594793537,-13.548982050352087,-0.606400306921596,0.5260445916214129,-0.18918376535311943,59.569919603297976,48.38479902527261,52.50563292243985
experiment_2026_06_15_11_12,SEN_demand_NTE,2025-02-03,Constitution Day,H2,H,observance_tier,True,2025-02-03,12,True,True,2,False,2,6,2,pearson,LassoReg,,2,{},2025-02-02 10:00:00,2025-02-04,90.41849533995351,3.558021945923752,113.495784,4.105,,14,24,2,4,2,2,0.056435380481658214,2669.1939474452165,2674.305267363992,90.41849533995351,3.558021945923752,-3.558021945923752,-90.41849533995351,89.24213472731594,3.582238178203228,-3.582238178203228,-89.24213472731594,91.10470569732541,3.54389581042739,-3.54389581042739,-91.10470569732541,139.65315684366914,5.574252683742128,-5.574252683742128,-139.65315684366914,62.62315817132926,2.4488548163434567,-2.413074022115873,-61.698276129452346,91.00263136640184,3.600317188542967,-3.5777187921887035,-90.41849533995327,-89.24213472731594,-91.10470569732541,hourly_window_mean_factor_top_available_analogs,2,2405.6876596052634,,2405.6876596052634,0.0,50.41102211635319,-29.406429567873072,-2.3934071099287584e-13,50.41102211635319,-29.406429567873072,-2.3934071099287584e-13,139.65315684366914,61.69827612945234,90.41849533995327,89.24213472731594,3.582238178203228,139.65315684366914,5.574252683742128,91.10470569732541,3.54389581042739,62.62315817132926,2.4488548163434567,91.00263136640184,3.600317188542967,28.481547525996156,1.0950409940839334,-1.9920145055389002,-0.042295242619215134,139.65315684366914,61.69827612945234,90.41849533995327
experiment_2026_06_15_11_12,SEN_demand_NTE,2025-03-17,Benito Juarez's Birthday,H2,H,observance_tier,True,2025-03-17,12,True,True,2,False,2,6,2,pearson,LassoReg,,2,{},2025-03-16 10:00:00,2025-03-18,153.57092891678752,5.539806138078753,84.379499,3.09,,14,24,2,4,2,2,0.056435380481658214,2669.0781770448643,2632.689900801633,153.57092891678752,5.539806138078753,2.099225635118687,65.9303440077673,130.22145129122205,5.059374053326012,-4.279344454708453,-107.66013631897574,167.19145753170073,5.820058187517852,5.820058187517852,167.19145753170073,112.90843895380064,4.3844735603586775,-3.489239976351164,-86.92718716309494,155.09723719077024,5.396222409542422,5.396222409542422,155.09723719077024,139.55399573504465,5.023472833527357,2.1226310042132055,65.93034400776729,-107.66013631897574,167.19145753170073,hourly_window_mean_factor_top_available_analogs,2,2405.6876596052634,,2405.6876596052634,0.0,-20.732949155880792,12.094220340930482,1.1967035549643792e-14,-20.732949155880792,12.094220340930482,1.1967035549643792e-14,86.92718716309496,-155.09723719077024,-65.93034400776729,130.22145129122205,5.059374053326012,112.90843895380064,4.3844735603586775,167.19145753170073,5.820058187517852,155.09723719077024,5.396222409542422,139.55399573504465,5.023472833527357,12.094220340930491,0.42383577797543026,0.6749004929673346,0.516333304551396,86.92718716309496,155.09723719077024,65.93034400776729
experiment_2026_06_15_11_12,SEN_demand_NTE,2025-04-17,Maundy Thursday,H1,G,observance_tier,True,2025-04-17,12,True,True,2,False,2,6,2,pearson,RidgeReg,,2,{},2025-04-16 10:00:00,2025-04-18,102.59644485560014,2.5711891499397934,91.029805,3.337,,14,24,2,4,2,2,0.044407743287326315,3935.0059462656095,3801.2092125757586,102.59644485560014,2.5711891499397934,1.1948374078373742,49.66291583965351,115.187741504712,2.7895578539536037,0.14204110342508597,12.375154551788,95.25152181028488,2.4438074059317376,1.8089685854112088,71.41410992424171,119.32534025116463,2.8783904188953437,0.3445138068448587,20.940375301760405,93.74267073657965,2.4020842880900695,1.6736231001882587,66.41773115342487,103.16786476826886,2.577565494176223,1.183951255272269,49.66291583965375,12.375154551788,71.41410992424171,hourly_window_mean_factor_top_available_analogs,2,3060.4024928947365,,3060.4024928947365,0.0,-8.565220749972402,4.9963787708168566,-2.3934071099287584e-13,-8.565220749972402,4.9963787708168566,-2.3934071099287584e-13,-20.940375301760405,-66.41773115342485,-49.66291583965375,115.187741504712,2.7895578539536037,119.32534025116463,2.8783904188953437,95.25152181028488,2.4438074059317376,93.74267073657965,2.4020842880900695,103.16786476826886,2.577565494176223,1.5088510737052303,0.041723117841668156,-0.08883256494174008,-0.006376344236429521,20.940375301760405,66.41773115342485,49.66291583965375
experiment_2026_06_15_11_12,SEN_demand_NTE,2025-04-18,Good Friday,H2,G,observance_tier,True,2025-04-18,12,True,True,2,False,2,6,2,pearson,RidgeReg,,2,{},2025-04-17 10:00:00,2025-04-19,95.18946845602586,3.009599986949396,91.236014,3.245,,14,24,2,4,2,2,0.10857554952758974,3400.1124789779265,3066.5628290970076,95.18946845602586,3.009599986949396,-1.8827150000246313,-55.68722845161053,80.07488164231447,2.0620550946797294,-1.156360995207473,-43.03350448807266,104.00631076402418,3.5623345074400348,-2.3064215028346404,-63.068567430340956,80.74641202514447,2.026359558954616,0.9090232646498649,38.18632175859573,138.1239441217513,4.782735531256609,-3.948784516109686,-110.44679940756443,116.98485334931719,3.767228594092716,-2.1590658600403776,-55.687228451610686,-43.03350448807266,-63.068567430340956,hourly_window_mean_factor_top_available_analogs,2,2912.4286523684214,,2912.4286523684214,0.0,-81.21982624666839,47.37823197722347,1.555714621453693e-13,-81.21982624666839,47.37823197722347,1.555714621453693e-13,-38.18632175859573,110.44679940756443,55.687228451610686,80.07488164231447,2.0620550946797294,80.74641202514447,2.026359558954616,104.00631076402418,3.5623345074400348,138.1239441217513,4.782735531256609,116.98485334931719,3.767228594092716,-34.117633357727115,-1.2204010238165743,0.03569553572511319,-0.75762860714332,38.18632175859573,110.44679940756443,55.687228451610686
experiment_2026_06_15_11_12,SEN_demand_NTE,2025-04-19,Holy Saturday,H3,G,observance_tier,True,2025-04-19,12,True,True,2,False,2,7,2,pearson,PLS,,2,{},2025-04-18 10:00:00,2025-04-20,227.9764200308853,7.452263354164669,81.076048,2.986,,14,24,2,4,2,2,0.0715835212385856,3298.834492662464,3406.644639257013,227.9764200308853,7.452263354164669,-7.452263354164669,-227.9764200308853,221.12042350038092,7.708870970211351,-7.708870970211351,-221.12042350038092,231.9757513403462,7.302575578137435,-7.302575578137435,-231.9757513403462,231.7084773677854,8.09257970398387,-8.09257970398387,-231.7084773677854,225.79938658436012,7.145993853972605,-7.145993853972605,-225.79938658436012,227.9764200308852,7.4947360092399125,-7.4947360092399125,-227.9764200308852,-221.12042350038092,-231.9757513403462,hourly_window_mean_factor_top_available_analogs,2,2849.4785069736845,,2849.4785069736845,0.0,10.588053867404467,-6.17636475598611,-1.0770331994679413e-13,10.588053867404467,-6.17636475598611,-1.0770331994679413e-13,231.70847736778538,225.7993865843601,227.97642003088518,221.12042350038092,7.708870970211351,231.7084773677854,8.09257970398387,231.9757513403462,7.302575578137435,225.79938658436012,7.145993853972605,227.9764200308852,7.4947360092399125,6.1763647559860715,0.15658172416482952,-0.3837087337725178,-0.04247265507524389,231.70847736778538,225.7993865843601,227.97642003088518
experiment_2026_06_15_11_12,SEN_demand_NTE,2025-05-01,Labor Day,H2,F,observance_tier,True,2025-05-01,12,True,True,2,False,2,8,2,pearson,RidgeReg,,2,{},2025-04-30 10:00:00,2025-05-02,281.2892233158074,7.541115984087891,102.025821,3.714,,14,24,2,4,2,2,0.05606432100881888,4129.8003152411775,4065.331268858657,281.2892233158074,7.541115984087891,-7.443304547711611,-277.0383923464398,152.70612881378014,3.776769743915669,-3.5112815594657625,-141.16815903978224,356.2960284419901,9.736984624188352,-9.736984624188352,-356.2960284419901,312.261569280178,7.814636882890396,-7.814636882890396,-312.261569280178,256.49153913509394,7.065527162938206,-7.065527162938206,-256.49153913509394,277.0383923464408,7.341514954499539,-7.341514954499539,-277.0383923464408,-141.16815903978224,-356.2960284419901,hourly_window_mean_factor_top_available_analogs,2,3320.2094925,,3320.2094925,0.0,171.09341024039577,-99.80448930689607,9.21461737322572e-13,171.09341024039577,-99.80448930689607,9.21461737322572e-13,312.26156928017804,256.491539135094,277.03839234644073,152.70612881378014,3.776769743915669,312.261569280178,7.814636882890396,356.2960284419901,9.736984624188352,256.49153913509394,7.065527162938206,277.0383923464408,7.341514954499539,99.80448930689613,2.671457461250146,-4.037867138974727,0.19960102958835169,312.26156928017804,256.491539135094,277.03839234644073
experiment_2026_06_15_11_12,SEN_demand_NTE,2025-09-16,Independence Day,H2,H,observance_tier,True,2025-09-16,12,True,True,2,False,2,8,2,pearson,RidgeReg,,2,{},2025-09-15 10:00:00,2025-09-17,294.48462373604053,8.117633698902774,118.595777,4.071,,14,24,2,4,2,2,0.11269796975325497,3645.3075478430947,3754.341086577107,294.48462373604053,8.117633698902774,-1.3257621767181769,-35.7916381062522,357.2293917731345,9.379733572257427,8.954120521584068,341.2071621294982,257.8835090477357,7.3814087727792215,-7.322360417394486,-255.70760491043998,504.77321303515447,13.24107878151528,13.24107878151528,504.77321303515447,390.93629600116054,11.089934440912842,-9.915025179870064,-351.1211346054065,432.8762128031582,11.882461303240053,-1.3838289835702005,-35.7916381062525,341.2071621294982,-255.70760491043998,hourly_window_mean_factor_top_available_analogs,2,2463.551494342106,,2463.551494342106,0.0,-163.56605090565606,95.4135296949665,2.9917588874109484e-13,-163.56605090565606,95.4135296949665,2.9917588874109484e-13,-504.7732130351543,351.1211346054065,35.7916381062525,357.2293917731345,9.379733572257427,504.77321303515447,13.24107878151528,257.8835090477357,7.3814087727792215,390.93629600116054,11.089934440912842,432.8762128031582,11.882461303240053,-133.05278695342486,-3.7085256681336203,-3.8613452092578537,-3.7648276043372793,504.7732130351543,351.1211346054065,35.7916381062525
experiment_2026_06_15_11_12,SEN_demand_NTE,2025-11-17,Mexican Revolution Day,H2,F,observance_tier,True,2025-11-17,12,True,True,7,False,2,8,7,pearson,RidgeReg,standard,2,{},2025-11-16 10:00:00,2025-11-18,41.087067580149956,1.7932245710731067,131.819806,4.243,,14,24,4,4,7,4,0.06836864342906725,2425.0288692842655,2417.8039024860464,41.087067580149956,1.7932245710731067,-1.3293339432612772,-29.245389284265467,64.01502018088756,2.8610900191444455,-2.080486487411404,-44.05565808121274,27.71242856305302,1.1703030596981596,-0.8911616258403693,-20.606065819379562,82.42392363656943,3.4986658448589236,-0.16509077138930772,3.0310239511813637,71.47143270509191,3.0950566044498955,-2.074604377608768,-48.073297004942866,75.50656094300469,3.2437547456532214,-1.3710993647910719,-29.245389284265517,-44.05565808121274,-20.606065819379562,hourly_window_mean_factor_top_available_analogs,4,2413.163099078947,,2413.163099078947,0.0,-47.0866820323941,27.467231185563303,4.786814219857517e-14,-47.0866820323941,27.467231185563303,4.786814219857517e-14,-3.0310239511813606,48.073297004942866,29.245389284265514,64.01502018088756,2.8610900191444455,82.42392363656943,3.4986658448589236,27.71242856305302,1.1703030596981596,71.47143270509191,3.0950566044498955,75.50656094300469,3.2437547456532214,-43.75900414203889,-1.9247535447517359,-0.6375758257144781,-1.4505301745801147,3.0310239511813606,48.073297004942866,29.245389284265514
experiment_2026_06_15_11_12,SEN_demand_NTE,2025-12-24,Christmas Eve,H1,G,observance_tier,True,2025-12-24,12,True,True,7,False,2,8,7,pearson,RidgeReg,standard,2,{},2025-12-23 10:00:00,2025-12-25,90.88489998707163,3.5854742288392623,130.239643,4.176,,14,24,4,4,7,4,0.06847056888323826,2600.220532872285,2532.153590073844,90.88489998707163,3.5854742288392623,-1.036700810539,-18.904134451231954,83.91671095732626,2.9723656551938133,1.6992626757270177,51.745743758960124,94.94967692108976,3.943120896799108,-2.632679510860844,-60.11656340717733,114.47461400200427,4.316233419475812,-2.5801324096103206,-63.37052267658159,85.47865282837931,3.4846331861649946,0.11513470133690928,7.034592013554932,96.16137536603061,3.7910122194900326,-0.8778584448015437,-18.904134451232206,51.745743758960124,-60.11656340717733,hourly_window_mean_factor_top_available_analogs,4,2938.322894013158,,2938.322894013158,0.0,115.1162664355417,-67.15115542073227,2.5130774654251967e-13,115.1162664355417,-67.15115542073227,2.5130774654251967e-13,63.37052267658158,-7.034592013554935,18.904134451232206,83.91671095732626,2.9723656551938133,114.47461400200427,4.316233419475812,94.94967692108976,3.943120896799108,85.47865282837931,3.4846331861649946,96.16137536603061,3.7910122194900326,9.47102409271045,0.4584877106341132,-1.3438677642819985,-0.20553799065077039,63.37052267658158,7.034592013554935,18.904134451232206
experiment_2026_06_15_11_12,SEN_demand_NTE,2025-12-25,Christmas Day,H2,H,observance_tier,True,2025-12-25,12,True,True,7,False,2,8,7,pearson,RidgeReg,standard,2,{},2025-12-24 10:00:00,2025-12-26,144.22719623820643,6.78798768298087,133.637936,4.306,,14,24,4,4,7,4,0.05898825721201123,2347.773592703152,2292.5071762265798,144.22719623820643,6.78798768298087,-6.30495999263155,-132.1476195452576,58.47049697242301,2.4071836723085602,-1.0961085127889745,-25.683074520133363,194.25193747658008,9.343456689206386,-9.343456689206386,-194.25193747658008,73.47402754112854,3.0086653950077675,0.7509716882255532,19.607306656977308,220.67132649656105,10.726746851843961,-10.726746851843961,-220.67132649656105,166.44074267087538,7.8832431572201,-6.49811370550256,-132.14761954525747,-25.683074520133363,-194.25193747658008,hourly_window_mean_factor_top_available_analogs,4,2477.2583613157894,,2477.2583613157894,0.0,-45.29038117711067,26.41938901998098,-1.555714621453693e-13,-45.29038117711067,26.41938901998098,-1.555714621453693e-13,-19.607306656977304,220.67132649656105,132.14761954525747,58.47049697242301,2.4071836723085602,73.47402754112854,3.0086653950077675,194.25193747658008,9.343456689206386,220.67132649656105,10.726746851843961,166.44074267087538,7.8832431572201,-26.41938901998097,-1.383290162637575,-0.6014817226992073,-1.09525547423923,19.607306656977304,220.67132649656105,132.14761954525747
experiment_2026_06_15_11_12,SEN_demand_NTE,2025-12-31,New Year's Eve,H1,G,observance_tier,True,2025-12-31,12,True,True,7,False,2,8,7,pearson,RidgeReg,standard,2,{},2025-12-30 10:00:00,2026-01-01,330.8996194747492,12.290594316658483,144.404909,4.82,,14,24,4,4,7,4,0.06758084649823771,2403.8015007884087,2224.9096753362282,330.8996194747492,12.290594316658483,12.290594316658483,330.8996194747492,238.55363343642438,8.097708014799112,8.097708014799112,238.55363343642438,384.76811133043856,14.736444659409786,14.736444659409786,384.76811133043856,332.09124802289443,11.175452977854688,11.175452977854688,332.09124802289443,330.20450282166456,12.522394762633908,12.522394762633908,330.20450282166456,330.8996194747492,12.02615305245209,12.02615305245209,330.8996194747492,238.55363343642438,384.76811133043856,hourly_window_mean_factor_top_available_analogs,4,2938.2522157236845,,2938.2522157236845,0.0,-93.53761458647,54.563608508774024,-8.975276662232845e-14,-93.53761458647,54.563608508774024,-8.975276662232845e-14,-332.0912480228944,-330.2045028216645,-330.89961947474933,238.55363343642438,8.097708014799112,332.09124802289443,11.175452977854688,384.76811133043856,14.736444659409786,330.20450282166456,12.522394762633908,330.8996194747492,12.02615305245209,54.563608508773996,2.2140498967758777,-3.0777449630555758,0.26444126420639336,332.0912480228944,330.2045028216645,330.89961947474933
experiment_2026_06_15_11_12,SEN_demand_NTE,2026-01-01,New Year's Day,H3,H,observance_tier,True,2026-01-01,12,True,True,7,False,2,8,7,pearson,RidgeReg,standard,2,{},2025-12-31 10:00:00,2026-01-02,130.6663219263418,5.762208914058483,158.433244,5.316,,14,24,4,4,7,4,0.08289032128682543,2454.075929821079,2325.577366109638,130.6663219263418,5.762208914058483,-5.762208914058483,-130.6663219263418,104.69641975497636,4.182319007412494,-4.182319007412494,-104.69641975497636,145.815431526305,6.683811359601978,-6.683811359601978,-145.815431526305,99.74565067831632,4.014100307517762,-4.014100307517762,-99.74565067831632,148.70338015435755,6.882880521638917,-6.882880521638917,-148.70338015435755,130.66632192634236,5.825961495383754,-5.825961495383754,-130.66632192634236,-104.69641975497636,-145.815431526305,hourly_window_mean_factor_top_available_analogs,4,2309.8772370394736,,2309.8772370394736,0.0,-4.950769076660046,2.887948628052565,5.504836352836145e-13,-4.950769076660046,2.887948628052565,5.504836352836145e-13,99.74565067831631,148.70338015435755,130.66632192634233,104.69641975497636,4.182319007412494,99.74565067831632,4.014100307517762,145.815431526305,6.683811359601978,148.70338015435755,6.882880521638917,130.66632192634236,5.825961495383754,-2.8879486280525555,-0.19906916203693914,0.16821869989473193,-0.06375258132527062,99.74565067831631,148.70338015435755,130.66632192634233
experiment_2026_06_15_11_12,SEN_demand_NTE,2026-02-02,Constitution Day,H2,H,observance_tier,True,2026-02-02,12,True,True,2,False,2,8,2,pearson,LassoReg,,2,{},2026-02-01 10:00:00,2026-02-03,102.94080572249233,4.144014360795623,155.733978,5.472,,14,24,2,4,2,2,0.08109764067023519,2578.5905191749225,2616.1725442955953,102.94080572249233,4.144014360795623,-1.2661879347435459,-27.561711017027644,63.464572372114425,2.5656434818271796,-0.6278052039835591,-9.328433253768708,125.96860851021277,5.0647307068605505,-1.6385778610202044,-38.19778971226202,69.20512953157822,2.602750750529851,2.410362832222603,64.88464751713192,187.34183368014214,7.491382331442957,-3.3545735629074733,-81.4887534952875,143.81778478330278,5.690307538474971,-1.23064962785955,-27.561711017027715,-9.328433253768708,-38.19778971226202,hourly_window_mean_factor_top_available_analogs,2,2543.4447831578955,,2543.4447831578955,0.0,-74.21308077090063,43.29096378302548,7.180221329786275e-14,-74.21308077090063,43.29096378302548,7.180221329786275e-14,-64.88464751713192,81.48875349528751,27.561711017027715,63.464572372114425,2.5656434818271796,69.20512953157822,2.602750750529851,125.96860851021277,5.0647307068605505,187.34183368014214,7.491382331442957,143.81778478330278,5.690307538474971,-61.37322516992937,-2.426651624582407,-0.03710726870267145,-1.546293177679348,64.88464751713192,81.48875349528751,27.561711017027715
experiment_2026_06_15_11_12,SEN_demand_NTE,2026-03-16,Benito Juarez's Birthday,H2,H,observance_tier,True,2026-03-16,12,True,True,2,False,2,8,2,pearson,LassoReg,,2,{},2026-03-15 10:00:00,2026-03-17,245.6731077848357,9.090693407987045,156.380204,5.567,,14,24,2,4,2,2,0.08554265267475243,2948.910194467711,3073.5534533168357,245.6731077848357,9.090693407987045,-8.70912557039037,-235.0578965729738,86.06283830140774,3.388636846403305,-2.352952715783761,-57.25012215492526,338.7790983168354,12.41689306891089,-12.41689306891089,-338.7790983168354,100.5774350932176,4.003481596691626,-3.334472505580798,-81.65760289305896,324.5414012195911,11.929011394541533,-11.929011394541533,-324.5414012195911,242.02836106776923,9.009079363754726,-8.76260233018758,-235.05789657297396,-57.25012215492526,-338.7790983168354,hourly_window_mean_factor_top_available_analogs,2,2576.998697763158,,2576.998697763158,0.0,24.4074807381337,-14.237697097244336,2.0343960434394448e-13,24.4074807381337,-14.237697097244336,2.0343960434394448e-13,81.65760289305896,324.5414012195911,235.057896572974,86.06283830140774,3.388636846403305,100.5774350932176,4.003481596691626,338.7790983168354,12.41689306891089,324.5414012195911,11.929011394541533,242.02836106776923,9.009079363754726,14.237697097244336,0.4878816743693566,-0.6148447502883205,0.08161404423231922,81.65760289305896,324.5414012195911,235.057896572974
experiment_2026_06_15_11_12,SEN_demand_NTE,2026-04-02,Maundy Thursday,H1,G,observance_tier,True,2026-04-02,12,True,True,7,False,2,8,7,pearson,RidgeReg,standard,2,{},2026-04-01 10:00:00,2026-04-03,126.00384281863674,3.412791387896394,157.200627,5.755,,14,24,4,4,7,4,0.06870959554074842,3610.9125543299606,3436.9679012419997,126.00384281863674,3.412791387896394,2.7203111579741526,100.03467672267038,37.31097263687031,0.9917286236879511,-0.8878605718152748,-33.17676390932411,177.7413504246672,4.8250780003513185,4.8250780003513185,177.7413504246672,80.87714029091337,2.183074369297254,-1.7113792012084983,-61.86023747936367,194.47337667385798,5.2625597297889275,5.2625597297889275,194.47337667385798,152.62213169066789,4.128012491713047,2.6932138078425076,100.03467672267107,-33.17676390932411,177.7413504246672,hourly_window_mean_factor_top_available_analogs,4,3397.7636719078946,,3397.7636719078946,0.0,28.68347357003956,-16.732026249190824,-6.821210263296962e-13,28.68347357003956,-16.732026249190824,-6.821210263296962e-13,61.86023747936367,-194.473376673858,-100.03467672267107,37.31097263687031,0.9917286236879511,80.87714029091337,2.183074369297254,177.7413504246672,4.8250780003513185,194.47337667385798,5.2625597297889275,152.62213169066789,4.128012491713047,-16.732026249190795,-0.437481729437609,-1.1913457456093028,-0.7152211038166532,61.86023747936367,194.473376673858,100.03467672267107
experiment_2026_06_15_11_12,SEN_demand_NTE,2026-04-03,Good Friday,H2,G,observance_tier,True,2026-04-03,12,True,True,2,False,2,8,2,pearson,LassoReg,,2,{},2026-04-02 10:00:00,2026-04-04,438.4329537310809,14.472296352194839,155.126053,5.585,,14,24,2,4,2,2,0.08556441766037115,3673.5073971521333,3526.964205453692,438.4329537310809,14.472296352194839,-14.472296352194839,-438.4329537310809,257.6702522066045,7.072867526139538,-7.072867526139538,-257.6702522066045,543.877862953692,18.788629834060433,-18.788629834060433,-543.877862953692,415.97357304281684,11.435291588575966,-11.435291588575966,-415.97357304281684,451.53425913256797,15.541346159964036,-15.541346159964036,-451.53425913256797,438.43295373108066,14.028589212610537,-14.028589212610537,-438.43295373108066,-257.6702522066045,-543.877862953692,hourly_window_mean_factor_top_available_analogs,2,3664.547056315789,,3664.547056315789,0.0,158.30332083621238,-92.34360382112402,-8.376924884750654e-14,158.30332083621238,-92.34360382112402,-8.376924884750654e-14,415.9735730428169,451.53425913256797,438.43295373108083,257.6702522066045,7.072867526139538,415.97357304281684,11.435291588575966,543.877862953692,18.788629834060433,451.53425913256797,15.541346159964036,438.43295373108066,14.028589212610537,92.34360382112402,3.2472836740963977,-4.362424062436428,0.4437071395843013,415.9735730428169,451.53425913256797,438.43295373108083
experiment_2026_06_15_11_12,SEN_demand_NTE,2026-04-04,Holy Saturday,H3,G,observance_tier,True,2026-04-04,12,True,True,7,False,2,9,7,pearson,RidgeReg,standard,2,{},2026-04-03 10:00:00,2026-04-05,286.6769605982634,9.096798205858631,143.933995,5.376,,14,24,4,4,7,4,0.0686059698028952,2801.584555305934,2811.4608862929854,286.6769605982634,9.096798205858631,8.964885708612481,283.1387846940663,163.53357526897585,5.243006208562891,4.884958001751913,153.92995495758376,358.5106020403479,11.344843537614475,11.344843537614475,358.5106020403479,281.73202170305996,9.140161490071236,9.140161490071236,281.73202170305996,283.95939643881957,8.975648742041704,8.975648742041704,283.95939643881957,283.138784694066,9.036258701842057,9.036258701842057,283.138784694066,153.92995495758376,358.5106020403479,hourly_window_mean_factor_top_available_analogs,4,2861.2618007236842,,2861.2618007236842,0.0,-127.8020667454762,74.55120560152828,3.111429242907386e-13,-127.8020667454762,74.55120560152828,3.111429242907386e-13,-281.73202170305996,-283.9593964388196,-283.13878469406603,163.53357526897585,5.243006208562891,281.73202170305996,9.140161490071236,358.5106020403479,11.344843537614475,283.95939643881957,8.975648742041704,283.138784694066,9.036258701842057,74.55120560152835,2.3691947955727706,-3.8971552815083452,0.0605395040165746,281.73202170305996,283.9593964388196,283.13878469406603
experiment_2026_06_15_11_12,SEN_demand_NTE,2026-05-01,Labor Day,H2,F,observance_tier,True,2026-05-01,12,True,True,5,False,2,10,5,pearson,RidgeReg,,2,{},2026-04-30 10:00:00,2026-05-02,210.7279123583135,5.847459814673363,148.921306,5.58,,14,24,4,4,5,4,0.04631349759093075,3919.911876426242,3774.892859941414,210.7279123583135,5.847459814673363,-4.762058472824579,-165.96039247887447,118.79479150157032,2.846829460064277,0.0992598963824223,2.717048171192638,264.35556619141363,7.597827521528664,-7.597827521528664,-264.35556619141363,114.33340753639384,2.72556776718343,2.492817206305019,104.66780719605,324.6940041025868,9.512077944136978,-9.488807514084256,-323.8268422892459,247.19273168346305,7.011784721048829,-5.074524722361891,-165.9603924788737,2.717048171192638,-264.35556619141363,hourly_window_mean_factor_top_available_analogs,4,3234.241020263158,,3234.241020263158,0.0,-101.95075902485736,59.47127609783223,-7.778573107268465e-13,-101.95075902485736,59.47127609783223,-7.778573107268465e-13,-104.66780719605,323.82684228924586,165.9603924788737,118.79479150157032,2.846829460064277,114.33340753639384,2.72556776718343,264.35556619141363,7.597827521528664,324.6940041025868,9.512077944136978,247.19273168346305,7.011784721048829,-60.33843791117317,-1.9142504226083137,0.12126169288084698,-1.164324906375466,104.66780719605,323.82684228924586,165.9603924788737
experiment_2026_06_15_11_12,SEN_demand_OCC,2023-02-06,Constitution Day,H2,H,observance_tier,True,2023-02-06,12,True,True,2,False,2,2,2,pearson,LassoReg,,2,{},2023-02-05 10:00:00,2023-02-07,156.8315103385084,2.248537959162615,262.290169,3.676,,14,24,2,4,2,2,0.06492056036317759,7191.849225284702,7140.681524802861,156.8315103385084,2.248537959162615,-1.9876461135998025,-135.81095660049058,234.79596539642787,3.4079753788318174,-3.4079753788318174,-234.79596539642787,111.35224488805538,1.57219946435558,-1.159120708881127,-78.06970146952717,228.5800971813365,3.3196119409206406,-3.3196119409206406,-228.5800971813365,115.42094915623359,1.6279463113802597,-1.2166804323162603,-81.69562459499828,157.11116158653468,2.251191543316189,-1.9914446723284005,-135.81095660049132,-234.79596539642787,-78.06970146952717,hourly_window_mean_factor_top_available_analogs,2,7108.3359225,,7108.3359225,0.0,-6.215868215091372,3.625923125471104,7.180221329786276e-13,-6.215868215091372,3.625923125471104,7.180221329786276e-13,228.5800971813365,81.69562459499828,135.8109566004913,234.79596539642787,3.4079753788318174,228.5800971813365,3.3196119409206406,111.35224488805538,1.57219946435558,115.42094915623359,1.6279463113802597,157.11116158653468,2.251191543316189,-4.068704268178209,-0.0557468470246798,0.08836343791117685,-0.0026535841535739735,228.5800971813365,81.69562459499828,135.8109566004913
experiment_2026_06_15_11_12,SEN_demand_OCC,2023-03-20,Benito Juarez's Birthday,H2,H,observance_tier,True,2023-03-20,12,True,True,2,False,2,2,2,pearson,LassoReg,,2,{},2023-03-19 10:00:00,2023-03-21,220.22300943312956,2.9991777305392784,270.098671,3.792,,14,24,2,4,2,2,0.068746586182111,7507.393027591024,7500.389657114185,220.22300943312956,2.9991777305392784,-2.9991777305392784,-220.22300943312956,190.57473626560645,2.581128951979456,-2.581128951979456,-190.57473626560645,237.51783544751808,3.2430395180325085,-3.2430395180325085,-237.51783544751808,218.94319136024401,2.9726435068784167,-2.9726435068784167,-218.94319136024401,220.9695699756459,2.9879462169656406,-2.9879462169656406,-220.9695699756459,220.22300943312942,2.982308376407189,-2.982308376407189,-220.22300943312942,-190.57473626560645,-237.51783544751808,hourly_window_mean_factor_top_available_analogs,2,6974.8884230263175,,6974.8884230263175,0.0,28.368455094637543,-16.548265471872167,-1.6753849769501309e-13,28.368455094637543,-16.548265471872167,-1.6753849769501309e-13,218.943191360244,220.96956997564592,220.2230094331294,190.57473626560645,2.581128951979456,218.94319136024401,2.9726435068784167,237.51783544751808,3.2430395180325085,220.9695699756459,2.9879462169656406,220.22300943312942,2.982308376407189,16.548265471872185,0.2550933010668679,-0.3915145548989609,0.01686935413208923,218.943191360244,220.96956997564592,220.2230094331294
experiment_2026_06_15_11_12,SEN_demand_OCC,2023-04-06,Maundy Thursday,H1,G,observance_tier,True,2023-04-06,12,True,True,2,False,2,2,2,pearson,LassoReg,,2,{},2023-04-05 10:00:00,2023-04-07,304.89519320424336,3.519318983893432,273.252712,3.856,,14,24,2,4,2,2,0.0877990589916209,8597.655644208742,8037.875471972063,304.89519320424336,3.519318983893432,3.350818906098724,289.03383710704776,157.14255350648338,1.619877343580302,1.1625199895660947,114.09030124266675,391.0842330279366,4.627326607409423,4.627326607409423,391.0842330279366,131.47318354663327,1.3617245445579067,0.6363747030650864,63.0373923282198,420.8650965613635,4.988967776985139,4.988967776985139,420.8650965613635,314.24702334541024,3.652615007143527,3.385380855014593,289.03383710704736,114.09030124266675,391.0842330279366,hourly_window_mean_factor_top_available_analogs,2,7735.375162105263,,7735.375162105263,0.0,51.05290891444695,-29.78086353342682,3.590110664893138e-13,51.05290891444695,-29.78086353342682,3.590110664893138e-13,-63.0373923282198,-420.86509656136343,-289.0338371070474,157.14255350648338,1.619877343580302,131.47318354663327,1.3617245445579067,391.0842330279366,4.627326607409423,420.8650965613635,4.988967776985139,314.24702334541024,3.652615007143527,-29.780863533426896,-0.3616411695757158,0.2581527990223953,-0.13329602325009526,63.0373923282198,420.86509656136343,289.0338371070474
experiment_2026_06_15_11_12,SEN_demand_OCC,2023-04-07,Good Friday,H2,G,observance_tier,True,2023-04-07,12,True,True,2,False,2,2,2,pearson,LassoReg,,2,{},2023-04-06 10:00:00,2023-04-08,448.4236032885082,6.241744274567735,261.312243,3.626,,14,24,2,4,2,2,0.0781804121902228,8054.7701201306145,7609.3432756736975,448.4236032885082,6.241744274567735,-6.241744274567735,-448.4236032885082,234.47552277104282,2.7342814088366123,-2.7342814088366123,-234.47552277104282,573.2266502570296,8.287764279577557,-8.287764279577557,-573.2266502570296,300.52599310919646,3.500099648761434,-3.500099648761434,-300.52599310919646,534.6972092264418,7.7450604820427005,-7.7450604820427005,-534.6972092264418,448.4236032885093,6.181127543465392,-6.181127543465392,-448.4236032885093,-234.47552277104282,-573.2266502570296,hourly_window_mean_factor_top_available_analogs,2,7091.045858947367,,7091.045858947367,0.0,66.05047033815364,-38.529441030587805,1.148835412765804e-12,66.05047033815364,-38.529441030587805,1.148835412765804e-12,300.52599310919646,534.6972092264418,448.42360328850936,234.47552277104282,2.7342814088366123,300.52599310919646,3.500099648761434,573.2266502570296,8.287764279577557,534.6972092264418,7.7450604820427005,448.4236032885093,6.181127543465392,38.529441030587805,0.5427037975348563,-0.7658182399248217,0.06061673110234356,300.52599310919646,534.6972092264418,448.42360328850936
experiment_2026_06_15_11_12,SEN_demand_OCC,2023-04-08,Holy Saturday,H3,G,observance_tier,True,2023-04-08,12,True,True,2,False,2,2,2,pearson,LassoReg,,2,{},2023-04-07 10:00:00,2023-04-09,435.3292211343125,6.1327005742014515,280.3409,3.884,,14,24,2,4,2,2,0.06029574208583852,7500.160616134313,7553.640541790475,435.3292211343125,6.1327005742014515,-6.1327005742014515,-435.3292211343125,397.1863757237481,5.7166431373170905,-5.7166431373170905,-397.1863757237481,457.57921429047514,6.375400745717329,-6.375400745717329,-457.57921429047514,393.5058606407519,5.682165312446792,-5.62748657231829,-389.36801725816434,462.1399233954003,6.465460448805357,-6.465460448805357,-462.1399233954003,436.85368974895084,6.1768780301469395,-6.156733231152228,-435.3292211343134,-397.1863757237481,-457.57921429047514,hourly_window_mean_factor_top_available_analogs,2,6569.572059342105,,6569.572059342105,0.0,-7.818358465583775,4.560709104925157,8.137584173757779e-13,-7.818358465583775,4.560709104925157,8.137584173757779e-13,389.3680172581643,462.1399233954003,435.3292211343133,397.1863757237481,5.7166431373170905,393.5058606407519,5.682165312446792,457.57921429047514,6.375400745717329,462.1399233954003,6.465460448805357,436.85368974895084,6.1768780301469395,-4.560709104925138,-0.09005970308802791,0.03447782487029816,-0.04417745594548794,389.3680172581643,462.1399233954003,435.3292211343133
experiment_2026_06_15_11_12,SEN_demand_OCC,2023-05-01,Labor Day,H2,F,observance_tier,True,2023-05-01,12,True,True,2,False,2,3,2,pearson,PCR,standard,2,{},2023-04-30 10:00:00,2023-05-02,116.01703429860845,1.513298982868177,278.80819,3.915,,14,24,2,4,2,2,0.06684571287280482,7544.799223132367,7465.398336919109,116.01703429860845,1.513298982868177,-0.37606014645820107,-28.647712079735165,82.15473206470915,1.0589888056539802,-0.4308854468882493,-32.12324949795123,135.7700439350497,1.7783132529097923,-0.34407872120733973,-26.620315252442463,98.1925636582824,1.2685669334675,-0.573664051833122,-43.949690269663215,217.2291016689165,2.9167324419554888,-0.1672455820167725,-19.721558135610774,173.37353503341973,2.3095135704072822,-0.3169787024754276,-28.647712079735356,-32.12324949795123,-26.620315252442463,hourly_window_mean_factor_top_available_analogs,2,6711.913843552631,,6711.913843552631,0.0,11.826440771711987,-6.898757116831689,1.9147256879430067e-13,11.826440771711987,-6.898757116831689,1.9147256879430067e-13,43.949690269663215,19.721558135610774,28.647712079735356,82.15473206470915,1.0589888056539802,98.1925636582824,1.2685669334675,135.7700439350497,1.7783132529097923,217.2291016689165,2.9167324419554888,173.37353503341973,2.3095135704072822,-81.45905773386681,-1.1384191890456965,-0.2095781278135198,-0.7962145875391051,43.949690269663215,19.721558135610774,28.647712079735356
experiment_2026_06_15_11_12,SEN_demand_OCC,2023-09-16,Independence Day,H2,H,observance_tier,True,2023-09-16,12,True,True,2,False,2,3,2,pearson,PCR,standard,2,{},2023-09-15 10:00:00,2023-09-17,287.81798440391236,3.4376496478246925,249.191319,3.515,,14,24,2,4,2,2,0.11773281959723185,8024.055273789402,7520.778561680061,287.81798440391236,3.4376496478246925,0.31148536428144374,50.94939305270306,395.30948188029834,4.18319605553435,4.18319605553435,395.30948188029834,225.11461087602058,3.0027475766607252,-1.9470125389494177,-149.92732543006085,273.2510587408225,2.883094446487474,1.4319275909643359,138.78058400161197,237.98050798782936,3.1686862373212357,0.15318671764827455,-0.2854683341602519,250.97492142314263,3.063468209119323,0.6243017762384021,50.9493930527032,395.30948188029834,-149.92732543006085,hourly_window_mean_factor_top_available_analogs,2,5946.7257164473685,,5946.7257164473685,0.0,256.52889787868634,-149.6418570959006,-1.436044265957255e-13,256.52889787868634,-149.6418570959006,-1.436044265957255e-13,-138.780584001612,0.2854683341602424,-50.9493930527032,395.30948188029834,4.18319605553435,273.2510587408225,2.883094446487474,225.11461087602058,3.0027475766607252,237.98050798782936,3.1686862373212357,250.97492142314263,3.063468209119323,-12.865897111808778,-0.16593866066051044,1.3001016090468762,0.37418143870536946,138.780584001612,0.2854683341602424,50.9493930527032
experiment_2026_06_15_11_12,SEN_demand_OCC,2023-11-20,Mexican Revolution Day,H2,F,observance_tier,True,2023-11-20,12,True,True,2,False,2,4,2,pearson,LassoReg,,2,{},2023-11-19 10:00:00,2023-11-21,179.3689772715472,2.435771658739085,257.304098,3.561,,14,24,2,4,2,2,0.06121949908669916,7044.248149693187,6971.302105273656,179.3689772715472,2.435771658739085,1.7619229921244637,133.47348425418105,180.75045344842778,2.42225912596961,1.204529761525659,98.5437198733296,178.56311616836686,2.4436539695212782,2.0870690433070993,153.84918014301104,163.50937149769814,2.195908478097016,1.1034051549371464,89.78765504942014,184.085548183238,2.5732851581203877,2.210790134675482,158.9568846236257,176.50485150961805,2.4342516444275666,1.8028061947718848,133.47348425418156,98.5437198733296,153.84918014301104,hourly_window_mean_factor_top_available_analogs,2,6998.108998552631,,6998.108998552631,0.0,8.756064823909453,-5.107704480614681,-5.265495641843269e-13,8.756064823909453,-5.107704480614681,-5.265495641843269e-13,-89.78765504942014,-158.9568846236257,-133.47348425418159,180.75045344842778,2.42225912596961,163.50937149769814,2.195908478097016,178.56311616836686,2.4436539695212782,184.085548183238,2.5732851581203877,176.50485150961805,2.4342516444275666,-5.522432014871129,-0.1296311885991095,0.22635064787259385,0.0015200143115183806,89.78765504942014,158.9568846236257,133.47348425418159
experiment_2026_06_15_11_12,SEN_demand_OCC,2023-12-24,Christmas Eve,H1,G,observance_tier,True,2023-12-24,12,True,True,2,False,2,4,2,pearson,RidgeReg,,2,{},2023-12-23 10:00:00,2023-12-25,186.53720215332496,2.8983281549726128,256.976911,3.55,,14,24,2,4,2,2,0.09175199616217769,6852.161091024387,6411.449027455226,186.53720215332496,2.8983281549726128,-1.8073611821369941,-104.11765102438757,125.126787275739,1.6154368964533927,0.3467981566358877,29.98191071419355,222.3599441652501,3.646681389108823,-3.0639541297545088,-182.34239537189322,145.52560608046392,1.8973720465372759,-0.6314167349511971,-44.60764645909252,201.56465754666817,3.2998755118430037,-2.346637611639639,-138.83182035414208,180.918691217014,2.783163708835631,-1.7147141307544236,-104.11765102438697,29.98191071419355,-182.34239537189322,hourly_window_mean_factor_top_available_analogs,2,7334.32125986842,,7334.32125986842,0.0,74.58955717328607,-43.51057501775116,-5.983517774821897e-13,74.58955717328607,-43.51057501775116,-5.983517774821897e-13,44.60764645909252,138.83182035414205,104.11765102438697,125.126787275739,1.6154368964533927,145.52560608046392,1.8973720465372759,222.3599441652501,3.646681389108823,201.56465754666817,3.2998755118430037,180.918691217014,2.783163708835631,20.79528661858194,0.34680587726581935,-0.28193515008388315,0.11516444613698162,44.60764645909252,138.83182035414205,104.11765102438697
experiment_2026_06_15_11_12,SEN_demand_OCC,2023-12-25,Christmas Day,H2,H,observance_tier,True,2023-12-25,12,True,True,2,False,2,4,2,pearson,RidgeReg,,2,{},2023-12-24 10:00:00,2023-12-26,917.5180544177322,16.561904209997323,263.495835,3.637,,14,24,2,4,2,2,0.09133773853938312,6680.249269440303,6805.0168374529285,917.5180544177322,16.561904209997323,-16.459374573753685,-910.5406702297747,307.02831135739405,5.004267244391914,-4.725972517444894,-288.08969713293794,1273.6370712029295,23.30385910660048,-23.30385910660048,-1273.6370712029295,285.09803483257,4.607560739834965,-4.240246264849605,-260.77888945968624,1289.5683756789958,23.498693560581955,-23.498693560581955,-1289.5683756789958,919.5003553671547,16.538802521359383,-16.40347613583846,-910.5406702297765,-288.08969713293794,-1273.6370712029295,hourly_window_mean_factor_top_available_analogs,2,6607.738243947369,,6607.738243947369,0.0,-27.31080767325167,15.931304476066051,1.6275168347515558e-12,-27.31080767325167,15.931304476066051,1.6275168347515558e-12,260.7788894596863,1289.5683756789956,910.5406702297763,307.02831135739405,5.004267244391914,285.09803483257,4.607560739834965,1273.6370712029295,23.30385910660048,1289.5683756789958,23.498693560581955,919.5003553671547,16.538802521359383,-15.931304476066316,-0.1948344539814748,0.3967065045569491,0.023101688637940043,260.7788894596863,1289.5683756789956,910.5406702297763
experiment_2026_06_15_11_12,SEN_demand_OCC,2023-12-31,New Year's Eve,H1,G,observance_tier,True,2023-12-31,12,True,True,3,False,2,4,3,pearson,PLS,minmax,3,{},2023-12-30 10:00:00,2024-01-01,285.6624192336505,4.547849850331099,364.007417,5.321,,14,24,3,4,3,3,0.0890637143533932,6511.445554865131,6110.114099046817,285.6624192336505,4.547849850331099,-1.7469382296506644,-96.76461854934084,310.7433832621471,4.497641242079801,-2.3849858490623697,-153.10635555366733,271.0318568836941,4.5771382051443545,-1.3747437849938358,-63.89860529681706,326.2070094127211,4.768276565871865,-3.462801918331823,-229.31114356244748,271.9774100519207,4.57201189000187,-0.6146444307657856,-19.4458122916969,291.95673613221555,4.64431992848029,-1.663965610395378,-96.76461854934185,-153.10635555366733,-63.89860529681706,hourly_window_mean_factor_top_available_analogs,3,7041.411882368419,,7041.411882368419,0.0,76.20478800878014,-44.45279300512016,1.0052309861700787e-12,76.20478800878014,-44.45279300512016,1.0052309861700787e-12,229.31114356244746,19.445812291696903,96.76461854934185,310.7433832621471,4.497641242079801,326.2070094127211,4.768276565871865,271.0318568836941,4.5771382051443545,271.9774100519207,4.57201189000187,291.95673613221555,4.64431992848029,-0.9455531682265814,0.0051263151424842945,-0.2706353237920638,-0.09647007814919117,229.31114356244746,19.445812291696903,96.76461854934185
experiment_2026_06_15_11_12,SEN_demand_OCC,2024-01-01,New Year's Day,H3,H,observance_tier,True,2024-01-01,12,True,True,3,False,2,4,3,pearson,PLS,minmax,3,{},2023-12-31 10:00:00,2024-01-02,374.448491350934,7.277428767049138,374.652251,5.514,,14,24,3,4,3,3,0.06391413800902722,5920.368198858627,5852.46200370022,374.448491350934,7.277428767049138,-6.300064695028562,-310.3688101744159,195.10831597741713,3.253308241356901,-0.828261084814298,-34.06497055875252,479.0635936521521,9.624832407036278,-9.491950134320216,-471.54604995021947,168.8238252843658,2.8516917905224304,-1.2896404551679923,-65.52711283678069,479.3994388890149,9.484209199616062,-9.010702264560747,-453.19313362137035,364.97684440309155,7.040650154160515,-6.166100545310784,-310.3688101744163,-34.06497055875252,-471.54604995021947,hourly_window_mean_factor_top_available_analogs,3,6704.305628684211,,6704.305628684211,0.0,31.462142278028164,-18.352916328849158,3.8294513758860134e-13,31.462142278028164,-18.352916328849158,3.8294513758860134e-13,65.52711283678069,453.1931336213703,310.3688101744163,195.10831597741713,3.253308241356901,168.8238252843658,2.8516917905224304,479.0635936521521,9.624832407036278,479.3994388890149,9.484209199616062,364.97684440309155,7.040650154160515,-0.3358452368627809,0.14062320742021583,0.40161645083447084,0.23677861288862356,65.52711283678069,453.1931336213703,310.3688101744163
experiment_2026_06_15_11_12,SEN_demand_OCC,2024-02-05,Constitution Day,H2,H,observance_tier,True,2024-02-05,12,True,True,2,False,2,4,2,pearson,LassoReg,,2,{},2024-02-04 10:00:00,2024-02-06,285.6490060032489,4.072677366797467,409.931598,6.093,,14,24,2,4,2,2,0.06414215283256453,6579.146351638808,6426.2221915121945,285.6490060032489,4.072677366797467,3.941385985123533,277.048928887508,135.5048046011521,1.8488903763175881,1.4925280546311963,112.16173814414105,373.2331234878054,5.369886444577397,5.369886444577397,373.2331234878054,136.5980127275054,1.862631022786776,1.648104195959963,122.573228486226,367.1597541215897,5.304136431706627,5.304136431706627,367.1597541215897,282.21595466061126,4.0362133863151035,3.9571771869578565,277.0489288875083,112.16173814414105,373.2331234878054,hourly_window_mean_factor_top_available_analogs,2,6528.43930868421,,6528.43930868421,0.0,-10.411490342084951,6.0733693662157675,-2.87208853191451e-13,-10.411490342084951,6.0733693662157675,-2.87208853191451e-13,-122.573228486226,-367.15975412158963,-277.0489288875083,135.5048046011521,1.8488903763175881,136.5980127275054,1.862631022786776,373.2331234878054,5.369886444577397,367.1597541215897,5.304136431706627,282.21595466061126,4.0362133863151035,6.073369366215729,0.06575001287077065,-0.013740646469187823,0.03646398048236321,122.573228486226,367.15975412158963,277.0489288875083
experiment_2026_06_15_11_12,SEN_demand_OCC,2024-03-18,Benito Juarez's Birthday,H2,H,observance_tier,True,2024-03-18,12,True,True,2,False,2,4,2,pearson,LassoReg,,2,{},2024-03-17 10:00:00,2024-03-19,198.32759211840983,2.6464469794410133,396.367048,5.912,,14,24,2,4,2,2,0.06797616798367413,7652.7440584342,7644.748430457298,198.32759211840983,2.6464469794410133,-2.6464469794410133,-198.32759211840983,140.7280071088861,1.8660085702713332,-1.8660085702713332,-140.7280071088861,231.92735004063198,3.1017027181233257,-3.1017027181233257,-231.92735004063198,142.78210285370344,1.8890315074904425,-1.8890315074904425,-142.78210285370344,230.72912752282312,3.06712018082807,-3.06712018082807,-230.72912752282312,198.32759211841062,2.633087511703681,-2.633087511703681,-198.32759211841062,-140.7280071088861,-231.92735004063198,hourly_window_mean_factor_top_available_analogs,2,7171.604143421053,,7171.604143421053,0.0,2.0540957448173294,-1.1982225178088584,7.898243462764903e-13,2.0540957448173294,-1.1982225178088584,7.898243462764903e-13,142.7821028537034,230.72912752282312,198.32759211841062,140.7280071088861,1.8660085702713332,142.78210285370344,1.8890315074904425,231.92735004063198,3.1017027181233257,230.72912752282312,3.06712018082807,198.32759211841062,2.633087511703681,1.1982225178088584,0.03458253729525573,-0.023022937219109307,0.01335946773733232,142.7821028537034,230.72912752282312,198.32759211841062
experiment_2026_06_15_11_12,SEN_demand_OCC,2024-03-28,Maundy Thursday,H1,G,observance_tier,True,2024-03-28,12,True,True,2,False,2,4,2,pearson,RidgeReg,,2,{},2024-03-27 10:00:00,2024-03-29,333.8731354395455,3.943452370102355,376.616675,5.621,,14,24,2,4,2,2,0.08680313756585034,8201.436706997789,7735.815637030685,333.8731354395455,3.943452370102355,3.119321073660808,263.0142982653713,268.2793141537295,2.928601495737876,1.11345693419954,109.55567234432549,372.1361978562715,4.535448713481634,4.289408488346548,352.531830052648,240.3731879872339,2.670704264091946,-0.5281093769977149,-40.2363308797038,451.32904398703334,5.528177301326651,5.384793469338828,439.910498599995,373.6084654607915,4.475424077082286,3.2063555785832603,263.0142982653692,109.55567234432549,352.531830052648,hourly_window_mean_factor_top_available_analogs,2,7091.558250394736,,7091.558250394736,0.0,149.7920032240293,-87.37866854734698,2.1780004700351704e-12,149.7920032240293,-87.37866854734698,2.1780004700351704e-12,40.2363308797038,-439.910498599995,-263.0142982653691,268.2793141537295,2.928601495737876,240.3731879872339,2.670704264091946,372.1361978562715,4.535448713481634,451.32904398703334,5.528177301326651,373.6084654607915,4.475424077082286,-79.19284613076184,-0.9927285878450167,0.25789723164593026,-0.5319717069799306,40.2363308797038,439.910498599995,263.0142982653691
experiment_2026_06_15_11_12,SEN_demand_OCC,2024-03-29,Good Friday,H2,G,observance_tier,True,2024-03-29,12,True,True,2,False,2,4,2,pearson,LassoReg,,2,{},2024-03-28 10:00:00,2024-03-30,130.95429008297427,1.7977105592419858,378.947211,5.6,,14,24,2,4,2,2,0.09046628943224572,7512.070155926844,7027.3148881988245,130.95429008297427,1.7977105592419858,-1.4425861315909274,-103.941734874212,114.98671757308362,1.3994657021664305,-1.240676006194511,-101.78436917487716,140.26870738041046,2.030020059202726,-1.5603670380721708,-105.200198198824,130.39955897749977,1.5894523748178389,-1.5049531663708893,-123.34340969278894,128.38671263216202,1.8544016780315307,-1.375858886994707,-92.62409123004227,129.12828760149696,1.7567887768475392,-1.423419937291195,-103.9417348742121,-101.78436917487716,-105.200198198824,hourly_window_mean_factor_top_available_analogs,2,7010.513726578947,,7010.513726578947,0.0,21.55904051791179,-12.576106968781724,9.573628439715034e-14,21.55904051791179,-12.576106968781724,9.573628439715034e-14,123.34340969278895,92.62409123004227,103.9417348742121,114.98671757308362,1.3994657021664305,130.39955897749977,1.5894523748178389,140.26870738041046,2.030020059202726,128.38671263216202,1.8544016780315307,129.12828760149696,1.7567887768475392,11.881994748248445,0.17561838117119555,-0.18998667265140834,0.04092178239444655,123.34340969278895,92.62409123004227,103.9417348742121
experiment_2026_06_15_11_12,SEN_demand_OCC,2024-03-30,Holy Saturday,H3,G,observance_tier,True,2024-03-30,12,True,True,5,False,2,5,5,pearson,RidgeReg,standard,2,{},2024-03-29 10:00:00,2024-03-31,131.00470524102238,1.8698631667049952,346.763978,5.212,,14,24,4,4,5,4,0.053003583156428856,7022.832551055903,6988.386599352179,131.00470524102238,1.8698631667049952,-0.0985399205182798,0.7373107862017365,179.48381454365168,2.7065102024865655,-2.636298177119468,-174.09911326229005,102.72522481448861,1.3818190624990798,1.3818190624990798,102.72522481448861,216.50686577876164,3.2472257748142117,-2.2361475162807607,-141.39986657211662,128.57450561730272,1.7700122494709367,1.1354730078906459,83.65066424522081,160.97063830836652,2.3142488114395117,-0.10670297469881987,0.7373107862017605,-174.09911326229005,102.72522481448861,hourly_window_mean_factor_top_available_analogs,4,6802.987883026315,,6802.987883026315,0.0,-32.69924669017343,19.0745605692678,-2.3934071099287584e-14,-32.69924669017343,19.0745605692678,-2.3934071099287584e-14,141.39986657211662,-83.65066424522081,-0.7373107862017605,179.48381454365168,2.7065102024865655,216.50686577876164,3.2472257748142117,102.72522481448861,1.3818190624990798,128.57450561730272,1.7700122494709367,160.97063830836652,2.3142488114395117,-25.849280802814107,-0.3881931869718569,-0.5407155723276462,-0.44438564473451647,141.39986657211662,83.65066424522081,0.7373107862017605
experiment_2026_06_15_11_12,SEN_demand_OCC,2024-05-01,Labor Day,H2,F,observance_tier,True,2024-05-01,12,True,True,6,False,2,6,6,pearson,RidgeReg,standard,2,{},2024-04-30 10:00:00,2024-05-02,550.230278676294,6.000557456356272,305.020469,4.661,,14,24,4,4,6,4,0.05914389239717559,8778.879266375423,7873.351050692257,550.230278676294,6.000557456356272,3.3658949318642652,286.2057844140495,515.1265999080979,5.097918255973328,-1.9018725141435986,-189.86282326085438,570.7074246244084,6.5270969899129865,6.438759275368853,563.9124722244101,818.2490443814751,8.035277554534911,8.035277554534911,818.2490443814751,374.40095105259144,4.465847997744316,-0.37513052401802605,-24.152783900280195,537.923932805338,5.780900992351377,2.7234408733435815,286.2057844140507,-189.86282326085438,563.9124722244101,hourly_window_mean_factor_top_available_analogs,4,7141.929685328947,,7141.929685328947,0.0,-1008.1118676423295,588.0652561246903,-1.2445716971629545e-12,-1008.1118676423295,588.0652561246903,-1.2445716971629545e-12,-818.2490443814751,24.15278390028027,-286.20578441405075,515.1265999080979,5.097918255973328,818.2490443814751,8.035277554534911,570.7074246244084,6.5270969899129865,374.40095105259144,4.465847997744316,537.923932805338,5.780900992351377,196.30647357181698,2.0612489921686707,-2.9373592985615833,0.21965646400489458,818.2490443814751,24.15278390028027,286.20578441405075
experiment_2026_06_15_11_12,SEN_demand_OCC,2024-09-16,Independence Day,H2,H,observance_tier,True,2024-09-16,12,True,True,6,False,2,6,6,pearson,RidgeReg,standard,2,{},2024-09-15 10:00:00,2024-09-17,149.9713594552315,2.116662567135911,336.673378,4.939,,14,24,4,4,6,4,0.06429129773149649,6873.177404604363,6715.735468136809,149.9713594552315,2.116662567135911,1.8305564656039999,130.27613776405897,169.86380595353143,2.350993129667619,1.6468827661551533,121.03458002269033,138.3674323312232,1.9799697389924138,1.9376994569491597,135.66704644652404,222.7504472051452,3.058423318421243,2.9971321180769785,218.62356939749083,143.90801863252787,2.1520081644913507,1.1411294521931996,78.74013597788887,172.95522915928163,2.485950589623417,1.8249199080451188,130.276137764058,121.03458002269033,135.66704644652404,hourly_window_mean_factor_top_available_analogs,4,6841.872591052632,,6841.872591052632,0.0,-97.58898937480048,56.926910468635164,9.81296915070791e-13,-97.58898937480048,56.926910468635164,9.81296915070791e-13,-218.62356939749083,-78.74013597788888,-130.27613776405798,169.86380595353143,2.350993129667619,222.7504472051452,3.058423318421243,138.3674323312232,1.9799697389924138,143.90801863252787,2.1520081644913507,172.95522915928163,2.485950589623417,-5.540586301304671,-0.1720384254989369,-0.7074301887536238,-0.36928802248750614,218.62356939749083,78.74013597788888,130.27613776405798
experiment_2026_06_15_11_12,SEN_demand_OCC,2024-11-18,Mexican Revolution Day,H2,F,observance_tier,True,2024-11-18,12,True,True,6,False,2,6,6,pearson,RidgeReg,standard,2,{},2024-11-17 10:00:00,2024-11-19,101.00803081926176,1.318515705615767,277.136235,3.815,,14,24,4,4,6,4,0.06415529892024241,7441.553129527223,7390.082924336391,101.00803081926176,1.318515705615767,-1.210047905204659,-93.4427697903804,114.52116628119926,1.4940903834340833,-1.417193571364773,-109.1150498543625,93.12536846646488,1.2160971435550822,-1.0892129332779261,-84.30060641972416,160.82655576359957,2.1945153536010946,-2.0554806913372334,-150.02852506184652,102.01166611849044,1.3920182566639399,-0.7655414413346181,-60.43441254869276,123.6803096719517,1.687675081851313,-1.2407822176513712,-93.44276979038099,-109.1150498543625,-84.30060641972416,hourly_window_mean_factor_top_available_analogs,4,7029.425208026316,,7029.425208026316,0.0,40.91347520748403,-23.866193871031403,5.983517774821897e-13,40.91347520748403,-23.866193871031403,5.983517774821897e-13,150.02852506184652,60.43441254869276,93.44276979038099,114.52116628119926,1.4940903834340833,160.82655576359957,2.1945153536010946,93.12536846646488,1.2160971435550822,102.01166611849044,1.3920182566639399,123.6803096719517,1.687675081851313,-8.886297652025561,-0.1759211131088576,-0.7004249701670113,-0.36915937623554607,150.02852506184652,60.43441254869276,93.44276979038099
experiment_2026_06_15_11_12,SEN_demand_OCC,2024-12-24,Christmas Eve,H1,G,observance_tier,True,2024-12-24,12,True,True,6,False,2,6,6,pearson,RidgeReg,standard,2,{},2024-12-23 10:00:00,2024-12-25,390.4316781073316,5.452870906436966,236.529749,3.184,,14,24,4,4,6,4,0.06452616876158775,6994.690771926813,6619.541859052806,390.4316781073316,5.452870906436966,3.7996001017211345,279.76059096792267,366.367097432029,4.599587930857342,4.599587930857342,366.367097432029,404.4693501679248,5.950619308858413,3.3329405347250134,229.24012886386072,613.6423103455152,7.6559386737126705,7.6559386737126705,613.6423103455152,349.11076950638943,5.141796140516516,1.1770942655375392,84.99625466432899,446.5697582365936,6.068059179062469,3.5640369422336406,279.76059096792386,366.367097432029,229.24012886386072,hourly_window_mean_factor_top_available_analogs,4,6953.572427960526,,6953.572427960526,0.0,-247.2752129134861,144.24387419953175,-1.148835412765804e-12,-247.2752129134861,144.24387419953175,-1.148835412765804e-12,-613.6423103455152,-84.99625466432897,-279.7605909679238,366.367097432029,4.599587930857342,613.6423103455152,7.6559386737126705,404.4693501679248,5.950619308858413,349.11076950638943,5.141796140516516,446.5697582365936,6.068059179062469,55.35858066153537,0.8088231683418972,-3.0563507428553285,-0.6151882726255025,613.6423103455152,84.99625466432897,279.7605909679238
experiment_2026_06_15_11_12,SEN_demand_OCC,2024-12-25,Christmas Day,H2,H,observance_tier,True,2024-12-25,12,True,True,6,False,2,6,6,pearson,RidgeReg,standard,2,{},2024-12-24 10:00:00,2024-12-26,312.7424360314844,4.972662026937705,252.638983,3.378,,14,24,4,4,6,4,0.1174901306924103,6148.075687232893,5463.178334367712,312.7424360314844,4.972662026937705,-1.2648986473892858,-89.16984144341974,456.98492928749084,6.713117443175868,-6.713117443175868,-456.98492928749084,228.60098163214744,3.957396367465441,1.9132289834862217,125.38895979895506,210.64095469302143,3.0939380642385084,-2.6140710866547443,-175.48451014046083,173.841384244151,3.2756030145600015,-1.0187327422632537,-38.8196180368116,187.3991207253138,3.2086738223362934,-1.6064889744074873,-89.16984144341922,-456.98492928749084,125.38895979895506,hourly_window_mean_factor_top_available_analogs,4,6484.561872697369,,6484.561872697369,0.0,-281.50041914702996,164.20857783576665,-5.265495641843269e-13,-281.50041914702996,164.20857783576665,-5.265495641843269e-13,175.48451014046088,38.81961803681159,89.16984144341922,456.98492928749084,6.713117443175868,210.64095469302143,3.0939380642385084,228.60098163214744,3.957396367465441,173.841384244151,3.2756030145600015,187.3991207253138,3.2086738223362934,54.75959738799645,0.6817933529054394,3.6191793789373596,1.7639882046014117,175.48451014046088,38.81961803681159,89.16984144341922
experiment_2026_06_15_11_12,SEN_demand_OCC,2024-12-31,New Year's Eve,H2,G,observance_tier,True,2024-12-31,12,True,True,6,False,2,6,6,pearson,RidgeReg,standard,2,{},2024-12-30 10:00:00,2025-01-01,152.78652358425342,2.205866228303248,223.06942,3.007,,14,24,4,4,6,4,0.06078608672837886,6929.39270551678,6547.828392656171,152.78652358425342,2.205866228303248,1.9075395451655754,130.45185737795686,76.24557305677374,0.9853156088812955,0.2828166300642691,22.915878150746266,197.43541139194988,2.9178540896327205,2.855294578974671,193.1811785938297,281.69261334768163,3.6508869843563265,3.6508869843563265,281.69261334768163,210.78372349896654,3.1423753215673056,0.6174593904318731,42.22808306228482,236.9080513379668,3.329721723647471,1.7350379776671983,130.4518573779573,22.915878150746266,193.1811785938297,hourly_window_mean_factor_top_available_analogs,4,7168.515034605262,,7168.515034605262,0.0,-258.77673519693536,150.9530955315449,-4.547473508864641e-13,-258.77673519693536,150.9530955315449,-4.547473508864641e-13,-281.69261334768163,-42.22808306228481,-130.4518573779573,76.24557305677374,0.9853156088812955,281.69261334768163,3.6508869843563265,197.43541139194988,2.9178540896327205,210.78372349896654,3.1423753215673056,236.9080513379668,3.329721723647471,-13.348312107016653,-0.22452123193458506,-2.665571375475031,-1.1238554953442228,281.69261334768163,42.22808306228481,130.4518573779573
experiment_2026_06_15_11_12,SEN_demand_OCC,2025-01-01,New Year's Day,H3,H,observance_tier,True,2025-01-01,12,True,True,6,False,2,6,6,pearson,RidgeReg,standard,2,{},2024-12-31 10:00:00,2025-01-02,99.96200223435832,1.5680844461863017,228.914526,3.093,,14,24,4,4,6,4,0.11518734600666765,5963.588807459575,5548.342149963109,99.96200223435832,1.5680844461863017,1.4550102082554814,94.04994596147701,161.11607254648146,2.360306350093782,2.360306350093782,161.11607254648146,64.2887945522865,1.1059550022402715,0.9269207921831396,54.92803878689108,189.31603936324979,2.7548335232187555,0.44706958451048845,35.75744637412826,196.46152703632154,3.3997597719485064,1.999889722997312,128.053904054098,193.82897894624247,3.1621553645217566,1.4277980930284826,94.04994596147758,161.11607254648146,54.92803878689108,hourly_window_mean_factor_top_available_analogs,4,6506.840486381579,,6506.840486381579,0.0,125.3586261723532,-73.12586526720695,-5.74417706382902e-13,125.3586261723532,-73.12586526720695,-5.74417706382902e-13,-35.757446374128264,-128.05390405409804,-94.04994596147758,161.11607254648146,2.360306350093782,189.31603936324979,2.7548335232187555,64.2887945522865,1.1059550022402715,196.46152703632154,3.3997597719485064,193.82897894624247,3.1621553645217566,-132.17273248403504,-2.2938047697082347,-0.39452717312497354,-1.594070918335455,35.757446374128264,128.05390405409804,94.04994596147758
experiment_2026_06_15_11_12,SEN_demand_OCC,2025-02-03,Constitution Day,H2,H,observance_tier,True,2025-02-03,12,True,True,6,False,2,6,6,pearson,RidgeReg,standard,2,{},2025-02-02 10:00:00,2025-02-04,207.89556175198476,2.9430539390862087,272.345587,3.719,,14,24,4,4,6,4,0.06729399180612164,6900.020244907028,6802.694452857529,207.89556175198476,2.9430539390862087,2.6500212119116573,188.66049193507743,104.13936251115105,1.433118126291944,0.637743581103875,51.92988729383114,268.42001130913775,3.8238498298828634,3.8238498298828634,268.42001130913775,121.85323743816473,1.7099151925757332,0.024485836157717027,10.70337672521347,292.46880914083016,4.140066926951898,4.140066926951898,292.46880914083016,229.61044061879554,3.244747866918574,2.623800209290884,188.66049193507666,51.92988729383114,268.42001130913775,hourly_window_mean_factor_top_available_analogs,4,6671.348922697369,,6671.348922697369,0.0,41.22651056861768,-24.04879783169243,7.658902751772027e-13,41.22651056861768,-24.04879783169243,7.658902751772027e-13,-10.703376725213467,-292.46880914083016,-188.66049193507666,104.13936251115105,1.433118126291944,121.85323743816473,1.7099151925757332,268.42001130913775,3.8238498298828634,292.46880914083016,4.140066926951898,229.61044061879554,3.244747866918574,-24.04879783169241,-0.316217097069035,-0.2767970662837893,-0.30169392783236537,10.703376725213467,292.46880914083016,188.66049193507666
experiment_2026_06_15_11_12,SEN_demand_OCC,2025-03-17,Benito Juarez's Birthday,H2,H,observance_tier,True,2025-03-17,12,True,True,6,False,2,6,6,pearson,RidgeReg,standard,2,{},2025-03-16 10:00:00,2025-03-18,167.07246683211005,2.3843019339753284,281.248652,3.85,,14,24,4,4,6,4,0.06935045763242931,7329.682285643558,7366.319848434003,167.07246683211005,2.3843019339753284,-2.267025727594062,-157.80806485408385,157.4893869431523,2.2762343352255168,-1.9579132036192228,-132.34315300279545,172.66259676733543,2.447341366579385,-2.447341366579385,-172.66259676733543,426.8884744884912,6.186409886977659,-6.186409886977659,-426.8884744884912,93.39912970165221,1.295197214365459,-0.10884668550551324,-0.8444925673475533,216.26362514943503,3.0972229358541647,-2.3479489176268307,-157.8080648540847,-132.34315300279545,-172.66259676733543,hourly_window_mean_factor_top_available_analogs,4,6679.509539736842,,6679.509539736842,0.0,294.54532148569575,-171.81810419998786,8.376924884750655e-13,294.54532148569575,-171.81810419998786,8.376924884750655e-13,426.88847448849117,0.8444925673475723,157.80806485408468,157.4893869431523,2.2762343352255168,426.8884744884912,6.186409886977659,172.66259676733543,2.447341366579385,93.39912970165221,1.295197214365459,216.26362514943503,3.0972229358541647,79.26346706568322,1.1521441522139257,-3.910175551752142,-0.7129210018788363,426.88847448849117,0.8444925673475723,157.80806485408468
experiment_2026_06_15_11_12,SEN_demand_OCC,2025-04-17,Maundy Thursday,H1,G,observance_tier,True,2025-04-17,12,True,True,6,False,2,6,6,pearson,RidgeReg,standard,2,{},2025-04-16 10:00:00,2025-04-18,200.0838866443127,2.27623979369773,279.986116,3.834,,14,24,4,4,6,4,0.08054907852934831,8669.496159408318,8227.573107029737,200.0838866443127,2.27623979369773,2.27623979369773,200.0838866443127,187.90303365696997,1.9602007175499832,1.9602007175499832,187.90303365696997,207.18938422026267,2.460595921450582,2.460595921450582,207.18938422026267,79.56622230064113,0.8219193045774641,0.4662490041962278,45.728817898530515,290.124343412687,3.4285606667926074,3.4285606667926074,290.124343412687,212.55029879245959,2.4682191122922914,2.3371826858360465,200.08388664431357,187.90303365696997,207.18938422026267,hourly_window_mean_factor_top_available_analogs,4,7385.91421368421,,7385.91421368421,0.0,142.17421575843946,-82.93495919242434,-8.376924884750655e-13,142.17421575843946,-82.93495919242434,-8.376924884750655e-13,-45.72881789853051,-290.12434341268704,-200.08388664431354,187.90303365696997,1.9602007175499832,79.56622230064113,0.8219193045774641,207.18938422026267,2.460595921450582,290.124343412687,3.4285606667926074,212.55029879245959,2.4682191122922914,-82.93495919242432,-0.9679647453420253,1.138281412972519,-0.1919793185945613,45.72881789853051,290.12434341268704,200.08388664431354
experiment_2026_06_15_11_12,SEN_demand_OCC,2025-04-18,Good Friday,H2,G,observance_tier,True,2025-04-18,12,True,True,6,False,2,6,6,pearson,RidgeReg,standard,2,{},2025-04-17 10:00:00,2025-04-19,193.18492331364544,2.5653393149609287,282.429755,3.826,,14,24,4,4,6,4,0.0927380065434082,7529.282709889699,6989.204017242133,193.18492331364544,2.5653393149609287,2.3453811547742953,175.16707116293418,135.87404783783683,1.5626710544784685,0.9656417625433209,86.96844914304913,226.61626734120046,3.150229133575697,3.150229133575697,226.61626734120046,151.12361135545734,1.734847847474919,1.4243005913754039,125.70928687406929,205.57584886470886,2.765647578498482,2.742196728262144,204.01744533143673,185.51449820340568,2.3858792565424327,2.25665604625124,175.16707116293293,86.96844914304913,226.61626734120046,hourly_window_mean_factor_top_available_analogs,4,7044.299828552632,,7044.299828552632,0.0,-38.740837731020164,22.598822009763733,1.2445716971629545e-12,-38.740837731020164,22.598822009763733,1.2445716971629545e-12,-125.70928687406929,-204.01744533143673,-175.16707116293293,135.87404783783683,1.5626710544784685,151.12361135545734,1.734847847474919,226.61626734120046,3.150229133575697,205.57584886470886,2.765647578498482,185.51449820340568,2.3858792565424327,21.040418476491595,0.38458155507721514,-0.1721767929964504,0.179460058418496,125.70928687406929,204.01744533143673,175.16707116293293
experiment_2026_06_15_11_12,SEN_demand_OCC,2025-04-19,Holy Saturday,H3,G,observance_tier,True,2025-04-19,12,True,True,6,False,2,7,6,pearson,RidgeReg,standard,2,{},2025-04-18 10:00:00,2025-04-20,69.44235580898822,0.936241855435589,252.675975,3.54,,14,24,4,4,6,4,0.06027077641637386,7245.868710058493,7282.73669048423,69.44235580898822,0.936241855435589,0.4501053772070304,34.878247573086405,57.52119514453599,0.800177940501895,-0.06425590254206714,-2.0570343286574695,76.39636619658536,1.015612472480244,0.7501494570606709,56.423828682437,220.17302507080376,3.04813014675937,0.14900524149071964,26.393047989559495,186.0719547886017,2.534270238661172,0.49681770065039066,39.82794733014297,198.63550699783403,2.7235870469078765,0.36867626832840655,34.8782475730859,-2.0570343286574695,56.423828682437,hourly_window_mean_factor_top_available_analogs,4,6806.886343881579,,6806.886343881579,0.0,-28.450082318216964,16.595881352294025,5.026154930850393e-13,-28.450082318216964,16.595881352294025,5.026154930850393e-13,-26.393047989559495,-39.827947330142976,-34.8782475730859,57.52119514453599,0.800177940501895,220.17302507080376,3.04813014675937,76.39636619658536,1.015612472480244,186.0719547886017,2.534270238661172,198.63550699783403,2.7235870469078765,-109.67558859201633,-1.518657766180928,-2.247952206257475,-1.7873451914722875,26.393047989559495,39.827947330142976,34.8782475730859
experiment_2026_06_15_11_12,SEN_demand_OCC,2025-05-01,Labor Day,H2,F,observance_tier,True,2025-05-01,12,True,True,6,False,2,8,6,pearson,RidgeReg,standard,2,{},2025-04-30 10:00:00,2025-05-02,204.26131175291331,2.078552787748373,245.056314,3.436,,14,24,4,4,6,4,0.06993776283766129,9217.474092142093,8732.017819083363,204.26131175291331,2.078552787748373,1.3447993778360923,143.12832812106433,382.3507990429385,3.6658176007951466,3.6658176007951466,382.3507990429385,100.37577750039861,1.1526483134710899,-0.009127918890022485,3.5818867499710527,416.43788617412935,3.955103487106573,3.955103487106573,416.43788617412935,299.1970165971157,3.473171025235222,-0.3212891878580428,-16.30224740988884,342.39102117812075,3.6507250901351935,1.2542239029183948,143.12832812106524,382.3507990429385,3.5818867499710527,hourly_window_mean_factor_top_available_analogs,4,7788.1843265131565,,7788.1843265131565,0.0,-34.087087131190856,19.884134159859894,-9.094947017729282e-13,-34.087087131190856,19.884134159859894,-9.094947017729282e-13,-416.43788617412935,16.302247409888842,-143.12832812106524,382.3507990429385,3.6658176007951466,416.43788617412935,3.955103487106573,100.37577750039861,1.1526483134710899,299.1970165971157,3.473171025235222,342.39102117812075,3.6507250901351935,-198.82123909671708,-2.3205227117641325,-0.2892858863114265,-1.5721723023868206,416.43788617412935,16.302247409888842,143.12832812106524
experiment_2026_06_15_11_12,SEN_demand_OCC,2025-09-16,Independence Day,H2,H,observance_tier,True,2025-09-16,12,True,True,6,False,2,8,6,pearson,RidgeReg,standard,2,{},2025-09-15 10:00:00,2025-09-17,784.8121811742733,10.338421852150272,229.542117,3.155,,14,24,4,4,6,4,0.10237026806085434,6676.072851983622,6325.1724106721485,784.8121811742733,10.338421852150272,10.338421852150272,784.8121811742733,996.09964219671,12.008126606580865,12.008126606580865,996.09964219671,661.5611622445185,9.364427412065762,9.364427412065762,661.5611622445185,1965.4893149305542,23.740943489373564,23.740943489373564,1965.4893149305542,425.4371480641269,6.240769632413676,1.4346218881297161,96.08385314977504,992.8247884886002,12.688202106030477,9.652740372798503,784.8121811742727,996.09964219671,661.5611622445185,hourly_window_mean_factor_top_available_analogs,4,6457.471617105262,,6457.471617105262,0.0,-969.3896727338443,565.4773090947434,5.983517774821897e-13,-969.3896727338443,565.4773090947434,5.983517774821897e-13,-1965.4893149305544,-96.08385314977511,-784.8121811742727,996.09964219671,12.008126606580865,1965.4893149305542,23.740943489373564,661.5611622445185,9.364427412065762,425.4371480641269,6.240769632413676,992.8247884886002,12.688202106030477,236.1240141803916,3.1236577796520857,-11.732816882792699,-2.349780253880205,1965.4893149305544,96.08385314977511,784.8121811742727
experiment_2026_06_15_11_12,SEN_demand_OCC,2025-11-17,Mexican Revolution Day,H2,F,observance_tier,True,2025-11-17,12,True,True,7,False,2,8,7,pearson,RidgeReg,standard,2,{},2025-11-16 10:00:00,2025-11-18,112.61637213911756,1.500023494450747,260.309198,3.492,,14,24,4,4,7,4,0.06377505503842182,7255.293374368187,7197.785335225869,112.61637213911756,1.500023494450747,0.7664013022863951,63.583726947602734,94.90911598774197,1.2891866362577586,-0.13451742953486456,-1.170650755017115,122.94560489408666,1.62301166172999,1.2919372291821298,101.35711394079765,235.89079165245508,3.247022576118386,-0.45553585919017553,-12.178157586167929,181.8187528935333,2.46743043141563,1.4103407883677417,107.77815959230209,201.74003033103077,2.7546485899903295,0.7229125497937723,63.583726947602614,-1.170650755017115,101.35711394079765,hourly_window_mean_factor_top_available_analogs,4,7130.512497697368,,7130.512497697368,0.0,11.007506831150815,-6.4210456515044525,1.1967035549643792e-13,11.007506831150815,-6.4210456515044525,1.1967035549643792e-13,12.17815758616793,-107.7781595923021,-63.583726947602614,94.90911598774197,1.2891866362577586,235.89079165245508,3.247022576118386,122.94560489408666,1.62301166172999,181.8187528935333,2.46743043141563,201.74003033103077,2.7546485899903295,-58.87314799944663,-0.8444187696856402,-1.9578359398606275,-1.2546250955395826,12.17815758616793,107.7781595923021,63.583726947602614
experiment_2026_06_15_11_12,SEN_demand_OCC,2025-12-24,Christmas Eve,H1,G,observance_tier,True,2025-12-24,12,True,True,8,False,2,8,8,pearson,RidgeReg,,2,{},2025-12-23 10:00:00,2025-12-25,322.20480107965386,4.409169302640718,235.511905,3.189,,14,24,4,4,8,4,0.0700053433108282,7791.146202470304,7393.135246910165,322.20480107965386,4.409169302640718,-1.7102173941515488,-104.2002419439894,174.38389951035282,2.018561515556839,1.4884119534575426,128.98352371231172,408.43366032841277,5.803690511772982,-3.5760845135901853,-240.22410524349837,217.71495375865365,2.4998036006545243,0.9507381429539805,89.75328494151589,300.69684331456364,4.314295071393157,-3.2067639561335426,-217.33979929386567,270.1245682150179,3.6457982137526086,-1.6750526564697183,-104.20024194398825,128.98352371231172,-240.22410524349837,hourly_window_mean_factor_top_available_analogs,4,8118.776223026316,,8118.776223026316,0.0,39.23023877079582,-22.884305949632715,-1.148835412765804e-12,39.23023877079582,-22.884305949632715,-1.148835412765804e-12,-89.7532849415159,217.33979929386567,104.20024194398825,174.38389951035282,2.018561515556839,217.71495375865365,2.4998036006545243,408.43366032841277,5.803690511772982,300.69684331456364,4.314295071393157,270.1245682150179,3.6457982137526086,107.73681701384913,1.489395440379825,-0.4812420850976853,0.7633710888881096,89.7532849415159,217.33979929386567,104.20024194398825
experiment_2026_06_15_11_12,SEN_demand_OCC,2025-12-25,Christmas Day,H2,H,observance_tier,True,2025-12-25,12,True,True,8,False,2,8,8,pearson,RidgeReg,standard,2,{},2025-12-24 10:00:00,2025-12-26,197.51621728314635,3.2285108752076597,222.560179,2.957,,14,24,4,4,8,4,0.12239403219533758,6232.162384947356,5642.319692289514,197.51621728314635,3.2285108752076597,1.4098291321563223,71.92356610527615,184.8649487360005,2.6731017512158735,-2.2374091686505224,-154.39788164651353,204.8961239356481,3.552499530869534,3.537384807626981,203.94441062715347,302.7960505489991,4.2963930950748415,-0.7902762692637735,-45.000757640119055,292.99239665867236,5.050947623007438,1.9943959891345118,140.129421623422,296.60426914458213,4.772953849558586,0.9684641044614595,71.92356610527528,-154.39788164651353,203.94441062715347,hourly_window_mean_factor_top_available_analogs,4,5932.4009125,,5932.4009125,0.0,-109.39712400639448,63.814989003731476,8.61626559574353e-13,-109.39712400639448,63.814989003731476,8.61626559574353e-13,45.00075764011905,-140.129421623422,-71.92356610527528,184.8649487360005,2.6731017512158735,302.7960505489991,4.2963930950748415,204.8961239356481,3.552499530869534,292.99239665867236,5.050947623007438,296.60426914458213,4.772953849558586,-88.09627272302427,-1.4984480921379042,-1.623291343858968,-1.5444429743509267,45.00075764011905,140.129421623422,71.92356610527528
experiment_2026_06_15_11_12,SEN_demand_OCC,2025-12-31,New Year's Eve,H1,G,observance_tier,True,2025-12-31,12,True,True,8,False,2,8,8,pearson,RidgeReg,standard,2,{},2025-12-30 10:00:00,2026-01-01,197.11240519580122,2.77328779975906,239.544475,3.265,,14,24,4,4,8,4,0.07333903013201615,7254.11019395036,6794.26461084919,197.11240519580122,2.77328779975906,2.6956041911035746,190.94208947069362,39.56388841578558,0.4778318961576912,0.2669763869499439,22.81588859049355,289.01570665081033,4.1123037435265255,4.1123037435265255,289.01570665081033,232.9722291624354,2.8245821352764984,1.3042377384631467,117.52380811647117,236.1253336786771,3.2830840071769987,3.2481625662970353,233.76942026065566,234.96366359374596,3.1141622648978666,2.5319797349898128,190.94208947069296,22.81588859049355,289.01570665081033,hourly_window_mean_factor_top_available_analogs,4,7986.924255131579,,7986.924255131579,0.0,-94.70791952597763,55.24628639015467,6.701539907800523e-13,-94.70791952597763,55.24628639015467,6.701539907800523e-13,-117.52380811647117,-233.76942026065566,-190.94208947069293,39.56388841578558,0.4778318961576912,232.9722291624354,2.8245821352764984,289.01570665081033,4.1123037435265255,236.1253336786771,3.2830840071769987,234.96366359374596,3.1141622648978666,52.890372972133235,0.8292197363495268,-2.346750239118807,-0.3408744651388065,117.52380811647117,233.76942026065566,190.94208947069293
experiment_2026_06_15_11_12,SEN_demand_OCC,2026-01-01,New Year's Day,H3,H,observance_tier,True,2026-01-01,12,True,True,8,False,2,8,8,pearson,RidgeReg,standard,2,{},2025-12-31 10:00:00,2026-01-02,216.44696183761516,3.6086883559942904,242.580799,3.309,,14,24,4,4,8,4,0.11151662082763797,6490.4087853403935,6051.0257587234455,216.44696183761516,3.6086883559942904,-3.3631126808486185,-198.6882384982877,188.94605074761947,2.647305888230378,-1.9807433414064113,-140.7438016837305,232.48915997344602,4.1694947955232395,-4.1694947955232395,-232.48915997344602,141.4735070976722,2.0041450588793617,-1.9093479520942587,-134.56509303203407,236.09340668693656,4.208892392303141,-4.208892392303141,-236.09340668693656,201.2334436803655,3.396617058936485,-3.3616918090682897,-198.68823849828829,-140.7438016837305,-232.48915997344602,hourly_window_mean_factor_top_available_analogs,4,6005.202466710526,,6005.202466710526,0.0,-6.17870865169646,3.6042467134905487,5.983517774821897e-13,-6.17870865169646,3.6042467134905487,5.983517774821897e-13,134.56509303203404,236.09340668693656,198.68823849828829,188.94605074761947,2.647305888230378,141.4735070976722,2.0041450588793617,232.48915997344602,4.1694947955232395,236.09340668693656,4.208892392303141,201.2334436803655,3.396617058936485,-3.6042467134905394,-0.03939759677990118,0.6431608293510163,0.21207129705780536,134.56509303203404,236.09340668693656,198.68823849828829
experiment_2026_06_15_11_12,SEN_demand_OCC,2026-02-02,Constitution Day,H2,H,observance_tier,True,2026-02-02,12,True,True,6,False,2,8,6,pearson,RidgeReg,standard,2,{},2026-02-01 10:00:00,2026-02-03,405.7983091559735,5.639158775150158,241.22917,3.32,,14,24,4,4,6,4,0.11186431600217392,7546.56115602513,7757.2772208157285,405.7983091559735,5.639158775150158,-5.219674294991246,-376.90668128828855,172.33306916782436,2.5054477482393316,-1.3668470163794253,-93.91293638410805,541.9863658157273,7.467156874181474,-7.467156874181474,-541.9863658157273,93.35558204424355,1.3569242479073456,1.2092233605143954,83.62120140003519,668.3649028169518,9.11460717912065,-8.791312191466877,-645.5479461898093,456.5193635849014,6.256513467621012,-5.106904356526407,-376.90668128828764,-93.91293638410805,-541.9863658157273,hourly_window_mean_factor_top_available_analogs,4,6870.64711486842,,6870.64711486842,0.0,-177.53413778414324,103.56158037408208,-9.334287728722159e-13,-177.53413778414324,103.56158037408208,-9.334287728722159e-13,-83.62120140003519,645.5479461898093,376.90668128828764,172.33306916782436,2.5054477482393316,93.35558204424355,1.3569242479073456,541.9863658157273,7.467156874181474,668.3649028169518,9.11460717912065,456.5193635849014,6.256513467621012,-126.37853700122457,-1.6474503049391762,1.148523500331986,-0.6173546924708537,83.62120140003519,645.5479461898093,376.90668128828764
experiment_2026_06_15_11_12,SEN_demand_OCC,2026-03-16,Benito Juarez's Birthday,H2,H,observance_tier,True,2026-03-16,12,True,True,8,False,2,8,8,pearson,RidgeReg,standard,2,{},2026-03-15 10:00:00,2026-03-17,134.70129933453072,1.8509446067787259,246.930324,3.455,,14,24,4,4,8,4,0.07142439190714252,7634.854855254346,7610.491990804628,134.70129933453072,1.8509446067787259,-0.15724769136029104,-4.517974201714304,223.81377787035692,3.125113467023142,-2.170800782239474,-142.35697716814911,82.71902018863209,1.1076794383028157,1.017324944985899,75.88811086203934,349.21352868029874,4.937308390629503,-4.414966095559341,-304.9615184334433,170.74075993346045,2.2255689392084217,2.2255689392084217,170.74075993346045,236.49388526124298,3.2246308423635575,-0.22094396833759594,-4.517974201714615,-142.35697716814911,75.88811086203934,hourly_window_mean_factor_top_available_analogs,4,6758.429274802632,,6758.429274802632,0.0,162.60454126529416,-94.85264907142111,3.111429242907386e-13,162.60454126529416,-94.85264907142111,3.111429242907386e-13,304.9615184334433,-170.74075993346045,4.5179742017146145,223.81377787035692,3.125113467023142,349.21352868029874,4.937308390629503,82.71902018863209,1.1076794383028157,170.74075993346045,2.2255689392084217,236.49388526124298,3.2246308423635575,-88.02173974482837,-1.117889500905606,-1.8121949236063606,-1.3736862355848316,304.9615184334433,170.74075993346045,4.5179742017146145
experiment_2026_06_15_11_12,SEN_demand_OCC,2026-04-02,Maundy Thursday,H1,G,observance_tier,True,2026-04-02,12,True,True,8,False,2,8,8,pearson,RidgeReg,standard,2,{},2026-04-01 10:00:00,2026-04-03,86.96276071560672,0.964959851734217,253.528866,3.546,,14,24,4,4,8,4,0.07446706886353376,8816.03071459649,8460.378346024423,86.96276071560672,0.964959851734217,0.04954493138128688,8.720648824563412,137.29077489679665,1.4454438621278436,0.21595265738511538,27.93922927996976,57.60475244324592,0.6846775123379351,-0.04752624212094642,-2.4901897744236217,214.62198465083682,2.360036183728623,-2.0166499488043366,-180.3847978721599,119.96839003784885,1.4213996183422954,1.4096755888250065,119.03215939764975,154.84076700052864,1.767213089800416,0.14734512759314317,8.720648824561977,27.93922927996976,-2.4901897744236217,hourly_window_mean_factor_top_available_analogs,4,7789.210102171052,,7789.210102171052,0.0,208.32402715212967,-121.52234917207336,1.4360442659572551e-12,208.32402715212967,-121.52234917207336,1.4360442659572551e-12,180.3847978721599,-119.03215939764974,-8.720648824561977,137.29077489679665,1.4454438621278436,214.62198465083682,2.360036183728623,57.60475244324592,0.6846775123379351,119.96839003784885,1.4213996183422954,154.84076700052864,1.767213089800416,-62.36363759460293,-0.7367221060043604,-0.9145923216007794,-0.802253238066199,180.3847978721599,119.03215939764974,8.720648824561977
experiment_2026_06_15_11_12,SEN_demand_OCC,2026-04-03,Good Friday,H2,G,observance_tier,True,2026-04-03,12,True,True,8,False,2,8,8,pearson,RidgeReg,standard,2,{},2026-04-02 10:00:00,2026-04-04,562.3340621724647,7.683425893666348,254.4062,3.537,,14,24,4,4,8,4,0.0821363831684984,8279.068961119834,7968.634445739978,562.3340621724647,7.683425893666348,-7.683425893666348,-562.3340621724647,307.76702177101373,3.5892315177817045,-3.5892315177817045,-307.76702177101373,710.8315024066445,10.071705946265723,-10.071705946265723,-710.8315024066445,611.1584386104262,7.285887920650921,-7.285887920650921,-611.1584386104262,533.8531759169883,7.680198693053474,-7.680198693053474,-533.8531759169883,562.3340621724655,7.5349263032209555,-7.5349263032209555,-562.3340621724655,-307.76702177101373,-710.8315024066445,hourly_window_mean_factor_top_available_analogs,4,7599.209796118421,,7599.209796118421,0.0,303.39141683941256,-176.97832648965615,7.419562040779151e-13,303.39141683941256,-176.97832648965615,7.419562040779151e-13,611.1584386104263,533.8531759169883,562.3340621724655,307.76702177101373,3.5892315177817045,611.1584386104262,7.285887920650921,710.8315024066445,10.071705946265723,533.8531759169883,7.680198693053474,562.3340621724655,7.5349263032209555,176.97832648965618,2.391507253212249,-3.696656402869216,0.1484995904453923,611.1584386104263,533.8531759169883,562.3340621724655
experiment_2026_06_15_11_12,SEN_demand_OCC,2026-04-04,Holy Saturday,H3,G,observance_tier,True,2026-04-04,12,True,True,8,False,2,9,8,pearson,RidgeReg,standard,2,{},2026-04-03 10:00:00,2026-04-05,105.39767568766162,1.5408040245358978,284.418861,4.002,,14,24,4,4,8,4,0.06269023953578728,7390.531369594573,7422.786980175241,105.39767568766162,1.5408040245358978,-1.0173749234477552,-67.68761538404816,138.78043790088967,2.1153983245649526,-2.0656869243886136,-134.7224007420053,85.92439772994526,1.2056240161856164,-0.40585958956558815,-28.583990591906474,334.59521194239295,4.82607774032811,-1.829646363045102,-95.76911507934847,269.4750408765836,3.7411794045109694,-0.8425204921990949,-51.306740561787706,293.46668284819754,4.140878791390968,-1.206198444616045,-67.68761538404694,-134.7224007420053,-28.583990591906474,hourly_window_mean_factor_top_available_analogs,4,7045.26721875,,7045.26721875,0.0,-38.95328566265685,22.72274996988123,-1.2206376260636668e-12,-38.95328566265685,22.72274996988123,-1.2206376260636668e-12,95.76911507934845,51.306740561787706,67.68761538404694,138.78043790088967,2.1153983245649526,334.59521194239295,4.82607774032811,85.92439772994526,1.2056240161856164,269.4750408765836,3.7411794045109694,293.46668284819754,4.140878791390968,-183.55064314663832,-2.5355553883253528,-2.710679415763157,-2.60007476685507,95.76911507934845,51.306740561787706,67.68761538404694
experiment_2026_06_15_11_12,SEN_demand_OCC,2026-05-01,Labor Day,H2,F,observance_tier,True,2026-05-01,12,True,True,3,False,2,10,3,pearson,RidgeReg,,2,{},2026-04-30 10:00:00,2026-05-02,483.0608290283861,5.454743553238948,201.573343,2.859,,14,24,3,4,3,3,0.08253670357414576,10085.340462044269,9583.783054317655,483.0608290283861,5.454743553238948,-5.430708060925497,-480.54114125479504,134.02735996106654,1.2346520890498012,-1.169412895627577,-127.18820743274786,686.6636859843225,7.916463574015952,-7.916463574015952,-686.6636859843225,417.8532823660128,3.920805871469738,-3.3492389798697397,-353.94945567682834,556.4153373042735,6.5923096915121215,-6.571429780770235,-554.3862911752756,505.36615916912496,5.608071442022823,-5.384306854122684,-480.54114125479504,-127.18820743274786,-686.6636859843225,hourly_window_mean_factor_top_available_analogs,3,8168.164491491228,,8168.164491491228,0.0,226.7612482440805,-132.27739480904688,4.786814219857517e-14,226.7612482440805,-132.27739480904688,4.786814219857517e-14,353.94945567682834,554.3862911752756,480.5411412547951,134.02735996106654,1.2346520890498012,417.8532823660128,3.920805871469738,686.6636859843225,7.916463574015952,556.4153373042735,6.5923096915121215,505.36615916912496,5.608071442022823,130.24834868004893,1.3241538825038308,-2.686153782419937,-0.15332788878387493,353.94945567682834,554.3862911752756,480.5411412547951
experiment_2026_06_15_11_12,SEN_demand_ORI,2023-02-06,Constitution Day,H2,H,observance_tier,True,2023-02-06,12,True,True,2,False,2,2,2,pearson,LassoReg,standard,2,{},2023-02-05 10:00:00,2023-02-07,450.5978653947909,8.317291744260059,239.95368,4.347,,14,24,2,4,2,2,0.11128488692356205,4941.4268515200165,4720.157813519238,450.5978653947909,8.317291744260059,7.384974543105039,403.4397205852463,239.6765471045545,4.244365276828729,1.7137900165508153,111.67586833579026,573.6353010640955,10.693165516928337,10.693165516928337,573.6353010640955,275.63221681266566,5.091992649832882,-1.2736490359695778,-49.28590040253487,667.5296661614528,12.570573255755919,12.570573255755919,667.5296661614528,523.1463953487416,9.815306716731643,7.470070306172841,403.4397205852468,111.67586833579026,573.6353010640955,hourly_window_mean_factor_top_available_analogs,2,4697.467119210525,,4697.467119210525,0.0,160.96176873832513,-93.8943650973573,-6.103188130318334e-13,160.96176873832513,-93.8943650973573,-6.103188130318334e-13,49.28590040253488,-667.5296661614528,-403.4397205852469,239.6765471045545,4.244365276828729,275.63221681266566,5.091992649832882,573.6353010640955,10.693165516928337,667.5296661614528,12.570573255755919,523.1463953487416,9.815306716731643,-93.89436509735731,-1.877407738827582,-0.847627373004153,-1.4980149724715837,49.28590040253488,667.5296661614528,403.4397205852469
experiment_2026_06_15_11_12,SEN_demand_ORI,2023-03-20,Benito Juarez's Birthday,H2,H,observance_tier,True,2023-03-20,12,True,True,2,False,2,2,2,pearson,LassoReg,standard,2,{},2023-03-19 10:00:00,2023-03-21,686.3565237461917,13.54882665798718,267.324226,4.867,,14,24,2,4,2,2,0.10319322158186366,5834.306473515021,5964.883864749031,686.3565237461917,13.54882665798718,-13.54369628469505,-686.0997245676517,320.0040748841825,5.884321117720293,-5.870395818784522,-319.30704854243146,900.0621189156969,18.019788223142854,-18.019788223142854,-900.0621189156969,405.31695496318144,7.412160116118035,-5.749444210652411,-321.45918395315,898.8067065927789,17.63432660493353,-17.63432660493353,-898.8067065927789,716.9946928345063,13.868265266948876,-13.255685722829963,-686.0997245676526,-319.30704854243146,-900.0621189156969,hourly_window_mean_factor_top_available_analogs,2,4782.068399078948,,4782.068399078948,0.0,2.152135410718529,-1.255412322918043,6.9408806187934e-13,2.152135410718529,-1.255412322918043,6.9408806187934e-13,321.45918395315,898.8067065927789,686.0997245676524,320.0040748841825,5.884321117720293,405.31695496318144,7.412160116118035,900.0621189156969,18.019788223142854,898.8067065927789,17.63432660493353,716.9946928345063,13.868265266948876,1.255412322918005,0.3854616182093231,-1.5278389983977423,-0.31943860896169696,321.45918395315,898.8067065927789,686.0997245676524
experiment_2026_06_15_11_12,SEN_demand_ORI,2023-04-06,Maundy Thursday,H1,G,observance_tier,True,2023-04-06,12,True,True,2,False,2,2,2,pearson,LassoReg,standard,2,{},2023-04-05 10:00:00,2023-04-07,780.9064141991776,11.463697371094392,306.214534,5.713,,14,24,2,4,2,2,0.06985434216653214,6035.68215001135,5746.592257612891,780.9064141991776,11.463697371094392,11.463697371094392,780.9064141991776,536.8993865912954,7.438999986700786,7.438999986700786,536.8993865912954,923.2438469704421,13.811437511990663,13.811437511990663,923.2438469704421,595.9738905776491,8.35110706171272,8.35110706171272,595.9738905776491,888.783719645067,13.278617969726122,13.278617969726122,888.783719645067,780.906414199176,11.463219214142233,11.463219214142233,780.906414199176,536.8993865912954,923.2438469704421,hourly_window_mean_factor_top_available_analogs,2,5930.745615921052,,5930.745615921052,0.0,-59.07450398635352,34.46012732537516,1.4360442659572551e-12,-59.07450398635352,34.46012732537516,1.4360442659572551e-12,-595.973890577649,-888.7837196450669,-780.9064141991761,536.8993865912954,7.438999986700786,595.9738905776491,8.35110706171272,923.2438469704421,13.811437511990663,888.783719645067,13.278617969726122,780.906414199176,11.463219214142233,34.46012732537508,0.5328195422645408,-0.9121070750119333,0.00047815695215902565,595.973890577649,888.7837196450669,780.9064141991761
experiment_2026_06_15_11_12,SEN_demand_ORI,2023-04-07,Good Friday,H2,G,observance_tier,True,2023-04-07,12,True,True,2,False,2,2,2,pearson,RidgeReg,minmax,2,{},2023-04-06 10:00:00,2023-04-08,124.22065428124537,2.0384000555309463,303.614529,5.499,,14,24,2,4,2,2,0.06985434216653214,6430.296177258698,6169.702224108274,124.22065428124537,2.0384000555309463,-1.0851337978178388,-60.41228515343353,83.41256966016032,1.2691541428633097,-0.949723055666684,-60.63965623085122,148.02537031021166,2.4871268379204,-1.164123397406013,-60.27965202493988,89.73214399389131,1.3450508106528,-1.1944912813458013,-78.95431948055544,138.01830869367916,2.311191895108304,-0.9631422447727829,-49.59609846261435,120.22866906744153,1.9552451797825923,-1.0483761003523158,-60.41228515343475,-60.63965623085122,-60.27965202493988,hourly_window_mean_factor_top_available_analogs,2,5930.745615921052,,5930.745615921052,0.0,18.314663249704218,-10.683553562325528,1.2206376260636668e-12,18.314663249704218,-10.683553562325528,1.2206376260636668e-12,78.95431948055544,49.59609846261435,60.41228515343475,83.41256966016032,1.2691541428633097,89.73214399389131,1.3450508106528,148.02537031021166,2.4871268379204,138.01830869367916,2.311191895108304,120.22866906744153,1.9552451797825923,10.007061616532496,0.1759349428120962,-0.07589666778949034,0.083154875748354,78.95431948055544,49.59609846261435,60.41228515343475
experiment_2026_06_15_11_12,SEN_demand_ORI,2023-04-08,Holy Saturday,H3,G,observance_tier,True,2023-04-08,12,True,True,2,False,2,2,2,euclidian,RidgeReg,minmax,2,{},2023-04-07 10:00:00,2023-04-09,325.6728398527853,5.465611433361713,280.483939,5.028,,14,24,2,4,2,2,0.06817523832719748,6351.135931584219,6146.841887829653,325.6728398527853,5.465611433361713,-5.405025706209633,-321.5337763210603,620.8840673063308,10.392865227440684,-10.392865227440684,-620.8840673063308,153.46629050488357,2.5913800534823106,-2.495452652158186,-146.91277324631912,674.0202187811758,11.246336352544827,-11.246336352544827,-674.0202187811758,118.45308086245852,1.9733312311089124,-1.9362877390305417,-115.9166848859943,323.1357106219859,5.389701539006354,-5.366305649272646,-321.5337763210611,-620.8840673063308,-146.91277324631912,hourly_window_mean_factor_top_available_analogs,2,6205.8759427631585,,6205.8759427631585,0.0,53.1361514748448,-30.99608836032481,8.376924884750655e-13,53.1361514748448,-30.99608836032481,8.376924884750655e-13,674.0202187811757,115.91668488599431,321.53377632106117,620.8840673063308,10.392865227440684,674.0202187811758,11.246336352544827,153.46629050488357,2.5913800534823106,118.45308086245852,1.9733312311089124,323.1357106219859,5.389701539006354,35.01320964242505,0.6180488223733982,-0.8534711251041429,0.07590989435535889,674.0202187811757,115.91668488599431,321.53377632106117
experiment_2026_06_15_11_12,SEN_demand_ORI,2023-05-01,Labor Day,H2,F,observance_tier,True,2023-05-01,12,True,True,3,False,2,3,3,pearson,PCR,standard,2,{},2023-04-30 10:00:00,2023-05-02,342.59604134620787,6.068352889084477,261.764988,4.752,,14,24,3,4,3,3,0.06760374283160367,6105.7228960919,5998.08531015224,342.59604134620787,6.068352889084477,-5.941805456438842,-334.00214951295237,395.58140270274583,6.640567840876304,-6.640567840876304,-395.58140270274583,311.6879138882273,5.734560833872578,-5.534194065516989,-298.08091848557274,388.48520445342854,6.57691297325937,-6.57691297325937,-388.48520445342854,315.4817950593346,5.883488066228697,-5.6889111376344035,-302.22036746434185,342.3777879940008,6.138960400397893,-6.016069708654127,-334.00214951295266,-395.58140270274583,-298.08091848557274,hourly_window_mean_factor_top_available_analogs,3,5440.644657807018,,5440.644657807018,0.0,-7.096198249317305,4.13944897876911,4.308132797871765e-13,-7.096198249317305,4.13944897876911,4.308132797871765e-13,388.48520445342854,302.22036746434185,334.0021495129528,395.58140270274583,6.640567840876304,388.48520445342854,6.57691297325937,311.6879138882273,5.734560833872578,315.4817950593346,5.883488066228697,342.3777879940008,6.138960400397893,-3.79388117110733,-0.14892723235611882,0.06365486761693351,-0.07060751131341547,388.48520445342854,302.22036746434185,334.0021495129528
experiment_2026_06_15_11_12,SEN_demand_ORI,2023-09-16,Independence Day,H2,H,observance_tier,True,2023-09-16,12,True,True,3,False,2,3,3,pearson,PCR,standard,2,{},2023-09-15 10:00:00,2023-09-17,314.56005344344675,4.941035763786615,269.244828,4.907,,14,24,3,4,3,3,0.09729066063560127,6083.957389188133,5780.228574797579,314.56005344344675,4.941035763786615,4.941035763786615,314.56005344344675,272.23957471377605,3.942981585311003,3.942981585311003,272.23957471377605,339.24699936908803,5.523234034564058,5.523234034564058,339.24699936908803,268.68848398665466,3.922715580869639,3.922715580869639,268.68848398665466,341.318468959908,5.673107201527299,5.673107201527299,341.318468959908,314.5600534434463,5.028226078127109,5.028226078127109,314.5600534434463,272.23957471377605,339.24699936908803,hourly_window_mean_factor_top_available_analogs,3,5146.351430087719,,5146.351430087719,0.0,3.551090727121391,-2.071469590819978,5.265495641843269e-13,3.551090727121391,-2.071469590819978,5.265495641843269e-13,-268.68848398665466,-341.318468959908,-314.56005344344624,272.23957471377605,3.942981585311003,268.68848398665466,3.922715580869639,339.24699936908803,5.523234034564058,341.318468959908,5.673107201527299,314.5600534434463,5.028226078127109,-2.0714695908199587,-0.14987316696324093,0.02026600444136406,-0.08719031434049462,268.68848398665466,341.318468959908,314.56005344344624
experiment_2026_06_15_11_12,SEN_demand_ORI,2023-11-20,Mexican Revolution Day,H2,F,observance_tier,True,2023-11-20,12,True,True,4,False,2,4,4,pearson,PLS,,4,{},2023-11-19 10:00:00,2023-11-21,336.6205730925434,5.71148216201054,261.604325,4.697,,14,24,4,4,4,4,0.06687280227549242,5364.592328137436,5247.626694022768,336.6205730925434,5.71148216201054,5.6833954368105495,335.214057125722,233.25941743307743,3.878675824260671,3.8024404272892665,229.4417312374192,396.91458056056535,6.7806191923646315,6.7806191923646315,396.91458056056535,256.16924031325203,4.235737275321768,4.079439289546852,248.34221131613276,385.88930051464877,6.529123656475512,6.529123656475512,385.88930051464877,338.09769938781835,5.6841918318399225,5.6266083633965325,335.2140571257218,229.4417312374192,396.91458056056535,hourly_window_mean_factor_top_available_analogs,4,5785.174679210527,,5785.174679210527,0.0,-18.900480078713567,11.025280045916626,2.3934071099287584e-13,-18.900480078713567,11.025280045916626,2.3934071099287584e-13,-248.34221131613276,-385.8893005146487,-335.21405712572175,233.25941743307743,3.878675824260671,256.16924031325203,4.235737275321768,396.91458056056535,6.7806191923646315,385.88930051464877,6.529123656475512,338.09769938781835,5.6841918318399225,11.025280045916588,0.2514955358891191,-0.3570614510610972,0.02729033017061777,248.34221131613276,385.8893005146487,335.21405712572175
experiment_2026_06_15_11_12,SEN_demand_ORI,2023-12-24,Christmas Eve,H1,G,observance_tier,True,2023-12-24,12,True,True,4,False,2,4,4,pearson,PLS,,4,{},2023-12-23 10:00:00,2023-12-25,121.44240990962838,2.2998764307930144,276.5896,4.933,,14,24,4,4,4,4,0.06845477745740183,5348.219961180238,5161.966445686794,121.44240990962838,2.2998764307930144,-0.5052036196673211,-18.9362290749754,57.03940395512999,0.9807752098936503,-0.2922642093823468,-16.019794169000892,159.01083004975246,3.0693521429843096,-0.6294182756668897,-20.637482770127196,91.34546469248873,1.5731588571867257,-1.4129932036757338,-82.04122953602291,119.63803645361038,2.267989478462613,0.2066751804969201,17.875021193969967,109.21445738372347,2.0119992495714967,-0.3900447505140579,-18.93622907497478,-16.019794169000892,-20.637482770127196,hourly_window_mean_factor_top_available_analogs,4,5409.484160723684,,5409.484160723684,0.0,66.02143536702202,-38.512503964097164,-6.222858485814772e-13,66.02143536702202,-38.512503964097164,-6.222858485814772e-13,82.04122953602291,-17.875021193969967,18.93622907497478,57.03940395512999,0.9807752098936503,91.34546469248873,1.5731588571867257,159.01083004975246,3.0693521429843096,119.63803645361038,2.267989478462613,109.21445738372347,2.0119992495714967,39.372793596142074,0.8013626645216965,-0.5923836472930754,0.28787718122151773,82.04122953602291,17.875021193969967,18.93622907497478
experiment_2026_06_15_11_12,SEN_demand_ORI,2023-12-25,Christmas Day,H2,H,observance_tier,True,2023-12-25,12,True,True,4,False,2,4,4,pearson,PLS,,4,{},2023-12-24 10:00:00,2023-12-26,155.18737850649867,2.971383707653031,266.773272,4.692,,14,24,4,4,4,4,0.09746953186272256,4846.651212102864,4641.984390070415,155.18737850649867,2.971383707653031,2.503947691770455,133.06647658134662,171.08883583823823,3.1118472503133523,2.1354887583837328,123.05890298436718,145.91152839631732,2.889446641101177,2.718882069579376,138.90422784625125,129.93245526365232,2.4153224858914832,0.8510353357153876,52.676482892091435,179.96063956674593,3.734375490178671,3.734375490178671,179.96063956674593,161.52920324455354,3.248408593862338,2.672092275376408,133.0664765813469,123.05890298436718,138.90422784625125,hourly_window_mean_factor_top_available_analogs,4,4831.384917894737,,4831.384917894737,0.0,70.38242009227575,-41.05641172049466,-2.9917588874109484e-13,70.38242009227575,-41.05641172049466,-2.9917588874109484e-13,-52.67648289209143,-179.9606395667459,-133.06647658134693,171.08883583823823,3.1118472503133523,129.93245526365232,2.4153224858914832,145.91152839631732,2.889446641101177,179.96063956674593,3.734375490178671,161.52920324455354,3.248408593862338,-34.0491111704286,-0.844928849077494,0.6965247644218691,-0.27702488620930676,52.67648289209143,179.9606395667459,133.06647658134693
experiment_2026_06_15_11_12,SEN_demand_ORI,2023-12-31,New Year's Eve,H1,G,observance_tier,True,2023-12-31,12,True,True,3,False,2,4,3,pearson,PCR,standard,2,{},2023-12-30 10:00:00,2024-01-01,236.60587969134394,4.9082035529886925,285.147598,5.06,,14,24,3,4,3,3,0.06967009028472491,5179.187945359946,4971.076169004965,236.60587969134394,4.9082035529886925,-4.905402584472679,-236.46035404415525,239.65571339705417,4.538080751968441,-4.538080751968441,-239.65571339705417,234.8268100296798,5.124108520250506,-5.119673653433484,-234.59639442163106,239.61797615900292,4.511905654100083,-4.511905654100083,-239.61797615900292,234.61840781049582,5.078706471066638,-5.078706471066638,-234.61840781049582,236.46035404415642,4.869885117447381,-4.869885117447381,-236.46035404415642,-239.65571339705417,-234.59639442163106,hourly_window_mean_factor_top_available_analogs,3,5289.271768070175,,5289.271768070175,0.0,-0.03773723805124973,0.02201338886478273,9.81296915070791e-13,-0.03773723805124973,0.02201338886478273,9.81296915070791e-13,239.61797615900292,234.61840781049585,236.46035404415625,239.65571339705417,4.538080751968441,239.61797615900292,4.511905654100083,234.8268100296798,5.124108520250506,234.61840781049582,5.078706471066638,236.46035404415642,4.869885117447381,0.2084022191839665,0.0454020491838687,0.026175097868358144,0.03831843554131176,239.61797615900292,234.61840781049585,236.46035404415625
experiment_2026_06_15_11_12,SEN_demand_ORI,2024-01-01,New Year's Day,H3,H,observance_tier,True,2024-01-01,12,True,True,3,False,2,4,3,pearson,PCR,,2,{},2023-12-31 10:00:00,2024-01-02,163.94280610313572,3.903298487954161,256.444013,4.565,,14,24,3,4,3,3,0.08273888376297811,4663.091565683862,4488.501914960304,163.94280610313572,3.903298487954161,-3.4527443618398643,-140.12683436807333,109.4785068174472,2.290011283751024,-1.207383140838431,-51.223868352820965,195.71364735312076,4.844382690405991,-4.762538407424034,-191.98689787697057,107.30286787014595,2.212478744875096,-0.7824722573805892,-30.151836543000627,208.70466762809266,5.192539437051711,-5.095071076064042,-204.27891643269848,171.34610982253335,4.094622339934011,-3.50621887970698,-140.12683436807296,-51.223868352820965,-191.98689787697057,hourly_window_mean_factor_top_available_analogs,3,5063.136558596491,,5063.136558596491,0.0,-21.07203180982034,12.292018555727944,-3.7097810203895756e-13,-21.07203180982034,12.292018555727944,-3.7097810203895756e-13,30.151836543000623,204.2789164326985,140.12683436807296,109.4785068174472,2.290011283751024,107.30286787014595,2.212478744875096,195.71364735312076,4.844382690405991,208.70466762809266,5.192539437051711,171.34610982253335,4.094622339934011,-12.991020274971902,-0.3481567466457207,0.07753253887592759,-0.1913238519798499,30.151836543000623,204.2789164326985,140.12683436807296
experiment_2026_06_15_11_12,SEN_demand_ORI,2024-02-05,Constitution Day,H2,H,observance_tier,True,2024-02-05,12,True,True,4,False,2,4,4,pearson,RidgeReg,standard,2,{},2024-02-04 10:00:00,2024-02-06,89.45935606798758,1.6238439218270262,242.77705,4.527,,14,24,4,4,4,4,0.08483648654670235,5439.894806470679,5245.774957879442,89.45935606798758,1.6238439218270262,0.6646871344311976,35.91303879247954,103.6296387165471,1.7847206586748754,0.6852843779356362,44.351378087202065,81.19335785632786,1.529999158665781,0.6526720757202751,30.990674203891405,143.6815546812538,2.510596353577295,-0.4749060038873199,-19.35067001406956,115.44804843733873,2.1953798072355872,1.3766150724177268,68.15020226296515,125.84986652720217,2.31151221904569,0.6944757285158675,35.91303879247868,44.351378087202065,30.990674203891405,hourly_window_mean_factor_top_available_analogs,4,5246.66689625,,5246.66689625,0.0,63.70204810127162,-37.15952805907375,8.61626559574353e-13,63.70204810127162,-37.15952805907375,8.61626559574353e-13,19.350670014069557,-68.15020226296515,-35.91303879247868,103.6296387165471,1.7847206586748754,143.6815546812538,2.510596353577295,81.19335785632786,1.529999158665781,115.44804843733873,2.1953798072355872,125.84986652720217,2.31151221904569,-34.25469058101086,-0.6653806485698062,-0.7258756949024197,-0.6876682972186638,19.350670014069557,68.15020226296515,35.91303879247868
experiment_2026_06_15_11_12,SEN_demand_ORI,2024-03-18,Benito Juarez's Birthday,H2,H,observance_tier,True,2024-03-18,12,True,True,4,False,2,4,4,pearson,RidgeReg,standard,2,{},2024-03-17 10:00:00,2024-03-19,114.63389058805876,1.7268746300787656,216.666337,4.132,,14,24,4,4,4,4,0.0729764180057628,6573.863261629974,6509.675754424893,114.63389058805876,1.7268746300787656,-0.8581659316128681,-56.87806005102572,114.74498148142155,1.8105460204702855,-0.6823117736828342,-35.896804695823384,114.56908756693046,1.6780663190170457,-0.9607475237387213,-69.11712567489376,201.24304226403532,3.14242525217933,-3.009371343718235,-191.48963412950565,64.30057537449152,0.9922810200982276,0.3722502817380187,21.645358161419722,114.7530631759024,1.7844394213912655,-0.8736103171142853,-56.878060051026466,-35.896804695823384,-69.11712567489376,hourly_window_mean_factor_top_available_analogs,4,5871.900971513158,,5871.900971513158,0.0,155.59282943368225,-90.76248383631348,7.419562040779151e-13,155.59282943368225,-90.76248383631348,7.419562040779151e-13,191.48963412950565,-21.645358161419722,56.87806005102646,114.74498148142155,1.8105460204702855,201.24304226403532,3.14242525217933,114.56908756693046,1.6780663190170457,64.30057537449152,0.9922810200982276,114.7530631759024,1.7844394213912655,50.26851219243895,0.6857852989188181,-1.3318792317090447,-0.05756479131249992,191.48963412950565,21.645358161419722,56.87806005102646
experiment_2026_06_15_11_12,SEN_demand_ORI,2024-03-28,Maundy Thursday,H1,G,observance_tier,True,2024-03-28,12,True,True,4,False,2,4,4,pearson,RidgeReg,standard,2,{},2024-03-27 10:00:00,2024-03-29,214.8287603186807,3.3314939440496656,214.232869,4.074,,14,24,4,4,4,4,0.06524042712440034,6308.085665089785,6162.766102707824,214.8287603186807,3.3314939440496656,2.02102685424167,130.21138227863685,265.52051225542743,3.931612368178126,3.931612368178126,265.52051225542743,185.25857168891181,2.981424863308064,0.906518637778737,51.28105645884235,190.4818564826176,2.8046189775882207,2.8046189775882207,190.4818564826176,196.21184217850006,3.176703395813764,1.6107169926247213,95.05360565964698,194.10079481685915,3.0396196627833008,2.0505756186639053,130.21138227863617,265.52051225542743,51.28105645884235,hourly_window_mean_factor_top_available_analogs,4,6202.809483223685,,6202.809483223685,0.0,75.03865577280983,-43.77254920080463,6.9408806187934e-13,75.03865577280983,-43.77254920080463,6.9408806187934e-13,-190.48185648261762,-95.05360565964699,-130.21138227863617,265.52051225542743,3.931612368178126,190.4818564826176,2.8046189775882207,185.25857168891181,2.981424863308064,196.21184217850006,3.176703395813764,194.10079481685915,3.0396196627833008,-10.953270489588249,-0.1952785325056996,1.1269933905899054,0.29187428126636483,190.48185648261762,95.05360565964699,130.21138227863617
experiment_2026_06_15_11_12,SEN_demand_ORI,2024-03-29,Good Friday,H2,G,observance_tier,True,2024-03-29,12,True,True,4,False,2,4,4,pearson,RidgeReg,standard,2,{},2024-03-28 10:00:00,2024-03-30,527.5683748341638,9.521163706756948,213.979049,4.05,,14,24,4,4,4,4,0.06524042712440034,6298.183015948671,6180.23538881355,527.5683748341638,9.521163706756948,-9.417814809990402,-521.3463577907756,242.39543729807434,3.7900120826730217,-3.509493648592399,-225.507105323164,693.9192550635493,12.864335487472568,-12.864335487472568,-693.9192550635493,346.9602044685094,5.451360279299926,-5.451360279299926,-346.9602044685094,623.0716138954316,11.53416141159363,-11.53416141159363,-623.0716138954316,521.3463577907761,9.293129415485422,-9.293129415485422,-521.3463577907761,-225.507105323164,-693.9192550635493,hourly_window_mean_factor_top_available_analogs,4,6202.809483223685,,6202.809483223685,0.0,121.4530991453454,-70.84764116811759,3.590110664893138e-13,121.4530991453454,-70.84764116811759,3.590110664893138e-13,346.9602044685094,623.0716138954317,521.346357790776,242.39543729807434,3.7900120826730217,346.9602044685094,5.451360279299926,693.9192550635493,12.864335487472568,623.0716138954316,11.53416141159363,521.3463577907761,9.293129415485422,70.84764116811766,1.3301740758789382,-1.661348196626904,0.2280342912715252,346.9602044685094,623.0716138954317,521.346357790776
experiment_2026_06_15_11_12,SEN_demand_ORI,2024-03-30,Holy Saturday,H3,G,observance_tier,True,2024-03-30,12,True,True,3,False,2,5,3,euclidian,PCR,standard,2,{},2024-03-29 10:00:00,2024-03-31,284.8141301951633,4.8253024520979935,231.20497,4.305,,14,24,3,4,3,3,0.06549394642308388,5487.005525945897,5460.1543947912005,284.8141301951633,4.8253024520979935,4.334302826675963,259.9373351067342,182.40124160035955,3.172606755704628,1.8398934867019736,114.87851207462343,344.55498187546556,5.78937494166079,5.78937494166079,344.55498187546556,132.03570416192355,2.292717405519646,2.042648947654502,119.53286254331195,341.8399441020647,5.665963546677543,5.665963546677543,341.8399441020647,264.5436451767495,4.423188652566739,4.331058168090107,259.93733510673474,114.87851207462343,344.55498187546556,hourly_window_mean_factor_top_available_analogs,3,5643.8724970175435,,5643.8724970175435,0.0,-4.65435046868853,2.715037773400885,-4.786814219857517e-13,-4.65435046868853,2.715037773400885,-4.786814219857517e-13,-119.53286254331196,-341.8399441020647,-259.9373351067347,182.40124160035955,3.172606755704628,132.03570416192355,2.292717405519646,344.55498187546556,5.78937494166079,341.8399441020647,5.665963546677543,264.5436451767495,4.423188652566739,2.7150377734008657,0.12341139498324694,0.8798893501849818,0.4021137995312545,119.53286254331196,341.8399441020647,259.9373351067347
experiment_2026_06_15_11_12,SEN_demand_ORI,2024-05-01,Labor Day,H2,F,observance_tier,True,2024-05-01,12,True,True,3,False,2,6,3,euclidian,PCR,standard,3,{},2024-04-30 10:00:00,2024-05-02,539.7484793567398,7.458002131369253,242.729569,4.43,,14,24,3,4,3,3,0.0676516904249672,6753.924530363798,6370.932715894516,539.7484793567398,7.458002131369253,7.4323805525478255,537.9703720046227,271.17396193032204,3.437070819962171,3.3675265345897247,266.34767054600445,696.4169478554836,9.803545396356716,9.803545396356716,696.4169478554836,649.7727987377455,8.442043918637948,8.442043918637948,649.7727987377455,472.752289743635,6.6775847235849985,6.6775847235849985,472.752289743635,537.9703720046231,7.327648637551876,7.327648637551876,537.9703720046231,266.34767054600445,696.4169478554836,hourly_window_mean_factor_top_available_analogs,3,5862.354065526316,,5862.354065526316,0.0,-383.42512819174095,223.66465811184864,-1.6753849769501309e-13,-383.42512819174095,223.66465811184864,-1.6753849769501309e-13,-649.7727987377455,-472.75228974363495,-537.9703720046228,271.17396193032204,3.437070819962171,649.7727987377455,8.442043918637948,696.4169478554836,9.803545396356716,472.752289743635,6.6775847235849985,537.9703720046231,7.327648637551876,223.6646581118486,3.1259606727717175,-5.0049730986757766,0.1303534938173767,649.7727987377455,472.75228974363495,537.9703720046228
experiment_2026_06_15_11_12,SEN_demand_ORI,2024-09-16,Independence Day,H2,H,observance_tier,True,2024-09-16,12,True,True,4,False,2,6,4,euclidian,PCR,standard,3,{},2024-09-15 10:00:00,2024-09-17,211.61597798083326,3.1662671434917233,271.667599,4.892,,14,24,4,4,4,4,0.07002077967127415,6853.48649317151,6743.280398262301,211.61597798083326,3.1662671434917233,-2.3288743212035183,-154.12717764519485,169.87596437573256,2.346418215165702,-0.2567805059234604,-25.72587873015521,235.96431925047534,3.6445123516819025,-3.537595713450218,-229.02793534563463,106.95881289704714,1.5056583926448701,-1.1212714305381186,-78.25440402268103,209.8826728528375,3.2940340755273767,-3.1344394235733275,-198.3862955916603,171.96335602702,2.635158823939085,-2.3927459524550927,-154.12717764519425,-25.72587873015521,-229.02793534563463,hourly_window_mean_factor_top_available_analogs,4,6184.604579605263,,6184.604579605263,0.0,52.52852529252583,-30.641639753974307,-5.74417706382902e-13,52.52852529252583,-30.641639753974307,-5.74417706382902e-13,78.25440402268103,198.3862955916603,154.12717764519428,169.87596437573256,2.346418215165702,106.95881289704714,1.5056583926448701,235.96431925047534,3.6445123516819025,209.8826728528375,3.2940340755273767,171.96335602702,2.635158823939085,26.081646397637854,0.35047827615452576,0.8407598225208319,0.5311083195526383,78.25440402268103,198.3862955916603,154.12717764519428
experiment_2026_06_15_11_12,SEN_demand_ORI,2024-11-18,Mexican Revolution Day,H2,F,observance_tier,True,2024-11-18,12,True,True,4,False,2,6,4,euclidian,PCR,standard,3,{},2024-11-17 10:00:00,2024-11-19,64.64999209505969,1.1039183844974645,259.069442,4.555,,14,24,4,4,4,4,0.07317407843932215,6062.637511743805,5984.771441785092,64.64999209505969,1.1039183844974645,-0.48117232816232347,-24.101523585909227,40.128276487836956,0.6387988487585057,0.04258362828452271,1.360166898404454,78.95432619927294,1.3752381136785237,-0.7866966360896503,-38.95417636842554,92.32770213078973,1.439612214803176,-0.4483934389729894,-26.7921000053141,68.17181455013804,1.0718564049517396,-0.399807944441124,-22.532020674590854,77.07135207985182,1.207345387528585,-0.4177078634791797,-24.101523585909945,1.360166898404454,-38.95417636842554,hourly_window_mean_factor_top_available_analogs,4,5607.186245394737,,5607.186245394737,0.0,28.152266903718555,-16.422155693834686,7.180221329786276e-13,28.152266903718555,-16.422155693834686,7.180221329786276e-13,26.7921000053141,22.532020674590857,24.101523585909945,40.128276487836956,0.6387988487585057,92.32770213078973,1.439612214803176,78.95432619927294,1.3752381136785237,68.17181455013804,1.0718564049517396,77.07135207985182,1.207345387528585,10.782511649134904,0.30338170872678405,-0.8008133660446703,-0.1034270030311204,26.7921000053141,22.532020674590857,24.101523585909945
experiment_2026_06_15_11_12,SEN_demand_ORI,2024-12-24,Christmas Eve,H1,G,observance_tier,True,2024-12-24,12,True,True,4,False,2,6,4,euclidian,PCR,standard,3,{},2024-12-23 10:00:00,2024-12-25,177.24268595578977,3.213200457710561,241.017559,4.214,,14,24,4,4,4,4,0.06484095280803238,5481.235215774293,5270.944878923524,177.24268595578977,3.213200457710561,0.28001250741563577,17.0506102783384,180.05183609714953,3.026677102519635,0.836604458720263,46.396061767245946,175.6040150399966,3.322005748238601,-0.04466613084539669,-0.0675697568576652,119.66574673862864,2.03168781504652,1.2601757781612175,72.648003883051,137.38733232472217,2.6106553311788674,-0.25870347803029886,-15.381202657742998,130.858327108793,2.3973515094458966,0.3008836163560491,17.050610278339,46.396061767245946,-0.0675697568576652,hourly_window_mean_factor_top_available_analogs,4,5554.5082423026315,,5554.5082423026315,0.0,-26.251942115805054,15.313632900885333,-5.983517774821897e-13,-26.251942115805054,15.313632900885333,-5.983517774821897e-13,-72.648003883051,15.381202657742998,-17.050610278338997,180.05183609714953,3.026677102519635,119.66574673862864,2.03168781504652,175.6040150399966,3.322005748238601,137.38733232472217,2.6106553311788674,130.858327108793,2.3973515094458966,38.21668271527443,0.7113504170597338,0.994989287473115,0.8158489482646645,72.648003883051,15.381202657742998,17.050610278338997
experiment_2026_06_15_11_12,SEN_demand_ORI,2024-12-25,Christmas Day,H2,H,observance_tier,True,2024-12-25,12,True,True,4,False,2,6,4,euclidian,PCR,standard,3,{},2024-12-24 10:00:00,2024-12-26,65.81308868868254,1.3384922513890358,236.882519,4.093,,14,24,4,4,4,4,0.09034236297033332,4879.737770941272,4607.033590273818,65.81308868868254,1.3384922513890358,0.6090326939218154,26.639651953463787,86.18933024723538,1.60259869121842,0.5324271412420288,27.05317005737535,53.92694777952672,1.1844301614885615,0.6537192663183574,26.398433059515373,170.6505583858838,3.1958846837530364,2.3230919475298477,124.29302402327201,73.81077870663653,1.6050799291198536,-0.6377342625955161,-30.32481508725607,109.48859227267499,2.191165891353131,0.4530964463980389,26.639651953464803,27.05317005737535,26.398433059515373,hourly_window_mean_factor_top_available_analogs,4,4929.879624802631,,4929.879624802631,0.0,-97.23985396589667,56.723248146771446,-1.0171980217197224e-12,-97.23985396589667,56.723248146771446,-1.0171980217197224e-12,-124.29302402327203,30.324815087256074,-26.639651953464803,86.18933024723538,1.60259869121842,170.6505583858838,3.1958846837530364,53.92694777952672,1.1844301614885615,73.81077870663653,1.6050799291198536,109.48859227267499,2.191165891353131,-19.883830927109805,-0.42064976763129214,-1.5932859925346163,-0.8526736399640953,124.29302402327203,30.324815087256074,26.639651953464803
experiment_2026_06_15_11_12,SEN_demand_ORI,2024-12-31,New Year's Eve,H2,G,observance_tier,True,2024-12-31,12,True,True,6,False,2,6,6,pearson,RidgeReg,standard,2,{},2024-12-30 10:00:00,2025-01-01,187.78592920840313,3.281687826654642,246.21468,4.143,,14,24,4,4,6,4,0.06896419456831368,5975.605214475005,5828.239425262221,187.78592920840313,3.281687826654642,-3.1001459485041383,-176.5364552644782,132.5628308948631,2.112782725360827,-1.8723175298515393,-118.28020026834955,219.9994032246348,3.9635491357427006,-3.816379192718154,-210.5192706788866,228.55982223946174,3.743500046995352,-3.7142506563924216,-226.6492676878524,223.14441816904196,4.001649017849662,-2.7382442658800983,-147.3039813508436,225.13956703709138,3.9065415022717587,-3.0978255676477966,-176.5364552644784,-118.28020026834955,-210.5192706788866,hourly_window_mean_factor_top_available_analogs,4,5884.074230460526,,5884.074230460526,0.0,108.36906741950283,-63.21528932804301,1.9147256879430067e-13,108.36906741950283,-63.21528932804301,1.9147256879430067e-13,226.6492676878524,147.3039813508436,176.5364552644784,132.5628308948631,2.112782725360827,228.55982223946174,3.743500046995352,219.9994032246348,3.9635491357427006,223.14441816904196,4.001649017849662,225.13956703709138,3.9065415022717587,-3.1450149444071656,-0.038099882106961136,-1.630717321634525,-0.6248536756171168,226.6492676878524,147.3039813508436,176.5364552644784
experiment_2026_06_15_11_12,SEN_demand_ORI,2025-01-01,New Year's Day,H3,H,observance_tier,True,2025-01-01,12,True,True,5,False,2,6,5,euclidian,PCR,,3,{},2024-12-31 10:00:00,2025-01-02,250.56025603760673,4.735467478119823,219.419514,3.676,,14,24,4,4,5,4,0.10259513648973993,5038.963770741354,4727.175270878357,250.56025603760673,4.735467478119823,4.721920454025744,249.83666794285674,266.0974364649731,4.460153048115751,4.423382554146111,264.13341163636596,241.49690078830977,4.896067562288863,4.896067562288863,241.49690078830977,284.0835361665942,4.786707137699418,4.786707137699418,284.0835361665942,229.8593281456763,4.59585163048364,4.59585163048364,229.8593281456763,249.83666794285665,4.666166817352611,4.666166817352611,249.83666794285665,264.13341163636596,241.49690078830977,hourly_window_mean_factor_top_available_analogs,4,4993.291573157894,,4993.291573157894,0.0,-19.950124530228226,11.637572642633472,2.1540663989358825e-13,-19.950124530228226,11.637572642633472,2.1540663989358825e-13,-284.0835361665942,-229.8593281456763,-249.8366679428565,266.0974364649731,4.460153048115751,284.0835361665942,4.786707137699418,241.49690078830977,4.896067562288863,229.8593281456763,4.59585163048364,249.83666794285665,4.666166817352611,11.637572642633472,0.3002159318052229,-0.3265540895836665,0.06930066076721175,284.0835361665942,229.8593281456763,249.8366679428565
experiment_2026_06_15_11_12,SEN_demand_ORI,2025-02-03,Constitution Day,H2,H,observance_tier,True,2025-02-03,12,True,True,6,False,2,6,6,pearson,RidgeReg,standard,2,{},2025-02-02 10:00:00,2025-02-04,139.15100227104847,2.513740207265151,248.408541,4.279,,14,24,4,4,6,4,0.08935509013892075,5308.005155582475,5260.069543130212,139.15100227104847,2.513740207265151,2.2216691947040283,124.02531731226004,186.5262023564979,3.298544459193218,3.298544459193218,186.5262023564979,111.51546888786963,2.055937726973779,1.593491957085334,87.56646770312129,300.33853286832175,5.526746586239452,5.526746586239452,300.33853286832175,99.39760875346997,1.8986369162551469,0.47469879792341846,21.17594157122714,173.4284755326259,3.2353088999335746,2.3359795620398516,124.025317312262,186.5262023564979,87.56646770312129,hourly_window_mean_factor_top_available_analogs,4,4891.694749736842,,4891.694749736842,0.0,-113.81233051182387,66.39052613189415,-1.962593830141582e-12,-113.81233051182387,66.39052613189415,-1.962593830141582e-12,-300.33853286832175,-21.175941571227142,-124.025317312262,186.5262023564979,3.298544459193218,300.33853286832175,5.526746586239452,111.51546888786963,2.055937726973779,99.39760875346997,1.8986369162551469,173.4284755326259,3.2353088999335746,12.117860134399663,0.15730081071863222,-2.228202127046234,-0.7215686926684235,300.33853286832175,21.175941571227142,124.025317312262
experiment_2026_06_15_11_12,SEN_demand_ORI,2025-03-17,Benito Juarez's Birthday,H2,H,observance_tier,True,2025-03-17,12,True,True,6,False,2,6,6,pearson,RidgeReg,standard,2,{},2025-03-16 10:00:00,2025-03-18,409.47192814743863,6.847554274555392,224.535018,3.847,,14,24,4,4,6,4,0.07282151782978381,6285.66142420007,6097.324676288311,409.47192814743863,6.847554274555392,-6.847554274555392,-409.47192814743863,431.66315847737366,6.951772039978769,-6.951772039978769,-431.66315847737366,396.52704378830987,6.786760578058423,-6.786760578058423,-396.52704378830987,344.44370098671146,5.554005407170445,-5.554005407170445,-344.44370098671146,447.40506065786184,7.784282685819676,-7.784282685819676,-447.40506065786184,409.47192814743795,6.962601583159432,-6.962601583159432,-409.47192814743795,-431.66315847737366,-396.52704378830987,hourly_window_mean_factor_top_available_analogs,4,6365.733806381579,,6365.733806381579,0.0,-87.21945749066221,50.87801686955197,-6.222858485814772e-13,-87.21945749066221,50.87801686955197,-6.222858485814772e-13,344.44370098671146,447.40506065786184,409.471928147438,431.66315847737366,6.951772039978769,344.44370098671146,5.554005407170445,396.52704378830987,6.786760578058423,447.40506065786184,7.784282685819676,409.47192814743795,6.962601583159432,-50.87801686955197,-0.9975221077612533,1.3977666328083238,-0.11504730860403978,344.44370098671146,447.40506065786184,409.471928147438
experiment_2026_06_15_11_12,SEN_demand_ORI,2025-04-17,Maundy Thursday,H1,G,observance_tier,True,2025-04-17,12,True,True,6,False,2,6,6,pearson,RidgeReg,standard,2,{},2025-04-16 10:00:00,2025-04-18,147.9509244688241,2.1815157026715646,227.70295,3.892,,14,24,4,4,6,4,0.06829625490657898,6534.545278562021,6336.541378016813,147.9509244688241,2.1815157026715646,1.9812622308549435,135.1425714379802,70.69634440626591,1.0335912657000625,0.8469777586092305,57.1370105033393,193.01609617198304,2.85113829090494,2.6429281729982765,180.64581531652072,78.76608601555108,1.1622389709218268,-0.2480122330290208,-14.524451143146118,304.842665257515,4.539426865601297,3.2122485883590737,222.44833461030183,221.55129395784408,3.295199746508861,1.9374156541634595,135.14257143797892,57.1370105033393,180.64581531652072,hourly_window_mean_factor_top_available_analogs,4,6261.990922039473,,6261.990922039473,0.0,71.66146164648542,-41.80251929378111,1.2924398393615296e-12,71.66146164648542,-41.80251929378111,1.2924398393615296e-12,14.524451143146123,-222.44833461030183,-135.14257143797892,70.69634440626591,1.0335912657000625,78.76608601555108,1.1622389709218268,193.01609617198304,2.85113829090494,304.842665257515,4.539426865601297,221.55129395784408,3.295199746508861,-111.82656908553199,-1.6882885746963572,-0.12864770522176427,-1.1136840438372966,14.524451143146123,222.44833461030183,135.14257143797892
experiment_2026_06_15_11_12,SEN_demand_ORI,2025-04-18,Good Friday,H2,G,observance_tier,True,2025-04-18,12,True,True,6,False,2,6,6,pearson,RidgeReg,standard,2,{},2025-04-17 10:00:00,2025-04-19,255.90836164890194,3.9153620907536784,190.882458,3.279,,14,24,4,4,6,4,0.06700526317302265,6197.303793174232,5951.352446145583,255.90836164890194,3.9153620907536784,3.887613784616173,254.2313734047138,166.23963643944737,2.357412872273998,2.282096041329339,161.68781120522226,308.2151180210839,4.824165801533493,4.824165801533493,308.2151180210839,192.13032835877468,2.730695225023335,2.719534728797654,191.4558359815814,290.8504369015438,4.4705327031068505,4.4705327031068505,290.8504369015438,254.47987059631305,3.82953994802345,3.8254281862560937,254.23137340471553,161.68781120522226,308.2151180210839,hourly_window_mean_factor_top_available_analogs,4,6350.401540460526,,6350.401540460526,0.0,-29.768024776359134,17.364681119540137,-1.6993190480494186e-12,-29.768024776359134,17.364681119540137,-1.6993190480494186e-12,-191.4558359815814,-290.8504369015438,-254.2313734047155,166.23963643944737,2.357412872273998,192.13032835877468,2.730695225023335,308.2151180210839,4.824165801533493,290.8504369015438,4.4705327031068505,254.47987059631305,3.82953994802345,17.364681119540137,0.35363309842664226,-0.37328235274933697,0.08582214273022837,191.4558359815814,290.8504369015438,254.2313734047155
experiment_2026_06_15_11_12,SEN_demand_ORI,2025-04-19,Holy Saturday,H3,G,observance_tier,True,2025-04-19,12,True,True,7,False,2,7,7,pearson,RidgeReg,standard,2,{},2025-04-18 10:00:00,2025-04-20,353.2561310463119,5.31824613132101,191.675493,3.327,,14,24,4,4,7,4,0.06426949905761917,6091.713274800921,5973.947724731811,353.2561310463119,5.31824613132101,5.238274522253914,348.73353046223656,127.34570523737933,1.9293295064209792,1.7122637103817198,115.0700750806034,485.03721276818925,7.295114162512693,7.295114162512693,485.03721276818925,166.33447208741816,2.613557023823932,-0.6301307591139995,-24.874603427874263,566.6716085648021,8.442495625752988,8.442495625752988,566.6716085648021,419.17897933629223,6.294991930305441,5.099949062907255,348.73353046223707,115.0700750806034,485.03721276818925,hourly_window_mean_factor_top_available_analogs,4,6153.654938223684,,6153.654938223684,0.0,139.94467850847766,-81.63439579661292,-5.983517774821897e-13,139.94467850847766,-81.63439579661292,-5.983517774821897e-13,24.874603427874263,-566.6716085648022,-348.7335304622372,127.34570523737933,1.9293295064209792,166.33447208741816,2.613557023823932,485.03721276818925,7.295114162512693,566.6716085648021,8.442495625752988,419.17897933629223,6.294991930305441,-81.63439579661286,-1.1473814632402952,-0.6842275174029526,-0.9767457989844308,24.874603427874263,566.6716085648022,348.7335304622372
experiment_2026_06_15_11_12,SEN_demand_ORI,2025-05-01,Labor Day,H2,F,observance_tier,True,2025-05-01,12,True,True,7,False,2,8,7,pearson,RidgeReg,standard,2,{},2025-04-30 10:00:00,2025-05-02,74.95213469569724,1.0441836894793313,223.977784,3.798,,14,24,4,4,7,4,0.06960315485863976,7112.210036669031,6854.101655034242,74.95213469569724,1.0441836894793313,0.24055069297143178,17.819060962549287,91.02762761706506,1.1902115175049908,0.4953539671447457,35.20374909990479,65.57476382489934,0.9590007897976971,0.09191544970366528,7.677992882425239,174.92392352530098,2.3207031577647004,2.2194744054758684,166.92230513444306,135.43569314943045,2.0973943983475074,-1.173110504463743,-69.15783147105765,149.98398855106697,2.179666046553842,0.07678919919821908,17.819060962547873,35.20374909990479,7.677992882425239,hourly_window_mean_factor_top_available_analogs,4,6333.673184276316,,6333.673184276316,0.0,-131.71855603453827,76.83582435348289,1.4121101948579675e-12,-131.71855603453827,76.83582435348289,1.4121101948579675e-12,-166.92230513444306,69.15783147105765,-17.819060962547876,91.02762761706506,1.1902115175049908,174.92392352530098,2.3207031577647004,65.57476382489934,0.9590007897976971,135.43569314943045,2.0973943983475074,149.98398855106697,2.179666046553842,-69.86092932453111,-1.1383936085498103,-1.1304916402597096,-1.135482357074511,166.92230513444306,69.15783147105765,17.819060962547876
experiment_2026_06_15_11_12,SEN_demand_ORI,2025-09-16,Independence Day,H2,H,observance_tier,True,2025-09-16,12,True,True,7,False,2,8,7,pearson,RidgeReg,standard,2,{},2025-09-15 10:00:00,2025-09-17,674.5024663597083,10.532835551073745,208.910606,3.501,,14,24,4,4,7,4,0.08564616015342955,5830.88919890345,5455.783381107869,674.5024663597083,10.532835551073745,10.532835551073745,674.5024663597083,587.3468248755556,8.3061363251727,8.3061363251727,587.3468248755556,725.3432572254641,11.831743432849356,11.831743432849356,725.3432572254641,793.7088466407304,11.241535761053608,11.241535761053608,793.7088466407304,604.965411195778,9.76358179057126,9.76358179057126,604.965411195778,674.5024663597078,10.30809114811739,10.30809114811739,674.5024663597078,587.3468248755556,725.3432572254641,hourly_window_mean_factor_top_available_analogs,4,6008.73461381579,,6008.73461381579,0.0,-206.3620217651747,120.37784602968604,5.026154930850393e-13,-206.3620217651747,120.37784602968604,5.026154930850393e-13,-793.7088466407304,-604.9654111957781,-674.5024663597078,587.3468248755556,8.3061363251727,793.7088466407304,11.241535761053608,725.3432572254641,11.831743432849356,604.965411195778,9.76358179057126,674.5024663597078,10.30809114811739,120.37784602968611,2.0681616422780955,-2.9353994358809086,0.22474440295635567,793.7088466407304,604.9654111957781,674.5024663597078
experiment_2026_06_15_11_12,SEN_demand_ORI,2025-11-17,Mexican Revolution Day,H2,F,observance_tier,True,2025-11-17,12,True,True,7,False,2,8,7,pearson,RidgeReg,standard,2,{},2025-11-16 10:00:00,2025-11-18,92.67831166857177,1.4426163080746335,254.069117,4.139,,14,24,4,4,7,4,0.07683060361336423,6067.236213086221,5972.363146676081,92.67831166857177,1.4426163080746335,1.189934563960755,79.44760428219902,91.21615163925162,1.391786386530191,1.391786386530191,91.21615163925162,93.53123835234184,1.4722670956422252,1.0721876674619177,72.58261832391834,111.9144651872036,1.7488464343961032,1.7488464343961032,111.9144651872036,106.22869071058115,1.7221667694424163,0.8739265039625925,60.50860208761454,108.32344972828416,1.7319961196885114,1.1962654257012542,79.44760428219998,91.21615163925162,72.58261832391834,hourly_window_mean_factor_top_available_analogs,4,5669.03190506579,,5669.03190506579,0.0,-20.69831354795198,12.074016236303805,-9.573628439715034e-13,-20.69831354795198,12.074016236303805,-9.573628439715034e-13,-111.9144651872036,-60.508602087614534,-79.44760428219998,91.21615163925162,1.391786386530191,111.9144651872036,1.7488464343961032,93.53123835234184,1.4722670956422252,106.22869071058115,1.7221667694424163,108.32344972828416,1.7319961196885114,-12.697452358239303,-0.24989967380019107,-0.3570600478659123,-0.28937981161387794,111.9144651872036,60.508602087614534,79.44760428219998
experiment_2026_06_15_11_12,SEN_demand_ORI,2025-12-24,Christmas Eve,H1,G,observance_tier,True,2025-12-24,12,True,True,7,False,2,8,7,pearson,RidgeReg,standard,2,{},2025-12-23 10:00:00,2025-12-25,221.94020206308952,3.8115045360706117,249.975003,4.032,,14,24,4,4,7,4,0.06853156308392454,5869.559558370944,5647.603001648665,221.94020206308952,3.8115045360706117,2.279046264133447,128.81894005010955,62.377838625218565,0.9828904106568529,0.44040151860877,28.376198676577328,315.01824740184753,5.461529442561971,3.3515890323561752,187.41053918467,67.67431145271237,1.0667559720765987,0.3735102227493742,24.77415268903022,236.84980542719381,4.090992683270986,3.3109436570948945,189.51173267740464,174.52199185764803,2.9768002107256857,2.228731339178124,128.8189400501088,28.376198676577328,187.41053918467,hourly_window_mean_factor_top_available_analogs,4,5348.146820526315,,5348.146820526315,0.0,3.6020459875471067,-2.1011934927346374,7.419562040779151e-13,3.6020459875471067,-2.1011934927346374,7.419562040779151e-13,-24.77415268903022,-189.51173267740464,-128.8189400501088,62.377838625218565,0.9828904106568529,67.67431145271237,1.0667559720765987,315.01824740184753,5.461529442561971,236.84980542719381,4.090992683270986,174.52199185764803,2.9768002107256857,78.16844197465372,1.3705367592909843,-0.08386556141974577,0.834704325344926,24.77415268903022,189.51173267740464,128.8189400501088
experiment_2026_06_15_11_12,SEN_demand_ORI,2025-12-25,Christmas Day,H2,H,observance_tier,True,2025-12-25,12,True,True,8,False,2,8,8,pearson,LassoReg,standard,2,{},2025-12-24 10:00:00,2025-12-26,201.36600583369292,3.88291867738214,243.978793,3.866,,14,24,4,4,8,4,0.1060617114890309,5663.424145223071,5459.985816438769,201.36600583369292,3.88291867738214,-3.240971935022113,-161.4661952230704,105.9660322676068,1.7876341046570283,-0.9882536855971258,-55.404458853302,257.01599041390983,5.105168011471789,-4.555057580520022,-223.33554143876862,314.47700554388996,5.278723211277296,-5.278723211277296,-314.47700554388996,92.00236130584774,1.6880599434667996,-1.3237925816993645,-72.20988920259303,173.9667039198633,3.010935884239088,-2.7808722873333402,-161.46619522307086,-55.404458853302,-223.33554143876862,hourly_window_mean_factor_top_available_analogs,4,5319.5747264473675,,5319.5747264473675,0.0,259.07254669058796,-151.1256522361756,4.547473508864641e-13,259.07254669058796,-151.1256522361756,4.547473508864641e-13,314.47700554388996,72.20988920259302,161.46619522307086,105.9660322676068,1.7876341046570283,314.47700554388996,5.278723211277296,257.01599041390983,5.105168011471789,92.00236130584774,1.6880599434667996,173.9667039198633,3.010935884239088,165.0136291080621,3.417108068004989,-3.491089106620268,0.8719827931430517,314.47700554388996,72.20988920259302,161.46619522307086
experiment_2026_06_15_11_12,SEN_demand_ORI,2025-12-31,New Year's Eve,H1,G,observance_tier,True,2025-12-31,12,True,True,7,False,2,8,7,pearson,RidgeReg,standard,2,{},2025-12-30 10:00:00,2026-01-01,145.96299731526807,2.804508910675852,241.762733,3.854,,14,24,4,4,7,4,0.06764641149747684,5256.748241360217,4987.065039395925,145.96299731526807,2.804508910675852,0.35034265176355117,11.987013639782976,126.95350115614708,2.2621352497971503,-2.2621352497971503,-126.95350115614708,157.05187007475533,3.120893546188428,1.8742880943406268,93.03564727074217,45.1932335729585,0.8123243217533417,-0.2505519539420161,-12.759194787390177,129.1789139098662,2.5715513863611292,0.4466535602225223,26.422301888966633,98.23682115416337,1.9234150994003651,0.18978837079348185,11.987013639782546,-126.95350115614708,93.03564727074217,hourly_window_mean_factor_top_available_analogs,4,5511.80662,,5511.80662,0.0,-114.1943063687569,66.61334538177555,4.308132797871765e-13,-114.1943063687569,66.61334538177555,4.308132797871765e-13,12.759194787390186,-26.42230188896663,-11.987013639782544,126.95350115614708,2.2621352497971503,45.1932335729585,0.8123243217533417,157.05187007475533,3.120893546188428,129.1789139098662,2.5715513863611292,98.23682115416337,1.9234150994003651,27.872956164889132,0.5493421598272987,1.4498109280438087,0.8810938112754867,12.759194787390186,26.42230188896663,11.987013639782544
experiment_2026_06_15_11_12,SEN_demand_ORI,2026-01-01,New Year's Day,H3,H,observance_tier,True,2026-01-01,12,True,True,7,False,2,8,7,pearson,RidgeReg,standard,2,{},2025-12-31 10:00:00,2026-01-02,148.9107155119284,3.033047201459252,239.502855,3.828,,14,24,4,4,7,4,0.08553902596907362,4896.626459794313,4668.799975112809,148.9107155119284,3.033047201459252,-0.485844129298597,-27.91376768904876,159.95799097661185,3.048958256674009,0.6795970817702697,30.159019323112847,142.46647149086306,3.023765752583978,-1.1656848357554361,-61.7895601128097,360.13328064220286,6.88117325654884,6.3752407888329135,333.16652603415315,299.64412413906,6.674736979357763,-5.352726553026938,-238.54393902758446,321.9296028507442,6.7507924499018435,-1.0318964797101506,-27.913767689049564,30.159019323112847,-61.7895601128097,hourly_window_mean_factor_top_available_analogs,4,4875.024676052632,,4875.024676052632,0.0,-303.00750671104026,176.75437891477478,8.017913818261341e-13,-303.00750671104026,176.75437891477478,8.017913818261341e-13,-333.1665260341531,238.54393902758449,27.913767689049564,159.95799097661185,3.048958256674009,360.13328064220286,6.88117325654884,142.46647149086306,3.023765752583978,299.64412413906,6.674736979357763,321.9296028507442,6.7507924499018435,-157.17765264819695,-3.6509712267737853,-3.8322149998748314,-3.7177452484425912,333.1665260341531,238.54393902758449,27.913767689049564
experiment_2026_06_15_11_12,SEN_demand_ORI,2026-02-02,Constitution Day,H2,H,observance_tier,True,2026-02-02,12,True,True,8,False,2,8,8,pearson,RidgeReg,standard,2,{},2026-02-01 10:00:00,2026-02-03,153.91887913136884,3.046432127315991,225.75307,3.726,,14,24,4,4,8,4,0.08907970586354434,5181.844417520988,5014.384147645948,153.91887913136884,3.046432127315991,-0.15071878904068683,-9.52360515256719,87.68329666015254,1.5975274767648133,-1.5548647057026403,-85.22048587819849,192.55630223957834,3.891626506804178,0.6683663290121195,34.63290860405107,176.92639335816406,3.4329022429159046,3.1990517254028528,163.10347301708785,126.68787607485763,2.36565211885514,-2.0065024780004994,-110.2227340848654,145.19680349502315,2.7588495329827905,-0.08866671885189593,-9.523605152566832,-85.22048587819849,34.63290860405107,hourly_window_mean_factor_top_available_analogs,4,4857.569146973685,,4857.569146973685,0.0,-248.32395889528632,144.85564268891645,-3.590110664893138e-13,-248.32395889528632,144.85564268891645,-3.590110664893138e-13,-163.10347301708782,110.22273408486538,9.523605152566832,87.68329666015254,1.5975274767648133,176.92639335816406,3.4329022429159046,192.55630223957834,3.891626506804178,126.68787607485763,2.36565211885514,145.19680349502315,2.7588495329827905,65.86842616472072,1.5259743879490384,-1.8353747661510913,0.28758259433320044,163.10347301708782,110.22273408486538,9.523605152566832
experiment_2026_06_15_11_12,SEN_demand_ORI,2026-03-16,Benito Juarez's Birthday,H2,H,observance_tier,True,2026-03-16,12,True,True,8,False,2,8,8,pearson,RidgeReg,standard,2,{},2026-03-15 10:00:00,2026-03-17,210.95381728823097,3.3507004356509973,222.836757,3.743,,14,24,4,4,8,4,0.08586590404874164,6147.107389345742,5928.03547403127,210.95381728823097,3.3507004356509973,2.4422963760226817,155.17320539109983,202.61788614753095,2.9642016351179117,1.2042466701241143,98.49057725802037,215.81644378697263,3.5761580692952974,3.1644920377968457,188.23807180206288,319.8051322860025,4.8789978513085055,-0.8512187739050514,-23.108826565841746,290.82456582445656,4.813535584104355,4.325720657209968,259.1710573659821,301.5016166260787,4.837653261495359,2.4184271825886454,155.17320539109966,98.49057725802037,188.23807180206288,hourly_window_mean_factor_top_available_analogs,4,5666.270919144737,,5666.270919144737,0.0,121.5994038238621,-70.93298556391926,1.9147256879430067e-13,121.5994038238621,-70.93298556391926,1.9147256879430067e-13,23.10882656584174,-259.17105736598216,-155.17320539109963,202.61788614753095,2.9642016351179117,319.8051322860025,4.8789978513085055,215.81644378697263,3.5761580692952974,290.82456582445656,4.813535584104355,301.5016166260787,4.837653261495359,-75.00812203748393,-1.2373775148090576,-1.9147962161905938,-1.4869528258443618,23.10882656584174,259.17105736598216,155.17320539109963
experiment_2026_06_15_11_12,SEN_demand_ORI,2026-04-02,Maundy Thursday,H1,G,observance_tier,True,2026-04-02,12,True,True,8,False,2,8,8,pearson,RidgeReg,standard,2,{},2026-04-01 10:00:00,2026-04-03,211.57043771700543,3.4515959289682137,210.285115,3.569,,14,24,4,4,8,4,0.06589355764082871,6396.848347222532,6234.9135773217495,211.57043771700543,3.4515959289682137,-1.961820342175086,-109.71424222253216,144.5419577667313,2.2006250867764647,-2.2006250867764647,-144.5419577667313,250.67038435466534,4.1813289202467345,-1.8225175744909483,-89.39807482174933,149.85990336809851,2.271320061165056,-2.2623032930669775,-149.2599461266706,221.94229054770992,3.7250952668741326,-1.7136030727838676,-86.64591494511717,195.38562158680045,3.1894938752971047,-1.91575578551975,-109.71424222253158,-144.5419577667313,-89.39807482174933,hourly_window_mean_factor_top_available_analogs,4,6409.977354539473,,6409.977354539473,0.0,4.717988359939292,-2.752159876632163,-5.74417706382902e-13,4.717988359939292,-2.752159876632163,-5.74417706382902e-13,149.25994612667057,86.64591494511717,109.7142422225316,144.5419577667313,2.2006250867764647,149.85990336809851,2.271320061165056,250.67038435466534,4.1813289202467345,221.94229054770992,3.7250952668741326,195.38562158680045,3.1894938752971047,28.728093806955428,0.4562336533726019,-0.07069497438859118,0.26210205367110895,149.25994612667057,86.64591494511717,109.7142422225316
experiment_2026_06_15_11_12,SEN_demand_ORI,2026-04-03,Good Friday,H2,G,observance_tier,True,2026-04-03,12,True,True,8,False,2,8,8,pearson,RidgeReg,standard,2,{},2026-04-02 10:00:00,2026-04-04,435.142763737329,6.810102156520265,201.088075,3.459,,14,24,4,4,8,4,0.06692986388939562,5760.845773631092,5587.9889933042405,435.142763737329,6.810102156520265,6.810102156520265,435.142763737329,441.9358908085924,6.625525833600294,6.625525833600294,441.9358908085924,431.18010627909206,6.917771678223578,6.917771678223578,431.18010627909206,367.2407088940419,5.444050775812606,5.426403188244506,366.24487238984403,475.3332003566955,7.604437135651463,7.604437135651463,475.3332003566955,435.5096508704548,6.808505318868727,6.802003576080479,435.1427637373292,441.9358908085924,431.18010627909206,hourly_window_mean_factor_top_available_analogs,4,5983.851031776316,,5983.851031776316,0.0,75.69101841874837,-44.15309407760348,-1.6753849769501309e-13,75.69101841874837,-44.15309407760348,-1.6753849769501309e-13,-366.244872389844,-475.33320035669556,-435.1427637373292,441.9358908085924,6.625525833600294,367.2407088940419,5.444050775812606,431.18010627909206,6.917771678223578,475.3332003566955,7.604437135651463,435.5096508704548,6.808505318868727,-44.15309407760344,-0.6866654574278854,1.1814750577876882,0.0015968376515376193,366.244872389844,475.33320035669556,435.1427637373292
experiment_2026_06_15_11_12,SEN_demand_ORI,2026-04-04,Holy Saturday,H3,G,observance_tier,True,2026-04-04,12,True,True,3,False,2,9,3,pearson,RidgeReg,minmax,2,{},2026-04-03 10:00:00,2026-04-05,572.7651229631635,8.951234900319783,223.902712,3.837,,14,24,3,4,3,3,0.07125544994352659,5795.43320363489,5560.938287382606,572.7651229631635,8.951234900319783,7.398107315341919,486.0300084703743,224.3187092701958,3.6622712825070596,-0.5533607338614356,-11.10517292451797,776.025530950728,12.036463677377208,12.036463677377208,776.025530950728,257.3265989371884,4.169201093254484,-0.27108792548724103,10.098443907249864,763.656754465529,11.784211633120814,11.784211633120814,763.656754465529,577.1140655866666,8.978681434222693,7.342785479949424,486.03000847037356,-11.10517292451797,776.025530950728,hourly_window_mean_factor_top_available_analogs,3,6260.545259210526,,6260.545259210526,0.0,-21.203616831767835,12.36877648519904,7.180221329786276e-13,-21.203616831767835,12.36877648519904,7.180221329786276e-13,-10.098443907249866,-763.6567544655289,-486.03000847037356,224.3187092701958,3.6622712825070596,257.3265989371884,4.169201093254484,776.025530950728,12.036463677377208,763.656754465529,11.784211633120814,577.1140655866666,8.978681434222693,12.368776485198964,0.25225204425639447,-0.5069298107474247,-0.02744653390291063,10.098443907249866,763.6567544655289,486.03000847037356
experiment_2026_06_15_11_12,SEN_demand_ORI,2026-05-01,Labor Day,H2,F,observance_tier,True,2026-05-01,12,True,True,6,False,2,10,6,pearson,RidgeReg,minmax,2,{},2026-04-30 10:00:00,2026-05-02,224.04589412105398,3.1298821070611034,217.135421,3.827,,14,24,4,4,6,4,0.07201219661999896,7707.361319552449,7467.924510835665,224.04589412105398,3.1298821070611034,-3.029019062482358,-215.9592461313974,123.51740689600592,1.5023027324805427,-1.2285316114810911,-101.56793378122373,282.6875116689987,4.079303408899764,-4.079303408899764,-282.6875116689987,102.25774997375025,1.2675878762970239,-1.118136328174159,-90.12736348072296,289.3611776776218,4.223957847500439,-4.223957847500439,-289.3611776776218,220.42833589198494,3.1347689107412857,-3.0797078140644403,-215.9592461313959,-101.56793378122373,-282.6875116689987,hourly_window_mean_factor_top_available_analogs,4,6722.913177894737,,6722.913177894737,0.0,-11.440570300500765,6.673666008623134,-1.4599783370565428e-12,-11.440570300500765,6.673666008623134,-1.4599783370565428e-12,90.12736348072296,289.3611776776218,215.95924613139596,123.51740689600592,1.5023027324805427,102.25774997375025,1.2675878762970239,282.6875116689987,4.079303408899764,289.3611776776218,4.223957847500439,220.42833589198494,3.1347689107412857,-6.673666008623115,-0.14465443860067495,0.23471485618351884,-0.00488680368018235,90.12736348072296,289.3611776776218,215.95924613139596
experiment_2026_06_15_11_12,SEN_demand_PEN,2023-02-06,Constitution Day,H2,H,observance_tier,True,2023-02-06,12,True,True,2,False,2,2,2,pearson,LassoReg,,2,{},2023-02-05 10:00:00,2023-02-07,141.3906170333828,10.642783267832698,101.268005,7.802,,14,24,2,4,2,2,0.09483758500303101,1172.7569769139855,1168.4804973302294,141.3906170333828,10.642783267832698,10.642783267832698,141.3906170333828,164.65894594243224,12.06992491747688,12.06992491747688,164.65894594243224,127.81742516977063,9.810283972206927,9.810283972206927,127.81742516977063,161.91152474042494,11.958913086415787,11.958913086415787,161.91152474042494,129.42008753760848,10.253749271867985,10.253749271867985,129.42008753760848,141.39061703338297,10.881967519332964,10.881967519332964,141.39061703338297,164.65894594243224,127.81742516977063,hourly_window_mean_factor_top_available_analogs,2,1029.2035057894736,,1029.2035057894736,0.0,2.7474212020072986,-1.6026623678378609,-1.7053025658242404e-13,2.7474212020072986,-1.6026623678378609,-1.7053025658242404e-13,-161.91152474042494,-129.42008753760848,-141.39061703338297,164.65894594243224,12.06992491747688,161.91152474042494,11.958913086415787,127.81742516977063,9.810283972206927,129.42008753760848,10.253749271867985,141.39061703338297,10.881967519332964,-1.6026623678378513,-0.4434652996610584,0.11101183106109325,-0.2391842515002658,161.91152474042494,129.42008753760848,141.39061703338297
experiment_2026_06_15_11_12,SEN_demand_PEN,2023-03-20,Benito Juarez's Birthday,H2,H,observance_tier,True,2023-03-20,12,True,True,2,False,2,2,2,pearson,LassoReg,standard,2,{},2023-03-19 10:00:00,2023-03-21,350.90264121647556,26.57228168168523,107.793996,8.42,,14,24,2,4,2,2,0.07474437503965373,1685.7473993743702,1676.8250419465858,350.90264121647556,26.57228168168523,-26.57228168168523,-350.90264121647556,287.37622996485817,20.322304810056814,-20.322304810056814,-287.37622996485817,387.9597144465856,30.218101523468466,-30.218101523468466,-387.9597144465856,290.7113092375492,20.529360816270078,-20.529360816270078,-290.7113092375492,386.01425153751575,29.82054580379147,-29.82054580379147,-386.01425153751575,350.9026412164755,26.397477650494114,-26.397477650494114,-350.9026412164755,-287.37622996485817,-387.9597144465856,hourly_window_mean_factor_top_available_analogs,2,1408.9576025000001,,1408.9576025000001,0.0,3.3350792726910834,-1.945462909069903,-6.581869552304086e-14,3.3350792726910834,-1.945462909069903,-6.581869552304086e-14,290.71130923754924,386.01425153751575,350.9026412164755,287.37622996485817,20.322304810056814,290.7113092375492,20.529360816270078,387.9597144465856,30.218101523468466,386.01425153751575,29.82054580379147,350.9026412164755,26.397477650494114,1.9454629090698745,0.3975557196769941,-0.20705600621326425,0.17480403119111543,290.71130923754924,386.01425153751575,350.9026412164755
experiment_2026_06_15_11_12,SEN_demand_PEN,2023-04-06,Maundy Thursday,H1,G,observance_tier,True,2023-04-06,12,True,True,2,False,2,2,2,pearson,LassoReg,,2,{},2023-04-05 10:00:00,2023-04-07,572.2955221517012,29.793996795254362,133.123255,10.279,,14,24,2,4,2,2,0.08049782713899248,1343.3834831114568,1149.4639093785165,572.2955221517012,29.793996795254362,29.793996795254362,572.2955221517012,303.701826203503,14.950954514230675,14.950954514230675,303.701826203503,728.9751781214833,38.45243812585151,38.45243812585151,728.9751781214833,512.3653515455784,25.751908499292593,25.751908499292593,512.3653515455784,607.254788338606,32.153835366589696,32.153835366589696,607.254788338606,572.2955221517011,29.79523073126972,29.79523073126972,572.2955221517011,303.701826203503,728.9751781214833,hourly_window_mean_factor_top_available_analogs,2,1520.355948026316,,1520.355948026316,0.0,-208.6635253420753,121.72038978287752,1.5257970325795835e-13,-208.6635253420753,121.72038978287752,1.5257970325795835e-13,-512.3653515455783,-607.2547883386057,-572.2955221517011,303.701826203503,14.950954514230675,512.3653515455784,25.751908499292593,728.9751781214833,38.45243812585151,607.254788338606,32.153835366589696,572.2955221517011,29.79523073126972,121.7203897828773,6.2986027592618115,-10.800953985061918,-0.001233936015356818,512.3653515455783,607.2547883386057,572.2955221517011
experiment_2026_06_15_11_12,SEN_demand_PEN,2023-04-07,Good Friday,H2,G,observance_tier,True,2023-04-07,12,True,True,2,False,2,2,2,pearson,RidgeReg,minmax,2,{},2023-04-06 10:00:00,2023-04-08,81.70675446701537,4.3337309445818635,129.243709,9.779,,14,24,2,4,2,2,0.08049782713899248,1786.9614443131911,1707.1457206617881,81.70675446701537,4.3337309445818635,2.6274918823267575,51.895148055230095,63.045753354515305,3.2661992459837808,0.2572488537719971,8.653678712975486,92.59233844930709,4.9564577687640785,4.010133648983701,77.11933850487863,57.19786923731255,3.035465220315649,-1.1634342373592739,-19.157590528660908,98.93328508839186,5.335021210377022,4.993415433303677,93.34257889583289,83.55707924852054,4.487816371933358,2.725102396743642,51.8951480552299,8.653678712975486,77.11933850487863,hourly_window_mean_factor_top_available_analogs,2,1520.355948026316,,1520.355948026316,0.0,27.811269241636392,-16.22324039095425,1.9745608656912259e-13,27.811269241636392,-16.22324039095425,1.9745608656912259e-13,19.157590528660904,-93.34257889583287,-51.895148055229896,63.045753354515305,3.2661992459837808,57.19786923731255,3.035465220315649,92.59233844930709,4.9564577687640785,98.93328508839186,5.335021210377022,83.55707924852054,4.487816371933358,-6.340946639084763,-0.3785634416129433,0.23073402566813161,-0.15408542735149489,19.157590528660904,93.34257889583287,51.895148055229896
experiment_2026_06_15_11_12,SEN_demand_PEN,2023-04-08,Holy Saturday,H3,G,observance_tier,True,2023-04-08,12,True,True,2,False,2,2,2,pearson,RidgeReg,minmax,2,{},2023-04-07 10:00:00,2023-04-09,93.64334041262462,5.56758575172091,111.409798,8.094,,14,24,2,4,2,2,0.07307690905084961,1817.612198746507,1757.7041447265492,93.64334041262462,5.56758575172091,-4.817220337203345,-79.34673690440155,123.97687206643441,7.186173230391806,-7.186173230391806,-123.97687206643441,75.94878028123561,4.62340972249622,-3.4353311495100756,-53.31249139321571,168.29643589008194,9.666408030688327,-9.666408030688327,-168.29643589008194,73.31265686649296,4.311794774102631,-1.8735562965405126,-27.459412496088117,108.30668071728888,6.284547026528939,-4.7446069354370755,-79.34673690440167,-123.97687206643441,-53.31249139321571,hourly_window_mean_factor_top_available_analogs,2,1666.0937600000002,,1666.0937600000002,0.0,44.31956382364756,-25.85307889712759,9.573628439715034e-14,44.31956382364756,-25.85307889712759,9.573628439715034e-14,168.29643589008197,27.459412496088117,79.34673690440165,123.97687206643441,7.186173230391806,168.29643589008194,9.666408030688327,75.94878028123561,4.62340972249622,73.31265686649296,4.311794774102631,108.30668071728888,6.284547026528939,2.6361234147426558,0.31161494839358905,-2.480234800296521,-0.7169612748080292,168.29643589008197,27.459412496088117,79.34673690440165
experiment_2026_06_15_11_12,SEN_demand_PEN,2023-05-01,Labor Day,H2,F,observance_tier,True,2023-05-01,12,True,True,3,False,2,3,3,pearson,PLS,standard,2,{},2023-04-30 10:00:00,2023-05-02,238.51989440039296,15.918034530257373,104.230032,7.401,,14,24,3,4,3,3,0.06324907038918638,1789.557643874077,1753.4103985991524,238.51989440039296,15.918034530257373,-15.918034530257373,-238.51989440039296,303.1564007739481,19.733808415651367,-19.733808415651367,-303.1564007739481,200.81526568248577,13.692166430444212,-13.692166430444212,-200.81526568248577,299.80607105495886,19.54081791991514,-19.54081791991514,-299.80607105495886,203.0357436030623,13.900720373013712,-13.886937095831131,-202.76962468522933,238.68796950639256,15.97865104818792,-15.969945820493662,-238.51989440039281,-303.1564007739481,-200.81526568248577,hourly_window_mean_factor_top_available_analogs,3,1439.0554211403512,,1439.0554211403512,0.0,-3.3503297189893635,1.9543590027435869,-1.3163739104608172e-13,-3.3503297189893635,1.9543590027435869,-1.3163739104608172e-13,299.80607105495875,202.76962468522936,238.51989440039281,303.1564007739481,19.733808415651367,299.80607105495886,19.54081791991514,200.81526568248577,13.692166430444212,203.0357436030623,13.900720373013712,238.68796950639256,15.97865104818792,-2.2204779205765135,-0.2085539425695,0.19299049573622895,-0.060616517930547786,299.80607105495875,202.76962468522936,238.51989440039281
experiment_2026_06_15_11_12,SEN_demand_PEN,2023-09-16,Independence Day,H2,H,observance_tier,True,2023-09-16,12,True,True,3,False,2,3,3,pearson,PLS,standard,2,{},2023-09-15 10:00:00,2023-09-17,112.99057753894067,5.374059229149222,118.152321,8.399,,14,24,3,4,3,3,0.0734507063204428,2151.5380303994566,2151.4527057000637,112.99057753894067,5.374059229149222,-3.3569520040490892,-70.00702987314068,91.17063569130052,4.188891641965359,1.2861136833064333,25.498993687299407,125.71887695006409,6.065406988339809,-6.065406988339809,-125.71887695006409,76.38305395816998,3.495470855462226,1.1925702800509586,24.34312789249473,125.04462190309486,6.12982225246175,-6.12982225246175,-125.04462190309486,107.11667581812254,5.159271737777715,-3.4320986878518047,-70.0070298731408,25.498993687299407,-125.71887695006409,hourly_window_mean_factor_top_available_analogs,3,1568.308225964912,,1568.308225964912,0.0,1.1558657948046727,-0.6742550469692219,1.0770331994679413e-13,1.1558657948046727,-0.6742550469692219,1.0770331994679413e-13,-24.343127892494735,125.04462190309486,70.0070298731408,91.17063569130052,4.188891641965359,76.38305395816998,3.495470855462226,125.71887695006409,6.065406988339809,125.04462190309486,6.12982225246175,107.11667581812254,5.159271737777715,0.6742550469692219,-0.06441526412194065,0.693420786503133,0.21478749137150732,24.343127892494735,125.04462190309486,70.0070298731408
experiment_2026_06_15_11_12,SEN_demand_PEN,2023-11-20,Mexican Revolution Day,H2,F,observance_tier,True,2023-11-20,12,True,True,4,False,2,4,4,pearson,PLS,standard,2,{},2023-11-19 10:00:00,2023-11-21,109.3352284338534,6.786558378112211,100.120651,6.791,,14,24,4,4,4,4,0.07014875401276752,1423.436033408252,1401.0600367899242,109.3352284338534,6.786558378112211,6.786558378112211,109.3352284338534,68.69770453175806,4.298454995069012,4.298454995069012,68.69770453175806,133.04045071007567,8.237952018220746,8.237952018220746,133.04045071007567,72.70095876780616,4.538245122963977,4.538245122963977,72.70095876780616,130.70521907238097,8.066678877225579,8.066678877225579,130.70521907238097,109.3352284338534,6.766729599339724,6.766729599339724,109.3352284338534,68.69770453175806,133.04045071007567,hourly_window_mean_factor_top_available_analogs,4,1467.0510032236843,,1467.0510032236843,0.0,-4.003254236048098,2.3352316376947044,-1.1967035549643792e-14,-4.003254236048098,2.3352316376947044,-1.1967035549643792e-14,-72.70095876780616,-130.70521907238097,-109.33522843385342,68.69770453175806,4.298454995069012,72.70095876780616,4.538245122963977,133.04045071007567,8.237952018220746,130.70521907238097,8.066678877225579,109.3352284338534,6.766729599339724,2.3352316376947044,0.17127314099516688,-0.239790127894965,0.0198287787724869,72.70095876780616,130.70521907238097,109.33522843385342
experiment_2026_06_15_11_12,SEN_demand_PEN,2023-12-24,Christmas Eve,H1,G,observance_tier,True,2023-12-24,12,True,True,4,False,2,4,4,pearson,PLS,standard,2,{},2023-12-23 10:00:00,2023-12-25,60.74549297245176,4.308297421967686,105.269061,7.008,,14,24,4,4,4,4,0.06585868271216032,1401.996416988395,1359.4310642978076,60.74549297245176,4.308297421967686,-1.1595340617737306,-10.875628567342382,44.38864852472035,3.2083231791312756,-3.0356759623294307,-41.74411088654517,70.28698556696172,4.949949063622259,-0.06511795311623854,7.130986118859245,46.557029214864265,3.360080596609528,-3.3058792072578904,-45.72598637193169,69.11186646623028,4.872522318538723,0.15097051283605745,9.453746818668256,60.80218958414805,4.315306947301653,-1.122605699830134,-10.87562856734225,-41.74411088654517,7.130986118859245,hourly_window_mean_factor_top_available_analogs,4,1323.1177536184211,,1323.1177536184211,0.0,3.9818754853865164,-2.3227606998090096,-1.3163739104608172e-13,3.9818754853865164,-2.3227606998090096,-1.3163739104608172e-13,45.72598637193169,-9.453746818668254,10.87562856734225,44.38864852472035,3.2083231791312756,46.557029214864265,3.360080596609528,70.28698556696172,4.949949063622259,69.11186646623028,4.872522318538723,60.80218958414805,4.315306947301653,1.175119100731436,0.07742674508353531,-0.15175741747825233,-0.007009525333966593,45.72598637193169,9.453746818668254,10.87562856734225
experiment_2026_06_15_11_12,SEN_demand_PEN,2023-12-25,Christmas Day,H2,H,observance_tier,True,2023-12-25,12,True,True,4,False,2,4,4,pearson,PLS,standard,2,{},2023-12-24 10:00:00,2023-12-26,172.49193563763964,11.828374594347824,105.168238,6.87,,14,24,4,4,4,4,0.08622007135783546,1276.3706699090205,1212.0576916680427,172.49193563763964,11.828374594347824,11.00806820344016,162.04679430150577,105.05482816166659,6.848321917621275,4.621775999443335,76.70373024930316,211.83024833195725,14.73340532243831,14.73340532243831,211.83024833195725,99.95008638042887,6.589410044527021,3.6495035998186895,62.319475988659256,220.22106331733298,15.371932533242441,15.371932533242441,220.22106331733298,175.9107033932104,12.13626635318939,11.053142926191583,162.04679430150577,76.70373024930316,211.83024833195725,hourly_window_mean_factor_top_available_analogs,4,1192.8573563157897,,1192.8573563157897,0.0,14.384254260643909,-8.390814985375707,-5.983517774821896e-14,14.384254260643909,-8.390814985375707,-5.983517774821896e-14,-62.319475988659256,-220.22106331733295,-162.04679430150583,105.05482816166659,6.848321917621275,99.95008638042887,6.589410044527021,211.83024833195725,14.73340532243831,220.22106331733298,15.371932533242441,175.9107033932104,12.13626635318939,-8.390814985375727,-0.6385272108041313,0.2589118730942541,-0.3078917588415653,62.319475988659256,220.22106331733295,162.04679430150583
experiment_2026_06_15_11_12,SEN_demand_PEN,2023-12-31,New Year's Eve,H1,G,observance_tier,True,2023-12-31,12,True,True,4,False,2,4,4,pearson,RidgeReg,standard,2,{},2023-12-30 10:00:00,2024-01-01,101.01385142580432,9.251246800141006,116.457147,7.45,,14,24,4,4,4,4,0.06934694472660237,1242.032408018074,1184.7055443025477,101.01385142580432,9.251246800141006,-8.386342810070456,-89.47981986017892,90.4896815304039,7.34750118308659,-7.34750118308659,-90.4896815304039,107.15295053145455,10.361765076756086,-8.992333759144378,-88.89073388588106,63.7058254983242,5.162634047317323,-5.162634047317323,-63.7058254983242,104.57181980124626,10.186089512348536,-10.182063251087582,-104.51464990459465,89.51592716332762,8.335342762073878,-8.332799860224853,-89.47981986017922,-90.4896815304039,-88.89073388588106,hourly_window_mean_factor_top_available_analogs,4,1357.1463055263157,,1357.1463055263157,0.0,-26.783856032079694,15.6239160187136,2.8122533541662914e-13,-26.783856032079694,15.6239160187136,2.8122533541662914e-13,63.7058254983242,104.51464990459466,89.4798198601792,90.4896815304039,7.34750118308659,63.7058254983242,5.162634047317323,107.15295053145455,10.361765076756086,104.57181980124626,10.186089512348536,89.51592716332762,8.335342762073878,2.5811307302082866,0.17567556440755006,2.1848671357692666,0.9159040380671275,63.7058254983242,104.51464990459466,89.4798198601792
experiment_2026_06_15_11_12,SEN_demand_PEN,2024-01-01,New Year's Day,H3,H,observance_tier,True,2024-01-01,12,True,True,4,False,2,4,4,pearson,RidgeReg,standard,2,{},2023-12-31 10:00:00,2024-01-02,59.01354035466013,5.484320318873245,120.444369,7.892,,14,24,4,4,4,4,0.07889352742848198,1151.489678279353,1144.839806450879,59.01354035466013,5.484320318873245,-3.91415630481638,-38.11974459514243,43.02771975174262,3.491957512523221,0.7550005976043188,13.534770728977126,68.33860237302868,6.64653195591076,-6.6378311645617885,-68.25154520087882,50.87691805385801,4.233520837679483,0.2720388208380704,8.99740743066486,65.60474994353012,6.589337384790284,-6.589337384790284,-65.60474994353012,60.1787066157562,5.7214049726968295,-4.061461940611416,-38.1197445951425,13.534770728977126,-68.25154520087882,hourly_window_mean_factor_top_available_analogs,4,1133.6451703947369,,1133.6451703947369,0.0,4.537363298312267,-2.6467952573487046,7.479397218527371e-14,4.537363298312267,-2.6467952573487046,7.479397218527371e-14,-8.997407430664857,65.60474994353012,38.11974459514251,43.02771975174262,3.491957512523221,50.87691805385801,4.233520837679483,68.33860237302868,6.64653195591076,65.60474994353012,6.589337384790284,60.1787066157562,5.7214049726968295,2.7338524294985547,0.05719457112047621,-0.7415633251562617,-0.2370846538235849,8.997407430664857,65.60474994353012,38.11974459514251
experiment_2026_06_15_11_12,SEN_demand_PEN,2024-02-05,Constitution Day,H2,H,observance_tier,True,2024-02-05,12,True,True,4,False,2,4,4,pearson,RidgeReg,standard,2,{},2024-02-04 10:00:00,2024-02-06,159.82026861556207,12.954950965013474,76.42817,5.205,,14,24,4,4,4,4,0.08135802660064657,1501.481200470308,1474.3682288409545,159.82026861556207,12.954950965013474,-12.680109930007207,-155.50882836504493,40.95182381739356,2.820648197108343,-2.3170118200241823,-32.91223540634227,229.16019474782698,18.866627579624797,-18.72525049416397,-227.02350759095484,20.672965027429978,1.3475222056433498,0.005532937974034979,0.78769415533988,253.21152966430736,20.795871255426032,-20.356990226741917,-246.68179983526935,167.53942690335248,13.630690026558733,-12.85500800816236,-155.50882836504488,-32.91223540634227,-227.02350759095484,hourly_window_mean_factor_top_available_analogs,4,1399.2814758552631,,1399.2814758552631,0.0,-33.69992956168215,19.658292244314577,-5.983517774821896e-15,-33.69992956168215,19.658292244314577,-5.983517774821896e-15,-0.787694155339878,246.6817998352694,155.50882836504493,40.95182381739356,2.820648197108343,20.672965027429978,1.3475222056433498,229.16019474782698,18.866627579624797,253.21152966430736,20.795871255426032,167.53942690335248,13.630690026558733,-24.051334916480386,-1.929243675801235,1.473125991464993,-0.6757390615452596,0.787694155339878,246.6817998352694,155.50882836504493
experiment_2026_06_15_11_12,SEN_demand_PEN,2024-03-18,Benito Juarez's Birthday,H2,H,observance_tier,True,2024-03-18,12,True,True,4,False,2,4,4,pearson,RidgeReg,standard,2,{},2024-03-17 10:00:00,2024-03-19,87.5761808851494,4.675073252577798,86.412188,6.104,,14,24,4,4,4,4,0.06872055887696508,2011.479404647374,1981.7552758652146,87.5761808851494,4.675073252577798,-2.9954831476798343,-50.195130700005166,154.05093830750602,8.526756602772052,-7.769089838755373,-137.2265982739321,48.799239055441355,2.428257964964484,-0.21087924455243748,0.5732253847855494,137.29607565636826,7.578458273694511,-7.1027402127680945,-126.72753107926046,29.249290368544013,1.4781174469292335,-0.39416027954236554,-5.551230478773429,69.05600073774241,3.7256114357374943,-2.865742360204476,-50.195130700005485,-137.2265982739321,0.5732253847855494,hourly_window_mean_factor_top_available_analogs,4,1721.065954473684,,1721.065954473684,0.0,-10.49906719467164,6.124455863558978,3.290934776152043e-13,-10.49906719467164,6.124455863558978,3.290934776152043e-13,126.72753107926046,5.551230478773429,50.19513070000549,154.05093830750602,8.526756602772052,137.29607565636826,7.578458273694511,48.799239055441355,2.428257964964484,29.249290368544013,1.4781174469292335,69.05600073774241,3.7256114357374943,19.54994868689734,0.9501405180352507,0.9482983290775406,0.9494618168403037,126.72753107926046,5.551230478773429,50.19513070000549
experiment_2026_06_15_11_12,SEN_demand_PEN,2024-03-28,Maundy Thursday,H1,G,observance_tier,True,2024-03-28,12,True,True,4,False,2,4,4,pearson,RidgeReg,standard,2,{},2024-03-27 10:00:00,2024-03-29,87.62454885252846,4.721504837369073,90.755909,6.32,,14,24,4,4,4,4,0.0666176613224364,2057.3603682455337,1986.3488972725565,87.62454885252846,4.721504837369073,-3.962862793119894,-70.77635166658602,25.97483603448854,1.1677507395321491,0.8236354501635578,18.19005508650608,123.58688132971842,6.79452806110728,-6.754986768368575,-122.67342227255642,21.66848231573517,0.9906142656089323,0.04249093323692183,1.831742256802873,119.39222458858842,6.578328892066742,-6.2924521953543175,-113.13107312189668,83.38874059332669,4.519697187582286,-3.958525779557545,-70.77635166658634,18.19005508650608,-122.67342227255642,hourly_window_mean_factor_top_available_analogs,4,1698.8118734210527,,1698.8118734210527,0.0,16.35831282970321,-9.542349150659751,2.87208853191451e-13,16.35831282970321,-9.542349150659751,2.87208853191451e-13,-1.8317422568028725,113.13107312189668,70.77635166658631,25.97483603448854,1.1677507395321491,21.66848231573517,0.9906142656089323,123.58688132971842,6.79452806110728,119.39222458858842,6.578328892066742,83.38874059332669,4.519697187582286,4.194656741130004,0.2161991690405376,0.17713647392321685,0.20180764978678756,1.8317422568028725,113.13107312189668,70.77635166658631
experiment_2026_06_15_11_12,SEN_demand_PEN,2024-03-29,Good Friday,H2,G,observance_tier,True,2024-03-29,12,True,True,4,False,2,4,4,pearson,RidgeReg,standard,2,{},2024-03-28 10:00:00,2024-03-30,399.0095913497259,25.381994159664142,91.519593,6.335,,14,24,4,4,4,4,0.0741429489181017,2014.281543454989,1972.489687066128,399.0095913497259,25.381994159664142,-25.381994159664142,-399.0095913497259,280.9642108358936,15.45844736432102,-15.45844736432102,-280.9642108358936,467.8693966494614,31.170729790280973,-31.170729790280973,-467.8693966494614,291.86819691000363,16.07718326491057,-16.07718326491057,-291.86819691000363,461.5087381062306,30.813588911368623,-30.813588911368623,-461.5087381062306,399.009591349726,25.384386831094602,-25.384386831094602,-399.009591349726,-280.9642108358936,-467.8693966494614,hourly_window_mean_factor_top_available_analogs,4,1790.9708606578947,,1790.9708606578947,0.0,10.903986074110094,-6.3606585432308025,5.3851659973397064e-14,10.903986074110094,-6.3606585432308025,5.3851659973397064e-14,291.8681969100037,461.5087381062306,399.00959134972595,280.9642108358936,15.45844736432102,291.86819691000363,16.07718326491057,467.8693966494614,31.170729790280973,461.5087381062306,30.813588911368623,399.009591349726,25.384386831094602,6.360658543230784,0.35714087891235025,-0.6187359005895505,-0.0023926714304600694,291.8681969100037,461.5087381062306,399.00959134972595
experiment_2026_06_15_11_12,SEN_demand_PEN,2024-03-30,Holy Saturday,H3,G,observance_tier,True,2024-03-30,12,True,True,5,False,2,5,5,euclidian,PCR,standard,5,{},2024-03-29 10:00:00,2024-03-31,162.17499145193025,10.57269540849161,103.867414,7.239,,14,24,4,4,5,4,0.0741429489181017,1521.7961780635271,1455.2136286582343,162.17499145193025,10.57269540849161,1.2256017831077262,26.89392483120974,117.22042002265894,8.14412415029506,-7.403553453144025,-105.2590727583151,188.3984914523385,11.989361975772932,6.259275670921247,103.98317342509922,53.482210487876564,3.6969550441811236,-3.6969550441811236,-53.482210487876564,103.81897634365846,6.3029240833644495,4.273069403948475,73.7800037673434,85.27385208100199,5.342830226823224,1.3367446072691487,26.89392483120973,-105.2590727583151,103.98317342509922,hourly_window_mean_factor_top_available_analogs,4,1790.9708606578947,,1790.9708606578947,0.0,-51.77686227043853,30.203169657755826,1.1967035549643792e-14,-51.77686227043853,30.203169657755826,1.1967035549643792e-14,53.48221048787657,-73.7800037673434,-26.89392483120973,117.22042002265894,8.14412415029506,53.482210487876564,3.6969550441811236,188.3984914523385,11.989361975772932,103.81897634365846,6.3029240833644495,85.27385208100199,5.342830226823224,84.57951510868004,5.686437892408482,4.447169106113936,5.229865181668385,53.48221048787657,73.7800037673434,26.89392483120973
experiment_2026_06_15_11_12,SEN_demand_PEN,2024-05-01,Labor Day,H2,F,observance_tier,True,2024-05-01,12,True,True,5,False,2,6,5,pearson,RidgeReg,standard,2,{},2024-04-30 10:00:00,2024-05-02,45.57855283647291,2.1337671191300207,112.224709,7.456,,14,24,4,4,5,4,0.06829117455492832,2185.4905814612,2151.407340541972,45.57855283647291,2.1337671191300207,-0.24583194450024107,-2.280974619094901,59.74346310380468,2.605319605400527,1.845970271150732,41.88479267726608,37.31568851386271,1.8586948354722255,-1.4660499036299752,-28.04433887530547,49.876066782278876,2.1404408255099936,1.6732883785677,38.923531509194554,47.266621970752546,2.3218830171758973,-1.3901963896468246,-26.31693652726314,48.22799637499909,2.255035893930564,-0.2615441066204209,-2.2809746190945184,41.88479267726608,-28.04433887530547,hourly_window_mean_factor_top_available_analogs,4,1471.8318870394735,,1471.8318870394735,0.0,2.9612611680715224,-1.7274023480423277,-3.8294513758860134e-13,2.9612611680715224,-1.7274023480423277,-3.8294513758860134e-13,-38.923531509194554,26.31693652726314,2.2809746190945184,59.74346310380468,2.605319605400527,49.876066782278876,2.1404408255099936,37.31568851386271,1.8586948354722255,47.266621970752546,2.3218830171758973,48.22799637499909,2.255035893930564,-9.950933456889835,-0.4631881817036718,0.4648787798905336,-0.12126877480054343,38.923531509194554,26.31693652726314,2.2809746190945184
experiment_2026_06_15_11_12,SEN_demand_PEN,2024-09-16,Independence Day,H2,H,observance_tier,True,2024-09-16,12,True,True,5,False,2,6,5,pearson,RidgeReg,standard,2,{},2024-09-15 10:00:00,2024-09-17,69.35737637336283,3.0491372424660397,110.270444,7.212,,14,24,4,4,5,4,0.07032113341006087,2264.1692361600108,2286.0021488957063,69.35737637336283,3.0491372424660397,-1.9783328348591154,-47.40725826527348,67.4101611580186,3.004950707437946,-0.3574009352715657,-13.314680041674283,70.49325191564697,3.074912721232428,-2.923876442951853,-67.294595562373,103.08148726308191,4.8432156329773255,-4.720747428344553,-100.1437695454802,30.45517108622809,1.358116724007082,-0.791979578876944,-16.64429335182025,57.212234940858444,2.642100532575066,-2.239420365522905,-47.40725826527392,-13.314680041674283,-67.294595562373,hourly_window_mean_factor_top_available_analogs,4,1869.1354750657895,,1869.1354750657895,0.0,86.82908950380592,-50.65030221055276,4.367967975619984e-13,86.82908950380592,-50.65030221055276,4.367967975619984e-13,100.1437695454802,16.644293351820245,47.40725826527391,67.4101611580186,3.004950707437946,103.08148726308191,4.8432156329773255,70.49325191564697,3.074912721232428,30.45517108622809,1.358116724007082,57.212234940858444,2.642100532575066,40.038080829418874,1.716795997225346,-1.8382649255393795,0.40703670989097374,100.1437695454802,16.644293351820245,47.40725826527391
experiment_2026_06_15_11_12,SEN_demand_PEN,2024-11-18,Mexican Revolution Day,H2,F,observance_tier,True,2024-11-18,12,True,True,5,False,2,6,5,pearson,RidgeReg,standard,2,{},2024-11-17 10:00:00,2024-11-19,66.08186340394623,3.7497425786398715,106.418763,6.814,,14,24,4,4,5,4,0.07668522314918562,1785.8643812031094,1772.2486798679117,66.08186340394623,3.7497425786398715,-1.5612610694547036,-23.503844887319858,88.91710706344804,5.269985360784247,-5.269985360784247,-88.91710706344804,52.761304602570185,2.862934289055652,0.6021614338208633,14.653891382088252,107.66308708001544,6.370845168613177,-6.370845168613177,-107.66308708001544,48.08623044905044,2.5208530268973313,1.1998285016137655,25.589046391752607,70.03559868151122,3.9392711843715893,-1.5893670611014237,-23.503844887319833,-88.91710706344804,14.653891382088252,hourly_window_mean_factor_top_available_analogs,4,1583.146117368421,,1583.146117368421,0.0,18.745980016567405,-10.935155009664356,-2.3934071099287584e-14,18.745980016567405,-10.935155009664356,-2.3934071099287584e-14,107.66308708001544,-25.58904639175261,23.503844887319833,88.91710706344804,5.269985360784247,107.66308708001544,6.370845168613177,52.761304602570185,2.862934289055652,48.08623044905044,2.5208530268973313,70.03559868151122,3.9392711843715893,4.675074153519745,0.3420812621583207,-1.1008598078289298,-0.18952860573171781,107.66308708001544,25.58904639175261,23.503844887319833
experiment_2026_06_15_11_12,SEN_demand_PEN,2024-12-24,Christmas Eve,H1,G,observance_tier,True,2024-12-24,12,True,True,6,False,2,6,6,pearson,RidgeReg,standard,2,{},2024-12-23 10:00:00,2024-12-25,80.47264481876509,5.844350172907637,103.500688,6.634,,14,24,4,4,6,4,0.07421108295587844,1404.8740973602064,1405.0600816246579,80.47264481876509,5.844350172907637,-1.9343644567566798,-26.41491578125885,61.52309772058426,4.312721317537238,3.1641873066734107,44.67146566456805,91.52654729270387,6.737800338540368,-4.908519652090899,-67.88197162465788,27.088980449707442,1.8222728974990439,0.16779659787019488,3.1181870924377955,57.448962005812454,4.403138958767879,-3.4436389013371405,-43.64255912424891,46.26370564303692,3.452293567774097,-2.1131100332081223,-26.414915781259072,44.67146566456805,-67.88197162465788,hourly_window_mean_factor_top_available_analogs,4,1633.4606734210527,,1633.4606734210527,0.0,41.55327857213025,-24.239412500408964,2.2139015766841017e-13,41.55327857213025,-24.239412500408964,2.2139015766841017e-13,-3.1181870924378003,43.64255912424892,26.41491578125907,61.52309772058426,4.312721317537238,27.088980449707442,1.8222728974990439,91.52654729270387,6.737800338540368,57.448962005812454,4.403138958767879,46.26370564303692,3.452293567774097,34.07758528689141,2.3346613797724896,2.490448420038194,2.39205660513354,3.1181870924378003,43.64255912424892,26.41491578125907
experiment_2026_06_15_11_12,SEN_demand_PEN,2024-12-25,Christmas Day,H2,H,observance_tier,True,2024-12-25,12,True,True,6,False,2,6,6,pearson,RidgeReg,standard,2,{},2024-12-24 10:00:00,2024-12-26,40.50784955393401,3.1288875256832576,105.953668,6.721,,14,24,4,4,6,4,0.08624533239735549,1382.8409155833367,1334.5773127218556,40.50784955393401,3.1288875256832576,-3.048613207666707,-39.319969004389115,45.05885903828516,3.219608649681242,-3.108296854812051,-43.40309120301816,37.85309402139583,3.075966870017766,-3.013797746831923,-36.93814772185551,84.65553012649548,6.071350188659831,-6.071350188659831,-84.65553012649548,32.136173411605824,2.5208707138721653,-1.2179888808996644,-12.87422501649406,51.485410096038855,3.828942099320254,-3.006069362706043,-39.31996900438932,-43.40309120301816,-36.93814772185551,hourly_window_mean_factor_top_available_analogs,4,1230.871180394737,,1230.871180394737,0.0,41.25243892347732,-24.06392270536145,2.0343960434394448e-13,41.25243892347732,-24.06392270536145,2.0343960434394448e-13,84.65553012649548,12.874225016494059,39.31996900438932,45.05885903828516,3.219608649681242,84.65553012649548,6.071350188659831,37.85309402139583,3.075966870017766,32.136173411605824,2.5208707138721653,51.485410096038855,3.828942099320254,5.716920609790009,0.5550961561456007,-2.8517415389785885,-0.7000545736369963,84.65553012649548,12.874225016494059,39.31996900438932
experiment_2026_06_15_11_12,SEN_demand_PEN,2024-12-31,New Year's Eve,H2,G,observance_tier,True,2024-12-31,12,True,True,6,False,2,6,6,pearson,RidgeReg,standard,2,{},2024-12-30 10:00:00,2025-01-01,29.97515639317014,1.7993797895472663,105.771598,6.559,,14,24,4,4,6,4,0.07779895165290507,1656.1075660403385,1607.0822842744303,29.97515639317014,1.7993797895472663,1.4405278639992123,23.879890538608773,19.32832637716862,1.1193196941193484,0.8471498163729864,14.286701646675738,36.18580723583769,2.196081511880218,1.786665058447844,29.47591739223638,53.99873741178529,3.1342206344563155,3.070125270312481,52.84191136674789,47.583299492128184,2.8839886055271733,0.4100298573307571,6.985378388861079,49.9468818835808,2.976179353027384,1.3900650094819194,23.87989053860885,14.286701646675738,29.47591739223638,hourly_window_mean_factor_top_available_analogs,4,1676.5554809210525,,1676.5554809210525,0.0,-38.55520972007215,22.4905390033753,-7.778573107268465e-14,-38.55520972007215,22.4905390033753,-7.778573107268465e-14,-52.84191136674789,-6.985378388861079,-23.87989053860885,19.32832637716862,1.1193196941193484,53.99873741178529,3.1342206344563155,36.18580723583769,2.196081511880218,47.583299492128184,2.8839886055271733,49.9468818835808,2.976179353027384,-11.39749225629049,-0.6879070936469551,-2.0149009403369673,-1.1767995634801176,52.84191136674789,6.985378388861079,23.87989053860885
experiment_2026_06_15_11_12,SEN_demand_PEN,2025-01-01,New Year's Day,H3,H,observance_tier,True,2025-01-01,12,True,True,6,False,2,6,6,pearson,RidgeReg,standard,2,{},2024-12-31 10:00:00,2025-01-02,26.820030761129896,1.699968307470207,95.527891,5.675,,14,24,4,4,6,4,0.07119776953480543,1594.2974871611693,1528.0308663414216,26.820030761129896,1.699968307470207,-0.8584112471620373,-13.415513740116497,15.17328988285031,0.8899903029023667,0.21339044219751718,4.125322862120876,33.61396294012632,2.172455476801447,-1.483628899288444,-23.647668424754965,38.30292493989032,2.2716935507917966,1.0594697221420524,17.896233906658058,44.08134848575825,2.9834482346522475,-2.1563214586972888,-31.680699867401984,41.95245560043848,2.7212228248089234,-0.9715562868091104,-13.415513740116706,4.125322862120876,-23.647668424754965,hourly_window_mean_factor_top_available_analogs,4,1334.5939683552633,,1334.5939683552633,0.0,-13.770911044537181,8.03303144264702,2.0942312211876637e-13,-13.770911044537181,8.03303144264702,2.0942312211876637e-13,-17.896233906658058,31.680699867401984,13.415513740116706,15.17328988285031,0.8899903029023667,38.30292493989032,2.2716935507917966,33.61396294012632,2.172455476801447,44.08134848575825,2.9834482346522475,41.95245560043848,2.7212228248089234,-10.467385545631927,-0.8109927578508005,-1.3817032478894298,-1.0212545173387164,17.896233906658058,31.680699867401984,13.415513740116706
experiment_2026_06_15_11_12,SEN_demand_PEN,2025-02-03,Constitution Day,H2,H,observance_tier,True,2025-02-03,12,True,True,6,False,2,6,6,pearson,RidgeReg,standard,2,{},2025-02-02 10:00:00,2025-02-04,78.87563158274567,4.610367118053452,83.83801,5.287,,14,24,4,4,6,4,0.07391899497764966,1569.249972832061,1556.9799775135577,78.87563158274567,4.610367118053452,3.829162481423756,67.63821032583341,78.11991872707848,4.573950316387072,2.5825847839137483,49.52046305050395,79.31646408188485,4.63161025235884,4.55633280497126,78.20689623644229,70.90150566859381,4.054040605653957,3.6481221513874575,65.08844270594508,69.63357660886219,4.0666166184310555,4.032043680893893,69.1255747707687,70.10070836771068,4.061983350565809,3.8905989068652067,67.63821032583368,49.52046305050395,78.20689623644229,hourly_window_mean_factor_top_available_analogs,4,1720.474300394737,,1720.474300394737,0.0,-15.567979655441134,9.081321465673597,-2.5130774654251967e-13,-15.567979655441134,9.081321465673597,-2.5130774654251967e-13,-65.08844270594508,-69.1255747707687,-67.63821032583367,78.11991872707848,4.573950316387072,70.90150566859381,4.054040605653957,79.31646408188485,4.63161025235884,69.63357660886219,4.0666166184310555,70.10070836771068,4.061983350565809,9.68288747302266,0.5649936339277843,0.5199097107331152,0.5483837674876426,65.08844270594508,69.1255747707687,67.63821032583367
experiment_2026_06_15_11_12,SEN_demand_PEN,2025-03-17,Benito Juarez's Birthday,H2,H,observance_tier,True,2025-03-17,12,True,True,6,False,2,6,6,pearson,RidgeReg,standard,2,{},2025-03-16 10:00:00,2025-03-18,192.37964860887237,11.24680548944505,67.481793,4.2,,14,24,4,4,6,4,0.07475677729071233,2011.3412638720301,1982.6966707640674,192.37964860887237,11.24680548944505,-11.24680548944505,-192.37964860887237,67.66238134282382,3.4819237271375676,-3.4819237271375676,-67.66238134282382,265.1313878474006,15.776319850791083,-15.776319850791083,-265.1313878474006,60.81571307944408,3.2336004969145797,-2.5640748404735705,-45.84541397646141,278.67887658545635,16.72785028309737,-16.6904285303178,-277.85795214444516,198.41350055692547,11.75628457239845,-11.485982434059398,-192.37964860887217,-67.66238134282382,-265.1313878474006,hourly_window_mean_factor_top_available_analogs,4,2022.9320319078952,,2022.9320319078952,0.0,-21.816967366362423,12.726564297044556,-1.1967035549643792e-13,-21.816967366362423,12.726564297044556,-1.1967035549643792e-13,45.8454139764614,277.85795214444516,192.37964860887226,67.66238134282382,3.4819237271375676,60.81571307944408,3.2336004969145797,265.1313878474006,15.776319850791083,278.67887658545635,16.72785028309737,198.41350055692547,11.75628457239845,-13.547488738055733,-0.9515304323062885,0.24832323022298786,-0.5094790829533995,45.8454139764614,277.85795214444516,192.37964860887226
experiment_2026_06_15_11_12,SEN_demand_PEN,2025-04-17,Maundy Thursday,H1,G,observance_tier,True,2025-04-17,12,True,True,6,False,2,6,6,pearson,RidgeReg,standard,2,{},2025-04-16 10:00:00,2025-04-18,80.36647310001547,4.356836606335495,71.4625,4.362,,14,24,4,4,6,4,0.07384558945096037,1759.2184508952923,1685.9922427628944,80.36647310001547,4.356836606335495,2.977825983785799,56.2222912099709,21.67342118332088,1.16581271982881,-0.2080561779216876,-2.5714484079741817,114.60408671808732,6.218267206797729,4.836257244781834,90.51863932043887,55.96043878694093,3.100368028842639,-1.1631117707583702,-17.218242259353133,119.91599015668508,6.3561929483841615,5.067343324460326,99.06260240040983,96.35341859941092,5.156678504342548,2.77191249990607,56.22229120997085,-2.5714484079741817,90.51863932043887,hourly_window_mean_factor_top_available_analogs,4,1789.407032236842,,1789.407032236842,0.0,14.64679385137895,-8.54396307997096,5.983517774821896e-14,14.64679385137895,-8.54396307997096,5.983517774821896e-14,17.218242259353133,-99.06260240040983,-56.22229120997084,21.67342118332088,1.16581271982881,55.96043878694093,3.100368028842639,114.60408671808732,6.218267206797729,119.91599015668508,6.3561929483841615,96.35341859941092,5.156678504342548,-5.311903438597767,-0.13792574158643234,-1.934555309013829,-0.7998418980070525,17.218242259353133,99.06260240040983,56.22229120997084
experiment_2026_06_15_11_12,SEN_demand_PEN,2025-04-18,Good Friday,H2,G,observance_tier,True,2025-04-18,12,True,True,6,False,2,6,6,pearson,RidgeReg,standard,2,{},2025-04-17 10:00:00,2025-04-19,51.97428152346052,2.7932746652033287,74.117676,4.486,,14,24,4,4,6,4,0.07002745969049917,1760.9215802945312,1723.3157440645182,51.97428152346052,2.7932746652033287,2.0440138345456487,40.241735758100084,28.949159008278325,1.489469634930886,1.390681696641792,27.292431168302592,65.40560299065014,3.5538275995289204,2.4251242483228985,47.79549676881529,48.0124984743136,2.677716754644684,-0.6067807091432869,-6.713963957910421,91.89141418668937,4.774838652855377,3.191775644828187,67.63256059244006,75.72549787160357,4.0022147956198575,1.7923075144176441,40.24173575810041,27.292431168302592,47.79549676881529,hourly_window_mean_factor_top_available_analogs,4,1869.8462690131578,,1869.8462690131578,0.0,34.006395126213015,-19.83706382362477,-3.231099598403824e-13,34.006395126213015,-19.83706382362477,-3.231099598403824e-13,6.713963957910423,-67.63256059244006,-40.241735758100404,28.949159008278325,1.489469634930886,48.0124984743136,2.677716754644684,65.40560299065014,3.5538275995289204,91.89141418668937,4.774838652855377,75.72549787160357,4.0022147956198575,-26.485811196039236,-1.2210110533264564,-1.1882471197137978,-1.2089401304165288,6.713963957910423,67.63256059244006,40.241735758100404
experiment_2026_06_15_11_12,SEN_demand_PEN,2025-04-19,Holy Saturday,H3,G,observance_tier,True,2025-04-19,12,True,True,6,False,2,7,6,pearson,RidgeReg,standard,2,{},2025-04-18 10:00:00,2025-04-20,151.54984085538644,8.178422551576892,74.679999,4.541,,14,24,4,4,6,4,0.07002745969049917,1682.838834969523,1642.529668362975,151.54984085538644,8.178422551576892,7.9067537732773285,147.37223081995057,86.0759823725774,4.380748858336186,3.643362174380234,74.73675513353722,189.74292497035842,10.3937322059673,10.3937322059673,189.74292497035842,116.65829683215648,6.208930836530986,1.9459886022595234,49.73115229159782,204.32952662815637,10.835694967560121,10.835694967560121,204.32952662815637,172.02959986120908,9.131097656128336,7.560539990870428,147.37223081995063,74.73675513353722,189.74292497035842,hourly_window_mean_factor_top_available_analogs,4,1869.8462690131576,,1869.8462690131576,0.0,25.005602841939385,-14.586601657797976,0.0,25.005602841939385,-14.586601657797976,0.0,-49.73115229159783,-204.3295266281564,-147.37223081995057,86.0759823725774,4.380748858336186,116.65829683215648,6.208930836530986,189.74292497035842,10.3937322059673,204.32952662815637,10.835694967560121,172.02959986120908,9.131097656128336,-14.586601657797956,-0.441962761592821,-1.8281819781948005,-0.9526751045514441,49.73115229159783,204.3295266281564,147.37223081995057
experiment_2026_06_15_11_12,SEN_demand_PEN,2025-05-01,Labor Day,H2,F,observance_tier,True,2025-05-01,12,True,True,7,False,2,8,7,pearson,RidgeReg,standard,2,{},2025-04-30 10:00:00,2025-05-02,59.49208413532081,2.7825587799502696,87.439708,5.262,,14,24,4,4,7,4,0.07023186977182283,2046.4396464051147,2016.4009516351596,59.49208413532081,2.7825587799502696,1.0946076494602253,24.723989384359008,68.22153827496209,3.031292219724347,3.031292219724347,68.22153827496209,54.3999025538634,2.6374642734153912,-0.03512501652717873,-0.6495808018261187,74.16258654321094,3.274643246311371,3.220270945637849,73.10575343902549,66.0505647646844,3.3455768948336613,-0.5552811961753741,-3.498706314196435,69.03920436729943,3.319443445378081,0.8357116981768657,24.723989384359008,68.22153827496209,-0.6495808018261187,hourly_window_mean_factor_top_available_analogs,4,1752.1114278289472,,1752.1114278289472,0.0,-4.8842151640633995,2.8491255123703163,0.0,-4.8842151640633995,2.8491255123703163,0.0,-73.10575343902549,3.498706314196435,-24.723989384359008,68.22153827496209,3.031292219724347,74.16258654321094,3.274643246311371,54.3999025538634,2.6374642734153912,66.0505647646844,3.3455768948336613,69.03920436729943,3.319443445378081,-11.650662210820997,-0.70811262141827,-0.24335102658702423,-0.5368846654278112,73.10575343902549,3.498706314196435,24.723989384359008
experiment_2026_06_15_11_12,SEN_demand_PEN,2025-09-16,Independence Day,H2,H,observance_tier,True,2025-09-16,12,True,True,7,False,2,8,7,pearson,RidgeReg,standard,2,{},2025-09-15 10:00:00,2025-09-17,127.54810394229462,6.453860844849078,85.263711,4.977,,14,24,4,4,7,4,0.07906909119544249,1806.6481384261267,1742.4673070149474,127.54810394229462,6.453860844849078,6.453860844849078,127.54810394229462,170.4917062975667,8.259038978631482,8.259038978631482,170.4917062975667,102.49766923505251,5.400840266809344,5.400840266809344,102.49766923505251,225.5868481514652,10.849485989647032,10.849485989647032,225.5868481514652,74.75956181251573,3.8436193653611945,3.5608590279229375,70.3588364869447,130.32750941107605,6.424728121677031,6.246142645400237,127.54810394229435,170.4917062975667,102.49766923505251,hourly_window_mean_factor_top_available_analogs,4,2019.634716907895,,2019.634716907895,0.0,-55.095141853898554,32.1388327481078,1.9745608656912259e-13,-55.095141853898554,32.1388327481078,1.9745608656912259e-13,-225.58684815146526,-70.35883648694471,-127.54810394229442,170.4917062975667,8.259038978631482,225.5868481514652,10.849485989647032,102.49766923505251,5.400840266809344,74.75956181251573,3.8436193653611945,130.32750941107605,6.424728121677031,27.738107422536785,1.5572209014481495,-2.5904470110155504,0.029132723172047292,225.58684815146526,70.35883648694471,127.54810394229442
experiment_2026_06_15_11_12,SEN_demand_PEN,2025-11-17,Mexican Revolution Day,H2,F,observance_tier,True,2025-11-17,12,True,True,8,False,2,8,8,pearson,RidgeReg,standard,2,{},2025-11-16 10:00:00,2025-11-18,33.68612201556132,2.0575447323446343,92.188246,5.254,,14,24,4,4,8,4,0.08557175999219786,1625.5434470771318,1636.033937602763,33.68612201556132,2.0575447323446343,0.8550530129347768,15.297769501815752,49.6203031936249,2.973290612490256,2.063104226513404,36.95276096680792,24.391182995024234,1.523359635593021,0.15035647168057678,2.665691147236989,39.9999284009314,2.512145909290457,-0.12377905484817621,3.124555434579309,29.215273953431176,1.6844273946594086,1.2203851012769356,22.398811041036794,33.188567697247045,1.9893763211024265,0.7251667279676838,15.297769501815615,36.95276096680792,2.665691147236989,hourly_window_mean_factor_top_available_analogs,4,1682.152084868421,,1682.152084868421,0.0,33.82820553222861,-19.733119893799806,1.3762090882090361e-13,33.82820553222861,-19.733119893799806,1.3762090882090361e-13,-3.124555434579314,-22.398811041036794,-15.297769501815615,49.6203031936249,2.973290612490256,39.9999284009314,2.512145909290457,24.391182995024234,1.523359635593021,29.215273953431176,1.6844273946594086,33.188567697247045,1.9893763211024265,-4.824090958406941,-0.1610677590663876,0.46114470319979883,0.06816841124220785,3.124555434579314,22.398811041036794,15.297769501815615
experiment_2026_06_15_11_12,SEN_demand_PEN,2025-12-24,Christmas Eve,H1,G,observance_tier,True,2025-12-24,12,True,True,8,False,2,8,8,pearson,RidgeReg,standard,2,{},2025-12-23 10:00:00,2025-12-25,43.91335700971519,2.604401491006831,89.584065,5.06,,14,24,4,4,8,4,0.06283953596892071,1767.7517024708995,1726.5158493989845,43.91335700971519,2.604401491006831,-2.2356506102043356,-37.6325966814257,29.827836209473162,1.7521317694733551,-1.5997863408406354,-26.908032737039612,52.129910809856376,3.101558828568025,-2.6065714339998274,-43.888592315650925,46.412971637760656,2.653239973914521,-2.2823407774196816,-39.26794764145812,52.935611331163784,3.179917896051078,-2.2061705355645955,-36.67864195474044,50.532533549383686,2.985878661579715,-2.234233256248048,-37.6325966814259,-26.908032737039612,-43.888592315650925,hourly_window_mean_factor_top_available_analogs,4,1727.1369384210527,,1727.1369384210527,0.0,12.359914904418506,-7.209950360910483,1.9745608656912259e-13,12.359914904418506,-7.209950360910483,1.9745608656912259e-13,39.26794764145812,36.67864195474044,37.6325966814259,29.827836209473162,1.7521317694733551,46.412971637760656,2.653239973914521,52.129910809856376,3.101558828568025,52.935611331163784,3.179917896051078,50.532533549383686,2.985878661579715,-0.8057005213074078,-0.07835906748305277,-0.901108204441166,-0.3814771705728841,39.26794764145812,36.67864195474044,37.6325966814259
experiment_2026_06_15_11_12,SEN_demand_PEN,2025-12-25,Christmas Day,H2,H,observance_tier,True,2025-12-25,12,True,True,8,False,2,8,8,pearson,RidgeReg,standard,2,{},2025-12-24 10:00:00,2025-12-26,184.87153895906772,12.516496263246902,87.617727,4.938,,14,24,4,4,8,4,0.0772613265093585,1745.0380668538048,1706.948718441706,184.87153895906772,12.516496263246902,-12.516496263246902,-184.87153895906772,94.6099419888303,5.54961927542339,-5.54961927542339,-94.6099419888303,237.52413719170622,16.58050783947729,-16.58050783947729,-237.52413719170622,147.90641566282798,8.586091749476507,-8.586091749476507,-147.90641566282798,206.43452754854138,14.352370775147401,-14.352370775147401,-206.43452754854138,184.871538959068,12.227952186742334,-12.227952186742334,-184.871538959068,-94.6099419888303,-237.52413719170622,hourly_window_mean_factor_top_available_analogs,4,1611.7007025657895,,1611.7007025657895,0.0,53.29647367399765,-31.089609643164817,3.051594065159167e-13,53.29647367399765,-31.089609643164817,3.051594065159167e-13,147.90641566282795,206.4345275485414,184.87153895906803,94.6099419888303,5.54961927542339,147.90641566282798,8.586091749476507,237.52413719170622,16.58050783947729,206.43452754854138,14.352370775147401,184.871538959068,12.227952186742334,31.089609643164835,2.2281370643298875,-3.0364724740531175,0.2885440765045679,147.90641566282795,206.4345275485414,184.87153895906803
experiment_2026_06_15_11_12,SEN_demand_PEN,2025-12-31,New Year's Eve,H1,G,observance_tier,True,2025-12-31,12,True,True,8,False,2,8,8,pearson,RidgeReg,standard,2,{},2025-12-30 10:00:00,2026-01-01,187.30270465184637,13.366241860819516,91.203549,5.236,,14,24,4,4,8,4,0.06483425496531406,1640.5065670202673,1590.022114720854,187.30270465184637,13.366241860819516,-13.366241860819516,-187.30270465184637,99.0692873906903,6.06628095159987,-6.06628095159987,-99.0692873906903,238.77219805418738,17.624552391197643,-17.624552391197643,-238.77219805418738,93.19479416791205,5.715766694416807,-5.715766694416807,-93.19479416791205,242.19898576747457,17.88478063478838,-17.88478063478838,-242.19898576747457,187.30270465184626,13.401459709388327,-13.401459709388327,-187.30270465184626,-99.0692873906903,-238.77219805418738,hourly_window_mean_factor_top_available_analogs,4,1489.679803881579,,1489.679803881579,0.0,-5.874493222778256,3.426787713287174,-8.975276662232845e-14,-5.874493222778256,3.426787713287174,-8.975276662232845e-14,93.19479416791205,242.19898576747457,187.30270465184628,99.0692873906903,6.06628095159987,93.19479416791205,5.715766694416807,238.77219805418738,17.624552391197643,242.19898576747457,17.88478063478838,187.30270465184626,13.401459709388327,-3.426787713287183,-0.2602282435907384,0.35051425718306284,-0.03521784856881105,93.19479416791205,242.19898576747457,187.30270465184628
experiment_2026_06_15_11_12,SEN_demand_PEN,2026-01-01,New Year's Day,H3,H,observance_tier,True,2026-01-01,12,True,True,4,False,2,8,4,euclidian,PCR,standard,2,{},2025-12-31 10:00:00,2026-01-02,232.3908556931123,20.157879596112526,104.162258,6.151,,14,24,4,4,4,4,0.060520074536837144,1461.0601693773226,1442.696812570357,232.3908556931123,20.157879596112526,-20.157879596112526,-232.3908556931123,115.80600676069244,8.50167931634081,-8.50167931634081,-115.80600676069244,300.39868423702393,26.9573297593127,-26.9573297593127,-300.39868423702393,119.81406644450976,8.897493100073445,-8.897493100073445,-119.81406644450976,298.06064942146344,26.849188695602077,-26.849188695602077,-298.06064942146344,232.39085569311212,20.235406107775738,-20.235406107775738,-232.39085569311212,-115.80600676069244,-300.39868423702393,hourly_window_mean_factor_top_available_analogs,4,1524.7941113157895,,1524.7941113157895,0.0,4.008059683817318,-2.338034815560538,-2.7524181764180723e-13,4.008059683817318,-2.338034815560538,-2.7524181764180723e-13,119.81406644450976,298.0606494214634,232.390855693112,115.80600676069244,8.50167931634081,119.81406644450976,8.897493100073445,300.39868423702393,26.9573297593127,298.06064942146344,26.849188695602077,232.39085569311212,20.235406107775738,2.3380348155604906,0.10814106371062238,-0.39581378373263476,-0.077526511663212,119.81406644450976,298.0606494214634,232.390855693112
experiment_2026_06_15_11_12,SEN_demand_PEN,2026-02-02,Constitution Day,H2,H,observance_tier,True,2026-02-02,12,True,True,8,False,2,8,8,pearson,RidgeReg,standard,2,{},2026-02-01 10:00:00,2026-02-03,107.97486144846526,10.327956885459717,96.43451,6.244,,14,24,4,4,8,4,0.09845810893610987,1183.75286092215,1177.476866561065,107.97486144846526,10.327956885459717,-10.327956885459717,-107.97486144846526,96.75563339829439,9.117293266227657,-9.117293266227657,-96.75563339829439,114.5194111443983,11.03417733001175,-11.03417733001175,-114.5194111443983,131.29239942564138,12.66308887051608,-12.66308887051608,-131.29239942564138,94.37296429511325,9.358671639082418,-9.358671639082418,-94.37296429511325,107.97486144846572,10.576088513821139,-10.576088513821139,-107.97486144846572,-96.75563339829439,-114.5194111443983,hourly_window_mean_factor_top_available_analogs,4,1224.0269742105263,,1224.0269742105263,0.0,34.53676602734698,-20.146446849285052,4.338050386745875e-13,34.53676602734698,-20.146446849285052,4.338050386745875e-13,131.29239942564138,94.37296429511325,107.9748614484657,96.75563339829439,9.117293266227657,131.29239942564138,12.66308887051608,114.5194111443983,11.03417733001175,94.37296429511325,9.358671639082418,107.97486144846572,10.576088513821139,20.146446849285056,1.6755056909293309,-3.5457956042884238,-0.24813162836142233,131.29239942564138,94.37296429511325,107.9748614484657
experiment_2026_06_15_11_12,SEN_demand_PEN,2026-03-16,Benito Juarez's Birthday,H2,H,observance_tier,True,2026-03-16,12,True,True,5,False,2,8,5,pearson,RidgeReg,minmax,2,{},2026-03-15 10:00:00,2026-03-17,158.09264098011457,7.957821264319862,98.59746,6.73,,14,24,4,4,5,4,0.08179982580033855,1789.894625448927,1769.5846247671832,158.09264098011457,7.957821264319862,5.2619851745355355,115.74912823528341,150.2308665469107,7.945906596312848,0.6286372097553843,35.29847481094047,162.67867606615013,7.964771487323955,7.964771487323955,162.67867606615013,122.21335665335053,6.260694240388574,2.1089206998592283,57.6597141808001,149.63461976706557,7.425673748878396,7.425673748878396,149.63461976706557,139.53204914622313,6.996470772066357,5.466869993976599,115.74912823528355,35.29847481094047,162.67867606615013,hourly_window_mean_factor_top_available_analogs,4,1974.116358881579,,1974.116358881579,0.0,-22.361239369859636,13.044056299084579,-1.3163739104608172e-13,-22.361239369859636,13.044056299084579,-1.3163739104608172e-13,-57.65971418080011,-149.63461976706554,-115.74912823528354,150.2308665469107,7.945906596312848,122.21335665335053,6.260694240388574,162.67867606615013,7.964771487323955,149.63461976706557,7.425673748878396,139.53204914622313,6.996470772066357,13.04405629908456,0.5390977384455589,1.685212355924274,0.961350492253505,57.65971418080011,149.63461976706554,115.74912823528354
experiment_2026_06_15_11_12,SEN_demand_PEN,2026-04-02,Maundy Thursday,H1,G,observance_tier,True,2026-04-02,12,True,True,5,False,2,8,5,pearson,RidgeReg,minmax,2,{},2026-04-01 10:00:00,2026-04-03,131.58528206075488,7.540205206846097,100.228292,6.77,,14,24,4,4,5,4,0.08984045125188095,1890.8370110530423,1869.7048782291865,131.58528206075488,7.540205206846097,-6.865030376128088,-119.04469842146385,52.56731434344355,2.6953978782928334,-0.8627804806296699,-18.528587322510766,177.67909656251982,10.366342815168833,-10.366342815168833,-177.67909656251982,60.06983343753033,3.0649583621276553,-1.7624399916808606,-36.344846432646186,168.23228793458523,9.751623666269143,-9.697016522993847,-167.2862787482733,128.382962593565,7.288115396322279,-6.773751485141695,-119.04469842146332,-18.528587322510766,-177.67909656251982,hourly_window_mean_factor_top_available_analogs,4,1821.4179290789473,,1821.4179290789473,0.0,17.816259110135416,-10.392817814246504,-5.325330819591488e-13,17.816259110135416,-10.392817814246504,-5.325330819591488e-13,36.34484643264618,167.2862787482733,119.04469842146332,52.56731434344355,2.6953978782928334,60.06983343753033,3.0649583621276553,177.67909656251982,10.366342815168833,168.23228793458523,9.751623666269143,128.382962593565,7.288115396322279,9.446808627934587,0.6147191488996899,-0.3695604838348219,0.2520898105238176,36.34484643264618,167.2862787482733,119.04469842146332
experiment_2026_06_15_11_12,SEN_demand_PEN,2026-04-03,Good Friday,H2,G,observance_tier,True,2026-04-03,12,True,True,4,False,2,8,4,pearson,PCR,minmax,2,{},2026-04-02 10:00:00,2026-04-04,60.84318710661158,3.683416162842357,103.652606,6.935,,14,24,4,4,4,4,0.0851632633666508,1647.1004769722895,1589.4841274522717,60.84318710661158,3.683416162842357,-1.216774509803475,-18.300206709131764,66.74389932396355,3.8366481720354355,-1.8892082506592136,-33.38341686374891,57.40110497982295,3.594030824146396,-0.8245214943042942,-9.50166745227176,62.177123081388004,3.578347246690179,-1.5565761467054124,-27.567696948013545,55.99057470084398,3.5198984634485377,-1.0649280360517543,-12.894170736450425,58.2698293673602,3.5414322256954582,-1.2460615505031019,-18.300206709131572,-33.38341686374891,-9.50166745227176,hourly_window_mean_factor_top_available_analogs,4,1706.4457782894735,,1706.4457782894735,0.0,-5.815719915735372,3.3925032841786638,-1.9147256879430067e-13,-5.815719915735372,3.3925032841786638,-1.9147256879430067e-13,27.56769694801354,12.894170736450425,18.300206709131572,66.74389932396355,3.8366481720354355,62.177123081388004,3.578347246690179,57.40110497982295,3.594030824146396,55.99057470084398,3.5198984634485377,58.2698293673602,3.5414322256954582,1.4105302789789675,0.07413236069785833,0.2583009253452566,0.14198393714689894,27.56769694801354,12.894170736450425,18.300206709131572
experiment_2026_06_15_11_12,SEN_demand_PEN,2026-04-04,Holy Saturday,H3,G,observance_tier,True,2026-04-04,12,True,True,5,False,2,9,5,pearson,RidgeReg,minmax,2,{},2026-04-03 10:00:00,2026-04-05,236.85204884722924,13.645159813036365,105.147192,7.144,,14,24,4,4,5,4,0.0743178091199887,1449.6218144726997,1417.6279745006175,236.85204884722924,13.645159813036365,13.197159673258751,230.79277473782656,168.72084101496634,9.63701314300492,8.421012763608536,152.2742398608734,276.5952534160493,15.98324537055471,15.98324537055471,276.5952534160493,156.33046300845425,8.960753520681406,7.707749993466562,139.38295445117754,284.11516990503856,16.593858862279635,16.593858862279635,284.11516990503856,237.03659367998117,13.781662157480289,13.320029279032715,230.7927747378266,152.2742398608734,276.5952534160493,hourly_window_mean_factor_top_available_analogs,4,1515.4718917105263,,1515.4718917105263,0.0,12.891285409695845,-7.519916488989272,-1.7950553324465688e-14,12.891285409695845,-7.519916488989272,-1.7950553324465688e-14,-139.38295445117754,-284.11516990503856,-230.7927747378266,168.72084101496634,9.63701314300492,156.33046300845425,8.960753520681406,276.5952534160493,15.98324537055471,284.11516990503856,16.593858862279635,237.03659367998117,13.781662157480289,-7.519916488989281,-0.6106134917249246,0.6762596223235136,-0.13650234444392417,139.38295445117754,284.11516990503856,230.7927747378266
experiment_2026_06_15_11_12,SEN_demand_PEN,2026-05-01,Labor Day,H2,F,observance_tier,True,2026-05-01,12,True,True,10,False,2,10,10,euclidian,RidgeReg,minmax,2,{},2026-04-30 10:00:00,2026-05-02,93.92304592779341,4.00193945921869,120.261771,8.087,,14,24,4,4,10,4,0.06300887237114412,2207.8003769959973,2163.52723107569,93.92304592779341,4.00193945921869,3.194808933419555,77.6251593197917,81.72903769552032,3.379013004299831,1.9153796523300965,51.60695356918882,101.03621739661939,4.365313224588025,3.9411426807217396,92.80244600764338,132.04522483093578,5.617340789768436,1.515007703653637,47.95498454949859,152.49750452751024,6.513389115764594,3.535004821589601,94.9327612691301,144.96245411298284,6.183266048292324,2.790795357086877,77.62515931979219,51.60695356918882,92.80244600764338,hourly_window_mean_factor_top_available_analogs,4,1402.211745394737,,1402.211745394737,0.0,3.6519690196902275,-2.1303152614867145,-4.726979042109298e-13,3.6519690196902275,-2.1303152614867145,-4.726979042109298e-13,-47.95498454949859,-94.9327612691301,-77.62515931979217,81.72903769552032,3.379013004299831,132.04522483093578,5.617340789768436,101.03621739661939,4.365313224588025,152.49750452751024,6.513389115764594,144.96245411298284,6.183266048292324,-51.46128713089085,-2.1480758911765685,-2.238327785468605,-2.1813265890736337,47.95498454949859,94.9327612691301,77.62515931979217
experiment_2026_06_15_11_12,SEN_demand_SIN,2023-02-06,Constitution Day,H2,H,observance_tier,True,2023-02-06,12,True,True,2,False,2,2,2,euclidian,RidgeReg,standard,2,{},2023-02-05 10:00:00,2023-02-07,608.4133140178355,2.131524388762461,1269.370919,4.229,,14,24,2,4,2,2,0.07633217775919819,29464.055143138597,29268.93149675071,608.4133140178355,2.131524388762461,-1.9085445419807505,-537.9378336649137,783.7480444067098,2.7211241603816387,-2.651045891794436,-762.6812083749735,506.1347212909923,1.7875911886512743,-1.4754187545894324,-406.83753175071223,2365.785353616611,8.30233406648302,-8.30233406648302,-2365.785353616611,1036.291822636477,3.602430059193224,1.6637653166132071,528.306552973578,1526.1052287870525,5.333973640826306,-2.007955508738034,-537.9378336649125,-762.6812083749735,-406.83753175071223,hourly_window_mean_factor_top_available_analogs,2,27922.3733581579,,27922.3733581579,0.0,1603.1041452416373,-935.1440847242902,-1.148835412765804e-12,1603.1041452416373,-935.1440847242902,-1.148835412765804e-12,2365.785353616611,-528.3065529735779,537.9378336649125,783.7480444067098,2.7211241603816387,2365.785353616611,8.30233406648302,506.1347212909923,1.7875911886512743,1036.291822636477,3.602430059193224,1526.1052287870525,5.333973640826306,-530.1571013454848,-1.8148388705419498,-5.581209906101382,-3.202449252063845,2365.785353616611,528.3065529735779,537.9378336649125
experiment_2026_06_15_11_12,SEN_demand_SIN,2023-03-20,Benito Juarez's Birthday,H2,H,observance_tier,True,2023-03-20,12,True,True,2,False,2,2,2,euclidian,RidgeReg,standard,2,{},2023-03-19 10:00:00,2023-03-21,952.7703566242566,3.127172853834879,1296.119002,4.327,,14,24,2,4,2,2,0.06810797036318929,30926.882414262865,30847.743624836385,952.7703566242566,3.127172853834879,-3.0470516202402003,-929.0598795260184,536.5124296891853,1.7073864615598484,-1.4899145418028625,-472.15542042253816,1195.5874806697152,3.9553815826619787,-3.9553815826619787,-1195.5874806697152,699.1566740910564,2.239244545088346,-2.239244545088346,-699.1566740910564,1063.170082696419,3.4881178099940726,-3.4881178099940726,-1063.170082696419,929.0598795260222,3.0280066071340683,-3.0280066071340683,-929.0598795260222,-472.15542042253816,-1195.5874806697152,hourly_window_mean_factor_top_available_analogs,2,30480.401392631582,,30480.401392631582,0.0,227.00125366851822,-132.41739797329623,3.8294513758860134e-12,227.00125366851822,-132.41739797329623,3.8294513758860134e-12,699.1566740910564,1063.170082696419,929.0598795260223,536.5124296891853,1.7073864615598484,699.1566740910564,2.239244545088346,1195.5874806697152,3.9553815826619787,1063.170082696419,3.4881178099940726,929.0598795260222,3.0280066071340683,132.41739797329615,0.4672637726679061,-0.5318580835284974,0.09916624670081076,699.1566740910564,1063.170082696419,929.0598795260223
experiment_2026_06_15_11_12,SEN_demand_SIN,2023-04-06,Maundy Thursday,H1,G,observance_tier,True,2023-04-06,12,True,True,2,False,2,2,2,euclidian,RidgeReg,standard,2,{},2023-04-05 10:00:00,2023-04-07,1072.977372764396,2.9607513268704624,1246.79557,4.207,,14,24,2,4,2,2,0.0738604061106017,35354.027729340865,33558.80144198349,1072.977372764396,2.9607513268704624,2.9607513268704624,1072.977372764396,890.9947530464794,2.2462816305886952,2.2462816305886952,890.9947530464794,1179.1339009331807,3.377525316368159,3.377525316368159,1179.1339009331807,587.3443288807727,1.478114494896966,1.4387138896931826,572.4282918337132,1364.9643366406326,3.9341032445771673,3.9341032445771673,1364.9643366406326,1078.4727548343683,3.029265284168672,3.0147492717251723,1072.9773727643992,890.9947530464794,1179.1339009331807,hourly_window_mean_factor_top_available_analogs,2,32071.827837763158,,32071.827837763158,0.0,318.5664612127662,-185.8304357074518,-3.0635611007088107e-12,318.5664612127662,-185.8304357074518,-3.0635611007088107e-12,-572.4282918337133,-1364.9643366406326,-1072.977372764399,890.9947530464794,2.2462816305886952,587.3443288807727,1.478114494896966,1179.1339009331807,3.377525316368159,1364.9643366406326,3.9341032445771673,1078.4727548343683,3.029265284168672,-185.8304357074519,-0.5565779282090082,0.7681671356917292,-0.06851395729820942,572.4282918337133,1364.9643366406326,1072.977372764399
experiment_2026_06_15_11_12,SEN_demand_SIN,2023-04-07,Good Friday,H2,G,observance_tier,True,2023-04-07,12,True,True,2,False,2,2,2,euclidian,RidgeReg,standard,2,{},2023-04-06 10:00:00,2023-04-08,443.87672266116465,1.3501755566955067,1124.000156,3.748,,14,24,2,4,2,2,0.0738604061106017,32077.299958081592,30384.79935818138,443.87672266116465,1.3501755566955067,0.6121460117179284,221.30189112893794,584.7909236369206,1.6339244895374534,1.3885337936470952,501.41668780376233,361.67677209197365,1.1846553458710374,0.15925313892591417,57.9015930686237,369.62313816708047,1.026213389076076,0.8892000448143922,321.5105294124483,643.5759061681312,2.1087196484871544,0.4797399667082818,162.84685213021854,542.6459390098494,1.7099015529146517,0.6305936796947436,221.30189112893478,501.41668780376233,57.9015930686237,hourly_window_mean_factor_top_available_analogs,2,32071.827837763158,,32071.827837763158,0.0,179.90615839131402,-104.94525906159485,3.1592973851059614e-12,179.90615839131402,-104.94525906159485,3.1592973851059614e-12,-321.5105294124483,-162.84685213021856,-221.30189112893478,584.7909236369206,1.6339244895374534,369.62313816708047,1.026213389076076,361.67677209197365,1.1846553458710374,643.5759061681312,2.1087196484871544,542.6459390098494,1.7099015529146517,-281.8991340761575,-0.924064302616117,0.6077111004613773,-0.35972599621914503,321.5105294124483,162.84685213021856,221.30189112893478
experiment_2026_06_15_11_12,SEN_demand_SIN,2023-04-08,Holy Saturday,H3,G,observance_tier,True,2023-04-08,12,True,True,2,False,2,2,2,euclidian,RidgeReg,standard,2,{},2023-04-07 10:00:00,2023-04-09,4562.8465458117935,14.942218007474105,939.788256,3.099,,14,24,2,4,2,2,0.0738604061106017,25816.85252839873,24508.583215898445,4562.8465458117935,14.942218007474105,14.942218007474105,4562.8465458117935,2711.414805172202,8.68551089476574,8.68551089476574,2711.414805172202,5642.848394518221,18.591963823220656,18.591963823220656,5642.848394518221,2474.203131512096,7.923536504724838,7.923536504724838,2474.203131512096,5781.221870819955,19.015546278629184,19.015546278629184,5781.221870819955,4562.846545811798,14.929016361927586,14.929016361927586,4562.846545811798,2711.414805172202,5642.848394518221,hourly_window_mean_factor_top_available_analogs,2,32071.827837763158,,32071.827837763158,0.0,237.2116736601056,-138.37347630173522,-4.403869082268916e-12,237.2116736601056,-138.37347630173522,-4.403869082268916e-12,-2474.203131512096,-5781.221870819956,-4562.846545811798,2711.414805172202,8.68551089476574,2474.203131512096,7.923536504724838,5642.848394518221,18.591963823220656,5781.221870819955,19.015546278629184,4562.846545811798,14.929016361927586,-138.37347630173463,-0.42358245540852835,0.7619743900409013,0.013201645546519813,2474.203131512096,5781.221870819956,4562.846545811798
experiment_2026_06_15_11_12,SEN_demand_SIN,2023-05-01,Labor Day,H2,F,observance_tier,True,2023-05-01,12,True,True,2,False,2,3,2,pearson,PCR,,2,{},2023-04-30 10:00:00,2023-05-02,862.413556424876,2.669701933233783,749.319259,2.53,,14,24,2,4,2,2,0.07051215304538919,32899.882745119154,32532.334167135094,862.413556424876,2.669701933233783,-1.6110323016811121,-517.3492466981021,876.4248264470128,2.684249106940968,-2.654794665487489,-866.2877666632513,854.2403155786293,2.661216081904591,-1.0021709227940598,-313.80177671843165,837.801841219284,2.5756406271685486,-2.5475533427074075,-828.1353030778022,857.3150233992077,2.690518356046043,-1.0982803525148588,-336.05738047660844,850.1259562802884,2.648194982249071,-1.6322230331121137,-517.349246698101,-866.2877666632513,-313.80177671843165,hourly_window_mean_factor_top_available_analogs,2,29368.972328289474,,29368.972328289474,0.0,-38.152463585449105,22.25560375817683,-1.148835412765804e-12,-38.152463585449105,22.25560375817683,-1.148835412765804e-12,828.1353030778022,336.0573804766085,517.349246698101,876.4248264470128,2.684249106940968,837.801841219284,2.5756406271685486,854.2403155786293,2.661216081904591,857.3150233992077,2.690518356046043,850.1259562802884,2.648194982249071,-3.0747078205783964,-0.0293022741414517,0.10860847977241939,0.021506950984711892,828.1353030778022,336.0573804766085,517.349246698101
experiment_2026_06_15_11_12,SEN_demand_SIN,2023-09-16,Independence Day,H2,H,observance_tier,True,2023-09-16,12,True,True,2,False,2,3,2,pearson,PCR,,2,{},2023-09-15 10:00:00,2023-09-17,896.6282930062501,2.330264287674793,778.083891,2.638,,14,24,2,4,2,2,0.09133094306651868,39761.15773851108,37514.89283160707,896.6282930062501,2.330264287674793,-1.8905617130878751,-699.3732187742321,700.7491818334196,1.6217142207516808,-0.42823580401576106,-165.3425517750854,1010.8911078570677,2.743585160046609,-2.743585160046609,-1010.8911078570677,895.8443192505458,2.0741894494397433,-1.0326467013955352,-427.54439113537745,868.8051145029848,2.3281099882083907,-2.2975680994412375,-857.9400348969037,878.7669267784019,2.2345603160304677,-1.8315444264770318,-699.3732187742362,-165.3425517750854,-1010.8911078570677,hourly_window_mean_factor_top_available_analogs,2,31497.14387013158,,31497.14387013158,0.0,262.20183936029207,-152.951072960164,4.020923944680315e-12,262.20183936029207,-152.951072960164,4.020923944680315e-12,427.5443911353775,857.9400348969037,699.3732187742361,700.7491818334196,1.6217142207516808,895.8443192505458,2.0741894494397433,1010.8911078570677,2.743585160046609,868.8051145029848,2.3281099882083907,878.7669267784019,2.2345603160304677,142.08599335408292,0.41547517183821814,-0.45247522868806245,0.09570397164432531,427.5443911353775,857.9400348969037,699.3732187742361
experiment_2026_06_15_11_12,SEN_demand_SIN,2023-11-20,Mexican Revolution Day,H2,F,observance_tier,True,2023-11-20,12,True,True,2,False,2,4,2,pearson,LassoReg,,2,{},2023-11-19 10:00:00,2023-11-21,470.2136639096776,1.5803020614174241,764.795371,2.53,,14,24,2,4,2,2,0.07051215304538919,30037.45874939851,29714.902151324543,470.2136639096776,1.5803020614174241,0.593979338794625,186.18224586464194,339.0337580980818,1.1141495875712983,0.3514567120361031,121.99369533181951,546.7352756331085,1.8522243378276642,0.7354508710704293,223.62556700878835,366.2681658501447,1.197509400813291,0.38182942143883053,134.51744568211376,533.4429697376889,1.7772744495645831,0.6791881232146991,216.32004597112837,471.8522525159621,1.5636768000246333,0.5696349172972738,186.1822458646493,121.99369533181951,223.62556700878835,hourly_window_mean_factor_top_available_analogs,2,29368.972328289474,,29368.972328289474,0.0,-12.523750350294254,7.305521037659976,-7.371693898580576e-12,-12.523750350294254,7.305521037659976,-7.371693898580576e-12,-134.51744568211376,-216.32004597112837,-186.1822458646493,339.0337580980818,1.1141495875712983,366.2681658501447,1.197509400813291,546.7352756331085,1.8522243378276642,533.4429697376889,1.7772744495645831,471.8522525159621,1.5636768000246333,13.292305895419531,0.07494988826308102,-0.0833598132419926,0.016625261392790858,134.51744568211376,216.32004597112837,186.1822458646493
experiment_2026_06_15_11_12,SEN_demand_SIN,2023-12-24,Christmas Eve,H1,G,observance_tier,True,2023-12-24,12,True,True,2,False,2,4,2,pearson,LassoReg,,2,{},2023-12-23 10:00:00,2023-12-25,1564.8360172089042,5.608241587943736,764.846121,2.532,,14,24,2,4,2,2,0.07379276355119846,29963.004762460594,28268.950774485824,1564.8360172089042,5.608241587943736,-5.598608171974334,-1562.2750982500713,1756.4307832745033,5.673733826451824,-5.673733826451824,-1756.4307832745033,1453.0724036706379,5.570037782147352,-5.554784873529132,-1449.0176153191526,1622.149862164113,5.224113249870515,-5.224113249870515,-1622.149862164113,1527.34815263354,5.811063786384458,-5.811063786384458,-1527.34815263354,1562.2750982500668,5.59481885187932,-5.59481885187932,-1562.2750982500668,-1756.4307832745033,-1449.0176153191526,hourly_window_mean_factor_top_available_analogs,2,29792.451115657896,,29792.451115657896,0.0,-134.28092111039015,78.33053731438697,-4.595341651063216e-12,-134.28092111039015,78.33053731438697,-4.595341651063216e-12,1622.149862164113,1527.3481526335395,1562.2750982500668,1756.4307832745033,5.673733826451824,1622.149862164113,5.224113249870515,1453.0724036706379,5.570037782147352,1527.34815263354,5.811063786384458,1562.2750982500668,5.59481885187932,-74.27574896290207,-0.24102600423710552,0.4496205765813084,0.013422736064415908,1622.149862164113,1527.3481526335395,1562.2750982500668
experiment_2026_06_15_11_12,SEN_demand_SIN,2023-12-25,Christmas Day,H2,H,observance_tier,True,2023-12-25,12,True,True,2,False,2,4,2,pearson,LassoReg,,2,{},2023-12-24 10:00:00,2023-12-26,2320.094861352992,9.479919939108042,815.05858,2.664,,14,24,2,4,2,2,0.07988336275033343,27610.852287311463,27696.690872729843,2320.094861352992,9.479919939108042,-8.69378876360616,-2088.9433415219896,734.4783354212504,2.61052987423732,-0.47674525501792314,-107.06706730853044,3245.0378348131744,13.487064143615966,-13.487064143615966,-3245.0378348131744,984.0846656237348,3.558353733943947,0.8592076231900779,239.84132976422475,3447.401066438946,14.236692985841051,-14.236692985841051,-3447.401066438946,2539.8634450859736,10.302567998300013,-8.675045393040108,-2088.9433415219883,-107.06706730853044,-3245.0378348131744,hourly_window_mean_factor_top_available_analogs,2,27817.069466184214,,27817.069466184214,0.0,-346.9083970727552,202.36323162577128,-1.6275168347515558e-12,-346.9083970727552,202.36323162577128,-1.6275168347515558e-12,-239.84132976422472,3447.4010664389457,2088.943341521988,734.4783354212504,2.61052987423732,984.0846656237348,3.558353733943947,3245.0378348131744,13.487064143615966,3447.401066438946,14.236692985841051,2539.8634450859736,10.302567998300013,-202.36323162577173,-0.7496288422250856,-0.9478238597066269,-0.8226480591919714,239.84132976422472,3447.4010664389457,2088.943341521988
experiment_2026_06_15_11_12,SEN_demand_SIN,2023-12-31,New Year's Eve,H1,G,observance_tier,True,2023-12-31,12,True,True,2,False,2,4,2,pearson,LassoReg,,2,{},2023-12-30 10:00:00,2024-01-01,551.3794455352518,2.0186177140214094,946.063916,3.206,,14,24,2,4,2,2,0.08084675317112777,26685.469751375967,25193.155963684083,551.3794455352518,2.0186177140214094,1.448945965397081,394.6397204661378,459.76536020583444,1.544547863795857,0.3149237496577802,112.48140900937038,604.8209953107453,2.295158459986315,2.11045892457834,559.2320688159189,572.9652444080397,1.9436632100324442,-0.08417683444967342,-0.5628942352666074,786.6899667926567,2.9717546544209363,2.3178387736029915,625.1745790419585,707.9492795983241,2.592984122277807,1.4328856548467466,394.6397204661387,112.48140900937038,559.2320688159189,hourly_window_mean_factor_top_available_analogs,2,28999.404571973686,,28999.404571973686,0.0,113.04430324463699,-65.9425102260396,-8.61626559574353e-13,113.04430324463699,-65.9425102260396,-8.61626559574353e-13,0.5628942352666115,-625.1745790419585,-394.63972046613867,459.76536020583444,1.544547863795857,572.9652444080397,1.9436632100324442,604.8209953107453,2.295158459986315,786.6899667926567,2.9717546544209363,707.9492795983241,2.592984122277807,-181.86897148191144,-0.6765961944346213,-0.3991153462365873,-0.5743664082563975,0.5628942352666115,625.1745790419585,394.63972046613867
experiment_2026_06_15_11_12,SEN_demand_SIN,2024-01-01,New Year's Day,H3,H,observance_tier,True,2024-01-01,12,True,True,2,False,2,4,2,pearson,LassoReg,,2,{},2023-12-31 10:00:00,2024-01-02,471.1813975013576,1.919469114599156,933.763219,3.175,,14,24,2,4,2,2,0.06789870285319166,24315.17391124597,23345.68968614333,471.1813975013576,1.919469114599156,0.19839754993893338,92.80984717508679,443.34174642191493,1.6492442908162062,0.9668589470122751,273.39684786380013,487.42119396436584,2.0771002618058767,-0.2498715983538493,-12.53256989332931,791.4625169768357,2.926604975400849,2.926604975400849,791.4625169768357,899.6982530075433,4.0155123040894605,-1.6318602355179366,-314.7375435426041,859.8219292067562,3.6143359198357614,0.04757431587319488,92.8098471750842,273.39684786380013,-12.53256989332931,hourly_window_mean_factor_top_available_analogs,2,26809.869457500005,,26809.869457500005,0.0,-518.0656691130355,302.2049736492748,2.584879678723059e-12,-518.0656691130355,302.2049736492748,2.584879678723059e-12,-791.4625169768356,314.7375435426041,-92.8098471750842,443.34174642191493,1.6492442908162062,791.4625169768357,2.926604975400849,487.42119396436584,2.0771002618058767,899.6982530075433,4.0155123040894605,859.8219292067562,3.6143359198357614,-412.2770590431774,-1.9384120422835838,-1.277360684584643,-1.6948668052366054,791.4625169768356,314.7375435426041,92.8098471750842
experiment_2026_06_15_11_12,SEN_demand_SIN,2024-02-05,Constitution Day,H2,H,observance_tier,True,2024-02-05,12,True,True,2,False,2,4,2,pearson,LassoReg,,2,{},2024-02-04 10:00:00,2024-02-06,583.3380175960251,2.0042039471545916,936.93499,3.209,,14,24,2,4,2,2,0.0684309002697181,28398.718956127035,27723.82330844695,583.3380175960251,2.0042039471545916,1.781563349301883,518.6703991361255,390.1439641059083,1.2537196187359554,0.6799960686555941,223.66004570711553,696.0345487985933,2.441986472065462,2.424144263012217,690.7597719697147,344.0591890948591,1.1079416687953154,0.8817080275165717,278.684378220199,680.9980213293161,2.4268469740053935,2.354915109719163,658.6622446704118,556.8626620850424,1.9409344931385228,1.8121546057497877,518.6703991361229,223.66004570711553,690.7597719697147,hourly_window_mean_factor_top_available_analogs,2,27995.896169605265,,27995.896169605265,0.0,-55.02433251308347,32.09752729930293,2.6806159631202094e-12,-55.02433251308347,32.09752729930293,2.6806159631202094e-12,-278.684378220199,-658.6622446704118,-518.6703991361228,390.1439641059083,1.2537196187359554,344.0591890948591,1.1079416687953154,696.0345487985933,2.441986472065462,680.9980213293161,2.4268469740053935,556.8626620850424,1.9409344931385228,15.036527469277189,0.015139498060068313,0.14577794994063997,0.06326945401606876,278.684378220199,658.6622446704118,518.6703991361228
experiment_2026_06_15_11_12,SEN_demand_SIN,2024-03-18,Benito Juarez's Birthday,H2,H,observance_tier,True,2024-03-18,12,True,True,2,False,2,4,2,pearson,LassoReg,,2,{},2024-03-17 10:00:00,2024-03-19,685.7963021941679,2.11067105432397,932.716629,3.205,,14,24,2,4,2,2,0.06615992020144261,32097.56477769854,31412.400517251193,685.7963021941679,2.11067105432397,0.941673257849604,311.40459151198803,676.4848219576418,2.0658245220605713,-1.1071694969412804,-339.7212498939893,691.2279989988082,2.13683153147762,2.13683153147762,691.2279989988082,904.3742820123001,2.7617071252236784,-1.9937942243252162,-635.8966455651571,872.5940073829973,2.7220709365436306,2.6972217738274935,863.9969798069902,884.3025296148458,2.7366737428994377,0.968952721876495,311.4045915119886,-339.7212498939893,691.2279989988082,hourly_window_mean_factor_top_available_analogs,2,27759.865740263158,,27759.865740263158,0.0,296.1753956711678,-172.76898080818214,-5.74417706382902e-13,296.1753956711678,-172.76898080818214,-5.74417706382902e-13,635.8966455651571,-863.9969798069903,-311.4045915119886,676.4848219576418,2.0658245220605713,904.3742820123001,2.7617071252236784,691.2279989988082,2.13683153147762,872.5940073829973,2.7220709365436306,884.3025296148458,2.7366737428994377,-181.36600838418917,-0.5852394050660106,-0.6958826031631071,-0.6260026885754675,635.8966455651571,863.9969798069903,311.4045915119886
experiment_2026_06_15_11_12,SEN_demand_SIN,2024-03-28,Maundy Thursday,H1,G,observance_tier,True,2024-03-28,12,True,True,2,False,2,4,2,pearson,LassoReg,,2,{},2024-03-27 10:00:00,2024-03-29,398.1798951681957,1.13991908483691,919.743176,3.191,,14,24,2,4,2,2,0.06403352769507473,34930.634479427994,33331.54782803469,398.1798951681957,1.13991908483691,0.8545994194300741,293.34820609832286,277.0934428017104,0.7354573824241928,-0.03898170939436247,-7.449713245087229,468.81365904864543,1.3758550779109953,1.3758550779109953,468.81365904864543,235.19182754916255,0.6236980819521641,-0.14573823273352393,-53.32506930059026,543.5989348105403,1.6057870475353162,1.4677273323497075,495.57428341435616,429.9752637142432,1.2439647970573124,0.8732926504769379,293.34820609832326,-7.449713245087229,468.81365904864543,hourly_window_mean_factor_top_available_analogs,2,33206.913926842106,,33206.913926842106,0.0,45.875356055503026,-26.760624365710708,-3.8294513758860134e-13,45.875356055503026,-26.760624365710708,-3.8294513758860134e-13,53.32506930059026,-495.57428341435616,-293.34820609832326,277.0934428017104,0.7354573824241928,235.19182754916255,0.6236980819521641,468.81365904864543,1.3758550779109953,543.5989348105403,1.6057870475353162,429.9752637142432,1.2439647970573124,-74.78527576189487,-0.22993196962432094,0.11175930047202864,-0.10404571222040238,53.32506930059026,495.57428341435616,293.34820609832326
experiment_2026_06_15_11_12,SEN_demand_SIN,2024-03-29,Good Friday,H2,G,observance_tier,True,2024-03-29,12,True,True,4,False,2,4,4,pearson,RidgeReg,standard,2,{},2024-03-28 10:00:00,2024-03-30,668.758107444735,2.2378693875622844,891.620942,3.065,,14,24,4,4,4,4,0.07396432738818418,32148.197392330254,30459.81722463686,668.758107444735,2.2378693875622844,-2.0589334505855383,-610.7406249618363,379.7013260110517,1.0996399911839638,-1.0952541521526549,-378.16077480466055,837.3745632810501,2.9018365354496374,-2.6210797080047206,-746.4122042201888,423.44291110583436,1.2243111554436246,-1.033313497842875,-356.7296811451015,914.4562414303387,3.135422398400724,-2.6542959427602724,-758.9136755215915,733.5565934160476,2.431328782574425,-2.0570918841064945,-610.740624961832,-378.16077480466055,-746.4122042201888,hourly_window_mean_factor_top_available_analogs,4,31051.61152184211,,31051.61152184211,0.0,-21.431093659559078,12.501471301402793,-4.212396513474615e-12,-21.431093659559078,12.501471301402793,-4.212396513474615e-12,356.7296811451015,758.9136755215916,610.740624961832,379.7013260110517,1.0996399911839638,423.44291110583436,1.2243111554436246,837.3745632810501,2.9018365354496374,914.4562414303387,3.135422398400724,733.5565934160476,2.431328782574425,-77.08167814928856,-0.23358586295108674,-0.12467116425966074,-0.1934593950121406,356.7296811451015,758.9136755215916,610.740624961832
experiment_2026_06_15_11_12,SEN_demand_SIN,2024-03-30,Holy Saturday,H3,G,observance_tier,True,2024-03-30,12,True,True,4,False,2,4,4,pearson,RidgeReg,standard,2,{},2024-03-29 10:00:00,2024-03-31,1481.5306752398849,4.744579177944496,832.532357,2.875,,14,24,4,4,4,4,0.053287165676965974,29032.96546508487,28633.11030147107,1481.5306752398849,4.744579177944496,4.567950988082536,1431.6880572835526,783.2422217443836,2.496379314209007,2.0169599417265447,647.9551158629102,1888.8656064455943,6.0560290984568645,6.0560290984568645,1888.8656064455943,711.8092354120961,2.3297459514593544,0.40208182305382995,162.29365255815796,2172.1681267066956,6.962364567215815,6.962364567215815,2172.1681267066956,1634.1411667560533,5.255610340358172,4.545418293050874,1431.68805728355,647.9551158629102,1888.8656064455943,hourly_window_mean_factor_top_available_analogs,4,30121.50943164474,,30121.50943164474,0.0,485.6614633047523,-283.3025202611013,2.6806159631202094e-12,485.6614633047523,-283.3025202611013,2.6806159631202094e-12,-162.29365255815793,-2172.1681267066956,-1431.6880572835498,783.2422217443836,2.496379314209007,711.8092354120961,2.3297459514593544,1888.8656064455943,6.0560290984568645,2172.1681267066956,6.962364567215815,1634.1411667560533,5.255610340358172,-283.30252026110134,-0.9063354687589502,0.16663336274965257,-0.5110311624136754,162.29365255815793,2172.1681267066956,1431.6880572835498
experiment_2026_06_15_11_12,SEN_demand_SIN,2024-05-01,Labor Day,H2,F,observance_tier,True,2024-05-01,12,True,True,3,False,2,4,3,pearson,LassoReg,,2,{},2024-04-30 10:00:00,2024-05-02,4489.7793123292695,11.278649928207608,853.609489,2.981,,14,24,3,4,3,3,0.06428383793579372,35664.94061293389,32836.86849367224,4489.7793123292695,11.278649928207608,11.278649928207608,4489.7793123292695,3030.253469046148,6.841532448628202,6.841532448628202,3030.253469046148,5341.169387577759,13.866968457962265,13.866968457962265,5341.169387577759,5631.358786471349,12.89239263455705,12.89239263455705,5631.358786471349,3823.8579524130546,9.957210001863274,9.957210001863274,3823.8579524130546,4489.779312329268,11.03859307706624,11.03859307706624,4489.779312329268,3030.253469046148,5341.169387577759,hourly_window_mean_factor_top_available_analogs,3,31681.8373354386,,31681.8373354386,0.0,-2601.1053174252006,1517.3114351647037,2.201934541134458e-12,-2601.1053174252006,1517.3114351647037,2.201934541134458e-12,-5631.358786471348,-3823.8579524130555,-4489.779312329268,3030.253469046148,6.841532448628202,5631.358786471349,12.89239263455705,5341.169387577759,13.866968457962265,3823.8579524130546,9.957210001863274,4489.779312329268,11.03859307706624,1517.3114351647046,3.9097584560989915,-6.050860185928848,0.2400568511413681,5631.358786471348,3823.8579524130555,4489.779312329268
experiment_2026_06_15_11_12,SEN_demand_SIN,2024-09-16,Independence Day,H2,H,observance_tier,True,2024-09-16,12,True,True,5,False,2,5,5,pearson,RidgeReg,standard,2,{},2024-09-15 10:00:00,2024-09-17,603.2221946688259,1.7504884802695557,1068.845686,3.427,,14,24,4,4,5,4,0.06315108742073493,35944.40531744943,35473.89733715999,603.2221946688259,1.7504884802695557,-0.9351532116600141,-303.1212866599485,641.8752741802418,1.727549124557547,0.15219047970281838,49.962225625839764,580.6745649538333,1.7638697711015612,-1.5694370316216661,-509.0866688266583,719.4503169049785,1.9636084297954601,-1.0430787298599344,-379.94551150876424,653.392053497409,1.9535362298995027,-0.8408383920152683,-258.30715549815505,677.7293084370399,1.957247040387487,-0.9153479901685662,-303.12128665995846,49.962225625839764,-509.0866688266583,hourly_window_mean_factor_top_available_analogs,4,29211.52255125,,29211.52255125,0.0,429.90773713460396,-250.7795133285032,9.956573577303636e-12,429.90773713460396,-250.7795133285032,9.956573577303636e-12,379.9455115087642,258.3071554981551,303.12128665995846,641.8752741802418,1.727549124557547,719.4503169049785,1.9636084297954601,580.6745649538333,1.7638697711015612,653.392053497409,1.9535362298995027,677.7293084370399,1.957247040387487,-72.71748854357577,-0.18966645879794153,-0.2360593052379132,-0.20675856011793137,379.9455115087642,258.3071554981551,303.12128665995846
experiment_2026_06_15_11_12,SEN_demand_SIN,2024-11-18,Mexican Revolution Day,H2,F,observance_tier,True,2024-11-18,12,True,True,5,False,2,5,5,euclidian,PCR,standard,5,{},2024-11-17 10:00:00,2024-11-19,270.2951847126503,0.8609782134352364,827.525213,2.809,,14,24,4,4,5,4,0.06656753569670608,31863.89206358383,31578.92751017454,270.2951847126503,0.8609782134352364,-0.521993058741527,-162.60304542593104,323.74477085688653,1.0081751326302135,-1.0081751326302135,-323.74477085688653,239.11625946184586,0.7751133439048337,-0.23838684897312667,-68.60370559120702,814.5109288285041,2.59391061431054,-2.431640389166591,-758.5119392935698,398.18013792367066,1.2417248249820343,0.5538198282459247,185.01047599685293,551.5651661517672,1.7398985368399043,-0.5460865676428971,-162.6030454259344,-323.74477085688653,-68.60370559120702,hourly_window_mean_factor_top_available_analogs,4,30736.821898289476,,30736.821898289476,0.0,434.7671684366833,-253.61418158805995,3.350769953900262e-12,434.7671684366833,-253.61418158805995,3.350769953900262e-12,758.5119392935699,-185.01047599685293,162.6030454259344,323.74477085688653,1.0081751326302135,814.5109288285041,2.59391061431054,239.11625946184586,0.7751133439048337,398.18013792367066,1.2417248249820343,551.5651661517672,1.7398985368399043,-159.0638784618248,-0.46661148107720063,-1.5857354816803264,-0.8789203234046679,758.5119392935699,185.01047599685293,162.6030454259344
experiment_2026_06_15_11_12,SEN_demand_SIN,2024-12-24,Christmas Eve,H1,G,observance_tier,True,2024-12-24,12,True,True,6,False,2,6,6,pearson,RidgeReg,standard,2,{},2024-12-23 10:00:00,2024-12-25,1120.7635534836315,3.778338743428812,885.229332,2.967,,14,24,4,4,6,4,0.06250028423729531,30057.048559625455,29440.656610903836,1120.7635534836315,3.778338743428812,-1.0551851513233579,-247.33867304650533,1185.5082550489956,3.6961632494508336,3.695253643406827,1185.2164204232038,1082.9958109038357,3.826274448249299,-3.826274448249299,-1082.9958109038357,526.1690223320711,1.6202379365117037,1.3410495272002838,434.7724995625241,948.2988983502514,3.3679058627403866,-2.295034767764681,-645.2368570684425,792.7773650803955,2.724028205708766,-0.9554247643565359,-247.33867304650744,1185.2164204232038,-1082.9958109038357,hourly_window_mean_factor_top_available_analogs,4,30417.512944078946,,30417.512944078946,0.0,750.4439208606798,-437.7589538353932,2.1061982567373076e-12,750.4439208606798,-437.7589538353932,2.1061982567373076e-12,-434.772499562524,645.2368570684425,247.33867304650744,1185.5082550489956,3.6961632494508336,526.1690223320711,1.6202379365117037,1082.9958109038357,3.826274448249299,948.2988983502514,3.3679058627403866,792.7773650803955,2.724028205708766,134.6969125535843,0.4583685855089126,2.07592531293913,1.054310537720046,434.772499562524,645.2368570684425,247.33867304650744
experiment_2026_06_15_11_12,SEN_demand_SIN,2024-12-25,Christmas Day,H2,H,observance_tier,True,2024-12-25,12,True,True,6,False,2,6,6,pearson,RidgeReg,standard,2,{},2024-12-24 10:00:00,2024-12-26,955.5420094250934,3.816870222348386,885.229332,2.967,,14,24,4,4,6,4,0.10434473695819076,26859.919911915935,25153.354916709126,955.5420094250934,3.816870222348386,-3.3785267548018267,-828.5423671790871,958.3704037483809,3.3762153529243184,-3.0561936253436732,-857.4628615561649,953.8921127365087,4.073918896179092,-3.5665544136524168,-811.6720787924587,1139.2861214341992,4.0014633371906845,-4.0014633371906845,-1139.2861214341992,683.8831349226334,2.94059629740385,-2.8088895937986713,-647.2751771969456,851.6631825847893,3.3314420489042624,-3.2482588676799398,-828.5423671790917,-857.4628615561649,-811.6720787924587,hourly_window_mean_factor_top_available_analogs,4,28949.333494078943,,28949.333494078943,0.0,281.82325987803443,-164.3969015955131,4.403869082268916e-12,281.82325987803443,-164.3969015955131,4.403869082268916e-12,1139.2861214341992,647.2751771969456,828.5423671790916,958.3704037483809,3.3762153529243184,1139.2861214341992,4.0014633371906845,953.8921127365087,4.073918896179092,683.8831349226334,2.94059629740385,851.6631825847893,3.3314420489042624,270.0089778138753,1.1333225987752416,-0.6252479842663661,0.4854281734441237,1139.2861214341992,647.2751771969456,828.5423671790916
experiment_2026_06_15_11_12,SEN_demand_SIN,2024-12-31,New Year's Eve,H2,G,observance_tier,True,2024-12-31,12,True,True,6,False,2,6,6,pearson,RidgeReg,standard,2,{},2024-12-30 10:00:00,2025-01-01,926.5287820346084,3.107500306099888,917.591834,3.12,,14,24,4,4,6,4,0.06250028423729531,29978.919537064325,29428.85344765305,926.5287820346084,3.107500306099888,-0.8275957191209642,-196.40267127484884,981.0546003734978,3.063292733877114,3.063292733877114,981.0546003734978,894.7220546702564,3.133288056563172,-3.09728065003651,-883.252746403051,425.60271019913176,1.3261178932977464,0.3170965092522959,121.60654698169414,698.9635850758764,2.453169314954364,-1.3414097325599308,-381.9080485911698,598.2516838054968,2.037939843817715,-0.7303811171554261,-196.4026712748515,981.0546003734978,-883.252746403051,hourly_window_mean_factor_top_available_analogs,4,30417.512944078946,,30417.512944078946,0.0,859.4480533918037,-501.3446978118812,2.6806159631202094e-12,859.4480533918037,-501.3446978118812,2.6806159631202094e-12,-121.60654698169412,381.9080485911698,196.4026712748515,981.0546003734978,3.063292733877114,425.60271019913176,1.3261178932977464,894.7220546702564,3.133288056563172,698.9635850758764,2.453169314954364,598.2516838054968,2.037939843817715,195.75846959438002,0.6801187416088084,1.7371748405793674,1.069560462282173,121.60654698169412,381.9080485911698,196.4026712748515
experiment_2026_06_15_11_12,SEN_demand_SIN,2025-01-01,New Year's Day,H3,H,observance_tier,True,2025-01-01,12,True,True,6,False,2,6,6,pearson,RidgeReg,standard,2,{},2024-12-31 10:00:00,2025-01-02,253.43418619454246,1.015307627509217,917.591834,3.12,,14,24,4,4,6,4,0.1031469184830445,26310.694513036706,24536.18529142147,253.43418619454246,1.015307627509217,-0.08105395246534217,-20.221634615652395,178.30595952904332,0.6096286674452729,-0.037019408065969976,-7.045647234258338,297.2589850827503,1.2519536875465178,-0.10674077003164266,-27.90762725479893,383.3949141521979,1.2910712922308318,-0.08663648003404409,-11.221154069800832,405.20104314109693,1.6993941310291005,-0.19775588887660087,-25.471914934065655,397.16720614518675,1.5489594009455276,-0.1568171593030273,-20.2216346156523,-7.045647234258338,-27.90762725479893,hourly_window_mean_factor_top_available_analogs,4,29113.46204953947,,29113.46204953947,0.0,4.175506835542494,-2.4357123207332734,-9.573628439715034e-14,4.175506835542494,-2.4357123207332734,-9.573628439715034e-14,11.221154069800832,25.471914934065655,20.2216346156523,178.30595952904332,0.6096286674452729,383.3949141521979,1.2910712922308318,297.2589850827503,1.2519536875465178,405.20104314109693,1.6993941310291005,397.16720614518675,1.5489594009455276,-107.94205805834662,-0.4474404434825827,-0.681442624785559,-0.5336517734363107,11.221154069800832,25.471914934065655,20.2216346156523
experiment_2026_06_15_11_12,SEN_demand_SIN,2025-02-03,Constitution Day,H2,H,observance_tier,True,2025-02-03,12,True,True,6,False,2,6,6,pearson,RidgeReg,standard,2,{},2025-02-02 10:00:00,2025-02-04,428.4156443717598,1.478990101837277,728.627762,2.347,,14,24,4,4,6,4,0.0635451104714594,29642.721478830164,29489.326976332173,428.4156443717598,1.478990101837277,-0.6181705227464205,-155.48960040911018,342.8091898742836,1.177879808829758,-0.21883687063285504,-49.33154525528854,478.35274282862093,1.6546377727583301,-0.8511151531460003,-217.4151325821728,761.0581340772104,2.6243958677546138,-2.4765986465471252,-714.5110034298092,350.4558790367293,1.1445519387517384,0.4825165209018813,170.6062180196303,501.7303940516434,1.68975759680543,-0.6076838039477529,-155.48960040911055,-49.33154525528854,-217.4151325821728,hourly_window_mean_factor_top_available_analogs,4,28340.80953631579,,28340.80953631579,0.0,665.1794581745206,-388.0213506018031,3.8294513758860134e-13,665.1794581745206,-388.0213506018031,3.8294513758860134e-13,714.5110034298092,-170.6062180196303,155.48960040911055,342.8091898742836,1.177879808829758,761.0581340772104,2.6243958677546138,478.35274282862093,1.6546377727583301,350.4558790367293,1.1445519387517384,501.7303940516434,1.68975759680543,127.89686379189163,0.5100858340065917,-1.4465160589248558,-0.21076749496815284,714.5110034298092,170.6062180196303,155.48960040911055
experiment_2026_06_15_11_12,SEN_demand_SIN,2025-03-17,Benito Juarez's Birthday,H2,H,observance_tier,True,2025-03-17,12,True,True,6,False,2,6,6,pearson,RidgeReg,standard,2,{},2025-03-16 10:00:00,2025-03-18,522.7591329093271,1.668650083183094,724.198332,2.323,,14,24,4,4,6,4,0.06874499152357003,31492.483154599548,31039.72851404078,522.7591329093271,1.668650083183094,-1.5664074956131018,-492.32287907322575,592.5387342993436,1.9102577838396166,-1.8390152530750754,-567.7203684145619,482.0543654318176,1.5277122578001219,-1.4073863037602834,-448.34101029077965,937.9428059669962,3.0257575312245826,-2.7371785160048736,-839.4388940545996,307.2326690466819,1.0186089481536273,-0.9635724683077869,-289.83853700076696,539.5995615962714,1.7580847419166108,-1.6170062753540815,-492.3228790732316,-567.7203684145619,-448.34101029077965,hourly_window_mean_factor_top_available_analogs,4,30764.84855605263,,30764.84855605263,0.0,271.7185256400376,-158.50247329001272,5.839913348226171e-12,271.7185256400376,-158.50247329001272,5.839913348226171e-12,839.4388940545996,289.8385370007669,492.3228790732316,592.5387342993436,1.9102577838396166,937.9428059669962,3.0257575312245826,482.0543654318176,1.5277122578001219,307.2326690466819,1.0186089481536273,539.5995615962714,1.7580847419166108,174.82169638513568,0.5091033096464945,-1.115499747384966,-0.08943465873351686,839.4388940545996,289.8385370007669,492.3228790732316
experiment_2026_06_15_11_12,SEN_demand_SIN,2025-04-17,Maundy Thursday,H1,G,observance_tier,True,2025-04-17,12,True,True,6,False,2,6,6,pearson,RidgeReg,standard,2,{},2025-04-16 10:00:00,2025-04-18,1232.616903077318,3.2263232687749728,725.527833,2.28,,14,24,4,4,6,4,0.0658579218145118,37142.58514579731,35311.42455629827,1232.616903077318,3.2263232687749728,3.0756162409813035,1175.1198273605883,721.8286812926059,1.736149173035177,1.327087240452362,565.7651900614821,1530.5766991183998,4.095591491289853,4.095591491289853,1530.5766991183998,792.8259230898537,1.9042624196400284,1.5540103629023325,659.0369938948008,1476.1681468822917,3.91001155177384,3.91001155177384,1476.1681468822917,1224.410485485078,3.1710513451982254,3.0420111137685475,1175.1198273605848,565.7651900614821,1530.5766991183998,hourly_window_mean_factor_top_available_analogs,4,33293.81682664473,,33293.81682664473,0.0,-93.2718038333187,54.40855223610803,3.446506238297412e-12,-93.2718038333187,54.40855223610803,3.446506238297412e-12,-659.0369938948008,-1476.1681468822917,-1175.1198273605848,721.8286812926059,1.736149173035177,792.8259230898537,1.9042624196400284,1530.5766991183998,4.095591491289853,1476.1681468822917,3.91001155177384,1224.410485485078,3.1710513451982254,54.40855223610811,0.18557993951601315,-0.16811324660485139,0.05527192357674737,659.0369938948008,1476.1681468822917,1175.1198273605848
experiment_2026_06_15_11_12,SEN_demand_SIN,2025-04-18,Good Friday,H2,G,observance_tier,True,2025-04-18,12,True,True,6,False,2,6,6,pearson,RidgeReg,standard,2,{},2025-04-17 10:00:00,2025-04-19,710.3416021317411,2.0116018004967158,796.902773,2.44,,14,24,4,4,6,4,0.06958101732608049,34752.03956924836,32663.25918108704,710.3416021317411,2.0116018004967158,0.6893419565438171,237.72083759375096,792.1483054654522,2.124018375334397,-0.9567458979034384,-331.7556832391726,662.6210251870763,1.946025465174735,1.6495598716380495,569.9154747462898,858.7924024101319,2.2583300685918712,0.5212646943922543,239.2376616857899,835.3105412518903,2.4813956512032918,0.5483037020803753,236.83602354005674,843.9617532575583,2.3992135944517154,0.5383419624058043,237.72083759374792,-331.7556832391726,569.9154747462898,hourly_window_mean_factor_top_available_analogs,4,33871.76160105263,,33871.76160105263,0.0,-570.9933449249626,333.079451206233,3.0635611007088107e-12,-570.9933449249626,333.079451206233,3.0635611007088107e-12,-239.23766168579,-236.83602354005677,-237.7208375937479,792.1483054654522,2.124018375334397,858.7924024101319,2.2583300685918712,662.6210251870763,1.946025465174735,835.3105412518903,2.4813956512032918,843.9617532575583,2.3992135944517154,-172.68951606481403,-0.5353701860285567,-0.13431169325747438,-0.3876117939549997,239.23766168579,236.83602354005677,237.7208375937479
experiment_2026_06_15_11_12,SEN_demand_SIN,2025-04-19,Holy Saturday,H3,G,observance_tier,True,2025-04-19,12,True,True,6,False,2,6,6,pearson,RidgeReg,standard,2,{},2025-04-18 10:00:00,2025-04-20,1210.4127495196713,3.6306101544750766,817.941844,2.49,,14,24,4,4,6,4,0.05101382111301154,33116.103951168625,32170.365723805426,1210.4127495196713,3.6306101544750766,1.4934668705729126,500.74608725242416,963.1190416484068,2.900408742438651,-2.900408742438651,-963.1190416484068,1354.6674124445756,4.056560978162992,4.056560978162992,1354.6674124445756,831.9653993920549,2.529045252916453,-0.9620924135194721,-266.2126343530584,959.6777388627597,2.7671418708848265,2.7314555711453194,948.13867485563,912.625824320921,2.6794220642648994,1.37067473468987,500.74608725242905,-963.1190416484068,1354.6674124445756,hourly_window_mean_factor_top_available_analogs,4,30470.020174144738,,30470.020174144738,0.0,-696.9064072953485,406.5287375889455,-4.882550504254667e-12,-696.9064072953485,406.5287375889455,-4.882550504254667e-12,266.2126343530583,-948.1386748556301,-500.74608725242905,963.1190416484068,2.900408742438651,831.9653993920549,2.529045252916453,1354.6674124445756,4.056560978162992,959.6777388627597,2.7671418708848265,912.625824320921,2.6794220642648994,394.98967358181585,1.289419107278165,0.371363489522198,0.9511880902101773,266.2126343530583,948.1386748556301,500.74608725242905
experiment_2026_06_15_11_12,SEN_demand_SIN,2025-05-01,Labor Day,H2,F,observance_tier,True,2025-05-01,12,True,True,6,False,2,6,6,pearson,RidgeReg,standard,2,{},2025-04-30 10:00:00,2025-05-02,1113.2805945553198,2.7493097645023408,876.751089,2.671,,14,24,4,4,6,4,0.06147948176187305,39813.946147578055,38377.38462731413,1113.2805945553198,2.7493097645023408,0.12155428077205084,114.95200557983021,1338.435836969484,3.0454955883156565,3.0454955883156565,1338.435836969484,981.9400364803909,2.576534700611238,-1.5840781486283861,-598.7468960641345,1817.010965342306,4.117982765174991,4.117982765174991,1817.010965342306,1456.700593214826,3.886250878835483,-2.3924562040403146,-877.9157209482664,1589.4465197881082,3.971625784328987,0.006126574091640244,114.95200557983921,1338.435836969484,-598.7468960641345,hourly_window_mean_factor_top_available_analogs,4,31686.700256118424,,31686.700256118424,0.0,-478.575128372822,279.16882488413194,-8.999210733332133e-12,-478.575128372822,279.16882488413194,-8.999210733332133e-12,-1817.010965342306,877.9157209482664,-114.95200557983921,1338.435836969484,3.0454955883156565,1817.010965342306,4.117982765174991,981.9400364803909,2.576534700611238,1456.700593214826,3.886250878835483,1589.4465197881082,3.971625784328987,-474.7605567344352,-1.309716178224245,-1.072487176859335,-1.2223160198266463,1817.010965342306,877.9157209482664,114.95200557983921
experiment_2026_06_15_11_12,SEN_demand_SIN,2025-09-16,Independence Day,H2,H,observance_tier,True,2025-09-16,12,True,True,6,False,2,6,6,pearson,RidgeReg,standard,2,{},2025-09-15 10:00:00,2025-09-17,5098.404544754967,13.894447068496348,906.321128,2.69,,14,24,4,4,6,4,0.07063070163037802,31492.400111034505,30486.51863738812,5098.404544754967,13.894447068496348,13.894447068496348,5098.404544754967,6320.019269857406,15.983750817503784,15.983750817503784,6320.019269857406,4385.795955111879,12.675686548242012,12.675686548242012,4385.795955111879,6888.74838434663,17.40737057662335,17.40737057662335,6888.74838434663,4054.037304993168,11.622396053527074,11.622396053527074,4054.037304993168,5098.40454475497,13.75370245677307,13.75370245677307,5098.40454475497,6320.019269857406,4385.795955111879,hourly_window_mean_factor_top_available_analogs,4,30864.599358486845,,30864.599358486845,0.0,-568.7291144892222,331.75865011871093,-1.2445716971629545e-12,-568.7291144892222,331.75865011871093,-1.2445716971629545e-12,-6888.748384346628,-4054.037304993168,-5098.404544754968,6320.019269857406,15.983750817503784,6888.74838434663,17.40737057662335,4385.795955111879,12.675686548242012,4054.037304993168,11.622396053527074,5098.40454475497,13.75370245677307,331.7586501187111,1.053290494714938,-1.4236197591195658,0.140744611723278,6888.748384346628,4054.037304993168,5098.404544754968
experiment_2026_06_15_11_12,SEN_demand_SIN,2025-11-17,Mexican Revolution Day,H2,F,observance_tier,True,2025-11-17,12,True,True,6,False,2,6,6,pearson,RidgeReg,standard,2,{},2025-11-16 10:00:00,2025-11-18,514.8138535738825,1.55085587510979,1198.273578,3.422,,14,24,4,4,6,4,0.07129839316207619,31701.932591529312,31289.555802811636,514.8138535738825,1.55085587510979,0.9060548040762249,323.19394768121964,609.4272273776252,1.873167608127401,0.1229932724648671,89.3160542403974,459.6227188550326,1.3628406975161838,1.3628406975161838,459.6227188550326,729.2544193695687,2.2293045481388285,0.7760478056714126,301.04707713417963,642.8107982698234,2.005614487698985,0.988154574298322,336.1129555003179,674.6584481486769,2.0880266152294538,0.9100099753305134,323.19394768121435,89.3160542403974,459.6227188550326,hourly_window_mean_factor_top_available_analogs,4,30165.718667499998,,30165.718667499998,0.0,-211.7310228937822,123.50976335471462,5.265495641843269e-12,-211.7310228937822,123.50976335471462,5.265495641843269e-12,-301.04707713417963,-336.112955500318,-323.19394768121435,609.4272273776252,1.873167608127401,729.2544193695687,2.2293045481388285,459.6227188550326,1.3628406975161838,642.8107982698234,2.005614487698985,674.6584481486769,2.0880266152294538,-183.18807941479082,-0.6427737901828015,-0.3561369400114276,-0.5371707401196637,301.04707713417963,336.112955500318,323.19394768121435
experiment_2026_06_15_11_12,SEN_demand_SIN,2025-12-24,Christmas Eve,H1,G,observance_tier,True,2025-12-24,12,True,True,6,False,2,7,6,pearson,RidgeReg,standard,2,{},2025-12-23 10:00:00,2025-12-25,877.1412699327752,2.7651148582214717,1096.341182,3.193,,14,24,4,4,6,4,0.07260384457613944,32667.26154451568,30977.902359097818,877.1412699327752,2.7651148582214717,-2.0100458957392,-618.6841618841064,940.2563606897222,2.7424287099421725,-1.816262389572881,-602.2835580891796,840.3241336578893,2.7783484447177305,-2.1230862743362198,-628.2511807644804,861.5740167698813,2.5103006178693223,-2.1865511756800866,-743.1673980156068,671.453184627494,2.221976165004533,-1.8220892450328996,-546.0689408073891,741.497701732584,2.3282009634284027,-1.9563646931660734,-618.684161884101,-602.2835580891796,-628.2511807644804,hourly_window_mean_factor_top_available_analogs,4,30744.53197861842,,30744.53197861842,0.0,140.88383992642724,-82.1822399570912,-5.4569682106375694e-12,140.88383992642724,-82.1822399570912,-5.4569682106375694e-12,743.1673980156068,546.0689408073893,618.684161884101,940.2563606897222,2.7424287099421725,861.5740167698813,2.5103006178693223,840.3241336578893,2.7783484447177305,671.453184627494,2.221976165004533,741.497701732584,2.3282009634284027,168.8709490303953,0.5563722797131976,0.23212809207285012,0.4369138947930691,743.1673980156068,546.0689408073893,618.684161884101
experiment_2026_06_15_11_12,SEN_demand_SIN,2025-12-25,Christmas Day,H2,H,observance_tier,True,2025-12-25,12,True,True,6,False,2,7,6,pearson,RidgeReg,standard,2,{},2025-12-24 10:00:00,2025-12-26,804.9286048442697,3.0032480221366695,1096.341182,3.193,,14,24,4,4,6,4,0.11003122031726055,28478.78874458111,26763.6339731062,804.9286048442697,3.0032480221366695,-3.0032480221366695,-804.9286048442697,720.8639613952455,2.3596122860610103,-2.3596122860610103,-720.8639613952455,853.9663135228672,3.3787022015141375,-3.3787022015141375,-853.9663135228672,1235.6626210981428,4.067341630603349,-4.058828053656535,-1232.9597630662017,612.9085428401999,2.435936812545602,-2.226443248258807,-555.2437625481392,842.3442558825999,3.036980692882666,-2.9015323870895493,-804.9286048442675,-720.8639613952455,-853.9663135228672,hourly_window_mean_factor_top_available_analogs,4,25528.44211980263,,25528.44211980263,0.0,512.0958016709563,-298.722550974728,-2.201934541134458e-12,512.0958016709563,-298.722550974728,-2.201934541134458e-12,1232.959763066202,555.2437625481391,804.9286048442675,720.8639613952455,2.3596122860610103,1235.6626210981428,4.067341630603349,853.9663135228672,3.3787022015141375,612.9085428401999,2.435936812545602,842.3442558825999,3.036980692882666,241.0577706826673,0.9427653889685357,-1.7077293445423387,-0.03373267074599662,1232.959763066202,555.2437625481391,804.9286048442675
experiment_2026_06_15_11_12,SEN_demand_SIN,2025-12-31,New Year's Eve,H1,G,observance_tier,True,2025-12-31,12,True,True,6,False,2,7,6,pearson,RidgeReg,standard,2,{},2025-12-30 10:00:00,2026-01-01,680.2475060926757,2.3068672407731765,1088.662546,3.228,,14,24,4,4,6,4,0.06560469395114278,30743.80588044047,29312.771263532588,680.2475060926757,2.3068672407731765,-1.795455911807748,-529.7325912299375,530.2968386700488,1.654744482438318,-1.384415992092356,-436.7351637111068,767.7187287558746,2.687272183135178,-2.035229198308393,-583.981090615922,654.516078325001,2.0433753338911944,-1.623379387608562,-509.4714708679593,692.6706923055302,2.42926126246984,-1.9129673479084557,-541.5515781077696,678.6137292600721,2.287092762467181,-1.8062770467453368,-529.7325912299448,-436.7351637111068,-583.981090615922,hourly_window_mean_factor_top_available_analogs,4,32001.941631776313,,32001.941631776313,0.0,72.73630715685249,-42.429512508152435,7.275957614183426e-12,72.73630715685249,-42.429512508152435,7.275957614183426e-12,509.4714708679593,541.5515781077695,529.7325912299448,530.2968386700488,1.654744482438318,654.516078325001,2.0433753338911944,767.7187287558746,2.687272183135178,692.6706923055302,2.42926126246984,678.6137292600721,2.287092762467181,75.0480364503444,0.2580109206653378,-0.38863085145287646,0.019774478305995657,509.4714708679593,541.5515781077695,529.7325912299448
experiment_2026_06_15_11_12,SEN_demand_SIN,2026-01-01,New Year's Day,H3,H,observance_tier,True,2026-01-01,12,True,True,2,False,2,8,2,pearson,LassoReg,,2,{},2025-12-31 10:00:00,2026-01-02,281.29523010218105,1.0882661106594587,1122.378196,3.332,,14,24,2,4,2,2,0.10968093174194134,26183.155486029893,24499.695927441197,281.29523010218105,1.0882661106594587,-0.045101761137373075,3.3733352859006502,301.906900482312,1.0382664083190716,0.19157041654909232,62.4718099609272,269.27175571377137,1.1174326036913516,-0.1831605314544779,-31.10077494119817,320.52213618566356,1.118214434196102,-0.5505852319593986,-151.59683363617998,346.6988218380346,1.440909907855712,0.3282792707655145,93.77260049044237,337.0547797555821,1.3220221017705927,0.0044870855510728645,3.373335285897299,62.4718099609272,-31.10077494119817,hourly_window_mean_factor_top_available_analogs,2,26892.35893618421,,26892.35893618421,0.0,214.06864359710718,-124.87337543164055,3.350769953900262e-12,214.06864359710718,-124.87337543164055,3.350769953900262e-12,151.59683363617998,-93.77260049044239,-3.3733352858972996,301.906900482312,1.0382664083190716,320.52213618566356,1.118214434196102,269.27175571377137,1.1174326036913516,346.6988218380346,1.440909907855712,337.0547797555821,1.3220221017705927,-77.4270661242632,-0.3234773041643604,-0.07994802587703043,-0.233755991111134,151.59683363617998,93.77260049044239,3.3733352858972996
experiment_2026_06_15_11_12,SEN_demand_SIN,2026-02-02,Constitution Day,H2,H,observance_tier,True,2026-02-02,12,True,True,3,False,2,8,3,pearson,LassoReg,,2,{},2026-02-01 10:00:00,2026-02-03,818.0026780755691,2.804538885814996,1099.482803,3.207,,14,24,3,4,3,3,0.07431978014258099,29943.356727636605,29869.365567513898,818.0026780755691,2.804538885814996,-2.6429463336433265,-765.2522534260698,658.735803324157,2.3026497768491225,-1.8640414209545906,-515.5560792755163,910.9083550138927,3.097307532711756,-3.097307532711756,-910.9083550138927,763.4259625183919,2.6471778882148653,-2.339279678991254,-676.8188835150696,886.9738831725573,2.9940643210803697,-2.7351045031329058,-816.8383858741653,841.4562281947069,2.866264056340447,-2.5892743047649294,-765.2522534260773,-515.5560792755163,-910.9083550138927,hourly_window_mean_factor_top_available_analogs,3,26881.81907394737,,26881.81907394737,0.0,161.26280423955333,-94.06996913972746,7.563166467374877e-12,161.26280423955333,-94.06996913972746,7.563166467374877e-12,676.8188835150696,816.8383858741652,765.2522534260775,658.735803324157,2.3026497768491225,763.4259625183919,2.6471778882148653,910.9083550138927,3.097307532711756,886.9738831725573,2.9940643210803697,841.4562281947069,2.866264056340447,23.93447184133538,0.10324321163138617,-0.3445281113657428,-0.06172517052545112,676.8188835150696,816.8383858741652,765.2522534260775
experiment_2026_06_15_11_12,SEN_demand_SIN,2026-03-16,Benito Juarez's Birthday,H2,H,observance_tier,True,2026-03-16,12,True,True,4,False,2,8,4,pearson,PLS,standard,3,{},2026-03-15 10:00:00,2026-03-17,1248.989056428109,3.7549600104772645,1120.98225,3.274,,14,24,4,4,4,4,0.07249282865703287,31914.392020570715,31183.456210150078,1248.989056428109,3.7549600104772645,3.198239348617175,1080.1211186398214,1366.140834847856,3.8476426092108613,2.336543669876334,907.7850037082181,1180.65051901659,3.7008951612159984,3.7008951612159984,1180.65051901659,1324.8820527898276,3.7328157845398175,2.26853535637757,880.7350758299266,1196.4296436122456,3.766152349042224,3.766152349042224,1196.4296436122456,1243.7542154145128,3.7538704568571277,3.214398720165772,1080.1211186398123,907.7850037082181,1180.65051901659,hourly_window_mean_factor_top_available_analogs,4,29991.704355,,29991.704355,0.0,27.049927878291523,-15.779124595655654,9.094947017729282e-12,27.049927878291523,-15.779124595655654,9.094947017729282e-12,-880.7350758299266,-1196.4296436122456,-1080.1211186398123,1366.140834847856,3.8476426092108613,1324.8820527898276,3.7328157845398175,1180.65051901659,3.7008951612159984,1196.4296436122456,3.766152349042224,1243.7542154145128,3.7538704568571277,-15.77912459565573,-0.06525718782622558,0.11482682467104377,0.0010895536201367406,880.7350758299266,1196.4296436122456,1080.1211186398123
experiment_2026_06_15_11_12,SEN_demand_SIN,2026-04-02,Maundy Thursday,H1,G,observance_tier,True,2026-04-02,12,True,True,2,False,2,8,2,pearson,LassoReg,,2,{},2026-04-01 10:00:00,2026-04-03,480.99857515069704,1.2430647371173589,1198.542194,3.525,,14,24,2,4,2,2,0.05891348297031645,38924.496778730994,37601.43109801248,480.99857515069704,1.2430647371173589,-1.1226909894335497,-433.7599366257288,627.4665171055785,1.5744039463565824,-1.5744039463565824,-627.4665171055785,395.5589423436829,1.049783531727812,-0.8591917645617807,-320.7644313458165,992.7151525763018,2.500646215420977,-2.500646215420977,-992.7151525763018,346.8747205250732,0.9330311020807897,-0.33741061924212495,-107.70272732122885,584.8159323334206,1.5105735122587536,-1.1343921546764388,-433.7599366257294,-627.4665171055785,-320.7644313458165,hourly_window_mean_factor_top_available_analogs,2,36770.843829342106,,36770.843829342106,0.0,365.2486354707232,-213.0617040245876,5.74417706382902e-13,365.2486354707232,-213.0617040245876,5.74417706382902e-13,992.7151525763018,107.70272732122888,433.7599366257294,627.4665171055785,1.5744039463565824,992.7151525763018,2.500646215420977,395.5589423436829,1.049783531727812,346.8747205250732,0.9330311020807897,584.8159323334206,1.5105735122587536,48.68422181860967,0.11675242964702226,-0.9262422690643948,-0.2675087751413947,992.7151525763018,107.70272732122888,433.7599366257294
experiment_2026_06_15_11_12,SEN_demand_SIN,2026-04-03,Good Friday,H2,G,observance_tier,True,2026-04-03,12,True,True,2,False,2,8,2,pearson,LassoReg,,2,{},2026-04-02 10:00:00,2026-04-04,518.617251545482,1.5491247125493885,1198.542194,3.525,,14,24,2,4,2,2,0.08044831523197146,35930.20871791694,34408.94599030361,518.617251545482,1.5491247125493885,-1.2951736563376528,-421.9192442327293,250.29847419530986,0.6519177092473003,-0.6374199949076959,-244.58767953979623,675.1365383330823,2.0724954644756064,-1.6788632921717943,-525.3626569702736,964.066185739185,2.5776471697689525,-2.5776471697689525,-964.066185739185,436.24161775104267,1.3083266000348348,-0.4112959164660248,-105.66686168729682,630.7033006940425,1.775971020463194,-1.2094253255776297,-421.9192442327293,-244.58767953979623,-525.3626569702736,hourly_window_mean_factor_top_available_analogs,2,33263.60858710527,,33263.60858710527,0.0,719.4785061993888,-419.6957952829768,0.0,719.4785061993888,-419.6957952829768,0.0,964.066185739185,105.66686168729683,421.9192442327293,250.29847419530986,0.6519177092473003,964.066185739185,2.5776471697689525,675.1365383330823,2.0724954644756064,436.24161775104267,1.3083266000348348,630.7033006940425,1.775971020463194,238.89492058203962,0.7641688644407716,-1.9257294605216522,-0.22684630791380545,964.066185739185,105.66686168729683,421.9192442327293
experiment_2026_06_15_11_12,SEN_demand_SIN,2026-04-04,Holy Saturday,H3,G,observance_tier,True,2026-04-04,12,True,True,2,False,2,8,2,pearson,LassoReg,,2,{},2026-04-03 10:00:00,2026-04-05,421.4630776226709,1.2322684892636173,1199.039058,3.514,,14,24,2,4,2,2,0.06507561338425397,34226.37769647371,34119.43339632013,421.4630776226709,1.2322684892636173,-0.0521424881114185,0.43809299997155904,571.4611582259028,1.6889167060397428,-0.29689933142669983,-57.35363959414254,333.96419727078563,0.9658903628108776,0.09063233715582912,34.149937013204784,604.6764155787953,1.7592310187578595,0.16431947988052595,101.05267502200617,630.1537228920906,1.8415524715737448,-0.1347171647995132,-58.25374651288106,620.7673465135082,1.8112235152731557,-0.024545769391077787,0.43809299997213347,-57.35363959414254,34.149937013204784,hourly_window_mean_factor_top_available_analogs,2,32040.751780394734,,32040.751780394734,0.0,-158.4063146161487,92.40368352608584,-5.74417706382902e-13,-158.4063146161487,92.40368352608584,-5.74417706382902e-13,-101.05267502200616,58.25374651288106,-0.43809299997213347,571.4611582259028,1.6889167060397428,604.6764155787953,1.7592310187578595,333.96419727078563,0.9658903628108776,630.1537228920906,1.8415524715737448,620.7673465135082,1.8112235152731557,-296.189525621305,-0.8756621087628672,-0.07031431271811672,-0.5789550260095384,101.05267502200616,58.25374651288106,0.43809299997213347
experiment_2026_06_15_11_12,SEN_demand_SIN,2026-05-01,Labor Day,H2,F,observance_tier,True,2026-05-01,12,True,True,2,False,2,8,2,pearson,LassoReg,,2,{},2026-04-30 10:00:00,2026-05-02,1493.054470044626,3.6437612209079617,1170.462307,3.453,,14,24,2,4,2,2,0.07663368257277703,43540.78921752344,41273.02238630248,1493.054470044626,3.6437612209079617,-3.578861089420157,-1463.4734280497462,1027.2466424736365,2.209426376741613,-2.209426376741613,-1027.2466424736365,1764.7757027943699,4.4804565466716655,-4.377698005149308,-1717.9390529691434,812.7392094320733,1.7573158449749162,-1.6696030189423514,-770.5142549799966,1919.242999409664,4.892744850748709,-4.779589145616954,-1867.699612340444,1511.5837083652884,3.737586795989943,-3.6338047831578892,-1463.4734280497528,-1027.2466424736365,-1717.9390529691434,hourly_window_mean_factor_top_available_analogs,2,35195.024286052634,,35195.024286052634,0.0,-256.73238749364,149.7605593713006,6.701539907800524e-12,-256.73238749364,149.7605593713006,6.701539907800524e-12,770.5142549799965,1867.699612340444,1463.4734280497528,1027.2466424736365,2.209426376741613,812.7392094320733,1.7573158449749162,1764.7757027943699,4.4804565466716655,1919.242999409664,4.892744850748709,1511.5837083652884,3.737586795989943,-154.46729661529412,-0.41228830407704375,0.4521105317666969,-0.09382557508198142,770.5142549799965,1867.699612340444,1463.4734280497528
