experiment_id,unique_id,target_date,holiday_label,holiday_day_type,analog_cluster,cluster_filter_label,filter_by_cluster,train_end,eligible_tuning_dates,target_exists,target_has_complete_profile,selected_analogs,fail,optuna_k_min,optuna_k_max,k,typedist,typereg,scale_method,n_components,regressor_params,forecast_start,forecast_end,mae_window,mape_window_pct,tuning_best_mean_mae,tuning_best_mean_mape_pct,error,bias_head_hours,bias_tail_hours,hourly_factor_analog_count,hourly_factor_requested_analogs,hourly_factor_available_neighbors,hourly_factor_selected_analogs,hourly_factor_mean_abs,forecast_window_mean_38,forecast_daily_mean_24,mae_38,mape_38_pct,mpe_38_pct,bias_38,mae_14,mape_14_pct,mpe_14_pct,bias_14,mae_24,mape_24_pct,mpe_24_pct,bias_24,mae_14_bias_adjusted,mape_14_bias_adjusted_pct,mpe_14_bias_adjusted_pct,bias_14_bias_adjusted,mae_24_bias_adjusted,mape_24_bias_adjusted_pct,mpe_24_bias_adjusted_pct,bias_24_bias_adjusted,mae_38_bias_adjusted,mape_38_bias_adjusted_pct,mpe_38_bias_adjusted_pct,bias_38_bias_adjusted,head_bias_mean,tail_bias_mean,bias_model_method,bias_train_samples,predicted_head_bias_mean,predicted_tail_bias_mean,predicted_full_bias_mean,predicted_bias_14,predicted_bias_24,predicted_bias_38,bias_14_prediction_error,bias_24_prediction_error,bias_38_prediction_error,mae_head14,mape_head14_pct,mae_head14_bias_adjusted,mape_head14_bias_adjusted_pct,mae_holiday24_raw,mape_holiday24_raw_pct,mae_holiday24_bias_adjusted,mape_holiday24_bias_adjusted_pct,mae_window_bias_adjusted,mape_window_bias_adjusted_pct,mae_holiday24_improvement,mape_holiday24_improvement_pct,mape_window_improvement_pct
experiment_2026_08_25_00_38_criterion_observance_tier,SEN_demand_CEL,2025-01-01,New Year's Day,H3,H,observance_tier,True,2025-01-01,19,True,True,4,False,2,6,4,euclidian,PLS,standard,3,{},2024-12-31 10:00:00,2025-01-02,334.5800140619827,6.998353305494113,242.216068,4.199,,14,24,4,4,4,4,0.11776064297372676,4830.237612934114,4317.710216154565,334.5800140619827,6.998353305494113,6.973472507078585,333.0040344343063,233.02390871892263,3.9787147397870455,3.91118114408775,228.7462497295152,393.8210755121011,8.759809135489904,8.759809135489904,393.8210755121011,576.7847762083157,9.716666268597853,9.716666268597853,576.7847762083157,193.83983322946779,4.104636304595886,4.03458571741832,190.79860173280235,334.9248122216749,6.172226291333453,6.127983815221306,333.00403443430736,228.7462497295152,393.8210755121011,hourly_window_mean_factor_top_available_analogs,4,-348.0385264788005,203.0224737792988,-9.693298795211473e-13,-348.0385264788005,203.0224737792988,-9.693298795211473e-13,-576.7847762083157,-190.79860173280233,-333.00403443430724,233.02390871892263,3.9787147397870455,576.7847762083157,9.716666268597853,393.8210755121011,8.759809135489904,193.83983322946779,4.104636304595886,334.9248122216749,6.172226291333453,199.98124228263333,4.655172830894019,0.8261270141606607
experiment_2026_08_25_00_38_criterion_observance_tier,SEN_demand_CEL,2025-02-03,Constitution Day,H2,H,observance_tier,True,2025-02-03,19,True,True,4,False,2,6,4,euclidian,RidgeReg,standard,2,{'alpha': 0.27540427081709706},2025-02-02 10:00:00,2025-02-04,134.6000224209531,2.1908236274141193,224.456966,3.787,,14,24,4,4,4,4,0.09221357847409573,5913.473760074944,5698.372415295402,134.6000224209531,2.1908236274141193,1.0905597109636427,71.15769545137174,106.1648188196042,1.746818703327355,-0.739313218402103,-40.96816183987149,151.18722452173995,2.4498264997980645,2.157985586426994,136.56444553793028,157.7786517699084,2.6163492554507024,-2.0371445996557886,-120.73969380456161,188.65294762911216,3.090016552776588,2.974006820862859,183.09783918399958,177.2782070494055,2.91550754849863,1.1277931396191467,71.15769545137178,-40.96816183987149,136.56444553793028,hourly_window_mean_factor_top_available_analogs,4,79.77153196469011,-46.53339364606931,-4.786814219857517e-14,79.77153196469011,-46.53339364606931,-4.786814219857517e-14,120.7396938045616,-183.09783918399958,-71.15769545137178,106.1648188196042,1.746818703327355,157.7786517699084,2.6163492554507024,151.18722452173995,2.4498264997980645,188.65294762911216,3.090016552776588,177.2782070494055,2.91550754849863,-37.46572310737221,-0.6401900529785234,-0.7246839210845106
experiment_2026_08_25_00_38_criterion_observance_tier,SEN_demand_CEL,2025-03-17,Benito Juarez's Birthday,H2,H,observance_tier,True,2025-03-17,19,True,True,4,False,2,6,4,euclidian,RidgeReg,standard,2,{'alpha': 0.27540427081709706},2025-03-16 10:00:00,2025-03-18,85.60981368458667,1.4054998731192305,199.538352,3.382,,14,24,4,4,4,4,0.09415207608295928,6110.876632437543,5956.42139165463,85.60981368458667,1.4054998731192305,-0.4630703244974071,-31.9131632270161,65.3709077615364,1.0211613856845536,-0.1442218399242416,-7.656479493964396,97.41584213969934,1.6296973241227921,-0.6490652738317537,-46.06289540462959,246.5759074025163,3.9404566387313458,-3.333153571497597,-205.07424756481467,113.69192916058228,1.9181420535649465,1.1885182561638297,69.09746930336564,162.64918430234744,2.6632053217841465,-0.4773608382377491,-31.91316322701658,-7.656479493964396,-46.06289540462959,hourly_window_mean_factor_top_available_analogs,4,197.4177680708503,-115.16036470799524,4.786814219857517e-13,197.4177680708503,-115.16036470799524,4.786814219857517e-13,205.07424756481467,-69.09746930336564,31.91316322701658,65.3709077615364,1.0211613856845536,246.5759074025163,3.9404566387313458,97.41584213969934,1.6296973241227921,113.69192916058228,1.9181420535649465,162.64918430234744,2.6632053217841465,-16.27608702088294,-0.2884447294421544,-1.257705448664916
experiment_2026_08_25_00_38_criterion_observance_tier,SEN_demand_CEL,2025-04-17,Maundy Thursday,H1,G,observance_tier,True,2025-04-17,19,True,True,3,False,2,6,3,euclidian,PLS,standard,3,{},2025-04-16 10:00:00,2025-04-18,186.554173007792,2.8035066560102124,188.612635,3.151,,14,24,3,4,3,3,0.09180938954072931,6501.294502739321,6093.033742714896,186.554173007792,2.8035066560102124,2.554845011542653,169.03084199752152,90.72219298339984,1.2245227109715713,0.6135319711883047,47.4524107902365,242.4561613553541,3.7245806239494197,3.6872776184160236,239.95159353510448,82.55025679863664,1.1305346302185693,-0.06625378756952846,-1.9928193452050695,275.2489140873598,4.1951007108747085,4.090844789060726,268.7946444474452,204.25467192835654,3.0660500495803418,2.559282155565369,169.0308419975214,47.4524107902365,239.95159353510448,hourly_window_mean_factor_top_available_analogs,3,49.44523013544157,-28.843050912340725,1.1967035549643792e-13,49.44523013544157,-28.843050912340725,1.1967035549643792e-13,1.9928193452050706,-268.7946444474452,-169.0308419975214,90.72219298339984,1.2245227109715713,82.55025679863664,1.1305346302185693,242.4561613553541,3.7245806239494197,275.2489140873598,4.1951007108747085,204.25467192835654,3.0660500495803418,-32.79275273200571,-0.4705200869252888,-0.26254339357012935
experiment_2026_08_25_00_38_criterion_observance_tier,SEN_demand_CEL,2025-04-18,Good Friday,H2,G,observance_tier,True,2025-04-18,19,True,True,3,False,2,6,3,euclidian,PLS,standard,3,{},2025-04-17 10:00:00,2025-04-19,118.84095932973175,1.8923255521140738,187.600267,3.08,,14,24,3,4,3,3,0.09101455174895651,6106.2672124776755,5713.903509680677,118.84095932973175,1.8923255521140738,0.8453471002379139,53.51388725916592,106.34982341093908,1.603109077721362,-0.656671490234728,-40.170190843958345,126.1274552823608,2.061035162176489,1.7215246113469551,108.16293281932174,115.40519214622971,1.744787699330514,-0.7832074011232258,-48.15487331986041,133.39292362542486,2.151928834308797,1.7735404440221396,112.82066426359911,126.7658646594056,2.0019294687904825,0.8315807116001629,53.513887259166665,-40.170190843958345,108.16293281932174,hourly_window_mean_factor_top_available_analogs,3,7.984682475902056,-4.657731444277374,-7.419562040779151e-13,7.984682475902056,-4.657731444277374,-7.419562040779151e-13,48.1548733198604,-112.82066426359911,-53.51388725916666,106.34982341093908,1.603109077721362,115.40519214622971,1.744787699330514,126.1274552823608,2.061035162176489,133.39292362542486,2.151928834308797,126.7658646594056,2.0019294687904825,-7.265468343064057,-0.09089367213230792,-0.10960391667640867
experiment_2026_08_25_00_38_criterion_observance_tier,SEN_demand_CEL,2025-04-19,Holy Saturday,H3,G,observance_tier,True,2025-04-19,19,True,True,3,False,2,6,3,euclidian,PLS,standard,3,{},2025-04-18 10:00:00,2025-04-20,125.28780536802488,2.0765999908415664,180.879205,2.971,,14,24,3,4,3,3,0.07435965933044432,5876.1125694065095,5766.784402919671,125.28780536802488,2.0765999908415664,1.8876793578161648,115.49693059349013,108.5250582651996,1.7375799371878522,1.7187097424967095,107.35668018748025,135.06607451133962,2.274361688806232,1.9862449667525135,120.24540999699589,99.52289633073158,1.6427293047917413,-0.6532420245964239,-36.041293160179585,207.49207110057299,3.400883542260514,3.334730754901814,203.8942277831313,167.7139540801051,2.753142507403598,1.8654776256129897,115.49693059349045,107.35668018748025,120.24540999699589,hourly_window_mean_factor_top_available_analogs,3,143.39797334765984,-83.6488177861354,-3.111429242907386e-13,143.39797334765984,-83.6488177861354,-3.111429242907386e-13,36.04129316017959,-203.89422778313127,-115.49693059349045,108.5250582651996,1.7375799371878522,99.52289633073158,1.6427293047917413,135.06607451133962,2.274361688806232,207.49207110057299,3.400883542260514,167.7139540801051,2.753142507403598,-72.42599658923336,-1.1265218534542822,-0.6765425165620313
experiment_2026_08_25_00_38_criterion_observance_tier,SEN_demand_CEL,2025-05-01,Labor Day,H2,F,observance_tier,True,2025-05-01,19,True,True,3,False,2,6,3,euclidian,PLS,,2,{},2025-04-30 10:00:00,2025-05-02,134.7551945907272,1.9949817930558054,183.033298,3.055,,14,24,3,4,3,3,0.08850594485067921,6909.0314436208355,6450.873004173183,134.7551945907272,1.9949817930558054,-1.1806495849868124,-70.54313230504651,134.28669941319205,1.7290751546877583,0.4558511477543553,38.5701844689023,135.02848344428938,2.1500939987704992,-2.1352750124191604,-134.19256708984997,235.294077284168,3.0335604453287384,1.8738593186531636,148.44138564515202,198.2841011093283,3.1351881237133816,-3.1351881237133816,-198.2841011093283,211.91935548953242,3.097746347466408,-1.2897495923151812,-70.54313230504609,38.5701844689023,-134.19256708984997,hourly_window_mean_factor_top_available_analogs,3,-109.87120117624974,64.09153401947833,-4.308132797871765e-13,-109.87120117624974,64.09153401947833,-4.308132797871765e-13,-148.44138564515202,198.2841011093283,70.54313230504609,134.28669941319205,1.7290751546877583,235.294077284168,3.0335604453287384,135.02848344428938,2.1500939987704992,198.2841011093283,3.1351881237133816,211.91935548953242,3.097746347466408,-63.255617665038926,-0.9850941249428824,-1.1027645544106026
experiment_2026_08_25_00_38_criterion_observance_tier,SEN_demand_CEL,2025-09-16,Independence Day,H2,H,observance_tier,True,2025-09-16,19,True,True,3,False,2,6,3,euclidian,PLS,,2,{},2025-09-15 10:00:00,2025-09-17,579.0731479918358,9.55453913762022,186.393219,3.104,,14,24,3,4,3,3,0.12430546995644234,5259.552251745005,5015.350434637054,579.0731479918358,9.55453913762022,9.55453913762022,579.0731479918358,857.6763482127901,13.085705696290407,13.085705696290407,857.6763482127901,416.55461452961225,7.494691978395945,7.494691978395945,416.55461452961225,660.7689217485996,10.081193431117782,10.081193431117782,660.7689217485996,531.4172799670583,9.814662186635589,9.814662186635589,531.4172799670583,579.0731479918368,9.912857908286922,9.912857908286922,579.0731479918368,857.6763482127901,416.55461452961225,hourly_window_mean_factor_top_available_analogs,3,196.9074264641902,-114.86266543744601,-1.0890002350175852e-12,196.9074264641902,-114.86266543744601,-1.0890002350175852e-12,-660.7689217486,-531.4172799670582,-579.0731479918369,857.6763482127901,13.085705696290407,660.7689217485996,10.081193431117782,416.55461452961225,7.494691978395945,531.4172799670583,9.814662186635589,579.0731479918368,9.912857908286922,-114.86266543744608,-2.319970208239644,-0.3583187706667026
experiment_2026_08_25_00_38_criterion_observance_tier,SEN_demand_CEL,2025-11-17,Mexican Revolution Day,H2,F,observance_tier,True,2025-11-17,19,True,True,6,False,2,6,6,pearson,RidgeReg,standard,2,{'alpha': 0.8840579403635874},2025-11-16 10:00:00,2025-11-18,72.6760110255806,1.2084219733505748,201.896652,3.318,,14,24,4,4,6,4,0.0866534462124275,6190.919916822597,6062.013470331446,72.6760110255806,1.2084219733505748,-0.760786175206927,-44.5118715594382,67.84564371347953,1.0591877084172796,-0.32918541025885,-20.300581521710097,75.4937252909729,1.295475294561664,-1.0125532880933052,-58.63512408144626,74.69076371665089,1.1518881093090552,-0.4143573856245603,-28.00437086045349,89.1200814478962,1.4686348212373215,-0.8217044218544585,-54.14124696718034,83.8040170205953,1.351938664211118,-0.6716291979802854,-44.511871559438866,-20.300581521710097,-58.63512408144626,hourly_window_mean_factor_top_available_analogs,4,7.703789338743393,-4.493877114265918,6.701539907800523e-13,7.703789338743393,-4.493877114265918,6.701539907800523e-13,28.00437086045349,54.14124696718034,44.511871559438866,67.84564371347953,1.0591877084172796,74.69076371665089,1.1518881093090552,75.4937252909729,1.295475294561664,89.1200814478962,1.4686348212373215,83.8040170205953,1.351938664211118,-13.626356156923293,-0.17315952667565737,-0.1435166908605432
experiment_2026_08_25_00_38_criterion_observance_tier,SEN_demand_CEL,2025-12-24,Christmas Eve,H1,G,observance_tier,True,2025-12-24,19,True,True,6,False,2,6,6,pearson,RidgeReg,standard,2,{'alpha': 0.9923167043710925},2025-12-23 10:00:00,2025-12-25,172.21123062805427,2.668280469098319,200.04101,3.282,,14,24,4,4,6,4,0.08533276280609597,6461.7690458289035,6094.602380049542,172.21123062805427,2.668280469098319,0.03742677219835631,13.377446013200753,163.09930828094244,2.2202115601956627,2.1097425151269693,155.37333712075952,177.5265186638695,2.9296539992915354,-1.1714240778433342,-69.45349046620852,141.02809343537123,1.9292149886536598,1.6550939513766654,121.81468749066698,189.1316892657488,3.1322957123046677,-0.825539621930496,-49.877611515319664,171.40931185455707,2.6890554456964018,0.08837801034056349,13.377446013201734,155.37333712075952,-69.45349046620852,hourly_window_mean_factor_top_available_analogs,4,33.55864963009253,-19.575878950888864,-9.81296915070791e-13,33.55864963009253,-19.575878950888864,-9.81296915070791e-13,-121.81468749066698,49.87761151531966,-13.377446013201734,163.09930828094244,2.2202115601956627,141.02809343537123,1.9292149886536598,177.5265186638695,2.9296539992915354,189.1316892657488,3.1322957123046677,171.40931185455707,2.6890554456964018,-11.605170601879308,-0.20264171301313239,-0.020774976598082695
experiment_2026_08_25_00_38_criterion_observance_tier,SEN_demand_CEL,2025-12-25,Christmas Day,H2,H,observance_tier,True,2025-12-25,19,True,True,6,False,2,6,6,pearson,RidgeReg,standard,2,{'alpha': 0.8840579403635874},2025-12-24 10:00:00,2025-12-26,184.42206803345704,3.5490379277599446,203.109055,3.324,,14,24,4,4,6,4,0.11969041409691053,5617.987248184337,5206.220188458152,184.42206803345704,3.5490379277599446,-2.7979063160022775,-136.33679923696837,179.89693894066627,2.9034801718133685,-0.8756940435293695,-49.98590914351065,187.06172667091832,3.9256132853954466,-3.9191968082781408,-186.7081517914854,225.4582602868571,3.6337851682879028,-0.32931196986749695,-14.557276903753193,207.37485393134375,4.262504854597478,-4.262504854597478,-207.37485393134375,214.03716153600658,4.030871285957107,-2.813433791802222,-136.3367992369683,-49.98590914351065,-186.7081517914854,hourly_window_mean_factor_top_available_analogs,4,-35.42863223975746,20.666702139858405,-7.180221329786275e-14,-35.42863223975746,20.666702139858405,-7.180221329786275e-14,14.557276903753191,207.3748539313438,136.3367992369683,179.89693894066627,2.9034801718133685,225.4582602868571,3.6337851682879028,187.06172667091832,3.9256132853954466,207.37485393134375,4.262504854597478,214.03716153600658,4.030871285957107,-20.313127260425432,-0.33689156920203134,-0.48183335819716255
experiment_2026_08_25_00_38_criterion_observance_tier,SEN_demand_CEL,2025-12-31,New Year's Eve,H1,G,observance_tier,True,2025-12-31,19,True,True,3,False,2,7,3,pearson,RidgeReg,,2,{'alpha': 0.019182362923549145},2025-12-30 10:00:00,2026-01-01,114.1739698215336,1.8002105051825732,171.898502,2.832,,14,24,3,4,3,3,0.0933048851691628,6119.609362270316,5708.306475488166,114.1739698215336,1.8002105051825732,1.6142207101752202,102.6726603612622,140.13744282895712,2.0008488064854517,1.6270805998544309,115.88342896028247,99.02861056720322,1.683171496089227,1.6067191078623473,94.96637867850036,145.7855613653962,2.0802950049211533,1.609027079167656,115.15980726223746,96.85843725415066,1.646645780589471,1.6173530558650475,95.38849133569526,114.88421982145165,1.8064112842906177,1.6142855907660087,102.67266036126344,115.88342896028247,94.96637867850036,hourly_window_mean_factor_top_available_analogs,3,0.7236216980450081,-0.42211265719489194,-1.2445716971629545e-12,0.7236216980450081,-0.42211265719489194,-1.2445716971629545e-12,-115.15980726223746,-95.38849133569525,-102.67266036126345,140.13744282895712,2.0008488064854517,145.7855613653962,2.0802950049211533,99.02861056720322,1.683171496089227,96.85843725415066,1.646645780589471,114.88421982145165,1.8064112842906177,2.1701733130525582,0.03652571549975603,-0.006200779108044507
experiment_2026_08_25_00_38_criterion_observance_tier,SEN_demand_CEL,2026-01-01,New Year's Day,H3,H,observance_tier,True,2026-01-01,19,True,True,3,False,2,8,3,pearson,RidgeReg,,2,{'alpha': 0.0010369729150838272},2025-12-31 10:00:00,2026-01-02,87.73410689303516,1.708860317196806,173.140714,2.848,,14,24,3,4,3,3,0.13726563481832144,5271.563753475525,4818.851376180304,87.73410689303516,1.708860317196806,1.539441018284453,77.76229310342127,58.30843274081202,0.958023577896476,0.5177698239286551,32.050593304093454,104.899083481832,2.146848415121998,2.1354158816586684,104.42745131969583,57.29545950848972,0.9379630394817575,0.6563566415019993,40.99268654480953,107.43377788631084,2.1737213839639513,1.9928449353513562,99.21123026261301,88.96176585237674,1.7184419938915645,1.5004545113015932,77.76229310342225,32.050593304093454,104.42745131969583,hourly_window_mean_factor_top_available_analogs,3,-8.942093240716076,5.216221057082824,-9.81296915070791e-13,-8.942093240716076,5.216221057082824,-9.81296915070791e-13,-40.99268654480953,-99.21123026261301,-77.76229310342225,58.30843274081202,0.958023577896476,57.29545950848972,0.9379630394817575,104.899083481832,2.146848415121998,107.43377788631084,2.1737213839639513,88.96176585237674,1.7184419938915645,-2.5346944044788415,-0.026872968841953337,-0.009581676694758512
experiment_2026_08_25_00_38_criterion_observance_tier,SEN_demand_CEL,2026-02-02,Constitution Day,H2,H,observance_tier,True,2026-02-02,19,True,True,3,False,2,8,3,pearson,RidgeReg,,2,{'alpha': 0.0010369729150838272},2026-02-01 10:00:00,2026-02-03,108.18624410549522,1.8168395897027636,157.50306,2.603,,14,24,3,4,3,3,0.08737745363961036,6127.5461305768185,5977.614352413512,108.18624410549522,1.8168395897027636,-0.4571331045740818,-30.49329715576536,137.6633219687119,2.2720413095662892,-1.7508995696817562,-101.51392671391295,90.99128201861883,1.5513052531157066,0.29756400007206146,10.935403419820735,99.2776980775512,1.6344298133958,-1.0264544547275611,-58.107251376510376,129.6534373994949,2.1887843833669938,-0.047159545978435226,-14.385157193665009,118.46237554404195,1.9845484891670806,-0.4079524070965342,-30.493297155765934,-101.51392671391295,10.935403419820735,hourly_window_mean_factor_top_available_analogs,3,-43.406675337402575,25.320560613485743,5.74417706382902e-13,-43.406675337402575,25.320560613485743,5.74417706382902e-13,58.107251376510376,14.385157193665007,30.493297155765937,137.6633219687119,2.2720413095662892,99.2776980775512,1.6344298133958,90.99128201861883,1.5513052531157066,129.6534373994949,2.1887843833669938,118.46237554404195,1.9845484891670806,-38.66215538087606,-0.6374791302512872,-0.167708899464317
experiment_2026_08_25_00_38_criterion_observance_tier,SEN_demand_CEL,2026-03-16,Benito Juarez's Birthday,H2,H,observance_tier,True,2026-03-16,19,True,True,3,False,2,8,3,pearson,RidgeReg,,2,{'alpha': 0.0010369729150838272},2026-03-15 10:00:00,2026-03-17,182.96699196728764,2.879657782207583,140.070058,2.32,,14,24,3,4,3,3,0.08512450604001298,6221.855492897482,6025.146056152407,182.96699196728764,2.879657782207583,2.1218687047699176,135.72997473409643,118.65462302962194,1.8043383748244213,-0.2525176925063871,-9.560138031897102,220.4825405142593,3.5069274365144274,3.5069274365144274,220.4825405142593,97.94073662922612,1.49329766019573,-0.22222197933478663,-9.068939824891654,220.21617714547733,3.6065677574754638,3.6062622480652657,220.19600822684052,175.16733063949005,2.8279945637408246,2.195768059023141,135.72997473409708,-9.560138031897102,220.4825405142593,hourly_window_mean_factor_top_available_analogs,3,-0.4911982070054494,0.2865322874187844,-6.701539907800523e-13,-0.4911982070054494,0.2865322874187844,-6.701539907800523e-13,9.068939824891652,-220.19600822684052,-135.7299747340971,118.65462302962194,1.8043383748244213,97.94073662922612,1.49329766019573,220.4825405142593,3.5069274365144274,220.21617714547733,3.6065677574754638,175.16733063949005,2.8279945637408246,0.2663633687819811,-0.09964032096103637,0.051663218466758476
experiment_2026_08_25_00_38_criterion_observance_tier,SEN_demand_CEL,2026-04-02,Maundy Thursday,H1,G,observance_tier,True,2026-04-02,19,True,True,3,False,2,8,3,pearson,RidgeReg,,2,{'alpha': 0.0010369729150838272},2026-04-01 10:00:00,2026-04-03,65.45570275696606,0.9582505809483456,143.361227,2.366,,14,24,3,4,3,3,0.08028144311702794,6786.4737145730915,6448.609060826869,65.45570275696606,0.9582505809483456,-0.213549212805563,-15.119533257303111,85.7106722263791,1.1876805683404972,-0.560583538196263,-38.56692385233354,53.64030389980845,0.8244164216362568,-0.011112522994321325,-1.441888743535363,82.38003304694186,1.1523384178924776,-0.9929145656154251,-70.72275547647443,73.41896949855952,1.1513967862281054,0.33359648016246113,17.315679703882022,76.720413963753,1.1517437031570845,-0.15511811565044428,-15.119533257301939,-38.56692385233354,-1.441888743535363,hourly_window_mean_factor_top_available_analogs,3,32.1558316241409,-18.757568447417384,-1.1727694838650917e-12,32.1558316241409,-18.757568447417384,-1.1727694838650917e-12,70.72275547647445,-17.315679703882022,15.119533257301939,85.7106722263791,1.1876805683404972,82.38003304694186,1.1523384178924776,53.64030389980845,0.8244164216362568,73.41896949855952,1.1513967862281054,76.720413963753,1.1517437031570845,-19.77866559875107,-0.32698036459184854,-0.19349312220873893
experiment_2026_08_25_00_38_criterion_observance_tier,SEN_demand_CEL,2026-04-03,Good Friday,H2,G,observance_tier,True,2026-04-03,19,True,True,3,False,2,8,3,pearson,RidgeReg,,2,{'alpha': 0.0010369729150838272},2026-04-02 10:00:00,2026-04-04,67.01249338247608,1.0797747334993488,140.844108,2.297,,14,24,3,4,3,3,0.08916960232795662,6272.140872032997,5933.72818099419,67.01249338247608,1.0797747334993488,-0.4174288803359643,-24.353208875101917,64.77167250696233,0.9523297829107609,-0.4737200511014401,-31.877350242380608,68.31963889319245,1.1541176213426918,-0.3845923640561035,-19.96412641085601,99.76375284701193,1.4592292934330928,-1.371254183740153,-93.67085172793934,74.68322834342189,1.2890895467709569,0.28486267299584295,16.08208278905219,83.92342158158664,1.3517726113306912,-0.32528564264373444,-24.353208875102585,-31.877350242380608,-19.96412641085601,hourly_window_mean_factor_top_available_analogs,3,61.793501485558735,-36.0462091999082,6.701539907800523e-13,61.793501485558735,-36.0462091999082,6.701539907800523e-13,93.67085172793935,-16.082082789052187,24.353208875102588,64.77167250696233,0.9523297829107609,99.76375284701193,1.4592292934330928,68.31963889319245,1.1541176213426918,74.68322834342189,1.2890895467709569,83.92342158158664,1.3517726113306912,-6.363589450229441,-0.13497192542826508,-0.2719978778313423
experiment_2026_08_25_00_38_criterion_observance_tier,SEN_demand_CEL,2026-04-04,Holy Saturday,H3,G,observance_tier,True,2026-04-04,19,True,True,3,False,2,8,3,pearson,RidgeReg,,2,{'alpha': 0.0010369729150838272},2026-04-03 10:00:00,2026-04-05,89.05114403900205,1.4469320374285244,126.317996,2.053,,14,24,3,4,3,3,0.07626305418591471,6050.510950018599,5957.02117635482,89.05114403900205,1.4469320374285244,0.4005217259060596,24.873088665612038,63.22752227308495,1.0130662558072558,0.2108704879548158,14.84514298635187,104.1149234024537,1.700020410040931,0.5111516147109519,30.72272364518047,62.6782263050974,1.0282156374165132,-0.37886071066940236,-21.766816593742597,137.1818337567231,2.2850265103953835,0.9595049715073328,52.07970006690122,109.73313627454522,1.8219909256136944,0.4664228780737988,24.87308866561139,14.84514298635187,30.72272364518047,hourly_window_mean_factor_top_available_analogs,3,36.61195958009447,-21.35697642172075,6.462199196807648e-13,36.61195958009447,-21.35697642172075,6.462199196807648e-13,21.7668165937426,-52.07970006690122,-24.87308866561139,63.22752227308495,1.0130662558072558,62.6782263050974,1.0282156374165132,104.1149234024537,1.700020410040931,137.1818337567231,2.2850265103953835,109.73313627454522,1.8219909256136944,-33.06691035426941,-0.5850061003544524,-0.37505888818516997
experiment_2026_08_25_00_38_criterion_observance_tier,SEN_demand_CEL,2026-05-01,Labor Day,H2,F,observance_tier,True,2026-05-01,19,True,True,3,False,2,8,3,pearson,RidgeReg,,2,{'alpha': 0.0010369729150838272},2026-04-30 10:00:00,2026-05-02,164.4175518402601,2.3154212914971763,125.185627,2.032,,14,24,3,4,3,3,0.10848797292178362,7232.506988762916,6669.940442376889,164.4175518402601,2.3154212914971763,-1.1835665353914713,-91.77557271028392,172.6749948216434,2.1609712680628497,-1.9950680972053874,-158.92930399610415,159.60071010111983,2.4055171385005334,-0.7101906243333534,-52.60256279355546,220.83905161427109,2.76292893198028,-2.234867781731835,-175.85013828681608,135.40412576650715,2.052253522154649,-0.616917808941412,-42.732076123974515,166.88015107884124,2.3140813047219866,-1.213004641022094,-91.77557271028456,-158.92930399610415,-52.60256279355546,hourly_window_mean_factor_top_available_analogs,3,16.92083429071194,-9.870486669580941,6.462199196807648e-13,16.92083429071194,-9.870486669580941,6.462199196807648e-13,175.8501382868161,42.732076123974515,91.77557271028456,172.6749948216434,2.1609712680628497,220.83905161427109,2.76292893198028,159.60071010111983,2.4055171385005334,135.40412576650715,2.052253522154649,166.88015107884124,2.3140813047219866,24.19658433461268,0.3532636163458842,0.001339986775189761
experiment_2026_08_25_00_38_criterion_observance_tier,SEN_demand_NES,2025-01-01,New Year's Day,H3,H,observance_tier,True,2025-01-01,19,True,True,3,False,2,6,3,pearson,LassoReg,,2,{'alpha': 26.828108418639797},2024-12-31 10:00:00,2025-01-02,73.81697743898417,1.8493921174058616,339.763182,6.537,,14,24,3,4,3,3,0.08079084347989021,4098.90208923457,3846.5742591540693,73.81697743898417,1.8493921174058616,0.11319437053983139,2.733354975957797,64.58226893396792,1.4656407250455386,-0.4452260658036786,-18.844988658281732,79.20389073357698,2.0732470962827163,0.43893962507354534,15.320722095930856,76.79044730538989,1.6763112012923187,0.46920220092968457,25.073045005830505,91.57220715382999,2.3470371418783165,-0.373533642281634,-10.298130874803348,86.12629563072048,2.099927584820318,-0.06305201583535872,2.733354975956493,-18.844988658281732,15.320722095930856,hourly_window_mean_factor_top_available_analogs,3,-43.91803366411224,25.618852970734206,1.3044068749111733e-12,-43.91803366411224,25.618852970734206,1.3044068749111733e-12,-25.073045005830505,10.29813087480335,-2.733354975956493,64.58226893396792,1.4656407250455386,76.79044730538989,1.6763112012923187,79.20389073357698,2.0732470962827163,91.57220715382999,2.3470371418783165,86.12629563072048,2.099927584820318,-12.36831642025301,-0.27379004559560016,-0.2505354674144564
experiment_2026_08_25_00_38_criterion_observance_tier,SEN_demand_NES,2025-02-03,Constitution Day,H2,H,observance_tier,True,2025-02-03,19,True,True,3,False,2,6,3,pearson,LassoReg,,2,{'alpha': 26.828108418639797},2025-02-02 10:00:00,2025-02-04,189.976077377902,3.7292172464738633,313.648182,5.84,,14,24,3,4,3,3,0.05215733848473737,4673.316871232163,4628.0179335528455,189.976077377902,3.7292172464738633,2.723746162266578,145.16827771520607,123.73078020913401,2.612820025404939,0.03957970695285572,8.897717746152011,228.61916739301662,4.3804489587640685,4.289509927866251,224.6594376971543,117.07375773074507,2.499977987763124,-0.5470035100011332,-19.95770660785976,241.49176857032668,4.736850197797194,4.736850197797194,241.49176857032668,195.6535540504808,3.9127393835741158,2.7901672528188626,145.16827771520536,8.897717746152011,224.6594376971543,hourly_window_mean_factor_top_available_analogs,3,28.85542435401177,-16.832330873172396,7.180221329786276e-13,28.85542435401177,-16.832330873172396,7.180221329786276e-13,19.95770660785976,-241.49176857032668,-145.16827771520536,123.73078020913401,2.612820025404939,117.07375773074507,2.499977987763124,228.61916739301662,4.3804489587640685,241.49176857032668,4.736850197797194,195.6535540504808,3.9127393835741158,-12.87260117731006,-0.3564012390331257,-0.18352213710025245
experiment_2026_08_25_00_38_criterion_observance_tier,SEN_demand_NES,2025-03-17,Benito Juarez's Birthday,H2,H,observance_tier,True,2025-03-17,19,True,True,5,False,2,6,5,pearson,LassoReg,,2,{'alpha': 2.0519059010204037},2025-03-16 10:00:00,2025-03-18,241.97101798639832,4.420683832544564,302.969415,5.792,,14,24,4,4,5,4,0.051172364630211166,5036.6641519069435,4885.661620610255,241.97101798639832,4.420683832544564,2.808039324888329,163.09964335621362,171.949390576701,3.2510957338133926,-0.09100671015179625,6.127450870160699,282.81696730872176,5.102943556804415,4.4991495119950695,254.66675563974448,179.99337907037918,3.313093281232295,1.7630920769082337,103.29724120483901,219.349971731507,3.934933974520033,3.465289127692745,197.98437794451647,204.850174435302,3.705834771729813,2.838163898456346,163.09964335621424,6.127450870160699,254.66675563974448,hourly_window_mean_factor_top_available_analogs,4,-97.16979033467831,56.682377695228034,-6.222858485814772e-13,-97.16979033467831,56.682377695228034,-6.222858485814772e-13,-103.29724120483901,-197.98437794451644,-163.09964335621424,171.949390576701,3.2510957338133926,179.99337907037918,3.313093281232295,282.81696730872176,5.102943556804415,219.349971731507,3.934933974520033,204.850174435302,3.705834771729813,63.46699557721476,1.1680095822843817,0.7148490608147515
experiment_2026_08_25_00_38_criterion_observance_tier,SEN_demand_NES,2025-04-17,Maundy Thursday,H1,G,observance_tier,True,2025-04-17,19,True,True,3,False,2,6,3,pearson,LassoReg,,2,{'alpha': 83.72082882017594},2025-04-16 10:00:00,2025-04-18,800.2794515719067,10.978531757502248,304.867943,5.673,,14,24,3,4,3,3,0.05693595107660577,6466.286583595946,6026.159758652923,800.2794515719067,10.978531757502248,10.851995962903308,791.2637606145807,456.5315605287586,5.833437692307725,5.489983392682027,432.0603993588738,1000.7990546804099,13.979836628865721,13.979836628865721,1000.7990546804099,740.8823480380548,9.599027873717821,9.599027873717821,740.8823480380548,820.6529179508874,11.564551881751505,11.564551881751505,820.6529179508874,791.2637606145805,10.840411457739096,10.840411457739096,791.2637606145805,432.0603993588738,1000.7990546804099,hourly_window_mean_factor_top_available_analogs,3,-308.8219486791808,180.14613672952257,2.6327478209216345e-13,-308.8219486791808,180.14613672952257,2.6327478209216345e-13,-740.8823480380546,-820.6529179508873,-791.2637606145805,456.5315605287586,5.833437692307725,740.8823480380548,9.599027873717821,1000.7990546804099,13.979836628865721,820.6529179508874,11.564551881751505,791.2637606145805,10.840411457739096,180.14613672952248,2.4152847471142156,0.13812029976315188
experiment_2026_08_25_00_38_criterion_observance_tier,SEN_demand_NES,2025-04-18,Good Friday,H2,G,observance_tier,True,2025-04-18,19,True,True,6,False,2,6,6,pearson,PLS,,4,{},2025-04-17 10:00:00,2025-04-19,862.2089197840313,12.588349722233035,305.540277,5.407,,14,24,4,4,6,4,0.06816933926364226,6106.065154845195,5524.426163861858,862.2089197840313,12.588349722233035,11.102165486169,762.5134193653306,393.4179288912683,5.442022593879175,1.4080939531339336,122.81585632622397,1135.6703311381432,16.757040547106115,16.757040547106115,1135.6703311381432,568.198059705151,7.638314514796828,7.638314514796828,568.198059705151,875.8640458337696,12.936423301615074,12.936423301615074,875.8640458337696,762.5134193653312,10.984488485418877,10.984488485418877,762.5134193653312,122.81585632622397,1135.6703311381432,hourly_window_mean_factor_top_available_analogs,4,-445.38220337892704,259.8062853043734,-4.547473508864641e-13,-445.38220337892704,259.8062853043734,-4.547473508864641e-13,-568.198059705151,-875.8640458337698,-762.5134193653311,393.4179288912683,5.442022593879175,568.198059705151,7.638314514796828,1135.6703311381432,16.757040547106115,875.8640458337696,12.936423301615074,762.5134193653312,10.984488485418877,259.80628530437355,3.820617245491041,1.6038612368141578
experiment_2026_08_25_00_38_criterion_observance_tier,SEN_demand_NES,2025-04-19,Holy Saturday,H3,G,observance_tier,True,2025-04-19,19,True,True,5,False,2,6,5,pearson,RidgeReg,minmax,2,{'alpha': 1.7781539711064587},2025-04-18 10:00:00,2025-04-20,244.92366296258115,3.727906140982639,325.804905,5.68,,14,24,4,4,5,4,0.058949823824129055,6704.548585184958,6499.542065760663,244.92366296258115,3.727906140982639,-1.9771771900419726,-136.55622597443207,245.36817940135526,3.6640360694329415,-3.534787003097335,-236.1239899123228,244.66436170662965,3.765163682719963,-1.0685714657596777,-78.47503034399581,277.5821047867031,4.242402309829192,-3.987673639382817,-259.36332638731994,140.05070307099712,2.140880887736992,-0.997172188390956,-64.91875073358017,190.72016686099406,2.9151256221920137,-2.098935880861642,-136.55622597443167,-236.1239899123228,-78.47503034399581,hourly_window_mean_factor_top_available_analogs,4,23.23933647499715,-13.556279610415649,-4.0687920868788895e-13,23.23933647499715,-13.556279610415649,-4.0687920868788895e-13,259.36332638731994,64.91875073358017,136.55622597443167,245.36817940135526,3.6640360694329415,277.5821047867031,4.242402309829192,244.66436170662965,3.765163682719963,140.05070307099712,2.140880887736992,190.72016686099406,2.9151256221920137,104.61365863563253,1.624282794982971,0.8127805187906252
experiment_2026_08_25_00_38_criterion_observance_tier,SEN_demand_NES,2025-05-01,Labor Day,H2,F,observance_tier,True,2025-05-01,19,True,True,5,False,2,6,5,pearson,RidgeReg,minmax,2,{'alpha': 23.66154006460317},2025-04-30 10:00:00,2025-05-02,534.0960436728767,6.448701660995414,323.678473,5.656,,14,24,4,4,5,4,0.05499436151280496,7373.447161408186,7251.688263089946,534.0960436728767,6.448701660995414,5.121913435136025,436.3485749076027,944.8482186176874,10.922759222446658,10.922759222446658,944.8482186176874,294.4906082884038,3.8388347501488567,1.73808672587149,139.72378274338666,843.0588766404331,9.74144801356765,9.74144801356765,843.0588766404331,361.7349634749503,4.774119758605051,2.6085730145295827,199.10089889678667,539.0648262201281,6.604188063064956,5.2364743299646594,436.34857490760356,944.8482186176874,139.72378274338666,hourly_window_mean_factor_top_available_analogs,4,101.78934197725448,-59.3771161534,-9.81296915070791e-13,101.78934197725448,-59.3771161534,-9.81296915070791e-13,-843.0588766404329,-199.10089889678667,-436.3485749076037,944.8482186176874,10.922759222446658,843.0588766404331,9.74144801356765,294.4906082884038,3.8388347501488567,361.7349634749503,4.774119758605051,539.0648262201281,6.604188063064956,-67.2443551865465,-0.9352850084561939,-0.1554864020695419
experiment_2026_08_25_00_38_criterion_observance_tier,SEN_demand_NES,2025-09-16,Independence Day,H2,H,observance_tier,True,2025-09-16,19,True,True,6,False,2,6,6,pearson,RidgeReg,minmax,2,{'alpha': 3.1783861411957544},2025-09-15 10:00:00,2025-09-17,555.6613659524406,7.6145740723340625,334.3773,5.558,,14,24,4,4,6,4,0.07435412651688696,6678.514786831981,6809.95452425447,555.6613659524406,7.6145740723340625,6.159139013169672,461.8755252732826,922.8792437494305,12.438496253315884,12.438496253315884,922.8792437494305,341.45093723753007,4.8006194667613356,2.496180623084382,192.95668949552967,1001.7708347718351,13.540033788616055,13.540033788616055,1001.7708347718351,304.2630316756021,4.400056499505516,2.0009176822811248,146.93659473245978,561.2395907110564,7.767416553388343,6.252170984615046,461.87552527328234,922.8792437494305,192.95668949552967,hourly_window_mean_factor_top_available_analogs,4,-78.89159102240475,46.02009476306989,2.87208853191451e-13,-78.89159102240475,46.02009476306989,2.87208853191451e-13,-1001.7708347718353,-146.93659473245978,-461.87552527328234,922.8792437494305,12.438496253315884,1001.7708347718351,13.540033788616055,341.45093723753007,4.8006194667613356,304.2630316756021,4.400056499505516,561.2395907110564,7.767416553388343,37.18790556192795,0.4005629672558193,-0.15284248105428055
experiment_2026_08_25_00_38_criterion_observance_tier,SEN_demand_NES,2025-11-17,Mexican Revolution Day,H2,F,observance_tier,True,2025-11-17,19,True,True,5,False,2,6,5,pearson,RidgeReg,minmax,2,{'alpha': 23.66154006460317},2025-11-16 10:00:00,2025-11-18,400.1898561371942,6.642416458021217,355.970938,5.976,,14,24,4,4,5,4,0.06356673686789346,5433.633808607786,5386.2131304371405,400.1898561371942,6.642416458021217,5.727639152526384,354.0416198132648,351.89444312176744,5.994994221260988,3.5120272492035842,226.63494452824474,428.3621803961931,7.020079429464684,7.020079429464684,428.3621803961931,353.2631281933889,5.905819694995003,5.373764624652449,326.52956549755027,370.0903181641016,6.169203056571768,6.169203056571768,370.0903181641016,363.8908271222601,6.072167081254014,5.8761467921804424,354.0416198132669,226.63494452824474,428.3621803961931,hourly_window_mean_factor_top_available_analogs,4,-99.8946209693055,58.27186223209151,-2.130132327836595e-12,-99.8946209693055,58.27186223209151,-2.130132327836595e-12,-326.52956549755027,-370.0903181641016,-354.0416198132669,351.89444312176744,5.994994221260988,353.2631281933889,5.905819694995003,428.3621803961931,7.020079429464684,370.0903181641016,6.169203056571768,363.8908271222601,6.072167081254014,58.27186223209151,0.8508763728929161,0.5702493767672037
experiment_2026_08_25_00_38_criterion_observance_tier,SEN_demand_NES,2025-12-24,Christmas Eve,H1,G,observance_tier,True,2025-12-24,19,True,True,6,False,2,6,6,pearson,RidgeReg,minmax,2,{'alpha': 3.1783861411957544},2025-12-23 10:00:00,2025-12-25,137.78518252486992,2.6317624963898596,355.078609,5.773,,14,24,4,4,6,4,0.08602969568351614,5221.753547190588,4806.707584633001,137.78518252486992,2.6317624963898596,1.1376382635411983,52.09231149362413,123.2321301593104,2.137258413708209,-1.8449798806868511,-106.0961180035912,146.27446307144632,2.920223211287489,2.8774988476742274,144.36889536699974,92.56701924170049,1.5889903654289077,0.21646664817478484,14.10608472937851,100.36301360690875,2.0081356977068987,1.4441566434824809,74.2509437727656,97.49080515656887,1.8537137331834286,0.9918498031059614,52.09231149362299,-106.0961180035912,144.36889536699974,hourly_window_mean_factor_top_available_analogs,4,-120.20220273296971,70.11795159423416,1.148835412765804e-12,-120.20220273296971,70.11795159423416,1.148835412765804e-12,-14.106084729378509,-74.25094377276558,-52.09231149362298,123.2321301593104,2.137258413708209,92.56701924170049,1.5889903654289077,146.27446307144632,2.920223211287489,100.36301360690875,2.0081356977068987,97.49080515656887,1.8537137331834286,45.91144946453757,0.9120875135805901,0.778048763206431
experiment_2026_08_25_00_38_criterion_observance_tier,SEN_demand_NES,2025-12-25,Christmas Day,H2,H,observance_tier,True,2025-12-25,19,True,True,5,False,2,6,5,pearson,RidgeReg,minmax,2,{'alpha': 1.7781539711064587},2025-12-24 10:00:00,2025-12-26,160.34490391546348,3.81282773778037,315.516481,5.135,,14,24,4,4,5,4,0.06400341106545708,4613.661893259409,4434.45271146663,160.34490391546348,3.81282773778037,-2.7770412455002704,-107.74783931204104,107.43685171782967,2.159968612534181,0.4389183448398345,25.622062238682247,191.20793436408317,4.776995560840649,-4.653017673198666,-185.54694854996296,124.32687816679098,2.487095954675527,1.0971744924327158,59.14355438926753,212.19924771777832,5.2953642635976585,-5.140952464496396,-205.1011523044705,179.82521683057246,4.260739097152662,-2.842695164575144,-107.74783931204071,25.622062238682247,-185.54694854996296,hourly_window_mean_factor_top_available_analogs,4,-33.52149215058528,19.55420375450755,-3.3507699539002617e-13,-33.52149215058528,19.55420375450755,-3.3507699539002617e-13,-59.14355438926753,205.1011523044705,107.7478393120407,107.43685171782967,2.159968612534181,124.32687816679098,2.487095954675527,191.20793436408317,4.776995560840649,212.19924771777832,5.2953642635976585,179.82521683057246,4.260739097152662,-20.991313353695148,-0.5183687027570096,-0.4479113593722919
experiment_2026_08_25_00_38_criterion_observance_tier,SEN_demand_NES,2025-12-31,New Year's Eve,H1,G,observance_tier,True,2025-12-31,19,True,True,6,False,2,7,6,pearson,PLS,standard,2,{},2025-12-30 10:00:00,2026-01-01,284.8898594810739,6.267659758519151,281.605331,4.789,,14,24,4,4,6,4,0.05257560159958463,4970.983130743909,4794.932686470244,284.8898594810739,6.267659758519151,-4.60473680965899,-203.4327728491719,196.44065516879624,3.90955017464191,-3.0058662110910097,-148.40335807019028,336.48522866323594,7.643223682447544,-5.537411325490312,-235.53326480357785,214.67966510472147,4.265300494945522,-3.122949160219416,-154.22641170726885,353.02127375095574,8.0150026053746,-5.479764527660248,-232.13648351528232,302.0533126707641,6.633533406795466,-4.611464129129417,-203.4327728491721,-148.40335807019028,-235.53326480357785,hourly_window_mean_factor_top_available_analogs,4,5.823053637078568,-3.3967812882955286,1.9147256879430067e-13,5.823053637078568,-3.3967812882955286,1.9147256879430067e-13,154.22641170726885,232.13648351528232,203.4327728491721,196.44065516879624,3.90955017464191,214.67966510472147,4.265300494945522,336.48522866323594,7.643223682447544,353.02127375095574,8.0150026053746,302.0533126707641,6.633533406795466,-16.5360450877198,-0.3717789229270556,-0.36587364827631497
experiment_2026_08_25_00_38_criterion_observance_tier,SEN_demand_NES,2026-01-01,New Year's Day,H3,H,observance_tier,True,2026-01-01,19,True,True,6,False,2,8,6,pearson,RidgeReg,minmax,2,{'alpha': 4.50556938769166},2025-12-31 10:00:00,2026-01-02,569.2235941223731,14.493380109401905,272.880384,4.797,,14,24,4,4,6,4,0.08489472699506968,4628.672108069742,4513.831103552052,569.2235941223731,14.493380109401905,-14.493380109401905,-569.2235941223731,431.3264043857811,9.925305309124681,-9.925305309124681,-431.3264043857811,649.6636214687187,17.158090409563616,-17.158090409563616,-649.6636214687187,637.3044188752226,14.584439644005064,-14.584439644005064,-637.3044188752226,529.5097796832109,13.751563553667841,-13.751563553667841,-529.5097796832109,569.2235941223731,14.058412639581556,-14.058412639581556,-569.2235941223731,-431.3264043857811,-649.6636214687187,hourly_window_mean_factor_top_available_analogs,4,205.9780144894416,-120.15384178550772,-8.376924884750654e-14,205.9780144894416,-120.15384178550772,-8.376924884750654e-14,637.3044188752226,529.509779683211,569.223594122373,431.3264043857811,9.925305309124681,637.3044188752226,14.584439644005064,649.6636214687187,17.158090409563616,529.5097796832109,13.751563553667841,569.2235941223731,14.058412639581556,120.15384178550778,3.406526855895775,0.4349674698203483
experiment_2026_08_25_00_38_criterion_observance_tier,SEN_demand_NES,2026-02-02,Constitution Day,H2,H,observance_tier,True,2026-02-02,19,True,True,6,False,2,8,6,pearson,RidgeReg,minmax,2,{'alpha': 4.50556938769166},2026-02-01 10:00:00,2026-02-03,408.39251723994926,8.181710993305314,301.90091,5.543,,14,24,4,4,6,4,0.06426639524178371,5479.685312376948,5537.938075468934,408.39251723994926,8.181710993305314,-8.164290986040468,-407.47777895589445,218.94009884740495,4.344738677309389,-4.297455800447666,-216.45723779068496,518.9064279689334,10.419944844302934,-10.419944844302934,-518.9064279689334,174.34975478647382,3.362512403759207,-2.6143368614774887,-135.2442205247189,566.280688040748,11.253253764681395,-11.253253764681395,-566.280688040748,421.88508105233115,8.346138526446904,-8.070494905606273,-407.47777895589513,-216.45723779068496,-518.9064279689334,hourly_window_mean_factor_top_available_analogs,4,-81.21301726596604,47.374260071814696,7.419562040779151e-13,-81.21301726596604,47.374260071814696,7.419562040779151e-13,135.2442205247189,566.280688040748,407.4777789558952,218.94009884740495,4.344738677309389,174.34975478647382,3.362512403759207,518.9064279689334,10.419944844302934,566.280688040748,11.253253764681395,421.88508105233115,8.346138526446904,-47.37426007181466,-0.8333089203784603,-0.16442753314158942
experiment_2026_08_25_00_38_criterion_observance_tier,SEN_demand_NES,2026-03-16,Benito Juarez's Birthday,H2,H,observance_tier,True,2026-03-16,19,True,True,6,False,2,8,6,pearson,PLS,standard,2,{},2026-03-15 10:00:00,2026-03-17,461.68178678083694,7.765022597853772,318.964467,5.806,,14,24,4,4,6,4,0.08481155992887207,5402.791927931353,5005.509123931173,461.68178678083694,7.765022597853772,2.98162597694692,217.12743522654205,652.876526646328,9.97126856203838,3.8345610729907316,309.85396878262543,350.15152185930054,6.478045785412751,2.4840805042546967,163.03695731882684,698.0468632942487,10.531505705809929,6.149526472877456,456.9667978243647,364.5535428215591,6.641718628877288,0.7845033682348435,77.22114037781205,487.419502995708,8.074798078273524,2.7610908278400164,217.12743522654196,309.85396878262543,163.03695731882684,hourly_window_mean_factor_top_available_analogs,4,-147.11282904173927,85.8158169410148,1.436044265957255e-13,-147.11282904173927,85.8158169410148,1.436044265957255e-13,-456.9667978243647,-77.22114037781203,-217.1274352265419,652.876526646328,9.97126856203838,698.0468632942487,10.531505705809929,350.15152185930054,6.478045785412751,364.5535428215591,6.641718628877288,487.419502995708,8.074798078273524,-14.402020962258575,-0.16367284346453737,-0.3097754804197521
experiment_2026_08_25_00_38_criterion_observance_tier,SEN_demand_NES,2026-04-02,Maundy Thursday,H1,G,observance_tier,True,2026-04-02,19,True,True,3,False,2,8,3,pearson,RidgeReg,,2,{'alpha': 7.166596912702431},2026-04-01 10:00:00,2026-04-03,419.2399358970027,5.499089981324875,317.593361,5.728,,14,24,3,4,3,3,0.05351064448597153,7057.817545681944,6865.604033820887,419.2399358970027,5.499089981324875,5.499089981324875,419.2399358970027,479.92827684195385,6.091795467824407,6.091795467824407,479.92827684195385,383.8384036791147,5.153345114200146,5.153345114200146,383.8384036791147,454.8793673463164,5.787178189707186,5.787178189707186,454.8793673463164,398.45026755157124,5.408941438406498,5.408941438406498,398.45026755157124,419.23993589700376,5.548291820464647,5.548291820464647,419.23993589700376,479.92827684195385,383.8384036791147,hourly_window_mean_factor_top_available_analogs,3,25.048909495637417,-14.611863872456562,-8.855606306736407e-13,25.048909495637417,-14.611863872456562,-8.855606306736407e-13,-454.8793673463164,-398.4502675515713,-419.2399358970036,479.92827684195385,6.091795467824407,454.8793673463164,5.787178189707186,383.8384036791147,5.153345114200146,398.45026755157124,5.408941438406498,419.23993589700376,5.548291820464647,-14.611863872456524,-0.25559632420635214,-0.04920183913977194
experiment_2026_08_25_00_38_criterion_observance_tier,SEN_demand_NES,2026-04-03,Good Friday,H2,G,observance_tier,True,2026-04-03,19,True,True,5,False,2,8,5,pearson,PLS,standard,4,{},2026-04-02 10:00:00,2026-04-04,163.77094054200015,2.3646919789618357,359.244516,6.122,,14,24,4,4,5,4,0.06061087184109065,7154.297776072467,6961.9843935437775,163.77094054200015,2.3646919789618357,-1.905902572411117,-132.64576817772894,65.04076983673342,0.8773043326210691,-0.720366525622614,-53.46706612164683,221.36354012007243,3.2323347726606158,-2.5974652663710773,-178.83334437711017,249.48321309340994,3.480659604172572,-3.4710026881509832,-248.73413193976998,78.34312121780972,1.1863079277706727,-0.9932906282470042,-64.92755598320691,141.3947340140835,2.0315953874976884,-1.906131913474786,-132.64576817773016,-53.46706612164683,-178.83334437711017,hourly_window_mean_factor_top_available_analogs,4,195.26706581812317,-113.90578839390325,1.2206376260636668e-12,195.26706581812317,-113.90578839390325,1.2206376260636668e-12,248.73413193977,64.92755598320691,132.64576817773016,65.04076983673342,0.8773043326210691,249.48321309340994,3.480659604172572,221.36354012007243,3.2323347726606158,78.34312121780972,1.1863079277706727,141.3947340140835,2.0315953874976884,143.0204189022627,2.0460268448899432,0.3330965914641473
experiment_2026_08_25_00_38_criterion_observance_tier,SEN_demand_NES,2026-04-04,Holy Saturday,H3,G,observance_tier,True,2026-04-04,19,True,True,3,False,2,8,3,pearson,RidgeReg,,2,{'alpha': 17.51866721087597},2026-04-03 10:00:00,2026-04-05,534.7621251953783,8.409728370775513,313.49063,5.511,,14,24,3,4,3,3,0.06631028848848722,6977.462032826956,6849.873111463025,534.7621251953783,8.409728370775513,-8.409728370775513,-534.7621251953783,390.482438022267,5.76600721700685,-5.76600721700685,-390.482438022267,618.9252760463597,9.951899043807233,-9.951899043807233,-618.9252760463597,442.074363148327,6.478907022853454,-6.478907022853454,-442.074363148327,588.8299863894889,9.412290400590239,-9.412290400590239,-588.8299863894889,534.7621251953766,8.331570208792476,-8.331570208792476,-534.7621251953766,-390.482438022267,-618.9252760463597,hourly_window_mean_factor_top_available_analogs,3,51.59192512606004,-30.095289656870857,-1.5796486925529807e-12,51.59192512606004,-30.095289656870857,-1.5796486925529807e-12,442.07436314832705,588.8299863894889,534.7621251953767,390.482438022267,5.76600721700685,442.074363148327,6.478907022853454,618.9252760463597,9.951899043807233,588.8299863894889,9.412290400590239,534.7621251953766,8.331570208792476,30.09528965687082,0.5396086432169938,0.07815816198303693
experiment_2026_08_25_00_38_criterion_observance_tier,SEN_demand_NES,2026-05-01,Labor Day,H2,F,observance_tier,True,2026-05-01,19,True,True,6,False,2,8,6,pearson,RidgeReg,minmax,2,{'alpha': 23.66154006460317},2026-04-30 10:00:00,2026-05-02,908.9185024124029,12.656193954115881,388.894177,6.9,,14,24,4,4,6,4,0.06337270434956653,8775.082519876945,8508.068881085715,908.9185024124029,12.656193954115881,-12.646218199795513,-908.067778297998,276.50055325815174,3.087619854286821,-3.0605428068458225,-274.1914449476243,1277.8289727523825,18.237862179016165,-18.237862179016165,-1277.8289727523825,230.01619030183443,2.5824513745474493,-2.0678660029613143,-185.01638099465694,1329.84776005828,19.04339964789352,-19.04339964789352,-1329.84776005828,924.6466554111687,12.978839757713388,-12.789255673444814,-908.067778297998,-274.1914449476243,-1277.8289727523825,hourly_window_mean_factor_top_available_analogs,4,-89.17506395296732,52.018787305897604,0.0,-89.17506395296732,52.018787305897604,0.0,185.01638099465697,1329.84776005828,908.067778297998,276.50055325815174,3.087619854286821,230.01619030183443,2.5824513745474493,1277.8289727523825,18.237862179016165,1329.84776005828,19.04339964789352,924.6466554111687,12.978839757713388,-52.018787305897604,-0.805537468877354,-0.3226458035975064
experiment_2026_08_25_00_38_criterion_observance_tier,SEN_demand_NOR,2025-01-01,New Year's Day,H3,H,observance_tier,True,2025-01-01,19,True,True,4,False,2,6,4,pearson,PLS,standard,2,{},2024-12-31 10:00:00,2025-01-02,36.369815475540804,1.9264999981568351,80.63856,3.748,,14,24,4,4,4,4,0.09081721798067331,1844.4338172258565,1724.4013577903813,36.369815475540804,1.9264999981568351,0.7331102151650071,16.044739879406524,42.12471900968155,1.9894727101297136,1.247243151016582,27.196496599042444,33.0127884139587,1.8897659161726557,0.43319933591825516,9.539548459618905,30.94262089556545,1.4768987143910979,1.380045339999772,28.993326994586386,31.85168430225187,1.8530455325596387,0.4042088509455571,8.491397395551843,31.51676620505161,1.7144651258659658,0.7637275574392153,16.044739879406674,27.196496599042444,9.539548459618905,hourly_window_mean_factor_top_available_analogs,4,-1.7968303955439393,1.048151064067061,-1.4958794437054742e-13,-1.7968303955439393,1.048151064067061,-1.4958794437054742e-13,-28.993326994586383,-8.491397395551843,-16.044739879406674,42.12471900968155,1.9894727101297136,30.94262089556545,1.4768987143910979,33.0127884139587,1.8897659161726557,31.85168430225187,1.8530455325596387,31.51676620505161,1.7144651258659658,1.161104111706834,0.036720383613016994,0.21203487229086937
experiment_2026_08_25_00_38_criterion_observance_tier,SEN_demand_NOR,2025-02-03,Constitution Day,H2,H,observance_tier,True,2025-02-03,19,True,True,4,False,2,6,4,pearson,PLS,standard,2,{},2025-02-02 10:00:00,2025-02-04,48.06021860588818,2.5060090033944853,69.252742,3.137,,14,24,4,4,4,4,0.059344160376330245,1964.8464424357999,1998.4591652669587,48.06021860588818,2.5060090033944853,-0.8952410825717589,-17.1060134884317,41.78230423519941,2.1743880246555762,2.1613371813929616,41.51133027475786,51.72233532212329,2.6994545743255145,-2.678245069884513,-51.29946401695894,47.83801925776317,2.427469683344389,-2.427469683344389,-47.83801925776317,29.7016256506973,1.5282237054290952,-0.10173356012710995,0.8209898770120011,36.38345487435315,1.8595248551873618,-0.9585837107861078,-17.106013488431483,41.51133027475786,-51.29946401695894,hourly_window_mean_factor_top_available_analogs,4,89.34934953252103,-52.12045389397094,-2.1540663989358825e-13,89.34934953252103,-52.12045389397094,-2.1540663989358825e-13,47.83801925776317,-0.8209898770119963,17.106013488431483,41.78230423519941,2.1743880246555762,47.83801925776317,2.427469683344389,51.72233532212329,2.6994545743255145,29.7016256506973,1.5282237054290952,36.38345487435315,1.8595248551873618,22.020709671425994,1.1712308688964193,0.6464841482071235
experiment_2026_08_25_00_38_criterion_observance_tier,SEN_demand_NOR,2025-03-17,Benito Juarez's Birthday,H2,H,observance_tier,True,2025-03-17,19,True,True,4,False,2,6,4,pearson,PLS,standard,2,{},2025-03-16 10:00:00,2025-03-18,82.15400516935131,3.747724802013232,68.684835,3.115,,14,24,4,4,4,4,0.058349519447698124,2037.8530525000756,2021.0620028512003,82.15400516935131,3.747724802013232,3.716653247703542,81.5461053946609,38.297266061725544,1.7850769478523112,1.7007398718688695,36.6472523875658,107.73710298213302,4.892602716940436,4.892602716940436,107.73710298213302,25.373139942055364,1.1917126719034508,0.22031592962851085,5.433250571899895,125.94527070793877,5.7000715746065795,5.7000715746065795,125.94527070793877,88.8923804257712,4.039097242031742,3.6812142317199226,81.5461053946613,36.6472523875658,107.73710298213302,hourly_window_mean_factor_top_available_analogs,4,31.214001815665906,-18.208167725805747,-4.0089569091306704e-13,31.214001815665906,-18.208167725805747,-4.0089569091306704e-13,-5.433250571899894,-125.94527070793877,-81.5461053946613,38.297266061725544,1.7850769478523112,25.373139942055364,1.1917126719034508,107.73710298213302,4.892602716940436,125.94527070793877,5.7000715746065795,88.8923804257712,4.039097242031742,-18.20816772580575,-0.8074688576661435,-0.29137244001851004
experiment_2026_08_25_00_38_criterion_observance_tier,SEN_demand_NOR,2025-04-17,Maundy Thursday,H1,G,observance_tier,True,2025-04-17,19,True,True,4,False,2,6,4,pearson,PLS,standard,2,{},2025-04-16 10:00:00,2025-04-18,198.1956156992762,6.529691244012605,71.43505,3.234,,14,24,4,4,4,4,0.05854320184078468,3101.2326988039995,3048.4376490137606,198.1956156992762,6.529691244012605,-2.123968405247345,-50.78091485663093,149.24797226987832,4.3265122435195185,4.3265122435195185,149.24797226987832,226.74840769975825,7.814878994300238,-5.886748783694682,-167.46443234709466,135.84694842775772,3.935000622000667,3.30808066160909,117.73151351536437,191.30524658353548,6.793686503422388,-5.4667044927845945,-149.07983140696177,170.87324199982785,5.740486441845965,-2.233888909586921,-50.780914856631085,149.24797226987832,-167.46443234709466,hourly_window_mean_factor_top_available_analogs,4,31.516458754513938,-18.384600940132884,1.555714621453693e-13,31.516458754513938,-18.384600940132884,1.555714621453693e-13,-117.73151351536438,149.07983140696177,50.780914856631085,149.24797226987832,4.3265122435195185,135.84694842775772,3.935000622000667,226.74840769975825,7.814878994300238,191.30524658353548,6.793686503422388,170.87324199982785,5.740486441845965,35.44316111622277,1.0211924908778496,0.7892048021666405
experiment_2026_08_25_00_38_criterion_observance_tier,SEN_demand_NOR,2025-04-18,Good Friday,H2,G,observance_tier,True,2025-04-18,19,True,True,4,False,2,6,4,pearson,PLS,standard,2,{},2025-04-17 10:00:00,2025-04-19,382.33219130756584,14.764765279964072,78.978394,3.415,,14,24,4,4,4,4,0.05796210718289471,3042.159409991776,2960.682955935003,382.33219130756584,14.764765279964072,-14.764765279964072,-382.33219130756584,249.76236694624558,8.53540380517285,-8.53540380517285,-249.76236694624558,459.66458885166935,18.398559473592286,-18.398559473592286,-459.66458885166935,205.4027291858713,7.17976628840417,-7.17976628840417,-205.4027291858713,485.54104421188737,19.67557827132683,-19.67557827132683,-485.54104421188737,382.3321913075656,15.071858067092167,-15.071858067092167,-382.3321913075656,-249.76236694624558,-459.66458885166935,hourly_window_mean_factor_top_available_analogs,4,-44.3596377603743,25.876455360218,-2.1540663989358825e-13,-44.3596377603743,25.876455360218,-2.1540663989358825e-13,205.4027291858713,485.54104421188737,382.3321913075656,249.76236694624558,8.53540380517285,205.4027291858713,7.17976628840417,459.66458885166935,18.398559473592286,485.54104421188737,19.67557827132683,382.3321913075656,15.071858067092167,-25.876455360218017,-1.277018797734545,-0.30709278712809507
experiment_2026_08_25_00_38_criterion_observance_tier,SEN_demand_NOR,2025-04-19,Holy Saturday,H3,G,observance_tier,True,2025-04-19,19,True,True,5,False,2,6,5,pearson,PLS,standard,2,{},2025-04-18 10:00:00,2025-04-20,295.7250310627824,11.983044744536079,95.260858,3.946,,14,24,4,4,5,4,0.056955959153094204,2730.7103089575194,2627.6639808241366,295.7250310627824,11.983044744536079,-11.983044744536079,-295.7250310627824,432.7142886147472,17.38779884641232,-17.38779884641232,-432.7142886147472,215.81463082413643,8.8302715184416,-8.8302715184416,-215.81463082413643,358.6613521697911,14.503356698526236,-14.503356698526236,-358.6613521697911,259.0121770836942,10.921836138327654,-10.921836138327654,-259.0121770836942,295.7250310627825,12.24134371313766,-12.24134371313766,-295.7250310627825,-432.7142886147472,-215.81463082413643,hourly_window_mean_factor_top_available_analogs,4,-74.05293644495613,43.19754625955776,1.1967035549643792e-14,-74.05293644495613,43.19754625955776,1.1967035549643792e-14,358.6613521697911,259.0121770836942,295.7250310627824,432.7142886147472,17.38779884641232,358.6613521697911,14.503356698526236,215.81463082413643,8.8302715184416,259.0121770836942,10.921836138327654,295.7250310627825,12.24134371313766,-43.19754625955778,-2.0915646198860536,-0.2582989686015811
experiment_2026_08_25_00_38_criterion_observance_tier,SEN_demand_NOR,2025-05-01,Labor Day,H2,F,observance_tier,True,2025-05-01,19,True,True,2,False,2,6,2,pearson,PLS,,2,{},2025-04-30 10:00:00,2025-05-02,136.81709855194782,4.702720570659337,108.394424,4.472,,14,24,2,4,2,2,0.06945787699374333,2814.0141686981538,2791.0573031955105,136.81709855194782,4.702720570659337,1.2346806632712997,52.04286024921413,214.421511868742,6.708625470017246,6.708625470017246,214.421511868742,91.54785745048456,3.532609379367224,-1.9584538073305027,-42.67801986217711,175.94632972305774,5.430880230649145,5.270349113727964,171.87516846635276,118.68307978917305,4.492643470451383,-1.2428387782265278,-17.85931954411592,139.78006660692,4.838309645261084,1.156756760914601,52.04286024921465,214.421511868742,-42.67801986217711,hourly_window_mean_factor_top_available_analogs,2,42.54634340238921,-24.81870031806119,-5.145825286346831e-13,42.54634340238921,-24.81870031806119,-5.145825286346831e-13,-171.87516846635276,17.85931954411592,-52.04286024921464,214.421511868742,6.708625470017246,175.94632972305774,5.430880230649145,91.54785745048456,3.532609379367224,118.68307978917305,4.492643470451383,139.78006660692,4.838309645261084,-27.135222338688493,-0.9600340910841587,-0.1355890746017474
experiment_2026_08_25_00_38_criterion_observance_tier,SEN_demand_NOR,2025-09-16,Independence Day,H2,H,observance_tier,True,2025-09-16,19,True,True,4,False,2,6,4,pearson,PLS,standard,2,{},2025-09-15 10:00:00,2025-09-17,129.23144704153145,3.266179799842989,115.538897,4.711,,14,24,4,4,4,4,0.08550048037149942,4008.91864873109,3854.7578345551738,129.23144704153145,3.266179799842989,2.4101330286715426,92.88144468996336,129.90936268162702,3.0175801459044207,3.0175801459044207,129.90936268162702,128.8359962514757,3.4111962646404876,2.0557888769523642,71.2818258614929,169.1410920486548,3.7280704927855806,3.5000522206466442,161.19419022134684,71.2683660606733,1.7919650177183917,1.3284034454186624,53.03234312998876,107.32673879308753,2.505267034848408,2.128484573134234,92.88144468996279,129.90936268162702,71.2818258614929,hourly_window_mean_factor_top_available_analogs,4,-31.28482753971983,18.249482731504145,5.74417706382902e-13,-31.28482753971983,18.249482731504145,5.74417706382902e-13,-161.19419022134684,-53.03234312998876,-92.88144468996279,129.90936268162702,3.0175801459044207,169.1410920486548,3.7280704927855806,128.8359962514757,3.4111962646404876,71.2683660606733,1.7919650177183917,107.32673879308753,2.505267034848408,57.567630190802404,1.619231246922096,0.7609127649945808
experiment_2026_08_25_00_38_criterion_observance_tier,SEN_demand_NOR,2025-11-17,Mexican Revolution Day,H2,F,observance_tier,True,2025-11-17,19,True,True,4,False,2,6,4,pearson,PLS,standard,2,{},2025-11-16 10:00:00,2025-11-18,61.45354165647422,2.4585616924543463,120.93485,4.818,,14,24,4,4,4,4,0.07779912079631172,2556.98053884793,2478.535528110633,61.45354165647422,2.4585616924543463,1.335404037572555,31.876911415228243,38.11179511186668,1.4491245809598465,-1.4491245809598465,-38.11179511186668,75.06956047416196,3.0474000074928043,2.959712398383123,72.70365688936694,41.447000120436506,1.649928618009093,-0.6965600870530443,-14.592072786803783,59.60795077678083,2.1557201205698617,2.1272573432910544,58.98381886641317,52.91707421918029,1.9693758827843153,1.086903553164281,31.87691141522798,-38.11179511186668,72.70365688936694,hourly_window_mean_factor_top_available_analogs,4,-23.519722325062894,13.719838022953772,2.6327478209216345e-13,-23.519722325062894,13.719838022953772,2.6327478209216345e-13,14.592072786803783,-58.983818866413166,-31.87691141522798,38.11179511186668,1.4491245809598465,41.447000120436506,1.649928618009093,75.06956047416196,3.0474000074928043,59.60795077678083,2.1557201205698617,52.91707421918029,1.9693758827843153,15.461609697381128,0.8916798869229425,0.489185809670031
experiment_2026_08_25_00_38_criterion_observance_tier,SEN_demand_NOR,2025-12-24,Christmas Eve,H1,G,observance_tier,True,2025-12-24,19,True,True,5,False,2,6,5,euclidian,PCR,,3,{},2025-12-23 10:00:00,2025-12-25,69.9787424290577,3.1024905588299663,110.727422,4.535,,14,24,4,4,5,4,0.061309405568605625,2267.718885863646,2181.011275287234,69.9787424290577,3.1024905588299663,1.5400453914802772,35.10618308372272,53.74435856114672,2.2126688439332276,0.2915134495598232,9.87295314822047,79.4487996853391,3.621553225853063,2.268355690933875,49.8255672127657,58.05500317987181,2.3535446705156753,1.0011283000107174,27.139202140850816,70.94067605589215,3.1947685147360745,1.769027525656001,39.753588633731034,66.19332289104256,2.8848439405496116,1.4861172846287918,35.106183083722534,9.87295314822047,49.8255672127657,hourly_window_mean_factor_top_available_analogs,4,-17.26624899263035,10.071978579034663,1.8548905101947878e-13,-17.26624899263035,10.071978579034663,1.8548905101947878e-13,-27.13920214085082,-39.753588633731034,-35.106183083722534,53.74435856114672,2.2126688439332276,58.05500317987181,2.3535446705156753,79.4487996853391,3.621553225853063,70.94067605589215,3.1947685147360745,66.19332289104256,2.8848439405496116,8.508123629446942,0.42678471111698846,0.2176466182803547
experiment_2026_08_25_00_38_criterion_observance_tier,SEN_demand_NOR,2025-12-25,Christmas Day,H2,H,observance_tier,True,2025-12-25,19,True,True,2,False,2,6,2,pearson,PCR,standard,2,{},2025-12-24 10:00:00,2025-12-26,51.893753919717625,2.458676970512161,120.316398,4.729,,14,24,2,4,2,2,0.09550212748492472,2083.934979706055,1936.3375735131194,51.893753919717625,2.458676970512161,1.0700803592959152,20.52425503078732,40.568285807723896,1.7791430474141483,-1.6418862812580204,-37.40803103680076,58.5002769850473,2.855071758986002,2.6520608996190433,54.318088570213696,33.03213507385801,1.458962865176849,-1.2128081469953842,-27.344022176210892,52.509734955473,2.528605769110546,2.329618495995316,48.447416734869314,45.33377710435169,2.1345268045033947,1.0245139433145318,20.524255030787135,-37.40803103680076,54.318088570213696,hourly_window_mean_factor_top_available_analogs,2,-10.064008860589865,5.870671835344382,1.8548905101947878e-13,-10.064008860589865,5.870671835344382,1.8548905101947878e-13,27.344022176210892,-48.447416734869314,-20.524255030787135,40.568285807723896,1.7791430474141483,33.03213507385801,1.458962865176849,58.5002769850473,2.855071758986002,52.509734955473,2.528605769110546,45.33377710435169,2.1345268045033947,5.9905420295743,0.32646598987545605,0.3241501660087662
experiment_2026_08_25_00_38_criterion_observance_tier,SEN_demand_NOR,2025-12-31,New Year's Eve,H1,G,observance_tier,True,2025-12-31,19,True,True,6,False,2,7,6,pearson,PLS,standard,2,{},2025-12-30 10:00:00,2026-01-01,33.55798024759778,1.4428096469044505,115.356155,4.829,,14,24,4,4,6,4,0.06313628690755999,2297.2351131389205,2224.0867087529386,33.55798024759778,1.4428096469044505,1.0748304691239827,25.313274492658355,39.05234142988336,1.5639089206167769,1.5308684852250813,38.32606362796777,30.35293622459786,1.3721684039055937,0.8088082930650086,17.722480830394527,38.30973131954728,1.5646147338336582,0.5647223716439839,15.73292241945832,52.8550126652356,2.3975170399514507,1.4159214569565883,30.90181320202521,47.49622480103464,2.0906582955922643,1.1023217939466816,25.31327449265846,38.32606362796777,17.722480830394527,hourly_window_mean_factor_top_available_analogs,4,22.59314120850945,-13.179332371630684,-1.0770331994679413e-13,22.59314120850945,-13.179332371630684,-1.0770331994679413e-13,-15.732922419458319,-30.90181320202521,-25.31327449265846,39.05234142988336,1.5639089206167769,38.30973131954728,1.5646147338336582,30.35293622459786,1.3721684039055937,52.8550126652356,2.3975170399514507,47.49622480103464,2.0906582955922643,-22.50207644063774,-1.025348636045857,-0.6478486486878139
experiment_2026_08_25_00_38_criterion_observance_tier,SEN_demand_NOR,2026-01-01,New Year's Day,H3,H,observance_tier,True,2026-01-01,19,True,True,6,False,2,8,6,pearson,PLS,standard,2,{},2025-12-31 10:00:00,2026-01-02,71.53745537095523,3.5935491846438414,106.118306,4.38,,14,24,4,4,6,4,0.09263626356334742,2136.779555634113,2016.381386685455,71.53745537095523,3.5935491846438414,-3.5935491846438414,-71.53745537095523,52.16231526038392,2.274309191133236,-2.274309191133236,-52.16231526038392,82.83962043545515,4.363105847525027,-4.363105847525027,-82.83962043545515,86.1133348961389,3.7609417698822156,-3.7609417698822156,-86.1133348961389,64.97258416762874,3.464422178950059,-3.3720757406954736,-63.03485898126445,72.76128180444827,3.573666238767169,-3.5153421725011156,-71.53745537095503,-52.16231526038392,-82.83962043545515,hourly_window_mean_factor_top_available_analogs,4,33.951019635754975,-19.804761454190697,-1.8548905101947878e-13,33.951019635754975,-19.804761454190697,-1.8548905101947878e-13,86.1133348961389,63.03485898126445,71.53745537095504,52.16231526038392,2.274309191133236,86.1133348961389,3.7609417698822156,82.83962043545515,4.363105847525027,64.97258416762874,3.464422178950059,72.76128180444827,3.573666238767169,17.867036267826407,0.898683668574968,0.019882945876672498
experiment_2026_08_25_00_38_criterion_observance_tier,SEN_demand_NOR,2026-02-02,Constitution Day,H2,H,observance_tier,True,2026-02-02,19,True,True,6,False,2,8,6,pearson,PLS,standard,2,{},2026-02-01 10:00:00,2026-02-03,56.197159626137505,2.7650582096153915,100.473161,4.074,,14,24,4,4,6,4,0.06397700667181916,2022.1564084608633,1995.6530724233783,56.197159626137505,2.7650582096153915,0.7805721832212748,17.905604170715684,56.64916817797619,2.88176917112745,-1.9957313775928227,-37.08355809655169,55.933487970898284,2.696976815400024,2.400082593696165,49.982615493288314,42.73709994202078,2.182107347263716,-1.8123176587965162,-34.61417852353335,51.002684325396274,2.4791474867551417,2.3556742996508855,48.54214407569424,47.95746902625793,2.3697116458898795,0.8200983149597372,17.90560417071565,-37.08355809655169,49.982615493288314,hourly_window_mean_factor_top_available_analogs,4,-2.4693795730183377,1.4404714175940778,2.991758887410948e-14,-2.4693795730183377,1.4404714175940778,2.991758887410948e-14,34.614178523533354,-48.54214407569424,-17.905604170715655,56.64916817797619,2.88176917112745,42.73709994202078,2.182107347263716,55.933487970898284,2.696976815400024,51.002684325396274,2.4791474867551417,47.95746902625793,2.3697116458898795,4.93080364550201,0.21782932864488247,0.395346563725512
experiment_2026_08_25_00_38_criterion_observance_tier,SEN_demand_NOR,2026-03-16,Benito Juarez's Birthday,H2,H,observance_tier,True,2026-03-16,19,True,True,6,False,2,8,6,pearson,PLS,standard,2,{},2026-03-15 10:00:00,2026-03-17,108.73048876905757,4.451173186685231,99.708664,4.034,,14,24,4,4,6,4,0.0847377604946591,2523.0828135868073,2462.293945155999,108.73048876905757,4.451173186685231,-2.5240903415357523,-58.1880325341759,188.70489303962177,7.92080991855599,-7.92080991855599,-188.70489303962177,62.07875294456182,2.4272184264272885,0.6239960783927193,17.946802760667527,173.0565397816851,7.4409269671031195,-7.4409269671031195,-173.0565397816851,78.38763643943325,2.9782256578299786,0.06360619129644511,8.818596693537947,113.26565346026288,4.622378771772714,-2.7012218144297098,-58.188032534175804,-188.70489303962177,17.946802760667527,hourly_window_mean_factor_top_available_analogs,4,-15.648353257936671,9.128206067129582,-8.975276662232845e-14,-15.648353257936671,9.128206067129582,-8.975276662232845e-14,173.0565397816851,-8.818596693537945,58.18803253417581,188.70489303962177,7.92080991855599,173.0565397816851,7.4409269671031195,62.07875294456182,2.4272184264272885,78.38763643943325,2.9782256578299786,113.26565346026288,4.622378771772714,-16.30888349487143,-0.5510072314026901,-0.17120558508748296
experiment_2026_08_25_00_38_criterion_observance_tier,SEN_demand_NOR,2026-04-02,Maundy Thursday,H1,G,observance_tier,True,2026-04-02,19,True,True,6,False,2,8,6,pearson,PLS,standard,2,{},2026-04-01 10:00:00,2026-04-03,119.41749513057819,3.9537570673997133,102.802409,4.143,,14,24,4,4,6,4,0.06999736957121383,3131.0544896694446,2965.599126922533,119.41749513057819,3.9537570673997133,-3.5733799047316186,-107.29867466944486,165.8319458070076,5.062591941389484,-5.062591941389484,-165.8319458070076,92.34239890266109,3.306936724239014,-2.704672883347866,-73.15426650586659,74.99828664226035,2.342567987712826,-2.342567987712826,-74.99828664226035,127.00063330352367,4.722879112318657,-4.696553790799231,-126.14056768530196,107.84187400726876,3.8459223822007194,-3.8292958633463456,-107.29867466944452,-165.8319458070076,-73.15426650586659,hourly_window_mean_factor_top_available_analogs,4,-90.83365916474726,52.98630117943537,-3.3507699539002617e-13,-90.83365916474726,52.98630117943537,-3.3507699539002617e-13,74.99828664226034,126.14056768530196,107.29867466944452,165.8319458070076,5.062591941389484,74.99828664226035,2.342567987712826,92.34239890266109,3.306936724239014,127.00063330352367,4.722879112318657,107.84187400726876,3.8459223822007194,-34.65823440086258,-1.4159423880796433,0.10783468519899397
experiment_2026_08_25_00_38_criterion_observance_tier,SEN_demand_NOR,2026-04-03,Good Friday,H2,G,observance_tier,True,2026-04-03,19,True,True,6,False,2,8,6,pearson,PCR,,2,{},2026-04-02 10:00:00,2026-04-04,114.76303746534093,4.0985156491694035,107.046387,4.266,,14,24,4,4,6,4,0.06198666804333428,2753.599958288479,2698.2885898952095,114.76303746534093,4.0985156491694035,0.9152864082921973,38.04117329046837,155.70357325068503,5.022553041110629,3.8514584170674206,125.64838589448742,90.88105825722356,3.559493837203689,-0.7974805968266829,-13.063034061876067,141.29830356324445,4.639001242677153,2.4149343684702846,83.38503229672713,106.60692803580172,4.050210906609585,-0.020554958276927982,11.590588870151143,119.38796112485953,4.267133662002899,0.8767305831562557,38.04117329046861,125.64838589448742,-13.063034061876067,hourly_window_mean_factor_top_available_analogs,4,42.26335359776028,-24.653622932027208,-2.3934071099287584e-13,42.26335359776028,-24.653622932027208,-2.3934071099287584e-13,-83.38503229672713,-11.59058887015114,-38.04117329046861,155.70357325068503,5.022553041110629,141.29830356324445,4.639001242677153,90.88105825722356,3.559493837203689,106.60692803580172,4.050210906609585,119.38796112485953,4.267133662002899,-15.725869778578158,-0.49071706940589577,-0.16861801283349553
experiment_2026_08_25_00_38_criterion_observance_tier,SEN_demand_NOR,2026-04-04,Holy Saturday,H3,G,observance_tier,True,2026-04-04,19,True,True,6,False,2,8,6,pearson,PCR,,2,{},2026-04-03 10:00:00,2026-04-05,205.49916541828148,7.2819821291189895,108.860177,4.266,,14,24,4,4,6,4,0.061111560904119566,2534.0108892014287,2471.6122833747463,205.49916541828148,7.2819821291189895,6.414413643912332,185.07940185120347,142.09247549204397,5.066927345368243,2.712098599807315,86.66740295283223,242.4864012085867,8.574097419640259,8.574097419640259,242.4864012085867,148.57370955747757,5.40477665438745,1.6679222630068973,60.27731534402233,257.8806189803916,8.922926689617205,8.922926689617205,257.8806189803916,217.609652350897,7.626766150322031,6.250030321918669,185.07940185120293,86.66740295283223,242.4864012085867,hourly_window_mean_factor_top_available_analogs,4,26.3900876088099,-15.394217771804923,5.385165997339706e-13,26.3900876088099,-15.394217771804923,5.385165997339706e-13,-60.277315344022334,-257.8806189803916,-185.07940185120293,142.09247549204397,5.066927345368243,148.57370955747757,5.40477665438745,242.4864012085867,8.574097419640259,257.8806189803916,8.922926689617205,217.609652350897,7.626766150322031,-15.394217771804904,-0.34882926997694597,-0.34478402120304175
experiment_2026_08_25_00_38_criterion_observance_tier,SEN_demand_NOR,2026-05-01,Labor Day,H2,F,observance_tier,True,2026-05-01,19,True,True,5,False,2,8,5,pearson,PCR,,3,{},2026-04-30 10:00:00,2026-05-02,172.75937463071352,5.41351217801954,129.311132,4.895,,14,24,4,4,5,4,0.08759372958504562,3409.433261810606,3314.550454806802,172.75937463071352,5.41351217801954,-5.007257079131941,-159.67242996850018,120.13110361456135,3.3919408451701476,-2.289248433903807,-84.60939667426798,203.4591993901357,6.592762122181685,-6.592762122181685,-203.4591993901357,82.56926331133455,2.3263595922202045,-2.269984369338837,-80.67878727915652,205.75205487061817,6.887678999843227,-6.887678999843227,-205.75205487061817,160.3689211382505,5.207192902297903,-5.1864230833416105,-159.67242996850072,-84.60939667426798,-203.4591993901357,hourly_window_mean_factor_top_available_analogs,4,-3.9306093951114627,2.2928554804824444,4.786814219857517e-13,-3.9306093951114627,2.2928554804824444,4.786814219857517e-13,80.67878727915652,205.75205487061814,159.67242996850067,120.13110361456135,3.3919408451701476,82.56926331133455,2.3263595922202045,203.4591993901357,6.592762122181685,205.75205487061817,6.887678999843227,160.3689211382505,5.207192902297903,-2.292855480482473,-0.2949168776615423,0.20631927572163722
experiment_2026_08_25_00_38_criterion_observance_tier,SEN_demand_NTE,2025-01-01,New Year's Day,H3,H,observance_tier,True,2025-01-01,19,True,True,2,False,2,6,2,pearson,RidgeReg,,2,{'alpha': 0.17850600989836862},2024-12-31 10:00:00,2025-01-02,46.37932232721965,2.0066908766560774,129.397253,4.787,,14,24,2,4,2,2,0.08243775450827355,2193.918342110419,2091.542941299064,46.37932232721965,2.0066908766560774,1.8897294490697887,43.8777221001071,64.67461434193362,2.65543886178035,2.567160871708277,62.45327078440034,35.70706865196983,1.6282545520002518,1.4945611191973376,33.041985367602706,51.920581639198225,2.085627413250795,1.8053391326196133,45.4804605757575,65.03578511639328,3.013655519780928,1.8324719304036676,42.94279132264472,60.203868045847734,2.671750427901406,1.8224756364832266,43.87772210010733,62.45327078440034,33.041985367602706,hourly_window_mean_factor_top_available_analogs,2,16.97281020864284,-9.900805955042017,-2.2737367544323206e-13,16.97281020864284,-9.900805955042017,-2.2737367544323206e-13,-45.4804605757575,-42.94279132264472,-43.87772210010733,64.67461434193362,2.65543886178035,51.920581639198225,2.085627413250795,35.70706865196983,1.6282545520002518,65.03578511639328,3.013655519780928,60.203868045847734,2.671750427901406,-29.328716464423458,-1.3854009677806762,-0.6650595512453288
experiment_2026_08_25_00_38_criterion_observance_tier,SEN_demand_NTE,2025-02-03,Constitution Day,H2,H,observance_tier,True,2025-02-03,19,True,True,2,False,2,6,2,pearson,RidgeReg,,2,{'alpha': 0.049595815413036995},2025-02-02 10:00:00,2025-02-04,89.63805040280599,3.5306040782118053,122.795591,4.491,,14,24,2,4,2,2,0.056435380481658214,2668.4135025080695,2671.716076116671,89.63805040280599,3.5306040782118053,-3.5306040782118053,-89.63805040280599,91.56239775046622,3.6757499030939202,-3.6757499030939202,-91.56239775046622,88.51551445000418,3.4459356803639047,-3.4459356803639047,-88.51551445000418,138.8605342363899,5.5433838549412195,-5.5433838549412195,-138.8605342363899,61.976728276282245,2.423772984240968,-2.383129489537148,-60.924934833215936,90.30234099842717,3.5731033050252714,-3.547433729422859,-89.63805040280634,-91.56239775046622,-88.51551445000418,hourly_window_mean_factor_top_available_analogs,2,47.29813648592368,-27.590579616788244,3.590110664893138e-13,47.29813648592368,-27.590579616788244,3.590110664893138e-13,138.8605342363899,60.92493483321593,89.63805040280634,91.56239775046622,3.6757499030939202,138.8605342363899,5.5433838549412195,88.51551445000418,3.4459356803639047,61.976728276282245,2.423772984240968,90.30234099842717,3.5731033050252714,26.53878617372193,1.0221626961229369,-0.04249922681346607
experiment_2026_08_25_00_38_criterion_observance_tier,SEN_demand_NTE,2025-03-17,Benito Juarez's Birthday,H2,H,observance_tier,True,2025-03-17,19,True,True,2,False,2,6,2,pearson,RidgeReg,,2,{'alpha': 0.07506759324831748},2025-03-16 10:00:00,2025-03-18,151.25740345336854,5.457298195386696,115.164777,4.202,,14,24,2,4,2,2,0.056435380481658214,2670.256419191596,2635.355039848199,151.25740345336854,5.457298195386696,2.0603695756867584,64.75210186103614,128.51069197034107,4.994186603212567,-4.226048221687264,-106.28941235170403,164.52631848513457,5.727446624154939,5.727446624154939,164.52631848513457,113.5648239233756,4.411634283800159,-3.534924432251343,-88.12381400747235,153.929719450999,5.354460366393691,5.354460366393691,153.929719450999,139.0584421513483,5.007103388596073,2.0794238616297314,64.75210186103585,-106.28941235170403,164.52631848513457,hourly_window_mean_factor_top_available_analogs,2,-18.165598344231675,10.596599034135599,2.87208853191451e-13,-18.165598344231675,10.596599034135599,2.87208853191451e-13,88.12381400747236,-153.92971945099896,-64.75210186103585,128.51069197034107,4.994186603212567,113.5648239233756,4.411634283800159,164.52631848513457,5.727446624154939,153.929719450999,5.354460366393691,139.0584421513483,5.007103388596073,10.59659903413558,0.37298625776124794,0.4501948067906225
experiment_2026_08_25_00_38_criterion_observance_tier,SEN_demand_NTE,2025-04-17,Maundy Thursday,H1,G,observance_tier,True,2025-04-17,19,True,True,2,False,2,6,2,pearson,RidgeReg,,2,{'alpha': 0.08415909791545795},2025-04-16 10:00:00,2025-04-18,101.96073178446063,2.555740614473907,117.322715,4.257,,14,24,2,4,2,2,0.044407743287326315,3936.614731322394,3803.0386149787105,101.96073178446063,2.555740614473907,1.153732648182622,48.054130782868675,114.66207195430128,2.7780901079971225,0.11268721155399164,11.144570659863023,94.55161668538693,2.426036743252031,1.7610091528826561,69.58470752128864,118.80772178127611,2.8678860952913543,0.3037707281294854,19.241318279894553,92.96405857248863,2.3826243897882406,1.6334234135793189,64.86160474293756,102.48540817572612,2.561405018131493,1.1435513715714856,48.05413078286908,11.144570659863023,69.58470752128864,hourly_window_mean_factor_top_available_analogs,2,-8.09674762003153,4.723102778351081,-4.0687920868788895e-13,-8.09674762003153,4.723102778351081,-4.0687920868788895e-13,-19.241318279894553,-64.86160474293756,-48.05413078286908,114.66207195430128,2.7780901079971225,118.80772178127611,2.8678860952913543,94.55161668538693,2.426036743252031,92.96405857248863,2.3826243897882406,102.48540817572612,2.561405018131493,1.5875581128983072,0.04341235346379024,-0.005664403657585915
experiment_2026_08_25_00_38_criterion_observance_tier,SEN_demand_NTE,2025-04-18,Good Friday,H2,G,observance_tier,True,2025-04-18,19,True,True,2,False,2,6,2,pearson,RidgeReg,,2,{'alpha': 0.17850600989836862},2025-04-17 10:00:00,2025-04-19,96.12171137061439,3.0439319321304876,118.013932,4.181,,14,24,2,4,2,2,0.10857554952758974,3402.014272536031,3069.444821384113,96.12171137061439,3.0439319321304876,-1.9465163941441195,-57.589022009715215,80.02827755436705,2.060878461071163,-1.1620728654980064,-43.25495736789084,105.50954776342535,3.6173797902484277,-2.404108452521019,-65.9505597174461,80.4255584865585,2.01950250290426,0.8535984566805056,36.01013108025417,138.95859820082637,4.813377298013694,-4.006926454056683,-112.18852797886412,117.3937940955698,3.7840550050786397,-2.2162067501008766,-57.58902200971528,-43.25495736789084,-65.9505597174461,hourly_window_mean_factor_top_available_analogs,2,-79.26508844814501,46.23796826141802,5.983517774821896e-14,-79.26508844814501,46.23796826141802,5.983517774821896e-14,-36.01013108025417,112.18852797886412,57.58902200971527,80.02827755436705,2.060878461071163,80.4255584865585,2.01950250290426,105.50954776342535,3.6173797902484277,138.95859820082637,4.813377298013694,117.3937940955698,3.7840550050786397,-33.44905043740103,-1.195997507765266,-0.740123072948152
experiment_2026_08_25_00_38_criterion_observance_tier,SEN_demand_NTE,2025-04-19,Holy Saturday,H3,G,observance_tier,True,2025-04-19,19,True,True,2,False,2,6,2,pearson,RidgeReg,,2,{'alpha': 0.2878885876777043},2025-04-18 10:00:00,2025-04-20,225.7484070848066,7.381803440519724,119.448418,4.195,,14,24,2,4,2,2,0.0715835212385856,3296.606479716386,3403.942436912667,225.7484070848066,7.381803440519724,-7.381803440519724,-225.7484070848066,219.70530666561768,7.654934085397694,-7.654934085397694,-219.70530666561768,229.2735489960002,7.222477231007577,-7.222477231007577,-229.2735489960002,229.59813786868563,8.01957462673881,-8.01957462673881,-229.59813786868563,223.50273079421106,7.073628095108965,-7.073628095108965,-223.50273079421106,225.74840708480693,7.4221347120252235,-7.4221347120252235,-225.74840708480693,-219.70530666561768,-229.2735489960002,hourly_window_mean_factor_top_available_analogs,2,9.892831203067933,-5.770818201789116,3.231099598403824e-13,9.892831203067933,-5.770818201789116,3.231099598403824e-13,229.59813786868563,223.50273079421106,225.7484070848069,219.70530666561768,7.654934085397694,229.59813786868563,8.01957462673881,229.2735489960002,7.222477231007577,223.50273079421106,7.073628095108965,225.74840708480693,7.4221347120252235,5.770818201789126,0.1488491358986117,-0.04033127150549909
experiment_2026_08_25_00_38_criterion_observance_tier,SEN_demand_NTE,2025-05-01,Labor Day,H2,F,observance_tier,True,2025-05-01,19,True,True,2,False,2,6,2,pearson,RidgeReg,,2,{'alpha': 0.2878885876777043},2025-04-30 10:00:00,2025-05-02,244.09912677213993,6.552785836634324,118.267789,4.096,,14,24,2,4,2,2,0.05606432100881888,4088.4367111879624,4012.460110633001,244.09912677213993,6.552785836634324,-6.358998586213088,-235.6747882932257,142.39785229637815,3.528064277260562,-3.002070311831494,-119.53179071075387,303.4248702163342,8.317206746269017,-8.317206746269017,-303.4248702163342,278.4971013588489,6.974371003110015,-6.73477790406599,-268.07737413586966,219.29733987609174,6.05504830609103,-5.993171180743967,-216.77327988501648,241.10777831710752,6.393746141834868,-6.266394710388922,-235.67478829322562,-119.53179071075387,-303.4248702163342,hourly_window_mean_factor_top_available_analogs,2,148.54558342511578,-86.65159033131773,-1.3163739104608172e-13,148.54558342511578,-86.65159033131773,-1.3163739104608172e-13,268.07737413586966,216.7732798850165,235.67478829322556,142.39785229637815,3.528064277260562,278.4971013588489,6.974371003110015,303.4248702163342,8.317206746269017,219.29733987609174,6.05504830609103,241.10777831710752,6.393746141834868,84.12753034024249,2.262158440177987,0.15903969479945612
experiment_2026_08_25_00_38_criterion_observance_tier,SEN_demand_NTE,2025-09-16,Independence Day,H2,H,observance_tier,True,2025-09-16,19,True,True,5,False,2,6,5,pearson,PLS,standard,2,{},2025-09-15 10:00:00,2025-09-17,369.4739314962501,10.13190112078287,150.946348,5.017,,14,24,4,4,5,4,0.06409441358567712,3590.778785201395,3759.8812971765947,369.4739314962501,10.13190112078287,0.08355676332552239,18.737124535447816,498.7113074703775,13.046006537840325,13.046006537840325,498.7113074703775,294.0854621780091,8.432006294166023,-7.4778722718081125,-261.2478155099279,294.78626447322597,7.665597998929213,7.665597998929213,294.78626447322597,164.00778878377514,4.653280671410764,-4.044652597694792,-142.291540428257,212.189332458836,5.763081792075456,0.2696502536929993,18.73712453544724,498.7113074703775,-261.2478155099279,hourly_window_mean_factor_top_available_analogs,4,203.9250429971516,-118.95627508167085,5.74417706382902e-13,203.9250429971516,-118.95627508167085,5.74417706382902e-13,-294.7862644732259,142.291540428257,-18.73712453544724,498.7113074703775,13.046006537840325,294.78626447322597,7.665597998929213,294.0854621780091,8.432006294166023,164.00778878377514,4.653280671410764,212.189332458836,5.763081792075456,130.07767339423395,3.7787256227552586,4.368819328707415
experiment_2026_08_25_00_38_criterion_observance_tier,SEN_demand_NTE,2025-11-17,Mexican Revolution Day,H2,F,observance_tier,True,2025-11-17,19,True,True,2,False,2,6,2,pearson,RidgeReg,,2,{'alpha': 0.4142256863531539},2025-11-16 10:00:00,2025-11-18,62.558773719217456,2.690543544421422,114.734312,3.776,,14,24,2,4,2,2,0.06640010034224375,2436.518060863333,2441.0884858406484,62.558773719217456,2.690543544421422,-1.8406614412063635,-40.734580863333434,86.61368070142784,3.8091959002528264,-1.8133323271870279,-35.32417804507941,48.5267446462614,2.037996336853103,-1.8566034243843088,-43.890649173981615,71.2444352282045,3.1499014793489297,-1.708092641592943,-34.1988679915551,47.90199048728908,2.0370537164244396,-1.9083713715820192,-44.54708003853714,56.50183854973161,2.4470502606597777,-1.8345844710597277,-40.73458086333323,-35.32417804507941,-43.890649173981615,hourly_window_mean_factor_top_available_analogs,2,-1.1253100535243123,0.6564308645555267,-2.0343960434394448e-13,-1.1253100535243123,0.6564308645555267,-2.0343960434394448e-13,34.1988679915551,44.54708003853714,40.73458086333323,86.61368070142784,3.8091959002528264,71.2444352282045,3.1499014793489297,48.5267446462614,2.037996336853103,47.90199048728908,2.0370537164244396,56.50183854973161,2.4470502606597777,0.6247541589723156,0.0009426204286633322,0.24349328376164436
experiment_2026_08_25_00_38_criterion_observance_tier,SEN_demand_NTE,2025-12-24,Christmas Eve,H1,G,observance_tier,True,2025-12-24,19,True,True,2,False,2,6,2,pearson,RidgeReg,,2,{'alpha': 0.4142256863531539},2025-12-23 10:00:00,2025-12-25,118.11629993416562,4.7582259223622705,116.362232,3.858,,14,24,2,4,2,2,0.052039099535521466,2642.8487031714053,2593.3115584400816,118.11629993416562,4.7582259223622705,-2.7779391366493513,-61.53230475035257,74.88015334971637,2.6640727160735804,1.315882475719554,40.88294157489717,143.33738544176103,5.97981529269734,-5.166001743864546,-121.27453177341492,113.4720782531386,4.260405695589762,-2.0260041078517306,-47.99652868861774,126.61716961268087,5.283945213391045,-3.062367900573801,-69.42817411969793,121.77424121706004,4.906851706832677,-2.68054966114988,-61.532304750352594,40.88294157489717,-121.27453177341492,hourly_window_mean_factor_top_available_analogs,2,88.8794702635149,-51.846357653716986,2.3934071099287584e-14,88.8794702635149,-51.846357653716986,2.3934071099287584e-14,47.99652868861774,69.42817411969793,61.532304750352594,74.88015334971637,2.6640727160735804,113.4720782531386,4.260405695589762,143.33738544176103,5.97981529269734,126.61716961268087,5.283945213391045,121.77424121706004,4.906851706832677,16.72021582908016,0.6958700793062942,-0.14862578447040686
experiment_2026_08_25_00_38_criterion_observance_tier,SEN_demand_NTE,2025-12-25,Christmas Day,H2,H,observance_tier,True,2025-12-25,19,True,True,2,False,2,6,2,pearson,RidgeReg,,2,{'alpha': 0.4142256863531539},2025-12-24 10:00:00,2025-12-26,202.6950299420097,9.635527073213618,117.298148,3.915,,14,24,2,4,2,2,0.05850597607039889,2410.618278109346,2372.60943592,202.6950299420097,9.635527073213618,-9.332839530054251,-194.99230495145108,79.85074326545399,3.3267667512331687,-2.505186276943455,-58.94334686250919,274.35419717000053,13.315637261035548,-13.315637261035548,-274.35419717000053,80.12125067012254,3.313238985108836,-1.9306039882080976,-45.07369077821243,282.4448298858408,13.695158194951468,-13.695158194951468,-282.4448298858408,207.90456385899722,9.870240591325233,-9.360848750361805,-194.99230495145136,-58.94334686250919,-274.35419717000053,hourly_window_mean_factor_top_available_analogs,2,-13.869656084296755,8.090632715840266,3.111429242907386e-13,-13.869656084296755,8.090632715840266,3.111429242907386e-13,45.07369077821243,282.4448298858408,194.9923049514514,79.85074326545399,3.3267667512331687,80.12125067012254,3.313238985108836,274.35419717000053,13.315637261035548,282.4448298858408,13.695158194951468,207.90456385899722,9.870240591325233,-8.090632715840286,-0.37952093391592,-0.23471351811161512
experiment_2026_08_25_00_38_criterion_observance_tier,SEN_demand_NTE,2025-12-31,New Year's Eve,H1,G,observance_tier,True,2025-12-31,19,True,True,2,False,2,7,2,pearson,RidgeReg,standard,2,{'alpha': 0.08801200152347416},2025-12-30 10:00:00,2026-01-01,211.9581091574302,7.798319862056495,121.130729,4.34,,14,24,2,4,2,2,0.04680075509062768,2522.743011105728,2400.0055808861157,211.9581091574302,7.798319862056495,7.798319862056495,211.9581091574302,215.87680066065133,7.409341405415952,7.409341405415952,215.87680066065133,209.67220578055125,8.025223961763475,8.025223961763475,209.67220578055125,287.3653345240804,9.739655466159345,9.739655466159345,287.3653345240804,167.97056102688393,6.323420305503707,6.323420305503707,167.97056102688393,211.95810915743002,7.582033259429468,7.582033259429468,211.95810915743002,215.87680066065133,209.67220578055125,hourly_window_mean_factor_top_available_analogs,2,-71.48853386342908,41.70164475366729,2.0343960434394448e-13,-71.48853386342908,41.70164475366729,2.0343960434394448e-13,-287.3653345240804,-167.97056102688396,-211.95810915743,215.87680066065133,7.409341405415952,287.3653345240804,9.739655466159345,209.67220578055125,8.025223961763475,167.97056102688393,6.323420305503707,211.95810915743002,7.582033259429468,41.701644753667324,1.7018036562597674,0.2162866026270267
experiment_2026_08_25_00_38_criterion_observance_tier,SEN_demand_NTE,2026-01-01,New Year's Day,H3,H,observance_tier,True,2026-01-01,19,True,True,2,False,2,8,2,pearson,PLS,standard,2,{},2025-12-31 10:00:00,2026-01-02,80.00256782613582,3.5081709006594473,130.942056,4.682,,14,24,2,4,2,2,0.08413461714348418,2397.4044645262297,2271.2059396157006,80.00256782613582,3.5081709006594473,-3.2633441526360842,-73.99485663149332,56.4905495211429,2.2402725024974073,-1.7659034573139056,-44.08203080142357,93.71791183738166,4.247778299587303,-4.136851224907354,-91.44400503236734,49.50075464509444,1.9627782146505457,-1.2495959084289505,-30.430101892834404,100.23572461677973,4.567257717117506,-4.526861123999494,-99.40763022904368,81.54389357457988,3.6077126372612573,-3.319447623526136,-73.9948566314929,-44.08203080142357,-91.44400503236734,hourly_window_mean_factor_top_available_analogs,2,-13.651928908589168,7.963625196676323,-4.367967975619984e-13,-13.651928908589168,7.963625196676323,-4.367967975619984e-13,30.4301018928344,99.40763022904366,73.99485663149288,56.4905495211429,2.2402725024974073,49.50075464509444,1.9627782146505457,93.71791183738166,4.247778299587303,100.23572461677973,4.567257717117506,81.54389357457988,3.6077126372612573,-6.517812779398071,-0.3194794175302036,-0.0995417366018101
experiment_2026_08_25_00_38_criterion_observance_tier,SEN_demand_NTE,2026-02-02,Constitution Day,H2,H,observance_tier,True,2026-02-02,19,True,True,2,False,2,8,2,pearson,PLS,standard,2,{},2026-02-01 10:00:00,2026-02-03,102.94560833537128,4.144212817184559,129.293736,4.604,,14,24,2,4,2,2,0.08109764067023519,2578.6044904714727,2616.1908879582675,102.94560833537128,4.144212817184559,-1.2667369632064769,-27.57568231357842,63.46338393085239,2.5656207414815455,-0.6280624120115625,-9.334909065540646,125.97690590467396,5.065058194677983,-1.6392971180701765,-38.21613337493378,69.19539424008157,2.602377839071497,2.409834072905853,64.8714273954154,187.34642137136316,7.491558375965927,-3.3551335577520707,-81.50316297715734,143.81709558615415,5.690281336057453,-1.2311981148780986,-27.575682313577914,-9.334909065540646,-38.21613337493378,hourly_window_mean_factor_top_available_analogs,2,-74.20633646095605,43.28702960222356,-5.026154930850393e-13,-74.20633646095605,43.28702960222356,-5.026154930850393e-13,-64.87142739541541,81.50316297715734,27.575682313577918,63.46338393085239,2.5656207414815455,69.19539424008157,2.602377839071497,125.97690590467396,5.065058194677983,187.34642137136316,7.491558375965927,143.81709558615415,5.690281336057453,-61.36951546668921,-2.4265001812879445,-1.546068518872894
experiment_2026_08_25_00_38_criterion_observance_tier,SEN_demand_NTE,2026-03-16,Benito Juarez's Birthday,H2,H,observance_tier,True,2026-03-16,19,True,True,2,False,2,8,2,pearson,PLS,standard,2,{},2026-03-15 10:00:00,2026-03-17,245.6634450901669,9.090336601125896,131.964649,4.702,,14,24,2,4,2,2,0.08554265267475243,2948.8981489328953,3073.5390073834146,245.6634450901669,9.090336601125896,-8.70868354478407,-235.04585103815833,86.06137544459936,3.3885760891017367,-2.352660650459643,-57.24219158914769,338.76465238341456,12.41636356647332,-12.41636356647332,-338.76465238341456,100.57273379077944,4.003290183170655,-3.334050411008859,-81.64633046362815,324.52890470663436,11.928554193502942,-11.928554193502942,-324.52890470663436,242.0187364744773,9.008720084433149,-8.762158063110382,-235.0458510381584,-57.24219158914769,-338.76465238341456,hourly_window_mean_factor_top_available_analogs,2,24.40413887448046,-14.235747676780193,4.786814219857517e-14,24.40413887448046,-14.235747676780193,4.786814219857517e-14,81.64633046362815,324.52890470663436,235.0458510381584,86.06137544459936,3.3885760891017367,100.57273379077944,4.003290183170655,338.76465238341456,12.41636356647332,324.52890470663436,11.928554193502942,242.0187364744773,9.008720084433149,14.235747676780193,0.4878093729703785,0.08161651669274761
experiment_2026_08_25_00_38_criterion_observance_tier,SEN_demand_NTE,2026-04-02,Maundy Thursday,H1,G,observance_tier,True,2026-04-02,19,True,True,2,False,2,8,2,pearson,PCR,standard,2,{},2026-04-01 10:00:00,2026-04-03,78.11788505327745,2.0757329251008647,141.300287,5.034,,14,24,2,4,2,2,0.08556441766037115,3725.6881369439543,3585.4016427017764,78.11788505327745,2.0757329251008647,-0.3930318638280928,-14.740905891322631,90.2526456448297,2.3337205364432987,-2.3337205364432987,-90.2526456448297,71.03927470820531,1.925240151817779,0.7390365285307766,29.307608964889823,265.0988085607642,6.909527134121221,-6.909527134121221,-265.0988085607642,159.9274339043844,4.326366843018996,3.5430236334138585,131.30120399918485,198.67478246199798,5.278057476582974,-0.30791612304643423,-14.74090589132269,-90.2526456448297,29.307608964889823,hourly_window_mean_factor_top_available_analogs,2,174.84616291593449,-101.99359503429503,5.983517774821896e-14,174.84616291593449,-101.99359503429503,5.983517774821896e-14,265.09880856076416,-131.30120399918485,14.740905891322692,90.2526456448297,2.3337205364432987,265.0988085607642,6.909527134121221,71.03927470820531,1.925240151817779,159.9274339043844,4.326366843018996,198.67478246199798,5.278057476582974,-88.88815919617909,-2.401126691201217,-3.2023245514821097
experiment_2026_08_25_00_38_criterion_observance_tier,SEN_demand_NTE,2026-04-03,Good Friday,H2,G,observance_tier,True,2026-04-03,19,True,True,2,False,2,8,2,pearson,LassoReg,standard,2,{'alpha': 0.0011854057168822895},2026-04-02 10:00:00,2026-04-04,441.5767889084789,14.578237937867108,141.325183,4.995,,14,24,2,4,2,2,0.08556441766037115,3676.651232329531,3531.5315432530642,441.5767889084789,14.578237937867108,-14.578237937867108,-441.5767889084789,258.3737971749038,7.092348769484995,-7.092348769484995,-258.3737971749038,548.4452007530643,18.945006619423342,-18.945006619423342,-548.4452007530643,419.46788092575207,11.530659353445946,-11.530659353445946,-419.46788092575207,454.4736518984021,15.640227939481667,-15.640227939481667,-454.4736518984021,441.5767889084785,14.126176355152714,-14.126176355152714,-441.5767889084785,-258.3737971749038,-548.4452007530643,hourly_window_mean_factor_top_available_analogs,2,161.09408375084828,-93.97154885466215,-4.0687920868788895e-13,161.09408375084828,-93.97154885466215,-4.0687920868788895e-13,419.46788092575207,454.4736518984022,441.5767889084785,258.3737971749038,7.092348769484995,419.46788092575207,11.530659353445946,548.4452007530643,18.945006619423342,454.4736518984021,15.640227939481667,441.5767889084785,14.126176355152714,93.97154885466222,3.304778679941675,0.45206158271439456
experiment_2026_08_25_00_38_criterion_observance_tier,SEN_demand_NTE,2026-04-04,Holy Saturday,H3,G,observance_tier,True,2026-04-04,19,True,True,2,False,2,8,2,pearson,PLS,standard,2,{},2026-04-03 10:00:00,2026-04-05,190.37167790714932,6.044390075583795,162.130812,5.638,,14,24,2,4,2,2,0.06773885090732043,2898.8728851990422,2986.1980361728943,190.37167790714932,6.044390075583795,5.89614279022456,185.8504548009583,194.1458751411134,6.216583133259981,6.0395030903825475,189.4110307561339,188.17006285400365,5.9439441252726875,5.812515948465735,183.77345216043918,196.0632777617137,6.310132230313911,6.310132230313911,196.0632777617137,179.89297474051685,5.698566952016354,5.698566952016354,179.89297474051685,185.85045480095778,5.923880475599665,5.923880475599665,185.85045480095778,189.4110307561339,183.77345216043918,hourly_window_mean_factor_top_available_analogs,2,-6.652247005579803,3.8804774199223098,4.786814219857517e-13,-6.652247005579803,3.8804774199223098,4.786814219857517e-13,-196.0632777617137,-179.89297474051688,-185.8504548009578,194.1458751411134,6.216583133259981,196.0632777617137,6.310132230313911,188.17006285400365,5.9439441252726875,179.89297474051685,5.698566952016354,185.85045480095778,5.923880475599665,8.277088113486798,0.24537717325633324,0.12050959998413013
experiment_2026_08_25_00_38_criterion_observance_tier,SEN_demand_NTE,2026-05-01,Labor Day,H2,F,observance_tier,True,2026-05-01,19,True,True,2,False,2,8,2,pearson,PLS,minmax,2,{},2026-04-30 10:00:00,2026-05-02,191.68581176579525,5.288658296152983,169.020478,5.805,,14,24,2,4,2,2,0.05698800244938151,3904.135655877296,3745.3794898217043,191.68581176579525,5.288658296152983,-4.280456883179954,-150.1841719299275,117.70343866995151,2.8205071360980307,-0.08396044374266896,-5.056130544024621,234.84219607170417,6.728413139518371,-6.728413139518371,-234.84219607170417,81.6362992330105,1.974624566086245,1.1495940528648616,47.298889406378166,265.38262437610575,7.705317767574342,-7.705317767574342,-265.38262437610575,197.68660984970228,5.594009745973464,-4.442981833728319,-150.18417192992746,-5.056130544024621,-234.84219607170417,hourly_window_mean_factor_top_available_analogs,2,-52.355019950402784,30.540428304401605,-1.1967035549643792e-14,-52.355019950402784,30.540428304401605,-1.1967035549643792e-14,-47.298889406378166,265.38262437610575,150.1841719299275,117.70343866995151,2.8205071360980307,81.6362992330105,1.974624566086245,234.84219607170417,6.728413139518371,265.38262437610575,7.705317767574342,197.68660984970228,5.594009745973464,-30.540428304401587,-0.976904628055971,-0.30535144982048124
experiment_2026_08_25_00_38_criterion_observance_tier,SEN_demand_OCC,2025-01-01,New Year's Day,H3,H,observance_tier,True,2025-01-01,19,True,True,6,False,2,6,6,pearson,RidgeReg,standard,2,{'alpha': 0.1307136350654231},2024-12-31 10:00:00,2025-01-02,93.764221290674,1.4906977979742144,306.237523,4.483,,14,24,4,4,6,4,0.1179782763427379,6000.05340199479,5602.447694263377,93.764221290674,1.4906977979742144,0.8056597911038943,57.58535142626194,154.89310617993047,2.2772477931622435,2.2772477931622435,154.89310617993047,58.10570510527441,1.031876967447864,-0.05276654343014275,0.822494486621963,212.53367487422793,3.1147328256717874,-0.49686263377239254,-28.251978778991866,196.73809185412608,3.457701742763868,1.635162528467433,107.65712737932763,202.5575171773215,3.3313447733088912,0.8496795739580235,57.585351426262555,154.89310617993047,0.822494486621963,hourly_window_mean_factor_top_available_analogs,4,183.14508495892233,-106.83463289270567,-6.222858485814772e-13,183.14508495892233,-106.83463289270567,-6.222858485814772e-13,28.251978778991855,-107.65712737932763,-57.58535142626256,154.89310617993047,2.2772477931622435,212.53367487422793,3.1147328256717874,58.10570510527441,1.031876967447864,196.73809185412608,3.457701742763868,202.5575171773215,3.3313447733088912,-138.63238674885167,-2.425824775316004,-1.8406469753346768
experiment_2026_08_25_00_38_criterion_observance_tier,SEN_demand_OCC,2025-02-03,Constitution Day,H2,H,observance_tier,True,2025-02-03,19,True,True,2,False,2,6,2,euclidian,LassoReg,minmax,2,{'alpha': 0.002456459215250751},2025-02-02 10:00:00,2025-02-04,99.71436167312008,1.4463669502490506,344.908293,4.848,,14,24,2,4,2,2,0.0697951701563314,7037.232008225092,6995.773752714678,99.71436167312008,1.4463669502490506,0.7242000615694464,51.44872861701415,98.7864867887851,1.4085905030103523,0.06869193531521946,10.491043757058833,100.25562202231549,1.4684032111382912,1.106579801884412,75.34071145198807,116.383637934233,1.635365074138542,0.4330282166021288,37.263361087317854,123.47958722389463,1.827772948798281,0.9104296376155009,59.72352634266929,120.86529011717718,1.756885837081535,0.7345449035579429,51.4487286170135,10.491043757058833,75.34071145198807,hourly_window_mean_factor_top_available_analogs,2,-26.772317330259025,15.617185109318788,6.462199196807648e-13,-26.772317330259025,15.617185109318788,6.462199196807648e-13,-37.26336108731786,-59.72352634266928,-51.4487286170135,98.7864867887851,1.4085905030103523,116.383637934233,1.635365074138542,100.25562202231549,1.4684032111382912,123.47958722389463,1.827772948798281,120.86529011717718,1.756885837081535,-23.223965201579134,-0.3593697376599898,-0.3105188868324844
experiment_2026_08_25_00_38_criterion_observance_tier,SEN_demand_OCC,2025-03-17,Benito Juarez's Birthday,H2,H,observance_tier,True,2025-03-17,19,True,True,2,False,2,6,2,euclidian,LassoReg,minmax,2,{'alpha': 0.002456459215250751},2025-03-16 10:00:00,2025-03-18,177.2587297681342,2.4344258299507042,313.540287,4.409,,14,24,2,4,2,2,0.06866235745667196,7131.717216252354,7043.521598315948,177.2587297681342,2.4344258299507042,0.39260733266798803,40.157004537119995,217.13184960039183,3.1559886118850344,-2.287384225892988,-148.3778220004768,153.99940986598392,2.013514207155678,1.9559357418285572,150.13565335071814,201.650045753744,2.928979744528042,-2.213078408656576,-145.04990257657033,148.97582449031077,1.9741598054092673,1.9624505105919239,148.19436702010583,168.38211653473354,2.3259355724530257,0.4240977508687921,40.15700453711988,-148.3778220004768,150.13565335071814,hourly_window_mean_factor_top_available_analogs,2,-3.3279194239064833,1.9412863306123047,1.1967035549643792e-13,-3.3279194239064833,1.9412863306123047,1.1967035549643792e-13,145.04990257657033,-148.19436702010583,-40.157004537119874,217.13184960039183,3.1559886118850344,201.650045753744,2.928979744528042,153.99940986598392,2.013514207155678,148.97582449031077,1.9741598054092673,168.38211653473354,2.3259355724530257,5.02358537567315,0.039354401746410916,0.10849025749767849
experiment_2026_08_25_00_38_criterion_observance_tier,SEN_demand_OCC,2025-04-17,Maundy Thursday,H1,G,observance_tier,True,2025-04-17,19,True,True,2,False,2,6,2,euclidian,LassoReg,minmax,2,{'alpha': 0.002456459215250751},2025-04-16 10:00:00,2025-04-18,188.12367380611866,2.062935207927518,300.500764,4.169,,14,24,2,4,2,2,0.0814604452514094,8723.514508505754,8291.07752021305,188.12367380611866,2.062935207927518,1.5857283369022923,146.06553754687909,215.24787700076882,2.2053959587687415,1.5068852692861874,150.14650870675632,172.30122194257274,1.9798331032701375,1.6317201263450205,143.6849710369507,187.8770132147313,1.9743003586801202,-0.6183303104702101,-54.224150643429574,262.9011889912236,3.0822370241908756,3.0822370241908756,262.9011889912236,235.26070317883168,2.674049831634281,1.7188701114210019,146.06553754687766,150.14650870675632,143.6849710369507,hourly_window_mean_factor_top_available_analogs,2,204.3706593501859,-119.21621795427286,1.4121101948579675e-12,204.3706593501859,-119.21621795427286,1.4121101948579675e-12,54.22415064342957,-262.9011889912236,-146.06553754687766,215.24787700076882,2.2053959587687415,187.8770132147313,1.9743003586801202,172.30122194257274,1.9798331032701375,262.9011889912236,3.0822370241908756,235.26070317883168,2.674049831634281,-90.59996704865085,-1.1024039209207381,-0.6111146237067633
experiment_2026_08_25_00_38_criterion_observance_tier,SEN_demand_OCC,2025-04-18,Good Friday,H2,G,observance_tier,True,2025-04-18,19,True,True,2,False,2,6,2,euclidian,LassoReg,minmax,2,{'alpha': 0.002456459215250751},2025-04-17 10:00:00,2025-04-19,212.29061495195455,2.7905416543596493,299.44695,4.081,,14,24,2,4,2,2,0.0814604452514094,7805.587052718992,7285.83673248001,212.29061495195455,2.7905416543596493,-1.4348431629744474,-101.13727166636188,274.6802988912192,3.2749279537074534,-1.9241759326238088,-154.48725527153388,175.8966326540502,2.507982979740097,-1.1493990473456537,-70.01644789667823,269.6801607267651,3.19385849963153,-1.3917670382207425,-109.66803183114429,262.1592571726984,3.7423164760334147,-1.5958002088635845,-96.16099490356976,264.9301163768282,3.5402530110432466,-1.5206300933635901,-101.13727166636038,-154.48725527153388,-70.01644789667823,hourly_window_mean_factor_top_available_analogs,2,-44.81922344038958,26.144547006891532,-1.507846479255118e-12,-44.81922344038958,26.144547006891532,-1.507846479255118e-12,109.6680318311443,96.16099490356976,101.13727166636038,274.6802988912192,3.2749279537074534,269.6801607267651,3.19385849963153,175.8966326540502,2.507982979740097,262.1592571726984,3.7423164760334147,264.9301163768282,3.5402530110432466,-86.26262451864821,-1.2343334962933175,-0.7497113566835973
experiment_2026_08_25_00_38_criterion_observance_tier,SEN_demand_OCC,2025-04-19,Holy Saturday,H3,G,observance_tier,True,2025-04-19,19,True,True,2,False,2,6,2,euclidian,LassoReg,minmax,2,{'alpha': 0.002456459215250751},2025-04-18 10:00:00,2025-04-20,74.43329198454205,1.0373601091847515,279.408067,3.804,,14,24,2,4,2,2,0.06111838752669064,7340.26522602454,7410.748587759325,74.43329198454205,1.0373601091847515,-0.8428651178828662,-59.51826839296109,65.99171653516598,0.9543229116284992,-0.5985704779008423,-38.8271823363349,79.35754433001144,1.0857984744258988,-0.9853703245390472,-71.5880685926597,132.01797834015937,1.9109146391523193,-1.1224287311854941,-71.34014292202944,97.10543622978712,1.339210103466143,-0.7560295923531358,-52.62217491767141,109.9679517441348,1.5498380902978923,-0.8910187487650572,-59.51826839296121,-38.8271823363349,-71.5880685926597,hourly_window_mean_factor_top_available_analogs,2,32.512960585694536,-18.96589367498829,1.1967035549643792e-13,32.512960585694536,-18.96589367498829,1.1967035549643792e-13,71.34014292202943,52.6221749176714,59.51826839296121,65.99171653516598,0.9543229116284992,132.01797834015937,1.9109146391523193,79.35754433001144,1.0857984744258988,97.10543622978712,1.339210103466143,109.9679517441348,1.5498380902978923,-17.74789189977568,-0.25341162904024417,-0.5124779811131408
experiment_2026_08_25_00_38_criterion_observance_tier,SEN_demand_OCC,2025-05-01,Labor Day,H2,F,observance_tier,True,2025-05-01,19,True,True,2,False,2,6,2,euclidian,LassoReg,minmax,2,{'alpha': 0.002456459215250751},2025-04-30 10:00:00,2025-05-02,288.16850679264644,3.10975249035129,265.765163,3.604,,14,24,2,4,2,2,0.09172913617854275,9392.583529478487,8820.042564763588,288.16850679264644,3.10975249035129,-0.5606017133769639,-31.981109215328207,326.1698597023842,3.1195002038925224,0.4910625733450346,57.9533188674047,266.0010509286327,3.104066324118905,-1.1740725472981295,-84.44285893025574,255.20642914196364,2.4656454401870276,-1.0267659425760438,-102.54696775608474,161.32428673991663,1.8535725498831657,-0.005089873409565751,9.182308266779197,195.91244446698659,2.0790730884161674,-0.3814968462603733,-31.98110921532857,57.9533188674047,-84.44285893025574,hourly_window_mean_factor_top_available_analogs,2,160.50028662348944,-93.62516719703494,3.590110664893138e-13,160.50028662348944,-93.62516719703494,3.590110664893138e-13,102.54696775608474,-9.182308266779202,31.981109215328566,326.1698597023842,3.1195002038925224,255.20642914196364,2.4656454401870276,266.0010509286327,3.104066324118905,161.32428673991663,1.8535725498831657,195.91244446698659,2.0790730884161674,104.67676418871608,1.2504937742357394,1.0306794019351226
experiment_2026_08_25_00_38_criterion_observance_tier,SEN_demand_OCC,2025-09-16,Independence Day,H2,H,observance_tier,True,2025-09-16,19,True,True,2,False,2,6,2,euclidian,LassoReg,minmax,2,{'alpha': 0.002456459215250751},2025-09-15 10:00:00,2025-09-17,965.5285114063721,12.379094945226727,267.786599,3.615,,14,24,2,4,2,2,0.10053367678663401,6495.356521751523,6345.023088658701,965.5285114063721,12.379094945226727,12.379094945226727,965.5285114063721,1520.6451293750706,18.311954846257372,18.311954846257372,1520.6451293750706,641.7104842579645,8.918260002958855,8.918260002958855,641.7104842579645,1116.197620573781,13.456720490801539,13.456720490801539,1116.197620573781,877.6381977253823,12.630156244140652,12.630156244140652,877.6381977253823,965.5285114063716,12.934679913963084,12.934679913963084,965.5285114063716,1520.6451293750706,641.7104842579645,hourly_window_mean_factor_top_available_analogs,2,404.4475088012897,-235.9277134674177,8.137584173757779e-13,404.4475088012897,-235.9277134674177,8.137584173757779e-13,-1116.197620573781,-877.6381977253822,-965.5285114063713,1520.6451293750706,18.311954846257372,1116.197620573781,13.456720490801539,641.7104842579645,8.918260002958855,877.6381977253823,12.630156244140652,965.5285114063716,12.934679913963084,-235.9277134674178,-3.7118962411817975,-0.5555849687363565
experiment_2026_08_25_00_38_criterion_observance_tier,SEN_demand_OCC,2025-11-17,Mexican Revolution Day,H2,F,observance_tier,True,2025-11-17,19,True,True,2,False,2,6,2,euclidian,LassoReg,minmax,2,{'alpha': 0.002456459215250751},2025-11-16 10:00:00,2025-11-18,180.30858669495913,2.4493692985589264,300.014971,4.001,,14,24,2,4,2,2,0.06694351339470402,7323.448272581704,7283.9502875326625,180.30858669495913,2.4493692985589264,-0.2659140587216831,-4.5711712659141135,234.96465067334915,3.252671125739602,-0.8213404534704795,-38.45117052291679,148.42588270756494,1.980776566036866,0.05808467154844802,15.192161634004114,177.13866841612253,2.4809748604854645,-0.9434883117639191,-52.87489043725951,108.61512749673273,1.467704946834484,0.2563172059342321,23.605998250702857,133.8606425722974,1.8410149150216875,-0.1857164058492973,-4.571171265914855,-38.45117052291679,15.192161634004114,hourly_window_mean_factor_top_available_analogs,2,14.42371991434272,-8.413836616698745,7.419562040779151e-13,14.42371991434272,-8.413836616698745,7.419562040779151e-13,52.87489043725951,-23.60599825070286,4.571171265914855,234.96465067334915,3.252671125739602,177.13866841612253,2.4809748604854645,148.42588270756494,1.980776566036866,108.61512749673273,1.467704946834484,133.8606425722974,1.8410149150216875,39.81075521083221,0.5130716192023819,0.6083543835372389
experiment_2026_08_25_00_38_criterion_observance_tier,SEN_demand_OCC,2025-12-24,Christmas Eve,H1,G,observance_tier,True,2025-12-24,19,True,True,2,False,2,6,2,euclidian,LassoReg,minmax,2,{'alpha': 0.002456459215250751},2025-12-23 10:00:00,2025-12-25,404.8617694756548,5.206877065076707,300.864227,4.011,,14,24,2,4,2,2,0.09571216809845891,7319.2800663005955,6816.913369728975,404.8617694756548,5.206877065076707,4.6582256793296395,367.6658942257213,422.01657853368914,4.789090380625934,4.788329349266733,421.9541038623425,394.8547975251347,5.450585964339659,4.582331871866335,335.9977719376921,378.24629804472517,4.287491042474315,3.9208735373453636,348.14579238314093,438.19302571969166,6.060829801875886,5.189606317530824,379.0526203005582,416.1073892078619,5.4074944694647815,4.722178451146706,367.66589422572036,421.9541038623425,335.9977719376921,hourly_window_mean_factor_top_available_analogs,2,73.80831147920155,-43.05484836286613,9.094947017729282e-13,73.80831147920155,-43.05484836286613,9.094947017729282e-13,-348.14579238314093,-379.05262030055826,-367.66589422572036,422.01657853368914,4.789090380625934,378.24629804472517,4.287491042474315,394.8547975251347,5.450585964339659,438.19302571969166,6.060829801875886,416.1073892078619,5.4074944694647815,-43.33822819455696,-0.6102438375362267,-0.2006174043880744
experiment_2026_08_25_00_38_criterion_observance_tier,SEN_demand_OCC,2025-12-25,Christmas Day,H2,H,observance_tier,True,2025-12-25,19,True,True,2,False,2,6,2,euclidian,LassoReg,minmax,2,{'alpha': 0.002456459215250751},2025-12-24 10:00:00,2025-12-26,1008.9514554543235,17.671311365488606,315.339787,4.194,,14,24,2,4,2,2,0.06926025280345521,7270.484035114346,7262.009221995429,1008.9514554543235,17.671311365488606,-17.089678412530517,-966.3980840617158,311.5908892410008,4.474963589255439,-2.896245574083488,-196.08888117535167,1415.7451190787617,25.36918090162462,-25.36918090162462,-1415.7451190787617,327.5272120056634,4.677810807580945,-2.805760877102194,-191.19787962788374,1418.5982033147818,25.324878770037028,-25.324878770037028,-1418.5982033147818,1016.6246802008964,17.71806425755321,-17.028361651587353,-966.3980840617141,-196.08888117535167,-1415.7451190787617,hourly_window_mean_factor_top_available_analogs,2,-4.891001547467957,2.853084236020171,-1.7711212613472814e-12,-4.891001547467957,2.853084236020171,-1.7711212613472814e-12,191.1978796278837,1418.5982033147818,966.398084061714,311.5908892410008,4.474963589255439,327.5272120056634,4.677810807580945,1415.7451190787617,25.36918090162462,1418.5982033147818,25.324878770037028,1016.6246802008964,17.71806425755321,-2.853084236020095,0.04430213158759244,-0.0467528920646032
experiment_2026_08_25_00_38_criterion_observance_tier,SEN_demand_OCC,2025-12-31,New Year's Eve,H1,G,observance_tier,True,2025-12-31,19,True,True,3,False,2,7,3,euclidian,LassoReg,minmax,2,{'alpha': 0.002456459215250751},2025-12-30 10:00:00,2026-01-01,216.28230889724603,2.9599517179876482,312.672393,4.51,,14,24,3,4,3,3,0.0854402209492869,7314.41260900858,6837.5160365953925,216.28230889724603,2.9599517179876482,1.840366802792412,130.6396744124707,165.74178545605295,2.0981566280754858,-0.940716713168726,-66.71679385976579,245.76428090460865,3.46266552043641,3.46266552043641,245.76428090460865,292.2694479944479,3.681513890656279,-1.132684661844802,-75.19128452242155,274.798255937329,3.8525486043126507,3.49981375328093,250.70773379116056,281.2350109057412,3.7895358150708294,1.7931038108661863,130.63967441247243,-66.71679385976579,245.76428090460865,hourly_window_mean_factor_top_available_analogs,3,8.474490662655755,-4.94345288655192,-1.723253119148706e-12,8.474490662655755,-4.94345288655192,-1.723253119148706e-12,75.19128452242154,-250.70773379116056,-130.63967441247243,165.74178545605295,2.0981566280754858,292.2694479944479,3.681513890656279,245.76428090460865,3.46266552043641,274.798255937329,3.8525486043126507,281.2350109057412,3.7895358150708294,-29.03397503272032,-0.3898830838762408,-0.8295840970831811
experiment_2026_08_25_00_38_criterion_observance_tier,SEN_demand_OCC,2026-01-01,New Year's Day,H3,H,observance_tier,True,2026-01-01,19,True,True,3,False,2,8,3,euclidian,LassoReg,minmax,2,{'alpha': 0.002456459215250751},2025-12-31 10:00:00,2026-01-02,299.3980549756475,4.939213481712636,315.708188,4.555,,14,24,3,4,3,3,0.09846469357393789,6281.025268188471,5886.511859100491,299.3980549756475,4.939213481712636,-0.47124762092721634,10.695278653633403,308.7980993817327,4.2903369203887864,1.8983738991793466,145.55905980356178,293.9146957387646,5.317724809151549,-1.8535268409893781,-67.9752603504915,275.2989821198168,3.8096857499138608,2.2365635518946414,168.32929491245417,354.9805967863499,6.588210103222681,-2.033663442632055,-81.25789749734459,325.62421243552194,5.564543236214167,-0.4604219183327457,10.695278653633906,145.55905980356178,-67.9752603504915,hourly_window_mean_factor_top_available_analogs,3,-22.770235108892393,13.2826371468531,-5.026154930850393e-13,-22.770235108892393,13.2826371468531,-5.026154930850393e-13,-168.32929491245417,81.2578974973446,-10.695278653633906,308.7980993817327,4.2903369203887864,275.2989821198168,3.8096857499138608,293.9146957387646,5.317724809151549,354.9805967863499,6.588210103222681,325.62421243552194,5.564543236214167,-61.06590104758533,-1.2704852940711318,-0.6253297545015313
experiment_2026_08_25_00_38_criterion_observance_tier,SEN_demand_OCC,2026-02-02,Constitution Day,H2,H,observance_tier,True,2026-02-02,19,True,True,3,False,2,8,3,euclidian,LassoReg,minmax,2,{'alpha': 0.002456459215250751},2026-02-01 10:00:00,2026-02-03,130.0683777520402,1.870778603616058,288.969632,4.155,,14,24,3,4,3,3,0.07207087219274227,7185.032783101319,7205.623437095582,130.0683777520402,1.870778603616058,-0.324620395894932,-15.37830836447785,181.07612001322073,2.6680356270822583,-1.0522062675126465,-58.31383911115875,100.3138614330182,1.4057120065941078,0.09980469588206782,9.667417904419343,248.4898757412339,3.737351017077621,-2.8780058849913503,-180.45513906975177,128.85401265295025,1.7749993546270915,1.0758312632056584,80.91650954693323,172.93038326442317,2.4979710197404446,-0.3808455808669234,-15.378308364477036,-58.31383911115875,9.667417904419343,hourly_window_mean_factor_top_available_analogs,3,122.14129995859301,-71.24909164251387,-8.137584173757779e-13,122.14129995859301,-71.24909164251387,-8.137584173757779e-13,180.45513906975177,-80.91650954693321,15.378308364477036,181.07612001322073,2.6680356270822583,248.4898757412339,3.737351017077621,100.3138614330182,1.4057120065941078,128.85401265295025,1.7749993546270915,172.93038326442317,2.4979710197404446,-28.540151219932042,-0.3692873480329837,-0.6271924161243865
experiment_2026_08_25_00_38_criterion_observance_tier,SEN_demand_OCC,2026-03-16,Benito Juarez's Birthday,H2,H,observance_tier,True,2026-03-16,19,True,True,4,False,2,8,4,pearson,PCR,,4,{},2026-03-15 10:00:00,2026-03-17,153.29851795500696,2.079547632286326,271.119879,3.746,,14,24,4,4,4,4,0.07142439190714252,7743.396560867668,7751.43471065036,153.29851795500696,2.079547632286326,-1.5505229229463837,-113.05967981503588,237.98280897093588,3.3464354591478203,-2.8490058662004922,-195.3540869544799,103.89934819571506,1.3405297332837873,-0.7930745393814865,-65.05460898369354,416.54375581778123,5.900978067155141,-5.899392286552283,-416.40866354611524,86.37343504465416,1.1392591966944183,0.8355486030121392,63.89389402809294,208.0151321715957,2.8935766752852103,-1.6457454089326475,-113.05967981503639,-195.3540869544799,-65.05460898369354,hourly_window_mean_factor_top_available_analogs,4,221.05457659163534,-128.94850301178647,5.026154930850393e-13,221.05457659163534,-128.94850301178647,5.026154930850393e-13,416.40866354611524,-63.89389402809293,113.05967981503638,237.98280897093588,3.3464354591478203,416.54375581778123,5.900978067155141,103.89934819571506,1.3405297332837873,86.37343504465416,1.1392591966944183,208.0151321715957,2.8935766752852103,17.525913151060905,0.201270536589369,-0.8140290429988841
experiment_2026_08_25_00_38_criterion_observance_tier,SEN_demand_OCC,2026-04-02,Maundy Thursday,H1,G,observance_tier,True,2026-04-02,19,True,True,4,False,2,8,4,pearson,PCR,,4,{},2026-04-01 10:00:00,2026-04-03,162.63571942298566,1.8696204388329714,267.005071,3.678,,14,24,4,4,4,4,0.07446706886353376,8914.889066194355,8545.59567589427,162.63571942298566,1.8696204388329714,-1.1031098289235715,-90.13770277330586,204.39065828898933,2.212625321406399,-1.1143780338602032,-94.30373099451052,138.2786717511502,1.6695342573318068,-1.0965367093772032,-87.7075196442698,288.4159278612134,3.1606112365953805,-3.1606112365953805,-288.4159278612134,71.80478333021885,0.8494695434496431,0.3041353212927688,25.5245951946456,151.60888921005895,1.7009427988191255,-0.9723502526660233,-90.13770277330245,-94.30373099451052,-87.7075196442698,hourly_window_mean_factor_top_available_analogs,4,194.11219686670287,-113.2321148389154,-3.398638096098837e-12,194.11219686670287,-113.2321148389154,-3.398638096098837e-12,288.4159278612134,-25.5245951946456,90.13770277330246,204.39065828898933,2.212625321406399,288.4159278612134,3.1606112365953805,138.2786717511502,1.6695342573318068,71.80478333021885,0.8494695434496431,151.60888921005895,1.7009427988191255,66.47388842093135,0.8200647138821637,0.1686776400138459
experiment_2026_08_25_00_38_criterion_observance_tier,SEN_demand_OCC,2026-04-03,Good Friday,H2,G,observance_tier,True,2026-04-03,19,True,True,4,False,2,8,4,pearson,PCR,,4,{},2026-04-02 10:00:00,2026-04-04,178.19558653314004,2.406439372947022,268.885995,3.663,,14,24,4,4,4,4,0.0821363831684984,7802.822222475556,7351.69168120511,178.19558653314004,2.406439372947022,-1.2791268247296046,-86.087323528189,157.2351775516465,1.8803838816659157,-0.9057378344350847,-72.7134703677538,190.4224917723446,2.7133050761943327,-1.4969370690680754,-93.8887378717762,145.16214569979334,1.7646086844344464,-1.114354084573969,-86.84650725209193,206.98343028140133,3.000810363142305,-1.4859824490571174,-85.64446635591044,184.2071675408089,2.545367639407831,-1.3490667358264836,-86.08732352818784,-72.7134703677538,-93.8887378717762,hourly_window_mean_factor_top_available_analogs,4,14.133036884338123,-8.244271515865762,-1.1727694838650917e-12,14.133036884338123,-8.244271515865762,-1.1727694838650917e-12,86.84650725209193,85.64446635591044,86.08732352818782,157.2351775516465,1.8803838816659157,145.16214569979334,1.7646086844344464,190.4224917723446,2.7133050761943327,206.98343028140133,3.000810363142305,184.2071675408089,2.545367639407831,-16.56093850905671,-0.2875052869479724,-0.1389282664608089
experiment_2026_08_25_00_38_criterion_observance_tier,SEN_demand_OCC,2026-04-04,Holy Saturday,H3,G,observance_tier,True,2026-04-04,19,True,True,4,False,2,8,4,pearson,PCR,,4,{},2026-04-03 10:00:00,2026-04-05,134.14787283562842,1.8960424842378372,234.714569,3.214,,14,24,4,4,4,4,0.06269023953578728,7436.912407615337,7513.558743623515,134.14787283562842,1.8960424842378372,-1.6268504511315012,-114.06865340480877,132.7724338053287,1.9729424819462054,-1.6280941560038014,-105.00505231559691,134.95021226996994,1.8511841522412897,-1.6261249566226599,-119.35575404018236,332.4446845817709,4.856364939444296,-2.4687025368726094,-141.55867347296802,258.0658389395286,3.6077646178053073,-1.475381722759687,-98.03280836505137,285.46857154456524,4.067775262619671,-1.8413420226960266,-114.06865340481014,-105.00505231559691,-119.35575404018236,hourly_window_mean_factor_top_available_analogs,4,36.553621157371126,-21.322945675130995,1.3642420526593924e-12,36.553621157371126,-21.322945675130995,1.3642420526593924e-12,141.55867347296805,98.03280836505137,114.06865340481014,132.7724338053287,1.9729424819462054,332.4446845817709,4.856364939444296,134.95021226996994,1.8511841522412897,258.0658389395286,3.6077646178053073,285.46857154456524,4.067775262619671,-123.11562666955865,-1.7565804655640176,-2.171732778381834
experiment_2026_08_25_00_38_criterion_observance_tier,SEN_demand_OCC,2026-05-01,Labor Day,H2,F,observance_tier,True,2026-05-01,19,True,True,4,False,2,8,4,pearson,PCR,,4,{},2026-04-30 10:00:00,2026-05-02,451.31522494234724,5.11830419897553,227.416003,3.107,,14,24,4,4,4,4,0.06929009302453996,10051.713244792776,9549.406588365197,451.31522494234724,5.11830419897553,-5.076083736696953,-446.91392400330386,105.58791792586076,0.9727247112043648,-0.8702511775644955,-94.84541652577263,652.9894873686311,7.536558900175375,-7.529486062857555,-652.2872200318637,221.6828972383255,2.0666588585486427,-0.9213652247705656,-93.39084924164685,720.5375397818616,8.441404004972728,-7.736913138347607,-653.1357176142677,536.7489872658218,6.092813687869118,-5.225921801766592,-446.91392400330216,-94.84541652577263,-652.2872200318637,hourly_window_mean_factor_top_available_analogs,4,-1.4545672841257848,0.8484975824039793,-1.723253119148706e-12,-1.4545672841257848,0.8484975824039793,-1.723253119148706e-12,93.39084924164685,653.1357176142677,446.91392400330216,105.58791792586076,0.9727247112043648,221.6828972383255,2.0666588585486427,652.9894873686311,7.536558900175375,720.5375397818616,8.441404004972728,536.7489872658218,6.092813687869118,-67.5480524132305,-0.9048451047973529,-0.9745094888935881
experiment_2026_08_25_00_38_criterion_observance_tier,SEN_demand_ORI,2025-01-01,New Year's Day,H3,H,observance_tier,True,2025-01-01,19,True,True,6,False,2,6,6,euclidian,PCR,standard,4,{},2024-12-31 10:00:00,2025-01-02,180.96287945000753,3.34354515035461,219.600664,3.923,,14,24,4,4,6,4,0.08992449975497574,5107.837559234203,4826.005587973944,180.96287945000753,3.34354515035461,3.34354515035461,180.96287945000753,246.61367217678085,4.120753212108892,4.120753212108892,246.61367217678085,142.6665836927231,2.890173780997945,2.890173780997945,142.6665836927231,292.758099625669,4.898445631659101,4.898445631659101,292.758099625669,131.84666043506,2.5833069469842065,2.2155477182470253,115.7490010142056,191.12982224212647,3.43625277818022,3.203983791609369,180.9628794500079,246.61367217678085,142.6665836927231,hourly_window_mean_factor_top_available_analogs,4,-46.14442744888817,26.917582678517494,-3.8294513758860134e-13,-46.14442744888817,26.917582678517494,-3.8294513758860134e-13,-292.75809962566905,-115.7490010142056,-180.9628794500079,246.61367217678085,4.120753212108892,292.758099625669,4.898445631659101,142.6665836927231,2.890173780997945,131.84666043506,2.5833069469842065,191.12982224212647,3.43625277818022,10.819923257663106,0.3068668340137384,-0.09270762782561004
experiment_2026_08_25_00_38_criterion_observance_tier,SEN_demand_ORI,2025-02-03,Constitution Day,H2,H,observance_tier,True,2025-02-03,19,True,True,4,False,2,6,4,pearson,RidgeReg,,2,{'alpha': 0.21574740023657402},2025-02-02 10:00:00,2025-02-04,139.63476568012604,2.5242189369819172,242.867623,4.31,,14,24,4,4,4,4,0.08935509013892075,5300.83831598105,5241.332461172904,139.63476568012604,2.5242189369819172,2.36110836309139,131.1921569136866,173.8583407764128,3.0732878962202435,3.0732878962202435,173.8583407764128,119.67101354062542,2.2039287107595604,1.9456703020995583,106.30354966042967,307.4626563718668,5.654303857567473,5.654303857567473,307.4626563718668,100.12260539090714,1.9185766294520994,0.609077316612046,28.36769889641505,176.51104522599755,3.2948971871788153,2.467844989595625,131.19215691368674,173.8583407764128,106.30354966042967,hourly_window_mean_factor_top_available_analogs,4,-133.604315595454,77.93585076401462,-1.436044265957255e-13,-133.604315595454,77.93585076401462,-1.436044265957255e-13,-307.46265637186684,-28.36769889641505,-131.19215691368674,173.8583407764128,3.0732878962202435,307.4626563718668,5.654303857567473,119.67101354062542,2.2039287107595604,100.12260539090714,1.9185766294520994,176.51104522599755,3.2948971871788153,19.548408149718284,0.28535208130746104,-0.7706782501968981
experiment_2026_08_25_00_38_criterion_observance_tier,SEN_demand_ORI,2025-03-17,Benito Juarez's Birthday,H2,H,observance_tier,True,2025-03-17,19,True,True,6,False,2,6,6,pearson,RidgeReg,standard,2,{'alpha': 0.8172237579698945},2025-03-16 10:00:00,2025-03-18,412.11489169006353,6.894267637417405,237.63006,4.223,,14,24,4,4,6,4,0.07282151782978381,6288.304387742695,6104.088127792791,412.11489169006353,6.894267637417405,-6.894267637417405,-412.11489169006353,427.2424283711012,6.873609374260759,-6.873609374260759,-427.2424283711012,403.29049529279155,6.906318290925448,-6.906318290925448,-403.29049529279155,347.18574674844115,5.59838822852242,-5.59838822852242,-347.18574674844115,449.9902262393436,7.829603283030006,-7.829603283030006,-449.9902262393436,412.1148916900637,7.007576684000895,-7.007576684000895,-412.1148916900637,-427.2424283711012,-403.29049529279155,hourly_window_mean_factor_top_available_analogs,4,-80.05668162266004,46.69973094655203,2.1540663989358825e-13,-80.05668162266004,46.69973094655203,2.1540663989358825e-13,347.18574674844115,449.9902262393436,412.11489169006376,427.2424283711012,6.873609374260759,347.18574674844115,5.59838822852242,403.29049529279155,6.906318290925448,449.9902262393436,7.829603283030006,412.1148916900637,7.007576684000895,-46.69973094655205,-0.9232849921045583,-0.11330904658349006
experiment_2026_08_25_00_38_criterion_observance_tier,SEN_demand_ORI,2025-04-17,Maundy Thursday,H1,G,observance_tier,True,2025-04-17,19,True,True,4,False,2,6,4,pearson,RidgeReg,standard,2,{'alpha': 0.15968625072706677},2025-04-16 10:00:00,2025-04-18,123.20528388836544,1.8181789613782622,244.580722,4.28,,14,24,4,4,4,4,0.06829625490657898,6623.267199785215,6443.547098820654,123.20528388836544,1.8181789613782622,0.632575104053135,46.42065021478631,61.10355648039539,0.8593735330522406,0.022645880133525642,-0.2412542958884712,159.43129154301462,2.3774821279017755,0.9883671513395739,73.64009451267994,120.246613105223,1.7725867407098874,-1.609116313721507,-108.82798351564576,279.4856681668213,4.191774019888141,1.8981257397064184,136.98235322420294,220.8186478809693,3.3004944959803635,0.6059839305487617,46.420650214785,-0.2412542958884712,73.64009451267994,hourly_window_mean_factor_top_available_analogs,4,108.58672921975729,-63.342258711522994,1.3163739104608172e-12,108.58672921975729,-63.342258711522994,1.3163739104608172e-12,108.82798351564576,-136.98235322420294,-46.420650214785,61.10355648039539,0.8593735330522406,120.246613105223,1.7725867407098874,159.43129154301462,2.3774821279017755,279.4856681668213,4.191774019888141,220.8186478809693,3.3004944959803635,-120.05437662380669,-1.814291891986365,-1.4823155346021013
experiment_2026_08_25_00_38_criterion_observance_tier,SEN_demand_ORI,2025-04-18,Good Friday,H2,G,observance_tier,True,2025-04-18,19,True,True,4,False,2,6,4,pearson,RidgeReg,standard,2,{'alpha': 0.15968625072706677},2025-04-17 10:00:00,2025-04-19,258.7429638312965,3.962276915326176,235.593093,4.006,,14,24,4,4,4,4,0.06700526317302265,6194.295151971351,5949.107613950201,258.7429638312965,3.962276915326176,3.937408347932906,257.2400146075979,170.08527288529226,2.4126525990268206,2.345152201816518,166.00583927811047,310.45995021646564,4.866224433167466,4.866224433167466,310.45995021646564,194.90973819207107,2.7709817524942006,2.7667620434199827,194.6547171296577,293.74810480306115,4.516909950534237,4.516909950534237,293.74810480306115,257.3339697358543,3.8736732459931713,3.872118616334249,257.2400146075967,166.00583927811047,310.45995021646564,hourly_window_mean_factor_top_available_analogs,4,-28.64887785154724,16.71184541340449,1.2206376260636668e-12,-28.64887785154724,16.71184541340449,1.2206376260636668e-12,-194.6547171296577,-293.74810480306115,-257.2400146075967,170.08527288529226,2.4126525990268206,194.90973819207107,2.7709817524942006,310.45995021646564,4.866224433167466,293.74810480306115,4.516909950534237,257.3339697358543,3.8736732459931713,16.71184541340449,0.34931448263322906,0.08860366933300456
experiment_2026_08_25_00_38_criterion_observance_tier,SEN_demand_ORI,2025-04-19,Holy Saturday,H3,G,observance_tier,True,2025-04-19,19,True,True,4,False,2,6,4,pearson,RidgeReg,standard,2,{'alpha': 0.15968625072706677},2025-04-18 10:00:00,2025-04-20,539.875886830185,8.186586479340411,234.407996,3.929,,14,24,4,4,4,4,0.06426949905761917,5907.523940881698,5709.385410025949,539.875886830185,8.186586479340411,8.063763803198281,532.9228643814592,180.34964572641476,2.6983353359782716,2.3649595007353432,161.47715622273108,749.5995274740508,11.388066312968327,11.388066312968327,749.5995274740508,206.0188796000232,3.052149756963737,2.412526687256249,169.65027271940562,744.8318761843251,11.210832706842874,11.210832706842874,744.8318761843251,546.3218248111614,8.205002146361087,7.969351541732012,532.9228643814602,161.47715622273108,749.5995274740508,hourly_window_mean_factor_top_available_analogs,4,-8.173116496674538,4.767651289725602,-7.658902751772027e-13,-8.173116496674538,4.767651289725602,-7.658902751772027e-13,-169.65027271940562,-744.8318761843252,-532.92286438146,180.34964572641476,2.6983353359782716,206.0188796000232,3.052149756963737,749.5995274740508,11.388066312968327,744.8318761843251,11.210832706842874,546.3218248111614,8.205002146361087,4.767651289725677,0.17723360612545314,-0.018415667020676096
experiment_2026_08_25_00_38_criterion_observance_tier,SEN_demand_ORI,2025-05-01,Labor Day,H2,F,observance_tier,True,2025-05-01,19,True,True,6,False,2,6,6,pearson,RidgeReg,standard,2,{'alpha': 0.43775132092333063},2025-04-30 10:00:00,2025-05-02,85.62933981980915,1.1841540157879475,266.02099,4.408,,14,24,4,4,6,4,0.06960315485863976,7115.396829322855,6868.114811173854,85.62933981980915,1.1841540157879475,0.2066738158951517,14.632268308724035,110.33652745958157,1.4565685817725595,0.7126104934492226,50.57643670742891,71.21681369660855,1.0252455189635907,-0.08845591267805626,-6.335163257187143,172.6105417469137,2.2897377551976503,2.1756615457536235,163.59627232458777,136.14995601689145,2.1093236217475195,-1.2184434914899789,-72.26340070053065,149.58280339111016,2.175791986702831,0.032016259073453644,14.632268308723509,50.57643670742891,-6.335163257187143,hourly_window_mean_factor_top_available_analogs,4,-113.01983561715886,65.9282374433435,5.265495641843269e-13,-113.01983561715886,65.9282374433435,5.265495641843269e-13,-163.59627232458777,72.26340070053065,-14.632268308723509,110.33652745958157,1.4565685817725595,172.6105417469137,2.2897377551976503,71.21681369660855,1.0252455189635907,136.14995601689145,2.1093236217475195,149.58280339111016,2.175791986702831,-64.9331423202829,-1.0840781027839288,-0.9916379709148833
experiment_2026_08_25_00_38_criterion_observance_tier,SEN_demand_ORI,2025-09-16,Independence Day,H2,H,observance_tier,True,2025-09-16,19,True,True,6,False,2,6,6,pearson,RidgeReg,standard,2,{'alpha': 0.04363161517297414},2025-09-15 10:00:00,2025-09-17,317.580104516339,4.8634506056753875,257.246132,4.379,,14,24,4,4,6,4,0.07314510728573725,6187.811560746818,5927.240176763538,317.580104516339,4.8634506056753875,4.8634506056753875,317.580104516339,426.7692067104149,6.040555262290853,6.040555262290853,426.7692067104149,253.88646156979462,4.176806222649699,4.176806222649699,253.88646156979462,574.2838070628901,8.157636113416663,8.157636113416663,574.2838070628901,167.8362780308521,2.6219873732369425,2.6219873732369425,167.8362780308521,317.5801045163397,4.661436909092629,4.661436909092629,317.5801045163397,426.7692067104149,253.88646156979462,hourly_window_mean_factor_top_available_analogs,4,-147.51460035247524,86.05018353894252,-8.61626559574353e-13,-147.51460035247524,86.05018353894252,-8.61626559574353e-13,-574.2838070628901,-167.8362780308521,-317.5801045163399,426.7692067104149,6.040555262290853,574.2838070628901,8.157636113416663,253.88646156979462,4.176806222649699,167.8362780308521,2.6219873732369425,317.5801045163397,4.661436909092629,86.05018353894252,1.5548188494127562,0.20201369658275858
experiment_2026_08_25_00_38_criterion_observance_tier,SEN_demand_ORI,2025-11-17,Mexican Revolution Day,H2,F,observance_tier,True,2025-11-17,19,True,True,3,False,2,6,3,pearson,PCR,,3,{},2025-11-16 10:00:00,2025-11-18,162.8788159849666,2.615769773410792,260.157966,4.247,,14,24,3,4,3,3,0.07840131005285549,5983.8050013834545,5893.83645288678,162.8788159849666,2.615769773410792,2.615769773410792,162.8788159849666,183.05510833653247,2.82571137028681,2.82571137028681,183.05510833653247,151.10931211321983,2.493303841899783,2.493303841899783,151.10931211321983,187.44359341102412,2.9533625711886957,2.9533625711886957,187.44359341102412,148.60766601542412,2.355647279620207,2.354526523313668,148.54936248643278,162.91563926643465,2.5758581765138606,2.5751503304255206,162.87881598496645,183.05510833653247,151.10931211321983,hourly_window_mean_factor_top_available_analogs,3,-4.388485074491655,2.559949626787026,1.436044265957255e-13,-4.388485074491655,2.559949626787026,1.436044265957255e-13,-187.44359341102412,-148.5493624864328,-162.87881598496645,183.05510833653247,2.82571137028681,187.44359341102412,2.9533625711886957,151.10931211321983,2.493303841899783,148.60766601542412,2.355647279620207,162.91563926643465,2.5758581765138606,2.501646097795714,0.137656562279576,0.03991159689693147
experiment_2026_08_25_00_38_criterion_observance_tier,SEN_demand_ORI,2025-12-24,Christmas Eve,H1,G,observance_tier,True,2025-12-24,19,True,True,3,False,2,6,3,pearson,PCR,,3,{},2025-12-23 10:00:00,2025-12-25,200.44769656304223,3.4157529754013147,244.929569,3.979,,14,24,3,4,3,3,0.06841987999324171,5879.358731207802,5656.440431438678,200.44769656304223,3.4157529754013147,2.0976247106398014,119.01976721325055,70.10073261507185,1.1064185210589819,0.2792528616535735,16.92832347370008,276.4834255326916,4.762864740434341,3.1583416225484355,178.573109394655,74.5619458396948,1.1774310467007603,0.6898357312192234,43.53379158820586,247.37895388138392,4.257204102626903,2.8697985098803755,163.05325299452736,183.70952986602478,3.122550871496218,2.0666543282683723,119.019767213251,16.92832347370008,178.573109394655,hourly_window_mean_factor_top_available_analogs,3,-26.60546811450578,15.51985640012765,-4.547473508864641e-13,-26.60546811450578,15.51985640012765,-4.547473508864641e-13,-43.53379158820586,-163.05325299452736,-119.019767213251,70.10073261507185,1.1064185210589819,74.5619458396948,1.1774310467007603,276.4834255326916,4.762864740434341,247.37895388138392,4.257204102626903,183.70952986602478,3.122550871496218,29.104471651307705,0.5056606378074378,0.29320210390509693
experiment_2026_08_25_00_38_criterion_observance_tier,SEN_demand_ORI,2025-12-25,Christmas Day,H2,H,observance_tier,True,2025-12-25,19,True,True,3,False,2,6,3,pearson,RidgeReg,,2,{'alpha': 0.0019723067478103875},2025-12-24 10:00:00,2025-12-26,75.4930077918113,1.3421166505505553,233.312163,3.817,,14,24,3,4,3,3,0.10040977156805739,5505.165386017726,5230.509474021043,75.4930077918113,1.3421166505505553,-0.10080489073014713,-3.207436017725453,88.42371223064025,1.4997447365277488,-0.3366979283244294,-19.23298515489491,67.95009686916107,1.2501669337305257,0.03679938119985086,6.140800978956729,110.7001577521756,1.8663265307674557,-1.7636442876782183,-104.47494178256524,74.49909920742766,1.4055045062835945,1.0758673349685985,55.865275678430486,87.83633130286111,1.575281041619754,0.029731473993455385,-3.2074360177258363,-19.23298515489491,6.140800978956729,hourly_window_mean_factor_top_available_analogs,3,85.24195662767033,-49.72447469947375,3.8294513758860134e-13,85.24195662767033,-49.72447469947375,3.8294513758860134e-13,104.47494178256524,-55.86527567843048,3.207436017725836,88.42371223064025,1.4997447365277488,110.7001577521756,1.8663265307674557,67.95009686916107,1.2501669337305257,74.49909920742766,1.4055045062835945,87.83633130286111,1.575281041619754,-6.54900233826659,-0.1553375725530688,-0.23316439106919873
experiment_2026_08_25_00_38_criterion_observance_tier,SEN_demand_ORI,2025-12-31,New Year's Eve,H1,G,observance_tier,True,2025-12-31,19,True,True,3,False,2,7,3,pearson,PCR,,3,{},2025-12-30 10:00:00,2026-01-01,268.0547204609358,5.149447635165863,207.081154,3.474,,14,24,3,4,3,3,0.06413316751891009,5536.789975460936,5342.287998324672,268.0547204609358,5.149447635165863,-5.149447635165863,-268.0547204609358,278.1131355516738,4.916496112614625,-4.916496112614625,-278.1131355516738,262.1873116580054,5.285336023320753,-5.285336023320753,-262.1873116580054,274.45454405555085,4.905946184141407,-4.905946184141407,-274.45454405555085,264.32149003074426,5.285010120907985,-5.285010120907985,-264.32149003074426,268.0547204609361,5.145354986309772,-5.145354986309772,-268.0547204609361,-278.1131355516738,-262.1873116580054,hourly_window_mean_factor_top_available_analogs,3,-3.6585914961229458,2.134178372738878,3.111429242907386e-13,-3.6585914961229458,2.134178372738878,3.111429242907386e-13,274.45454405555085,264.32149003074426,268.0547204609361,278.1131355516738,4.916496112614625,274.45454405555085,4.905946184141407,262.1873116580054,5.285336023320753,264.32149003074426,5.285010120907985,268.0547204609361,5.145354986309772,-2.134178372738859,0.0003259024127686416,0.0040926488560915075
experiment_2026_08_25_00_38_criterion_observance_tier,SEN_demand_ORI,2026-01-01,New Year's Day,H3,H,observance_tier,True,2026-01-01,19,True,True,7,False,2,8,7,pearson,RidgeReg,standard,2,{'alpha': 0.02667976045685043},2025-12-31 10:00:00,2026-01-02,160.49304501602103,3.3568484087787764,193.136784,3.32,,14,24,4,4,7,4,0.08553902596907362,4853.565354402899,4538.074975851403,160.49304501602103,3.3568484087787764,0.6868150186468861,15.147337702363721,172.36278486426377,3.214356479653129,-1.330289560213881,-77.06083620546516,153.5690301045461,3.4399687007687363,1.8634593563156663,68.93543914859724,389.27119639400564,7.4277920955374395,7.198580215832441,376.99756838885816,276.82266722824926,6.176337348073396,-4.426250968535812,-195.9319635314245,318.25107271037,6.637399623454885,-0.1434184269264557,15.14733770236384,-77.06083620546516,68.93543914859724,hourly_window_mean_factor_top_available_analogs,4,-454.0584045943233,264.8674026800217,-1.1967035549643792e-13,-454.0584045943233,264.8674026800217,-1.1967035549643792e-13,-376.9975683888581,195.93196353142446,-15.14733770236384,172.36278486426377,3.214356479653129,389.27119639400564,7.4277920955374395,153.5690301045461,3.4399687007687363,276.82266722824926,6.176337348073396,318.25107271037,6.637399623454885,-123.25363712370316,-2.73636864730466,-3.280551214676109
experiment_2026_08_25_00_38_criterion_observance_tier,SEN_demand_ORI,2026-02-02,Constitution Day,H2,H,observance_tier,True,2026-02-02,19,True,True,3,False,2,8,3,pearson,RidgeReg,,2,{'alpha': 0.008677218959023323},2026-02-01 10:00:00,2026-02-03,116.06513385976439,2.2416408877636163,218.64045,3.706,,14,24,3,4,3,3,0.08989932688091501,5259.741377011332,5154.9496331476985,116.06513385976439,2.2416408877636163,-1.6674996073392736,-87.4205646429114,70.0469986325754,1.251334402452791,-0.9671174106123092,-55.6856864918472,142.90904607562462,2.8193196708615975,-2.0760558887633365,-105.93257689769887,117.88363518573306,2.1069082191807245,-0.7831564590151459,-50.584422819098954,162.5141304461749,3.0863148629800725,-1.9688327581267313,-108.90831404013393,146.07131640285422,2.7254808363171548,-1.5320046479277263,-87.42056464291052,-55.6856864918472,-105.93257689769887,hourly_window_mean_factor_top_available_analogs,3,-5.101263672748246,2.9757371424350745,-8.855606306736407e-13,-5.101263672748246,2.9757371424350745,-8.855606306736407e-13,50.584422819098954,108.90831404013394,87.42056464291052,70.0469986325754,1.251334402452791,117.88363518573306,2.1069082191807245,142.90904607562462,2.8193196708615975,162.5141304461749,3.0863148629800725,146.07131640285422,2.7254808363171548,-19.605084370550287,-0.266995192118475,-0.4838399485535385
experiment_2026_08_25_00_38_criterion_observance_tier,SEN_demand_ORI,2026-03-16,Benito Juarez's Birthday,H2,H,observance_tier,True,2026-03-16,19,True,True,3,False,2,8,3,pearson,RidgeReg,,2,{'alpha': 0.008677218959023323},2026-03-15 10:00:00,2026-03-17,254.80551310332723,4.094083778607221,211.436388,3.583,,14,24,3,4,3,3,0.08570173984071319,6105.823946214845,5855.467600559513,254.80551310332723,4.094083778607221,3.1281587508484145,196.4566485219977,218.9944456546515,3.2324761422245536,0.9901229629994657,86.14356837601729,275.69530244838796,4.596688233163777,4.375346293760301,260.8059452738196,273.65359925703643,4.129546345319917,-0.04788897950457357,25.152983521283982,306.2670317869492,5.086384661934633,4.932562038454894,296.3837864390799,294.2515566443497,4.733865282129211,3.0976590318382486,196.4566485219972,86.14356837601729,260.8059452738196,hourly_window_mean_factor_top_available_analogs,3,60.99058485473331,-35.57784116526034,4.786814219857517e-13,60.99058485473331,-35.57784116526034,4.786814219857517e-13,-25.15298352128398,-296.3837864390799,-196.4566485219972,218.9944456546515,3.2324761422245536,273.65359925703643,4.129546345319917,275.69530244838796,4.596688233163777,306.2670317869492,5.086384661934633,294.2515566443497,4.733865282129211,-30.571729338561227,-0.4896964287708565,-0.6397815035219905
experiment_2026_08_25_00_38_criterion_observance_tier,SEN_demand_ORI,2026-04-02,Maundy Thursday,H1,G,observance_tier,True,2026-04-02,19,True,True,3,False,2,8,3,pearson,RidgeReg,,2,{'alpha': 0.008677218959023323},2026-04-01 10:00:00,2026-04-03,212.43650498319474,3.4760010182894248,219.585391,3.708,,14,24,3,4,3,3,0.06332559858424716,6431.571514027246,6270.858931614581,212.43650498319474,3.4760010182894248,-2.4743363597519816,-144.43740902724517,177.1699460203845,2.6872378270101334,-2.6872378270101334,-177.1699460203845,233.0086643781674,3.936112879869011,-2.350143837184726,-125.34342911458059,170.7769105256772,2.590494730487861,-2.590494730487861,-170.7769105256772,241.84438802601292,4.096722059387569,-2.4338919297517743,-129.0726998198277,215.66163315746817,3.5417962013718873,-2.4915876984440177,-144.43740902724593,-177.1699460203845,-125.34342911458059,hourly_window_mean_factor_top_available_analogs,3,-6.39303549470729,3.7292707052471314,7.658902751772027e-13,-6.39303549470729,3.7292707052471314,7.658902751772027e-13,170.7769105256772,129.07269981982773,144.43740902724593,177.1699460203845,2.6872378270101334,170.7769105256772,2.590494730487861,233.0086643781674,3.936112879869011,241.84438802601292,4.096722059387569,215.66163315746817,3.5417962013718873,-8.835723647845526,-0.16060917951855824,-0.06579518308246257
experiment_2026_08_25_00_38_criterion_observance_tier,SEN_demand_ORI,2026-04-03,Good Friday,H2,G,observance_tier,True,2026-04-03,19,True,True,3,False,2,8,3,pearson,RidgeReg,,2,{'alpha': 0.008677218959023323},2026-04-02 10:00:00,2026-04-04,876.6176075266239,14.115704871024937,215.16894,3.596,,14,24,3,4,3,3,0.06909354998145599,5319.3832579264335,4984.394992835275,876.6176075266239,14.115704871024937,14.115486400470544,876.6052794419882,605.4921802898797,8.970233319470315,8.969640327965534,605.4587183458682,1034.774106748058,17.11722994276513,17.11722994276513,1034.774106748058,830.5400931784316,12.594847378210712,12.594847378210712,830.5400931784316,903.4766380957284,14.776625954286624,14.776625954286624,903.4766380957284,876.6052794419875,13.972812794679712,13.972812794679712,876.6052794419875,605.4587183458682,1034.774106748058,hourly_window_mean_factor_top_available_analogs,3,-225.0813748325634,131.29746865232968,6.462199196807648e-13,-225.0813748325634,131.29746865232968,6.462199196807648e-13,-830.5400931784316,-903.4766380957284,-876.6052794419875,605.4921802898797,8.970233319470315,830.5400931784316,12.594847378210712,1034.774106748058,17.11722994276513,903.4766380957284,14.776625954286624,876.6052794419875,13.972812794679712,131.2974686523297,2.3406039884785077,0.14289207634522505
experiment_2026_08_25_00_38_criterion_observance_tier,SEN_demand_ORI,2026-04-04,Holy Saturday,H3,G,observance_tier,True,2026-04-04,19,True,True,7,False,2,8,7,pearson,RidgeReg,standard,2,{'alpha': 0.09878579871301908},2026-04-03 10:00:00,2026-04-05,371.751903707276,5.8639035447981565,217.430401,3.63,,14,24,4,4,7,4,0.07163412499998027,5990.990883596375,5848.751819215174,371.751903707276,5.8639035447981565,4.424552105984905,290.4723285088872,172.1060258600482,2.857042870840755,-1.049768177366643,-48.509963964149975,488.21199911815893,7.617905604606641,7.617905604606641,488.21199911815893,261.5439274118816,4.484211255529904,-3.266903790434987,-176.29796150039323,562.7549976809687,8.650018001435692,8.650018001435692,562.7549976809687,451.78249810814714,7.11524709504935,4.259573130746495,290.472328508888,-48.509963964149975,488.21199911815893,hourly_window_mean_factor_top_available_analogs,4,127.78799753624324,-74.54299856280977,-7.658902751772027e-13,127.78799753624324,-74.54299856280977,-7.658902751772027e-13,176.29796150039323,-562.7549976809687,-290.4723285088879,172.1060258600482,2.857042870840755,261.5439274118816,4.484211255529904,488.21199911815893,7.617905604606641,562.7549976809687,8.650018001435692,451.78249810814714,7.11524709504935,-74.54299856280977,-1.032112396829051,-1.2513435502511934
experiment_2026_08_25_00_38_criterion_observance_tier,SEN_demand_ORI,2026-05-01,Labor Day,H2,F,observance_tier,True,2026-05-01,19,True,True,7,False,2,8,7,pearson,RidgeReg,standard,2,{'alpha': 0.10386650899514484},2026-04-30 10:00:00,2026-05-02,127.56755234401932,1.7980163169549315,230.022868,3.777,,14,24,4,4,7,4,0.07201219661999896,7610.159174537286,7343.176997907477,127.56755234401932,1.7980163169549315,-1.6875029947437357,-118.75710111623202,75.27247609071843,0.9338496218100806,-0.6366808837138359,-51.586419474097966,158.07301349177817,2.302113555789428,-2.300482559511177,-157.9399987408102,82.21965353702477,1.0179751995686561,0.15712498935349664,12.10709340512715,195.44889576407365,2.91387208828626,-2.909527156539245,-195.0945479203607,153.73285915410827,2.215383760863985,-1.779707944894551,-118.7571011162336,-51.586419474097966,-157.9399987408102,hourly_window_mean_factor_top_available_analogs,4,-63.69351287922512,37.154549179550486,1.5796486925529807e-12,-63.69351287922512,37.154549179550486,1.5796486925529807e-12,-12.107093405127152,195.0945479203607,118.7571011162336,75.27247609071843,0.9338496218100806,82.21965353702477,1.0179751995686561,158.07301349177817,2.302113555789428,195.44889576407365,2.91387208828626,153.73285915410827,2.215383760863985,-37.375882272295485,-0.611758532496832,-0.41736744390905334
experiment_2026_08_25_00_38_criterion_observance_tier,SEN_demand_PEN,2025-01-01,New Year's Day,H3,H,observance_tier,True,2025-01-01,19,True,True,4,False,2,6,4,pearson,PCR,,3,{},2024-12-31 10:00:00,2025-01-02,47.369549125487765,3.0453649711866184,97.669156,6.484,,14,24,4,4,4,4,0.08118718005201701,1619.721133245497,1543.7819078972777,47.369549125487765,3.0453649711866184,-2.5082676810602424,-38.83915982444437,44.14109644717223,2.5605294377259145,-2.1702938204930957,-37.87993098530147,49.25281318783849,3.328185699038696,-2.705419099724411,-39.398709980611066,57.93418573499337,3.3847001342823617,-3.3847001342823617,-57.93418573499337,45.6174771187147,3.0739011233787976,-1.94216867074773,-27.700394709957397,50.15521187208053,3.188406022132742,-2.4736276309973313,-38.83915982444434,-37.87993098530147,-39.398709980611066,hourly_window_mean_factor_top_available_analogs,4,20.0542547496919,-11.698315270653666,-3.5901106648931376e-14,20.0542547496919,-11.698315270653666,-3.5901106648931376e-14,57.93418573499337,27.7003947099574,38.83915982444434,44.14109644717223,2.5605294377259145,57.93418573499337,3.3847001342823617,49.25281318783849,3.328185699038696,45.6174771187147,3.0739011233787976,50.15521187208053,3.188406022132742,3.635336069123788,0.2542845756598986,-0.14304105094612352
experiment_2026_08_25_00_38_criterion_observance_tier,SEN_demand_PEN,2025-02-03,Constitution Day,H2,H,observance_tier,True,2025-02-03,19,True,True,3,False,2,6,3,pearson,RidgeReg,,2,{'alpha': 0.0019723067478103875},2025-02-02 10:00:00,2025-02-04,118.20187052457402,6.930894225826734,106.636807,7.013,,14,24,3,4,3,3,0.06975846781557536,1527.2190749855754,1505.6955574076726,118.20187052457402,6.930894225826734,6.3345417997747075,109.66910817231957,98.8485348369964,5.707726893458099,4.089056022745455,75.68817988087717,129.49131634232762,7.64440850304177,7.64440850304177,129.49131634232762,93.44023359779814,5.313219796260172,5.258322053280895,92.6549574240775,119.59402944212711,7.0780893679663786,7.0780893679663786,119.59402944212711,109.95842044684798,6.427874262600934,6.407648778345411,109.66910817231933,75.68817988087717,129.49131634232762,hourly_window_mean_factor_top_available_analogs,3,-16.966777543200333,9.897286900200518,2.0343960434394448e-13,-16.966777543200333,9.897286900200518,2.0343960434394448e-13,-92.65495742407751,-119.59402944212711,-109.66910817231937,98.8485348369964,5.707726893458099,93.44023359779814,5.313219796260172,129.49131634232762,7.64440850304177,119.59402944212711,7.0780893679663786,109.95842044684798,6.427874262600934,9.897286900200513,0.5663191350753918,0.5030199632257997
experiment_2026_08_25_00_38_criterion_observance_tier,SEN_demand_PEN,2025-03-17,Benito Juarez's Birthday,H2,H,observance_tier,True,2025-03-17,19,True,True,4,False,2,6,4,pearson,RidgeReg,standard,2,{'alpha': 1.1073076266748294},2025-03-16 10:00:00,2025-03-18,214.756845150407,12.714024068968989,99.779139,6.558,,14,24,4,4,4,4,0.07475677729071233,2031.3828812958202,2026.6507959979633,214.756845150407,12.714024068968989,-12.609801388869798,-212.42126603266254,53.05055726888198,2.824904352163788,-2.5420142204659872,-46.711128235004175,309.0855130812966,18.482677237105353,-18.482677237105353,-309.0855130812966,71.24471615580788,3.8128881383456386,-3.5860545444153096,-66.15893784195887,297.7409574772392,17.853167528234334,-17.853167528234334,-297.7409574772392,214.29497383250137,12.680433016170076,-12.596862744722063,-212.42126603266226,-46.711128235004175,-309.0855130812966,hourly_window_mean_factor_top_available_analogs,4,19.447809606954706,-11.344555604057328,-2.6327478209216345e-13,19.447809606954706,-11.344555604057328,-2.6327478209216345e-13,66.15893784195887,297.74095747723925,212.4212660326623,53.05055726888198,2.824904352163788,71.24471615580788,3.8128881383456386,309.0855130812966,18.482677237105353,297.7409574772392,17.853167528234334,214.29497383250137,12.680433016170076,11.344555604057405,0.6295097088710193,0.03359105279891317
experiment_2026_08_25_00_38_criterion_observance_tier,SEN_demand_PEN,2025-04-17,Maundy Thursday,H1,G,observance_tier,True,2025-04-17,19,True,True,4,False,2,6,4,pearson,RidgeReg,minmax,2,{'alpha': 0.8974579480556559},2025-04-16 10:00:00,2025-04-18,114.75374356304268,6.207447790266001,104.360365,6.636,,14,24,4,4,4,4,0.07384558945096037,1700.6869985422206,1625.5272238554371,114.75374356304268,6.207447790266001,6.207447790266001,114.75374356304268,52.64531842329325,2.7168996800083596,2.7168996800083596,52.64531842329325,150.9836582278965,8.243600854582958,8.243600854582958,150.9836582278965,70.10882066594749,3.623362531141466,2.2027146014498173,45.97709304318581,155.04767425263015,8.23749811098534,8.225874471133471,154.87345636629223,123.75441240490495,6.537553423674439,6.006815571776334,114.7537435630425,52.64531842329325,150.9836582278965,hourly_window_mean_factor_top_available_analogs,4,6.668225380107434,-3.8897981383957188,1.795055332446569e-13,6.668225380107434,-3.8897981383957188,1.795055332446569e-13,-45.97709304318581,-154.87345636629223,-114.75374356304249,52.64531842329325,2.7168996800083596,70.10882066594749,3.623362531141466,150.9836582278965,8.243600854582958,155.04767425263015,8.23749811098534,123.75441240490495,6.537553423674439,-4.0640160247336325,0.006102743597617533,-0.33010563340843735
experiment_2026_08_25_00_38_criterion_observance_tier,SEN_demand_PEN,2025-04-18,Good Friday,H2,G,observance_tier,True,2025-04-18,19,True,True,6,False,2,6,6,pearson,RidgeReg,standard,2,{'alpha': 0.8172237579698945},2025-04-17 10:00:00,2025-04-19,85.35420926675464,4.527276403867155,101.367363,6.264,,14,24,4,4,6,4,0.07002745969049917,1715.8962033262624,1664.9024080805668,85.35420926675464,4.527276403867155,4.521989631934455,85.26711272636899,49.603426147877435,2.5476957130140816,2.5333459034824632,49.36702125254497,106.20883275276636,5.682031806864782,5.682031806864782,106.20883275276636,59.3056746398052,3.0910010809570445,1.965655382096773,40.82930389334841,114.62397479457154,5.8910880509919865,5.667085643863632,111.18916787896467,94.2435484217629,4.859477062031745,4.303400810581104,85.2671127263692,49.36702125254497,106.20883275276636,hourly_window_mean_factor_top_available_analogs,4,8.537717359196563,-4.980335126198298,-1.9147256879430067e-13,8.537717359196563,-4.980335126198298,-1.9147256879430067e-13,-40.82930389334841,-111.18916787896465,-85.26711272636918,49.603426147877435,2.5476957130140816,59.3056746398052,3.0910010809570445,106.20883275276636,5.682031806864782,114.62397479457154,5.8910880509919865,94.2435484217629,4.859477062031745,-8.415142041805183,-0.20905624412720414,-0.33220065816458977
experiment_2026_08_25_00_38_criterion_observance_tier,SEN_demand_PEN,2025-04-19,Holy Saturday,H3,G,observance_tier,True,2025-04-19,19,True,True,3,False,2,6,3,pearson,RidgeReg,,2,{'alpha': 0.0019723067478103875},2025-04-18 10:00:00,2025-04-20,155.87549654308364,8.419551092463436,117.836277,7.27,,14,24,3,4,3,3,0.07255407985675688,1680.581234831451,1639.8530465745619,155.87549654308364,8.419551092463436,8.015797673944736,149.6298309580227,93.22855331619073,4.778867433746028,3.6829652977666996,76.27603244245385,192.41954675877116,10.543283226715255,10.543283226715255,192.41954675877116,114.08077686230445,6.1395673722145405,1.3848765905177582,39.456487950817746,213.89761437889229,11.348301296185355,11.348301296185355,213.89761437889229,177.1229900306757,9.42929406103821,7.677565878307818,149.62983095802272,76.27603244245385,192.41954675877116,hourly_window_mean_factor_top_available_analogs,3,36.819544491636115,-21.478067620121095,-1.7950553324465688e-14,36.819544491636115,-21.478067620121095,-1.7950553324465688e-14,-39.45648795081774,-213.89761437889226,-149.62983095802272,93.22855331619073,4.778867433746028,114.08077686230445,6.1395673722145405,192.41954675877116,10.543283226715255,213.89761437889229,11.348301296185355,177.1229900306757,9.42929406103821,-21.478067620121124,-0.8050180694700995,-1.0097429685747734
experiment_2026_08_25_00_38_criterion_observance_tier,SEN_demand_PEN,2025-05-01,Labor Day,H2,F,observance_tier,True,2025-05-01,19,True,True,5,False,2,6,5,pearson,RidgeReg,standard,2,{'alpha': 1.053722298712447},2025-04-30 10:00:00,2025-05-02,53.80069881197827,2.5880335871901976,102.652496,6.079,,14,24,4,4,5,4,0.07023186977182283,2079.183121587487,2048.283173630078,53.80069881197827,2.5880335871901976,-0.5584377345896058,-8.019485798013324,48.41239272702406,2.1679908540586648,1.434628309841219,34.00162905695489,56.943877361534895,2.8330585148502574,-1.72105959384092,-32.531802796744785,56.39272207392456,2.531042544501421,1.6717744326745088,39.61649717337851,71.56598635095806,3.7329475938436114,-2.1641873567295304,-35.80714253132556,65.97583635415624,3.2901404704017514,-0.7509382764227791,-8.019485798013534,34.00162905695489,-32.531802796744785,hourly_window_mean_factor_top_available_analogs,4,-5.614868116423622,3.2753397345807778,2.0942312211876637e-13,-5.614868116423622,3.2753397345807778,2.0942312211876637e-13,-39.61649717337851,35.80714253132556,8.019485798013534,48.41239272702406,2.1679908540586648,56.39272207392456,2.531042544501421,56.943877361534895,2.8330585148502574,71.56598635095806,3.7329475938436114,65.97583635415624,3.2901404704017514,-14.622108989423161,-0.899889078993354,-0.7021068832115538
experiment_2026_08_25_00_38_criterion_observance_tier,SEN_demand_PEN,2025-09-16,Independence Day,H2,H,observance_tier,True,2025-09-16,19,True,True,6,False,2,6,6,pearson,PLS,,3,{},2025-09-15 10:00:00,2025-09-17,130.94698550784645,6.679041935287816,93.432945,5.593,,14,24,4,4,6,4,0.07906909119544249,1803.2492568605746,1727.427106343417,130.94698550784645,6.679041935287816,6.679041935287816,130.94698550784645,153.9340408242982,7.478686085684422,7.478686085684422,153.9340408242982,117.53786990658291,6.212582847556462,6.212582847556462,117.53786990658291,229.0890689557478,11.017206550272217,11.017206550272217,229.0890689557478,77.37665903575926,3.9790898844980025,3.7422918213241023,73.69743682990394,133.27070479575505,6.572080235046398,6.422523563568146,130.94698550784645,153.9340408242982,117.53786990658291,hourly_window_mean_factor_top_available_analogs,4,-75.15502813144961,43.84043307667898,2.3934071099287584e-14,-75.15502813144961,43.84043307667898,2.3934071099287584e-14,-229.0890689557478,-73.69743682990394,-130.94698550784642,153.9340408242982,7.478686085684422,229.0890689557478,11.017206550272217,117.53786990658291,6.212582847556462,77.37665903575926,3.9790898844980025,133.27070479575505,6.572080235046398,40.16121087082365,2.2334929630584592,0.10696170024141782
experiment_2026_08_25_00_38_criterion_observance_tier,SEN_demand_PEN,2025-11-17,Mexican Revolution Day,H2,F,observance_tier,True,2025-11-17,19,True,True,4,False,2,6,4,pearson,PLS,standard,2,{},2025-11-16 10:00:00,2025-11-18,82.07350075463187,4.869236257614278,93.293684,5.377,,14,24,4,4,4,4,0.08557175999219786,1559.8941442084247,1556.7578093338382,82.07350075463187,4.869236257614278,4.78792676832317,80.94707237052245,82.29924019200952,4.783164311974366,4.562467126755644,79.24179172085542,81.94181941616155,4.919444892570893,4.919444892570893,81.94181941616155,78.17158376066064,4.551279297449178,3.91982636668034,69.41375560826127,87.67484048184188,5.209705022193708,5.209705022193708,87.67484048184188,84.17364063719616,4.9671271236036185,4.734486570162467,80.94707237052272,79.24179172085542,81.94181941616155,hourly_window_mean_factor_top_available_analogs,4,9.828036112594143,-5.733021065680333,-2.6327478209216345e-13,9.828036112594143,-5.733021065680333,-2.6327478209216345e-13,-69.41375560826127,-87.67484048184188,-80.94707237052272,82.29924019200952,4.783164311974366,78.17158376066064,4.551279297449178,81.94181941616155,4.919444892570893,87.67484048184188,5.209705022193708,84.17364063719616,4.9671271236036185,-5.733021065680333,-0.29026012962281467,-0.09789086598934027
experiment_2026_08_25_00_38_criterion_observance_tier,SEN_demand_PEN,2025-12-24,Christmas Eve,H1,G,observance_tier,True,2025-12-24,19,True,True,4,False,2,6,4,pearson,PLS,standard,2,{},2025-12-23 10:00:00,2025-12-25,39.55615115794204,2.3410043459561543,94.091722,5.401,,14,24,4,4,4,4,0.06283953596892071,1745.693794616971,1696.7423692273305,39.55615115794204,2.3410043459561543,-0.9865835784509331,-15.57468882749715,38.97771877738062,2.2450460378568184,-1.1583999364738293,-18.076820284925653,39.89357004660287,2.3969800256807665,-0.8863573696042436,-14.11511214399719,32.23230156391399,1.838715419923245,-1.0060673930982855,-16.173747126029816,43.199180569915,2.603755497621057,-0.9308475993031312,-15.225238153353407,39.15875146244095,2.3218986268902837,-0.9585601549118723,-15.574688827497347,-18.076820284925653,-14.11511214399719,hourly_window_mean_factor_top_available_analogs,4,-1.903073158895836,1.110126009356217,1.9745608656912259e-13,-1.903073158895836,1.110126009356217,1.9745608656912259e-13,16.173747126029816,15.225238153353406,15.574688827497347,38.97771877738062,2.2450460378568184,32.23230156391399,1.838715419923245,39.89357004660287,2.3969800256807665,43.199180569915,2.603755497621057,39.15875146244095,2.3218986268902837,-3.305610523312133,-0.20677547194029033,0.019105719065870552
experiment_2026_08_25_00_38_criterion_observance_tier,SEN_demand_PEN,2025-12-25,Christmas Day,H2,H,observance_tier,True,2025-12-25,19,True,True,5,False,2,6,5,pearson,PLS,standard,2,{},2025-12-24 10:00:00,2025-12-26,142.67217063658657,9.64041527210385,83.440813,4.795,,14,24,4,4,5,4,0.0772613265093585,1702.8386985313234,1642.1174255831236,142.67217063658657,9.64041527210385,-9.64041527210385,-142.67217063658657,91.20815858538003,5.375487332180177,-5.375487332180177,-91.20815858538003,172.69284433312373,12.12828990372599,-12.12828990372599,-172.69284433312373,102.83918522161886,5.960209502279198,-5.960209502279198,-102.83918522161886,165.9080787953178,11.587045534082803,-11.587045534082803,-165.9080787953178,142.6721706365866,9.514000680260422,-9.514000680260422,-142.6721706365866,-91.20815858538003,-172.69284433312373,hourly_window_mean_factor_top_available_analogs,4,11.631026636238825,-6.784765537805924,3.5901106648931376e-14,11.631026636238825,-6.784765537805924,3.5901106648931376e-14,102.83918522161886,165.9080787953178,142.6721706365866,91.20815858538003,5.375487332180177,102.83918522161886,5.960209502279198,172.69284433312373,12.12828990372599,165.9080787953178,11.587045534082803,142.6721706365866,9.514000680260422,6.784765537805924,0.5412443696431879,0.12641459184342807
experiment_2026_08_25_00_38_criterion_observance_tier,SEN_demand_PEN,2025-12-31,New Year's Eve,H1,G,observance_tier,True,2025-12-31,19,True,True,6,False,2,7,6,pearson,PLS,standard,2,{},2025-12-30 10:00:00,2026-01-01,177.9704025391452,12.729942122026058,88.600152,5.29,,14,24,4,4,6,4,0.06483425496531406,1631.1742649075659,1576.0601401715596,177.9704025391452,12.729942122026058,-12.729942122026058,-177.9704025391452,97.67356659786356,5.996583989899274,-5.996583989899274,-97.67356659786356,224.81022350489283,16.65773436576668,-16.65773436576668,-224.81022350489283,83.40358536159943,5.114384479495157,-5.114384479495157,-83.40358536159943,233.13437922604632,17.214172903316992,-17.214172903316992,-233.13437922604632,177.97040253914483,12.756356115593157,-12.756356115593157,-177.97040253914483,-97.67356659786356,-224.81022350489283,hourly_window_mean_factor_top_available_analogs,4,-14.26998123626413,8.324155721153488,-3.7097810203895756e-13,-14.26998123626413,8.324155721153488,-3.7097810203895756e-13,83.40358536159943,233.13437922604632,177.97040253914483,97.67356659786356,5.996583989899274,83.40358536159943,5.114384479495157,224.81022350489283,16.65773436576668,233.13437922604632,17.214172903316992,177.97040253914483,12.756356115593157,-8.324155721153488,-0.5564385375503136,-0.026413993567098615
experiment_2026_08_25_00_38_criterion_observance_tier,SEN_demand_PEN,2026-01-01,New Year's Day,H3,H,observance_tier,True,2026-01-01,19,True,True,6,False,2,8,6,pearson,RidgeReg,standard,2,{'alpha': 0.49757974210718176},2025-12-31 10:00:00,2026-01-02,128.05493484594726,11.371924055519887,94.75271,5.787,,14,24,4,4,6,4,0.07888923521543856,1350.3222568285773,1324.9597748163453,128.05493484594726,11.371924055519887,-10.91156159838217,-121.65294314436673,34.44342918240792,2.524338678574793,-1.274783437772416,-17.066594563832172,182.66164648301188,16.533015525404526,-16.533015525404526,-182.66164648301188,34.85309858321744,2.545374812502977,-1.7292347845814748,-23.440716528132935,178.94340867050323,16.21364222306867,-16.21364222306867,-178.94340867050323,125.85750495413477,11.177964756018154,-10.877281587836547,-121.6529431443668,-17.066594563832172,-182.66164648301188,hourly_window_mean_factor_top_available_analogs,4,6.374121964300765,-3.7182378125086757,6.581869552304086e-14,6.374121964300765,-3.7182378125086757,6.581869552304086e-14,23.44071652813294,178.9434086705032,121.6529431443668,34.44342918240792,2.524338678574793,34.85309858321744,2.545374812502977,182.66164648301188,16.533015525404526,178.94340867050323,16.21364222306867,125.85750495413477,11.177964756018154,3.7182378125086473,0.3193733023358547,0.19395929950173318
experiment_2026_08_25_00_38_criterion_observance_tier,SEN_demand_PEN,2026-02-02,Constitution Day,H2,H,observance_tier,True,2026-02-02,19,True,True,6,False,2,8,6,pearson,RidgeReg,standard,2,{'alpha': 0.49757974210718176},2026-02-01 10:00:00,2026-02-03,93.94654570239904,9.185004308414056,97.412936,6.109,,14,24,4,4,6,4,0.09845810893610987,1169.7245451760832,1173.9014557244232,93.94654570239904,9.185004308414056,-9.185004308414056,-93.94654570239904,64.80805209321503,6.322875887975394,-6.322875887975394,-64.80805209321503,110.94400030775641,10.854579220336609,-10.854579220336609,-110.94400030775641,116.72729835122173,11.327950907367612,-11.327950907367612,-116.72729835122173,80.65777332391906,8.062693377092504,-8.062693377092504,-80.65777332391906,93.94654570239899,9.265682993509648,-9.265682993509648,-93.94654570239899,-64.80805209321503,-110.94400030775641,hourly_window_mean_factor_top_available_analogs,4,51.91924625800671,-30.28622698383735,-6.282693663562992e-14,51.91924625800671,-30.28622698383735,-6.282693663562992e-14,116.72729835122173,80.65777332391906,93.94654570239898,64.80805209321503,6.322875887975394,116.72729835122173,11.327950907367612,110.94400030775641,10.854579220336609,80.65777332391906,8.062693377092504,93.94654570239899,9.265682993509648,30.286226983837352,2.7918858432441045,-0.08067868509559162
experiment_2026_08_25_00_38_criterion_observance_tier,SEN_demand_PEN,2026-03-16,Benito Juarez's Birthday,H2,H,observance_tier,True,2026-03-16,19,True,True,6,False,2,8,6,pearson,RidgeReg,standard,2,{'alpha': 0.5175566310876224},2026-03-15 10:00:00,2026-03-17,156.03382176445436,7.853709565983213,99.588364,6.405,,14,24,4,4,6,4,0.08179982580033855,1775.0971180101958,1759.7334988517189,156.03382176445436,7.853709565983213,6.216580881325363,130.54663567401462,127.7549985350375,6.545340325274928,2.101705324060766,58.575493432415314,172.5298019816142,8.61692495639638,8.61692495639638,172.5298019816142,125.43093814095728,6.327039092274416,2.918210785171341,72.56019770492894,164.37205782264803,8.191008904288966,8.191008904288966,164.37205782264803,150.02532951886724,7.504283184073079,6.248399070929841,130.54663567401468,58.575493432415314,172.5298019816142,hourly_window_mean_factor_top_available_analogs,4,-13.984704272513634,8.157744158966144,-8.975276662232845e-14,-13.984704272513634,8.157744158966144,-8.975276662232845e-14,-72.56019770492895,-164.37205782264806,-130.5466356740147,127.7549985350375,6.545340325274928,125.43093814095728,6.327039092274416,172.5298019816142,8.61692495639638,164.37205782264803,8.191008904288966,150.02532951886724,7.504283184073079,8.157744158966182,0.42591605210741434,0.349426381910134
experiment_2026_08_25_00_38_criterion_observance_tier,SEN_demand_PEN,2026-04-02,Maundy Thursday,H1,G,observance_tier,True,2026-04-02,19,True,True,7,False,2,8,7,pearson,RidgeReg,standard,2,{'alpha': 0.17549090737303888},2026-04-01 10:00:00,2026-04-03,135.4192000003725,7.6992106087702545,104.503929,6.62,,14,24,4,4,7,4,0.08984045125188095,1900.8827473878762,1871.093817389561,135.4192000003725,7.6992106087702545,-7.356198250829707,-129.09043475629736,60.59262447604941,3.0702177239352304,-2.1391841809537437,-43.41454738498823,179.06803572289436,10.399456458257353,-10.399456458257353,-179.06803572289436,62.231910216773905,3.1571399101052715,-2.303088728176903,-46.67770399495261,177.34856824958425,10.290443986719138,-10.279820486670337,-177.16452770041496,134.93716792170676,7.662384590071925,-7.341024575646441,-129.09043475629724,-43.41454738498823,-179.06803572289436,hourly_window_mean_factor_top_available_analogs,4,3.263156609964377,-1.9035080224794,-1.1368683772161603e-13,3.263156609964377,-1.9035080224794,-1.1368683772161603e-13,46.67770399495261,177.16452770041496,129.09043475629724,60.59262447604941,3.0702177239352304,62.231910216773905,3.1571399101052715,179.06803572289436,10.399456458257353,177.34856824958425,10.290443986719138,134.93716792170676,7.662384590071925,1.719467473310118,0.10901247153821458,0.03682601869832958
experiment_2026_08_25_00_38_criterion_observance_tier,SEN_demand_PEN,2026-04-03,Good Friday,H2,G,observance_tier,True,2026-04-03,19,True,True,3,False,2,8,3,euclidian,LassoReg,minmax,2,{'alpha': 0.002456459215250751},2026-04-02 10:00:00,2026-04-04,125.83209123281686,7.897623977868365,110.718807,7.073,,14,24,3,4,3,3,0.08140151328015333,1749.4706070368998,1716.6026142713774,125.83209123281686,7.897623977868365,-7.597947813363572,-120.67033677374181,107.33826888099883,6.164129972701097,-5.350723240473799,-93.32779249208075,136.62015427137743,8.908828814215939,-8.908828814215939,-136.62015427137743,101.32529470195847,5.821972773019499,-5.316377189847002,-92.57732470096788,137.05792714952676,8.981864873998374,-8.981864873998374,-137.05792714952676,123.89327308989637,7.817694099953524,-7.6314220429952355,-120.67033677374191,-93.32779249208075,-136.62015427137743,hourly_window_mean_factor_top_available_analogs,3,-0.750467791112864,0.43777287814933175,1.0171980217197224e-13,-0.750467791112864,0.43777287814933175,1.0171980217197224e-13,92.57732470096788,137.05792714952676,120.67033677374191,107.33826888099883,6.164129972701097,101.32529470195847,5.821972773019499,136.62015427137743,8.908828814215939,137.05792714952676,8.981864873998374,123.89327308989637,7.817694099953524,-0.43777287814933175,-0.0730360597824351,0.07992987791484119
experiment_2026_08_25_00_38_criterion_observance_tier,SEN_demand_PEN,2026-04-04,Holy Saturday,H3,G,observance_tier,True,2026-04-04,19,True,True,6,False,2,8,6,pearson,PLS,standard,2,{},2026-04-03 10:00:00,2026-04-05,243.99526285159791,14.132892721938985,107.613945,6.875,,14,24,4,4,6,4,0.0743178091199887,1441.3496134680672,1410.0554068645506,243.99526285159791,14.132892721938985,13.767795562332608,239.06497574245932,175.12802022213813,10.0076694884569,9.016691483811027,161.7458123544762,284.16782105211615,16.5392729414702,16.5392729414702,284.16782105211615,162.66509762753918,9.31722328465417,8.23441152380615,148.04169852237985,292.161887454172,17.06981221619832,17.06981221619832,292.161887454172,244.4525438338336,14.213595241418895,13.814664592685416,239.0649757424591,161.7458123544762,284.16782105211615,hourly_window_mean_factor_top_available_analogs,4,13.704113832096352,-7.994066402055864,2.1540663989358825e-13,13.704113832096352,-7.994066402055864,2.1540663989358825e-13,-148.04169852237985,-292.161887454172,-239.0649757424591,175.12802022213813,10.0076694884569,162.66509762753918,9.31722328465417,284.16782105211615,16.5392729414702,292.161887454172,17.06981221619832,244.4525438338336,14.213595241418895,-7.994066402055864,-0.5305392747281168,-0.08070251947991025
experiment_2026_08_25_00_38_criterion_observance_tier,SEN_demand_PEN,2026-05-01,Labor Day,H2,F,observance_tier,True,2026-05-01,19,True,True,2,False,2,8,2,euclidian,LassoReg,minmax,2,{'alpha': 0.0012813512033227668},2026-04-30 10:00:00,2026-05-02,74.22422247562294,3.29143128560945,109.312307,7.092,,14,24,2,4,2,2,0.08842007398286884,2225.6497807534015,2160.171117228409,74.22422247562294,3.29143128560945,2.6089799407354217,59.77575556238853,36.62250125396334,1.5917323583305534,-0.2606355777560957,-2.5947660819586127,96.15855985492438,4.28292232652214,4.28292232652214,96.15855985492438,82.4388721440694,3.558415463665953,-0.07593427368345448,6.321173238084206,92.77409828959854,3.887551408407275,3.792327259820779,90.95759525156517,88.96638339387728,3.7662907971867874,2.3671782737929035,59.77575556238797,-2.5947660819586127,96.15855985492438,hourly_window_mean_factor_top_available_analogs,2,-8.915939320042819,5.2009646033592105,5.684341886080801e-13,-8.915939320042819,5.2009646033592105,5.684341886080801e-13,-6.3211732380842065,-90.95759525156517,-59.775755562387964,36.62250125396334,1.5917323583305534,82.4388721440694,3.558415463665953,96.15855985492438,4.28292232652214,92.77409828959854,3.887551408407275,88.96638339387728,3.7662907971867874,3.384461565325836,0.39537091811486524,-0.4748595115773373
experiment_2026_08_25_00_38_criterion_observance_tier,SEN_demand_SIN,2025-01-01,New Year's Day,H3,H,observance_tier,True,2025-01-01,19,True,True,2,False,2,4,2,pearson,LassoReg,,2,{'alpha': 3.961366882607694},2024-12-31 10:00:00,2025-01-02,446.8565403843849,1.6986994498503527,1028.036931,3.304,,14,24,2,4,2,2,0.09655637956845053,25875.70599006963,24119.25978280498,446.8565403843849,1.6986994498503527,1.5604847598526568,414.7668883514213,464.4129763543447,1.560347151014532,1.5410792101324442,458.90804319095776,436.615286068575,1.7794049575045816,1.5718046638561145,389.0178813616917,637.5164606090542,2.1209292557753328,1.91371640955368,578.0078291528558,637.8471377944065,2.538737999252642,1.1424631968408747,319.54300621725525,637.7253093576978,2.3848084621820544,1.4266091173140136,414.76688835142386,458.90804319095776,389.0178813616917,hourly_window_mean_factor_top_available_analogs,2,-119.09978596189805,69.47487514443644,-2.584879678723059e-12,-119.09978596189805,69.47487514443644,-2.584879678723059e-12,-578.0078291528558,-319.54300621725525,-414.76688835142386,464.4129763543447,1.560347151014532,637.5164606090542,2.1209292557753328,436.615286068575,1.7794049575045816,637.8471377944065,2.538737999252642,637.7253093576978,2.3848084621820544,-201.23185172583152,-0.7593330417480606,-0.6861090123317017
experiment_2026_08_25_00_38_criterion_observance_tier,SEN_demand_SIN,2025-02-03,Constitution Day,H2,H,observance_tier,True,2025-02-03,19,True,True,2,False,2,4,2,pearson,LassoReg,,2,{'alpha': 3.961366882607694},2025-02-02 10:00:00,2025-02-04,890.5655257265562,2.949687705546343,1026.645418,3.314,,14,24,2,4,2,2,0.06615992020144261,28889.087339471957,28223.622690275883,890.5655257265562,2.949687705546343,1.9137968465557407,598.1445389490935,620.1821638735998,2.1030569520625813,-0.7086468080547684,-173.53194309379901,1048.289153474114,3.4435556450785376,3.4435556450785376,1048.289153474114,744.5282451396607,2.5271066985688906,-1.3124951684841781,-356.4624378587131,1154.9986087536524,3.8155273146631785,3.8155273146631785,1154.9986087536524,1003.7726853169185,3.3408460350494935,1.9262558735036261,598.1445389490967,-173.53194309379901,1048.289153474114,hourly_window_mean_factor_top_available_analogs,2,182.93049476491407,-106.7094552795382,-3.1592973851059614e-12,182.93049476491407,-106.7094552795382,-3.1592973851059614e-12,356.4624378587131,-1154.9986087536522,-598.1445389490967,620.1821638735998,2.1030569520625813,744.5282451396607,2.5271066985688906,1048.289153474114,3.4435556450785376,1154.9986087536524,3.8155273146631785,1003.7726853169185,3.3408460350494935,-106.70945527953836,-0.3719716695846409,-0.39115832950315044
experiment_2026_08_25_00_38_criterion_observance_tier,SEN_demand_SIN,2025-03-17,Benito Juarez's Birthday,H2,H,observance_tier,True,2025-03-17,19,True,True,4,False,2,4,4,pearson,PLS,standard,2,{},2025-03-16 10:00:00,2025-03-18,448.44313851971606,1.4529390136943625,1008.072474,3.282,,14,24,4,4,4,4,0.06874499152357003,31325.016354629242,30773.809476970448,448.44313851971606,1.4529390136943625,-1.050912244375974,-324.8560791029196,724.9635893134325,2.330563990621204,-1.8771733904027195,-569.0288320442994,287.1395422233815,0.9409911104870382,-0.5689265758603724,-182.421973220448,843.0055542662238,2.705800374824768,-2.1908555588854846,-666.3998651824053,220.3667500945421,0.7223777936050668,-0.426680972269373,-125.62220388989681,449.7599937367406,1.4531124287912724,-1.0766400304963613,-324.8560791029263,-569.0288320442994,-182.421973220448,hourly_window_mean_factor_top_available_analogs,4,97.37103313810596,-56.79976933055119,6.701539907800524e-12,97.37103313810596,-56.79976933055119,6.701539907800524e-12,666.3998651824054,125.62220388989681,324.8560791029263,724.9635893134325,2.330563990621204,843.0055542662238,2.705800374824768,287.1395422233815,0.9409911104870382,220.3667500945421,0.7223777936050668,449.7599937367406,1.4531124287912724,66.7727921288394,0.2186133168819714,-0.00017341509690993462
experiment_2026_08_25_00_38_criterion_observance_tier,SEN_demand_SIN,2025-04-17,Maundy Thursday,H1,G,observance_tier,True,2025-04-17,19,True,True,4,False,2,4,4,pearson,PCR,,3,{},2025-04-16 10:00:00,2025-04-18,1196.8539546787622,3.108031447458624,983.337151,3.125,,14,24,4,4,4,4,0.0658579218145118,37210.10995561467,35388.39476983887,1196.8539546787622,3.108031447458624,2.8747412306270763,1107.5950175432292,756.7067588518445,1.825430263007331,1.1922139601788442,514.4325009125407,1453.6064855777977,3.8562154717218786,3.8562154717218786,1453.6064855777977,759.5932896323897,1.828877896216198,1.375036640383208,585.9748430624833,1411.873452656989,3.7353210134106782,3.7353210134106782,1411.873452656989,1171.5597083847683,3.032947233391659,2.8657425601900313,1107.5950175432235,514.4325009125407,1453.6064855777977,hourly_window_mean_factor_top_available_analogs,4,-71.54234214994254,41.73303292080876,5.64844077943187e-12,-71.54234214994254,41.73303292080876,5.64844077943187e-12,-585.9748430624833,-1411.873452656989,-1107.5950175432235,756.7067588518445,1.825430263007331,759.5932896323897,1.828877896216198,1453.6064855777977,3.8562154717218786,1411.873452656989,3.7353210134106782,1171.5597083847683,3.032947233391659,41.73303292080868,0.12089445831120038,0.07508421406696497
experiment_2026_08_25_00_38_criterion_observance_tier,SEN_demand_SIN,2025-04-18,Good Friday,H2,G,observance_tier,True,2025-04-18,19,True,True,3,False,2,5,3,pearson,PLS,standard,2,{},2025-04-17 10:00:00,2025-04-19,1445.6755585778385,4.174819812094387,988.154359,3.18,,14,24,3,4,3,3,0.07418139620993101,33629.83736819162,31518.200315768077,1445.6755585778385,4.174819812094387,3.9320709556492885,1359.923038650494,984.0205045994111,2.5375027623161697,1.8786130091080437,751.263664796619,1714.9743400652544,5.129921424465016,5.129921424465016,1714.9743400652544,1328.7011340549434,3.397411341179396,3.2136897484991946,1264.4507851613266,1415.6151865191623,4.122703988746244,4.122703988746244,1415.6151865191623,1383.5942198218183,3.855490908063721,3.787804005497331,1359.9230386504858,751.263664796619,1714.9743400652544,hourly_window_mean_factor_top_available_analogs,3,-513.1871203647077,299.35915354609233,8.13758417375778e-12,-513.1871203647077,299.35915354609233,8.13758417375778e-12,-1264.4507851613266,-1415.615186519162,-1359.9230386504858,984.0205045994111,2.5375027623161697,1328.7011340549434,3.397411341179396,1714.9743400652544,5.129921424465016,1415.6151865191623,4.122703988746244,1383.5942198218183,3.855490908063721,299.3591535460921,1.007217435718772,0.3193289040306655
experiment_2026_08_25_00_38_criterion_observance_tier,SEN_demand_SIN,2025-04-19,Holy Saturday,H3,G,observance_tier,True,2025-04-19,19,True,True,2,False,2,5,2,pearson,PLS,standard,2,{},2025-04-18 10:00:00,2025-04-20,552.379556570099,1.6224353956569462,982.30871,3.171,,14,24,2,4,2,2,0.05799787257984647,33242.52311137847,33220.45362678528,552.379556570099,1.6224353956569462,1.0689388416018955,374.3269270425822,594.4569097902632,1.7085297299033162,1.3822435504978585,493.8939286046352,527.8344338583365,1.572213700679897,0.8861777614125836,304.579509464718,612.1244998378479,1.7795823870620122,1.001262685507551,371.245362590018,586.6278941786763,1.7313364752189269,1.0829684500704821,376.12450630658185,596.0213804741607,1.7491112848453265,1.0528663262841391,374.3269270425846,493.8939286046352,304.579509464718,hourly_window_mean_factor_top_available_analogs,2,122.64856601461724,-71.54499684186385,-2.3934071099287587e-12,122.64856601461724,-71.54499684186385,-2.3934071099287587e-12,-371.245362590018,-376.12450630658185,-374.3269270425846,594.4569097902632,1.7085297299033162,612.1244998378479,1.7795823870620122,527.8344338583365,1.572213700679897,586.6278941786763,1.7313364752189269,596.0213804741607,1.7491112848453265,-58.79346032033982,-0.1591227745390298,-0.12667588918838035
experiment_2026_08_25_00_38_criterion_observance_tier,SEN_demand_SIN,2025-05-01,Labor Day,H2,F,observance_tier,True,2025-05-01,19,True,True,6,False,2,6,6,pearson,PLS,standard,4,{},2025-04-30 10:00:00,2025-05-02,1320.8062823876285,3.3031479501148557,869.985546,2.936,,14,24,4,4,6,4,0.06147948176187305,40270.9851760459,39020.70734132982,1320.8062823876285,3.3031479501148557,-1.0335326601595283,-342.08702288800106,1200.7402694408343,2.755137006106223,2.755137006106223,1200.7402694408343,1390.844789939925,3.6228210007865584,-3.2435899654812164,-1242.0696100798216,1337.1956981410835,3.017317590160503,3.017317590160503,1337.1956981410835,1684.3111770912826,4.500210538324088,-3.567857118394981,-1321.6686101549712,1556.4265269517355,3.953881557421714,-1.1417401205061186,-342.08702288800373,1200.7402694408343,-1242.0696100798216,hourly_window_mean_factor_top_available_analogs,4,-136.45542870024914,79.59900007514959,2.6806159631202094e-12,-136.45542870024914,79.59900007514959,2.6806159631202094e-12,-1337.1956981410833,1321.6686101549712,342.08702288800373,1200.7402694408343,2.755137006106223,1337.1956981410835,3.017317590160503,1390.844789939925,3.6228210007865584,1684.3111770912826,4.500210538324088,1556.4265269517355,3.953881557421714,-293.4663871513576,-0.8773895375375291,-0.6507336073068584
experiment_2026_08_25_00_38_criterion_observance_tier,SEN_demand_SIN,2025-09-16,Independence Day,H2,H,observance_tier,True,2025-09-16,19,True,True,6,False,2,6,6,pearson,PLS,standard,4,{},2025-09-15 10:00:00,2025-09-17,5392.557428262964,14.798305733769789,906.211734,2.992,,14,24,4,4,6,4,0.07063070163037802,31198.24722752651,30091.803394623406,5392.557428262964,14.798305733769789,14.798305733769789,5392.557428262964,6441.779537496736,16.299006977299896,16.299006977299896,6441.779537496736,4780.511197876595,13.922896675043893,13.922896675043893,4780.511197876595,7193.695446133287,18.178822101935356,18.178822101935356,7193.695446133287,4341.893584505276,12.447881788076527,12.447881788076527,4341.893584505276,5392.557428262964,14.559280851077146,14.559280851077146,5392.557428262964,6441.779537496736,4780.511197876595,hourly_window_mean_factor_top_available_analogs,4,-751.9159086365518,438.61761337131884,-1.9147256879430067e-12,-751.9159086365518,438.61761337131884,-1.9147256879430067e-12,-7193.695446133288,-4341.8935845052765,-5392.557428262966,6441.779537496736,16.299006977299896,7193.695446133287,18.178822101935356,4780.511197876595,13.922896675043893,4341.893584505276,12.447881788076527,5392.557428262964,14.559280851077146,438.61761337131975,1.4750148869673652,0.2390248826926431
experiment_2026_08_25_00_38_criterion_observance_tier,SEN_demand_SIN,2025-11-17,Mexican Revolution Day,H2,F,observance_tier,True,2025-11-17,19,True,True,5,False,2,6,5,pearson,PLS,standard,2,{},2025-11-16 10:00:00,2025-11-18,552.7247496742481,1.71190399904183,1116.48546,3.279,,14,24,4,4,5,4,0.07129839316207619,31827.55026932263,31590.396087620557,552.7247496742481,1.71190399904183,0.5120028245067947,197.57626988789468,678.9651027240751,2.0765910053898757,0.669626616055628,264.0799884738117,479.08454372851565,1.4991699120054705,0.42005561276997533,158.78243404610976,687.5195165755904,2.125415973701473,0.3828767451961544,173.4671861190982,588.5784076150297,1.848459107370762,0.5958239786635665,211.63990208636247,625.0303951268152,1.9504958475978662,0.51736973475452,197.5762698878967,264.0799884738117,158.78243404610976,hourly_window_mean_factor_top_available_analogs,4,90.6128023547135,-52.85746804025272,-2.0104619723401573e-12,90.6128023547135,-52.85746804025272,-2.0104619723401573e-12,-173.4671861190982,-211.63990208636247,-197.5762698878967,678.9651027240751,2.0765910053898757,687.5195165755904,2.125415973701473,479.08454372851565,1.4991699120054705,588.5784076150297,1.848459107370762,625.0303951268152,1.9504958475978662,-109.49386388651408,-0.34928919536529146,-0.2385918485560361
experiment_2026_08_25_00_38_criterion_observance_tier,SEN_demand_SIN,2025-12-24,Christmas Eve,H1,G,observance_tier,True,2025-12-24,19,True,True,6,False,2,6,6,pearson,PLS,standard,4,{},2025-12-23 10:00:00,2025-12-25,1323.2393282725402,4.234643285906006,1035.209271,3.128,,14,24,4,4,6,4,0.07260384457613944,33194.99128890066,31770.809804896893,1323.2393282725402,4.234643285906006,-3.7321967800368516,-1146.4139062690756,1022.2490761764909,2.9817641122365663,-2.025859178934797,-675.4229571928164,1498.816975328569,4.965489470546512,-4.727560380679717,-1421.15862656356,1319.9577996044281,3.837344048478378,-3.837344048478378,-1319.9577996044281,1045.179968490126,3.4669943454130343,-3.4669943454130343,-1045.179968490126,1146.4139062690792,3.6034389728581604,-3.6034389728581604,-1146.4139062690792,-675.4229571928164,-1421.15862656356,hourly_window_mean_factor_top_available_analogs,4,644.5348424116117,-375.97865807343396,3.925187660283164e-12,644.5348424116117,-375.97865807343396,3.925187660283164e-12,1319.9577996044281,1045.179968490126,1146.4139062690795,1022.2490761764909,2.9817641122365663,1319.9577996044281,3.837344048478378,1498.816975328569,4.965489470546512,1045.179968490126,3.4669943454130343,1146.4139062690792,3.6034389728581604,453.6370068384431,1.4984951251334775,0.6312043130478453
experiment_2026_08_25_00_38_criterion_observance_tier,SEN_demand_SIN,2025-12-25,Christmas Day,H2,H,observance_tier,True,2025-12-25,19,True,True,6,False,2,6,6,pearson,PLS,standard,4,{},2025-12-24 10:00:00,2025-12-26,816.9768903493178,3.1416628809789144,1035.209271,3.128,,14,24,4,4,6,4,0.10430493478906473,26926.206701755385,24771.8581364687,816.9768903493178,3.1416628809789144,2.9226276723996083,747.6534379814557,266.9780913230648,0.8812495008590713,0.28672536328666887,78.81443489601017,1137.8095231146322,4.460237352715491,4.460237352715491,1137.8095231146322,858.0012886676977,2.7697425561780085,2.7697425561780085,858.0012886676977,746.0357920707398,2.846205923070477,2.578896106196248,683.2838584144835,787.2862381854086,2.818035208952199,2.6492079561895276,747.6534379814572,78.81443489601017,1137.8095231146322,hourly_window_mean_factor_top_available_analogs,4,-779.1868537716875,454.52566470014864,-1.5317805503544054e-12,-779.1868537716875,454.52566470014864,-1.5317805503544054e-12,-858.0012886676977,-683.2838584144836,-747.6534379814572,266.9780913230648,0.8812495008590713,858.0012886676977,2.7697425561780085,1137.8095231146322,4.460237352715491,746.0357920707398,2.846205923070477,787.2862381854086,2.818035208952199,391.7737310438923,1.614031429645014,0.3236276720267153
experiment_2026_08_25_00_38_criterion_observance_tier,SEN_demand_SIN,2025-12-31,New Year's Eve,H1,G,observance_tier,True,2025-12-31,19,True,True,6,False,2,6,6,pearson,PLS,standard,4,{},2025-12-30 10:00:00,2026-01-01,1084.0429166895656,3.65234441385427,1021.506212,3.059,,14,24,4,4,6,4,0.06560469395114278,31269.35273970471,29992.73549336568,1084.0429166895656,3.65234441385427,-3.5493755716717637,-1055.2794504941892,697.5665305716354,2.14992874046722,-2.14992874046722,-697.5665305716354,1309.4874752583582,4.528753556663384,-4.365719556541083,-1263.945320449012,1105.4231766312691,3.4391099664599802,-3.3605698991761175,-1078.1977287567777,1067.0947955553443,3.7392430202371294,-3.6551081913772765,-1041.9104548410048,1081.2157780570005,3.628667684635022,-3.546594083724218,-1055.2794504941844,-697.5665305716354,-1263.945320449012,hourly_window_mean_factor_top_available_analogs,4,380.63119818514235,-222.03486560800698,-4.595341651063216e-12,380.63119818514235,-222.03486560800698,-4.595341651063216e-12,1078.197728756778,1041.9104548410048,1055.2794504941846,697.5665305716354,2.14992874046722,1105.4231766312691,3.4391099664599802,1309.4874752583582,4.528753556663384,1067.0947955553443,3.7392430202371294,1081.2157780570005,3.628667684635022,242.39267970301398,0.7895105364262545,0.023676729219248127
experiment_2026_08_25_00_38_criterion_observance_tier,SEN_demand_SIN,2026-01-01,New Year's Day,H3,H,observance_tier,True,2026-01-01,19,True,True,2,False,2,6,2,pearson,RidgeReg,,2,{'alpha': 1.2478771492186334},2025-12-31 10:00:00,2026-01-02,419.45881620229835,1.7274896975992615,1093.234741,3.193,,14,24,2,4,2,2,0.1051785450415161,26574.773430861907,24963.537648791415,419.45881620229835,1.7274896975992615,-1.6273156307485865,-388.2446095461186,290.0582217638179,1.011974209467048,-0.740073170872361,-205.3339465541872,494.94249629141194,2.1448737323430516,-2.1448737323430516,-494.94249629141194,414.4195276531682,1.4504586510424389,-1.3518278152095937,-384.5171360146378,390.4189691061476,1.6691381889265269,-1.6691381889265269,-390.4189691061476,399.2612801497867,1.5885720433902837,-1.5522343670308145,-388.24460954611766,-205.3339465541872,-494.94249629141194,hourly_window_mean_factor_top_available_analogs,2,179.1831894604506,-104.52352718526436,-9.573628439715034e-13,179.1831894604506,-104.52352718526436,-9.573628439715034e-13,384.5171360146378,390.4189691061476,388.24460954611766,290.0582217638179,1.011974209467048,414.4195276531682,1.4504586510424389,494.94249629141194,2.1448737323430516,390.4189691061476,1.6691381889265269,399.2612801497867,1.5885720433902837,104.52352718526436,0.4757355434165247,0.13891765420897784
experiment_2026_08_25_00_38_criterion_observance_tier,SEN_demand_SIN,2026-02-02,Constitution Day,H2,H,observance_tier,True,2026-02-02,19,True,True,3,False,2,6,3,pearson,PLS,standard,2,{},2026-02-01 10:00:00,2026-02-03,533.4250184477079,1.855038167978347,1102.069523,3.216,,14,24,3,4,3,3,0.07431978014258099,29531.44663936232,29217.53270657259,533.4250184477079,1.855038167978347,-1.2294749175522959,-353.34216515178906,674.1652127938365,2.3709412657568083,-1.8875117391839935,-514.9421727161285,451.3265717457995,1.554094694274245,-0.8456201049338051,-259.075494072591,597.14289249521,2.065751532417692,-0.9314688543754233,-260.9455364850907,691.8651350398795,2.3680454049277095,-1.3218485896535763,-407.2401985407002,656.9674667339486,2.2566739782134926,-1.1780244766563621,-353.34216515179145,-514.9421727161285,-259.075494072591,hourly_window_mean_factor_top_available_analogs,3,-253.99663623103774,148.16470446810914,2.3934071099287587e-12,-253.99663623103774,148.16470446810914,2.3934071099287587e-12,260.94553648509077,407.24019854070013,353.34216515179145,674.1652127938365,2.3709412657568083,597.14289249521,2.065751532417692,451.3265717457995,1.554094694274245,691.8651350398795,2.3680454049277095,656.9674667339486,2.2566739782134926,-240.53856329408,-0.8139507106534645,-0.4016358102351456
experiment_2026_08_25_00_38_criterion_observance_tier,SEN_demand_SIN,2026-03-16,Benito Juarez's Birthday,H2,H,observance_tier,True,2026-03-16,19,True,True,3,False,2,6,3,pearson,PLS,standard,2,{},2026-03-15 10:00:00,2026-03-17,1744.9031980580285,5.340475064237953,1111.173312,3.259,,14,24,3,4,3,3,0.07495439754070185,31468.232781505165,30375.40738799289,1744.9031980580285,5.340475064237953,4.620045099623366,1526.2803577053614,1326.9669527167457,3.7597649615029836,1.8043122004062437,733.5621003309358,1988.6993411737765,6.26255595750002,6.26255595750002,1988.6993411737765,1449.4630077299614,4.016025949686958,3.3122518097101477,1236.7231801250612,1695.1887112938705,5.33032742278468,5.33032742278468,1695.1887112938705,1604.65818892822,4.846111090590782,4.586825881125641,1526.280357705362,733.5621003309358,1988.6993411737765,hourly_window_mean_factor_top_available_analogs,3,-503.1610797941253,293.5106298799057,-4.786814219857517e-13,-503.1610797941253,293.5106298799057,-4.786814219857517e-13,-1236.7231801250612,-1695.1887112938707,-1526.280357705362,1326.9669527167457,3.7597649615029836,1449.4630077299614,4.016025949686958,1988.6993411737765,6.26255595750002,1695.1887112938705,5.33032742278468,1604.65818892822,4.846111090590782,293.510629879906,0.9322285347153398,0.49436397364717166
experiment_2026_08_25_00_38_criterion_observance_tier,SEN_demand_SIN,2026-04-02,Maundy Thursday,H1,G,observance_tier,True,2026-04-02,19,True,True,6,False,2,6,6,pearson,RidgeReg,minmax,2,{'alpha': 0.17274641643362593},2026-04-01 10:00:00,2026-04-03,530.8899824122421,1.3721918969828852,1088.506613,3.268,,14,24,4,4,6,4,0.06101662095956076,38326.69203000029,36730.50995434054,530.8899824122421,1.3721918969828852,0.43616978952654967,164.0448121049757,497.86130255986166,1.27031571726217,-1.27031571726217,-497.86130255986166,550.1567123261308,1.431619668486636,1.431619668486636,550.1567123261308,656.5491060983617,1.6848885377682612,-1.6143649034093508,-627.1127552134686,807.7437027895281,2.1006362829836505,1.5822517450333085,625.5533930407319,752.0404303243616,1.9474660610621912,0.40455087455443417,164.04481210497377,-497.86130255986166,550.1567123261308,hourly_window_mean_factor_top_available_analogs,4,129.25145265360698,-75.39668071460103,1.9147256879430067e-12,129.25145265360698,-75.39668071460103,1.9147256879430067e-12,627.1127552134686,-625.5533930407319,-164.0448121049738,497.86130255986166,1.27031571726217,656.5491060983617,1.6848885377682612,550.1567123261308,1.431619668486636,807.7437027895281,2.1006362829836505,752.0404303243616,1.9474660610621912,-257.58699046339734,-0.6690166144970144,-0.575274164079306
experiment_2026_08_25_00_38_criterion_observance_tier,SEN_demand_SIN,2026-04-03,Good Friday,H2,G,observance_tier,True,2026-04-03,19,True,True,6,False,2,6,6,pearson,RidgeReg,minmax,2,{'alpha': 0.17274641643362593},2026-04-02 10:00:00,2026-04-04,1744.9070971416047,5.201225336182572,1088.506613,3.268,,14,24,4,4,6,4,0.06669289621637005,37228.52185476673,36432.40990844796,1744.9070971416047,5.201225336182572,-5.1381121769428475,-1720.2323810825264,325.9868627684903,0.8400626147604863,-0.77279894545979,-299.7851913132103,2572.6105671925875,7.7452369236787915,-7.684544895307963,-2548.8265751146278,1316.8613746426417,3.4612028033289457,-3.4612028033289457,-1316.8613746426417,1963.2708129735067,5.912814150426409,-5.893066579398574,-1955.5321348391183,1725.1199672726614,5.009588917285238,-4.997116767162393,-1720.2323810825214,-299.7851913132103,-2548.8265751146278,hourly_window_mean_factor_top_available_analogs,4,1017.0761833294315,-593.2944402755094,-4.882550504254667e-12,1017.0761833294315,-593.2944402755094,-4.882550504254667e-12,1316.8613746426417,1955.5321348391185,1720.2323810825217,325.9868627684903,0.8400626147604863,1316.8613746426417,3.4612028033289457,2572.6105671925875,7.7452369236787915,1963.2708129735067,5.912814150426409,1725.1199672726614,5.009588917285238,609.3397542190808,1.8324227732523823,0.19163641889733452
experiment_2026_08_25_00_38_criterion_observance_tier,SEN_demand_SIN,2026-04-04,Holy Saturday,H3,G,observance_tier,True,2026-04-04,19,True,True,6,False,2,6,6,pearson,RidgeReg,minmax,2,{'alpha': 0.17274641643362593},2026-04-03 10:00:00,2026-04-05,380.89700735876346,1.1166564176370262,1090.456519,3.253,,14,24,4,4,6,4,0.05887630754783964,34313.0478493528,34243.955605639785,380.89700735876346,1.1166564176370262,-0.3062079640025753,-86.23205987911474,471.1932394801656,1.3971814338790647,-0.3381665693368987,-79.1345528608186,328.22420528794555,0.9530168248291703,-0.2875654442242199,-90.37227230645415,959.0600850079663,2.966689399211724,-2.6002005605556175,-821.9434125722574,491.652970003967,1.4331643330143988,0.9837656382332627,342.9328958585526,663.8555913212299,1.9981472521397292,-0.33664296132053523,-86.23205987911426,-79.1345528608186,-90.37227230645415,hourly_window_mean_factor_top_available_analogs,4,742.8088597114389,-433.30516816500676,-4.786814219857517e-13,742.8088597114389,-433.30516816500676,-4.786814219857517e-13,821.9434125722576,-342.9328958585526,86.23205987911426,471.1932394801656,1.3971814338790647,959.0600850079663,2.966689399211724,328.22420528794555,0.9530168248291703,491.652970003967,1.4331643330143988,663.8555913212299,1.9981472521397292,-163.42876471602148,-0.48014750818522856,-0.881490834502703
experiment_2026_08_25_00_38_criterion_observance_tier,SEN_demand_SIN,2026-05-01,Labor Day,H2,F,observance_tier,True,2026-05-01,19,True,True,2,False,2,7,2,pearson,LassoReg,minmax,2,{'alpha': 0.001222489819014467},2026-04-30 10:00:00,2026-05-02,1511.9080777477575,3.6984129288133216,934.18553,2.812,,14,24,2,4,2,2,0.07663368257277703,43562.08922850435,41316.32230130399,1511.9080777477575,3.6984129288133216,-3.6396317159765204,-1484.773439030678,1010.8325322764291,2.175147943981394,-2.175147943981394,-1010.8325322764291,1804.2021459393657,4.586984169965278,-4.493913916307011,-1761.2389679706566,832.4718096796917,1.800106664967233,-1.7193394545845686,-793.5904746014769,1935.9706699333171,4.93590475822617,-4.830846976250835,-1887.9635016143613,1529.4184582609287,3.780610723867614,-3.6845020998474736,-1484.773439030667,-1010.8325322764291,-1761.2389679706566,hourly_window_mean_factor_top_available_analogs,2,-217.24205767495212,126.72453364370479,-1.0913936421275139e-11,-217.24205767495212,126.72453364370479,-1.0913936421275139e-11,793.590474601477,1887.9635016143613,1484.773439030667,1010.8325322764291,2.175147943981394,832.4718096796917,1.800106664967233,1804.2021459393657,4.586984169965278,1935.9706699333171,4.93590475822617,1529.4184582609287,3.780610723867614,-131.76852399395148,-0.3489205882608921,-0.08219779505429248
