experiment_id,unique_id,target_date,holiday_label,holiday_day_type,analog_cluster,cluster_filter_label,filter_by_cluster,train_end,eligible_tuning_dates,target_exists,target_has_complete_profile,selected_analogs,fail,optuna_k_min,optuna_k_max,k,typedist,typereg,scale_method,n_components,regressor_params,forecast_start,forecast_end,mae_window,mape_window_pct,tuning_best_mean_mae,tuning_best_mean_mape_pct,error,bias_head_hours,bias_tail_hours,hourly_factor_analog_count,hourly_factor_requested_analogs,hourly_factor_available_neighbors,hourly_factor_selected_analogs,hourly_factor_mean_abs,forecast_window_mean_38,forecast_daily_mean_24,mae_38,mape_38_pct,mpe_38_pct,bias_38,mae_14,mape_14_pct,mpe_14_pct,bias_14,mae_24,mape_24_pct,mpe_24_pct,bias_24,mae_14_bias_adjusted,mape_14_bias_adjusted_pct,mpe_14_bias_adjusted_pct,bias_14_bias_adjusted,mae_24_bias_adjusted,mape_24_bias_adjusted_pct,mpe_24_bias_adjusted_pct,bias_24_bias_adjusted,mae_38_bias_adjusted,mape_38_bias_adjusted_pct,mpe_38_bias_adjusted_pct,bias_38_bias_adjusted,head_bias_mean,tail_bias_mean,bias_model_method,bias_train_samples,bias_train_window_mean,bias_train_head_tail_corr,bias_model_intercept,bias_model_slope,predicted_head_bias_mean,predicted_tail_bias_mean,predicted_full_bias_mean,predicted_bias_14,predicted_bias_24,predicted_bias_38,bias_14_prediction_error,bias_24_prediction_error,bias_38_prediction_error,mae_head14,mape_head14_pct,mae_head14_bias_adjusted,mape_head14_bias_adjusted_pct,mae_holiday24_raw,mape_holiday24_raw_pct,mae_holiday24_bias_adjusted,mape_holiday24_bias_adjusted_pct,mae_window_bias_adjusted,mape_window_bias_adjusted_pct,mae_holiday24_improvement,mape_holiday24_improvement_pct,mape_head14_improvement_pct,mape_window_improvement_pct,bias_14_prediction_abs_error,bias_24_prediction_abs_error,bias_38_prediction_abs_error
experiment_2026_06_24_20_31,ERCOT_demand_COAST,2025-01-01,New Year's Day,H2,I,best_matching_weekday,True,2025-01-01,3.0,True,True,9,False,2.0,11.0,9.0,pearson,PLS,standard,2.0,{},2024-12-31 10:00:00,2025-01-02,658.7221996387192,5.7187041910731855,780.650239,6.749,,14.0,24.0,4.0,4.0,9.0,4.0,0.10802310820322249,11933.585550240936,11452.993724414859,658.7221996387192,5.7187041910731855,-5.09210536283317,-591.8417684251466,867.0810166570676,7.263235065827603,-7.263235065827603,-867.0810166570676,537.1795563780158,4.8177278474664424,-3.8256130360864176,-431.2855402898592,1336.2172181956855,11.114564573677288,-11.114564573677288,-1336.2172181956855,791.6974522275322,7.19611942593911,-1.196815804347635,-157.62275605899853,992.3099975842205,8.639757111947912,-4.850723245679614,-591.8417684251464,-867.0810166570676,-431.2855402898592,hourly_window_mean_factor_top_available_analogs,4.0,14244.094854921053,,14244.094854921053,0.0,469.1362015386181,-273.6627842308607,-9.573628439715034e-14,469.1362015386181,-273.6627842308607,-9.573628439715034e-14,1336.2172181956857,157.6227560589985,591.8417684251465,867.0810166570676,7.263235065827603,1336.2172181956855,11.114564573677288,537.1795563780158,4.8177278474664424,791.6974522275322,7.19611942593911,992.3099975842205,8.639757111947912,-254.51789584951632,-2.3783915784726677,-3.8513295078496856,-2.9210529208747262,1336.2172181956857,157.6227560589985,591.8417684251465
experiment_2026_06_24_20_31,ERCOT_demand_COAST,2025-01-20,Martin Luther King Jr. Day,H2,L,best_matching_weekday,True,2025-01-20,3.0,True,True,9,False,2.0,11.0,9.0,pearson,PLS,standard,2.0,{},2025-01-19 10:00:00,2025-01-21,3717.1548265158244,22.832786993113118,563.951282,4.901,,14.0,24.0,4.0,4.0,9.0,4.0,0.04213692160364855,12262.802929694702,12186.122430750911,3717.1548265158244,22.832786993113118,22.832786993113118,3717.1548265158244,2340.7433571873735,15.73626081553411,15.73626081553411,2340.7433571873735,4520.06151695742,26.97242726336754,26.97242726336754,4520.06151695742,2381.0410534056064,16.071704747791607,16.071704747791607,2381.0410534056064,4496.5545274967835,26.87778333474937,26.87778333474937,4496.5545274967835,3717.1548265158244,22.896596486922824,22.896596486922824,3717.1548265158244,2340.7433571873735,4520.06151695742,hourly_window_mean_factor_top_available_analogs,4.0,10986.287739901316,,10986.287739901316,0.0,-40.29769621823276,23.506989460636987,7.658902751772027e-13,-40.29769621823276,23.506989460636987,7.658902751772027e-13,-2381.0410534056064,-4496.5545274967835,-3717.1548265158235,2340.7433571873735,15.73626081553411,2381.0410534056064,16.071704747791607,4520.06151695742,26.97242726336754,4496.5545274967835,26.87778333474937,3717.1548265158244,22.896596486922824,23.50698946063676,0.09464392861816862,-0.3354439322574976,-0.06380949380970691,2381.0410534056064,4496.5545274967835,3717.1548265158235
experiment_2026_06_24_20_31,ERCOT_demand_COAST,2025-02-17,Presidents' Day,H2,F,best_matching_weekday,True,2025-02-17,3.0,True,True,13,False,2.0,17.0,13.0,pearson,PLS,standard,2.0,{},2025-02-16 10:00:00,2025-02-18,894.0350987498529,6.908208946742477,1662.711121,11.351,,14.0,24.0,4.0,4.0,13.0,4.0,0.07338346012889684,12096.549058470791,11871.776346277597,894.0350987498529,6.908208946742477,4.717646914231217,633.7938886607878,528.1772287392206,4.349297929864045,-1.558099882225284,-173.34833637341475,1107.4521895893884,8.400907039921563,8.378499212164177,1104.6268532640731,641.6527618204582,5.2788069792871255,-1.202754910862028,-129.6659100597912,1309.6321649427694,10.035582110651008,8.215515682849038,1079.1454379144586,1063.5344901082337,8.28308600962221,4.745626516744961,633.7938886607877,-173.34833637341475,1104.6268532640731,hourly_window_mean_factor_top_available_analogs,4.0,11778.53199007895,,11778.53199007895,0.0,-43.68242631362357,25.481415349614355,3.8294513758860134e-13,-43.68242631362357,25.481415349614355,3.8294513758860134e-13,129.66591005979117,-1079.1454379144589,-633.7938886607875,528.1772287392206,4.349297929864045,641.6527618204582,5.2788069792871255,1107.4521895893884,8.400907039921563,1309.6321649427694,10.035582110651008,1063.5344901082337,8.28308600962221,-202.179975353381,-1.634675070729445,-0.9295090494230802,-1.3748770628797322,129.66591005979117,1079.1454379144589,633.7938886607875
experiment_2026_06_24_20_31,ERCOT_demand_COAST,2025-03-02,Texas Independence Day,H2,L,best_matching_weekday,True,2025-03-02,3.0,True,True,13,False,2.0,17.0,13.0,pearson,PLS,standard,2.0,{},2025-03-01 10:00:00,2025-03-03,488.4807104925858,4.167616861213931,1760.842934,11.877,,14.0,24.0,4.0,4.0,13.0,4.0,0.08066975494404731,11738.453808412767,11615.803852412893,488.4807104925858,4.167616861213931,0.0971841703670963,35.561972034600714,564.482211015996,4.426425487095803,3.5894772892459477,467.7474845874472,444.1465018539297,4.016645162782837,-1.939986815645567,-216.5462436212264,414.5737747796185,3.363118393041687,-0.6172894995456352,-65.81725696470312,537.1353956888165,4.900503142785706,1.0057480223557012,94.69985561752885,491.98111430121725,4.334098234985278,0.40778683007626154,35.56197203460129,467.7474845874472,-216.5462436212264,hourly_window_mean_factor_top_available_analogs,4.0,10205.834679092104,,10205.834679092104,0.0,533.5647415521504,-311.2460992387553,-5.74417706382902e-13,533.5647415521504,-311.2460992387553,-5.74417706382902e-13,65.81725696470318,-94.69985561752887,-35.56197203460129,564.482211015996,4.426425487095803,414.5737747796185,3.363118393041687,444.1465018539297,4.016645162782837,537.1353956888165,4.900503142785706,491.98111430121725,4.334098234985278,-92.98889383488682,-0.8838579800028699,1.063307094054116,-0.1664813737713473,65.81725696470318,94.69985561752887,35.56197203460129
experiment_2026_06_24_20_31,ERCOT_demand_COAST,2025-04-21,San Jacinto Day,H2,I,best_matching_weekday,True,2025-04-21,3.0,True,True,13,False,2.0,17.0,13.0,pearson,PLS,standard,2.0,{},2025-04-20 10:00:00,2025-04-22,598.6911110534929,3.882812396431811,1693.48429,11.265,,14.0,24.0,4.0,4.0,13.0,4.0,0.11437732551217712,14093.418253941216,13777.286880865358,598.6911110534929,3.882812396431811,3.506478995957542,547.7993268745744,569.54668671446,3.6058511334773304,3.6058511334773304,569.54668671446,615.6920252512621,4.044373133155257,3.4485119157376665,535.1133669679745,475.8109329680686,3.1630268590228825,2.0692359503674873,313.2517253816165,859.197956385397,6.301071661359392,5.104151322256584,684.6187610787987,717.9501056526972,5.14494989207752,3.986024606297444,547.7993268745737,569.54668671446,535.1133669679745,hourly_window_mean_factor_top_available_analogs,4.0,14088.679818375,,14088.679818375,0.0,256.29496133284346,-149.50539411082423,7.180221329786276e-13,256.29496133284346,-149.50539411082423,7.180221329786276e-13,-313.2517253816165,-684.6187610787987,-547.7993268745737,569.54668671446,3.6058511334773304,475.8109329680686,3.1630268590228825,615.6920252512621,4.044373133155257,859.197956385397,6.301071661359392,717.9501056526972,5.14494989207752,-243.50593113413493,-2.2566985282041347,0.44282427445444794,-1.262137495645709,313.2517253816165,684.6187610787987,547.7993268745737
experiment_2026_06_24_20_31,ERCOT_demand_COAST,2025-05-26,Memorial Day,H2,H,best_matching_weekday,True,2025-05-26,3.0,True,True,9,False,2.0,12.0,9.0,pearson,PLS,standard,2.0,{},2025-05-25 10:00:00,2025-05-27,1035.861506685204,6.35255242088654,603.031391,4.554,,14.0,24.0,4.0,4.0,9.0,4.0,0.06595549091939634,17788.0548231701,16940.500329274153,1035.861506685204,6.35255242088654,-5.158824773715581,-843.9525067753675,545.8796108930011,3.016961765451988,-2.544597878166478,-451.1781027774502,1321.6842792306554,8.298313636556697,-6.683790462785891,-1073.0709091074857,371.23572051570693,2.047265034989714,-0.9427954275841726,-156.02075311255456,1245.2460297453335,7.8475813949487145,-7.8475813949487145,-1245.2460297453335,923.2422316081029,5.710622736016452,-5.303712880656516,-843.9525067753625,-451.1781027774502,-1073.0709091074857,hourly_window_mean_factor_top_available_analogs,4.0,13547.045807894736,,13547.045807894736,0.0,-295.15734966489566,172.17512063784798,-4.930418646453243e-12,-295.15734966489566,172.17512063784798,-4.930418646453243e-12,156.02075311255453,1245.2460297453338,843.9525067753626,545.8796108930011,3.016961765451988,371.23572051570693,2.047265034989714,1321.6842792306554,8.298313636556697,1245.2460297453335,7.8475813949487145,923.2422316081029,5.710622736016452,76.43824948532188,0.45073224160798286,0.9696967304622737,0.641929684870088,156.02075311255453,1245.2460297453338,843.9525067753626
experiment_2026_06_24_20_31,ERCOT_demand_COAST,2025-06-19,Juneteenth National Independence Day,H2,G,best_matching_weekday,True,2025-06-19,3.0,True,True,9,False,2.0,12.0,9.0,pearson,PLS,standard,2.0,{},2025-06-18 10:00:00,2025-06-20,1582.172342640921,8.20151433380401,670.360211,4.522,,14.0,24.0,4.0,4.0,9.0,4.0,0.07702920160656519,17254.556418306445,16624.145070013838,1582.172342640921,8.20151433380401,8.20151433380401,1582.172342640921,1478.2189865490784,7.405734035571638,7.405734035571638,1478.2189865490784,1642.8118003611628,8.665719507772893,8.665719507772893,1642.8118003611628,1547.3908584034841,7.714077706279963,7.714077706279963,1547.3908584034841,1624.4102253802357,8.486366737814217,8.342977781633238,1602.4615417794291,1596.034669125643,8.201839199880544,8.111277753871505,1582.1723426409233,1478.2189865490784,1642.8118003611628,hourly_window_mean_factor_top_available_analogs,4.0,11806.122750638158,,11806.122750638158,0.0,-69.17187185440578,40.35025858173344,-2.0583301145387323e-12,-69.17187185440578,40.35025858173344,-2.0583301145387323e-12,-1547.3908584034841,-1602.4615417794294,-1582.172342640923,1478.2189865490784,7.405734035571638,1547.3908584034841,7.714077706279963,1642.8118003611628,8.665719507772893,1624.4102253802357,8.486366737814217,1596.034669125643,8.201839199880544,18.40157498092708,0.1793527699586761,-0.30834367070832513,-0.0003248660765340361,1547.3908584034841,1602.4615417794294,1582.172342640923
experiment_2026_06_24_20_31,ERCOT_demand_COAST,2025-07-04,Independence Day,H2,I,best_matching_weekday,True,2025-07-04,3.0,True,True,9,False,2.0,12.0,9.0,pearson,PLS,standard,2.0,{},2025-07-03 10:00:00,2025-07-05,1522.8572430815532,9.26479179683922,1053.792504,6.023,,14.0,24.0,4.0,4.0,9.0,4.0,0.11326705400760162,18007.725296955057,17146.665627435013,1522.8572430815532,9.26479179683922,-8.628866560133456,-1405.2785803234779,2229.3588890470473,13.255637100592239,-11.529554315248024,-1910.216804417986,1110.7312829350142,6.93679870298329,-6.93679870298329,-1110.7312829350142,2431.007617019221,14.449776713936687,-13.795920020348149,-2313.1108312830384,875.709767263735,5.530772915281299,-5.530772915281299,-875.709767263735,1448.7142382262823,8.81672168320697,-8.575827111884875,-1405.2785803234783,-1910.216804417986,-1110.7312829350142,hourly_window_mean_factor_top_available_analogs,4.0,14506.669106868421,,14506.669106868421,0.0,402.89402686505207,-235.02151567127922,7.180221329786276e-13,402.89402686505207,-235.02151567127922,7.180221329786276e-13,2313.110831283038,875.709767263735,1405.2785803234785,2229.3588890470473,13.255637100592239,2431.007617019221,14.449776713936687,1110.7312829350142,6.93679870298329,875.709767263735,5.530772915281299,1448.7142382262823,8.81672168320697,235.0215156712792,1.4060257877019904,-1.1941396133444488,0.4480701136322498,2313.110831283038,875.709767263735,1405.2785803234785
experiment_2026_06_24_20_31,ERCOT_demand_COAST,2025-08-27,Lyndon B. Johnson Day,H2,I,best_matching_weekday,True,2025-08-27,3.0,True,True,9,False,2.0,12.0,9.0,pearson,PLS,standard,2.0,{},2025-08-26 10:00:00,2025-08-28,518.9651328662452,3.029704513363168,1380.297031,7.94,,14.0,24.0,4.0,4.0,9.0,4.0,0.10396001776765736,17764.752914285076,16909.847077387123,518.9651328662452,3.029704513363168,2.283884993968738,374.68138629387045,430.0544225327181,2.17043657640422,2.17043657640422,430.0544225327181,570.8297138941359,3.5309441432558875,2.3500632375480404,342.380448487876,586.1762512365367,2.9992488715985455,0.6673222265586849,155.51264649017867,503.27497283335543,2.865402841203044,2.860459869118619,502.5298178460251,533.817549087159,2.9147145366119123,2.0524617902807485,374.6813862938711,430.0544225327181,342.380448487876,hourly_window_mean_factor_top_available_analogs,4.0,14789.687406361843,,14789.687406361843,0.0,274.5417760425394,-160.14936935814913,-7.180221329786276e-13,274.5417760425394,-160.14936935814913,-7.180221329786276e-13,-155.51264649017867,-502.52981784602514,-374.6813862938712,430.0544225327181,2.17043657640422,586.1762512365367,2.9992488715985455,570.8297138941359,3.5309441432558875,503.27497283335543,2.865402841203044,533.817549087159,2.9147145366119123,67.55474106078049,0.6655413020528433,-0.8288122951943255,0.11498997675125588,155.51264649017867,502.52981784602514,374.6813862938712
experiment_2026_06_24_20_31,ERCOT_demand_COAST,2025-09-01,Labor Day,H2,I,best_matching_weekday,True,2025-09-01,3.0,True,True,18,False,2.0,24.0,18.0,pearson,PLS,standard,2.0,{},2025-08-31 10:00:00,2025-09-02,1114.256625941248,7.187000553841052,988.654163,5.686,,14.0,24.0,4.0,4.0,18.0,4.0,0.11122701820122319,16906.195506477023,16208.06309030139,1114.256625941248,7.187000553841052,-6.9785873074496845,-1077.0924897138714,2333.054712706694,14.869723119079586,-14.869723119079586,-2333.054712706694,403.2910753280707,2.70541239078524,-2.375424750665573,-344.44785963472447,2324.60459699251,14.849015868527825,-14.849015868527825,-2324.60459699251,395.93577138093934,2.6568967721811005,-2.3843162860815053,-349.37709380132236,1106.4979702904652,7.148730123466737,-6.976574026982781,-1077.092489713865,-2333.054712706694,-344.44785963472447,hourly_window_mean_factor_top_available_analogs,4.0,15928.473013013157,,15928.473013013157,0.0,-8.450115714183864,4.929234166597856,-5.935649632623321e-12,-8.450115714183864,4.929234166597856,-5.935649632623321e-12,2324.60459699251,349.3770938013223,1077.0924897138655,2333.054712706694,14.869723119079586,2324.60459699251,14.849015868527825,403.2910753280707,2.70541239078524,395.93577138093934,2.6568967721811005,1106.4979702904652,7.148730123466737,7.355303947131347,0.048515618604139554,0.02070725055176048,0.038270430374315545,2324.60459699251,349.3770938013223,1077.0924897138655
experiment_2026_06_24_20_31,ERCOT_demand_COAST,2025-11-11,Veterans Day,H2,G,best_matching_weekday,True,2025-11-11,3.0,True,True,18,False,2.0,24.0,18.0,pearson,PLS,standard,2.0,{},2025-11-10 10:00:00,2025-11-12,495.2483469208813,3.9571833443496063,1065.847667,6.546,,14.0,24.0,4.0,4.0,18.0,4.0,0.06871569061403522,12221.113627628109,12021.398610564653,495.2483469208813,3.9571833443496063,1.4679099552890669,185.56909945083814,363.9760497378981,2.919849811498562,-0.6169003193756682,-73.12725766546477,571.8238536109549,4.56229457184605,2.6840492821768294,336.4753077686815,365.69773256761476,2.942407769064004,-1.4992411780204693,-183.71789105788346,826.2683668980111,6.667353222719296,3.269333360300964,400.98651058092696,656.5844489868124,5.295004897688399,1.5124901093404362,185.5690994508389,-73.12725766546477,336.4753077686815,hourly_window_mean_factor_top_available_analogs,4.0,11212.367487177633,,11212.367487177633,0.0,110.5906333924187,-64.51120281224546,-7.658902751772027e-13,110.5906333924187,-64.51120281224546,-7.658902751772027e-13,183.71789105788346,-400.98651058092696,-185.5690994508389,363.9760497378981,2.919849811498562,365.69773256761476,2.942407769064004,571.8238536109549,4.56229457184605,826.2683668980111,6.667353222719296,656.5844489868124,5.295004897688399,-254.44451328705622,-2.1050586508732456,-0.02255795756544199,-1.3378215533387925,183.71789105788346,400.98651058092696,185.5690994508389
experiment_2026_06_24_20_31,ERCOT_demand_COAST,2025-11-27,Thanksgiving Day,H1,F,best_matching_weekday,True,2025-11-27,3.0,True,True,18,False,2.0,24.0,18.0,pearson,PLS,standard,2.0,{},2025-11-26 10:00:00,2025-11-28,1867.8979720934478,15.917048343662483,709.254838,4.707,,14.0,24.0,4.0,4.0,18.0,4.0,0.06858012664804687,13537.856973856608,13140.70617672333,1867.8979720934478,15.917048343662483,-15.917048343662483,-1867.8979720934478,1808.5538329422213,14.602591402877195,-14.602591402877195,-1808.5538329422213,1902.5153865983302,16.683814892453906,-16.683814892453906,-1902.5153865983302,1862.3148753264702,14.999959299226616,-14.999959299226616,-1862.3148753264702,1871.1547785408547,16.444962092658443,-16.444962092658443,-1871.1547785408547,1867.8979720934497,15.91259264244672,-15.91259264244672,-1867.8979720934497,-1808.5538329422213,-1902.5153865983302,hourly_window_mean_factor_top_available_analogs,4.0,11066.050627375002,,11066.050627375002,0.0,53.761042384248604,-31.3606080574757,1.675384976950131e-12,53.761042384248604,-31.3606080574757,1.675384976950131e-12,1862.31487532647,1871.1547785408545,1867.8979720934494,1808.5538329422213,14.602591402877195,1862.3148753264702,14.999959299226616,1902.5153865983302,16.683814892453906,1871.1547785408547,16.444962092658443,1867.8979720934497,15.91259264244672,31.360608057475474,0.23885279979546326,-0.3973678963494205,0.004455701215762886,1862.31487532647,1871.1547785408545,1867.8979720934494
experiment_2026_06_24_20_31,ERCOT_demand_COAST,2025-11-28,Day after Thanksgiving,H2,G,best_matching_weekday,True,2025-11-28,3.0,True,True,18,False,2.0,24.0,18.0,pearson,PLS,standard,2.0,{},2025-11-27 10:00:00,2025-11-29,467.00382105954503,4.005012211648531,1159.134315,9.02,,14.0,24.0,4.0,4.0,18.0,4.0,0.056791830327942196,11962.197103062079,11780.396623813649,467.00382105954503,4.005012211648531,-3.8380958476398597,-448.3873596147111,630.1318044879606,5.410551740536739,-5.410551740536739,-630.1318044879606,371.8458307263026,3.18511415313041,-2.920829910116679,-342.3697667719823,543.7472624057469,4.670251017319061,-4.670251017319061,-543.7472624057469,447.39982256282923,3.788801910383859,-3.2817242858369693,-392.76074965327274,482.8962477681146,4.11354631820209,-3.7932867658566862,-448.38735961471053,-630.1318044879606,-342.3697667719823,hourly_window_mean_factor_top_available_analogs,4.0,10108.624487388157,,10108.624487388157,0.0,-86.38454208221368,50.390982881290405,-5.74417706382902e-13,-86.38454208221368,50.390982881290405,-5.74417706382902e-13,543.7472624057469,392.76074965327274,448.38735961471053,630.1318044879606,5.410551740536739,543.7472624057469,4.670251017319061,371.8458307263026,3.18511415313041,447.39982256282923,3.788801910383859,482.8962477681146,4.11354631820209,-75.55399183652662,-0.6036877572534487,0.7403007232176781,-0.10853410655355855,543.7472624057469,392.76074965327274,448.38735961471053
experiment_2026_06_24_20_31,ERCOT_demand_COAST,2025-12-24,Christmas Eve,H1,H,best_matching_weekday,True,2025-12-24,3.0,True,True,10,False,2.0,13.0,10.0,pearson,PLS,standard,2.0,{},2025-12-23 10:00:00,2025-12-25,395.6883532183741,2.8984932635341893,878.793596,7.414,,14.0,24.0,4.0,4.0,10.0,4.0,0.0565851844994944,13578.574090195394,13030.065848734122,395.6883532183741,2.8984932635341893,-0.8014002393446609,-85.3895439585536,370.0715069348284,2.638068709376035,-2.096478323051754,-288.24245541471817,410.63151355044243,3.0504075867931135,-0.045938023848856514,32.94132105754238,407.2333592298646,2.918553506719452,-2.6905241285765262,-372.7196668298198,697.7826795090981,5.272341271496672,0.046116606218769375,82.21969438302092,590.738193090433,4.405156305526117,-0.9621194539689709,-85.38954395855198,-288.24245541471817,32.94132105754238,hourly_window_mean_factor_top_available_analogs,4.0,14139.701688013158,,14139.701688013158,0.0,84.47721141510166,-49.27837332547855,-1.6275168347515558e-12,84.47721141510166,-49.27837332547855,-1.6275168347515558e-12,372.71966682981986,-82.21969438302094,85.38954395855197,370.0715069348284,2.638068709376035,407.2333592298646,2.918553506719452,410.63151355044243,3.0504075867931135,697.7826795090981,5.272341271496672,590.738193090433,4.405156305526117,-287.15116595865567,-2.2219336847035587,-0.280484797343417,-1.5066630419919278,372.71966682981986,82.21969438302094,85.38954395855197
experiment_2026_06_24_20_31,ERCOT_demand_COAST,2025-12-25,Christmas Day,H2,I,best_matching_weekday,True,2025-12-25,3.0,True,True,10,False,2.0,13.0,10.0,pearson,PLS,standard,2.0,{},2025-12-24 10:00:00,2025-12-26,326.71362614224444,2.4893719513009525,833.545054,6.964,,14.0,24.0,4.0,4.0,10.0,4.0,0.11580891497598153,13223.236665941176,12901.24133096678,326.71362614224444,2.4893719513009525,-1.3260145385140432,-159.04156559906968,233.66500865732567,1.625264643390643,1.5324197627452547,221.44486995986296,380.9919863417804,2.9934345475819666,-2.9934345475819666,-380.9919863417804,422.0153419890938,2.9599974848423893,-2.846326366907399,-407.42839381437324,629.6185590486377,5.063644108983884,0.3557900244297772,-14.149249140145079,553.1331632898584,4.288616405352807,-0.8239370671154985,-159.04156559907125,221.44486995986296,-380.9919863417804,hourly_window_mean_factor_top_available_analogs,4.0,13723.20831782237,,13723.20831782237,0.0,628.8732637742362,-366.8427372016353,1.5796486925529807e-12,628.8732637742362,-366.8427372016353,1.5796486925529807e-12,407.42839381437324,14.14924914014506,159.04156559907128,233.66500865732567,1.625264643390643,422.0153419890938,2.9599974848423893,380.9919863417804,2.9934345475819666,629.6185590486377,5.063644108983884,553.1331632898584,4.288616405352807,-248.62657270685736,-2.0702095614019176,-1.3347328414517463,-1.7992444540518542,407.42839381437324,14.14924914014506,159.04156559907128
experiment_2026_06_24_20_31,ERCOT_demand_COAST,2026-01-01,New Year's Day,H2,J,best_matching_weekday,True,2026-01-01,3.0,True,True,4,False,2.0,4.0,4.0,pearson,PLS,standard,2.0,{},2025-12-31 10:00:00,2026-01-02,820.247792282034,7.00277257973868,339.900696,2.608,,14.0,24.0,4.0,4.0,4.0,4.0,0.06655290650215465,12679.271565206627,12638.98203663255,820.247792282034,7.00277257973868,-6.411294834808797,-740.7058308382066,395.6378973240063,3.175289633276811,-1.5698500398957014,-179.73828769076044,1067.9368976742169,9.23547096517477,-9.23547096517477,-1067.9368976742169,725.9424836558003,5.764625494958282,-3.2777720203415734,-385.63066462376355,1292.60271747032,11.229500143660543,-8.243273443189134,-947.8330111299643,1083.833157643918,9.216125273086027,-6.413878182140032,-740.7058308382063,-179.73828769076044,-1067.9368976742169,hourly_window_mean_factor_top_available_analogs,4.0,12719.85140957237,,12719.85140957237,0.0,205.8923769330031,-120.10388654425226,-2.87208853191451e-13,205.8923769330031,-120.10388654425226,-2.87208853191451e-13,385.63066462376355,947.8330111299646,740.7058308382062,395.6378973240063,3.175289633276811,725.9424836558003,5.764625494958282,1067.9368976742169,9.23547096517477,1292.60271747032,11.229500143660543,1083.833157643918,9.216125273086027,-224.66581979610305,-1.994029178485773,-2.5893358616814712,-2.213352693347346,385.63066462376355,947.8330111299646,740.7058308382062
experiment_2026_06_24_20_31,ERCOT_demand_COAST,2026-01-19,Martin Luther King Jr. Day,H2,L,best_matching_weekday,True,2026-01-19,3.0,True,True,4,False,2.0,4.0,4.0,pearson,PLS,standard,2.0,{},2026-01-18 10:00:00,2026-01-20,536.8376924538609,4.159363266634188,506.343189,4.025,,14.0,24.0,4.0,4.0,4.0,4.0,0.044909575762104484,13569.143491491419,13771.445796132663,536.8376924538609,4.159363266634188,-4.1156860316041,-530.7203733861545,334.4040532187711,2.6178332835193023,-2.499280788437633,-317.79990146356823,654.9239820076631,5.058589090117871,-5.058589090117871,-654.9239820076631,260.4419521295509,2.0026525074657022,-2.0026525074657022,-260.4419521295509,688.382785785842,5.246704850061994,-5.246704850061994,-688.382785785842,530.7203733861559,4.051527671210728,-4.051527671210728,-530.7203733861559,-317.79990146356823,-654.9239820076631,hourly_window_mean_factor_top_available_analogs,4.0,12501.299559276316,,12501.299559276316,0.0,-57.35794933401731,33.45880377817881,1.2924398393615296e-12,-57.35794933401731,33.45880377817881,1.2924398393615296e-12,260.44195212955094,688.3827857858419,530.7203733861558,334.4040532187711,2.6178332835193023,260.4419521295509,2.0026525074657022,654.9239820076631,5.058589090117871,688.382785785842,5.246704850061994,530.7203733861559,4.051527671210728,-33.45880377817889,-0.18811575994412344,0.6151807760536001,0.10783559542346044,260.44195212955094,688.3827857858419,530.7203733861558
experiment_2026_06_24_20_31,ERCOT_demand_COAST,2026-02-16,Presidents' Day,H2,F,best_matching_weekday,True,2026-02-16,3.0,True,True,4,False,2.0,4.0,4.0,pearson,PLS,standard,2.0,{},2026-02-15 10:00:00,2026-02-17,339.37959050533965,2.685693029966366,503.311619,4.094,,14.0,24.0,4.0,4.0,4.0,4.0,0.05056296965562625,11922.41623958527,11896.922312968658,339.37959050533965,2.685693029966366,2.52707929185731,320.6975301252559,152.97889181790612,1.2586043707049142,0.828081367266048,102.27044221482174,448.1133314063425,3.518161414535546,3.518161414535546,448.1133314063425,153.03089695062513,1.2798694586768613,-0.2571076491151162,-29.071774685980408,524.7296245984762,4.2265888607154585,4.2265888607154585,524.7296245984762,387.78798809663635,3.1409553968065027,2.5747006728831425,320.69753012525535,102.27044221482174,448.1133314063425,hourly_window_mean_factor_top_available_analogs,4.0,11024.589167493423,,11024.589167493423,0.0,131.34221690080216,-76.61629319213368,5.74417706382902e-13,131.34221690080216,-76.61629319213368,5.74417706382902e-13,29.071774685980415,-524.7296245984762,-320.69753012525535,152.97889181790612,1.2586043707049142,153.03089695062513,1.2798694586768613,448.1133314063425,3.518161414535546,524.7296245984762,4.2265888607154585,387.78798809663635,3.1409553968065027,-76.6162931921337,-0.7084274461799125,-0.02126508797194715,-0.45526236684013677,29.071774685980415,524.7296245984762,320.69753012525535
experiment_2026_06_24_20_31,ERCOT_demand_COAST,2026-03-02,Texas Independence Day,H2,L,best_matching_weekday,True,2026-03-02,3.0,True,True,4,False,2.0,4.0,4.0,pearson,PLS,standard,2.0,{},2026-03-01 10:00:00,2026-03-03,1187.3554799877652,8.515000481455454,565.488358,4.616,,14.0,24.0,4.0,4.0,4.0,4.0,0.07157630855432937,12249.176166387964,11982.859658168525,1187.3554799877652,8.515000481455454,8.481493533132413,1183.3053706120352,967.1657941842622,6.9126331768941816,6.821685745731642,956.1726401644235,1315.799463373142,9.449714742449528,9.449714742449528,1315.799463373142,819.330472593824,5.8765028722973645,5.565779145383064,781.2906704766856,1417.8139456909903,10.353488054879511,10.353488054879511,1417.8139456909903,1197.320034549929,8.704072461296613,8.58959529874924,1183.305370612036,956.1726401644235,1315.799463373142,hourly_window_mean_factor_top_available_analogs,4.0,10271.823434585525,,10271.823434585525,0.0,174.88196968773784,-102.0144823178482,-7.180221329786276e-13,174.88196968773784,-102.0144823178482,-7.180221329786276e-13,-781.2906704766856,-1417.8139456909903,-1183.3053706120359,967.1657941842622,6.9126331768941816,819.330472593824,5.8765028722973645,1315.799463373142,9.449714742449528,1417.8139456909903,10.353488054879511,1197.320034549929,8.704072461296613,-102.0144823178482,-0.9037733124299834,1.036130304596817,-0.18907197984115953,781.2906704766856,1417.8139456909903,1183.3053706120359
experiment_2026_06_24_20_31,ERCOT_demand_EAST,2025-01-01,New Year's Day,H2,L,best_matching_weekday,True,2025-01-01,3.0,True,True,14,False,2.0,18.0,14.0,pearson,PLS,standard,2.0,{},2024-12-31 10:00:00,2025-01-02,119.06621193401547,7.310933563461298,153.595078,11.612,,14.0,24.0,4.0,4.0,14.0,4.0,0.045297771258030556,1479.542502511639,1461.6668319776418,119.06621193401547,7.310933563461298,6.100944348175564,101.66303701467696,52.73574226811713,3.3996308450720174,1.7611309719911759,29.02895528722375,157.7589859057895,9.592526815855047,8.63250215094979,144.03291802235802,42.96997297273117,2.7726003632553895,0.811575941560724,13.81123301452848,165.02223261196812,10.114420742261897,9.265776994739966,152.90992268142995,120.05561063961767,7.4095395499963415,6.151071343568667,101.66303701467677,29.02895528722375,144.03291802235802,hourly_window_mean_factor_top_available_analogs,4.0,1373.104950736842,,1373.104950736842,0.0,15.217722272695271,-8.87700465907192,2.0343960434394448e-13,15.217722272695271,-8.87700465907192,2.0343960434394448e-13,-13.811233014528478,-152.90992268142995,-101.66303701467676,52.73574226811713,3.3996308450720174,42.96997297273117,2.7726003632553895,157.7589859057895,9.592526815855047,165.02223261196812,10.114420742261897,120.05561063961767,7.4095395499963415,-7.26324670617862,-0.5218939264068503,0.6270304818166279,-0.09860598653504304,13.811233014528478,152.90992268142995,101.66303701467676
experiment_2026_06_24_20_31,ERCOT_demand_EAST,2025-01-20,Martin Luther King Jr. Day,H2,L,best_matching_weekday,True,2025-01-20,3.0,True,True,14,False,2.0,18.0,14.0,pearson,PLS,standard,2.0,{},2025-01-19 10:00:00,2025-01-21,367.2585541967301,13.902464489117255,154.988912,11.374,,14.0,24.0,4.0,4.0,14.0,4.0,0.062291536826863864,2262.7071159611646,2284.125606894404,367.2585541967301,13.902464489117255,13.902464489117255,367.2585541967301,245.1601152815317,9.928850916963954,9.928850916963954,245.1601152815317,438.48264356392923,16.220405739540013,16.220405739540013,438.48264356392923,267.4128698066407,10.811677278277148,10.811677278277148,267.4128698066407,425.5018700909489,15.692826482524504,15.692826482524504,425.5018700909489,367.2585541967301,13.894508354643898,13.894508354643898,367.2585541967301,245.1601152815317,438.48264356392923,hourly_window_mean_factor_top_available_analogs,4.0,1427.2372130328945,,1427.2372130328945,0.0,-22.252754525109008,12.980773472980284,1.7950553324465688e-14,-22.252754525109008,12.980773472980284,1.7950553324465688e-14,-267.4128698066407,-425.50187009094896,-367.2585541967301,245.1601152815317,9.928850916963954,267.4128698066407,10.811677278277148,438.48264356392923,16.220405739540013,425.5018700909489,15.692826482524504,367.2585541967301,13.894508354643898,12.980773472980331,0.5275792570155087,-0.8828263613131941,0.007956134473356968,267.4128698066407,425.50187009094896,367.2585541967301
experiment_2026_06_24_20_31,ERCOT_demand_EAST,2025-02-17,Presidents' Day,H2,F,best_matching_weekday,True,2025-02-17,3.0,True,True,14,False,2.0,18.0,14.0,pearson,PLS,standard,2.0,{},2025-02-16 10:00:00,2025-02-18,435.14077358557074,21.515762966969504,214.553882,11.289,,14.0,24.0,4.0,4.0,14.0,4.0,0.06062936510598788,1552.6797759144292,1529.8663860423428,435.14077358557074,21.515762966969504,21.515762966969504,435.14077358557074,347.5120229477081,17.75363720542952,17.75363720542952,347.5120229477081,486.2575447909906,23.71033632786782,23.71033632786782,486.2575447909906,358.54592618734836,18.297694770955072,18.297694770955072,358.54592618734836,479.8211012345339,23.000625813713047,23.000625813713047,479.8211012345339,435.14077358557074,21.267967008486426,21.267967008486426,435.14077358557074,347.5120229477081,486.2575447909906,hourly_window_mean_factor_top_available_analogs,4.0,1489.793142125,,1489.793142125,0.0,-11.03390323964022,6.436443556456719,-4.786814219857517e-14,-11.03390323964022,6.436443556456719,-4.786814219857517e-14,-358.5459261873483,-479.8211012345339,-435.1407735855708,347.5120229477081,17.75363720542952,358.54592618734836,18.297694770955072,486.2575447909906,23.71033632786782,479.8211012345339,23.000625813713047,435.14077358557074,21.267967008486426,6.436443556456709,0.709710514154775,-0.5440575655255522,0.24779595848307778,358.5459261873483,479.8211012345339,435.1407735855708
experiment_2026_06_24_20_31,ERCOT_demand_EAST,2025-03-02,Texas Independence Day,H2,L,best_matching_weekday,True,2025-03-02,3.0,True,True,18,False,2.0,24.0,18.0,pearson,PLS,standard,2.0,{},2025-03-01 10:00:00,2025-03-03,54.84552416387202,3.7906947441795467,302.954072,14.074,,14.0,24.0,4.0,4.0,18.0,4.0,0.06363720317130575,1411.233911151075,1399.5441102002824,54.84552416387202,3.7906947441795467,1.1375879819625425,17.75953629629324,76.14881829593409,5.080008621441694,3.2681322459311106,50.202791218993994,42.418602586835824,3.038594982443295,-0.1052295053524553,-1.1656957419488663,83.68868352633693,5.566542075103023,4.722241394913117,71.54553401142547,40.29316982699033,2.909279161876333,-0.9217560349976951,-13.615629037533694,56.28099066359171,3.8882707614861656,1.1576114391799723,17.759536296293366,50.202791218993994,-1.1656957419488663,hourly_window_mean_factor_top_available_analogs,4.0,1449.2835016973686,,1449.2835016973686,0.0,-21.342742792431473,12.449933295584827,-1.2565387327125983e-13,-21.342742792431473,12.449933295584827,-1.2565387327125983e-13,-71.54553401142547,13.615629037533694,-17.759536296293366,76.14881829593409,5.080008621441694,83.68868352633693,5.566542075103023,42.418602586835824,3.038594982443295,40.29316982699033,2.909279161876333,56.28099066359171,3.8882707614861656,2.125432759845495,0.129315820566962,-0.4865334536613286,-0.09757601730661891,71.54553401142547,13.615629037533694,17.759536296293366
experiment_2026_06_24_20_31,ERCOT_demand_EAST,2025-04-21,San Jacinto Day,H2,I,best_matching_weekday,True,2025-04-21,3.0,True,True,13,False,2.0,17.0,13.0,pearson,PLS,standard,2.0,{},2025-04-20 10:00:00,2025-04-22,85.17991885634619,5.399618931668164,286.333849,13.191,,14.0,24.0,4.0,4.0,13.0,4.0,0.1257786523530516,1593.9661810501007,1550.7170207886363,85.17991885634619,5.399618931668164,-0.5658391009186442,4.558774739373186,47.608329187232094,2.899471139576806,-1.8507538635369116,-30.618366855467748,107.09667949666273,6.858038477054791,0.1836945106086785,25.0787740030304,105.67597889573737,6.3562973990438065,-6.3562973990438065,-105.67597889573737,98.54278166306257,5.970953935315869,3.600232147032075,68.86238102652077,101.17080169615329,6.112922579847215,-0.06796294889061884,4.558774739373025,-30.618366855467748,25.0787740030304,hourly_window_mean_factor_top_available_analogs,4.0,1439.8965042039474,,1439.8965042039474,0.0,75.05761204026963,-43.78360702349036,1.615549799201912e-13,75.05761204026963,-43.78360702349036,1.615549799201912e-13,105.67597889573739,-68.86238102652077,-4.558774739373025,47.608329187232094,2.899471139576806,105.67597889573737,6.3562973990438065,107.09667949666273,6.858038477054791,98.54278166306257,5.970953935315869,101.17080169615329,6.112922579847215,8.55389783360016,0.8870845417389219,-3.4568262594670007,-0.7133036481790507,105.67597889573739,68.86238102652077,4.558774739373025
experiment_2026_06_24_20_31,ERCOT_demand_EAST,2025-05-26,Memorial Day,H2,I,best_matching_weekday,True,2025-05-26,3.0,True,True,13,False,2.0,17.0,13.0,pearson,PLS,standard,2.0,{},2025-05-25 10:00:00,2025-05-27,282.53952621636466,16.485023915141426,191.368473,10.318,,14.0,24.0,4.0,4.0,13.0,4.0,0.15143161536904895,2167.046019142656,2083.519062111364,282.53952621636466,16.485023915141426,-14.195150766413542,-240.75691616897146,14.643314142034212,0.6418644537416532,0.44303693987817205,9.944696089415434,438.8123165930574,25.72686693429129,-22.73409359508371,-386.9995233196972,56.06229254508745,2.3055712610394457,-1.9363323041100156,-48.53425374200133,393.55309548170607,23.06111780253485,-20.700176758220156,-352.8868025847044,269.2143786103202,15.414337497773383,-13.787181433021685,-240.7569161689717,9.944696089415434,-386.9995233196972,hourly_window_mean_factor_top_available_analogs,4.0,1666.5858627828948,,1666.5858627828948,0.0,58.47894983141676,-34.11272073499268,2.7524181764180723e-13,58.47894983141676,-34.11272073499268,2.7524181764180723e-13,48.534253742001326,352.88680258470447,240.75691616897174,14.643314142034212,0.6418644537416532,56.06229254508745,2.3055712610394457,438.8123165930574,25.72686693429129,393.55309548170607,23.06111780253485,269.2143786103202,15.414337497773383,45.25922111135134,2.665749131756442,-1.6637068072977925,1.0706864173680426,48.534253742001326,352.88680258470447,240.75691616897174
experiment_2026_06_24_20_31,ERCOT_demand_EAST,2025-06-19,Juneteenth National Independence Day,H2,J,best_matching_weekday,True,2025-06-19,3.0,True,True,9,False,2.0,11.0,9.0,pearson,PLS,standard,2.0,{},2025-06-18 10:00:00,2025-06-20,77.71300815197002,3.443575526169974,150.751889,9.139,,14.0,24.0,4.0,4.0,9.0,4.0,0.1531548867008404,2210.435526672506,2088.5600591541656,77.71300815197002,3.443575526169974,2.632776549062329,57.006311853810146,55.57469589105957,2.265678101495093,0.06493802077434409,-0.6291940610886319,90.62702363750111,4.130682357230321,4.130682357230321,90.62702363750111,64.16938133043782,2.660725066058148,1.0734322323798557,23.694748245769897,82.70903842917886,4.1566756991329115,3.918990394910774,76.43805729183295,75.87863844543217,3.60553599221063,2.870626861346752,57.00631185380973,-0.6291940610886319,90.62702363750111,hourly_window_mean_factor_top_available_analogs,4.0,1982.3007827434208,,1982.3007827434208,0.0,-24.32394230685853,14.188966345668149,4.2482976201235465e-13,-24.32394230685853,14.188966345668149,4.2482976201235465e-13,-23.694748245769897,-76.43805729183296,-57.00631185380972,55.57469589105957,2.265678101495093,64.16938133043782,2.660725066058148,90.62702363750111,4.130682357230321,82.70903842917886,4.1566756991329115,75.87863844543217,3.60553599221063,7.91798520832225,-0.025993341902590394,-0.395046964563055,-0.16196046604065595,23.694748245769897,76.43805729183296,57.00631185380972
experiment_2026_06_24_20_31,ERCOT_demand_EAST,2025-07-04,Independence Day,H2,F,best_matching_weekday,True,2025-07-04,3.0,True,True,9,False,2.0,11.0,9.0,pearson,PLS,standard,2.0,{},2025-07-03 10:00:00,2025-07-05,327.3063477117298,16.186241038899183,151.668999,8.565,,14.0,24.0,4.0,4.0,9.0,4.0,0.15130639006466576,2317.71775939594,2202.334873023046,327.3063477117298,16.186241038899183,-16.186241038899183,-327.3063477117298,345.3382746780445,15.991778463662685,-15.991778463662685,-345.3382746780445,316.7877236480462,16.299677541120474,-16.299677541120474,-316.7877236480462,369.2122741512023,17.033924819215432,-17.033924819215432,-369.2122741512023,302.86122395537035,15.466647712183944,-15.466647712183944,-302.86122395537035,327.30634771172953,16.04406559372186,-16.04406559372186,-327.30634771172953,-345.3382746780445,-316.7877236480462,hourly_window_mean_factor_top_available_analogs,4.0,2059.8424199276315,,2059.8424199276315,0.0,23.873999473157742,-13.92649969267587,-3.290934776152043e-13,23.873999473157742,-13.92649969267587,-3.290934776152043e-13,369.2122741512023,302.86122395537035,327.3063477117295,345.3382746780445,15.991778463662685,369.2122741512023,17.033924819215432,316.7877236480462,16.299677541120474,302.86122395537035,15.466647712183944,327.30634771172953,16.04406559372186,13.926499692675861,0.8330298289365299,-1.042146355552747,0.1421754451773225,369.2122741512023,302.86122395537035,327.3063477117295
experiment_2026_06_24_20_31,ERCOT_demand_EAST,2025-08-27,Lyndon B. Johnson Day,H2,F,best_matching_weekday,True,2025-08-27,3.0,True,True,9,False,2.0,11.0,9.0,pearson,PLS,standard,2.0,{},2025-08-26 10:00:00,2025-08-28,85.08705733847792,3.9710783019899503,232.154876,12.188,,14.0,24.0,4.0,4.0,9.0,4.0,0.14470025503148068,2219.4494190343207,2087.258250129293,85.08705733847792,3.9710783019899503,1.0051416219285902,15.36220780778537,68.80899498668416,2.892761057664359,-1.0124100388435942,-23.06577737150857,94.58259371035759,4.600096694513211,2.1820467573790308,37.778532495706834,106.3014801097762,4.580208015892386,-0.9809791234514036,-16.635374452070437,68.04125180663202,3.0708462442029467,1.4257134429626663,34.027464126033315,82.13712539200093,3.626926896930635,0.5390372342837985,15.362207807784563,-23.06577737150857,37.778532495706834,hourly_window_mean_factor_top_available_analogs,4.0,2114.9614569276314,,2114.9614569276314,0.0,-6.430402919438133,3.7510683696735234,8.07774899600956e-13,-6.430402919438133,3.7510683696735234,8.07774899600956e-13,16.635374452070437,-34.02746412603331,-15.362207807784563,68.80899498668416,2.892761057664359,106.3014801097762,4.580208015892386,94.58259371035759,4.600096694513211,68.04125180663202,3.0708462442029467,82.13712539200093,3.626926896930635,26.541341903725566,1.5292504503102644,-1.6874469582280267,0.3441514050593151,16.635374452070437,34.02746412603331,15.362207807784563
experiment_2026_06_24_20_31,ERCOT_demand_EAST,2025-09-01,Labor Day,H2,I,best_matching_weekday,True,2025-09-01,3.0,True,True,9,False,2.0,11.0,9.0,pearson,PLS,standard,2.0,{},2025-08-31 10:00:00,2025-09-02,131.54930748466813,6.31241706056153,163.368804,7.867,,14.0,24.0,4.0,4.0,9.0,4.0,0.11835701074241134,1788.0189623970812,1727.5369876486905,131.54930748466813,6.31241706056153,3.195416792808657,78.56091533976048,69.05545922233668,3.8756544455347814,-3.044941122050265,-52.11976525146651,168.0040523043615,7.733861919327133,6.835625576476363,154.79131235130956,104.05571513529762,5.872599990132741,-4.433340873886945,-74.88289637557668,168.0698055070412,8.042069911999791,8.042069911999791,168.0698055070412,144.48566694903045,7.242791519732982,3.4458659382520453,78.56091533976094,-52.11976525146651,154.79131235130956,hourly_window_mean_factor_top_available_analogs,4.0,1487.9870750592106,,1487.9870750592106,0.0,22.763131124110163,-13.27849315573163,-4.4278031533682034e-13,22.763131124110163,-13.27849315573163,-4.4278031533682034e-13,74.88289637557668,-168.0698055070412,-78.56091533976092,69.05545922233668,3.8756544455347814,104.05571513529762,5.872599990132741,168.0040523043615,7.733861919327133,168.0698055070412,8.042069911999791,144.48566694903045,7.242791519732982,-0.06575320267970142,-0.3082079926726582,-1.9969455445979598,-0.9303744591714525,74.88289637557668,168.0698055070412,78.56091533976092
experiment_2026_06_24_20_31,ERCOT_demand_EAST,2025-11-11,Veterans Day,H2,G,best_matching_weekday,True,2025-11-11,3.0,True,True,14,False,2.0,19.0,14.0,pearson,PLS,standard,2.0,{},2025-11-10 10:00:00,2025-11-12,232.07262310683998,12.879834552312023,177.625378,8.925,,14.0,24.0,4.0,4.0,14.0,4.0,0.04505680650326347,1480.7508374828835,1448.9816375849914,232.07262310683998,12.879834552312023,12.818030253413985,231.13401485922168,193.15717583501552,10.782544217210843,10.782544217210843,193.15717583501552,254.77330068207098,14.103253914454378,14.00539710786582,253.2871709566754,192.30065565905494,10.838400155991788,10.838400155991788,192.30065565905494,253.78680772598568,14.209520506831112,14.209520506831112,253.78680772598568,231.13401485922176,12.967528798627152,12.967528798627152,231.13401485922176,193.15717583501552,253.2871709566754,hourly_window_mean_factor_top_available_analogs,4.0,1236.7079960394738,,1236.7079960394738,0.0,0.8565201759605543,-0.49963676931029494,1.7950553324465688e-14,0.8565201759605543,-0.49963676931029494,1.7950553324465688e-14,-192.30065565905497,-253.78680772598568,-231.13401485922165,193.15717583501552,10.782544217210843,192.30065565905494,10.838400155991788,254.77330068207098,14.103253914454378,253.78680772598568,14.209520506831112,231.13401485922176,12.967528798627152,0.9864929560853,-0.10626659237673408,-0.055855938780945635,-0.08769424631512912,192.30065565905497,253.78680772598568,231.13401485922165
experiment_2026_06_24_20_31,ERCOT_demand_EAST,2025-11-27,Thanksgiving Day,H1,H,best_matching_weekday,True,2025-11-27,3.0,True,True,14,False,2.0,19.0,14.0,pearson,PLS,standard,2.0,{},2025-11-26 10:00:00,2025-11-28,123.7788548998631,8.565928318421722,150.711588,7.879,,14.0,24.0,4.0,4.0,14.0,4.0,0.1370433452902235,1500.5976202494153,1451.5302815013574,123.7788548998631,8.565928318421722,-1.2786760635619632,-13.663453512573321,75.68612452832922,4.827783414393537,-0.49490976128682007,-6.3346771032292155,151.8329476165912,10.7465128457715,-1.7358730732224628,-17.938573084690717,151.6802710303197,9.729539477024934,-4.7764695845943494,-72.62342089706668,253.90483997551507,17.928516057321684,0.7541756800094013,20.72986079504805,216.24315667991678,14.90784047510709,-1.2834304701077701,-13.663453512573165,-6.3346771032292155,-17.938573084690717,hourly_window_mean_factor_top_available_analogs,4.0,1767.0037980131578,,1767.0037980131578,0.0,66.28874379383747,-38.668433879738764,-1.555714621453693e-13,66.28874379383747,-38.668433879738764,-1.555714621453693e-13,72.62342089706668,-20.729860795048047,13.663453512573165,75.68612452832922,4.827783414393537,151.6802710303197,9.729539477024934,151.8329476165912,10.7465128457715,253.90483997551507,17.928516057321684,216.24315667991678,14.90784047510709,-102.07189235892386,-7.1820032115501835,-4.901756062631397,-6.341912156685368,72.62342089706668,20.729860795048047,13.663453512573165
experiment_2026_06_24_20_31,ERCOT_demand_EAST,2025-11-28,Day after Thanksgiving,H2,G,best_matching_weekday,True,2025-11-28,3.0,True,True,14,False,2.0,19.0,14.0,pearson,PLS,standard,2.0,{},2025-11-27 10:00:00,2025-11-29,91.1010448318765,6.319395804946777,163.906877,9.402,,14.0,24.0,4.0,4.0,14.0,4.0,0.07776854308945634,1510.4467415396543,1481.8730987403499,91.1010448318765,6.319395804946777,-2.37218230503498,-29.503432329128103,137.77840656370032,10.021675138084907,-9.814433277970936,-134.44451390989104,63.87258382164591,4.159732860616201,1.9691307625109944,31.71219859298361,144.4338943288422,10.484097279960805,-10.484097279960805,-144.4338943288422,114.50133898816894,7.607472394696104,2.536732313016426,37.53933717070526,125.52912253473282,8.66728156295152,-2.2604154317646583,-29.50343232912802,-134.44451390989104,31.71219859298361,hourly_window_mean_factor_top_available_analogs,4.0,1305.2079290328945,,1305.2079290328945,0.0,9.989380418951166,-5.827138577721645,-8.376924884750654e-14,9.989380418951166,-5.827138577721645,-8.376924884750654e-14,144.4338943288422,-37.53933717070526,29.503432329128017,137.77840656370032,10.021675138084907,144.4338943288422,10.484097279960805,63.87258382164591,4.159732860616201,114.50133898816894,7.607472394696104,125.52912253473282,8.66728156295152,-50.62875516652303,-3.4477395340799024,-0.4624221418758978,-2.3478857580047423,144.4338943288422,37.53933717070526,29.503432329128017
experiment_2026_06_24_20_31,ERCOT_demand_EAST,2025-12-24,Christmas Eve,H1,H,best_matching_weekday,True,2025-12-24,3.0,True,True,15,False,2.0,20.0,15.0,pearson,PLS,standard,2.0,{},2025-12-23 10:00:00,2025-12-25,69.20781086321414,4.236943460315211,148.733208,9.237,,14.0,24.0,4.0,4.0,15.0,4.0,0.07903552113064097,1523.6039499812834,1468.4437922990853,69.20781086321414,4.236943460315211,2.7976116485010265,47.76686043976911,101.72170261838946,5.894547088239926,5.631111110157796,97.36017692066244,50.24137400602851,3.2700080106924614,1.144736962534579,18.837425825914664,52.274332064558166,3.073398068893676,2.433378301534581,41.64395013032442,54.16865918328364,3.465200439196456,3.271348285358746,51.33855812027863,53.47074919217425,3.320852197505958,2.9626225018445806,47.76686043976918,97.36017692066244,18.837425825914664,hourly_window_mean_factor_top_available_analogs,4.0,1493.8933095921052,,1493.8933095921052,0.0,55.71622679033802,-32.50113229436396,-7.180221329786275e-14,55.71622679033802,-32.50113229436396,-7.180221329786275e-14,-41.64395013032442,-51.33855812027863,-47.76686043976918,101.72170261838946,5.894547088239926,52.274332064558166,3.073398068893676,50.24137400602851,3.2700080106924614,54.16865918328364,3.465200439196456,53.47074919217425,3.320852197505958,-3.927285177255129,-0.19519242850399454,2.8211490193462496,0.9160912628092528,41.64395013032442,51.33855812027863,47.76686043976918
experiment_2026_06_24_20_31,ERCOT_demand_EAST,2025-12-25,Christmas Day,H2,H,best_matching_weekday,True,2025-12-25,3.0,True,True,15,False,2.0,20.0,15.0,pearson,PLS,standard,2.0,{},2025-12-24 10:00:00,2025-12-26,113.81645501405724,8.071564544584895,94.394287,6.355,,14.0,24.0,4.0,4.0,15.0,4.0,0.11774880229661945,1550.0526121538092,1484.453360510023,113.81645501405724,8.071564544584895,-7.993112327061751,-112.60047125907256,84.24110552097292,5.504808691147404,-5.2918669578703,-80.94057818601456,131.0687422183564,9.56883879242343,-9.56883879242343,-131.0687422183564,108.9002796666867,6.934565023158203,-5.87001209532003,-92.33033872462768,124.48014871464397,8.635730256780205,-8.631095904349344,-124.42471523749835,118.7401969601334,8.008985170708943,-7.613854501022756,-112.60047125907231,-80.94057818601456,-131.0687422183564,hourly_window_mean_factor_top_available_analogs,4.0,1576.7723552499997,,1576.7723552499997,0.0,11.389760538613116,-6.644026980858048,-2.5130774654251967e-13,11.389760538613116,-6.644026980858048,-2.5130774654251967e-13,92.33033872462768,124.42471523749835,112.60047125907231,84.24110552097292,5.504808691147404,108.9002796666867,6.934565023158203,131.0687422183564,9.56883879242343,124.48014871464397,8.635730256780205,118.7401969601334,8.008985170708943,6.588593503712417,0.9331085356432247,-1.4297563320107987,0.06257937387595192,92.33033872462768,124.42471523749835,112.60047125907231
experiment_2026_06_24_20_31,ERCOT_demand_EAST,2026-01-01,New Year's Day,H2,L,best_matching_weekday,True,2026-01-01,3.0,True,True,16,False,2.0,21.0,16.0,pearson,PLS,standard,2.0,{},2025-12-31 10:00:00,2026-01-02,373.0318607719957,23.014168468109357,84.452115,5.736,,14.0,24.0,4.0,4.0,16.0,4.0,0.04748929330779541,2037.648667087785,2043.1397652662765,373.0318607719957,23.014168468109357,-23.014168468109357,-373.0318607719957,288.14128456751405,16.844320650347036,-16.844320650347036,-288.14128456751405,422.5513635579434,26.61324636180405,-26.61324636180405,-422.5513635579434,259.12096654974994,15.15520077099914,-15.15520077099914,-259.12096654974994,439.47988240163886,27.564332060165636,-27.564332060165636,-439.47988240163886,373.03186077199564,22.992546848367457,-22.992546848367457,-373.03186077199564,-288.14128456751405,-422.5513635579434,hourly_window_mean_factor_top_available_analogs,4.0,1839.6930384473685,,1839.6930384473685,0.0,-29.02031801776416,16.92851884369553,-1.436044265957255e-13,-29.02031801776416,16.92851884369553,-1.436044265957255e-13,259.1209665497499,439.4798824016389,373.0318607719955,288.14128456751405,16.844320650347036,259.12096654974994,15.15520077099914,422.5513635579434,26.61324636180405,439.47988240163886,27.564332060165636,373.03186077199564,22.992546848367457,-16.928518843695485,-0.9510856983615881,1.6891198793478956,0.021621619741900133,259.1209665497499,439.4798824016389,373.0318607719955
experiment_2026_06_24_20_31,ERCOT_demand_EAST,2026-01-19,Martin Luther King Jr. Day,H2,I,best_matching_weekday,True,2026-01-19,3.0,True,True,15,False,2.0,20.0,15.0,pearson,PLS,standard,2.0,{},2026-01-18 10:00:00,2026-01-20,112.06133935572934,5.590842832800281,185.909675,11.809,,14.0,24.0,4.0,4.0,15.0,4.0,0.0869595793381247,2009.901102111334,2049.3994888448747,112.06133935572934,5.590842832800281,-1.5416347542349573,-20.828496321860666,103.52830642684269,5.110038157160651,0.7031639852197812,26.375345574734734,117.03894189757987,5.871312226923398,-2.8511006855835546,-48.36407076154131,314.759735986342,16.616520683404033,-10.88956573542217,-178.17742842718016,353.54927375217557,17.46155385008225,1.5130433438724469,70.95838073957621,339.25839141739476,17.150225841306064,-3.0563389484992545,-20.828496321860346,26.375345574734734,-48.36407076154131,hourly_window_mean_factor_top_available_analogs,4.0,1724.478845763158,,1724.478845763158,0.0,204.5527740019149,-119.32245150111753,-3.171264420655605e-13,204.5527740019149,-119.32245150111753,-3.171264420655605e-13,178.1774284271802,-70.95838073957621,20.82849632186035,103.52830642684269,5.110038157160651,314.759735986342,16.616520683404033,117.03894189757987,5.871312226923398,353.54927375217557,17.46155385008225,339.25839141739476,17.150225841306064,-236.51033185459568,-11.590241623158853,-11.506482526243381,-11.559383008505783,178.1774284271802,70.95838073957621,20.82849632186035
experiment_2026_06_24_20_31,ERCOT_demand_EAST,2026-02-16,Presidents' Day,H2,F,best_matching_weekday,True,2026-02-16,3.0,True,True,15,False,2.0,20.0,15.0,pearson,PLS,standard,2.0,{},2026-02-15 10:00:00,2026-02-17,143.7761125880031,8.769164894930958,200.194185,12.261,,14.0,24.0,4.0,4.0,15.0,4.0,0.11322224039311748,1470.9318258198666,1436.5546248086769,143.7761125880031,8.769164894930958,8.013653606916469,132.24821820644917,59.898254625168725,3.796599764569391,1.7459262685300627,28.608255589522432,192.7048630663231,11.669827887641867,11.669827887641867,192.7048630663231,112.73379862897664,7.233491814036894,-2.161857256915602,-30.932640047341483,228.00148593878703,14.026408411968312,13.9924473672177,227.43705218782702,185.53444324569898,11.523754928519894,8.040861453063325,132.24821820644914,28.608255589522432,192.7048630663231,hourly_window_mean_factor_top_available_analogs,4.0,1710.3340965986843,,1710.3340965986843,0.0,59.540895636863915,-34.73218912150393,1.1967035549643792e-14,59.540895636863915,-34.73218912150393,1.1967035549643792e-14,30.932640047341483,-227.43705218782702,-132.24821820644917,59.898254625168725,3.796599764569391,112.73379862897664,7.233491814036894,192.7048630663231,11.669827887641867,228.00148593878703,14.026408411968312,185.53444324569898,11.523754928519894,-35.29662287246393,-2.3565805243264446,-3.436892049467503,-2.7545900335889364,30.932640047341483,227.43705218782702,132.24821820644917
experiment_2026_06_24_20_31,ERCOT_demand_EAST,2026-03-02,Texas Independence Day,H2,L,best_matching_weekday,True,2026-03-02,3.0,True,True,15,False,2.0,20.0,15.0,pearson,PLS,standard,2.0,{},2026-03-01 10:00:00,2026-03-03,139.57121240177793,8.39593111218826,210.180737,12.493,,14.0,24.0,4.0,4.0,15.0,4.0,0.0732763452719156,1544.9657810258243,1518.4227781831978,139.57121240177793,8.39593111218826,2.723262159606063,63.29863581628124,102.58648286087667,6.036454371027726,3.242675026801891,61.53886824395988,161.1456379673037,9.772292544531902,2.4202713204084962,64.32516690013536,87.78490305986622,5.1041972822878625,3.1118784409008717,58.47475971623146,95.49836228353801,5.486525228274501,3.302744164095531,66.11256354130977,92.6565615169221,5.345667563963634,3.2324252134448668,63.29863581628092,61.53886824395988,64.32516690013536,hourly_window_mean_factor_top_available_analogs,4.0,1229.8793782894738,,1229.8793782894738,0.0,3.064108527728422,-1.7873966411744202,3.111429242907386e-13,3.064108527728422,-1.7873966411744202,3.111429242907386e-13,-58.47475971623146,-66.11256354130978,-63.29863581628093,102.58648286087667,6.036454371027726,87.78490305986622,5.1041972822878625,161.1456379673037,9.772292544531902,95.49836228353801,5.486525228274501,92.6565615169221,5.345667563963634,65.6472756837657,4.2857673162574015,0.9322570887398633,3.050263548224626,58.47475971623146,66.11256354130978,63.29863581628093
experiment_2026_06_24_20_31,ERCOT_demand_ERCOT,2025-01-01,New Year's Day,H2,I,best_matching_weekday,True,2025-01-01,3.0,True,True,14,False,2.0,19.0,14.0,pearson,PLS,standard,2.0,{},2024-12-31 10:00:00,2025-01-02,1554.979981527001,3.434589907475428,1676.517275,3.778,,14.0,24.0,4.0,4.0,14.0,4.0,0.05299655422706967,45373.02798280125,44488.63125830013,1554.979981527001,3.434589907475428,0.8648300613284288,389.312181698755,700.1758778070372,1.509229754420977,-0.6793469501497605,-314.68225401743985,2053.6157086969797,4.557716663423859,1.7655999846907058,799.975602533202,569.556205529702,1.2225266426765717,-0.11085304207568503,-54.00451123271341,2129.2193568010657,4.737165548232246,1.490904550344635,647.9135859087719,1554.6066168589844,3.4422985830275254,0.9007833320845172,389.312181698751,-314.68225401743985,799.975602533202,hourly_window_mean_factor_top_available_analogs,4.0,38045.08935996052,,38045.08935996052,0.0,-260.67774278472643,152.06201662443013,4.020923944680315e-12,-260.67774278472643,152.06201662443013,4.020923944680315e-12,54.00451123271341,-647.9135859087719,-389.312181698751,700.1758778070372,1.509229754420977,569.556205529702,1.2225266426765717,2053.6157086969797,4.557716663423859,2129.2193568010657,4.737165548232246,1554.6066168589844,3.4422985830275254,-75.603648104086,-0.17944888480838728,0.2867031117444052,-0.0077086755520974215,54.00451123271341,647.9135859087719,389.312181698751
experiment_2026_06_24_20_31,ERCOT_demand_ERCOT,2025-01-20,Martin Luther King Jr. Day,H2,F,best_matching_weekday,True,2025-01-20,3.0,True,True,14,False,2.0,19.0,14.0,pearson,PLS,standard,2.0,{},2025-01-19 10:00:00,2025-01-21,11879.971355849122,17.589230488944953,1349.052938,3.046,,14.0,24.0,4.0,4.0,14.0,4.0,0.05273682253823003,55171.201099229824,55742.188754543626,11879.971355849122,17.589230488944953,17.589230488944953,11879.971355849122,8200.74559087953,13.173429292226803,13.173429292226803,8200.74559087953,14026.186385414721,20.165114520363876,20.165114520363876,14026.186385414721,8824.637066154382,14.130653133712404,14.130653133712404,8824.637066154382,13662.249691504388,19.594714057381665,19.594714057381665,13662.249691504388,11879.971355849126,17.58163898024036,17.58163898024036,11879.971355849126,8200.74559087953,14026.186385414721,hourly_window_mean_factor_top_available_analogs,4.0,49375.68821513816,,49375.68821513816,0.0,-623.8914752748527,363.93669391033046,-1.9147256879430067e-13,-623.8914752748527,363.93669391033046,-1.9147256879430067e-13,-8824.637066154382,-13662.24969150439,-11879.971355849122,8200.74559087953,13.173429292226803,8824.637066154382,14.130653133712404,14026.186385414721,20.165114520363876,13662.249691504388,19.594714057381665,11879.971355849126,17.58163898024036,363.9366939103329,0.5704004629822101,-0.9572238414856002,0.007591508704592798,8824.637066154382,13662.24969150439,11879.971355849122
experiment_2026_06_24_20_31,ERCOT_demand_ERCOT,2025-02-17,Presidents' Day,H2,F,best_matching_weekday,True,2025-02-17,3.0,True,True,14,False,2.0,19.0,14.0,pearson,PLS,standard,2.0,{},2025-02-16 10:00:00,2025-02-18,2956.0248073900425,5.316712494271551,4946.738,8.084,,14.0,24.0,4.0,4.0,14.0,4.0,0.03706124411516726,50285.75947240701,49845.18286011535,2956.0248073900425,5.316712494271551,5.126656542657321,2863.1638169351086,1468.8399900421516,2.7382391095419014,2.2223729551604228,1216.788730235903,3823.5492841763103,6.820821968697182,6.820821968697182,3823.5492841763103,1593.35251854434,2.9707603756672114,2.6512472488176906,1435.8436138394131,3695.7672687409117,6.616911850013285,6.616911850013285,3695.7672687409117,2921.193413405332,5.27359288578052,5.155877523257012,2863.1638169350954,1216.788730235903,3823.5492841763103,hourly_window_mean_factor_top_available_analogs,4.0,47863.213471953946,,47863.213471953946,0.0,-219.0548836035102,127.78201543539944,1.1679826696452342e-11,-219.0548836035102,127.78201543539944,1.1679826696452342e-11,-1435.8436138394131,-3695.767268740911,-2863.1638169350967,1468.8399900421516,2.7382391095419014,1593.35251854434,2.9707603756672114,3823.5492841763103,6.820821968697182,3695.7672687409117,6.616911850013285,2921.193413405332,5.27359288578052,127.78201543539853,0.20391011868389697,-0.23252126612531,0.0431196084910308,1435.8436138394131,3695.767268740911,2863.1638169350967
experiment_2026_06_24_20_31,ERCOT_demand_ERCOT,2025-03-02,Texas Independence Day,H2,L,best_matching_weekday,True,2025-03-02,3.0,True,True,6,False,2.0,8.0,6.0,pearson,PLS,standard,2.0,{},2025-03-01 10:00:00,2025-03-03,1500.847998498156,3.3237621913980213,4603.953865,7.458,,14.0,24.0,4.0,4.0,6.0,4.0,0.06390733993739635,44389.843976684075,43666.234048653765,1500.847998498156,3.3237621913980213,0.9980390617981937,526.6745383948731,1550.3107131900408,3.264388534444161,2.236616473325666,1092.9286140496854,1471.994748261223,3.3583968246211064,0.27553557174050153,196.3596609295661,928.2327383208285,1.9587882781022767,0.8706245738127577,428.0790067025087,2046.8116421282186,4.825411472575906,1.329376481232513,584.1885985487515,1634.7036249360224,3.7692871377698323,1.160362620604182,526.6745383948726,1092.9286140496854,196.3596609295661,hourly_window_mean_factor_top_available_analogs,4.0,37616.76866614474,,37616.76866614474,0.0,664.8496073471766,-387.8289376191854,5.74417706382902e-13,664.8496073471766,-387.8289376191854,5.74417706382902e-13,-428.07900670250876,-584.1885985487515,-526.6745383948726,1550.3107131900408,3.264388534444161,928.2327383208285,1.9587882781022767,1471.994748261223,3.3583968246211064,2046.8116421282186,4.825411472575906,1634.7036249360224,3.7692871377698323,-574.8168938669955,-1.4670146479547999,1.3056002563418845,-0.44552494637181095,428.07900670250876,584.1885985487515,526.6745383948726
experiment_2026_06_24_20_31,ERCOT_demand_ERCOT,2025-04-21,San Jacinto Day,H2,G,best_matching_weekday,True,2025-04-21,3.0,True,True,6,False,2.0,8.0,6.0,pearson,PLS,standard,2.0,{},2025-04-20 10:00:00,2025-04-22,2054.8738203901585,3.9363335947288856,4576.313451,7.394,,14.0,24.0,4.0,4.0,6.0,4.0,0.08428007310030315,50304.374575478585,49140.62105652657,2054.8738203901585,3.9363335947288856,0.05965461880485629,267.1390817056329,1119.0645621595827,2.234692128797939,-1.5391141409937734,-738.4914189677246,2600.7625543579943,4.928957783188604,0.9922697286873903,853.7568737650914,1260.6601614254198,2.467421672288662,-2.467421672288662,-1260.6601614254198,1811.5529628506354,3.2779363451052728,1.9323186636904437,1158.355306865401,1608.5924570623981,2.9793256761728375,0.3113616978034047,267.1390817056249,-738.4914189677246,853.7568737650914,hourly_window_mean_factor_top_available_analogs,4.0,42597.88044202631,,42597.88044202631,0.0,522.1687424576952,-304.5984331003095,8.04184788936063e-12,522.1687424576952,-304.5984331003095,8.04184788936063e-12,1260.6601614254198,-1158.355306865401,-267.1390817056249,1119.0645621595827,2.234692128797939,1260.6601614254198,2.467421672288662,2600.7625543579943,4.928957783188604,1811.5529628506354,3.2779363451052728,1608.5924570623981,2.9793256761728375,789.2095915073589,1.6510214380833315,-0.23272954349072306,0.957007918556048,1260.6601614254198,1158.355306865401,267.1390817056249
experiment_2026_06_24_20_31,ERCOT_demand_ERCOT,2025-05-26,Memorial Day,H2,I,best_matching_weekday,True,2025-05-26,3.0,True,True,6,False,2.0,8.0,6.0,pearson,PLS,standard,2.0,{},2025-05-25 10:00:00,2025-05-27,4601.105407716855,7.539870187480345,1933.237898,3.766,,14.0,24.0,4.0,4.0,6.0,4.0,0.12859435666089739,62775.08695998578,60479.595348270865,4601.105407716855,7.539870187480345,-2.745068441906889,-1464.703987512079,2843.8225727172753,3.986660982948751,3.986660982948751,2843.8225727172753,5626.18706146661,9.612575556790445,-6.671910606406011,-3978.011147645869,1806.7459689897103,2.6121153830269703,0.8132812057482405,599.8501006581859,6164.6973287595765,10.705961281816435,-4.235826348000472,-2669.0272056114313,4559.136301475942,7.724018055946632,-2.375628828198315,-1464.7039875120986,2843.8225727172753,-3978.011147645869,hourly_window_mean_factor_top_available_analogs,4.0,49152.04133294737,,49152.04133294737,0.0,2243.9724720590893,-1308.9839420344379,1.953020201701867e-11,2243.9724720590893,-1308.9839420344379,1.953020201701867e-11,-599.850100658186,2669.0272056114313,1464.7039875120986,2843.8225727172753,3.986660982948751,1806.7459689897103,2.6121153830269703,5626.18706146661,9.612575556790445,6164.6973287595765,10.705961281816435,4559.136301475942,7.724018055946632,-538.5102672929661,-1.0933857250259909,1.3745455999217806,-0.1841478684662876,599.850100658186,2669.0272056114313,1464.7039875120986
experiment_2026_06_24_20_31,ERCOT_demand_ERCOT,2025-06-19,Juneteenth National Independence Day,H2,F,best_matching_weekday,True,2025-06-19,3.0,True,True,6,False,2.0,8.0,6.0,pearson,PLS,standard,2.0,{},2025-06-18 10:00:00,2025-06-20,1604.4702428106214,2.317572773878935,2718.942409,4.933,,14.0,24.0,4.0,4.0,6.0,4.0,0.14037604971110346,66854.49647915937,64501.173703974964,1604.4702428106214,2.317572773878935,2.3060006081180244,1595.6930029985367,1131.833447514489,1.598079213368346,1.56666904916016,1108.009510881688,1880.1750400666986,2.7372773508434443,2.7372773508434443,1880.1750400666986,2282.5866505854947,3.118455693284415,-1.6698135131567509,-1329.767738580549,3583.5249126962226,5.878498443559878,5.513541476860488,3302.2117689196566,3104.2318687606917,4.861640588195234,2.867042270012031,1595.6930029985283,1108.009510881688,1880.1750400666986,hourly_window_mean_factor_top_available_analogs,4.0,55290.59882346052,,55290.59882346052,0.0,2437.777249462237,-1422.036728852958,8.42479302694923e-12,2437.777249462237,-1422.036728852958,8.42479302694923e-12,1329.767738580549,-3302.2117689196566,-1595.6930029985283,1131.833447514489,1.598079213368346,2282.5866505854947,3.118455693284415,1880.1750400666986,2.7372773508434443,3583.5249126962226,5.878498443559878,3104.2318687606917,4.861640588195234,-1703.349872629524,-3.141221092716434,-1.5203764799160693,-2.5440678143162994,1329.767738580549,3302.2117689196566,1595.6930029985283
experiment_2026_06_24_20_31,ERCOT_demand_ERCOT,2025-07-04,Independence Day,H2,F,best_matching_weekday,True,2025-07-04,3.0,True,True,15,False,2.0,20.0,15.0,pearson,PLS,standard,2.0,{},2025-07-03 10:00:00,2025-07-05,4598.907376534124,7.744505183429784,3274.465753,5.453,,14.0,24.0,4.0,4.0,15.0,4.0,0.1309064063974629,64805.43444556046,63009.734444026486,4598.907376534124,7.744505183429784,-7.744505183429784,-4598.907376534124,3954.67646033294,6.254834860615761,-6.254834860615761,-3954.67646033294,4974.708744318147,8.613479538404631,-8.613479538404631,-4974.708744318147,7006.686112292019,10.881016809015781,-10.606335884376168,-6841.809234586401,4324.955798642382,7.109867544513681,-5.04908352501193,-3290.5479593369905,5312.961703671197,8.49923832617235,-7.096492288988228,-4598.907376534143,-3954.67646033294,-4974.708744318147,hourly_window_mean_factor_top_available_analogs,4.0,57097.10740175658,,57097.10740175658,0.0,2887.13277425346,-1684.1607849811564,1.7998421466664265e-11,2887.13277425346,-1684.1607849811564,1.7998421466664265e-11,6841.809234586401,3290.547959336991,4598.907376534142,3954.67646033294,6.254834860615761,7006.686112292019,10.881016809015781,4974.708744318147,8.613479538404631,4324.955798642382,7.109867544513681,5312.961703671197,8.49923832617235,649.7529456757647,1.5036119938909502,-4.626181948400021,-0.7547331427425661,6841.809234586401,3290.547959336991,4598.907376534142
experiment_2026_06_24_20_31,ERCOT_demand_ERCOT,2025-08-27,Lyndon B. Johnson Day,H2,H,best_matching_weekday,True,2025-08-27,3.0,True,True,15,False,2.0,20.0,15.0,pearson,PLS,standard,2.0,{},2025-08-26 10:00:00,2025-08-28,1681.987596314977,2.4785708427369646,3958.613198,6.366,,14.0,24.0,4.0,4.0,15.0,4.0,0.14134774719782417,68644.89386380979,65628.44955201284,1681.987596314977,2.4785708427369646,-1.6008747600042972,-1108.5625227308385,2618.3941528902687,3.6618992956770486,-3.6618992956770486,-2618.3941528902687,1135.7504383127234,1.7882959118552477,-0.3986104475285253,-227.82740513783756,4739.877347554415,6.519449559224985,-6.519449559224985,-4739.877347554415,1812.2213877899032,2.9163535328111174,1.8045572774574712,1009.7044584162435,2890.8314782294606,4.243809963595175,-1.262182083425539,-1108.5625227308415,-2618.3941528902687,-227.82740513783756,hourly_window_mean_factor_top_available_analogs,4.0,53966.44631760526,,53966.44631760526,0.0,2121.4831946641466,-1237.531863554081,2.8720885319145103e-12,2121.4831946641466,-1237.531863554081,2.8720885319145103e-12,4739.877347554415,-1009.7044584162434,1108.5625227308415,2618.3941528902687,3.6618992956770486,4739.877347554415,6.519449559224985,1135.7504383127234,1.7882959118552477,1812.2213877899032,2.9163535328111174,2890.8314782294606,4.243809963595175,-676.4709494771798,-1.1280576209558697,-2.8575502635479366,-1.7652391208582103,4739.877347554415,1009.7044584162434,1108.5625227308415
experiment_2026_06_24_20_31,ERCOT_demand_ERCOT,2025-09-01,Labor Day,H2,H,best_matching_weekday,True,2025-09-01,3.0,True,True,18,False,2.0,24.0,18.0,pearson,PLS,standard,2.0,{},2025-08-31 10:00:00,2025-09-02,2125.0993022606076,3.5114605249783413,2997.938677,4.76,,14.0,24.0,4.0,4.0,18.0,4.0,0.11399073956252533,62383.47740190324,60283.48692327491,2125.0993022606076,3.5114605249783413,-2.518099744200454,-1435.396407219028,3274.621418480371,5.152513870516252,-5.152513870516252,-3274.621418480371,1454.5447344657453,2.554179406747894,-0.9813581705162392,-362.51515064991145,3725.3426112648035,5.831026614123057,-5.831026614123057,-3725.3426112648035,506.61621219040717,0.8751284035540267,-0.18601071198278238,-99.59445485899475,1692.4627802704479,2.7009856390268276,-2.2657534127713044,-1435.3964072190295,-3274.621418480371,-362.51515064991145,hourly_window_mean_factor_top_available_analogs,4.0,51166.91152377632,,51166.91152377632,0.0,450.7211927844323,-262.9206957909167,1.3403079815601047e-12,450.7211927844323,-262.9206957909167,1.3403079815601047e-12,3725.3426112648035,99.59445485899477,1435.3964072190295,3274.621418480371,5.152513870516252,3725.3426112648035,5.831026614123057,1454.5447344657453,2.554179406747894,506.61621219040717,0.8751284035540267,1692.4627802704479,2.7009856390268276,947.9285222753381,1.6790510031938672,-0.678512743606805,0.8104748859515136,3725.3426112648035,99.59445485899477,1435.3964072190295
experiment_2026_06_24_20_31,ERCOT_demand_ERCOT,2025-11-11,Veterans Day,H2,G,best_matching_weekday,True,2025-11-11,3.0,True,True,18,False,2.0,24.0,18.0,pearson,PLS,standard,2.0,{},2025-11-10 10:00:00,2025-11-12,2268.7717526500846,4.534027408037899,2730.922999,4.488,,14.0,24.0,4.0,4.0,18.0,4.0,0.08261343474546903,47389.35284069608,46612.33164565504,2268.7717526500846,4.534027408037899,4.111413733643099,2063.995023619717,1672.852282788526,3.3040650239833504,2.336173696704903,1204.4178146621525,2616.3914434026606,5.251505465403053,5.146970421857048,2565.415062178297,2385.746430794955,4.824208608010145,-1.214258347666737,-564.391316501827,4299.3238553967085,8.7527842041798,7.3210459251561515,3597.2203886906013,3594.321646332903,7.305414247696243,4.176460140431929,2063.9950236197064,1204.4178146621525,2565.415062178297,hourly_window_mean_factor_top_available_analogs,4.0,42982.025334519734,,42982.025334519734,0.0,1768.8091311639796,-1031.805326512305,1.0339518714892237e-11,1768.8091311639796,-1031.805326512305,1.0339518714892237e-11,564.3913165018271,-3597.220388690602,-2063.9950236197064,1672.852282788526,3.3040650239833504,2385.746430794955,4.824208608010145,2616.3914434026606,5.251505465403053,4299.3238553967085,8.7527842041798,3594.321646332903,7.305414247696243,-1682.932411994048,-3.5012787387767474,-1.5201435840267945,-2.7713868396583443,564.3913165018271,3597.220388690602,2063.9950236197064
experiment_2026_06_24_20_31,ERCOT_demand_ERCOT,2025-11-27,Thanksgiving Day,H1,F,best_matching_weekday,True,2025-11-27,3.0,True,True,18,False,2.0,24.0,18.0,pearson,PLS,standard,2.0,{},2025-11-26 10:00:00,2025-11-28,3266.4173424074847,6.921100549883269,2010.486744,3.489,,14.0,24.0,4.0,4.0,18.0,4.0,0.06127662530124971,50282.28933480121,49304.138868616246,3266.4173424074847,6.921100549883269,-6.893294459630147,-3252.716709774891,2964.5046798353255,6.043032735899863,-5.967559062355676,-2927.317248403999,3442.5330622412453,7.433306774706921,-7.433306774706921,-3442.5330622412453,4323.90643050062,8.807567674253779,-8.807567674253779,-4323.90643050062,3038.4790426150216,6.5489830938653215,-5.600511574248941,-2627.8560393515495,3512.0575539412953,7.38109320242949,-6.782058558461249,-3252.716709774891,-2927.317248403999,-3442.5330622412453,hourly_window_mean_factor_top_available_analogs,4.0,35151.14112753948,,35151.14112753948,0.0,1396.589182096622,-814.6770228896952,5.74417706382902e-13,1396.589182096622,-814.6770228896952,5.74417706382902e-13,4323.906430500621,2627.85603935155,3252.7167097748916,2964.5046798353255,6.043032735899863,4323.90643050062,8.807567674253779,3442.5330622412453,7.433306774706921,3038.4790426150216,6.5489830938653215,3512.0575539412953,7.38109320242949,404.05401962622363,0.8843236808415993,-2.7645349383539157,-0.45999265254622124,4323.906430500621,2627.85603935155,3252.7167097748916
experiment_2026_06_24_20_31,ERCOT_demand_ERCOT,2025-11-28,Day after Thanksgiving,H2,G,best_matching_weekday,True,2025-11-28,3.0,True,True,18,False,2.0,24.0,18.0,pearson,PLS,standard,2.0,{},2025-11-27 10:00:00,2025-11-29,1041.9142868781905,2.2621722907127153,2553.429466,4.989,,14.0,24.0,4.0,4.0,18.0,4.0,0.06784973169740367,47457.21272938043,46791.88502905782,1041.9142868781905,2.2621722907127153,-2.220220590384036,-1021.5893734067473,1717.4861959175546,3.719746514680463,-3.620429579427461,-1669.058188933496,647.8306732718947,1.4119206600648624,-1.4034320134420384,-643.8992310161439,2462.882617855979,5.300858639187882,-5.300858639187882,-2462.882617855979,1951.0420101474963,4.242558656239339,-0.1921791320433792,-180.83498081135863,2139.6148656190426,4.632458649957222,-2.0743242136229325,-1021.589373406745,-1669.058188933496,-643.8992310161439,hourly_window_mean_factor_top_available_analogs,4.0,36515.14878401316,,36515.14878401316,0.0,793.8244289224828,-463.0642502047852,-2.297670825531608e-12,793.8244289224828,-463.0642502047852,-2.297670825531608e-12,2462.882617855979,180.83498081135866,1021.589373406745,1717.4861959175546,3.719746514680463,2462.882617855979,5.300858639187882,647.8306732718947,1.4119206600648624,1951.0420101474963,4.242558656239339,2139.6148656190426,4.632458649957222,-1303.2113368756015,-2.8306379961744765,-1.5811121245074191,-2.3702863592445067,2462.882617855979,180.83498081135866,1021.589373406745
experiment_2026_06_24_20_31,ERCOT_demand_ERCOT,2025-12-24,Christmas Eve,H1,H,best_matching_weekday,True,2025-12-24,3.0,True,True,18,False,2.0,24.0,18.0,pearson,PLS,standard,2.0,{},2025-12-23 10:00:00,2025-12-25,1364.3420550481042,2.6569467835194445,2192.367794,4.572,,14.0,24.0,4.0,4.0,18.0,4.0,0.13671367002148038,49997.16225735193,48827.90451025274,1364.3420550481042,2.6569467835194445,1.3522859788065789,781.3923661743936,1758.337720406631,3.2760949089692875,3.2760949089692875,1758.337720406631,1134.5112502556303,2.2957770436737035,0.23006410287833257,211.50757620558852,2225.8864869005815,4.195932998028509,0.9592387838310498,442.4047785969368,4417.243412142509,9.234084371319538,2.7811346111411166,979.1351255945689,3609.901387053378,7.377923339054422,2.109909832658461,781.3923661743887,1758.337720406631,211.50757620558852,hourly_window_mean_factor_top_available_analogs,4.0,50508.53875301973,,50508.53875301973,0.0,1315.9329418096943,-767.6275493889804,4.978286788651818e-12,1315.9329418096943,-767.6275493889804,4.978286788651818e-12,-442.4047785969367,-979.1351255945689,-781.3923661743886,1758.337720406631,3.2760949089692875,2225.8864869005815,4.195932998028509,1134.5112502556303,2.2957770436737035,4417.243412142509,9.234084371319538,3609.901387053378,7.377923339054422,-3282.732161886879,-6.938307327645834,-0.9198380890592213,-4.720976555534977,442.4047785969367,979.1351255945689,781.3923661743886
experiment_2026_06_24_20_31,ERCOT_demand_ERCOT,2025-12-25,Christmas Day,H2,H,best_matching_weekday,True,2025-12-25,3.0,True,True,18,False,2.0,24.0,18.0,pearson,PLS,standard,2.0,{},2025-12-24 10:00:00,2025-12-26,1800.7279898853449,3.752221381118851,1890.891228,3.947,,14.0,24.0,4.0,4.0,18.0,4.0,0.13148111460990672,50715.45370966633,49432.5452389149,1800.7279898853449,3.752221381118851,-3.6554320818543244,-1752.0171354558076,804.7678913346842,1.5712014043370737,-1.308487592047643,-672.5527150259404,2381.7047140398968,5.024483034241555,-5.024483034241555,-2381.7047140398968,3647.8189166871152,6.860132768281906,-6.447175817371467,-3448.762694181208,3584.0560076441748,7.563008172361147,-0.9548915074927065,-762.248892865991,3607.547605712626,7.304054076121426,-2.9783646742901446,-1752.0171354558076,-672.5527150259404,-2381.7047140398968,hourly_window_mean_factor_top_available_analogs,4.0,53676.17637458553,,53676.17637458553,0.0,2776.209979155268,-1619.4558211739059,1.9147256879430067e-13,2776.209979155268,-1619.4558211739059,1.9147256879430067e-13,3448.762694181208,762.2488928659909,1752.0171354558079,804.7678913346842,1.5712014043370737,3647.8189166871152,6.860132768281906,2381.7047140398968,5.024483034241555,3584.0560076441748,7.563008172361147,3607.547605712626,7.304054076121426,-1202.351293604278,-2.5385251381195912,-5.288931363944832,-3.551832695002575,3448.762694181208,762.2488928659909,1752.0171354558079
experiment_2026_06_24_20_31,ERCOT_demand_ERCOT,2026-01-01,New Year's Day,H2,I,best_matching_weekday,True,2026-01-01,3.0,True,True,16,False,2.0,21.0,16.0,pearson,PLS,standard,2.0,{},2025-12-31 10:00:00,2026-01-02,7430.651190509116,15.659498762661746,1435.040017,2.959,,14.0,24.0,4.0,4.0,16.0,4.0,0.05487294289662476,55466.16928924597,55885.181046838385,7430.651190509116,15.659498762661746,-15.659498762661746,-7430.651190509116,4811.988780230355,9.74975140661266,-9.74975140661266,-4811.988780230355,8958.204263171729,19.106851387023706,-19.106851387023706,-8958.204263171729,4311.002198796602,8.768091039888908,-8.596217682627291,-4214.898364114209,9306.507005906162,19.846938738659546,-19.846938738659546,-9306.507005906162,7466.057866444744,15.765258007533527,-15.701936244331876,-7430.651190509125,-4811.988780230355,-8958.204263171729,hourly_window_mean_factor_top_available_analogs,4.0,43581.815257230264,,43581.815257230264,0.0,-597.0904161161458,348.3027427344335,9.573628439715035e-12,-597.0904161161458,348.3027427344335,9.573628439715035e-12,4214.898364114209,9306.507005906162,7430.651190509126,4811.988780230355,9.74975140661266,4311.002198796602,8.768091039888908,8958.204263171729,19.106851387023706,9306.507005906162,19.846938738659546,7466.057866444744,15.765258007533527,-348.3027427344332,-0.7400873516358395,0.9816603667237516,-0.10575924487178057,4214.898364114209,9306.507005906162,7430.651190509126
experiment_2026_06_24_20_31,ERCOT_demand_ERCOT,2026-01-19,Martin Luther King Jr. Day,H2,F,best_matching_weekday,True,2026-01-19,3.0,True,True,16,False,2.0,21.0,16.0,pearson,PLS,standard,2.0,{},2026-01-18 10:00:00,2026-01-20,4169.35134338537,7.816900756464981,3527.356898,7.346,,14.0,24.0,4.0,4.0,16.0,4.0,0.056176656273150716,58272.90675422748,58621.419021044196,4169.35134338537,7.816900756464981,-7.816900756464981,-4169.35134338537,4443.532844684519,8.534037744518956,-8.534037744518956,-4443.532844684519,4009.4121342941994,7.398570846766827,-7.398570846766827,-4009.4121342941994,3009.1746592383865,5.675816464456803,-5.675816464456803,-3009.1746592383865,4846.121075804451,8.844626256835737,-8.844626256835737,-4846.121075804451,4169.351343385374,7.677170017538235,-7.677170017538235,-4169.351343385374,-4443.532844684519,-4009.4121342941994,hourly_window_mean_factor_top_available_analogs,4.0,48554.085075657895,,48554.085075657895,0.0,-1434.358185446132,836.7089415102519,5.169759357446118e-12,-1434.358185446132,836.7089415102519,5.169759357446118e-12,3009.174659238387,4846.121075804451,4169.351343385375,4443.532844684519,8.534037744518956,3009.1746592383865,5.675816464456803,4009.4121342941994,7.398570846766827,4846.121075804451,8.844626256835737,4169.351343385374,7.677170017538235,-836.7089415102514,-1.4460554100689098,2.8582212800621534,0.1397307389267457,3009.174659238387,4846.121075804451,4169.351343385375
experiment_2026_06_24_20_31,ERCOT_demand_ERCOT,2026-02-16,Presidents' Day,H2,F,best_matching_weekday,True,2026-02-16,3.0,True,True,16,False,2.0,21.0,16.0,pearson,PLS,standard,2.0,{},2026-02-15 10:00:00,2026-02-17,1630.1417266683818,3.3283853188573183,4465.63997,9.074,,14.0,24.0,4.0,4.0,16.0,4.0,0.09342393241777695,47170.79661175363,46314.31099650007,1630.1417266683818,3.3283853188573183,1.502534202626686,782.4961017200491,971.4493212518703,2.051270282229033,-1.9589029975109775,-925.737650402609,2014.378963161347,4.073369090223817,3.5217059027069895,1778.9657904582664,2299.936280657038,4.8147422899579,-4.475654504318596,-2143.8563298955546,2887.697359509532,6.221684480285208,5.428216487847725,2489.5350201624983,2671.153804142825,5.703337357533042,1.7794219117864485,782.4961017200579,-925.737650402609,1778.9657904582664,hourly_window_mean_factor_top_available_analogs,4.0,46637.404440796054,,46637.404440796054,0.0,1218.1186794929454,-710.569229704232,-8.807738164537831e-12,1218.1186794929454,-710.569229704232,-8.807738164537831e-12,2143.856329895554,-2489.5350201624983,-782.4961017200578,971.4493212518703,2.051270282229033,2299.936280657038,4.8147422899579,2014.378963161347,4.073369090223817,2887.697359509532,6.221684480285208,2671.153804142825,5.703337357533042,-873.3183963481849,-2.1483153900613905,-2.763472007728867,-2.3749520386757235,2143.856329895554,2489.5350201624983,782.4961017200578
experiment_2026_06_24_20_31,ERCOT_demand_ERCOT,2026-03-02,Texas Independence Day,H2,L,best_matching_weekday,True,2026-03-02,3.0,True,True,7,False,2.0,9.0,7.0,pearson,PLS,standard,2.0,{},2026-03-01 10:00:00,2026-03-03,3792.3640435301168,6.983533837929521,4142.602547,8.439,,14.0,24.0,4.0,4.0,7.0,4.0,0.056758840711172626,48048.74541304825,46788.90208216805,3792.3640435301168,6.983533837929521,6.21279352406597,3426.7954623991122,3195.8013178592005,5.985276953582284,4.268590135824929,2380.4083320856835,4140.35896683815,7.565850353798747,7.346912167206575,4037.1879550819444,2698.565810055271,5.052044372575736,3.531720915049758,1971.966069371467,4859.700847687333,9.060319440513128,7.8245594865596075,4275.445941665246,4063.493202243944,7.583586520746722,6.242987381266506,3426.795462399117,2380.4083320856835,4037.1879550819444,hourly_window_mean_factor_top_available_analogs,4.0,38143.482060296046,,38143.482060296046,0.0,408.44226271421627,-238.25798658330163,-5.55270449503472e-12,408.44226271421627,-238.25798658330163,-5.55270449503472e-12,-1971.9660693714673,-4275.445941665246,-3426.7954623991177,3195.8013178592005,5.985276953582284,2698.565810055271,5.052044372575736,4140.35896683815,7.565850353798747,4859.700847687333,9.060319440513128,4063.493202243944,7.583586520746722,-719.3418808491833,-1.494469086714381,0.933232581006548,-0.6000526828172008,1971.9660693714673,4275.445941665246,3426.7954623991177
experiment_2026_06_24_20_31,ERCOT_demand_FWEST,2025-01-01,New Year's Day,H2,K,best_matching_weekday,True,2025-01-01,3.0,True,True,4,False,2.0,5.0,4.0,pearson,PLS,standard,2.0,{},2024-12-31 10:00:00,2025-01-02,250.1758127331157,3.528044328880702,176.795558,2.507,,14.0,24.0,4.0,4.0,4.0,4.0,0.015868910752428175,7334.276022766695,7417.370877703274,250.1758127331157,3.528044328880702,-2.5536810766458666,-179.16408742459194,123.6502284895553,1.7167631134984755,0.7839186442102809,58.64661498172141,323.9824035418593,4.584625037853669,-4.500614247145285,-317.88699716160806,204.02473919585145,2.8354653047160716,-2.18434993153773,-156.03967200672125,246.8366589024305,3.5010657640738194,-2.751703036513767,-192.65332975167942,231.063846378954,3.255844542205176,-2.542678208364701,-179.16408742458958,58.64661498172141,-317.88699716160806,hourly_window_mean_factor_top_available_analogs,4.0,4122.854297348684,,4122.854297348684,0.0,214.68628698844265,-125.23366740992863,-2.369473038829471e-12,214.68628698844265,-125.23366740992863,-2.369473038829471e-12,156.03967200672122,192.65332975167945,179.16408742458958,123.6502284895553,1.7167631134984755,204.02473919585145,2.8354653047160716,323.9824035418593,4.584625037853669,246.8366589024305,3.5010657640738194,231.063846378954,3.255844542205176,77.14574463942881,1.0835592737798492,-1.118702191217596,0.27219978667552613,156.03967200672122,192.65332975167945,179.16408742458958
experiment_2026_06_24_20_31,ERCOT_demand_FWEST,2025-01-20,Martin Luther King Jr. Day,H2,I,best_matching_weekday,True,2025-01-20,3.0,True,True,4,False,2.0,5.0,4.0,pearson,PLS,standard,2.0,{},2025-01-19 10:00:00,2025-01-21,169.27513127444468,2.328912253926403,194.227,2.744,,14.0,24.0,4.0,4.0,4.0,4.0,0.01644936691090284,7277.94273314735,7312.723034345495,169.27513127444468,2.328912253926403,-0.07470252961645493,-0.6867519631387997,205.21860856516702,2.744747138406464,2.535912338569042,190.20363133518615,148.30810285485663,2.086341904646366,-1.5975612027246615,-112.03947555382835,263.3721075426635,3.5276391006521126,3.145539589311444,235.84506802026266,162.25828355788346,2.2752290794503867,-1.9524725260192228,-138.66364695345735,199.51074502596032,2.7366432977878654,-0.07425753616055619,-0.686751963139446,190.20363133518615,-112.03947555382835,hourly_window_mean_factor_top_available_analogs,4.0,4116.849917131579,,4116.849917131579,0.0,-45.641436685076506,26.624171399628988,6.462199196807648e-13,-45.641436685076506,26.624171399628988,6.462199196807648e-13,-235.84506802026266,138.66364695345735,0.686751963139446,205.21860856516702,2.744747138406464,263.3721075426635,3.5276391006521126,148.30810285485663,2.086341904646366,162.25828355788346,2.2752290794503867,199.51074502596032,2.7366432977878654,-13.950180703026831,-0.18888717480402084,-0.7828919622456487,-0.4077310438614625,235.84506802026266,138.66364695345735,0.686751963139446
experiment_2026_06_24_20_31,ERCOT_demand_FWEST,2025-02-17,Presidents' Day,H2,H,best_matching_weekday,True,2025-02-17,3.0,True,True,4,False,2.0,5.0,4.0,pearson,PLS,standard,2.0,{},2025-02-16 10:00:00,2025-02-18,264.5001486968838,3.6792170197215044,210.610214,2.967,,14.0,24.0,4.0,4.0,4.0,4.0,0.015956793980331303,7153.83317694147,7200.291399951532,264.5001486968838,3.6792170197215044,-0.25264791321666935,-8.817333651998547,346.5704593348566,4.647555228981277,4.175495651515465,313.35406821863,216.62580082473292,3.114353064319969,-2.8357316593104147,-196.7506514098652,365.180095865788,4.895754090018232,4.449570133704569,333.77925942637,249.0723054757207,3.5771726557669843,-3.009992634738372,-208.66534628104316,291.8488598299561,4.062965815754286,-0.2617326674172884,-8.817333651996202,313.35406821863,-196.7506514098652,hourly_window_mean_factor_top_available_analogs,4.0,3910.8610078881575,,3910.8610078881575,0.0,-20.425191207739967,11.914694871177934,-2.3455389677301834e-12,-20.425191207739967,11.914694871177934,-2.3455389677301834e-12,-333.77925942636995,208.66534628104316,8.817333651996202,346.5704593348566,4.647555228981277,365.180095865788,4.895754090018232,216.62580082473292,3.114353064319969,249.0723054757207,3.5771726557669843,291.8488598299561,4.062965815754286,-32.44650465098778,-0.46281959144701545,-0.248198861036955,-0.3837487960327812,333.77925942636995,208.66534628104316,8.817333651996202
experiment_2026_06_24_20_31,ERCOT_demand_FWEST,2025-03-02,Texas Independence Day,H2,G,best_matching_weekday,True,2025-03-02,3.0,True,True,4,False,2.0,5.0,4.0,pearson,PLS,standard,2.0,{},2025-03-01 10:00:00,2025-03-03,195.20948325846516,2.7637412987926138,227.983698,3.179,,14.0,24.0,4.0,4.0,4.0,4.0,0.019834783373566485,7189.689657261127,7184.352863134557,195.20948325846516,2.7637412987926138,-0.946124440961439,-60.20157197165339,290.0222986969019,4.0260013560511085,0.47374378637573117,45.870040736181444,139.90200758604374,2.027422932058492,-1.7743809069081211,-122.07667938455704,285.7559004746125,3.9912422814587067,-0.186509869881026,-1.8421753297255756,166.88910282681914,2.40908860754124,-1.373873943298902,-94.244553346111,210.68213353916406,2.9919873295108332,-0.9364240215133686,-60.201571971653216,45.870040736181444,-122.07667938455704,hourly_window_mean_factor_top_available_analogs,4.0,3395.319886210526,,3395.319886210526,0.0,47.712216065907015,-27.832126038446024,-1.6753849769501309e-13,47.712216065907015,-27.832126038446024,-1.6753849769501309e-13,1.8421753297255705,94.24455334611102,60.201571971653216,290.0222986969019,4.0260013560511085,285.7559004746125,3.9912422814587067,139.90200758604374,2.027422932058492,166.88910282681914,2.40908860754124,210.68213353916406,2.9919873295108332,-26.987095240775403,-0.3816656754827479,0.034759074592401795,-0.22824603071821947,1.8421753297255705,94.24455334611102,60.201571971653216
experiment_2026_06_24_20_31,ERCOT_demand_FWEST,2025-04-21,San Jacinto Day,H2,G,best_matching_weekday,True,2025-04-21,3.0,True,True,8,False,2.0,10.0,8.0,pearson,PLS,standard,2.0,{},2025-04-20 10:00:00,2025-04-22,340.68041445781023,4.838581663845355,193.64245,2.698,,14.0,24.0,4.0,4.0,8.0,4.0,0.02034165387136151,7214.803092884934,7179.660871180553,340.68041445781023,4.838581663845355,-0.8478671238878251,-35.33511812177669,434.1748735431125,6.2457970278581625,-0.6361647830688432,-8.161126735305386,286.1419799913839,4.0177060348378815,-0.9713601560322317,-51.18661309721828,400.4362346517377,5.8056323639505525,-1.0981515581348453,-43.17031778995936,238.7894825170894,3.3427698732219007,-0.6456697114105576,-30.76458498200236,298.3435490930125,4.250140264542983,-0.8123735496774006,-35.33511812177599,-8.161126735305386,-51.18661309721828,hourly_window_mean_factor_top_available_analogs,4.0,4261.882603986843,,4261.882603986843,0.0,35.009191054653975,-20.42202811521592,-6.9408806187934e-13,35.009191054653975,-20.42202811521592,-6.9408806187934e-13,43.17031778995936,30.764584982002358,35.33511812177599,434.1748735431125,6.2457970278581625,400.4362346517377,5.8056323639505525,286.1419799913839,4.0177060348378815,238.7894825170894,3.3427698732219007,298.3435490930125,4.250140264542983,47.352497474294495,0.6749361616159808,0.44016466390761,0.588441399302372,43.17031778995936,30.764584982002358,35.33511812177599
experiment_2026_06_24_20_31,ERCOT_demand_FWEST,2025-05-26,Memorial Day,H2,F,best_matching_weekday,True,2025-05-26,3.0,True,True,8,False,2.0,10.0,8.0,pearson,PLS,standard,2.0,{},2025-05-25 10:00:00,2025-05-27,129.73662667217965,1.7181037480673933,252.9475,3.563,,14.0,24.0,4.0,4.0,8.0,4.0,0.045898200123654774,7581.44340579586,7528.311523825345,129.73662667217965,1.7181037480673933,0.7565085110764599,58.34740212519309,77.92369403692705,0.9929046691879916,0.8586851481162848,67.82052675468763,159.96083737607702,2.141136544080378,0.6969054728032282,52.821412757987936,96.49668051777748,1.2423747842399482,-1.0131580593130651,-79.18444673212265,276.3770656826374,3.6984282683430414,1.8613928770989725,138.57431395862716,210.10534483242586,2.793566458410323,0.8023477952629586,58.347402125193014,67.82052675468763,52.821412757987936,hourly_window_mean_factor_top_available_analogs,4.0,3738.2041945197366,,3738.2041945197366,0.0,147.0049734868103,-85.75290120063922,7.180221329786275e-14,147.0049734868103,-85.75290120063922,7.180221329786275e-14,79.18444673212265,-138.57431395862716,-58.34740212519302,77.92369403692705,0.9929046691879916,96.49668051777748,1.2423747842399482,159.96083737607702,2.141136544080378,276.3770656826374,3.6984282683430414,210.10534483242586,2.793566458410323,-116.41622830656038,-1.5572917242626634,-0.2494701150519566,-1.0754627103429295,79.18444673212265,138.57431395862716,58.34740212519302
experiment_2026_06_24_20_31,ERCOT_demand_FWEST,2025-06-19,Juneteenth National Independence Day,H2,G,best_matching_weekday,True,2025-06-19,3.0,True,True,14,False,2.0,18.0,14.0,pearson,PLS,standard,2.0,{},2025-06-18 10:00:00,2025-06-20,209.77582362358638,2.7524717640148255,211.295387,2.955,,14.0,24.0,4.0,4.0,14.0,4.0,0.021893305778197928,7440.231124257297,7424.282773266666,209.77582362358638,2.7524717640148255,1.5595959999313718,122.94733934796673,220.81420751080037,2.831259151145867,2.632444135693458,205.99728883019478,203.33676635604488,2.7065124548550514,0.9337679207368211,74.50153548333371,271.4337010041028,3.516050627241492,2.1616742135662887,170.25889257134102,252.05840167081817,3.3753718519074014,1.2183967942744507,95.34893330099783,259.1966698462388,3.4272008743989084,1.5659200540135487,122.94733934796638,205.99728883019478,74.50153548333371,hourly_window_mean_factor_top_available_analogs,4.0,5770.677453822369,,5770.677453822369,0.0,35.738396258853754,-20.84739781766412,3.590110664893138e-13,35.738396258853754,-20.84739781766412,3.590110664893138e-13,-170.25889257134102,-95.34893330099783,-122.94733934796638,220.81420751080037,2.831259151145867,271.4337010041028,3.516050627241492,203.33676635604488,2.7065124548550514,252.05840167081817,3.3753718519074014,259.1966698462388,3.4272008743989084,-48.721635314773295,-0.66885939705235,-0.6847914760956249,-0.6747291103840829,170.25889257134102,95.34893330099783,122.94733934796638
experiment_2026_06_24_20_31,ERCOT_demand_FWEST,2025-07-04,Independence Day,H2,J,best_matching_weekday,True,2025-07-04,3.0,True,True,14,False,2.0,18.0,14.0,pearson,PLS,standard,2.0,{},2025-07-03 10:00:00,2025-07-05,512.2020947056313,6.517211479496219,221.29638,3.023,,14.0,24.0,4.0,4.0,14.0,4.0,0.018612772581122306,7203.146107152942,7186.4013469378215,512.2020947056313,6.517211479496219,6.346901041700084,499.62164332074207,225.6718608086937,3.047863763953168,2.585592575649375,191.52492133542287,679.3447311455117,8.540997646896331,8.540997646896331,679.3447311455117,223.0889079598196,3.0042147853213126,2.698888841251605,200.59174368865797,674.0557514394583,8.454478796483537,8.454478796483537,674.0557514394583,507.9100722627492,6.4464867923711395,6.333998286661246,499.62164332074235,191.52492133542287,679.3447311455117,hourly_window_mean_factor_top_available_analogs,4.0,6052.346294789474,,6052.346294789474,0.0,-9.066822353235109,5.288979706053548,-1.6753849769501309e-13,-9.066822353235109,5.288979706053548,-1.6753849769501309e-13,-200.59174368865797,-674.0557514394582,-499.62164332074224,225.6718608086937,3.047863763953168,223.0889079598196,3.0042147853213126,679.3447311455117,8.540997646896331,674.0557514394583,8.454478796483537,507.9100722627492,6.4464867923711395,5.2889797060533965,0.08651885041279428,0.04364897863185524,0.07072468712507973,200.59174368865797,674.0557514394582,499.62164332074224
experiment_2026_06_24_20_31,ERCOT_demand_FWEST,2025-08-27,Lyndon B. Johnson Day,H2,F,best_matching_weekday,True,2025-08-27,3.0,True,True,14,False,2.0,18.0,14.0,pearson,PLS,standard,2.0,{},2025-08-26 10:00:00,2025-08-28,178.59385796314365,2.1829364160244893,281.606181,3.632,,14.0,24.0,4.0,4.0,14.0,4.0,0.03605166723948704,7923.620142230218,7899.106617787587,178.59385796314365,2.1829364160244893,1.4368392554117444,120.09130476978089,143.79615522628293,1.7773441647690877,0.8875397308984675,73.57134651098451,198.89251789297907,2.4195318959234737,1.7572639780444892,147.2279470874121,127.61984483021499,1.5902318307516616,0.09152832512221623,7.926704004911634,234.41955100796713,2.9302710366379934,2.3180806925981927,185.52065521595554,195.07229083721634,2.4365723818377663,1.4977719256333593,120.09130476978146,73.57134651098451,147.2279470874121,hourly_window_mean_factor_top_available_analogs,4.0,5897.021733434211,,5897.021733434211,0.0,65.64464250607287,-38.29270812854342,-5.74417706382902e-13,65.64464250607287,-38.29270812854342,-5.74417706382902e-13,-7.926704004911642,-185.52065521595551,-120.09130476978146,143.79615522628293,1.7773441647690877,127.61984483021499,1.5902318307516616,198.89251789297907,2.4195318959234737,234.41955100796713,2.9302710366379934,195.07229083721634,2.4365723818377663,-35.52703311498806,-0.5107391407145196,0.1871123340174261,-0.25363596581327696,7.926704004911642,185.52065521595551,120.09130476978146
experiment_2026_06_24_20_31,ERCOT_demand_FWEST,2025-09-01,Labor Day,H2,I,best_matching_weekday,True,2025-09-01,3.0,True,True,14,False,2.0,19.0,14.0,pearson,PLS,standard,2.0,{},2025-08-31 10:00:00,2025-09-02,153.70313883551006,1.9213766601867595,300.190592,3.818,,14.0,24.0,4.0,4.0,14.0,4.0,0.04099344440337905,7868.715124025083,7834.666652852931,153.70313883551006,1.9213766601867595,1.3658631639947274,109.91419452754822,148.41355220500932,1.8285386426673256,1.6262543749646692,132.49437803694153,156.78873103663548,1.9755321704064286,1.2139682909289273,96.74242081373545,172.05326736714147,2.134794512612792,0.7247749300197655,59.018672704052925,308.4064103231491,3.9026712334193694,1.7970556321566573,139.60324892458763,258.1710418656726,3.2513482310169466,1.402004847158855,109.91419452754853,132.49437803694153,96.74242081373545,hourly_window_mean_factor_top_available_analogs,4.0,4161.758152315789,,4161.758152315789,0.0,73.47570533288861,-42.860828110852175,-3.111429242907386e-13,73.47570533288861,-42.860828110852175,-3.111429242907386e-13,-59.01867270405292,-139.60324892458763,-109.91419452754853,148.41355220500932,1.8285386426673256,172.05326736714147,2.134794512612792,156.78873103663548,1.9755321704064286,308.4064103231491,3.9026712334193694,258.1710418656726,3.2513482310169466,-151.6176792865136,-1.9271390630129408,-0.3062558699454665,-1.3299715708301871,59.01867270405292,139.60324892458763,109.91419452754853
experiment_2026_06_24_20_31,ERCOT_demand_FWEST,2025-11-11,Veterans Day,H2,J,best_matching_weekday,True,2025-11-11,3.0,True,True,14,False,2.0,19.0,14.0,pearson,PLS,standard,2.0,{},2025-11-10 10:00:00,2025-11-12,126.08847195511774,1.6529702135707731,281.499697,3.541,,14.0,24.0,4.0,4.0,14.0,4.0,0.02336491262740107,7701.799075281274,7688.676921707954,126.08847195511774,1.6529702135707731,-0.4340662575807192,-29.927048544430434,152.31344940904197,2.0478753491587276,-1.9952987311489827,-148.26364862124683,110.79056844032861,1.4226088844777998,0.4766526853341011,39.102634833712465,276.61980839905635,3.6911680441451145,-3.5034013568137925,-262.1567693702788,161.35527464970923,2.086825504427307,1.354723144307351,105.54028860397875,203.82115550473185,2.6778990716917628,-0.4351121982109648,-29.927048544431944,-148.26364862124683,39.102634833712465,hourly_window_mean_factor_top_available_analogs,4.0,4755.325262703947,,4755.325262703947,0.0,113.89312074903202,-66.4376537702663,1.507846479255118e-12,113.89312074903202,-66.4376537702663,1.507846479255118e-12,262.1567693702789,-105.54028860397875,29.92704854443194,152.31344940904197,2.0478753491587276,276.61980839905635,3.6911680441451145,110.79056844032861,1.4226088844777998,161.35527464970923,2.086825504427307,203.82115550473185,2.6778990716917628,-50.56470620938062,-0.6642166199495074,-1.6432926949863869,-1.0249288581209897,262.1567693702789,105.54028860397875,29.92704854443194
experiment_2026_06_24_20_31,ERCOT_demand_FWEST,2025-11-27,Thanksgiving Day,H1,I,best_matching_weekday,True,2025-11-27,3.0,True,True,14,False,2.0,19.0,14.0,pearson,PLS,standard,2.0,{},2025-11-26 10:00:00,2025-11-28,357.0594715198001,4.517560845677863,152.795156,1.919,,14.0,24.0,4.0,4.0,14.0,4.0,0.007833383052335685,7517.617090156259,7523.276360068307,357.0594715198001,4.517560845677863,3.4949839101107396,281.9407670805815,247.16572178556382,3.150144665776737,2.5337942859667715,202.25225947867582,421.1641588647714,5.315220283953521,4.055677857528053,328.4257298483598,321.340072077691,4.105553567697383,2.541259283903615,206.57817206274422,416.2789805310138,5.238226767473197,4.011597534270378,325.902280840989,381.3014879429475,4.820926114924214,3.46989396834578,281.9407670805831,202.25225947867582,328.4257298483598,hourly_window_mean_factor_top_available_analogs,4.0,5275.103677427631,,5275.103677427631,0.0,-4.325912584068386,2.5234490073707625,-1.555714621453693e-12,-4.325912584068386,2.5234490073707625,-1.555714621453693e-12,-206.57817206274422,-325.9022808409891,-281.94076708058304,247.16572178556382,3.150144665776737,321.340072077691,4.105553567697383,421.1641588647714,5.315220283953521,416.2789805310138,5.238226767473197,381.3014879429475,4.820926114924214,4.885178333757608,0.07699351648032415,-0.955408901920646,-0.3033652692463509,206.57817206274422,325.9022808409891,281.94076708058304
experiment_2026_06_24_20_31,ERCOT_demand_FWEST,2025-11-28,Day after Thanksgiving,H2,G,best_matching_weekday,True,2025-11-28,3.0,True,True,16,False,2.0,22.0,16.0,pearson,PLS,standard,2.0,{},2025-11-27 10:00:00,2025-11-29,194.69151772050864,2.5655549106059996,209.717504,2.665,,14.0,24.0,4.0,4.0,16.0,4.0,0.021733730339359752,7778.689209738059,7769.141441537436,194.69151772050864,2.5655549106059996,-1.8177650328547477,-134.85086623806063,131.35242854154208,1.695263889081724,0.26201948190138086,25.595153060867688,231.6393197415725,3.073224673161827,-3.030972666462489,-228.4443774957688,139.1075212884503,1.7876194016050113,0.1992144215827824,21.857378777693416,230.14727555244573,3.0480013743035994,-2.9966465187724705,-226.26400916391424,196.60631345518425,2.583650121204119,-1.8192240670626403,-134.85086623805879,25.595153060867688,-228.4443774957688,hourly_window_mean_factor_top_available_analogs,4.0,5659.821854809211,,5659.821854809211,0.0,3.737774283174271,-2.180368331854576,-1.842923474645144e-12,3.737774283174271,-2.180368331854576,-1.842923474645144e-12,-21.857378777693416,226.26400916391424,134.85086623805879,131.35242854154208,1.695263889081724,139.1075212884503,1.7876194016050113,231.6393197415725,3.073224673161827,230.14727555244573,3.0480013743035994,196.60631345518425,2.583650121204119,1.4920441891267728,0.025223298858227494,-0.09235551252328733,-0.018095210598119582,21.857378777693416,226.26400916391424,134.85086623805879
experiment_2026_06_24_20_31,ERCOT_demand_FWEST,2025-12-24,Christmas Eve,H1,I,best_matching_weekday,True,2025-12-24,3.0,True,True,16,False,2.0,22.0,16.0,pearson,PLS,standard,2.0,{},2025-12-23 10:00:00,2025-12-25,181.9868322541498,2.365988168544181,233.119923,3.001,,14.0,24.0,4.0,4.0,16.0,4.0,0.007618271493814371,7556.0163121716805,7518.863481031672,181.9868322541498,2.365988168544181,1.1222306736698442,93.64452351252962,308.8056348617571,4.011858071009083,1.533480286386329,135.7847271597299,108.00919739971216,1.4058973921063214,0.8823350662518941,69.06273805166279,303.2681761141793,3.918967164245783,2.061464946703577,175.24950796787775,142.527829952328,1.8606894133013556,0.5681949372327385,46.04161591357744,201.74795748564165,2.61900226891246,1.1183470459851526,93.64452351253018,135.7847271597299,69.06273805166279,hourly_window_mean_factor_top_available_analogs,4.0,5372.836983901316,,5372.836983901316,0.0,-39.46478080814787,23.02112213808535,-5.74417706382902e-13,-39.46478080814787,23.02112213808535,-5.74417706382902e-13,-175.24950796787778,-46.041615913577445,-93.64452351253018,308.8056348617571,4.011858071009083,303.2681761141793,3.918967164245783,108.00919739971216,1.4058973921063214,142.527829952328,1.8606894133013556,201.74795748564165,2.61900226891246,-34.51863255261584,-0.45479202119503426,0.09289090676330014,-0.25301410036827887,175.24950796787778,46.041615913577445,93.64452351253018
experiment_2026_06_24_20_31,ERCOT_demand_FWEST,2025-12-25,Christmas Day,H2,I,best_matching_weekday,True,2025-12-25,3.0,True,True,18,False,2.0,24.0,18.0,pearson,PLS,standard,2.0,{},2025-12-24 10:00:00,2025-12-26,131.62748779527186,1.7461713627750846,244.269065,3.138,,14.0,24.0,4.0,4.0,18.0,4.0,0.010716087453907836,7699.919550393233,7674.8770958582145,131.62748779527186,1.7461713627750846,-1.3009486721739778,-96.45213449849564,119.0217059005954,1.5752371960142446,-1.4472353280125536,-108.97287195326473,138.98086056716647,1.845882960052241,-1.2156147896014755,-89.14837098321368,80.88068603162212,1.0667592186148311,-0.5998228855160886,-44.32031567933804,183.52467648082447,2.440937765236739,-1.7244898035852287,-126.86236214300523,145.7084694732236,1.9346614585865627,-1.3101388337702822,-96.45213449849626,-108.97287195326473,-89.14837098321368,hourly_window_mean_factor_top_available_analogs,4.0,7113.451137624999,,7113.451137624999,0.0,-64.65255627392669,37.713991159791554,6.222858485814772e-13,-64.65255627392669,37.713991159791554,6.222858485814772e-13,44.32031567933804,126.86236214300524,96.45213449849626,119.0217059005954,1.5752371960142446,80.88068603162212,1.0667592186148311,138.98086056716647,1.845882960052241,183.52467648082447,2.440937765236739,145.7084694732236,1.9346614585865627,-44.543815913657994,-0.5950548051844982,0.5084779773994135,-0.18849009581147813,44.32031567933804,126.86236214300524,96.45213449849626
experiment_2026_06_24_20_31,ERCOT_demand_FWEST,2026-01-01,New Year's Day,H2,H,best_matching_weekday,True,2026-01-01,3.0,True,True,9,False,2.0,11.0,9.0,pearson,PLS,standard,2.0,{},2025-12-31 10:00:00,2026-01-02,195.1405343296544,2.541437605809126,195.603072,2.569,,14.0,24.0,4.0,4.0,9.0,4.0,0.020458120555556493,7798.642866247134,7788.099219544977,195.1405343296544,2.541437605809126,-0.5951186291880227,-41.15058272081964,121.34183600702148,1.5308754458995093,1.4034745879193218,111.48762419202292,238.18977501785693,3.1309321990897363,-1.7609646725006407,-130.18953675331113,127.49078908511099,1.6056613176258356,-0.5947044882285721,-45.75533635219972,273.70911757029245,3.6136041488173247,-0.6086121164697017,-38.4644764358463,219.8392070757519,2.8738357373257233,-0.603488253433496,-41.15058272081861,111.48762419202292,-130.18953675331113,hourly_window_mean_factor_top_available_analogs,4.0,4721.053583763158,,4721.053583763158,0.0,157.24296054422263,-91.72506031746484,-1.0291650572693661e-12,157.24296054422263,-91.72506031746484,-1.0291650572693661e-12,45.755336352199706,38.464476435846294,41.15058272081861,121.34183600702148,1.5308754458995093,127.49078908511099,1.6056613176258356,238.18977501785693,3.1309321990897363,273.70911757029245,3.6136041488173247,219.8392070757519,2.8738357373257233,-35.51934255243552,-0.4826719497275884,-0.07478587172632634,-0.33239813151659714,45.755336352199706,38.464476435846294,41.15058272081861
experiment_2026_06_24_20_31,ERCOT_demand_FWEST,2026-01-19,Martin Luther King Jr. Day,H2,K,best_matching_weekday,True,2026-01-19,3.0,True,True,5,False,2.0,6.0,5.0,pearson,PLS,standard,2.0,{},2026-01-18 10:00:00,2026-01-20,174.80688152933865,2.277595768764011,225.552589,2.98,,14.0,24.0,4.0,4.0,5.0,4.0,0.012646559889237541,7929.670506496393,7902.52071153765,174.80688152933865,2.277595768764011,-1.9574525137962018,-148.94997660165603,118.59696065477927,1.5119008044031543,-0.8204506355378486,-62.62732263995349,207.5960020394983,2.7242511646411764,-2.6207036094469074,-199.30485807931586,130.0484387372731,1.6636084792739485,-1.2068416190692643,-93.8603919770051,253.56967797726955,3.32452009144624,-2.4087435943565274,-181.085567632702,208.06185299411297,2.7126052869617125,-1.9659376034612202,-148.94997660165578,-62.62732263995349,-199.30485807931586,hourly_window_mean_factor_top_available_analogs,4.0,4094.202175664474,,4094.202175664474,0.0,31.233069337051607,-18.219290446613854,-2.6327478209216345e-13,31.233069337051607,-18.219290446613854,-2.6327478209216345e-13,93.8603919770051,181.085567632702,148.94997660165578,118.59696065477927,1.5119008044031543,130.0484387372731,1.6636084792739485,207.5960020394983,2.7242511646411764,253.56967797726955,3.32452009144624,208.06185299411297,2.7126052869617125,-45.97367593777125,-0.6002689268050636,-0.15170767487079417,-0.4350095181977016,93.8603919770051,181.085567632702,148.94997660165578
experiment_2026_06_24_20_31,ERCOT_demand_FWEST,2026-02-16,Presidents' Day,H2,L,best_matching_weekday,True,2026-02-16,3.0,True,True,4,False,2.0,5.0,4.0,pearson,PLS,standard,2.0,{},2026-02-15 10:00:00,2026-02-17,177.26767103951676,2.3611804410057795,213.817402,2.83,,14.0,24.0,4.0,4.0,4.0,4.0,0.009288066056513848,7438.9695753010365,7404.417286990662,177.26767103951676,2.3611804410057795,0.28891466437779706,26.703953514753483,192.7239774884204,2.4899073846902775,2.4659698914787795,190.91962873832315,168.2514922776563,2.286089723856488,-0.981034218097776,-69.0885236989955,279.22009528803346,3.612703519771756,3.612703519771756,279.22009528803346,145.98126272871812,2.0029445218674424,-1.6690796326000068,-120.59712918632754,195.06925367162378,2.5960136263585056,0.2768404761685372,26.703953514752836,190.91962873832315,-69.0885236989955,hourly_window_mean_factor_top_available_analogs,4.0,4240.035222197368,,4240.035222197368,0.0,-88.30046654971031,51.508605487332034,6.462199196807648e-13,-88.30046654971031,51.508605487332034,6.462199196807648e-13,-279.22009528803346,120.59712918632754,-26.703953514752836,192.7239774884204,2.4899073846902775,279.22009528803346,3.612703519771756,168.2514922776563,2.286089723856488,145.98126272871812,2.0029445218674424,195.06925367162378,2.5960136263585056,22.270229548938175,0.2831452019890457,-1.1227961350814786,-0.23483318535272613,279.22009528803346,120.59712918632754,26.703953514752836
experiment_2026_06_24_20_31,ERCOT_demand_FWEST,2026-03-02,Texas Independence Day,H2,G,best_matching_weekday,True,2026-03-02,3.0,True,True,4,False,2.0,5.0,4.0,pearson,PLS,standard,2.0,{},2026-03-01 10:00:00,2026-03-03,252.86975922358147,3.3317797716894844,178.455039,2.364,,14.0,24.0,4.0,4.0,4.0,4.0,0.04800862296278535,7921.986035354867,7853.232413042827,252.86975922358147,3.3317797716894844,-3.190047732190522,-242.11041130223614,212.58554453265242,2.765387648048377,-2.765387648048377,-212.58554453265242,276.3688844599568,3.6621751771467963,-3.437766114606772,-259.33325025116,315.79127748811186,4.05659591752084,-3.968675377535714,-309.1362505485842,372.10622283578533,4.891472963042976,-2.6530055997625475,-203.0120050751993,351.35861139190564,4.583886683113768,-3.137726044205292,-242.11041130223586,-212.58554453265242,-259.33325025116,hourly_window_mean_factor_top_available_analogs,4.0,3930.531282138157,,3930.531282138157,0.0,96.55070601593181,-56.32124517596071,-3.111429242907386e-13,96.55070601593181,-56.32124517596071,-3.111429242907386e-13,309.13625054858426,203.01200507519928,242.11041130223583,212.58554453265242,2.765387648048377,315.79127748811186,4.05659591752084,276.3688844599568,3.6621751771467963,372.10622283578533,4.891472963042976,351.35861139190564,4.583886683113768,-95.73733837582853,-1.22929778589618,-1.2912082694724636,-1.2521069114242835,309.13625054858426,203.01200507519928,242.11041130223583
experiment_2026_06_24_20_31,ERCOT_demand_NCENT,2025-01-01,New Year's Day,H2,H,best_matching_weekday,True,2025-01-01,3.0,True,True,12,False,2.0,16.0,12.0,pearson,PLS,standard,2.0,{},2024-12-31 10:00:00,2025-01-02,963.3166163884686,7.433856135409349,590.326144,4.808,,14.0,24.0,4.0,4.0,12.0,4.0,0.06584711948141418,11951.7713523094,11755.34494871153,963.3166163884686,7.433856135409349,6.700155647494341,875.3580077432292,555.116555369905,4.2645267728567955,3.855861865575097,505.8211605228192,1201.4333186492977,9.282631596898337,8.359327020280567,1090.9211686218016,690.4037774353325,5.374755117431385,5.374755117431385,690.4037774353325,1030.1012869870437,8.053330391374814,7.664626346395285,983.2479754228384,904.9495729416767,7.066486869395657,6.820989577829637,875.358007743231,505.8211605228192,1090.9211686218016,hourly_window_mean_factor_top_available_analogs,4.0,11394.115571,,11394.115571,0.0,-184.58261691251326,107.67319319896326,-1.7711212613472814e-12,-184.58261691251326,107.67319319896326,-1.7711212613472814e-12,-690.4037774353325,-983.2479754228383,-875.358007743231,555.116555369905,4.2645267728567955,690.4037774353325,5.374755117431385,1201.4333186492977,9.282631596898337,1030.1012869870437,8.053330391374814,904.9495729416767,7.066486869395657,171.33203166225394,1.229301205523523,-1.1102283445745895,0.367369266013692,690.4037774353325,983.2479754228383,875.358007743231
experiment_2026_06_24_20_31,ERCOT_demand_NCENT,2025-01-20,Martin Luther King Jr. Day,H2,F,best_matching_weekday,True,2025-01-20,3.0,True,True,18,False,2.0,24.0,18.0,pearson,PLS,standard,2.0,{},2025-01-19 10:00:00,2025-01-21,4586.383996350159,22.312254491001937,632.94485,5.21,,14.0,24.0,4.0,4.0,18.0,4.0,0.07467296246902726,15920.495148123524,15763.137744775575,4586.383996350159,22.312254491001937,22.312254491001937,4586.383996350159,3259.9839322799876,16.805010324306682,16.805010324306682,3259.9839322799876,5360.117367057759,25.524813588240843,25.524813588240843,5360.117367057759,3997.1144274717285,20.600972885047096,20.600972885047096,3997.1144274717285,4930.124578195912,23.456354964816324,23.456354964816324,4930.124578195912,4586.38399635016,22.404372093322394,22.404372093322394,4586.38399635016,3259.9839322799876,5360.117367057759,hourly_window_mean_factor_top_available_analogs,4.0,13476.947698993421,,13476.947698993421,0.0,-737.1304951917401,429.9927888618468,-1.0052309861700787e-12,-737.1304951917401,429.9927888618468,-1.0052309861700787e-12,-3997.1144274717276,-4930.124578195912,-4586.38399635016,3259.9839322799876,16.805010324306682,3997.1144274717285,20.600972885047096,5360.117367057759,25.524813588240843,4930.124578195912,23.456354964816324,4586.38399635016,22.404372093322394,429.99278886184675,2.068458623424519,-3.7959625607404135,-0.09211760232045663,3997.1144274717276,4930.124578195912,4586.38399635016
experiment_2026_06_24_20_31,ERCOT_demand_NCENT,2025-02-17,Presidents' Day,H2,F,best_matching_weekday,True,2025-02-17,3.0,True,True,18,False,2.0,24.0,18.0,pearson,PLS,standard,2.0,{},2025-02-16 10:00:00,2025-02-18,1562.8055268803928,9.169344649915926,2008.515399,11.282,,14.0,24.0,4.0,4.0,18.0,4.0,0.05783750617335349,14693.521622961713,14453.842608602228,1562.8055268803928,9.169344649915926,9.169344649915926,1562.8055268803928,916.0638884220303,5.5069868393724,5.5069868393724,916.0638884220303,1940.0714826477713,11.30572003939965,11.30572003939965,1940.0714826477713,1127.7928440702112,6.912427044850974,6.912427044850974,1127.7928440702112,1816.5629251863313,10.611698715905055,10.611698715905055,1816.5629251863313,1562.8055268803923,9.24880915288513,9.24880915288513,1562.8055268803923,916.0638884220303,1940.0714826477713,hourly_window_mean_factor_top_available_analogs,4.0,14327.201567822369,,14327.201567822369,0.0,-211.728955648181,123.50855746143952,3.8294513758860134e-13,-211.728955648181,123.50855746143952,3.8294513758860134e-13,-1127.7928440702112,-1816.5629251863318,-1562.8055268803923,916.0638884220303,5.5069868393724,1127.7928440702112,6.912427044850974,1940.0714826477713,11.30572003939965,1816.5629251863313,10.611698715905055,1562.8055268803923,9.24880915288513,123.50855746143998,0.6940213234945958,-1.4054402054785733,-0.07946450296920382,1127.7928440702112,1816.5629251863318,1562.8055268803923
experiment_2026_06_24_20_31,ERCOT_demand_NCENT,2025-03-02,Texas Independence Day,H2,F,best_matching_weekday,True,2025-03-02,3.0,True,True,18,False,2.0,24.0,18.0,pearson,PLS,standard,2.0,{},2025-03-01 10:00:00,2025-03-03,542.6121224717652,4.791280080364187,2382.869151,13.063,,14.0,24.0,4.0,4.0,18.0,4.0,0.06910530144966616,11428.921231835615,11228.910039826487,542.6121224717652,4.791280080364187,-0.5828847447338652,-46.13925749350992,374.2316116860011,3.155636127298822,0.43320532075583296,60.442979434452745,640.8340870967942,5.745405719652315,-1.1756039496028559,-108.31222903482148,223.12090484476943,1.8738440755933392,0.14701729286323667,21.24874555313792,570.048924503681,5.15519076855698,-0.7693025442876683,-85.44892593738739,442.2333383135557,3.9462735658861643,-0.4317110253373349,-46.13925749350964,60.442979434452745,-108.31222903482148,hourly_window_mean_factor_top_available_analogs,4.0,11039.714129407894,,11039.714129407894,0.0,39.19423388131482,-22.863303097434102,-2.87208853191451e-13,39.19423388131482,-22.863303097434102,-2.87208853191451e-13,-21.248745553137923,85.44892593738739,46.13925749350964,374.2316116860011,3.155636127298822,223.12090484476943,1.8738440755933392,640.8340870967942,5.745405719652315,570.048924503681,5.15519076855698,442.2333383135557,3.9462735658861643,70.78516259311323,0.5902149510953354,1.2817920517054828,0.8450065144780226,21.248745553137923,85.44892593738739,46.13925749350964
experiment_2026_06_24_20_31,ERCOT_demand_NCENT,2025-04-21,San Jacinto Day,H2,I,best_matching_weekday,True,2025-04-21,3.0,True,True,18,False,2.0,24.0,18.0,pearson,PLS,standard,2.0,{},2025-04-20 10:00:00,2025-04-22,1001.9671218468251,8.473658772627678,2230.600549,12.091,,14.0,24.0,4.0,4.0,18.0,4.0,0.12454420215288688,13406.76315591841,13052.417461311357,1001.9671218468251,8.473658772627678,-6.621766589638708,-713.502503655253,1220.6180630305014,9.573063015021026,-9.573063015021026,-1220.6180630305014,874.4207394896807,7.832339631231562,-4.900177008165689,-417.6850940196911,1496.4367365842643,11.632869956275997,-11.040112113100317,-1424.50166628374,464.5681531239241,4.168002111010043,-2.8731418798228496,-298.7529921219677,844.7302628198389,6.918216580318551,-5.882025649977706,-713.5025036552521,-1220.6180630305014,-417.6850940196911,hourly_window_mean_factor_top_available_analogs,4.0,16375.928420855264,,16375.928420855264,0.0,203.88360325323825,-118.93210189772344,-7.180221329786276e-13,203.88360325323825,-118.93210189772344,-7.180221329786276e-13,1424.5016662837397,298.7529921219677,713.5025036552523,1220.6180630305014,9.573063015021026,1496.4367365842643,11.632869956275997,874.4207394896807,7.832339631231562,464.5681531239241,4.168002111010043,844.7302628198389,6.918216580318551,409.8525863657566,3.664337520221519,-2.059806941254971,1.555442192309127,1424.5016662837397,298.7529921219677,713.5025036552523
experiment_2026_06_24_20_31,ERCOT_demand_NCENT,2025-05-26,Memorial Day,H2,I,best_matching_weekday,True,2025-05-26,3.0,True,True,18,False,2.0,24.0,18.0,pearson,PLS,standard,2.0,{},2025-05-25 10:00:00,2025-05-27,2777.493848732798,20.195935371837408,1035.794924,7.478,,14.0,24.0,4.0,4.0,18.0,4.0,0.14503443826661705,18065.48762204909,17238.38762517428,2777.493848732798,20.195935371837408,-17.56684536685549,-2269.764397996462,623.2698564425419,3.1473491818911787,1.7114462308536738,385.24540887979936,4034.1245109021133,30.140943982639374,-28.81251546551917,-3818.52011867428,593.1939949510186,2.977391529817976,2.9711977717109477,591.9480935206566,4219.626665330172,31.390315685625662,-29.66165125824155,-3939.096684714778,2883.572523611536,20.92239625980178,-17.63902266825906,-2269.7643979964596,385.24540887979936,-3818.52011867428,hourly_window_mean_factor_top_available_analogs,4.0,17921.547287769736,,17921.547287769736,0.0,-206.70268464085726,120.57656604049741,-1.675384976950131e-12,-206.70268464085726,120.57656604049741,-1.675384976950131e-12,-591.9480935206566,3939.0966847147774,2269.76439799646,623.2698564425419,3.1473491818911787,593.1939949510186,2.977391529817976,4034.1245109021133,30.140943982639374,4219.626665330172,31.390315685625662,2883.572523611536,20.92239625980178,-185.50215442805847,-1.2493717029862879,0.16995765207320268,-0.7264608879643717,591.9480935206566,3939.0966847147774,2269.76439799646
experiment_2026_06_24_20_31,ERCOT_demand_NCENT,2025-06-19,Juneteenth National Independence Day,H2,H,best_matching_weekday,True,2025-06-19,3.0,True,True,18,False,2.0,24.0,18.0,pearson,PLS,standard,2.0,{},2025-06-18 10:00:00,2025-06-20,629.9395540234796,3.0746010070016965,1440.691031,11.154,,14.0,24.0,4.0,4.0,18.0,4.0,0.1495176642546688,19264.78332534937,18372.335607829762,629.9395540234796,3.0746010070016965,2.011454879968337,440.33146283483956,468.0661542607764,2.2410878421963303,0.5390696122748632,124.46929061701329,724.3657038850564,3.5608170198048263,2.8703462861228632,624.5843966285715,842.1072369211862,3.9809892340970365,-2.282470812974539,-490.9596762536351,983.584627303118,5.281606260671243,5.281606260671243,983.584627303118,931.4613782150378,4.802431566670219,2.494841023012271,440.3314628348406,124.46929061701329,624.5843966285715,hourly_window_mean_factor_top_available_analogs,4.0,18673.962004434212,,18673.962004434212,0.0,615.4289668706484,-359.0002306745466,-1.0530991283686538e-12,615.4289668706484,-359.0002306745466,-1.0530991283686538e-12,490.95967625363517,-983.5846273031182,-440.33146283484064,468.0661542607764,2.2410878421963303,842.1072369211862,3.9809892340970365,724.3657038850564,3.5608170198048263,983.584627303118,5.281606260671243,931.4613782150378,4.802431566670219,-259.21892341806165,-1.7207892408664165,-1.7399013919007063,-1.7278305596685222,490.95967625363517,983.5846273031182,440.33146283484064
experiment_2026_06_24_20_31,ERCOT_demand_NCENT,2025-07-04,Independence Day,H2,F,best_matching_weekday,True,2025-07-04,3.0,True,True,18,False,2.0,24.0,18.0,pearson,PLS,standard,2.0,{},2025-07-03 10:00:00,2025-07-05,1969.9159977724844,12.805454179138671,1469.800175,10.581,,14.0,24.0,4.0,4.0,18.0,4.0,0.09922320655066154,18308.785010041927,17762.842305415066,1969.9159977724844,12.805454179138671,-12.038927536299921,-1820.6504843840298,1444.4568285896037,8.332785441189534,-7.985466040531298,-1377.6500561165392,2276.4338464624984,15.414510942942336,-14.40344674216495,-2079.0674008734,1232.2924901587674,6.9491624477489085,-6.9491624477489085,-1232.2924901587674,2163.8593143487706,14.101311078986308,-14.101311078986308,-2163.8593143487706,1820.6504843840326,11.466308951688319,-11.466308951688319,-1820.6504843840326,-1377.6500561165392,-2079.0674008734,hourly_window_mean_factor_top_available_analogs,4.0,13267.750194611843,,13267.750194611843,0.0,-145.35756595777144,84.79191347537046,2.3934071099287587e-12,-145.35756595777144,84.79191347537046,2.3934071099287587e-12,1232.2924901587678,2163.8593143487706,1820.6504843840323,1444.4568285896037,8.332785441189534,1232.2924901587674,6.9491624477489085,2276.4338464624984,15.414510942942336,2163.8593143487706,14.101311078986308,1820.6504843840326,11.466308951688319,112.57453211372786,1.3131998639560276,1.3836229934406257,1.3391452274503521,1232.2924901587678,2163.8593143487706,1820.6504843840323
experiment_2026_06_24_20_31,ERCOT_demand_NCENT,2025-08-27,Lyndon B. Johnson Day,H2,J,best_matching_weekday,True,2025-08-27,3.0,True,True,2,False,2.0,2.0,2.0,pearson,PLS,standard,2.0,{},2025-08-26 10:00:00,2025-08-28,6006.228909269309,36.04830468582689,2143.719172,13.85,,14.0,24.0,2.0,4.0,2.0,2.0,0.0650788257108042,23830.537321149655,23285.073724275804,6006.228909269309,36.04830468582689,-31.901697540110526,-5063.261441623342,5222.114489076259,27.143011720888087,-27.143011720888087,-5222.114489076259,6463.628987715255,41.24305891537453,-34.67759760132362,-4970.597163942473,3881.422263544191,21.571100664196248,-21.42476678823969,-3849.4057885291063,6039.988719085435,39.17776566276164,-38.06225205534137,-5771.343905928309,5244.727393359715,32.691099610658604,-31.932652220093377,-5063.261441623341,-5222.114489076259,-4970.597163942473,hourly_window_mean_factor_top_available_analogs,2.0,12629.797789342103,,12629.797789342103,0.0,-1372.708700547153,800.7467419858361,-2.0104619723401573e-12,-1372.708700547153,800.7467419858361,-2.0104619723401573e-12,3849.405788529106,5771.343905928309,5063.26144162334,5222.114489076259,27.143011720888087,3881.422263544191,21.571100664196248,6463.628987715255,41.24305891537453,6039.988719085435,39.17776566276164,5244.727393359715,32.691099610658604,423.64026862981973,2.0652932526128964,5.571911056691839,3.357205075168288,3849.405788529106,5771.343905928309,5063.26144162334
experiment_2026_06_24_20_31,ERCOT_demand_NCENT,2025-09-01,Labor Day,H2,H,best_matching_weekday,True,2025-09-01,3.0,True,True,2,False,2.0,2.0,2.0,pearson,PLS,standard,2.0,{},2025-08-31 10:00:00,2025-09-02,1735.010846220178,9.809481266726678,3207.536737,18.956,,14.0,24.0,2.0,4.0,2.0,2.0,0.12928354343029655,14568.995670569295,14258.400406010789,1735.010846220178,9.809481266726678,9.809481266726678,1735.010846220178,1688.2743863304054,9.708916455808488,9.708916455808488,1688.2743863304054,1762.2737811558793,9.868144073095621,9.868144073095621,1762.2737811558793,1447.8450733726283,8.455760843152456,8.455760843152456,1447.8450733726283,1902.5242137145835,11.728832204391134,11.728832204391134,1902.5242137145835,1735.0108462201795,10.522963808145303,10.522963808145303,1735.0108462201795,1688.2743863304054,1762.2737811558793,hourly_window_mean_factor_top_available_analogs,2.0,17046.52610138158,,17046.52610138158,0.0,240.42931295777686,-140.25043255870446,-8.137584173757779e-13,240.42931295777686,-140.25043255870446,-8.137584173757779e-13,-1447.8450733726286,-1902.5242137145838,-1735.010846220179,1688.2743863304054,9.708916455808488,1447.8450733726283,8.455760843152456,1762.2737811558793,9.868144073095621,1902.5242137145835,11.728832204391134,1735.0108462201795,10.522963808145303,-140.25043255870423,-1.8606881312955128,1.2531556126560321,-0.7134825414186245,1447.8450733726286,1902.5242137145838,1735.010846220179
experiment_2026_06_24_20_31,ERCOT_demand_NCENT,2025-11-11,Veterans Day,H2,G,best_matching_weekday,True,2025-11-11,3.0,True,True,2,False,2.0,2.0,2.0,pearson,PLS,standard,2.0,{},2025-11-10 10:00:00,2025-11-12,1932.7264708428277,13.972056295859952,3508.855533,20.898,,14.0,24.0,2.0,4.0,2.0,2.0,0.0625631127975557,11770.983298657173,11483.95360974237,1932.7264708428277,13.972056295859952,13.972056295859952,1932.7264708428277,1786.7774513460215,12.627663725438127,12.627663725438127,1786.7774513460215,2017.863398882632,14.756285295272685,14.756285295272685,2017.863398882632,1659.4259158595346,11.735234627291632,11.735234627291632,1659.4259158595346,2092.1517945830806,15.33213419582642,15.33213419582642,2092.1517945830806,1932.7264708428272,14.00696067057676,14.00696067057676,1932.7264708428272,1786.7774513460215,2017.863398882632,hourly_window_mean_factor_top_available_analogs,2.0,11031.650003078947,,11031.650003078947,0.0,127.35153548648681,-74.28839570044897,1.0530991283686538e-12,127.35153548648681,-74.28839570044897,1.0530991283686538e-12,-1659.4259158595346,-2092.151794583081,-1932.7264708428265,1786.7774513460215,12.627663725438127,1659.4259158595346,11.735234627291632,2017.863398882632,14.756285295272685,2092.1517945830806,15.33213419582642,1932.7264708428272,14.00696067057676,-74.28839570044852,-0.5758489005537353,0.8924290981464953,-0.03490437471680785,1659.4259158595346,2092.151794583081,1932.7264708428265
experiment_2026_06_24_20_31,ERCOT_demand_NCENT,2025-11-27,Thanksgiving Day,H1,H,best_matching_weekday,True,2025-11-27,3.0,True,True,2,False,2.0,2.0,2.0,pearson,PLS,standard,2.0,{},2025-11-26 10:00:00,2025-11-28,724.9564121682911,6.049386112478319,3224.655409,19.943,,14.0,24.0,2.0,4.0,2.0,2.0,0.06390791761353837,13068.1080188291,12972.592355359082,724.9564121682911,6.049386112478319,-5.518907069081737,-655.8428265396266,203.40832435134922,1.5399448046620114,-0.824588689450462,-108.70530127770455,1029.192796728174,8.679893542037833,-8.25725945719998,-975.0063829424145,249.61260952406116,1.8969280791887648,-1.0734964242844776,-140.4169542213636,1055.4142142356286,8.874097189245312,-8.104196118198319,-956.507918725279,758.5399388155774,6.3035612013297415,-5.513938336230062,-655.8428265396259,-108.70530127770455,-975.0063829424145,hourly_window_mean_factor_top_available_analogs,2.0,11944.86038701316,,11944.86038701316,0.0,31.71165294365905,-18.498464217135506,-6.701539907800523e-13,31.71165294365905,-18.498464217135506,-6.701539907800523e-13,140.4169542213636,956.507918725279,655.8428265396259,203.40832435134922,1.5399448046620114,249.61260952406116,1.8969280791887648,1029.192796728174,8.679893542037833,1055.4142142356286,8.874097189245312,758.5399388155774,6.3035612013297415,-26.22141750745459,-0.19420364720747862,-0.3569832745267534,-0.25417508885142226,140.4169542213636,956.507918725279,655.8428265396259
experiment_2026_06_24_20_31,ERCOT_demand_NCENT,2025-11-28,Day after Thanksgiving,H2,G,best_matching_weekday,True,2025-11-28,3.0,True,True,13,False,2.0,17.0,13.0,pearson,PLS,standard,2.0,{},2025-11-27 10:00:00,2025-11-29,314.17841287641903,2.5564671550498272,1295.261511,8.621,,14.0,24.0,4.0,4.0,13.0,4.0,0.060748871055288534,12300.689060025583,12092.15723525853,314.17841287641903,2.5564671550498272,-0.2462779887392822,-21.428286157162322,453.64344959748905,3.7827832944716833,-3.6545340931902457,-436.79050526910305,232.82380812246151,1.8411160737204113,1.7418714055237803,220.86634165813643,428.6205572296853,3.438802748843742,-3.346498506369153,-417.84047424562283,304.72127432614815,2.528755199425419,1.7822872246975188,209.81215689444085,350.36837855376706,2.864035875526907,-0.10726541306388664,-21.42828615716156,-436.79050526910305,220.86634165813643,hourly_window_mean_factor_top_available_analogs,4.0,10776.907520526316,,10776.907520526316,0.0,-18.950031023480214,11.054184763695579,-7.658902751772027e-13,-18.950031023480214,11.054184763695579,-7.658902751772027e-13,417.84047424562283,-209.81215689444085,21.428286157161555,453.64344959748905,3.7827832944716833,428.6205572296853,3.438802748843742,232.82380812246151,1.8411160737204113,304.72127432614815,2.528755199425419,350.36837855376706,2.864035875526907,-71.89746620368663,-0.6876391257050078,0.3439805456279412,-0.3075687204770796,417.84047424562283,209.81215689444085,21.428286157161555
experiment_2026_06_24_20_31,ERCOT_demand_NCENT,2025-12-24,Christmas Eve,H1,H,best_matching_weekday,True,2025-12-24,3.0,True,True,13,False,2.0,17.0,13.0,pearson,PLS,standard,2.0,{},2025-12-23 10:00:00,2025-12-25,772.5219770525825,5.565962114262985,859.644504,6.506,,14.0,24.0,4.0,4.0,13.0,4.0,0.052367345561591304,12755.803398367962,12427.372003002905,772.5219770525825,5.565962114262985,3.7383444527298546,567.560577263619,1143.1383735776612,7.865797245000371,7.865797245000371,1143.1383735776612,556.3290790796199,4.224391621332843,1.3306636572387214,231.80686274709447,1313.139846695383,8.939727003402389,8.74062692275153,1286.560407055029,941.1309575593581,7.238587630768019,0.32160871870575364,148.14400988529383,1078.186864083157,7.865323189106995,3.4233522675647228,567.5605772636173,1143.1383735776612,231.80686274709447,hourly_window_mean_factor_top_available_analogs,4.0,11618.210983927633,,11618.210983927633,0.0,-143.42203347736773,83.66285286180066,1.7711212613472814e-12,-143.42203347736773,83.66285286180066,1.7711212613472814e-12,-1286.560407055029,-148.14400988529383,-567.5605772636172,1143.1383735776612,7.865797245000371,1313.139846695383,8.939727003402389,556.3290790796199,4.224391621332843,941.1309575593581,7.238587630768019,1078.186864083157,7.865323189106995,-384.8018784797382,-3.0141960094351763,-1.0739297584020182,-2.2993610748440103,1286.560407055029,148.14400988529383,567.5605772636172
experiment_2026_06_24_20_31,ERCOT_demand_NCENT,2025-12-25,Christmas Day,H2,H,best_matching_weekday,True,2025-12-25,3.0,True,True,14,False,2.0,18.0,14.0,pearson,PLS,standard,2.0,{},2025-12-24 10:00:00,2025-12-26,903.0441986380272,7.444083396657811,571.182986,4.45,,14.0,24.0,4.0,4.0,14.0,4.0,0.0970310164583318,13428.79202441631,13023.430149891667,903.0441986380272,7.444083396657811,-7.396479903902671,-897.1102185215725,398.21583327464566,2.930865430772922,-2.8016559504375427,-382.1093158156973,1197.5274117666665,10.07679387675733,-10.07679387675733,-1197.5274117666665,461.7412906926485,3.3815466044746345,-3.3157126518879836,-453.4312252517024,1155.9229645956655,9.636089495017359,-9.636089495017359,-1155.9229645956655,900.1718215787643,7.331784219554248,-7.307529605443379,-897.1102185215736,-382.1093158156973,-1197.5274117666665,hourly_window_mean_factor_top_available_analogs,4.0,14364.236975723685,,14364.236975723685,0.0,71.3219094360051,-41.60444717100116,1.148835412765804e-12,71.3219094360051,-41.60444717100116,1.148835412765804e-12,453.4312252517024,1155.9229645956655,897.1102185215736,398.21583327464566,2.930865430772922,461.7412906926485,3.3815466044746345,1197.5274117666665,10.07679387675733,1155.9229645956655,9.636089495017359,900.1718215787643,7.331784219554248,41.604447171001084,0.4407043817399714,-0.45068117370171246,0.11229917710356219,453.4312252517024,1155.9229645956655,897.1102185215736
experiment_2026_06_24_20_31,ERCOT_demand_NCENT,2026-01-01,New Year's Day,H2,H,best_matching_weekday,True,2026-01-01,3.0,True,True,14,False,2.0,18.0,14.0,pearson,PLS,standard,2.0,{},2025-12-31 10:00:00,2026-01-02,1885.8480696415522,15.069975587528125,638.298011,5.02,,14.0,24.0,4.0,4.0,14.0,4.0,0.05015626851519516,14504.560322431027,14216.310190689648,1885.8480696415522,15.069975587528125,-15.069975587528125,-1885.8480696415522,1748.5883800591016,13.34482809906318,-13.34482809906318,-1748.5883800591016,1965.9162218979811,16.076311622466008,-16.076311622466008,-1965.9162218979811,1697.0400497186602,12.946620323651489,-12.946620323651489,-1697.0400497186602,1995.9860812632414,16.279966588480274,-16.279966588480274,-1995.9860812632414,1885.8480696415534,15.05189164880651,-15.05189164880651,-1885.8480696415534,-1748.5883800591016,-1965.9162218979811,hourly_window_mean_factor_top_available_analogs,4.0,11730.030682355262,,11730.030682355262,0.0,-51.54833034044155,30.069859365260527,1.8668575457444318e-12,-51.54833034044155,30.069859365260527,1.8668575457444318e-12,1697.0400497186602,1995.9860812632417,1885.848069641554,1748.5883800591016,13.34482809906318,1697.0400497186602,12.946620323651489,1965.9162218979811,16.076311622466008,1995.9860812632414,16.279966588480274,1885.8480696415534,15.05189164880651,-30.0698593652603,-0.20365496601426614,0.3982077754116915,0.018083938721614956,1697.0400497186602,1995.9860812632417,1885.848069641554
experiment_2026_06_24_20_31,ERCOT_demand_NCENT,2026-01-19,Martin Luther King Jr. Day,H2,F,best_matching_weekday,True,2026-01-19,3.0,True,True,18,False,2.0,24.0,18.0,pearson,PLS,standard,2.0,{},2026-01-18 10:00:00,2026-01-20,1525.8473043121312,10.300173798168442,1215.894723,9.581,,14.0,24.0,4.0,4.0,18.0,4.0,0.06837266680018779,16913.95148882271,16842.50755547106,1525.8473043121312,10.300173798168442,-9.849735956742748,-1450.0143977174482,2087.592044068397,14.593919086404648,-14.593919086404648,-2087.592044068397,1198.1628727876425,7.795489046697321,-7.082295797773306,-1078.0941040127284,1378.6504637101405,9.572356414751647,-9.572356414751647,-1378.6504637101405,1533.1467844935005,9.879046129028298,-9.627115306611744,-1491.6433592217081,1476.2270873627888,9.766055181663216,-9.606940978031707,-1450.0143977174462,-2087.592044068397,-1078.0941040127284,hourly_window_mean_factor_top_available_analogs,4.0,15360.504869625001,,15360.504869625001,0.0,-708.9415803582564,413.54925520897956,-2.1061982567373076e-12,-708.9415803582564,413.54925520897956,-2.1061982567373076e-12,1378.6504637101407,1491.643359221708,1450.0143977174462,2087.592044068397,14.593919086404648,1378.6504637101405,9.572356414751647,1198.1628727876425,7.795489046697321,1533.1467844935005,9.879046129028298,1476.2270873627888,9.766055181663216,-334.98391170585796,-2.0835570823309775,5.021562671653001,0.5341186165052267,1378.6504637101407,1491.643359221708,1450.0143977174462
experiment_2026_06_24_20_31,ERCOT_demand_NCENT,2026-02-16,Presidents' Day,H2,F,best_matching_weekday,True,2026-02-16,3.0,True,True,18,False,2.0,24.0,18.0,pearson,PLS,standard,2.0,{},2026-02-15 10:00:00,2026-02-17,887.9749154541216,6.552644304216505,1467.719654,11.167,,14.0,24.0,4.0,4.0,18.0,4.0,0.0664237166530199,12348.369542576713,12088.484609645204,887.9749154541216,6.552644304216505,6.134547919880826,835.5148554232882,244.98692426725043,1.8842530712333694,0.7494200280365254,102.59533275498805,1263.0512436464633,9.275872523456668,9.275872523456668,1263.0512436464633,294.6803396934326,2.316322011740618,-0.8789870901443743,-108.50039242976774,1386.1904166709026,10.346923846194487,10.346923846194487,1386.1904166709026,984.0551251528873,7.388281065079905,6.211061922280171,835.5148554232871,102.59533275498805,1263.0512436464633,hourly_window_mean_factor_top_available_analogs,4.0,12031.072368342106,,12031.072368342106,0.0,211.0957251847558,-123.13917302443936,9.573628439715034e-13,211.0957251847558,-123.13917302443936,9.573628439715034e-13,108.50039242976774,-1386.1904166709026,-835.5148554232873,244.98692426725043,1.8842530712333694,294.6803396934326,2.316322011740618,1263.0512436464633,9.275872523456668,1386.1904166709026,10.346923846194487,984.0551251528873,7.388281065079905,-123.13917302443929,-1.0710513227378193,-0.4320689405072484,-0.8356367608633999,108.50039242976774,1386.1904166709026,835.5148554232873
experiment_2026_06_24_20_31,ERCOT_demand_NCENT,2026-03-02,Texas Independence Day,H2,F,best_matching_weekday,True,2026-03-02,3.0,True,True,18,False,2.0,24.0,18.0,pearson,PLS,standard,2.0,{},2026-03-01 10:00:00,2026-03-03,1021.8936534106441,7.080382089905745,1487.05161,11.074,,14.0,24.0,4.0,4.0,18.0,4.0,0.1212167771310634,12472.924151828985,12173.455309984196,1021.8936534106441,7.080382089905745,5.953965674102068,883.9263755131198,989.2345833428035,7.002770431446676,5.310641462723857,780.8469618656633,1040.9447776168845,7.125655557340206,6.3292381307393555,944.0560334741361,592.7965517620343,4.236139169927122,3.6264986908326775,510.83620295770027,1111.4021757411272,8.551435237452255,8.4825585009835,1101.5623095037809,920.3369458540932,6.961589317837732,6.693483834085828,883.9263755131198,780.8469618656633,944.0560334741361,hourly_window_mean_factor_top_available_analogs,4.0,14639.716941907895,,14639.716941907895,0.0,270.01075890796295,-157.50627602964474,1.9147256879430067e-13,270.01075890796295,-157.50627602964474,1.9147256879430067e-13,-510.8362029577003,-1101.5623095037809,-883.9263755131195,989.2345833428035,7.002770431446676,592.7965517620343,4.236139169927122,1040.9447776168845,7.125655557340206,1111.4021757411272,8.551435237452255,920.3369458540932,6.961589317837732,-70.45739812424267,-1.4257796801120488,2.766631261519554,0.11879277206801309,510.8362029577003,1101.5623095037809,883.9263755131195
experiment_2026_06_24_20_31,ERCOT_demand_NORTH,2025-01-01,New Year's Day,H2,H,best_matching_weekday,True,2025-01-01,3.0,True,True,18,False,2.0,24.0,18.0,pearson,PLS,standard,2.0,{},2024-12-31 10:00:00,2025-01-02,133.88539494202385,9.279123987779462,100.680132,7.352,,14.0,24.0,4.0,4.0,18.0,4.0,0.056868091116545616,1286.565847212224,1262.5598461073284,133.88539494202385,9.279123987779462,9.217220179932038,133.14586057724935,85.80017096509691,6.0547404666687665,6.0547404666687665,85.80017096509691,161.93510892856457,11.160014375094038,11.062000012668951,160.76417951767164,63.7660969341643,4.50752709383377,4.44439487326366,62.84501468793004,174.1546873460194,12.117379427483337,12.117379427483337,174.1546873460194,133.48520666796753,9.313749620349288,9.29049038119188,133.14586057724964,85.80017096509691,160.76417951767164,hourly_window_mean_factor_top_available_analogs,4.0,845.4542370000001,,845.4542370000001,0.0,22.955156277166875,-13.39050782834778,-2.7524181764180723e-13,22.955156277166875,-13.39050782834778,-2.7524181764180723e-13,-62.84501468793003,-174.15468734601941,-133.14586057724964,85.80017096509691,6.0547404666687665,63.7660969341643,4.50752709383377,161.93510892856457,11.160014375094038,174.1546873460194,12.117379427483337,133.48520666796753,9.313749620349288,-12.219578417454812,-0.9573650523892994,1.5472133728349968,-0.03462563256982598,62.84501468793003,174.15468734601941,133.14586057724964
experiment_2026_06_24_20_31,ERCOT_demand_NORTH,2025-01-20,Martin Luther King Jr. Day,H2,J,best_matching_weekday,True,2025-01-20,3.0,True,True,12,False,2.0,16.0,12.0,pearson,PLS,standard,2.0,{},2025-01-19 10:00:00,2025-01-21,151.06039892135,7.611083811965727,104.743197,7.707,,14.0,24.0,4.0,4.0,12.0,4.0,0.05281992314834064,1827.4277968154922,1834.0243702028938,151.06039892135,7.611083811965727,7.611083811965727,151.06039892135,91.45189592005354,4.817442603222168,4.817442603222168,91.45189592005354,185.83202567210628,9.240707850399472,9.240707850399472,185.83202567210628,116.36121160373075,6.1269199454329755,6.1269199454329755,116.36121160373075,172.94892417030132,8.640343150029173,8.56173928568675,171.3015915232944,152.1008195405122,7.714345127283207,7.664700581382728,151.06039892134993,91.45189592005354,185.83202567210628,hourly_window_mean_factor_top_available_analogs,4.0,942.6177835065789,,942.6177835065789,0.0,-24.909315683677196,14.53043414881185,9.573628439715034e-14,-24.909315683677196,14.53043414881185,9.573628439715034e-14,-116.36121160373074,-171.30159152329443,-151.0603989213499,91.45189592005354,4.817442603222168,116.36121160373075,6.1269199454329755,185.83202567210628,9.240707850399472,172.94892417030132,8.640343150029173,152.1008195405122,7.714345127283207,12.883101501804958,0.6003647003702994,-1.3094773422108075,-0.10326131531747951,116.36121160373074,171.30159152329443,151.0603989213499
experiment_2026_06_24_20_31,ERCOT_demand_NORTH,2025-02-17,Presidents' Day,H2,H,best_matching_weekday,True,2025-02-17,3.0,True,True,12,False,2.0,16.0,12.0,pearson,PLS,standard,2.0,{},2025-02-16 10:00:00,2025-02-18,133.78066107679766,7.476865776453405,117.130091,7.392,,14.0,24.0,4.0,4.0,12.0,4.0,0.05338926709952318,1620.2915476337287,1592.245238789789,133.78066107679766,7.476865776453405,7.476865776453405,133.78066107679766,67.62425741951768,3.843835004057297,3.843835004057297,67.62425741951768,172.37189654354435,9.5961337270178,9.5961337270178,172.37189654354435,44.14708384639615,2.5149442759180483,2.018884278549034,36.0051558631592,190.81637245142005,10.681771078034123,10.681771078034123,190.81637245142005,136.7803187548323,7.672940150938727,7.490181204539615,133.78066107679763,67.62425741951768,172.37189654354435,hourly_window_mean_factor_top_available_analogs,4.0,852.8040561052632,,852.8040561052632,0.0,31.61910155635847,-18.444475907875717,3.5901106648931376e-14,31.61910155635847,-18.444475907875717,3.5901106648931376e-14,-36.0051558631592,-190.81637245142008,-133.78066107679763,67.62425741951768,3.843835004057297,44.14708384639615,2.5149442759180483,172.37189654354435,9.5961337270178,190.81637245142005,10.681771078034123,136.7803187548323,7.672940150938727,-18.4444759078757,-1.085637351016322,1.3288907281392488,-0.19607437448532217,36.0051558631592,190.81637245142008,133.78066107679763
experiment_2026_06_24_20_31,ERCOT_demand_NORTH,2025-03-02,Texas Independence Day,H2,K,best_matching_weekday,True,2025-03-02,3.0,True,True,6,False,2.0,7.0,6.0,pearson,PLS,standard,2.0,{},2025-03-01 10:00:00,2025-03-03,50.236078793105236,3.5873019234173285,120.801376,7.034,,14.0,24.0,4.0,4.0,6.0,4.0,0.03886376745451804,1400.741283719966,1396.8062876394326,50.236078793105236,3.5873019234173285,-1.0825031886225247,-14.411156193650408,55.58846120487518,4.0094420416497645,-1.0628773054349803,-13.831911143737427,47.11385571957277,3.341053521115075,-1.0939516204819253,-14.749049139432978,62.165437780447554,4.487275595028049,-2.2559388312478292,-30.49648412582142,46.296935353937606,3.275183854383181,-0.4021454535361502,-5.028048233217125,52.143225721599165,3.721743969357606,-1.0851219611141374,-14.411156193650287,-13.831911143737427,-14.749049139432978,hourly_window_mean_factor_top_available_analogs,4.0,877.0497432302632,,877.0497432302632,0.0,16.664572982083996,-9.721000906215854,-1.1967035549643792e-13,16.664572982083996,-9.721000906215854,-1.1967035549643792e-13,30.496484125821425,5.028048233217124,14.411156193650289,55.58846120487518,4.0094420416497645,62.165437780447554,4.487275595028049,47.11385571957277,3.341053521115075,46.296935353937606,3.275183854383181,52.143225721599165,3.721743969357606,0.8169203656351627,0.06586966673189432,-0.4778335533782849,-0.13444204594027775,30.496484125821425,5.028048233217124,14.411156193650289
experiment_2026_06_24_20_31,ERCOT_demand_NORTH,2025-04-21,San Jacinto Day,H2,F,best_matching_weekday,True,2025-04-21,3.0,True,True,6,False,2.0,7.0,6.0,pearson,PLS,standard,2.0,{},2025-04-20 10:00:00,2025-04-22,85.97112617141427,6.452942371316193,98.033594,5.491,,14.0,24.0,4.0,4.0,6.0,4.0,0.09083751684421822,1316.6552453981503,1292.7413534708005,85.97112617141427,6.452942371316193,-0.09550615926443826,6.539706759744484,68.37777631617782,5.351325698538223,-5.007322833570648,-63.89301820217832,96.23391358696888,7.095552097103344,2.7697202340808507,47.625462987532785,89.74861878572986,6.977640920916544,-6.095039045397006,-78.23603642747467,59.87467466127748,4.463869570778706,4.130026475333157,55.99222361895554,70.88086460186518,5.389995857671594,0.3628970729588864,6.539706759744412,-63.89301820217832,47.625462987532785,hourly_window_mean_factor_top_available_analogs,4.0,1034.835743875,,1034.835743875,0.0,14.343018225296353,-8.366760631422759,7.180221329786275e-14,14.343018225296353,-8.366760631422759,7.180221329786275e-14,78.23603642747467,-55.99222361895554,-6.539706759744412,68.37777631617782,5.351325698538223,89.74861878572986,6.977640920916544,96.23391358696888,7.095552097103344,59.87467466127748,4.463869570778706,70.88086460186518,5.389995857671594,36.3592389256914,2.6316825263246377,-1.626315222378321,1.062946513644599,78.23603642747467,55.99222361895554,6.539706759744412
experiment_2026_06_24_20_31,ERCOT_demand_NORTH,2025-05-26,Memorial Day,H2,F,best_matching_weekday,True,2025-05-26,3.0,True,True,6,False,2.0,7.0,6.0,pearson,PLS,standard,2.0,{},2025-05-25 10:00:00,2025-05-27,264.6925078231293,17.841811903069555,83.076181,5.445,,14.0,24.0,4.0,4.0,6.0,4.0,0.13952932368647303,1872.4891783280584,1839.1486476109233,264.6925078231293,17.841811903069555,-16.58052618185306,-238.6748246175317,141.433557972625,9.0820080556921,-5.658518240961598,-70.81413212886014,336.5935619025901,22.95169748070641,-22.95169748070641,-336.5935619025901,138.7767964052239,9.119906582139164,-6.622559832990672,-91.3115878925729,331.96659030985364,22.41534752926899,-21.898558189996624,-324.6367127070916,260.79140308183213,17.517027180326423,-16.270558795310222,-238.67482461753207,-70.81413212886014,-336.5935619025901,hourly_window_mean_factor_top_available_analogs,4.0,1182.0643509078948,,1182.0643509078948,0.0,20.497455763712765,-11.956849195498535,3.649945842641357e-13,20.497455763712765,-11.956849195498535,3.649945842641357e-13,91.3115878925729,324.6367127070916,238.67482461753207,141.433557972625,9.0820080556921,138.7767964052239,9.119906582139164,336.5935619025901,22.95169748070641,331.96659030985364,22.41534752926899,260.79140308183213,17.517027180326423,4.626971592736481,0.5363499514374226,-0.03789852644706393,0.3247847227431322,91.3115878925729,324.6367127070916,238.67482461753207
experiment_2026_06_24_20_31,ERCOT_demand_NORTH,2025-06-19,Juneteenth National Independence Day,H2,F,best_matching_weekday,True,2025-06-19,3.0,True,True,6,False,2.0,7.0,6.0,pearson,PLS,standard,2.0,{},2025-06-18 10:00:00,2025-06-20,67.53716357112681,3.7042613886628724,133.633238,9.294,,14.0,24.0,4.0,4.0,6.0,4.0,0.14898124791701983,1987.0947700319039,1923.0747855847585,67.53716357112681,3.7042613886628724,-0.07901458022136554,4.631561652306698,96.23772091722172,5.647505375762555,-4.493602453655234,-72.40743979843907,50.795171785904785,2.5707023961880573,2.496161679281725,49.57097916524173,156.08411661309543,8.40453160672249,-6.965809664394487,-129.0046502184395,118.51741833937415,6.525734864982655,4.9457491483755645,82.58601857690859,132.3577808612715,7.217923138255228,0.5572801120918618,4.631561652306656,-72.40743979843907,49.57097916524173,hourly_window_mean_factor_top_available_analogs,4.0,1227.446286980263,,1227.446286980263,0.0,56.59721042000045,-33.01503941166686,4.188462442375327e-14,56.59721042000045,-33.01503941166686,4.188462442375327e-14,129.0046502184395,-82.5860185769086,-4.631561652306656,96.23772091722172,5.647505375762555,156.08411661309543,8.40453160672249,50.795171785904785,2.5707023961880573,118.51741833937415,6.525734864982655,132.3577808612715,7.217923138255228,-67.72224655346936,-3.955032468794598,-2.7570262309599345,-3.513661749592355,129.0046502184395,82.5860185769086,4.631561652306656
experiment_2026_06_24_20_31,ERCOT_demand_NORTH,2025-07-04,Independence Day,H2,I,best_matching_weekday,True,2025-07-04,3.0,True,True,16,False,2.0,21.0,16.0,pearson,PLS,standard,2.0,{},2025-07-03 10:00:00,2025-07-05,114.31779522751931,6.93952659754997,133.626827,8.901,,14.0,24.0,4.0,4.0,16.0,4.0,0.11686252997790786,1899.301970107129,1847.7544639830442,114.31779522751931,6.93952659754997,-5.379848805959077,-81.47890281765538,211.44973443111505,13.510179685378844,-13.485480713154624,-210.9780346769892,57.657497358755165,3.1066456296497926,-0.6515635267616746,-5.937742566377305,287.19419882647423,18.05178372362174,-16.92993000870835,-266.1833761161916,81.13325904355433,4.637173505402232,1.8673806905385752,26.26537327315761,157.05044738463005,9.579398322641,-5.057944303920817,-81.47890281765525,-210.9780346769892,-5.937742566377305,hourly_window_mean_factor_top_available_analogs,4.0,995.4456766381579,,995.4456766381579,0.0,55.20534143920234,-32.20311583953492,-1.3762090882090361e-13,55.20534143920234,-32.20311583953492,-1.3762090882090361e-13,266.18337611619154,-26.26537327315761,81.47890281765524,211.44973443111505,13.510179685378844,287.19419882647423,18.05178372362174,57.657497358755165,3.1066456296497926,81.13325904355433,4.637173505402232,157.05044738463005,9.579398322641,-23.475761684799167,-1.5305278757524392,-4.541604038242895,-2.6398717250910293,266.18337611619154,26.26537327315761,81.47890281765524
experiment_2026_06_24_20_31,ERCOT_demand_NORTH,2025-08-27,Lyndon B. Johnson Day,H2,L,best_matching_weekday,True,2025-08-27,,False,False,0,True,,,,,,,,{},,,,,,,No historical special days share analog cluster 'L' before target_date=2025-08-27.,,,,,,,,,,,,,,,,,,,,,,,,,,,,,,,,,,,,,,,,,,,,,,,,,,,,,,,,,,,,,,,,,,,
experiment_2026_06_24_20_31,ERCOT_demand_NORTH,2025-09-01,Labor Day,H2,I,best_matching_weekday,True,2025-09-01,3.0,True,True,16,False,2.0,21.0,16.0,pearson,PLS,standard,2.0,{},2025-08-31 10:00:00,2025-09-02,221.15584319981352,11.097902464962738,142.89747,9.042,,14.0,24.0,4.0,4.0,16.0,4.0,0.07877811003773208,1729.8126425107127,1680.8989028585274,221.15584319981352,11.097902464962738,11.097902464962738,221.15584319981352,190.56780772839804,9.314423585718917,9.314423585718917,190.56780772839804,238.99886389147264,12.138265144521633,12.138265144521633,238.99886389147264,97.12890652434525,4.735621998260248,4.406773430163719,91.08198704328787,297.0322592911203,14.915101687929573,14.915101687929573,297.0322592911203,223.3836556402032,11.164767065419818,11.04361232980531,221.15584319981363,190.56780772839804,238.99886389147264,hourly_window_mean_factor_top_available_analogs,4.0,1181.3213296710526,,1181.3213296710526,0.0,99.48582068511016,-58.03339539964764,-2.991758887410948e-14,99.48582068511016,-58.03339539964764,-2.991758887410948e-14,-91.08198704328788,-297.0322592911203,-221.15584319981355,190.56780772839804,9.314423585718917,97.12890652434525,4.735621998260248,238.99886389147264,12.138265144521633,297.0322592911203,14.915101687929573,223.3836556402032,11.164767065419818,-58.033395399647645,-2.7768365434079403,4.578801587458669,-0.06686460045708031,91.08198704328788,297.0322592911203,221.15584319981355
experiment_2026_06_24_20_31,ERCOT_demand_NORTH,2025-11-11,Veterans Day,H2,I,best_matching_weekday,True,2025-11-11,3.0,True,True,16,False,2.0,21.0,16.0,pearson,PLS,standard,2.0,{},2025-11-10 10:00:00,2025-11-12,219.8290793553608,12.60304655613352,137.212057,7.356,,14.0,24.0,4.0,4.0,16.0,4.0,0.04312842863654633,1516.7694405393763,1441.3516261132515,219.8290793553608,12.60304655613352,12.60304655613352,219.8290793553608,91.07871565869615,5.241377429696326,5.241377429696326,91.07871565869615,294.93345817841515,16.897353546555212,16.897353546555212,294.93345817841515,140.91872697600527,8.070270716151294,8.070270716151294,140.91872697600527,265.8601182433178,15.255884969611868,15.255884969611868,265.8601182433178,219.8290793553605,12.608553402547447,12.608553402547447,219.8290793553605,91.07871565869615,294.93345817841515,hourly_window_mean_factor_top_available_analogs,4.0,1533.3560530526318,,1533.3560530526318,0.0,-49.84001131730911,29.073339935097408,2.692582998669853e-13,-49.84001131730911,29.073339935097408,2.692582998669853e-13,-140.91872697600527,-265.86011824331774,-219.82907935536053,91.07871565869615,5.241377429696326,140.91872697600527,8.070270716151294,294.93345817841515,16.897353546555212,265.8601182433178,15.255884969611868,219.8290793553605,12.608553402547447,29.07333993509735,1.6414685769433444,-2.828893286454968,-0.00550684641392607,140.91872697600527,265.86011824331774,219.82907935536053
experiment_2026_06_24_20_31,ERCOT_demand_NORTH,2025-11-27,Thanksgiving Day,H1,H,best_matching_weekday,True,2025-11-27,3.0,True,True,16,False,2.0,21.0,16.0,pearson,PLS,standard,2.0,{},2025-11-26 10:00:00,2025-11-28,56.8055855888897,3.3877668798026535,185.100906,10.213,,14.0,24.0,4.0,4.0,16.0,4.0,0.046529446984573196,1614.5538518760738,1583.7289603202455,56.8055855888897,3.3877668798026535,3.35184183077062,56.202326755505005,39.34144326395491,2.3041194502174958,2.249959650302682,38.39018924250575,66.99300194510165,4.0198945470606615,3.9946064360435845,66.59274030475457,45.47177502620367,2.6722230558688245,2.11670341059702,35.63466952971409,68.20012680388325,4.167283246515676,4.167283246515676,68.20012680388325,59.82652351736971,3.6164715973299937,3.4118064648614337,56.202326755505126,38.39018924250575,66.59274030475457,hourly_window_mean_factor_top_available_analogs,4.0,939.5553356315789,,939.5553356315789,0.0,2.755519712791657,-1.607386499128675,-1.3163739104608172e-13,2.755519712791657,-1.607386499128675,-1.3163739104608172e-13,-35.63466952971409,-68.20012680388325,-56.20232675550514,39.34144326395491,2.3041194502174958,45.47177502620367,2.6722230558688245,66.99300194510165,4.0198945470606615,68.20012680388325,4.167283246515676,59.82652351736971,3.6164715973299937,-1.2071248587815973,-0.1473886994550142,-0.3681036056513287,-0.22870471752734023,35.63466952971409,68.20012680388325,56.20232675550514
experiment_2026_06_24_20_31,ERCOT_demand_NORTH,2025-11-28,Day after Thanksgiving,H2,H,best_matching_weekday,True,2025-11-28,3.0,True,True,16,False,2.0,22.0,16.0,pearson,PLS,standard,2.0,{},2025-11-27 10:00:00,2025-11-29,34.777639046406534,2.134861808360687,165.930169,9.03,,14.0,24.0,4.0,4.0,16.0,4.0,0.044891743864277744,1635.1388820192024,1615.1990181959434,34.777639046406534,2.134861808360687,0.0018105722171794369,0.6397685860608997,38.61831043050331,2.4261306204112727,-2.4261306204112727,-38.61831043050331,32.537247405683416,1.9649550013311792,1.4181096012504435,23.54031467905669,70.31555861159872,4.256015117290046,-4.029927364830202,-66.68381390071166,49.45439623889081,3.0464282800432727,2.4779695252772713,39.91185837001143,57.14008763936214,3.4920655358710317,0.08032330260609703,0.6397685860608219,-38.61831043050331,23.54031467905669,hourly_window_mean_factor_top_available_analogs,4.0,735.9397053815788,,735.9397053815788,0.0,28.06550347020834,-16.37154369095474,7.778573107268465e-14,28.06550347020834,-16.37154369095474,7.778573107268465e-14,66.68381390071164,-39.91185837001143,-0.6397685860608219,38.61831043050331,2.4261306204112727,70.31555861159872,4.256015117290046,32.537247405683416,1.9649550013311792,49.45439623889081,3.0464282800432727,57.14008763936214,3.4920655358710317,-16.917148833207392,-1.0814732787120935,-1.829884496878773,-1.3572037275103446,66.68381390071164,39.91185837001143,0.6397685860608219
experiment_2026_06_24_20_31,ERCOT_demand_NORTH,2025-12-24,Christmas Eve,H1,H,best_matching_weekday,True,2025-12-24,3.0,True,True,17,False,2.0,23.0,17.0,pearson,PLS,standard,2.0,{},2025-12-23 10:00:00,2025-12-25,91.67358596165091,5.595031317720587,107.346743,6.252,,14.0,24.0,4.0,4.0,17.0,4.0,0.037087217932951486,1508.962376886978,1492.150044427531,91.67358596165091,5.595031317720587,4.252253031055848,71.79370166565343,150.55719775396955,8.802299907390458,8.802299907390458,150.55719775396955,57.324812416131714,3.7241246404131645,1.5980590198606608,25.848328947469003,174.3829382157103,10.176941169188359,10.176941169188359,174.3829382157103,79.37639058548085,5.185275805107321,0.5965155155516213,11.949980344787036,114.37880287030224,7.024310412926652,4.126146019523051,71.79370166565351,150.55719775396955,25.848328947469003,hourly_window_mean_factor_top_available_analogs,4.0,874.7999683421052,,874.7999683421052,0.0,-23.82574046174081,13.898348602681969,-1.0770331994679413e-13,-23.82574046174081,13.898348602681969,-1.0770331994679413e-13,-174.38293821571037,-11.949980344787035,-71.79370166565354,150.55719775396955,8.802299907390458,174.3829382157103,10.176941169188359,57.324812416131714,3.7241246404131645,79.37639058548085,5.185275805107321,114.37880287030224,7.024310412926652,-22.051578169349135,-1.4611511646941566,-1.3746412617979011,-1.4292790952060646,174.38293821571037,11.949980344787035,71.79370166565354
experiment_2026_06_24_20_31,ERCOT_demand_NORTH,2025-12-25,Christmas Day,H2,H,best_matching_weekday,True,2025-12-25,3.0,True,True,18,False,2.0,24.0,18.0,pearson,PLS,standard,2.0,{},2025-12-24 10:00:00,2025-12-26,61.91099240303279,4.097807413653439,63.508321,3.856,,14.0,24.0,4.0,4.0,18.0,4.0,0.03521444974613534,1525.439798037607,1503.2793256308178,61.91099240303279,4.097807413653439,-1.1122267095174907,-14.384217379712792,49.44199131186497,3.1442159843706796,0.21536923876430447,4.364481122181944,69.18457637288067,4.6540690807350495,-1.8866576793485381,-25.320958172484723,38.06544407160407,2.4224544807682684,0.31567976418317195,5.649546801751902,62.27060969380006,4.19055115521375,-1.9061382918621594,-26.070579818899763,53.35291709614891,3.5391471172601516,-1.08757374489809,-14.384217379712307,4.364481122181944,-25.320958172484723,hourly_window_mean_factor_top_available_analogs,4.0,863.6116588289474,,863.6116588289474,0.0,-1.2850656795699575,0.7496216464150413,-4.846649397605736e-13,-1.2850656795699575,0.7496216464150413,-4.846649397605736e-13,-5.649546801751901,26.070579818899763,14.384217379712307,49.44199131186497,3.1442159843706796,38.06544407160407,2.4224544807682684,69.18457637288067,4.6540690807350495,62.27060969380006,4.19055115521375,53.35291709614891,3.5391471172601516,6.913966679080609,0.4635179255212991,0.7217615036024112,0.5586602963932874,5.649546801751901,26.070579818899763,14.384217379712307
experiment_2026_06_24_20_31,ERCOT_demand_NORTH,2026-01-01,New Year's Day,H2,F,best_matching_weekday,True,2026-01-01,3.0,True,True,18,False,2.0,24.0,18.0,pearson,PLS,standard,2.0,{},2025-12-31 10:00:00,2026-01-02,234.6438641888628,14.594585224361301,66.203302,4.153,,14.0,24.0,4.0,4.0,18.0,4.0,0.03620497976864597,1863.2140422414943,1871.7608751013697,234.6438641888628,14.594585224361301,-14.594585224361301,-234.6438641888628,168.48321612456488,10.15033107322471,-10.15033107322471,-168.48321612456488,273.2375755597034,17.18706681252431,-17.18706681252431,-273.2375755597034,230.23972910120648,13.880966445167351,-13.880966445167351,-230.23972910120648,237.21294298999564,15.036465364900264,-15.036465364900264,-237.21294298999564,234.64386418886275,14.610755236577614,-14.610755236577614,-234.64386418886275,-168.48321612456488,-273.2375755597034,hourly_window_mean_factor_top_available_analogs,4.0,870.1220390657894,,870.1220390657894,0.0,61.7565129766416,-36.024632569707734,-8.376924884750654e-14,61.7565129766416,-36.024632569707734,-8.376924884750654e-14,230.23972910120648,237.21294298999564,234.64386418886272,168.48321612456488,10.15033107322471,230.23972910120648,13.880966445167351,273.2375755597034,17.18706681252431,237.21294298999564,15.036465364900264,234.64386418886275,14.610755236577614,36.024632569707734,2.1506014476240463,-3.7306353719426415,-0.016170012216312202,230.23972910120648,237.21294298999564,234.64386418886272
experiment_2026_06_24_20_31,ERCOT_demand_NORTH,2026-01-19,Martin Luther King Jr. Day,H2,J,best_matching_weekday,True,2026-01-19,3.0,True,True,13,False,2.0,17.0,13.0,pearson,PLS,standard,2.0,{},2026-01-18 10:00:00,2026-01-20,110.49071840555625,5.921090558148125,133.348935,8.362,,14.0,24.0,4.0,4.0,13.0,4.0,0.05602400193624877,1956.0247492360304,1964.593515717387,110.49071840555625,5.921090558148125,-3.918824619683177,-68.71948744655683,96.38653191084832,5.324572824638227,-5.324572824638227,-96.38653191084832,118.7181605274692,6.269059236028897,-3.098804833459397,-52.58037817572012,79.61875793448993,4.32791065520347,-2.439117974063979,-45.426819697189835,152.65178005283929,8.030663191229499,-4.598172781297433,-82.30687696702073,125.74487716713166,6.66649120427254,-3.802731536527212,-68.71948744655671,-96.38653191084832,-52.58037817572012,hourly_window_mean_factor_top_available_analogs,4.0,1146.4704159473683,,1146.4704159473683,0.0,-50.95971221365848,29.72649879130061,-1.0770331994679413e-13,-50.95971221365848,29.72649879130061,-1.0770331994679413e-13,45.42681969718984,82.30687696702073,68.71948744655671,96.38653191084832,5.324572824638227,79.61875793448993,4.32791065520347,118.7181605274692,6.269059236028897,152.65178005283929,8.030663191229499,125.74487716713166,6.66649120427254,-33.93361952537009,-1.7616039552006013,0.9966621694347566,-0.7454006461244154,45.42681969718984,82.30687696702073,68.71948744655671
experiment_2026_06_24_20_31,ERCOT_demand_NORTH,2026-02-16,Presidents' Day,H2,H,best_matching_weekday,True,2026-02-16,3.0,True,True,13,False,2.0,17.0,13.0,pearson,PLS,standard,2.0,{},2026-02-15 10:00:00,2026-02-17,121.15006256006734,7.394727408626564,140.44977,8.523,,14.0,24.0,4.0,4.0,13.0,4.0,0.036516130620011626,1503.7133854399328,1486.951627692146,121.15006256006734,7.394727408626564,7.394727408626564,121.15006256006734,104.09098163529018,6.337334543350235,6.337334543350235,104.09098163529018,131.10119309952066,8.011539913371088,8.011539913371088,131.10119309952066,117.7157559847664,7.155815819045453,7.155815819045453,117.7157559847664,123.15340806232594,7.567780929880829,7.567780929880829,123.15340806232594,121.15006256006717,7.416004310099376,7.416004310099376,121.15006256006717,104.09098163529018,131.10119309952066,hourly_window_mean_factor_top_available_analogs,4.0,907.8598719013157,,907.8598719013157,0.0,-13.624774349476231,7.947785037194715,1.555714621453693e-13,-13.624774349476231,7.947785037194715,1.555714621453693e-13,-117.7157559847664,-123.15340806232594,-121.15006256006718,104.09098163529018,6.337334543350235,117.7157559847664,7.155815819045453,131.10119309952066,8.011539913371088,123.15340806232594,7.567780929880829,121.15006256006717,7.416004310099376,7.94778503719472,0.4437589834902589,-0.818481275695218,-0.02127690147281225,117.7157559847664,123.15340806232594,121.15006256006718
experiment_2026_06_24_20_31,ERCOT_demand_NORTH,2026-03-02,Texas Independence Day,H2,G,best_matching_weekday,True,2026-03-02,3.0,True,True,7,False,2.0,9.0,7.0,pearson,PLS,standard,2.0,{},2026-03-01 10:00:00,2026-03-03,86.79603157443877,5.158461117096643,148.607549,8.888,,14.0,24.0,4.0,4.0,7.0,4.0,0.04262598366290711,1543.9862365128624,1543.1375215417975,86.79603157443877,5.158461117096643,4.362680515162711,74.04248275029575,136.8356488645746,7.91533422653398,7.862199249244057,135.98136832245544,57.606254821859494,3.5502851365915284,2.3212945869485933,37.91146616653592,154.0725429534202,8.949780142747814,8.949780142747814,154.0725429534202,61.30446680390424,3.812427353448026,1.7127683097776611,27.3582809651393,95.48217906951538,5.705136275821631,4.379035827187717,74.04248275029542,135.98136832245544,37.91146616653592,hourly_window_mean_factor_top_available_analogs,4.0,797.5934181776316,,797.5934181776316,0.0,-18.091174630964733,10.553185201396616,3.290934776152043e-13,-18.091174630964733,10.553185201396616,3.290934776152043e-13,-154.07254295342017,-27.3582809651393,-74.04248275029542,136.8356488645746,7.91533422653398,154.0725429534202,8.949780142747814,57.606254821859494,3.5502851365915284,61.30446680390424,3.812427353448026,95.48217906951538,5.705136275821631,-3.6982119820447465,-0.2621422168564975,-1.0344459162138344,-0.5466751587249883,154.07254295342017,27.3582809651393,74.04248275029542
experiment_2026_06_24_20_31,ERCOT_demand_SCENT,2025-01-01,New Year's Day,H2,I,best_matching_weekday,True,2025-01-01,3.0,True,True,12,False,2.0,16.0,12.0,pearson,PLS,standard,2.0,{},2024-12-31 10:00:00,2025-01-02,343.233045307818,5.097379995837973,341.314897,5.028,,14.0,24.0,4.0,4.0,12.0,4.0,0.08408561334308533,6559.633071551053,6380.71709083312,343.233045307818,5.097379995837973,4.072325317969077,274.653847264735,100.74288420635705,1.4636920760711851,0.5333217993068117,38.22648821819985,484.6856392836703,7.217031282368599,6.136744037188734,412.5698067085472,63.759753363794644,0.9409242604440554,0.3446276462943737,22.675419733238805,565.1917886944319,8.457209120350742,6.349007460427366,421.64126332477696,380.45367041472343,5.68805154038512,4.136867528904685,274.6538472647366,38.22648821819985,412.5698067085472,hourly_window_mean_factor_top_available_analogs,4.0,6229.56129961842,,6229.56129961842,0.0,15.551068484961045,-9.071456616229776,-1.5796486925529807e-12,15.551068484961045,-9.071456616229776,-1.5796486925529807e-12,-22.675419733238805,-421.641263324777,-274.6538472647366,100.74288420635705,1.4636920760711851,63.759753363794644,0.9409242604440554,484.6856392836703,7.217031282368599,565.1917886944319,8.457209120350742,380.45367041472343,5.68805154038512,-80.50614941076162,-1.2401778379821424,0.5227678156271297,-0.5906715445471473,22.675419733238805,421.641263324777,274.6538472647366
experiment_2026_06_24_20_31,ERCOT_demand_SCENT,2025-01-20,Martin Luther King Jr. Day,H2,J,best_matching_weekday,True,2025-01-20,3.0,True,True,6,False,2.0,8.0,6.0,pearson,PLS,standard,2.0,{},2025-01-19 10:00:00,2025-01-21,2074.7186965770247,17.38740904975957,279.386082,4.118,,14.0,24.0,4.0,4.0,6.0,4.0,0.06583364865870592,9639.217092107185,9889.736784492603,2074.7186965770247,17.38740904975957,17.38740904975957,2074.7186965770247,1186.2472251963866,11.469211778777893,11.469211778777893,1186.2472251963866,2592.993721549064,20.83969079116554,20.83969079116554,2592.993721549064,1102.2785931419958,10.457179629242532,10.457179629242532,1102.2785931419958,2641.975423580793,21.1397588142939,21.1397588142939,2641.975423580793,2074.7186965770256,17.20407174611708,17.20407174611708,2074.7186965770256,1186.2472251963866,2592.993721549064,hourly_window_mean_factor_top_available_analogs,4.0,8289.817982401315,,8289.817982401315,0.0,83.96863205439091,-48.981702031729355,-8.376924884750655e-13,83.96863205439091,-48.981702031729355,-8.376924884750655e-13,-1102.2785931419958,-2641.975423580793,-2074.7186965770256,1186.2472251963866,11.469211778777893,1102.2785931419958,10.457179629242532,2592.993721549064,20.83969079116554,2641.975423580793,21.1397588142939,2074.7186965770256,17.20407174611708,-48.98170203172913,-0.30006802312835745,1.0120321495353615,0.1833373036424888,1102.2785931419958,2641.975423580793,2074.7186965770256
experiment_2026_06_24_20_31,ERCOT_demand_SCENT,2025-02-17,Presidents' Day,H2,F,best_matching_weekday,True,2025-02-17,3.0,True,True,6,False,2.0,8.0,6.0,pearson,PLS,standard,2.0,{},2025-02-16 10:00:00,2025-02-18,1265.1890268672794,14.308927341415579,886.943115,8.716,,14.0,24.0,4.0,4.0,6.0,4.0,0.0711932613935801,7042.912110769268,6821.858143085199,1265.1890268672794,14.308927341415579,14.045692054923794,1246.479405414942,631.9453806429574,7.5152658842123135,6.800770106591758,581.1621224151843,1634.5811538314674,18.27189652478415,18.27189652478415,1634.5811538314674,573.214196447376,6.951477272687598,3.806793227100892,345.97776434915295,1771.772029369986,19.978001908054807,19.978001908054807,1771.772029369986,1330.198090924814,15.178755989761624,14.02018818349284,1246.4794054149424,581.1621224151843,1634.5811538314674,hourly_window_mean_factor_top_available_analogs,4.0,6086.760087006579,,6086.760087006579,0.0,235.18435806603136,-137.19087553851878,-3.111429242907386e-13,235.18435806603136,-137.19087553851878,-3.111429242907386e-13,-345.97776434915295,-1771.7720293699863,-1246.4794054149422,631.9453806429574,7.5152658842123135,573.214196447376,6.951477272687598,1634.5811538314674,18.27189652478415,1771.772029369986,19.978001908054807,1330.198090924814,15.178755989761624,-137.19087553851864,-1.706105383270657,0.563788611524715,-0.8698286483460453,345.97776434915295,1771.7720293699863,1246.4794054149422
experiment_2026_06_24_20_31,ERCOT_demand_SCENT,2025-03-02,Texas Independence Day,H2,G,best_matching_weekday,True,2025-03-02,3.0,True,True,6,False,2.0,8.0,6.0,pearson,PLS,standard,2.0,{},2025-03-01 10:00:00,2025-03-03,589.3519875973062,8.058598010840342,1231.423068,12.314,,14.0,24.0,4.0,4.0,6.0,4.0,0.05505357314093029,6594.611173618825,6480.079332527155,589.3519875973062,8.058598010840342,4.870151318450138,394.5967141443329,694.6817620743137,9.210826405337903,6.607238661813175,525.5644862954553,527.9096191523853,7.386464780716764,3.8568503681550332,318.1988470561782,824.5871655656658,11.012764433923468,6.6967877012107495,543.2194242679037,564.8394457415114,7.94303089554118,3.645135980282866,307.9001332389165,660.5359740977788,9.073985357050447,4.769428719572086,394.59671414433285,525.5644862954553,318.1988470561782,hourly_window_mean_factor_top_available_analogs,4.0,5943.049523973684,,5943.049523973684,0.0,-17.654937972448547,10.29871381726169,2.3934071099287584e-14,-17.654937972448547,10.29871381726169,2.3934071099287584e-14,-543.2194242679038,-307.9001332389165,-394.5967141443329,694.6817620743137,9.210826405337903,824.5871655656658,11.012764433923468,527.9096191523853,7.386464780716764,564.8394457415114,7.94303089554118,660.5359740977788,9.073985357050447,-36.92982658912615,-0.5565661148244159,-1.8019380285855657,-1.0153873462101046,543.2194242679038,307.9001332389165,394.5967141443329
experiment_2026_06_24_20_31,ERCOT_demand_SCENT,2025-04-21,San Jacinto Day,H2,G,best_matching_weekday,True,2025-04-21,3.0,True,True,6,False,2.0,8.0,6.0,pearson,PLS,standard,2.0,{},2025-04-20 10:00:00,2025-04-22,700.8378244715904,9.290942463160018,1309.753237,13.252,,14.0,24.0,4.0,4.0,6.0,4.0,0.09597986319040733,8217.008747320093,7933.921260029257,700.8378244715904,9.290942463160018,-4.796498582170147,-257.44021613588285,466.8406629975988,6.116546979625633,-5.96012133494628,-452.400955675812,837.3361686647519,11.142673161888405,-4.117718643050739,-143.7131180709242,644.2550453518045,8.2296615718266,-8.2296615718266,-644.2550453518045,738.0334328550339,9.510244536965477,-2.3305761615726923,-31.798232426594495,703.4835006170019,9.038450812966945,-4.503923417982028,-257.44021613588234,-452.400955675812,-143.7131180709242,hourly_window_mean_factor_top_available_analogs,4.0,5979.883355125,,5979.883355125,0.0,191.85408967599247,-111.91488564432969,-4.786814219857517e-13,191.85408967599247,-111.91488564432969,-4.786814219857517e-13,644.2550453518045,31.79823242659451,257.4402161358824,466.8406629975988,6.116546979625633,644.2550453518045,8.2296615718266,837.3361686647519,11.142673161888405,738.0334328550339,9.510244536965477,703.4835006170019,9.038450812966945,99.302735809718,1.6324286249229285,-2.1131145922009678,0.2524916501930736,644.2550453518045,31.79823242659451,257.4402161358824
experiment_2026_06_24_20_31,ERCOT_demand_SCENT,2025-05-26,Memorial Day,H2,I,best_matching_weekday,True,2025-05-26,3.0,True,True,13,False,2.0,17.0,13.0,pearson,PLS,standard,2.0,{},2025-05-25 10:00:00,2025-05-27,639.465269581388,6.085330602279622,781.089961,9.704,,14.0,24.0,4.0,4.0,13.0,4.0,0.1472025913244158,10214.652564783613,9749.724662240107,639.465269581388,6.085330602279622,2.9622332717511397,334.9330035321771,815.2846801433409,6.814389629762764,5.451566108369901,687.102849070378,536.9039467535822,5.660046169581122,1.5101224503901947,129.50059363489314,408.65724860698276,3.519648882796136,3.519648882796136,408.65724860698276,649.8898919977911,7.110171159719286,3.420290225907273,291.9271939052057,561.0147075906511,5.787347162958125,3.456896046866328,334.9330035321762,687.102849070378,129.50059363489314,hourly_window_mean_factor_top_available_analogs,4.0,9898.742550973684,,9898.742550973684,0.0,278.44560046339524,-162.42660027031255,8.376924884750655e-13,278.44560046339524,-162.42660027031255,8.376924884750655e-13,-408.6572486069828,-291.9271939052057,-334.93300353217626,815.2846801433409,6.814389629762764,408.65724860698276,3.519648882796136,536.9039467535822,5.660046169581122,649.8898919977911,7.110171159719286,561.0147075906511,5.787347162958125,-112.98594524420889,-1.450124990138164,3.294740746966628,0.29798343932149685,408.6572486069828,291.9271939052057,334.93300353217626
experiment_2026_06_24_20_31,ERCOT_demand_SCENT,2025-06-19,Juneteenth National Independence Day,H2,F,best_matching_weekday,True,2025-06-19,3.0,True,True,13,False,2.0,17.0,13.0,pearson,PLS,standard,2.0,{},2025-06-18 10:00:00,2025-06-20,432.2371423885511,3.8435070068074677,641.197898,7.765,,14.0,24.0,4.0,4.0,13.0,4.0,0.15432826954799322,10993.442479487067,10384.405225210134,432.2371423885511,3.8435070068074677,2.4122916449637204,255.26121424977464,269.5307429148666,2.2218604036823306,-1.6628670070364138,-210.83249060466954,527.1492087482005,4.789467525297131,4.789467525297131,527.1492087482005,301.2329806155766,2.5285489801592065,-1.1926825309414162,-161.1240802379894,506.9823928693974,5.090263266309404,5.023011807858919,498.15263603430486,431.17997782851614,4.146473792464595,2.733019156721953,255.26121424977546,-210.83249060466954,527.1492087482005,hourly_window_mean_factor_top_available_analogs,4.0,9178.115930059212,,9178.115930059212,0.0,-49.70841036668013,28.996572713895528,-7.658902751772027e-13,-49.70841036668013,28.996572713895528,-7.658902751772027e-13,161.1240802379894,-498.152636034305,-255.2612142497754,269.5307429148666,2.2218604036823306,301.2329806155766,2.5285489801592065,527.1492087482005,4.789467525297131,506.9823928693974,5.090263266309404,431.17997782851614,4.146473792464595,20.166815878803106,-0.3007957410122728,-0.30668857647687586,-0.302966785657127,161.1240802379894,498.152636034305,255.2612142497754
experiment_2026_06_24_20_31,ERCOT_demand_SCENT,2025-07-04,Independence Day,H2,H,best_matching_weekday,True,2025-07-04,3.0,True,True,13,False,2.0,17.0,13.0,pearson,PLS,standard,2.0,{},2025-07-03 10:00:00,2025-07-05,618.4646117707833,6.716215508780876,602.894124,6.522,,14.0,24.0,4.0,4.0,13.0,4.0,0.13933744035461126,9916.441915208577,9574.551032074516,618.4646117707833,6.716215508780876,-6.542970625816082,-602.063836655947,131.77451260724243,1.2572736899773298,-0.7870375790728888,-87.2581230098293,902.3671696161823,9.900598236416279,-9.900598236416279,-902.3671696161823,234.58115470131284,2.2064036096836075,-1.7605902597048495,-194.62291337925686,1087.5158679186864,12.02907802468575,-8.880809509516245,-839.7377085673479,773.2767630491276,8.410197977053382,-6.257570838533101,-602.063836655946,-87.2581230098293,-902.3671696161823,hourly_window_mean_factor_top_available_analogs,4.0,8060.432960473684,,8060.432960473684,0.0,107.36479036942754,-62.629461048834365,-1.0291650572693661e-12,107.36479036942754,-62.629461048834365,-1.0291650572693661e-12,194.62291337925683,839.7377085673479,602.0638366559459,131.77451260724243,1.2572736899773298,234.58115470131284,2.2064036096836075,902.3671696161823,9.900598236416279,1087.5158679186864,12.02907802468575,773.2767630491276,8.410197977053382,-185.14869830250404,-2.1284797882694715,-0.9491299197062777,-1.6939824682725062,194.62291337925683,839.7377085673479,602.0638366559459
experiment_2026_06_24_20_31,ERCOT_demand_SCENT,2025-08-27,Lyndon B. Johnson Day,H2,F,best_matching_weekday,True,2025-08-27,3.0,True,True,13,False,2.0,17.0,13.0,pearson,PLS,standard,2.0,{},2025-08-26 10:00:00,2025-08-28,361.14505884713793,3.1010586703350485,563.389008,5.548,,14.0,24.0,4.0,4.0,13.0,4.0,0.13469541966479892,11652.780998512268,11009.36413234558,361.14505884713793,3.1010586703350485,-2.3126629331216737,-289.0137896701625,568.4989501551647,4.6928160278106805,-4.6928160278106805,-568.4989501551647,240.18862225078897,2.172533545140929,-0.9242402945530869,-125.98077938724457,1004.2695410615703,8.223125620486034,-8.223125620486034,-1004.2695410615703,404.3127357527956,3.4929386217816307,0.7431499359165978,128.21873197482523,625.3494534981336,5.235639094988516,-2.560214742758056,-289.01378967016257,-568.4989501551647,-125.98077938724457,hourly_window_mean_factor_top_available_analogs,4.0,9007.845280052632,,9007.845280052632,0.0,435.7705909064055,-254.19951136206979,4.786814219857517e-14,435.7705909064055,-254.19951136206979,4.786814219857517e-14,1004.2695410615702,-128.21873197482523,289.01378967016257,568.4989501551647,4.6928160278106805,1004.2695410615703,8.223125620486034,240.18862225078897,2.172533545140929,404.3127357527956,3.4929386217816307,625.3494534981336,5.235639094988516,-164.12411350200665,-1.3204050766407018,-3.530309592675353,-2.134580424653467,1004.2695410615702,128.21873197482523,289.01378967016257
experiment_2026_06_24_20_31,ERCOT_demand_SCENT,2025-09-01,Labor Day,H2,H,best_matching_weekday,True,2025-09-01,3.0,True,True,18,False,2.0,24.0,18.0,pearson,PLS,standard,2.0,{},2025-08-31 10:00:00,2025-09-02,1291.2485432043552,12.806590920497161,477.222907,4.589,,14.0,24.0,4.0,4.0,18.0,4.0,0.14945844760845786,11403.140598151722,10882.458498999024,1291.2485432043552,12.806590920497161,-12.806590920497161,-1291.2485432043552,1444.8154731992092,13.300538631920594,-13.300538631920594,-1444.8154731992092,1201.66783404069,12.518454755500159,-12.518454755500159,-1201.66783404069,1246.5863981012405,11.424788511404502,-11.301063147344138,-1235.0060901967968,1324.0566407920944,13.392444768914116,-13.392444768914116,-1324.0566407920944,1295.514972432306,12.667518779305311,-12.621935750440967,-1291.248543204353,-1444.8154731992092,-1201.66783404069,hourly_window_mean_factor_top_available_analogs,4.0,9329.538431368419,,9329.538431368419,0.0,-209.80938300241255,122.38880675140437,-1.8668575457444318e-12,-209.80938300241255,122.38880675140437,-1.8668575457444318e-12,1235.0060901967968,1324.0566407920944,1291.2485432043534,1444.8154731992092,13.300538631920594,1246.5863981012405,11.424788511404502,1201.66783404069,12.518454755500159,1324.0566407920944,13.392444768914116,1295.514972432306,12.667518779305311,-122.38880675140445,-0.8739900134139571,1.8757501205160914,0.13907214119184985,1235.0060901967968,1324.0566407920944,1291.2485432043534
experiment_2026_06_24_20_31,ERCOT_demand_SCENT,2025-11-11,Veterans Day,H2,G,best_matching_weekday,True,2025-11-11,3.0,True,True,18,False,2.0,24.0,18.0,pearson,PLS,standard,2.0,{},2025-11-10 10:00:00,2025-11-12,262.4365832489675,3.692970602083665,776.993799,7.727,,14.0,24.0,4.0,4.0,18.0,4.0,0.061329585408283815,7067.629463479955,6901.025487093842,262.4365832489675,3.692970602083665,0.31614122317341165,28.67150973057053,294.8187983967742,4.167631994382551,-1.9737017487964312,-131.1393622847216,243.54695774608015,3.4160847899093163,1.6518829568224866,121.89451840615762,290.40323614199434,4.12413077040258,-2.55046478755969,-174.26050533261682,340.2593026747372,4.898615813714323,2.115228440258401,147.048518517431,321.8912781626741,4.613279218809997,0.39628883000963033,28.671509730571273,-131.1393622847216,121.89451840615762,hourly_window_mean_factor_top_available_analogs,4.0,6176.730826625,,6176.730826625,0.0,43.1211430478952,-25.154000111273376,-7.419562040779151e-13,43.1211430478952,-25.154000111273376,-7.419562040779151e-13,174.26050533261682,-147.04851851743098,-28.671509730571273,294.8187983967742,4.167631994382551,290.40323614199434,4.12413077040258,243.54695774608015,3.4160847899093163,340.2593026747372,4.898615813714323,321.8912781626741,4.613279218809997,-96.71234492865707,-1.4825310238050067,0.04350122397997058,-0.9203086167263321,174.26050533261682,147.04851851743098,28.671509730571273
experiment_2026_06_24_20_31,ERCOT_demand_SCENT,2025-11-27,Thanksgiving Day,H1,F,best_matching_weekday,True,2025-11-27,3.0,True,True,18,False,2.0,24.0,18.0,pearson,PLS,standard,2.0,{},2025-11-26 10:00:00,2025-11-28,627.4817655158946,9.01199813778443,652.637354,6.653,,14.0,24.0,4.0,4.0,18.0,4.0,0.12576319928693266,7434.293688345466,7123.360543558961,627.4817655158946,9.01199813778443,-8.43738168510189,-587.8452059507287,779.9012226937572,10.795475373974247,-10.795475373974247,-779.9012226937572,538.5704154954748,7.971636416673699,-7.061827033259686,-475.81252951729533,1005.7786262069055,13.894520387976694,-13.894520387976694,-1005.7786262069055,734.095533777199,11.028151569766033,-4.838719385880675,-344.050710801293,834.1893046723541,12.084182187001542,-8.175067123495,-587.8452059507293,-779.9012226937572,-475.81252951729533,hourly_window_mean_factor_top_available_analogs,4.0,7652.044182394738,,7652.044182394738,0.0,225.8774035131483,-131.76181871600227,5.74417706382902e-13,225.8774035131483,-131.76181871600227,5.74417706382902e-13,1005.7786262069055,344.05071080129306,587.8452059507292,779.9012226937572,10.795475373974247,1005.7786262069055,13.894520387976694,538.5704154954748,7.971636416673699,734.095533777199,11.028151569766033,834.1893046723541,12.084182187001542,-195.5251182817242,-3.0565151530923336,-3.0990450140024475,-3.072184049217112,1005.7786262069055,344.05071080129306,587.8452059507292
experiment_2026_06_24_20_31,ERCOT_demand_SCENT,2025-11-28,Day after Thanksgiving,H2,G,best_matching_weekday,True,2025-11-28,3.0,True,True,18,False,2.0,24.0,18.0,pearson,PLS,standard,2.0,{},2025-11-27 10:00:00,2025-11-29,266.4234417183778,3.922948842293976,727.055631,8.504,,14.0,24.0,4.0,4.0,18.0,4.0,0.09072195189839792,7005.4706394267805,6829.285556052056,266.4234417183778,3.922948842293976,-3.2331773519486156,-216.09792437414924,520.7883641044206,7.651571980048101,-5.838487342014057,-388.0024346405954,118.0439036598528,1.7479186786040692,-1.7134131910771082,-115.82029338538898,621.4394392832425,9.12293704348606,-6.5741275147160865,-435.08529448105236,384.06443438679025,5.719900709792334,-0.9347663907042274,-88.35529181178863,471.51838355916726,6.973650937995285,-3.0124257521822804,-216.09792437414896,-388.0024346405954,-115.82029338538898,hourly_window_mean_factor_top_available_analogs,4.0,5997.684161256579,,5997.684161256579,0.0,47.08285984045694,-27.465001573600336,-2.87208853191451e-13,47.08285984045694,-27.465001573600336,-2.87208853191451e-13,435.08529448105236,88.35529181178865,216.09792437414896,520.7883641044206,7.651571980048101,621.4394392832425,9.12293704348606,118.0439036598528,1.7479186786040692,384.06443438679025,5.719900709792334,471.51838355916726,6.973650937995285,-266.02053072693747,-3.971982031188265,-1.4713650634379585,-3.0507020957013093,435.08529448105236,88.35529181178865,216.09792437414896
experiment_2026_06_24_20_31,ERCOT_demand_SCENT,2025-12-24,Christmas Eve,H1,H,best_matching_weekday,True,2025-12-24,3.0,True,True,18,False,2.0,24.0,18.0,pearson,PLS,standard,2.0,{},2025-12-23 10:00:00,2025-12-25,354.7185563171581,4.572276290587298,385.447263,5.543,,14.0,24.0,4.0,4.0,18.0,4.0,0.1463295674823577,7437.842789208051,7291.486903146724,354.7185563171581,4.572276290587298,2.865551497960251,245.350559370896,460.4173499725295,5.6884101776332425,5.6884101776332425,460.4173499725295,293.0609266848582,3.9211981898104966,1.2188839348176737,119.89493151994309,534.8950330278059,6.627895116090954,0.26238203456347,3.0237710489902514,496.04449843091214,7.2319800984714595,5.893715155024194,386.70785255867514,510.3578532823993,7.009422473383904,3.8190134790649792,245.35055937089655,460.4173499725295,119.89493151994309,hourly_window_mean_factor_top_available_analogs,4.0,7598.568459335526,,7598.568459335526,0.0,457.3935789235393,-266.8129210387321,-5.265495641843269e-13,457.3935789235393,-266.8129210387321,-5.265495641843269e-13,-3.023771048990227,-386.7078525586752,-245.35055937089655,460.4173499725295,5.6884101776332425,534.8950330278059,6.627895116090954,293.0609266848582,3.9211981898104966,496.04449843091214,7.2319800984714595,510.3578532823993,7.009422473383904,-202.98357174605394,-3.310781908660963,-0.9394849384577117,-2.4371461827966066,3.023771048990227,386.7078525586752,245.35055937089655
experiment_2026_06_24_20_31,ERCOT_demand_SCENT,2025-12-25,Christmas Day,H2,H,best_matching_weekday,True,2025-12-25,3.0,True,True,18,False,2.0,24.0,18.0,pearson,PLS,standard,2.0,{},2025-12-24 10:00:00,2025-12-26,298.11002145975874,4.172648113366149,416.207921,5.836,,14.0,24.0,4.0,4.0,18.0,4.0,0.1497138245389222,7610.9035944307325,7403.618170960908,298.11002145975874,4.172648113366149,-3.13009617269448,-215.42269856231093,198.75431960064563,2.5543579780730177,0.27542586089294124,25.682699692426922,356.06751421090803,5.116650692287142,-5.116650692287142,-356.06751421090803,465.5281496082917,5.7974311538673415,-3.8850283813680107,-323.72412672767825,657.0544761621264,9.215209399944845,-1.2499540309355652,-152.24686546584746,586.4921453265032,7.9560279408636605,-2.220770896884361,-215.42269856231144,25.682699692426922,-356.06751421090803,hourly_window_mean_factor_top_available_analogs,4.0,8171.629206223684,,8171.629206223684,0.0,349.4068264201052,-203.82064874506054,5.265495641843269e-13,349.4068264201052,-203.82064874506054,5.265495641843269e-13,323.72412672767825,152.2468654658475,215.42269856231147,198.75431960064563,2.5543579780730177,465.5281496082917,5.7974311538673415,356.06751421090803,5.116650692287142,657.0544761621264,9.215209399944845,586.4921453265032,7.9560279408636605,-300.9869619512184,-4.098558707657703,-3.243073175794324,-3.7833798274975114,323.72412672767825,152.2468654658475,215.42269856231147
experiment_2026_06_24_20_31,ERCOT_demand_SCENT,2026-01-01,New Year's Day,H2,I,best_matching_weekday,True,2026-01-01,3.0,True,True,14,False,2.0,18.0,14.0,pearson,PLS,standard,2.0,{},2025-12-31 10:00:00,2026-01-02,1783.4752237927203,24.480117117115345,285.479231,3.939,,14.0,24.0,4.0,4.0,14.0,4.0,0.07211531879558838,9143.44938737167,9276.456474707693,1783.4752237927203,24.480117117115345,-24.480117117115345,-1783.4752237927203,1322.6656695813406,17.656618532697177,-17.656618532697177,-1322.6656695813406,2052.280797082692,28.46049129135928,-28.46049129135928,-2052.280797082692,1323.8924513417733,17.655705879266947,-17.655705879266947,-1323.8924513417733,2051.5651743891085,28.45877968819595,-28.45877968819595,-2051.5651743891085,1783.4752237927214,24.478699863853684,-24.478699863853684,-1783.4752237927214,-1322.6656695813406,-2052.280797082692,hourly_window_mean_factor_top_available_analogs,4.0,6949.124975171053,,6949.124975171053,0.0,1.226781760432589,-0.7156226935836306,1.2924398393615296e-12,1.226781760432589,-0.7156226935836306,1.2924398393615296e-12,1323.8924513417733,2051.5651743891085,1783.4752237927216,1322.6656695813406,17.656618532697177,1323.8924513417733,17.655705879266947,2052.280797082692,28.46049129135928,2051.5651743891085,28.45877968819595,1783.4752237927214,24.478699863853684,0.7156226935835548,0.0017116031633293005,0.0009126534302303924,0.0014172532616605338,1323.8924513417733,2051.5651743891085,1783.4752237927216
experiment_2026_06_24_20_31,ERCOT_demand_SCENT,2026-01-19,Martin Luther King Jr. Day,H2,J,best_matching_weekday,True,2026-01-19,3.0,True,True,7,False,2.0,9.0,7.0,pearson,PLS,standard,2.0,{},2026-01-18 10:00:00,2026-01-20,1549.0236102836304,19.043039239818995,797.368323,10.862,,14.0,24.0,4.0,4.0,7.0,4.0,0.07235960032711208,9749.24028715205,9995.39588865983,1549.0236102836304,19.043039239818995,-19.043039239818995,-1549.0236102836304,1274.2471552815737,15.925028341678019,-15.925028341678019,-1274.2471552815737,1709.3098757014966,20.86187893040123,-20.86187893040123,-1709.3098757014966,1244.8340199059096,15.45776500864552,-15.45776500864552,-1244.8340199059096,1726.4675380039653,20.975528978917286,-20.975528978917286,-1726.4675380039653,1549.023610283629,18.94266856881717,-18.94266856881717,-1549.023610283629,-1274.2471552815737,-1709.3098757014966,hourly_window_mean_factor_top_available_analogs,4.0,7839.653924552632,,7839.653924552632,0.0,-29.413135375663973,17.15766230246868,-1.2445716971629545e-12,-29.413135375663973,17.15766230246868,-1.2445716971629545e-12,1244.8340199059096,1726.4675380039653,1549.0236102836293,1274.2471552815737,15.925028341678019,1244.8340199059096,15.45776500864552,1709.3098757014966,20.86187893040123,1726.4675380039653,20.975528978917286,1549.023610283629,18.94266856881717,-17.15766230246868,-0.11365004851605676,0.46726333303249845,0.1003706710018264,1244.8340199059096,1726.4675380039653,1549.0236102836293
experiment_2026_06_24_20_31,ERCOT_demand_SCENT,2026-02-16,Presidents' Day,H2,F,best_matching_weekday,True,2026-02-16,3.0,True,True,7,False,2.0,9.0,7.0,pearson,PLS,standard,2.0,{},2026-02-15 10:00:00,2026-02-17,389.57452770656766,5.63406797787476,1205.133667,15.81,,14.0,24.0,4.0,4.0,7.0,4.0,0.057560905121801856,6933.961992223476,6826.5782329560125,389.57452770656766,5.63406797787476,-1.4778957751208541,-59.51357456558171,354.5904417485247,5.346554342481423,-4.456782244562928,-289.02863896770134,409.98191118209274,5.801784265187538,0.2597879987203548,74.3702130023214,367.1585381523904,5.507140709254149,-3.7136417906644423,-236.4736934172152,425.9583442342926,6.021748478497685,-0.14572384569139818,43.7131614312054,404.2952577830655,5.832156142460592,-1.4602199306814676,-59.513574565581145,-289.02863896770134,74.3702130023214,hourly_window_mean_factor_top_available_analogs,4.0,6029.2021355,,6029.2021355,0.0,-52.554945550486146,30.65705157111601,-5.74417706382902e-13,-52.554945550486146,30.65705157111601,-5.74417706382902e-13,236.4736934172152,-43.71316143120539,59.51357456558114,354.5904417485247,5.346554342481423,367.1585381523904,5.507140709254149,409.98191118209274,5.801784265187538,425.9583442342926,6.021748478497685,404.2952577830655,5.832156142460592,-15.976433052199866,-0.21996421331014648,-0.1605863667727263,-0.19808816458583234,236.4736934172152,43.71316143120539,59.51357456558114
experiment_2026_06_24_20_31,ERCOT_demand_SCENT,2026-03-02,Texas Independence Day,H2,G,best_matching_weekday,True,2026-03-02,3.0,True,True,7,False,2.0,9.0,7.0,pearson,PLS,standard,2.0,{},2026-03-01 10:00:00,2026-03-03,703.1686113087067,8.373737798743978,1271.426369,16.807,,14.0,24.0,4.0,4.0,7.0,4.0,0.07864881488643943,7453.691391917376,7203.164842316611,703.1686113087067,8.373737798743978,7.547098820876899,644.1027535826237,339.9977428806786,4.132550777161677,1.8888164086653223,179.67612905273896,915.0182845583898,10.847763561333656,10.847763561333656,915.0182845583898,337.6212908748421,4.161678640618848,1.0004302610880524,110.63426678878439,955.2927042123642,10.921588980698909,10.921588980698909,955.2927042123642,727.7295519301191,8.431095697511518,7.26642524189491,644.1027535826242,179.67612905273896,915.0182845583898,hourly_window_mean_factor_top_available_analogs,4.0,6447.2950811907895,,6447.2950811907895,0.0,69.04186226395457,-40.27441965397444,-5.983517774821897e-13,69.04186226395457,-40.27441965397444,-5.983517774821897e-13,-110.63426678878439,-955.2927042123642,-644.1027535826242,339.9977428806786,4.132550777161677,337.6212908748421,4.161678640618848,915.0182845583898,10.847763561333656,955.2927042123642,10.921588980698909,727.7295519301191,8.431095697511518,-40.274419653974405,-0.073825419365253,-0.029127863457170555,-0.05735789876754005,110.63426678878439,955.2927042123642,644.1027535826242
experiment_2026_06_24_20_31,ERCOT_demand_SOUTH,2025-01-01,New Year's Day,H2,I,best_matching_weekday,True,2025-01-01,3.0,True,True,6,False,2.0,7.0,6.0,pearson,PLS,standard,2.0,{},2024-12-31 10:00:00,2025-01-02,383.4120874663757,11.172574599113766,233.708058,6.301,,14.0,24.0,4.0,4.0,6.0,4.0,0.12676505956939843,3748.1339335593298,3578.8220602577217,383.4120874663757,11.172574599113766,-10.832061363545773,-373.07395432248865,442.9451678620905,12.433591861950793,-12.433591861950793,-442.9451678620905,348.68445723554197,10.436981195792162,-9.897835239476175,-332.31574642438767,524.4934756257625,14.599056265683464,-14.599056265683464,-524.4934756257625,364.5652763553932,10.946851570331694,-8.308244315074688,-284.7459002289106,423.4861918760555,12.292400668619187,-10.62591187582529,-373.07395432248757,-442.9451678620905,-332.31574642438767,hourly_window_mean_factor_top_available_analogs,4.0,4296.003653059211,,4296.003653059211,0.0,81.548307763672,-47.569846195477034,-1.0770331994679412e-12,81.548307763672,-47.569846195477034,-1.0770331994679412e-12,524.4934756257625,284.7459002289106,373.07395432248757,442.9451678620905,12.433591861950793,524.4934756257625,14.599056265683464,348.68445723554197,10.436981195792162,364.5652763553932,10.946851570331694,423.4861918760555,12.292400668619187,-15.880819119851253,-0.5098703745395312,-2.1654644037326705,-1.1198260695054216,524.4934756257625,284.7459002289106,373.07395432248757
experiment_2026_06_24_20_31,ERCOT_demand_SOUTH,2025-01-20,Martin Luther King Jr. Day,H2,J,best_matching_weekday,True,2025-01-20,3.0,True,True,14,False,2.0,18.0,14.0,pearson,PLS,standard,2.0,{},2025-01-19 10:00:00,2025-01-21,1754.8474403650991,31.67660294259669,252.410148,6.825,,14.0,24.0,4.0,4.0,14.0,4.0,0.06264239513660876,3511.7577958717425,3468.570336744347,1754.8474403650991,31.67660294259669,31.67660294259669,1754.8474403650991,836.1601311241499,18.356852795449633,18.356852795449633,836.1601311241499,2290.7483707556535,39.446457195099136,39.446457195099136,2290.7483707556535,917.8783273277464,20.47525620788698,20.47525620788698,917.8783273277464,2243.0794229702224,38.567667422939685,38.567667422939685,2243.0794229702224,1754.8474403650996,31.902042238446587,31.902042238446587,1754.8474403650996,836.1601311241499,2290.7483707556535,hourly_window_mean_factor_top_available_analogs,4.0,3219.8005004605266,,3219.8005004605266,0.0,-81.71819620359646,47.66894778543099,-1.795055332446569e-13,-81.71819620359646,47.66894778543099,-1.795055332446569e-13,-917.8783273277463,-2243.0794229702224,-1754.8474403650994,836.1601311241499,18.356852795449633,917.8783273277464,20.47525620788698,2290.7483707556535,39.446457195099136,2243.0794229702224,38.567667422939685,1754.8474403650996,31.902042238446587,47.6689477854311,0.8787897721594504,-2.1184034124373454,-0.22543929584989542,917.8783273277463,2243.0794229702224,1754.8474403650994
experiment_2026_06_24_20_31,ERCOT_demand_SOUTH,2025-02-17,Presidents' Day,H2,F,best_matching_weekday,True,2025-02-17,3.0,True,True,14,False,2.0,18.0,14.0,pearson,PLS,standard,2.0,{},2025-02-16 10:00:00,2025-02-18,323.98492102436177,8.869325656751448,732.578803,14.74,,14.0,24.0,4.0,4.0,14.0,4.0,0.10928440468600291,3686.3368148634363,3639.665205481711,323.98492102436177,8.869325656751448,-1.8915649980865181,-44.96997507396316,294.40665856920356,8.701676222678708,-7.434192977226199,-246.16916766068138,341.2389074565372,8.967121159960543,1.341634656411631,72.39622060162247,349.20101683092025,10.32393380290142,-8.968069888537189,-299.9851560459145,593.6466776859805,15.864657161766479,2.0858178011340045,103.7888804930093,503.58775000253735,13.823338029553033,-1.986667137165908,-44.9699750739626,-246.16916766068138,72.39622060162247,hourly_window_mean_factor_top_available_analogs,4.0,3250.9599217105265,,3250.9599217105265,0.0,53.81598838523304,-31.39265989138683,-5.624506708332583e-13,53.81598838523304,-31.39265989138683,-5.624506708332583e-13,299.98515604591444,-103.7888804930093,44.9699750739626,294.40665856920356,8.701676222678708,349.20101683092025,10.32393380290142,341.2389074565372,8.967121159960543,593.6466776859805,15.864657161766479,503.58775000253735,13.823338029553033,-252.40777022944332,-6.8975360018059355,-1.622257580222712,-4.954012372801586,299.98515604591444,103.7888804930093,44.9699750739626
experiment_2026_06_24_20_31,ERCOT_demand_SOUTH,2025-03-02,Texas Independence Day,H2,G,best_matching_weekday,True,2025-03-02,3.0,True,True,12,False,2.0,16.0,12.0,pearson,PLS,standard,2.0,{},2025-03-01 10:00:00,2025-03-03,213.2004333414045,5.433642096623598,809.535768,16.939,,14.0,24.0,4.0,4.0,12.0,4.0,0.09767515042729714,3566.717455680715,3466.859486047735,213.2004333414045,5.433642096623598,3.942322677497036,167.19506466139003,177.80036992625318,4.361126890503299,4.342585337953882,177.1574218770332,233.85047033357614,6.0592759668604375,3.708836125563876,161.38368961893156,69.22691653514337,1.8312725789092978,-0.5017901985187458,-17.884651349055016,335.8536697739957,9.130620927423482,7.164571720042653,275.1582323341503,237.62276068599743,6.44138732533931,4.340122592151611,167.19506466139046,177.1574218770332,161.38368961893156,hourly_window_mean_factor_top_available_analogs,4.0,3296.652723223684,,3296.652723223684,0.0,195.0420732260882,-113.77454271521873,-3.8294513758860134e-13,195.0420732260882,-113.77454271521873,-3.8294513758860134e-13,17.88465134905502,-275.1582323341503,-167.1950646613904,177.80036992625318,4.361126890503299,69.22691653514337,1.8312725789092978,233.85047033357614,6.0592759668604375,335.8536697739957,9.130620927423482,237.62276068599743,6.44138732533931,-102.00319944041956,-3.071344960563045,2.5298543115940015,-1.007745228715712,17.88465134905502,275.1582323341503,167.1950646613904
experiment_2026_06_24_20_31,ERCOT_demand_SOUTH,2025-04-21,San Jacinto Day,H2,F,best_matching_weekday,True,2025-04-21,3.0,True,True,12,False,2.0,16.0,12.0,pearson,PLS,standard,2.0,{},2025-04-20 10:00:00,2025-04-22,309.01993116127795,7.856842812443301,762.74011,15.315,,14.0,24.0,4.0,4.0,12.0,4.0,0.12513162627886815,4276.514457215627,4155.490200246088,309.01993116127795,7.856842812443301,-7.0446588965143455,-270.64669521562655,519.4741772348358,13.010608170347263,-13.010608170347263,-519.4741772348358,186.25495428503606,4.850479686999322,-3.564521820111812,-125.49733070442126,619.4763989964935,15.444989874734913,-15.444989874734913,-619.4763989964935,173.10826027401131,4.336336197881894,-1.5655467518567214,-67.16270134345478,337.55967980334685,8.428998078827743,-6.6790257971276334,-270.64669521562695,-519.4741772348358,-125.49733070442126,hourly_window_mean_factor_top_available_analogs,4.0,4448.392254960527,,4448.392254960527,0.0,100.00222176165786,-58.33462936096648,3.8294513758860134e-13,100.00222176165786,-58.33462936096648,3.8294513758860134e-13,619.4763989964937,67.16270134345478,270.64669521562695,519.4741772348358,13.010608170347263,619.4763989964935,15.444989874734913,186.25495428503606,4.850479686999322,173.10826027401131,4.336336197881894,337.55967980334685,8.428998078827743,13.14669401102475,0.5141434891174281,-2.4343817043876506,-0.5721552663844411,619.4763989964937,67.16270134345478,270.64669521562695
experiment_2026_06_24_20_31,ERCOT_demand_SOUTH,2025-05-26,Memorial Day,H2,H,best_matching_weekday,True,2025-05-26,3.0,True,True,12,False,2.0,16.0,12.0,pearson,PLS,standard,2.0,{},2025-05-25 10:00:00,2025-05-27,287.5975220548174,5.392683141999808,282.962164,7.415,,14.0,24.0,4.0,4.0,12.0,4.0,0.12660254775384025,5075.266577497815,4865.196200705609,287.5975220548174,5.392683141999808,5.392683141999808,287.5975220548174,174.13577564412086,3.1059052024845184,3.1059052024845184,174.13577564412086,353.7835407943904,6.726636940050395,6.726636940050395,353.7835407943904,194.62729459553546,3.5635588957177817,3.4776499244282166,189.7789821555368,344.65833699606304,6.948785125079655,6.948785125079655,344.65833699606304,289.3837424274475,5.701596514262122,5.669945840629125,287.59752205481647,174.13577564412086,353.7835407943904,hourly_window_mean_factor_top_available_analogs,4.0,4879.1419702039475,,4879.1419702039475,0.0,-15.643206511415949,9.125203798327354,8.735935951239968e-13,-15.643206511415949,9.125203798327354,8.735935951239968e-13,-189.7789821555368,-344.65833699606304,-287.5975220548165,174.13577564412086,3.1059052024845184,194.62729459553546,3.5635588957177817,353.7835407943904,6.726636940050395,344.65833699606304,6.948785125079655,289.3837424274475,5.701596514262122,9.125203798327334,-0.22214818502926015,-0.4576536932332633,-0.30891337226231386,189.7789821555368,344.65833699606304,287.5975220548165
experiment_2026_06_24_20_31,ERCOT_demand_SOUTH,2025-06-19,Juneteenth National Independence Day,H2,F,best_matching_weekday,True,2025-06-19,3.0,True,True,12,False,2.0,16.0,12.0,pearson,PLS,standard,2.0,{},2025-06-18 10:00:00,2025-06-20,142.62047181852958,2.797492005304531,269.939296,6.228,,14.0,24.0,4.0,4.0,12.0,4.0,0.13220973853600532,5092.768181466516,4891.638117434978,142.62047181852958,2.797492005304531,2.1712909719181197,107.76081542822108,164.95231290799035,2.984421440793178,2.984421440793178,164.95231290799035,129.59356451634417,2.6884498346028205,1.6969648650743359,74.39910856502235,176.6211626718617,3.185698628191708,0.029669726367572608,-9.101176303504158,230.62564942465642,4.9380025916686945,3.959095014506673,175.93031060506095,210.72925956836363,4.292416920914014,2.5114120136133202,107.76081542822116,164.95231290799035,74.39910856502235,hourly_window_mean_factor_top_available_analogs,4.0,3720.8223576381583,,3720.8223576381583,0.0,174.0534892114945,-101.53120204003862,-9.573628439715034e-14,174.0534892114945,-101.53120204003862,-9.573628439715034e-14,9.101176303504161,-175.93031060506098,-107.76081542822118,164.95231290799035,2.984421440793178,176.6211626718617,3.185698628191708,129.59356451634417,2.6884498346028205,230.62564942465642,4.9380025916686945,210.72925956836363,4.292416920914014,-101.03208490831224,-2.249552757065874,-0.20127718739852973,-1.4949249156094826,9.101176303504161,175.93031060506098,107.76081542822118
experiment_2026_06_24_20_31,ERCOT_demand_SOUTH,2025-07-04,Independence Day,H2,I,best_matching_weekday,True,2025-07-04,3.0,True,True,15,False,2.0,20.0,15.0,pearson,PLS,standard,2.0,{},2025-07-03 10:00:00,2025-07-05,501.3739767821024,9.896299897371835,226.967394,4.992,,14.0,24.0,4.0,4.0,15.0,4.0,0.11391862780180136,4409.749583402108,4282.230506981366,501.3739767821024,9.896299897371835,9.896299897371835,501.3739767821024,623.6933836623318,11.721005531406266,11.721005531406266,623.6933836623318,430.0209894353018,8.831888277518416,8.831888277518416,430.0209894353018,560.2052312103199,10.66936985308092,10.66936985308092,560.2052312103199,467.05574503230855,10.147552314915968,10.147552314915968,467.05574503230855,501.37397678210226,10.339800881608317,10.339800881608317,501.37397678210226,623.6933836623318,430.0209894353018,hourly_window_mean_factor_top_available_analogs,4.0,3694.6111132236842,,3694.6111132236842,0.0,63.488152452011946,-37.03475559700674,1.436044265957255e-13,63.488152452011946,-37.03475559700674,1.436044265957255e-13,-560.2052312103199,-467.0557450323085,-501.3739767821022,623.6933836623318,11.721005531406266,560.2052312103199,10.66936985308092,430.0209894353018,8.831888277518416,467.05574503230855,10.147552314915968,501.37397678210226,10.339800881608317,-37.03475559700678,-1.3156640373975517,1.051635678325347,-0.44350098423648276,560.2052312103199,467.0557450323085,501.3739767821022
experiment_2026_06_24_20_31,ERCOT_demand_SOUTH,2025-08-27,Lyndon B. Johnson Day,H2,I,best_matching_weekday,True,2025-08-27,3.0,True,True,15,False,2.0,20.0,15.0,pearson,PLS,standard,2.0,{},2025-08-26 10:00:00,2025-08-28,205.42978031095888,3.7161895663162827,292.82327,5.71,,14.0,24.0,4.0,4.0,15.0,4.0,0.13996414336765134,5191.913954078458,4942.66610795026,205.42978031095888,3.7161895663162827,2.578740442326874,141.94276713206835,113.58357078998837,2.0301393925935485,-1.012776774264089,-56.79481094108223,259.0067358648583,4.699718834321211,4.673792152004935,257.87302100807284,182.05624654659803,3.229101170754924,-1.0636686882943203,-64.13598521080146,265.7287956043123,5.479589144680541,5.422113694399465,262.15537266540895,234.90206700410175,4.650461996392156,3.032614921828071,141.94276713206827,-56.79481094108223,257.87302100807284,hourly_window_mean_factor_top_available_analogs,4.0,4352.894326914474,,4352.894326914474,0.0,7.341174269719237,-4.282351657336032,1.1967035549643792e-13,7.341174269719237,-4.282351657336032,1.1967035549643792e-13,64.13598521080146,-262.1553726654089,-141.94276713206824,113.58357078998837,2.0301393925935485,182.05624654659803,3.229101170754924,259.0067358648583,4.699718834321211,265.7287956043123,5.479589144680541,234.90206700410175,4.650461996392156,-6.722059739454039,-0.7798703103593301,-1.1989617781613755,-0.9342724300758736,64.13598521080146,262.1553726654089,141.94276713206824
experiment_2026_06_24_20_31,ERCOT_demand_SOUTH,2025-09-01,Labor Day,H2,I,best_matching_weekday,True,2025-09-01,3.0,True,True,18,False,2.0,24.0,18.0,pearson,PLS,standard,2.0,{},2025-08-31 10:00:00,2025-09-02,137.8750979378351,2.553333266730681,279.994068,5.435,,14.0,24.0,4.0,4.0,18.0,4.0,0.1385530018187923,5558.150512123673,5294.797893131857,137.8750979378351,2.553333266730681,-2.464713465138778,-133.925271149989,177.6291812068192,3.166509431188215,-3.1463047999821714,-176.3958446096454,114.68521603092772,2.1956471707971192,-2.0671185198134654,-109.1507699651894,64.54686052432206,1.0876481189440592,-0.6699656125189563,-42.14735976337962,227.62181514643973,4.095064471740998,-3.2021636387611863,-187.46238612551122,167.54156870671216,2.9870689733421254,-2.269248576461418,-133.92527114998904,-176.3958446096454,-109.1507699651894,hourly_window_mean_factor_top_available_analogs,4.0,4812.384344197368,,4812.384344197368,0.0,-134.24848484626577,78.31161616032182,7.180221329786275e-14,-134.24848484626577,78.31161616032182,7.180221329786275e-14,42.147359763379626,187.46238612551122,133.92527114998907,177.6291812068192,3.166509431188215,64.54686052432206,1.0876481189440592,114.68521603092772,2.1956471707971192,227.62181514643973,4.095064471740998,167.54156870671216,2.9870689733421254,-112.93659911551201,-1.8994173009438788,2.0788613122441557,-0.43373570661144445,42.147359763379626,187.46238612551122,133.92527114998907
experiment_2026_06_24_20_31,ERCOT_demand_SOUTH,2025-11-11,Veterans Day,H2,L,best_matching_weekday,True,2025-11-11,3.0,True,True,6,False,2.0,8.0,6.0,pearson,PLS,standard,2.0,{},2025-11-10 10:00:00,2025-11-12,283.6146281979577,7.672070268562419,256.061024,4.951,,14.0,24.0,4.0,4.0,6.0,4.0,0.083016069162377,3720.8681064536977,3645.0655529443607,283.6146281979577,7.672070268562419,0.41603947552666937,26.03827173051201,342.4806587247622,9.420376028229336,-4.221337308037156,-136.4208646125635,249.27611039065513,6.652225242090052,3.121175932605567,120.80610126397272,356.966740539874,9.843032760653509,-4.889064487654524,-160.9693470412437,307.2199008820529,8.288778021385307,3.604058370991893,135.12604934737075,325.5476839138817,8.861398188484118,0.4750131072800545,26.0382717305128,-136.4208646125635,120.80610126397272,hourly_window_mean_factor_top_available_analogs,4.0,2900.0725439276316,,2900.0725439276316,0.0,24.548482428680213,-14.31994808339804,-7.898243462764903e-13,24.548482428680213,-14.31994808339804,-7.898243462764903e-13,160.9693470412437,-135.12604934737075,-26.0382717305128,342.4806587247622,9.420376028229336,356.966740539874,9.843032760653509,249.27611039065513,6.652225242090052,307.2199008820529,8.288778021385307,325.5476839138817,8.861398188484118,-57.94379049139778,-1.636552779295255,-0.4226567324241728,-1.1893279199216993,160.9693470412437,135.12604934737075,26.0382717305128
experiment_2026_06_24_20_31,ERCOT_demand_SOUTH,2025-11-27,Thanksgiving Day,H1,J,best_matching_weekday,True,2025-11-27,3.0,True,True,6,False,2.0,8.0,6.0,pearson,PLS,standard,2.0,{},2025-11-26 10:00:00,2025-11-28,603.1977037772949,15.84692202216973,212.332507,4.768,,14.0,24.0,4.0,4.0,6.0,4.0,0.06350373142943104,4451.006817803611,4354.48734549545,603.1977037772949,15.84692202216973,-15.84692202216973,-603.1977037772949,604.1316511176007,15.069455832991697,-15.069455832991697,-604.1316511176007,602.6529011621167,16.300443965856914,-16.300443965856914,-602.6529011621167,639.7683708447059,15.956198845555663,-15.956198845555663,-639.7683708447059,581.8648146546387,15.484607097748693,-15.484607097748693,-581.8648146546387,603.1977037772951,15.658351425888103,-15.658351425888103,-603.1977037772951,-604.1316511176007,-602.6529011621167,hourly_window_mean_factor_top_available_analogs,4.0,2982.513275756579,,2982.513275756579,0.0,35.636719727105366,-20.788086507477942,1.1967035549643792e-13,35.636719727105366,-20.788086507477942,1.1967035549643792e-13,639.768370844706,581.8648146546387,603.197703777295,604.1316511176007,15.069455832991697,639.7683708447059,15.956198845555663,602.6529011621167,16.300443965856914,581.8648146546387,15.484607097748693,603.1977037772951,15.658351425888103,20.788086507477942,0.8158368681082209,-0.8867430125639668,0.1885705962816271,639.768370844706,581.8648146546387,603.197703777295
experiment_2026_06_24_20_31,ERCOT_demand_SOUTH,2025-11-28,Day after Thanksgiving,H2,L,best_matching_weekday,True,2025-11-28,3.0,True,True,6,False,2.0,8.0,6.0,pearson,PLS,standard,2.0,{},2025-11-27 10:00:00,2025-11-29,111.57058844101384,2.939212650006528,373.523512,9.303,,14.0,24.0,4.0,4.0,6.0,4.0,0.07458973564210056,3894.2128692541214,3834.84570180111,111.57058844101384,2.939212650006528,-2.5326023302990697,-94.62681401727819,68.39265503715576,1.7318712795857443,-0.7075966813627339,-25.15589631642401,136.75771625993102,3.6434951160853184,-3.5971889588452655,-135.15151600944313,75.97256533487972,1.9235942051066888,-1.069223610237038,-39.82910241281632,173.60081450327002,4.567364129720799,-3.178012764087375,-126.59214578654938,137.6325121780736,3.5933436311787577,-2.401090444247777,-94.6268140172793,-25.15589631642401,-135.15151600944313,hourly_window_mean_factor_top_available_analogs,4.0,3175.6741482828947,,3175.6741482828947,0.0,14.67320609639231,-8.559370222893753,1.1129343061168726e-12,14.67320609639231,-8.559370222893753,1.1129343061168726e-12,39.82910241281632,126.59214578654938,94.6268140172793,68.39265503715576,1.7318712795857443,75.97256533487972,1.9235942051066888,136.75771625993102,3.6434951160853184,173.60081450327002,4.567364129720799,137.6325121780736,3.5933436311787577,-36.843098243339,-0.9238690136354806,-0.1917229255209445,-0.6541309811722296,39.82910241281632,126.59214578654938,94.6268140172793
experiment_2026_06_24_20_31,ERCOT_demand_SOUTH,2025-12-24,Christmas Eve,H1,K,best_matching_weekday,True,2025-12-24,3.0,True,True,6,False,2.0,8.0,6.0,pearson,PLS,standard,2.0,{},2025-12-23 10:00:00,2025-12-25,205.9537585785931,5.23455301698377,332.794307,8.819,,14.0,24.0,4.0,4.0,6.0,4.0,0.03616563295788344,4232.628289317412,4177.743942989029,205.9537585785931,5.23455301698377,-2.082192135243935,-58.76428200162197,164.32727688807753,3.66131390222053,1.5639427561606278,78.31374911964755,230.2358728980605,6.152275833928993,-4.209104155229931,-138.72646682236254,212.5268847443903,4.800499059593227,0.589000694939635,38.5758769039022,326.0634278842943,8.482975031330945,-3.9676958601360517,-115.54604136317876,284.2341751485402,7.126273357532837,-2.288912918792378,-58.76428200162262,78.31374911964755,-138.72646682236254,hourly_window_mean_factor_top_available_analogs,4.0,3052.339404763158,,3052.339404763158,0.0,39.737872215745355,-23.180425459183766,6.462199196807648e-13,39.737872215745355,-23.180425459183766,6.462199196807648e-13,-38.5758769039022,115.54604136317877,58.76428200162262,164.32727688807753,3.66131390222053,212.5268847443903,4.800499059593227,230.2358728980605,6.152275833928993,326.0634278842943,8.482975031330945,284.2341751485402,7.126273357532837,-95.82755498623379,-2.3306991974019517,-1.1391851573726965,-1.8917203405490675,38.5758769039022,115.54604136317877,58.76428200162262
experiment_2026_06_24_20_31,ERCOT_demand_SOUTH,2025-12-25,Christmas Day,H2,H,best_matching_weekday,True,2025-12-25,3.0,True,True,7,False,2.0,9.0,7.0,pearson,PLS,standard,2.0,{},2025-12-24 10:00:00,2025-12-26,84.832784150986,2.0823565630969147,315.676577,8.2,,14.0,24.0,4.0,4.0,7.0,4.0,0.13320144470814665,4096.073773153238,3970.399317099351,84.832784150986,2.0823565630969147,0.8261012877693482,35.742250452024145,108.85963139464863,2.3956176219060503,1.9743147893891724,91.47336011152437,70.81712325884946,1.899620945458252,0.1563100784911173,3.232436483982345,93.48604962054654,2.098182600894728,-1.64738745427937,-75.96709146104406,218.01460185343842,5.833802859830462,3.162391996154785,100.90603323464882,172.13566155710984,4.457521711801507,1.3903679881000965,35.742250452025125,91.47336011152437,3.232436483982345,hourly_window_mean_factor_top_available_analogs,4.0,3724.2605660592108,,3724.2605660592108,0.0,167.44045157256843,-97.67359675066648,-9.81296915070791e-13,167.44045157256843,-97.67359675066648,-9.81296915070791e-13,75.96709146104406,-100.90603323464882,-35.742250452025125,108.85963139464863,2.3956176219060503,93.48604962054654,2.098182600894728,70.81712325884946,1.899620945458252,218.01460185343842,5.833802859830462,172.13566155710984,4.457521711801507,-147.19747859458897,-3.9341819143722105,0.29743502101132213,-2.3751651487045926,75.96709146104406,100.90603323464882,35.742250452025125
experiment_2026_06_24_20_31,ERCOT_demand_SOUTH,2026-01-01,New Year's Day,H2,I,best_matching_weekday,True,2026-01-01,3.0,True,True,7,False,2.0,9.0,7.0,pearson,PLS,standard,2.0,{},2025-12-31 10:00:00,2026-01-02,459.54682766692514,12.529309584020336,128.48477,3.263,,14.0,24.0,4.0,4.0,7.0,4.0,0.05231709163445888,4180.574991430081,4166.247062559182,459.54682766692514,12.529309584020336,-12.529309584020336,-459.54682766692514,394.6405457801976,10.530581911539445,-10.530581911539445,-394.6405457801976,497.40882543418275,13.695234059634194,-13.695234059634194,-497.40882543418275,544.5916481534116,14.394660766130064,-14.394660766130064,-544.5916481534116,409.93734904980533,11.224118347429163,-11.224118347429163,-409.93734904980533,459.5468276669235,12.392212922740026,-12.392212922740026,-459.5468276669235,-394.6405457801976,-497.40882543418275,hourly_window_mean_factor_top_available_analogs,4.0,2942.8597913618423,,2942.8597913618423,0.0,149.95110237321418,-87.4714763843774,-1.5437475859040493e-12,149.95110237321418,-87.4714763843774,-1.5437475859040493e-12,544.5916481534118,409.93734904980533,459.5468276669236,394.6405457801976,10.530581911539445,544.5916481534116,14.394660766130064,497.40882543418275,13.695234059634194,409.93734904980533,11.224118347429163,459.5468276669235,12.392212922740026,87.47147638437741,2.4711157122050302,-3.8640788545906197,0.13709666128031017,544.5916481534118,409.93734904980533,459.5468276669236
experiment_2026_06_24_20_31,ERCOT_demand_SOUTH,2026-01-19,Martin Luther King Jr. Day,H2,J,best_matching_weekday,True,2026-01-19,3.0,True,True,8,False,2.0,10.0,8.0,pearson,PLS,standard,2.0,{},2026-01-18 10:00:00,2026-01-20,257.5698296166492,6.464831180680716,253.194255,6.696,,14.0,24.0,4.0,4.0,8.0,4.0,0.06683891720226398,4389.924137730814,4488.990968604075,257.5698296166492,6.464831180680716,-5.890361259725251,-231.72485259923465,162.107044019509,4.072776121253331,-4.072776121253331,-162.107044019509,313.2564545483143,7.860196632013358,-6.9506192571672045,-272.33524093740795,111.0886209835184,2.7559536700325302,-2.3020293130224796,-93.36954145447415,316.0816032431176,7.843601831061129,-7.758988209102756,-312.4321174336796,240.5578729369495,5.969205140155856,-5.7485296684416,-231.7248525992355,-162.107044019509,-272.33524093740795,hourly_window_mean_factor_top_available_analogs,4.0,3687.9070259736845,,3687.9070259736845,0.0,-68.73750256503487,40.09687649627168,8.496595240247093e-13,-68.73750256503487,40.09687649627168,8.496595240247093e-13,93.36954145447413,312.43211743367965,231.7248525992355,162.107044019509,4.072776121253331,111.0886209835184,2.7559536700325302,313.2564545483143,7.860196632013358,316.0816032431176,7.843601831061129,240.5578729369495,5.969205140155856,-2.8251486948033175,0.016594800952229427,1.3168224512208009,0.4956260405248596,93.36954145447413,312.43211743367965,231.7248525992355
experiment_2026_06_24_20_31,ERCOT_demand_SOUTH,2026-02-16,Presidents' Day,H2,F,best_matching_weekday,True,2026-02-16,3.0,True,True,16,False,2.0,21.0,16.0,pearson,PLS,standard,2.0,{},2026-02-15 10:00:00,2026-02-17,289.0394757750847,8.547148129827587,263.754378,6.955,,14.0,24.0,4.0,4.0,16.0,4.0,0.1045209526362417,3893.788831327718,3814.3923725484397,289.0394757750847,8.547148129827587,-8.547148129827587,-289.0394757750847,327.79244587790544,9.104415675171323,-9.104415675171323,-327.79244587790544,266.4335765484395,8.222075395043738,-8.222075395043738,-266.4335765484395,314.11476848945637,8.677963127430981,-8.677963127430981,-314.11476848945637,274.41222169170413,7.907013337342778,-7.907013337342778,-274.41222169170413,289.0394757750866,8.191047470533169,-8.191047470533169,-289.0394757750866,-327.79244587790544,-266.4335765484395,hourly_window_mean_factor_top_available_analogs,4.0,3623.6563850000002,,3623.6563850000002,0.0,-13.677677388449053,7.978645143264639,1.6993190480494186e-12,-13.677677388449053,7.978645143264639,1.6993190480494186e-12,314.11476848945637,274.41222169170413,289.03947577508643,327.79244587790544,9.104415675171323,314.11476848945637,8.677963127430981,266.4335765484395,8.222075395043738,274.41222169170413,7.907013337342778,289.0394757750866,8.191047470533169,-7.978645143264657,0.31506205770096063,0.42645254774034136,0.3561006592944178,314.11476848945637,274.41222169170413,289.03947577508643
experiment_2026_06_24_20_31,ERCOT_demand_SOUTH,2026-03-02,Texas Independence Day,H2,G,best_matching_weekday,True,2026-03-02,3.0,True,True,13,False,2.0,17.0,13.0,pearson,PLS,standard,2.0,{},2026-03-01 10:00:00,2026-03-03,145.65274151655368,3.1491768104746543,330.922892,9.069,,14.0,24.0,4.0,4.0,13.0,4.0,0.13311276442576078,4243.214799098314,4089.1080171613335,145.65274151655368,3.1491768104746543,1.902430458795487,95.16328195431713,111.72532528696522,2.5322299950881906,0.16195523488510094,14.357371295432975,165.44373431714695,3.509062452783425,2.9177076727432123,142.30006317199954,91.11574116685412,2.039125907422433,0.10996866210437599,2.055662587954982,178.9506908018378,4.621277648860322,3.9634654457042147,149.47605991802934,146.59044619947537,3.6699585862253095,2.543756104377959,95.16328195431772,14.357371295432975,142.30006317199954,hourly_window_mean_factor_top_available_analogs,4.0,4737.224924993422,,4737.224924993422,0.0,12.301708707477994,-7.175996746029777,-5.983517774821897e-13,12.301708707477994,-7.175996746029777,-5.983517774821897e-13,-2.0556625879549806,-149.4760599180293,-95.16328195431772,111.72532528696522,2.5322299950881906,91.11574116685412,2.039125907422433,165.44373431714695,3.509062452783425,178.9506908018378,4.621277648860322,146.59044619947537,3.6699585862253095,-13.506956484690846,-1.112215196076897,0.49310408766575753,-0.5207817757506552,2.0556625879549806,149.4760599180293,95.16328195431772
experiment_2026_06_24_20_31,ERCOT_demand_WEST,2025-01-01,New Year's Day,H2,K,best_matching_weekday,True,2025-01-01,3.0,True,True,6,False,2.0,7.0,6.0,pearson,PLS,standard,2.0,{},2024-12-31 10:00:00,2025-01-02,148.3780537465061,11.786388284059704,44.427215,3.649,,14.0,24.0,4.0,4.0,6.0,4.0,0.03370295850213565,1079.7128880955988,1079.1806055606748,148.3780537465061,11.786388284059704,11.786388284059704,148.3780537465061,105.90999827310166,8.905041904311046,8.905041904311046,105.90999827310166,173.151086105992,13.467173672246423,13.467173672246423,173.151086105992,114.9487940106193,9.663857940765817,9.663857940765817,114.9487940106193,167.87845525910726,13.061546270294132,13.061546270294132,167.87845525910726,148.37805374650642,11.80976635941528,11.80976635941528,148.37805374650642,105.90999827310166,173.151086105992,hourly_window_mean_factor_top_available_analogs,4.0,1125.8221387368421,,1125.8221387368421,0.0,-9.038795737517628,5.272630846884742,-3.410605131648481e-13,-9.038795737517628,5.272630846884742,-3.410605131648481e-13,-114.9487940106193,-167.87845525910726,-148.37805374650645,105.90999827310166,8.905041904311046,114.9487940106193,9.663857940765817,173.151086105992,13.467173672246423,167.87845525910726,13.061546270294132,148.37805374650642,11.80976635941528,5.272630846884738,0.40562740195229097,-0.7588160364547711,-0.023378075355575234,114.9487940106193,167.87845525910726,148.37805374650645
experiment_2026_06_24_20_31,ERCOT_demand_WEST,2025-01-20,Martin Luther King Jr. Day,H2,I,best_matching_weekday,True,2025-01-20,3.0,True,True,6,False,2.0,7.0,6.0,pearson,PLS,standard,2.0,{},2025-01-19 10:00:00,2025-01-21,252.59723420215386,15.063656433888726,63.921275,5.173,,14.0,24.0,4.0,4.0,6.0,4.0,0.06017213036086376,1445.4874483241622,1478.4832961783413,252.59723420215386,15.063656433888726,15.063656433888726,252.59723420215386,213.75472299728813,13.553964451893147,13.553964451893147,213.75472299728813,275.2553657383255,15.944310090052815,15.944310090052815,275.2553657383255,190.12597847617482,11.80972042522185,11.80972042522185,190.12597847617482,289.0388000423079,16.535375608763264,16.535375608763264,289.0388000423079,252.59723420215357,14.794344751669056,14.794344751669056,252.59723420215357,213.75472299728813,275.2553657383255,hourly_window_mean_factor_top_available_analogs,4.0,1388.644216381579,,1388.644216381579,0.0,23.628744521113326,-13.783434303982366,2.5729126431734153e-13,23.628744521113326,-13.783434303982366,2.5729126431734153e-13,-190.1259784761748,-289.03880004230786,-252.5972342021536,213.75472299728813,13.553964451893147,190.12597847617482,11.80972042522185,275.2553657383255,15.944310090052815,289.0388000423079,16.535375608763264,252.59723420215357,14.794344751669056,-13.783434303982403,-0.5910655187104492,1.7442440266712982,0.2693116822196693,190.1259784761748,289.03880004230786,252.5972342021536
experiment_2026_06_24_20_31,ERCOT_demand_WEST,2025-02-17,Presidents' Day,H2,F,best_matching_weekday,True,2025-02-17,3.0,True,True,6,False,2.0,7.0,6.0,pearson,PLS,standard,2.0,{},2025-02-16 10:00:00,2025-02-18,140.68131455841745,10.087192198943999,143.500804,9.793,,14.0,24.0,4.0,4.0,6.0,4.0,0.04496243333949036,1207.050003430689,1180.9574649687336,140.68131455841745,10.087192198943999,9.82959487343548,137.536231279837,99.54953810496212,7.214331655056332,6.51513891439036,91.0128834916723,164.67485082293305,11.763027516211798,11.763027516211798,164.67485082293305,103.71231840938474,7.501548989382312,7.093603361817537,98.79303212393883,160.1364307874447,11.396668994860965,11.396668994860965,160.1364307874447,139.34859991131734,9.961624782316198,9.811329024792332,137.5362312798373,91.0128834916723,164.67485082293305,hourly_window_mean_factor_top_available_analogs,4.0,1159.9170791447366,,1159.9170791447366,0.0,-7.780148632266527,4.538420035488353,-2.87208853191451e-13,-7.780148632266527,4.538420035488353,-2.87208853191451e-13,-98.79303212393883,-160.1364307874447,-137.5362312798373,99.54953810496212,7.214331655056332,103.71231840938474,7.501548989382312,164.67485082293305,11.763027516211798,160.1364307874447,11.396668994860965,139.34859991131734,9.961624782316198,4.538420035488343,0.3663585213508327,-0.2872173343259794,0.1255674166278009,98.79303212393883,160.1364307874447,137.5362312798373
experiment_2026_06_24_20_31,ERCOT_demand_WEST,2025-03-02,Texas Independence Day,H2,F,best_matching_weekday,True,2025-03-02,3.0,True,True,9,False,2.0,12.0,9.0,pearson,PLS,standard,2.0,{},2025-03-01 10:00:00,2025-03-03,27.248931242069876,2.5532162741509614,165.349843,10.967,,14.0,24.0,4.0,4.0,9.0,4.0,0.05457689842517917,1114.7192375593436,1108.0834982534225,27.248931242069876,2.5532162741509614,-2.180959791223651,-22.930545690922767,13.380624157469015,1.1756915012912201,-0.2823180289859137,-2.9627950837805366,35.33877704142038,3.3567723916524774,-3.2885008191956637,-34.578400211755735,13.840008681369698,1.2200222428331198,-0.02895873823250004,-0.11992809735925546,46.26261495565538,4.24040988616073,-3.231435562757035,-36.23673928716776,34.31744422302381,3.127635491250558,-2.0515756800374696,-22.93054569092252,-2.9627950837805366,-34.578400211755735,hourly_window_mean_factor_top_available_analogs,4.0,1111.3075059078947,,1111.3075059078947,0.0,-2.842866986421281,1.6583390754120255,-2.4532422876769775e-13,-2.842866986421281,1.6583390754120255,-2.4532422876769775e-13,0.11992809735925558,36.23673928716776,22.93054569092252,13.380624157469015,1.1756915012912201,13.840008681369698,1.2200222428331198,35.33877704142038,3.3567723916524774,46.26261495565538,4.24040988616073,34.31744422302381,3.127635491250558,-10.923837914235001,-0.8836374945082528,-0.04433074154189964,-0.5744192170995968,0.11992809735925558,36.23673928716776,22.93054569092252
experiment_2026_06_24_20_31,ERCOT_demand_WEST,2025-04-21,San Jacinto Day,H2,I,best_matching_weekday,True,2025-04-21,3.0,True,True,18,False,2.0,24.0,18.0,pearson,PLS,standard,2.0,{},2025-04-20 10:00:00,2025-04-22,68.79270479724637,5.878122486820394,155.123515,10.313,,14.0,24.0,4.0,4.0,18.0,4.0,0.08806403599029494,1197.36909756675,1171.505310770645,68.79270479724637,5.878122486820394,-2.794232823705383,-26.957849329907695,91.86066007435772,8.113250640504054,-8.113250640504054,-91.86066007435772,55.33639755226474,4.574297730504923,0.3085275694271766,10.902123604354822,101.56491525319555,8.828747413980109,-8.828747413980109,-101.56491525319555,41.21915982790718,3.548429849401644,1.1663360357164143,16.562939125343153,63.451806563539755,5.493810004772658,-2.516063129961252,-26.95784932990795,-91.86066007435772,10.902123604354822,hourly_window_mean_factor_top_available_analogs,4.0,1468.8598696052632,,1468.8598696052632,0.0,9.70425517883783,-5.660815520988332,2.542995054299306e-13,9.70425517883783,-5.660815520988332,2.542995054299306e-13,101.56491525319555,-16.562939125343153,26.95784932990795,91.86066007435772,8.113250640504054,101.56491525319555,8.828747413980109,55.33639755226474,4.574297730504923,41.21915982790718,3.548429849401644,63.451806563539755,5.493810004772658,14.117237724357565,1.0258678811032786,-0.7154967734760547,0.3843124820477364,101.56491525319555,16.562939125343153,26.95784932990795
experiment_2026_06_24_20_31,ERCOT_demand_WEST,2025-05-26,Memorial Day,H2,H,best_matching_weekday,True,2025-05-26,3.0,True,True,18,False,2.0,24.0,18.0,pearson,PLS,standard,2.0,{},2025-05-25 10:00:00,2025-05-27,117.1008028350567,8.332366878649392,85.358749,6.731,,14.0,24.0,4.0,4.0,18.0,4.0,0.1189561787445707,1558.423511249738,1500.6066313327844,117.1008028350567,8.332366878649392,-7.390796353569644,-100.21001161815919,35.447466553237824,2.1165896516673204,0.4391017735491393,10.398966749769654,164.73191566611766,11.958236927722268,-11.958236927722268,-164.73191566611766,21.553191138754237,1.3326708342448481,-0.6518134993288319,-9.25794759266874,153.2653822996953,10.996850168543773,-10.996850168543773,-153.2653822996953,104.73983818776962,7.436363045381009,-7.18552086935932,-100.21001161815916,10.398966749769654,-164.73191566611766,hourly_window_mean_factor_top_available_analogs,4.0,1451.6358057368423,,1451.6358057368423,0.0,19.656914342438395,-11.466533366422377,1.1967035549643792e-14,19.656914342438395,-11.466533366422377,1.1967035549643792e-14,9.25794759266874,153.2653822996953,100.2100116181592,35.447466553237824,2.1165896516673204,21.553191138754237,1.3326708342448481,164.73191566611766,11.958236927722268,153.2653822996953,10.996850168543773,104.73983818776962,7.436363045381009,11.466533366422368,0.9613867591784953,0.7839188174224723,0.8960038332683826,9.25794759266874,153.2653822996953,100.2100116181592
experiment_2026_06_24_20_31,ERCOT_demand_WEST,2025-06-19,Juneteenth National Independence Day,H2,I,best_matching_weekday,True,2025-06-19,3.0,True,True,18,False,2.0,24.0,18.0,pearson,PLS,standard,2.0,{},2025-06-18 10:00:00,2025-06-20,64.93988380387725,4.015084203258537,70.951834,5.575,,14.0,24.0,4.0,4.0,18.0,4.0,0.11272200886959187,1678.6418753884548,1606.194500354296,64.93988380387725,4.015084203258537,-2.420882021658705,-41.87526691477042,86.08492156528054,4.948846878837061,-4.864408823943429,-84.63610023272687,52.605278443058666,3.4703893091710643,-0.9954913869926152,-16.931447479295826,78.36944598951887,4.433525650340413,-4.105119500671703,-73.34124050270398,27.665879809621714,1.7250143434141485,-1.4805936078768942,-23.520115655142707,46.346141033794346,2.722886930176456,-2.447524199959192,-41.87526691477055,-84.63610023272687,-16.931447479295826,hourly_window_mean_factor_top_available_analogs,4.0,1555.5492816578949,,1555.5492816578949,0.0,-11.294859730022884,6.588668175846881,1.2565387327125983e-13,-11.294859730022884,6.588668175846881,1.2565387327125983e-13,73.341240502704,23.520115655142707,41.87526691477055,86.08492156528054,4.948846878837061,78.36944598951887,4.433525650340413,52.605278443058666,3.4703893091710643,27.665879809621714,1.7250143434141485,46.346141033794346,2.722886930176456,24.93939863343695,1.7453749657569158,0.5153212284966484,1.2921972730820808,73.341240502704,23.520115655142707,41.87526691477055
experiment_2026_06_24_20_31,ERCOT_demand_WEST,2025-07-04,Independence Day,H2,I,best_matching_weekday,True,2025-07-04,3.0,True,True,18,False,2.0,24.0,18.0,pearson,PLS,standard,2.0,{},2025-07-03 10:00:00,2025-07-05,39.414208338213164,2.857448274406374,83.61113,6.075,,14.0,24.0,4.0,4.0,18.0,4.0,0.10457987452463836,1361.2612406463552,1322.70030847977,39.414208338213164,2.857448274406374,1.098004534912656,18.180717616802344,30.358026245201017,2.0435242893782375,1.5625225084277086,23.511946639497996,44.696981225803576,3.3322372656727874,0.8270357170288754,15.070834020229881,27.076436384636004,1.9008829422261724,-0.019232633039252267,-1.863178478423882,39.31201428836217,3.086813442903967,2.4525612965657935,29.87299033901822,34.80416979751569,2.649891679496358,1.5419003751323554,18.18071761680271,23.511946639497996,15.070834020229881,hourly_window_mean_factor_top_available_analogs,4.0,1535.0843180460527,,1535.0843180460527,0.0,25.375125117921876,-14.80215631878834,-3.649945842641357e-13,25.375125117921876,-14.80215631878834,-3.649945842641357e-13,1.8631784784238796,-29.872990339018223,-18.18071761680271,30.358026245201017,2.0435242893782375,27.076436384636004,1.9008829422261724,44.696981225803576,3.3322372656727874,39.31201428836217,3.086813442903967,34.80416979751569,2.649891679496358,5.384966937441405,0.24542382276882035,0.1426413471520651,0.20755659491001577,1.8631784784238796,29.872990339018223,18.18071761680271
experiment_2026_06_24_20_31,ERCOT_demand_WEST,2025-08-27,Lyndon B. Johnson Day,H2,H,best_matching_weekday,True,2025-08-27,3.0,True,True,18,False,2.0,24.0,18.0,pearson,PLS,standard,2.0,{},2025-08-26 10:00:00,2025-08-28,46.76815582338091,2.743955856338599,73.818298,5.068,,14.0,24.0,4.0,4.0,18.0,4.0,0.14268408936231858,1684.9850961278826,1618.4591862743162,46.76815582338091,2.743955856338599,-2.523169091375977,-43.81842857525091,29.73134920731476,1.6939066932301148,-1.6925344311370993,-29.706495233996502,56.706293016086164,3.356484534818548,-3.0077059765153216,-52.050389690982655,71.83840239813567,4.0687968667087535,-4.0687968667087535,-71.83840239813567,56.05756979946617,3.4388881155881115,-1.2670523769873148,-27.473443845234915,61.871560756870714,3.670959760737821,-2.2992740310952136,-43.818428575250984,-29.706495233996502,-52.050389690982655,hourly_window_mean_factor_top_available_analogs,4.0,1481.8937107894737,,1481.8937107894737,0.0,42.13190716413916,-24.57694584574774,6.581869552304086e-14,42.13190716413916,-24.57694584574774,6.581869552304086e-14,71.83840239813566,27.473443845234915,43.81842857525098,29.73134920731476,1.6939066932301148,71.83840239813567,4.0687968667087535,56.706293016086164,3.356484534818548,56.05756979946617,3.4388881155881115,61.871560756870714,3.670959760737821,0.6487232166199917,-0.08240358076956333,-2.3748901734786387,-0.9270039043992222,71.83840239813566,27.473443845234915,43.81842857525098
experiment_2026_06_24_20_31,ERCOT_demand_WEST,2025-09-01,Labor Day,H2,H,best_matching_weekday,True,2025-09-01,3.0,True,True,18,False,2.0,24.0,18.0,pearson,PLS,standard,2.0,{},2025-08-31 10:00:00,2025-09-02,117.41261855771853,7.940259892487464,50.374083,3.205,,14.0,24.0,4.0,4.0,18.0,4.0,0.12440385205884621,1600.0891014261395,1528.6438515091993,117.41261855771853,7.940259892487464,-7.940259892487464,-117.41261855771853,160.9180922837515,10.272461084880144,-10.272461084880144,-160.9180922837515,92.03442555086599,6.579809196925068,-6.579809196925068,-92.03442555086599,152.9823749583397,9.704882141719738,-9.704882141719738,-152.9823749583397,96.66359399068926,6.618622186822026,-6.618622186822026,-96.66359399068926,117.41261855771836,7.755665328100129,-7.755665328100129,-117.41261855771836,-160.9180922837515,-92.03442555086599,hourly_window_mean_factor_top_available_analogs,4.0,1539.70839575,,1539.70839575,0.0,-7.935717325411799,4.629168439823275,-1.73522015469835e-13,-7.935717325411799,4.629168439823275,-1.73522015469835e-13,152.9823749583397,96.66359399068926,117.41261855771836,160.9180922837515,10.272461084880144,152.9823749583397,9.704882141719738,92.03442555086599,6.579809196925068,96.66359399068926,6.618622186822026,117.41261855771836,7.755665328100129,-4.629168439823275,-0.03881298989695736,0.5675789431604059,0.1845945643873348,152.9823749583397,96.66359399068926,117.41261855771836
experiment_2026_06_24_20_31,ERCOT_demand_WEST,2025-11-11,Veterans Day,H2,F,best_matching_weekday,True,2025-11-11,3.0,True,True,18,False,2.0,24.0,18.0,pearson,PLS,standard,2.0,{},2025-11-10 10:00:00,2025-11-12,27.719780426302894,1.9808324531459867,67.864994,4.514,,14.0,24.0,4.0,4.0,18.0,4.0,0.050019557701978135,1371.5766925411256,1357.4922310011882,27.719780426302894,1.9808324531459867,0.516739496333913,7.815924879926959,21.627352373288982,1.5099069964093765,0.7972984734965325,11.89161174755275,31.273696790561008,2.2555389695756762,0.3530800929890517,5.438440873811913,13.060553666620226,0.9335926739001262,0.5061785211017773,7.089635594167427,82.02830347617233,5.925613638090565,0.5330501897774371,8.239593629953532,56.61913249370575,4.086448019704614,0.5231501013179835,7.815924879927072,11.89161174755275,5.438440873811913,hourly_window_mean_factor_top_available_analogs,4.0,1168.0677436973683,,1168.0677436973683,0.0,4.801976153385324,-2.8011527561416187,-1.1368683772161603e-13,4.801976153385324,-2.8011527561416187,-1.1368683772161603e-13,-7.089635594167426,-8.239593629953532,-7.815924879927072,21.627352373288982,1.5099069964093765,13.060553666620226,0.9335926739001262,31.273696790561008,2.2555389695756762,82.02830347617233,5.925613638090565,56.61913249370575,4.086448019704614,-50.75460668561132,-3.6700746685148884,0.5763143225092503,-2.105615566558627,7.089635594167426,8.239593629953532,7.815924879927072
experiment_2026_06_24_20_31,ERCOT_demand_WEST,2025-11-27,Thanksgiving Day,H1,F,best_matching_weekday,True,2025-11-27,3.0,True,True,18,False,2.0,24.0,18.0,pearson,PLS,standard,2.0,{},2025-11-26 10:00:00,2025-11-28,26.16046055212071,2.041528904739955,63.966852,4.222,,14.0,24.0,4.0,4.0,18.0,4.0,0.046740592441476464,1299.8099532299937,1288.7225308507543,26.16046055212071,2.041528904739955,-0.3269207161245706,-3.967321229993726,17.600266993073415,1.3537701357035943,-1.1065555677112224,-14.383110522975326,31.1539067948983,2.442721520011166,0.12786628063430974,2.108555857578873,33.59653874805146,2.5747533011989896,-2.061018075457158,-26.911111515510438,59.29971439402269,4.697101538072919,0.7541912033440709,9.416556436557832,49.83012336655961,3.9151837665930493,-0.28299116253006606,-3.9673212299936362,-14.383110522975326,2.108555857578873,hourly_window_mean_factor_top_available_analogs,4.0,1030.1877295986842,,1030.1877295986842,0.0,12.528000992535112,-7.308000578978958,-8.975276662232845e-14,12.528000992535112,-7.308000578978958,-8.975276662232845e-14,26.911111515510438,-9.416556436557832,3.9673212299936362,17.600266993073415,1.3537701357035943,33.59653874805146,2.5747533011989896,31.1539067948983,2.442721520011166,59.29971439402269,4.697101538072919,49.83012336655961,3.9151837665930493,-28.145807599124392,-2.254380018061753,-1.2209831654953953,-1.8736548618530944,26.911111515510438,9.416556436557832,3.9673212299936362
experiment_2026_06_24_20_31,ERCOT_demand_WEST,2025-11-28,Day after Thanksgiving,H2,G,best_matching_weekday,True,2025-11-28,3.0,True,True,12,False,2.0,16.0,12.0,pearson,PLS,standard,2.0,{},2025-11-27 10:00:00,2025-11-29,35.31030141033072,2.663265230373145,56.808211,3.984,,14.0,24.0,4.0,4.0,12.0,4.0,0.03717441801728581,1260.9789665271276,1252.5667439337078,35.31030141033072,2.663265230373145,2.3953319521360767,32.05479849918842,25.989597597245247,1.972446017944123,1.6099465610258723,21.541634884153332,40.747378634630586,3.066243104290074,2.853473430283696,38.18747727462556,27.18055778024086,2.115534261288683,-0.44758940122163793,-5.533076824995111,53.98105910496187,4.164837082001482,4.164837082001482,53.98105910496187,44.10719019585413,3.4098307796336087,2.4655220618666482,32.054798499188244,21.541634884153332,38.18747727462556,hourly_window_mean_factor_top_available_analogs,4.0,1086.6915282960526,,1086.6915282960526,0.0,27.074711709148442,-15.793581830336317,1.73522015469835e-13,27.074711709148442,-15.793581830336317,1.73522015469835e-13,5.53307682499511,-53.98105910496187,-32.05479849918825,25.989597597245247,1.972446017944123,27.18055778024086,2.115534261288683,40.747378634630586,3.066243104290074,53.98105910496187,4.164837082001482,44.10719019585413,3.4098307796336087,-13.233680470331286,-1.0985939777114084,-0.14308824334455994,-0.7465655492604637,5.53307682499511,53.98105910496187,32.05479849918825
experiment_2026_06_24_20_31,ERCOT_demand_WEST,2025-12-24,Christmas Eve,H1,J,best_matching_weekday,True,2025-12-24,3.0,True,True,6,False,2.0,8.0,6.0,pearson,PLS,standard,2.0,{},2025-12-23 10:00:00,2025-12-25,39.72081924681498,3.043716604237201,43.055057,3.227,,14.0,24.0,4.0,4.0,6.0,4.0,0.03160320549319389,1310.8195869851006,1296.6894156136711,39.72081924681498,3.043716604237201,-0.7162761989568602,-7.658565879837576,34.47147077804171,2.5174531558897812,1.3127578105701336,18.75844044959113,42.78293918693273,3.3507036157731958,-1.8998793711809399,-23.06848623867099,35.695945314553974,2.6152334919704776,1.1748073665372585,16.920256239964147,35.599483614332655,2.794945974060102,-1.793802537021709,-21.996212116388392,35.635022135466826,2.728736112237609,-0.700104151499984,-7.6585658798374565,18.75844044959113,-23.06848623867099,hourly_window_mean_factor_top_available_analogs,4.0,1058.210539230263,,1058.210539230263,0.0,1.8381842096269858,-1.0722741222825978,-1.1967035549643792e-13,1.8381842096269858,-1.0722741222825978,-1.1967035549643792e-13,-16.920256239964147,21.996212116388392,7.6585658798374565,34.47147077804171,2.5174531558897812,35.695945314553974,2.6152334919704776,42.78293918693273,3.3507036157731958,35.599483614332655,2.794945974060102,35.635022135466826,2.728736112237609,7.183455572600074,0.5557576417130936,-0.09778033608069636,0.314980491999592,16.920256239964147,21.996212116388392,7.6585658798374565
experiment_2026_06_24_20_31,ERCOT_demand_WEST,2025-12-25,Christmas Day,H2,J,best_matching_weekday,True,2025-12-25,3.0,True,True,6,False,2.0,8.0,6.0,pearson,PLS,standard,2.0,{},2025-12-24 10:00:00,2025-12-26,41.969380111146656,3.23857766851079,35.652703,2.738,,14.0,24.0,4.0,4.0,6.0,4.0,0.031896828631482875,1285.088823531754,1277.3510634042468,41.969380111146656,3.23857766851079,0.10713555452107404,3.1987872577196867,37.59580888002943,2.8031160136145314,2.0020669103433826,27.396838392519562,44.52062999596504,3.4925969672002743,-0.9982410697086058,-10.916742570913575,30.104739944665912,2.254490805792041,1.0372967302096232,14.56180024122159,35.458155407240156,2.7530000590047874,-0.3797987993810949,-3.429636982656632,33.485844447344384,2.569338755189566,0.14228902731022253,3.1987872577195553,27.396838392519562,-10.916742570913575,hourly_window_mean_factor_top_available_analogs,4.0,1081.0498603947367,,1081.0498603947367,0.0,12.835038151297974,-7.487105588256942,1.3163739104608172e-13,12.835038151297974,-7.487105588256942,1.3163739104608172e-13,-14.561800241221588,3.429636982656633,-3.1987872577195553,37.59580888002943,2.8031160136145314,30.104739944665912,2.254490805792041,44.52062999596504,3.4925969672002743,35.458155407240156,2.7530000590047874,33.485844447344384,2.569338755189566,9.062474588724882,0.739596908195487,0.5486252078224902,0.669238913321224,14.561800241221588,3.429636982656633,3.1987872577195553
experiment_2026_06_24_20_31,ERCOT_demand_WEST,2026-01-01,New Year's Day,H2,K,best_matching_weekday,True,2026-01-01,3.0,True,True,6,False,2.0,8.0,6.0,pearson,PLS,standard,2.0,{},2025-12-31 10:00:00,2026-01-02,26.593632912632977,1.988602105065376,41.459039,3.177,,14.0,24.0,4.0,4.0,6.0,4.0,0.035429975064971385,1338.247144628382,1344.420223047948,26.593632912632977,1.988602105065376,0.6455307879710075,8.311371582144465,38.150204736314926,2.866953910655556,2.846229959244418,37.84717316230314,19.85229934881851,1.4762302184711047,-0.6382103952718147,-8.917846006281431,30.230795066674723,2.2412356070661628,2.2412356070661628,30.230795066674723,26.68781787560357,2.0125053166599023,-0.3548766836746918,-4.47495878383188,27.99312526178768,2.096774371020104,0.6015857392298337,8.311371582144238,37.84717316230314,-8.917846006281431,hourly_window_mean_factor_top_available_analogs,4.0,1158.6661886644736,,1158.6661886644736,0.0,7.61637809562842,-4.442887222449552,2.2737367544323206e-13,7.61637809562842,-4.442887222449552,2.2737367544323206e-13,-30.230795066674723,4.474958783831879,-8.311371582144238,38.150204736314926,2.866953910655556,30.230795066674723,2.2412356070661628,19.85229934881851,1.4762302184711047,26.68781787560357,2.0125053166599023,27.99312526178768,2.096774371020104,-6.835518526785062,-0.5362750981887976,0.6257183035893932,-0.10817226595472795,30.230795066674723,4.474958783831879,8.311371582144238
experiment_2026_06_24_20_31,ERCOT_demand_WEST,2026-01-19,Martin Luther King Jr. Day,H2,I,best_matching_weekday,True,2026-01-19,3.0,True,True,6,False,2.0,8.0,6.0,pearson,PLS,standard,2.0,{},2026-01-18 10:00:00,2026-01-20,80.32506223713256,5.127732055515368,36.094611,2.757,,14.0,24.0,4.0,4.0,6.0,4.0,0.06760819553331383,1666.005904289764,1690.8103728850276,80.32506223713256,5.127732055515368,-5.127732055515368,-80.32506223713256,83.03390934074078,5.418615712386221,-5.418615712386221,-83.03390934074078,78.74490142669445,4.958049922340702,-4.958049922340702,-78.74490142669445,65.28733093628924,4.1963880223667624,-3.3676756488217983,-53.22235579226867,96.13497432996958,5.966634860753113,-5.966634860753113,-96.13497432996958,84.77005307966631,5.314438657137088,-5.009123572146838,-80.32506223713243,-83.03390934074078,-78.74490142669445,hourly_window_mean_factor_top_available_analogs,4.0,1327.862100282895,,1327.862100282895,0.0,-29.811553548472098,17.390072903275144,-1.555714621453693e-13,-29.811553548472098,17.390072903275144,-1.555714621453693e-13,53.22235579226868,96.1349743299696,80.3250622371324,83.03390934074078,5.418615712386221,65.28733093628924,4.1963880223667624,78.74490142669445,4.958049922340702,96.13497432996958,5.966634860753113,84.77005307966631,5.314438657137088,-17.390072903275126,-1.0085849384124108,1.2222276900194586,-0.1867066016217196,53.22235579226868,96.1349743299696,80.3250622371324
experiment_2026_06_24_20_31,ERCOT_demand_WEST,2026-02-16,Presidents' Day,H2,I,best_matching_weekday,True,2026-02-16,3.0,True,True,6,False,2.0,8.0,6.0,pearson,PLS,standard,2.0,{},2026-02-15 10:00:00,2026-02-17,96.26846560853289,7.074951512253801,49.629358,3.452,,14.0,24.0,4.0,4.0,6.0,4.0,0.10257507036440484,1380.3131376488823,1353.5640415825621,96.26846560853289,7.074951512253801,-2.1182780103258487,-26.933385859408375,101.83338346908513,7.704794145712181,-7.051545186823844,-92.97850504828773,93.02226352321075,6.707543309403081,0.7594611759646489,11.592933667437913,125.4128675107524,9.434678902474966,-8.342406221451517,-110.6069628686995,145.33209677177717,10.526009148562965,1.5891585188595012,21.876200729344458,137.99343335982067,10.123940110530546,-2.069839017044558,-26.933385859408578,-92.97850504828773,11.592933667437913,hourly_window_mean_factor_top_available_analogs,4.0,1340.024200493421,,1340.024200493421,0.0,17.628457820411768,-10.283267061906542,2.0343960434394448e-13,17.628457820411768,-10.283267061906542,2.0343960434394448e-13,110.6069628686995,-21.876200729344454,26.933385859408578,101.83338346908513,7.704794145712181,125.4128675107524,9.434678902474966,93.02226352321075,6.707543309403081,145.33209677177717,10.526009148562965,137.99343335982067,10.123940110530546,-52.30983324856642,-3.8184658391598836,-1.729884756762785,-3.048988598276745,110.6069628686995,21.876200729344454,26.933385859408578
experiment_2026_06_24_20_31,ERCOT_demand_WEST,2026-03-02,Texas Independence Day,H2,I,best_matching_weekday,True,2026-03-02,3.0,True,True,10,False,2.0,13.0,10.0,pearson,PLS,standard,2.0,{},2026-03-01 10:00:00,2026-03-03,101.10684789267125,7.492649774309974,83.017358,5.74,,14.0,24.0,4.0,4.0,10.0,4.0,0.11272200886959187,1444.974672287408,1411.189816649369,101.10684789267125,7.492649774309974,-7.492649774309974,-101.10684789267125,88.33422030976115,6.224635814758086,-6.224635814758086,-88.33422030976115,108.5575473160355,8.232324584048575,-8.232324584048575,-108.5575473160355,132.4507849527522,9.201116042579873,-8.825702504553542,-127.60217903859696,95.51802140278465,6.988921451700807,-6.168069477901521,-85.65123805754793,109.1248290264569,7.803940511498358,-7.147197435089107,-101.10684789267124,-88.33422030976115,-108.5575473160355,hourly_window_mean_factor_top_available_analogs,4.0,1555.5492816578949,,1555.5492816578949,0.0,39.2679587288358,-22.906309258487557,-5.983517774821896e-15,39.2679587288358,-22.906309258487557,-5.983517774821896e-15,127.60217903859694,85.65123805754794,101.10684789267125,88.33422030976115,6.224635814758086,132.4507849527522,9.201116042579873,108.5575473160355,8.232324584048575,95.51802140278465,6.988921451700807,109.1248290264569,7.803940511498358,13.039525913250841,1.2434031323477681,-2.976480227821787,-0.3112907371883846,127.60217903859694,85.65123805754794,101.10684789267125
