experiment_id,unique_id,target_date,holiday_label,holiday_day_type,analog_cluster,cluster_filter_label,filter_by_cluster,train_end,eligible_tuning_dates,target_exists,target_has_complete_profile,selected_analogs,fail,optuna_k_min,optuna_k_max,k,typedist,typereg,scale_method,n_components,regressor_params,forecast_start,forecast_end,mae_window,mape_window_pct,tuning_best_mean_mae,tuning_best_mean_mape_pct,error,bias_head_hours,bias_tail_hours,hourly_factor_analog_count,hourly_factor_requested_analogs,hourly_factor_available_neighbors,hourly_factor_selected_analogs,hourly_factor_mean_abs,forecast_window_mean_38,forecast_daily_mean_24,mae_38,mape_38_pct,mpe_38_pct,bias_38,mae_14,mape_14_pct,mpe_14_pct,bias_14,mae_24,mape_24_pct,mpe_24_pct,bias_24,mae_14_bias_adjusted,mape_14_bias_adjusted_pct,mpe_14_bias_adjusted_pct,bias_14_bias_adjusted,mae_24_bias_adjusted,mape_24_bias_adjusted_pct,mpe_24_bias_adjusted_pct,bias_24_bias_adjusted,mae_38_bias_adjusted,mape_38_bias_adjusted_pct,mpe_38_bias_adjusted_pct,bias_38_bias_adjusted,head_bias_mean,tail_bias_mean,bias_model_method,bias_train_samples,bias_train_window_mean,bias_train_head_tail_corr,bias_model_intercept,bias_model_slope,predicted_head_bias_mean,predicted_tail_bias_mean,predicted_full_bias_mean,predicted_bias_14,predicted_bias_24,predicted_bias_38,bias_14_prediction_error,bias_24_prediction_error,bias_38_prediction_error,mae_head14,mape_head14_pct,mae_head14_bias_adjusted,mape_head14_bias_adjusted_pct,mae_holiday24_raw,mape_holiday24_raw_pct,mae_holiday24_bias_adjusted,mape_holiday24_bias_adjusted_pct,mae_window_bias_adjusted,mape_window_bias_adjusted_pct,mae_holiday24_improvement,mape_holiday24_improvement_pct,mape_head14_improvement_pct,mape_window_improvement_pct,bias_14_prediction_abs_error,bias_24_prediction_abs_error,bias_38_prediction_abs_error
experiment_2026_06_25_11_20,ERCOT_demand_COAST,2025-01-01,New Year's Day,H2,I,best_matching_weekday,True,2025-01-01,3.0,True,True,3,False,2.0,3.0,3.0,pearson,PLS,standard,2.0,{},2024-12-31 10:00:00,2025-01-02,626.4354632483877,5.44150141847811,895.979214,7.767,,14.0,24.0,3.0,4.0,3.0,3.0,0.11793446238293678,11946.862496030039,11510.023733216416,626.4354632483877,5.44150141847811,-5.243051546699983,-605.1187142142489,805.3527115676806,6.742334014635619,-6.742334014635619,-805.3527115676806,522.0670683954669,4.682682404052894,-4.368470107070862,-488.31554909141397,1505.1953316858378,12.508355728181398,-12.456808541546666,-1499.2790856838897,852.0570397931186,7.763011272356081,-0.49212562525801484,-83.52516419029205,1092.6869368062257,9.511296071870671,-4.90016669968015,-605.1187142142492,-805.3527115676806,-488.31554909141397,hourly_window_mean_factor_top_available_analogs,3.0,15063.694402973684,,15063.694402973684,0.0,693.9263741162092,-404.79038490112197,4.786814219857517e-14,693.9263741162092,-404.79038490112197,4.786814219857517e-14,1499.2790856838897,83.525164190292,605.1187142142489,805.3527115676806,6.742334014635619,1505.1953316858378,12.508355728181398,522.0670683954669,4.682682404052894,852.0570397931186,7.763011272356081,1092.6869368062257,9.511296071870671,-329.98997139765174,-3.0803288683031873,-5.766021713545778,-4.069794653392561,1499.2790856838897,83.525164190292,605.1187142142489
experiment_2026_06_25_11_20,ERCOT_demand_COAST,2025-01-20,Martin Luther King Jr. Day,H2,L,best_matching_weekday,True,2025-01-20,3.0,True,True,3,False,2.0,3.0,3.0,pearson,PLS,standard,2.0,{},2025-01-19 10:00:00,2025-01-21,3726.972042642913,22.896749552445414,679.112426,5.911,,14.0,24.0,3.0,4.0,3.0,3.0,0.041278438547406045,12252.985713567616,12184.803122289799,3726.972042642913,22.896749552445414,22.896749552445414,3726.972042642913,2365.1284150275615,15.923904754997208,15.923904754997208,2365.1284150275615,4521.380825418534,26.96424235095687,26.96424235095687,4521.380825418534,2246.4630722780084,15.133296736086379,15.133296736086379,2246.4630722780084,4590.60227535577,27.430003024331853,27.430003024331853,4590.60227535577,3726.9720426429108,22.8996375497151,22.8996375497151,3726.9720426429108,2365.1284150275615,4521.380825418534,hourly_window_mean_factor_top_available_analogs,3.0,11153.731849798247,,11153.731849798247,0.0,118.66534274955328,-69.22144993723562,2.3934071099287587e-12,118.66534274955328,-69.22144993723562,2.3934071099287587e-12,-2246.463072278008,-4590.60227535577,-3726.9720426429108,2365.1284150275615,15.923904754997208,2246.4630722780084,15.133296736086379,4521.380825418534,26.96424235095687,4590.60227535577,27.430003024331853,3726.9720426429108,22.8996375497151,-69.22144993723577,-0.4657606733749837,0.7906080189108291,-0.0028879972696849165,2246.463072278008,4590.60227535577,3726.9720426429108
experiment_2026_06_25_11_20,ERCOT_demand_COAST,2025-02-17,Presidents' Day,H2,F,best_matching_weekday,True,2025-02-17,3.0,True,True,12,False,2.0,16.0,12.0,pearson,PLS,standard,2.0,{},2025-02-16 10:00:00,2025-02-18,982.6382071010645,7.5796372982406846,1715.328967,11.818,,14.0,24.0,4.0,4.0,12.0,4.0,0.07249859818944486,11951.086808265403,11710.43111550937,982.6382071010645,7.5796372982406846,5.861686459319596,779.2561388661732,496.9229895046653,4.072537904741957,-0.5904715151867052,-55.11405284718252,1265.9720840322973,9.625445277781607,9.625445277781607,1265.9720840322973,633.9613185876614,5.139772457981978,2.300534821775609,299.3645737559673,1293.7405189364993,9.97499041516211,8.124843903693966,1059.192885180464,1050.6639714395587,8.19359432567469,5.97904582088194,779.2561388661757,-55.11405284718252,1265.9720840322973,hourly_window_mean_factor_top_available_analogs,4.0,11943.043328440792,,11943.043328440792,0.0,-354.4786266031498,206.77919885183337,-2.537011536524484e-12,-354.4786266031498,206.77919885183337,-2.537011536524484e-12,-299.3645737559673,-1059.192885180464,-779.2561388661757,496.9229895046653,4.072537904741957,633.9613185876614,5.139772457981978,1265.9720840322973,9.625445277781607,1293.7405189364993,9.97499041516211,1050.6639714395587,8.19359432567469,-27.768434904201968,-0.3495451373805025,-1.067234553240021,-0.6139570274340054,299.3645737559673,1059.192885180464,779.2561388661757
experiment_2026_06_25_11_20,ERCOT_demand_COAST,2025-03-02,Texas Independence Day,H2,L,best_matching_weekday,True,2025-03-02,3.0,True,True,12,False,2.0,16.0,12.0,pearson,PLS,standard,2.0,{},2025-03-01 10:00:00,2025-03-03,491.87274722292193,4.194694788476685,1814.46707,12.314,,14.0,24.0,4.0,4.0,12.0,4.0,0.08066975494404731,11748.677632716795,11629.434270230022,491.87274722292193,4.194694788476685,0.021729167267746995,25.338147730573837,566.0189117611422,4.439640642915967,3.551860177258141,463.3635348773097,448.6208179089603,4.051809706720437,-2.0375139218933165,-230.1766614383554,417.8235117178383,3.390932379681008,-0.704923996096933,-76.6889266845453,539.5494538134088,4.919287469790422,0.9195271404706628,84.85394113939196,494.7030540939882,4.35620927869748,0.3210451427878644,25.338147730572974,463.3635348773097,-230.1766614383554,hourly_window_mean_factor_top_available_analogs,4.0,10205.834679092104,,10205.834679092104,0.0,540.052461561855,-315.0306025777474,8.61626559574353e-13,540.052461561855,-315.0306025777474,8.61626559574353e-13,76.68892668454532,-84.85394113939199,-25.338147730572974,566.0189117611422,4.439640642915967,417.8235117178383,3.390932379681008,448.6208179089603,4.051809706720437,539.5494538134088,4.919287469790422,494.7030540939882,4.35620927869748,-90.92863590444853,-0.867477763069985,1.0487082632349596,-0.161514490220795,76.68892668454532,84.85394113939199,25.338147730572974
experiment_2026_06_25_11_20,ERCOT_demand_COAST,2025-04-21,San Jacinto Day,H2,J,best_matching_weekday,True,2025-04-21,,False,False,0,True,,,,,,,,{},,,,,,,At least 2 realizable analogs are required for target_date=2025-04-21 after applying the special-day filters.,,,,,,,,,,,,,,,,,,,,,,,,,,,,,,,,,,,,,,,,,,,,,,,,,,,,,,,,,,,,,,,,,,,
experiment_2026_06_25_11_20,ERCOT_demand_COAST,2025-05-26,Memorial Day,H2,H,best_matching_weekday,True,2025-05-26,3.0,True,True,4,False,2.0,4.0,4.0,pearson,PLS,standard,2.0,{},2025-05-25 10:00:00,2025-05-27,1176.0086832266174,7.099319416905569,1611.595668,10.685,,14.0,24.0,4.0,4.0,4.0,4.0,0.0788445946209183,17600.117798217387,16346.974308408622,1176.0086832266174,7.099319416905569,-3.685179539752884,-656.0154818226505,967.7239129490014,5.149974004625084,-5.098077031304261,-958.5364993895554,1297.5081325552267,8.236437574069184,-2.8609893363479153,-479.5448882419559,392.22914362330056,2.1669015663330105,-1.688572307807635,-301.2107949071745,977.4395126728805,6.143982064710855,-5.398835374483245,-862.9848825233433,761.8356924967195,4.678741881097964,-4.031896349918547,-656.0154818226496,-958.5364993895554,-479.5448882419559,hourly_window_mean_factor_top_available_analogs,4.0,13903.515820749999,,13903.515820749999,0.0,-657.325704482381,383.43999428138744,-9.094947017729282e-13,-657.325704482381,383.43999428138744,-9.094947017729282e-13,301.21079490717443,862.9848825233433,656.0154818226496,967.7239129490014,5.149974004625084,392.22914362330056,2.1669015663330105,1297.5081325552267,8.236437574069184,977.4395126728805,6.143982064710855,761.8356924967195,4.678741881097964,320.0686198823462,2.092455509358329,2.9830724382920732,2.420577535807605,301.21079490717443,862.9848825233433,656.0154818226496
experiment_2026_06_25_11_20,ERCOT_demand_COAST,2025-06-19,Juneteenth National Independence Day,H2,G,best_matching_weekday,True,2025-06-19,3.0,True,True,4,False,2.0,4.0,4.0,pearson,PLS,standard,2.0,{},2025-06-18 10:00:00,2025-06-20,849.495055012521,4.4844552170921705,790.498426,5.587,,14.0,24.0,4.0,4.0,4.0,4.0,0.09518389480989678,18017.367217023213,17220.328405647324,849.495055012521,4.4844552170921705,4.289701452783608,819.3615439241526,434.50733524551316,2.1614723535104217,2.134628894235738,429.7611082609723,1091.571224876609,5.839528554181524,5.546827111936532,1046.6284647276743,441.534382097559,2.1931712284690716,2.188651288857792,440.73520568992717,1089.3710555225316,5.820174654490809,5.5001816104057175,1040.2269078941217,850.6943863659628,4.483910234377538,4.280144123519638,819.3615439241552,429.7611082609723,1046.6284647276743,hourly_window_mean_factor_top_available_analogs,4.0,12296.251178342107,,12296.251178342107,0.0,-10.974097428954858,6.40155683355268,-2.7284841053187847e-12,-10.974097428954858,6.40155683355268,-2.7284841053187847e-12,-440.73520568992717,-1040.2269078941217,-819.3615439241553,434.50733524551316,2.1614723535104217,441.534382097559,2.1931712284690716,1091.571224876609,5.839528554181524,1089.3710555225316,5.820174654490809,850.6943863659628,4.483910234377538,2.2001693540773886,0.019353899690715437,-0.03169887495864998,0.0005449827146328801,440.73520568992717,1040.2269078941217,819.3615439241553
experiment_2026_06_25_11_20,ERCOT_demand_COAST,2025-07-04,Independence Day,H2,I,best_matching_weekday,True,2025-07-04,3.0,True,True,4,False,2.0,4.0,4.0,pearson,PLS,standard,2.0,{},2025-07-03 10:00:00,2025-07-05,1326.6955500220754,8.047982529153051,817.456755,5.065,,14.0,24.0,4.0,4.0,4.0,4.0,0.12129568321514961,17847.953521720872,16860.37542167802,1326.6955500220754,8.047982529153051,-7.608653032013082,-1245.506805089294,2187.7032177547353,13.013058827256884,-11.820593049305542,-1967.3337672228997,824.4410771780236,5.151688021925812,-5.151688021925812,-824.4410771780236,2385.410584893896,14.161124679397577,-13.2810542266847,-2226.0803838926017,673.5055507873641,4.0988514901928665,-4.0988514901928665,-673.5055507873641,1304.2074054581917,7.806004770426182,-7.481768287847754,-1245.506805089294,-1967.3337672228997,-824.4410771780236,hourly_window_mean_factor_top_available_analogs,4.0,15857.151786013157,,15857.151786013157,0.0,258.7466166697021,-150.93552639065965,-4.786814219857517e-14,258.7466166697021,-150.93552639065965,-4.786814219857517e-14,2226.0803838926017,673.505550787364,1245.506805089294,2187.7032177547353,13.013058827256884,2385.410584893896,14.161124679397577,824.4410771780236,5.151688021925812,673.5055507873641,4.0988514901928665,1304.2074054581917,7.806004770426182,150.93552639065956,1.0528365317329458,-1.148065852140693,0.24197775872686922,2226.0803838926017,673.505550787364,1245.506805089294
experiment_2026_06_25_11_20,ERCOT_demand_COAST,2025-08-27,Lyndon B. Johnson Day,H2,I,best_matching_weekday,True,2025-08-27,3.0,True,True,4,False,2.0,4.0,4.0,pearson,PLS,standard,2.0,{},2025-08-26 10:00:00,2025-08-28,1140.4199965979112,6.4307116111716285,1117.399763,6.544,,14.0,24.0,4.0,4.0,4.0,4.0,0.11198864697520534,16999.014303981035,16006.902942666513,1140.4199965979112,6.4307116111716285,6.4307116111716285,1140.4199965979112,960.5835624083538,4.79224305253178,4.79224305253178,960.5835624083538,1245.3245832084865,7.386484937044876,7.386484937044876,1245.3245832084865,911.7020489465516,4.542769793726789,4.539151835913513,911.0973281629338,1274.191553184982,7.47562893670121,7.47562893670121,1274.191553184982,1140.6427884655602,6.395101884026424,6.39376895220048,1140.4199965979117,960.5835624083538,1245.3245832084865,hourly_window_mean_factor_top_available_analogs,4.0,16140.17008550658,,16140.17008550658,0.0,49.4862342454201,-28.866969976495586,-3.3507699539002617e-13,49.4862342454201,-28.866969976495586,-3.3507699539002617e-13,-911.0973281629338,-1274.191553184982,-1140.4199965979114,960.5835624083538,4.79224305253178,911.7020489465516,4.542769793726789,1245.3245832084865,7.386484937044876,1274.191553184982,7.47562893670121,1140.6427884655602,6.395101884026424,-28.86696997649551,-0.08914399965633457,0.24947325880499083,0.035609727145204495,911.0973281629338,1274.191553184982,1140.4199965979114
experiment_2026_06_25_11_20,ERCOT_demand_COAST,2025-09-01,Labor Day,H2,I,best_matching_weekday,True,2025-09-01,3.0,True,True,18,False,2.0,24.0,18.0,pearson,PLS,standard,2.0,{},2025-08-31 10:00:00,2025-09-02,1060.101894067099,6.836590486664175,1024.084568,5.888,,14.0,24.0,4.0,4.0,18.0,4.0,0.11122701820122319,16859.46031277446,16183.318401186747,1060.101894067099,6.836590486664175,-6.669707219963359,-1030.3572960112972,2248.621511139099,14.341150850796522,-14.341150850796522,-2248.621511139099,366.79878410843224,2.4589302742536376,-2.19469843531068,-319.7031705200797,2274.5843538223194,14.531529240557148,-14.531529240557148,-2274.5843538223194,378.5477384588503,2.5343694819868747,-2.1012868574970907,-304.55817895487445,1077.0875441190756,6.954375708828556,-6.680849840729743,-1030.357296011301,-2248.621511139099,-319.7031705200797,hourly_window_mean_factor_top_available_analogs,4.0,15928.473013013157,,15928.473013013157,0.0,25.962842683220384,-15.144991565205222,4.212396513474615e-12,25.962842683220384,-15.144991565205222,4.212396513474615e-12,2274.5843538223194,304.5581789548745,1030.3572960113015,2248.621511139099,14.341150850796522,2274.5843538223194,14.531529240557148,366.79878410843224,2.4589302742536376,378.5477384588503,2.5343694819868747,1077.0875441190756,6.954375708828556,-11.748954350418046,-0.07543920773323709,-0.19037838976062638,-0.1177852221643807,2274.5843538223194,304.5581789548745,1030.3572960113015
experiment_2026_06_25_11_20,ERCOT_demand_COAST,2025-11-11,Veterans Day,H2,G,best_matching_weekday,True,2025-11-11,3.0,True,True,18,False,2.0,24.0,18.0,pearson,PLS,standard,2.0,{},2025-11-10 10:00:00,2025-11-12,508.0868051127706,4.083214698817816,1063.153931,6.518,,14.0,24.0,4.0,4.0,18.0,4.0,0.06871569061403522,12166.194205056245,11971.20074340244,508.0868051127706,4.083214698817816,1.9342931167087143,240.48852202269993,328.1281242028202,2.6318141946774207,-0.10590331681396692,-10.113740105633562,613.0627023102418,4.929864992899714,3.124407702930279,386.67317493089445,364.485267931744,2.9291851331756815,-1.0431223751989733,-126.76295352872292,821.7205136118952,6.637391371432141,3.7040230717879825,454.71854942770096,653.2654230981553,5.271210125758708,1.9550747492138405,240.48852202270268,-10.113740105633562,386.67317493089445,hourly_window_mean_factor_top_available_analogs,4.0,11212.367487177633,,11212.367487177633,0.0,116.64921342308935,-68.04537449680652,-2.77635224751736e-12,116.64921342308935,-68.04537449680652,-2.77635224751736e-12,126.76295352872292,-454.71854942770096,-240.4885220227027,328.1281242028202,2.6318141946774207,364.485267931744,2.9291851331756815,613.0627023102418,4.929864992899714,821.7205136118952,6.637391371432141,653.2654230981553,5.271210125758708,-208.6578113016534,-1.7075263785324273,-0.2973709384982608,-1.1879954269408923,126.76295352872292,454.71854942770096,240.4885220227027
experiment_2026_06_25_11_20,ERCOT_demand_COAST,2025-11-27,Thanksgiving Day,H1,F,best_matching_weekday,True,2025-11-27,3.0,True,True,13,False,2.0,17.0,13.0,pearson,PLS,standard,2.0,{},2025-11-26 10:00:00,2025-11-28,1935.927902407763,16.55707410903196,760.833343,5.044,,14.0,24.0,4.0,4.0,13.0,4.0,0.04587904206592359,13605.88690417092,13323.902833134014,1935.927902407763,16.55707410903196,-16.55707410903196,-1935.927902407763,1679.155089948475,13.597919338902772,-13.597919338902772,-1679.155089948475,2085.712043009014,18.28324772494065,-18.28324772494065,-2085.712043009014,1509.686876251815,12.24749213271193,-12.24749213271193,-1509.686876251815,2184.5685009987324,19.347918139676093,-19.347918139676093,-2184.5685009987324,1935.9279024077628,16.73197171605772,-16.73197171605772,-1935.9279024077628,-1679.155089948475,-2085.712043009014,hourly_window_mean_factor_top_available_analogs,4.0,10830.93102750658,,10830.93102750658,0.0,-169.46821369666006,98.85645798971844,4.786814219857517e-14,-169.46821369666006,98.85645798971844,4.786814219857517e-14,1509.686876251815,2184.5685009987324,1935.927902407763,1679.155089948475,13.597919338902772,1509.686876251815,12.24749213271193,2085.712043009014,18.28324772494065,2184.5685009987324,19.347918139676093,1935.9279024077628,16.73197171605772,-98.85645798971836,-1.064670414735442,1.350427206190842,-0.17489760702576262,1509.686876251815,2184.5685009987324,1935.927902407763
experiment_2026_06_25_11_20,ERCOT_demand_COAST,2025-11-28,Day after Thanksgiving,H2,G,best_matching_weekday,True,2025-11-28,3.0,True,True,13,False,2.0,17.0,13.0,pearson,PLS,standard,2.0,{},2025-11-27 10:00:00,2025-11-29,334.86097148697627,2.8732720791890745,1232.41856,9.547,,14.0,24.0,4.0,4.0,13.0,4.0,0.056791830327942196,11826.59840659407,11641.051429379193,334.86097148697627,2.8732720791890745,-2.672828692293814,-312.7886631467025,500.9556759624324,4.304609015465169,-4.304609015465169,-500.9556759624324,237.97239387629352,2.0383255330280203,-1.7209568371105248,-203.0245723375267,405.59495624919094,3.4837507887536425,-3.4837507887536425,-405.59495624919094,389.5217762022273,3.32434217170931,-2.1109638426285215,-258.6516588369165,395.4434741142665,3.3830716621993275,-2.6167274543588297,-312.7886631467018,-500.9556759624324,-203.0245723375267,hourly_window_mean_factor_top_available_analogs,4.0,10108.624487388157,,10108.624487388157,0.0,-95.36071971324145,55.62708649938978,-6.701539907800523e-13,-95.36071971324145,55.62708649938978,-6.701539907800523e-13,405.59495624919094,258.6516588369165,312.7886631467018,500.9556759624324,4.304609015465169,405.59495624919094,3.4837507887536425,237.97239387629352,2.0383255330280203,389.5217762022273,3.32434217170931,395.4434741142665,3.3830716621993275,-151.54938232593375,-1.2860166386812897,0.8208582267115263,-0.5097995830102531,405.59495624919094,258.6516588369165,312.7886631467018
experiment_2026_06_25_11_20,ERCOT_demand_COAST,2025-12-24,Christmas Eve,H1,H,best_matching_weekday,True,2025-12-24,3.0,True,True,4,False,2.0,5.0,4.0,pearson,PLS,standard,2.0,{},2025-12-23 10:00:00,2025-12-25,540.1818462050497,3.891459027563358,873.603,7.442,,14.0,24.0,4.0,4.0,4.0,4.0,0.08275696719097693,13392.279312435183,12672.742539712495,540.1818462050497,3.891459027563358,0.6058116367667438,100.90523380166,432.76601815339865,3.047271087965533,-2.764342135453831,-395.13944553121877,602.8410792351798,4.383901992328757,2.5717346705620794,390.2646300791726,607.1127533458197,4.235913271966112,-3.766497566848668,-544.7370596329412,540.7718836341097,3.898743490866764,3.37643685879434,477.52990497184277,565.2132566857923,4.022963936534945,0.7448294388206003,100.9052338016592,-395.13944553121877,390.2646300791726,hourly_window_mean_factor_top_available_analogs,4.0,15104.208268592103,,15104.208268592103,0.0,149.59761410172243,-87.26527489267012,8.137584173757779e-13,149.59761410172243,-87.26527489267012,8.137584173757779e-13,544.7370596329412,-477.5299049718427,-100.9052338016592,432.76601815339865,3.047271087965533,607.1127533458197,4.235913271966112,602.8410792351798,4.383901992328757,540.7718836341097,3.898743490866764,565.2132566857923,4.022963936534945,62.06919560107008,0.4851585014619926,-1.188642184000579,-0.1315049089715874,544.7370596329412,477.5299049718427,100.9052338016592
experiment_2026_06_25_11_20,ERCOT_demand_COAST,2025-12-25,Christmas Day,H2,I,best_matching_weekday,True,2025-12-25,3.0,True,True,4,False,2.0,5.0,4.0,pearson,PLS,standard,2.0,{},2025-12-24 10:00:00,2025-12-26,152.84937321911744,1.1196994533980071,880.585319,7.351,,14.0,24.0,4.0,4.0,4.0,4.0,0.11580891497598153,13042.55807608704,12585.890813434875,152.84937321911744,1.1196994533980071,0.13429166927032002,21.637024255064954,198.41590446448092,1.3716438992604947,1.1841758977886532,171.25729808067535,126.26889665932208,0.9727318599782225,-0.4781407973653741,-65.64146880987444,289.05096338829026,2.0376664834480516,-1.4410630649570713,-210.614792800352,620.3893044952903,5.094944155031587,1.717300507856801,157.11725087072554,498.3172840874482,3.968578697079758,0.5536928757674794,21.637024255065388,171.25729808067535,-65.64146880987444,hourly_window_mean_factor_top_available_analogs,4.0,13723.20831782237,,13723.20831782237,0.0,381.87209088102736,-222.75871968059997,-4.308132797871765e-13,381.87209088102736,-222.75871968059997,-4.308132797871765e-13,210.614792800352,-157.1172508707255,-21.637024255065384,198.41590446448092,1.3716438992604947,289.05096338829026,2.0376664834480516,126.26889665932208,0.9727318599782225,620.3893044952903,5.094944155031587,498.3172840874482,3.968578697079758,-494.1204078359682,-4.122212295053364,-0.6660225841875569,-2.8488792436817505,210.614792800352,157.1172508707255,21.637024255065384
experiment_2026_06_25_11_20,ERCOT_demand_COAST,2026-01-01,New Year's Day,H2,I,best_matching_weekday,True,2026-01-01,3.0,True,True,4,False,2.0,5.0,4.0,pearson,PLS,standard,2.0,{},2025-12-31 10:00:00,2026-01-02,1537.1452663741807,13.078514871883822,337.983844,2.588,,14.0,24.0,4.0,4.0,4.0,4.0,0.035711488282802246,13473.837273354162,13360.333459661726,1537.1452663741807,13.078514871883822,-13.065019543231175,-1535.2715389857442,1104.9000303812477,8.952798033690799,-8.916167855919335,-1099.8141988983486,1789.2883207033908,15.485183027496417,-15.485183027496417,-1789.2883207033908,1252.9426042792963,10.108184565083349,-10.108184565083349,-1252.9426042792963,1699.9634175644999,14.708519827932575,-14.708519827932575,-1699.9634175644999,1535.2715389857408,13.013659467935492,-13.013659467935492,-1535.2715389857408,-1099.8141988983486,-1789.2883207033908,hourly_window_mean_factor_top_available_analogs,4.0,10462.85837117763,,10462.85837117763,0.0,153.12840538094744,-89.32490313889086,-3.0635611007088107e-12,153.12840538094744,-89.32490313889086,-3.0635611007088107e-12,1252.9426042792961,1699.9634175644999,1535.2715389857412,1104.9000303812477,8.952798033690799,1252.9426042792963,10.108184565083349,1789.2883207033908,15.485183027496417,1699.9634175644999,14.708519827932575,1535.2715389857408,13.013659467935492,89.32490313889093,0.776663199563842,-1.1553865313925495,0.06485540394833045,1252.9426042792961,1699.9634175644999,1535.2715389857412
experiment_2026_06_25_11_20,ERCOT_demand_COAST,2026-01-19,Martin Luther King Jr. Day,H2,L,best_matching_weekday,True,2026-01-19,3.0,True,True,4,False,2.0,5.0,4.0,pearson,PLS,standard,2.0,{},2026-01-18 10:00:00,2026-01-20,536.8376924538604,4.159363266634185,743.392162,6.03,,14.0,24.0,4.0,4.0,4.0,4.0,0.044909575762104484,13569.143491491419,13771.445796132663,536.8376924538604,4.159363266634185,-4.115686031604096,-530.7203733861542,334.40405321877085,2.6178332835193,-2.499280788437631,-317.79990146356795,654.9239820076629,5.058589090117869,-5.058589090117869,-654.9239820076629,260.4419521295509,2.0026525074657022,-2.0026525074657022,-260.4419521295509,688.382785785842,5.246704850061994,-5.246704850061994,-688.382785785842,530.7203733861559,4.051527671210728,-4.051527671210728,-530.7203733861559,-317.79990146356795,-654.9239820076629,hourly_window_mean_factor_top_available_analogs,4.0,12501.299559276316,,12501.299559276316,0.0,-57.35794933401706,33.45880377817912,1.5796486925529807e-12,-57.35794933401706,33.45880377817912,1.5796486925529807e-12,260.4419521295509,688.382785785842,530.7203733861558,334.40405321877085,2.6178332835193,260.4419521295509,2.0026525074657022,654.9239820076629,5.058589090117869,688.382785785842,5.246704850061994,530.7203733861559,4.051527671210728,-33.45880377817912,-0.18811575994412522,0.6151807760535979,0.10783559542345689,260.4419521295509,688.382785785842,530.7203733861558
experiment_2026_06_25_11_20,ERCOT_demand_COAST,2026-02-16,Presidents' Day,H2,F,best_matching_weekday,True,2026-02-16,3.0,True,True,14,False,2.0,18.0,14.0,pearson,PLS,standard,2.0,{},2026-02-15 10:00:00,2026-02-17,386.8070799627629,3.1203454720347503,658.155809,5.396,,14.0,24.0,4.0,4.0,14.0,4.0,0.058788043127985586,12180.544490583197,11994.395777720687,386.8070799627629,3.1203454720347503,0.42298023920266736,62.569279127330354,431.26601377606767,3.588043232978667,-3.588043232978667,-431.26601377606767,360.8727019050018,2.8475217781507993,2.762743931308446,350.6398666543125,102.91861191908485,0.8503882774691577,-0.6502240163471139,-79.36849559222459,267.36954330773733,2.216648148958459,1.2701251961172926,145.36631438040163,206.78235805928642,1.713289248936085,0.5626281178409323,62.56927912732882,-431.26601377606767,350.6398666543125,hourly_window_mean_factor_top_available_analogs,4.0,10642.672115157897,,10642.672115157897,0.0,-351.8975181838431,205.2735522739109,1.5317805503544054e-12,-351.8975181838431,205.2735522739109,1.5317805503544054e-12,79.36849559222458,-145.36631438040163,-62.56927912732882,431.26601377606767,3.588043232978667,102.91861191908485,0.8503882774691577,360.8727019050018,2.8475217781507993,267.36954330773733,2.216648148958459,206.78235805928642,1.713289248936085,93.50315859726447,0.6308736291923402,2.7376549555095093,1.4070562230986654,79.36849559222458,145.36631438040163,62.56927912732882
experiment_2026_06_25_11_20,ERCOT_demand_COAST,2026-03-02,Texas Independence Day,H2,L,best_matching_weekday,True,2026-03-02,3.0,True,True,14,False,2.0,18.0,14.0,pearson,PLS,standard,2.0,{},2026-03-01 10:00:00,2026-03-03,883.1955349950476,6.208746541077824,701.966465,5.797,,14.0,24.0,4.0,4.0,14.0,4.0,0.08057482377725497,12602.795225776905,12420.55171500713,883.1955349950476,6.208746541077824,5.772150165968846,829.6863112230945,869.458010976963,6.216479562523583,5.213406136337716,746.6787192606222,891.2090906722639,6.204235611901133,6.098084183253673,878.1074065345371,504.69226858318495,3.697085432437253,1.8195664459037626,264.13006961423486,1159.5941188282634,8.500866561759493,8.500866561759493,1159.5941188282634,918.314489790603,6.731052461482879,6.039334940128434,829.686311223095,746.6787192606222,878.1074065345371,hourly_window_mean_factor_top_available_analogs,4.0,10954.44622724342,,10954.44622724342,0.0,482.5486496463873,-281.48671229372627,-2.3934071099287584e-13,482.5486496463873,-281.48671229372627,-2.3934071099287584e-13,-264.1300696142349,-1159.5941188282634,-829.6863112230948,869.458010976963,6.216479562523583,504.69226858318495,3.697085432437253,891.2090906722639,6.204235611901133,1159.5941188282634,8.500866561759493,918.314489790603,6.731052461482879,-268.3850281559995,-2.2966309498583595,2.51939413008633,-0.5223059204050546,264.1300696142349,1159.5941188282634,829.6863112230948
experiment_2026_06_25_11_20,ERCOT_demand_EAST,2025-01-01,New Year's Day,H2,H,best_matching_weekday,True,2025-01-01,3.0,True,True,13,False,2.0,17.0,13.0,pearson,PLS,standard,2.0,{},2024-12-31 10:00:00,2025-01-02,153.01719775718576,9.340186996392722,168.499976,12.681,,14.0,24.0,4.0,4.0,13.0,4.0,0.04639226695077211,1431.149240651456,1405.3923903060258,153.01719775718576,9.340186996392722,9.133508917628882,150.05629887485946,71.40200221862224,4.538997438672121,4.016786119886326,63.91162318494836,200.62606182134786,12.14088090506307,12.118263882978708,200.3073596939743,80.50681934096762,5.154873917431721,5.154873917431721,80.50681934096762,190.6268286029635,11.642815892178527,11.642815892178527,190.6268286029635,150.05629887485975,9.252521480429705,9.252521480429705,150.05629887485975,63.91162318494836,200.3073596939743,hourly_window_mean_factor_top_available_analogs,4.0,1270.0506137894736,,1270.0506137894736,0.0,-16.595196156019274,9.680531091010797,-2.8122533541662914e-13,-16.595196156019274,9.680531091010797,-2.8122533541662914e-13,-80.50681934096764,-190.62682860296349,-150.05629887485975,71.40200221862224,4.538997438672121,80.50681934096762,5.154873917431721,200.62606182134786,12.14088090506307,190.6268286029635,11.642815892178527,150.05629887485975,9.252521480429705,9.999233218384347,0.49806501288454363,-0.6158764787596,0.08766551596301753,80.50681934096764,190.62682860296349,150.05629887485975
experiment_2026_06_25_11_20,ERCOT_demand_EAST,2025-01-20,Martin Luther King Jr. Day,H2,I,best_matching_weekday,True,2025-01-20,3.0,True,True,16,False,2.0,21.0,16.0,pearson,PLS,standard,2.0,{},2025-01-19 10:00:00,2025-01-21,645.5970287461234,24.868939550246584,168.53235,12.29,,14.0,24.0,4.0,4.0,16.0,4.0,0.07311070574999873,1984.3686414117715,2040.4540305237224,645.5970287461234,24.868939550246584,24.868939550246584,645.5970287461234,582.9275581372874,23.997124096527696,23.997124096527696,582.9275581372874,682.154219934611,25.37749856491593,25.37749856491593,682.154219934611,529.6661330743322,21.454787086000927,21.454787086000927,529.6661330743322,713.2233845546681,26.335274921835946,26.335274921835946,713.2233845546681,645.5970287461232,24.537200456001994,24.537200456001994,645.5970287461232,582.9275581372874,682.154219934611,hourly_window_mean_factor_top_available_analogs,4.0,1527.7206966513156,,1527.7206966513156,0.0,53.261425062955254,-31.069164620057155,4.786814219857517e-14,53.261425062955254,-31.069164620057155,4.786814219857517e-14,-529.6661330743322,-713.2233845546681,-645.5970287461234,582.9275581372874,23.997124096527696,529.6661330743322,21.454787086000927,682.154219934611,25.37749856491593,713.2233845546681,26.335274921835946,645.5970287461232,24.537200456001994,-31.06916462005711,-0.957776356920018,2.5423370105267686,0.3317390942445897,529.6661330743322,713.2233845546681,645.5970287461234
experiment_2026_06_25_11_20,ERCOT_demand_EAST,2025-02-17,Presidents' Day,H2,F,best_matching_weekday,True,2025-02-17,3.0,True,True,10,False,2.0,13.0,10.0,pearson,PLS,standard,2.0,{},2025-02-16 10:00:00,2025-02-18,355.0062779929334,16.816611173660732,303.054207,14.954,,14.0,24.0,4.0,4.0,10.0,4.0,0.06157358113649805,1632.8142715070665,1642.5796568315727,355.0062779929334,16.816611173660732,16.816611173660732,355.0062779929334,323.22685626351534,16.114719820690095,16.114719820690095,323.22685626351534,373.54427400176047,17.226047796226933,17.226047796226933,373.54427400176047,326.60600619443306,16.564595569873376,16.564595569873376,326.60600619443306,383.65879989132253,17.627414977262656,16.88186899658237,371.57310320872557,362.6393495819422,17.235849932435023,16.764978786742212,355.0062779929336,323.22685626351534,373.54427400176047,hourly_window_mean_factor_top_available_analogs,4.0,1386.1379746184211,,1386.1379746184211,0.0,-3.379149930917752,1.9711707930350049,-2.2139015766841017e-13,-3.379149930917752,1.9711707930350049,-2.2139015766841017e-13,-326.6060061944331,-371.57310320872546,-355.00627799293363,323.22685626351534,16.114719820690095,326.60600619443306,16.564595569873376,373.54427400176047,17.226047796226933,383.65879989132253,17.627414977262656,362.6393495819422,17.235849932435023,-10.11452588956206,-0.4013671810357238,-0.4498757491832812,-0.4192387587742914,326.6060061944331,371.57310320872546,355.00627799293363
experiment_2026_06_25_11_20,ERCOT_demand_EAST,2025-03-02,Texas Independence Day,H2,L,best_matching_weekday,True,2025-03-02,3.0,True,True,10,False,2.0,13.0,10.0,pearson,PLS,standard,2.0,{},2025-03-01 10:00:00,2025-03-03,96.55649547635967,6.6854361944085126,370.153825,16.402,,14.0,24.0,4.0,4.0,10.0,4.0,0.0678585562219874,1344.098488148826,1325.0078398753424,96.55649547635967,6.6854361944085126,5.863442491864129,84.89495929854256,132.95359732548863,8.855718316614805,6.878645122173526,104.65104738234545,75.32485273103443,5.419438289788175,5.271240957516981,73.37057458299088,136.14765753312764,9.035418130701986,8.473428041514738,128.07190321744366,63.906652755251265,4.647176260223772,4.350659687658754,59.708408679183414,90.52175977867941,6.263896949347324,5.869574344342538,84.89495929854246,104.65104738234545,73.37057458299088,hourly_window_mean_factor_top_available_analogs,4.0,1339.7807284407895,,1339.7807284407895,0.0,-23.420855835098223,13.662165903807468,1.0770331994679413e-13,-23.420855835098223,13.662165903807468,1.0770331994679413e-13,-128.07190321744366,-59.708408679183414,-84.89495929854245,132.95359732548863,8.855718316614805,136.14765753312764,9.035418130701986,75.32485273103443,5.419438289788175,63.906652755251265,4.647176260223772,90.52175977867941,6.263896949347324,11.41819997578316,0.7722620295644029,-0.17969981408718105,0.42153924506118834,128.07190321744366,59.708408679183414,84.89495929854245
experiment_2026_06_25_11_20,ERCOT_demand_EAST,2025-04-21,San Jacinto Day,H2,I,best_matching_weekday,True,2025-04-21,3.0,True,True,10,False,2.0,13.0,10.0,pearson,PLS,standard,2.0,{},2025-04-20 10:00:00,2025-04-22,85.46437178776905,5.331749434651539,350.186666,15.431,,14.0,24.0,4.0,4.0,10.0,4.0,0.1257786523530516,1581.0079063685973,1533.4233420440808,85.46437178776905,5.331749434651539,0.30861278583211754,17.51704942087619,43.70012304927751,2.6591660320180033,-1.4999376110390763,-25.09221342491157,109.82685021855578,6.890756419521101,1.3636005173403143,42.37245274758572,91.50477885159987,5.491665431195833,-5.491665431195833,-91.50477885159987,103.88115011703576,6.228931067616538,4.38392171706358,81.11311591315418,99.32143438766462,5.957306885777331,0.7455475045469545,17.517049420876376,-25.09221342491157,42.37245274758572,hourly_window_mean_factor_top_available_analogs,4.0,1439.8965042039474,,1439.8965042039474,0.0,66.41256542668829,-38.74066316556846,-1.8548905101947878e-13,66.41256542668829,-38.74066316556846,-1.8548905101947878e-13,91.50477885159987,-81.11311591315419,-17.517049420876376,43.70012304927751,2.6591660320180033,91.50477885159987,5.491665431195833,109.82685021855578,6.890756419521101,103.88115011703576,6.228931067616538,99.32143438766462,5.957306885777331,5.945700101520018,0.6618253519045627,-2.83249939917783,-0.6255574511257915,91.50477885159987,81.11311591315419,17.517049420876376
experiment_2026_06_25_11_20,ERCOT_demand_EAST,2025-05-26,Memorial Day,H2,I,best_matching_weekday,True,2025-05-26,3.0,True,True,10,False,2.0,13.0,10.0,pearson,PLS,standard,2.0,{},2025-05-25 10:00:00,2025-05-27,315.0656075478612,18.126915377920202,179.009048,9.611,,14.0,24.0,4.0,4.0,10.0,4.0,0.15143161536904895,2225.48355355231,2136.0691227907496,315.0656075478612,18.126915377920202,-17.199966142732954,-299.1944505786255,59.337257839259046,2.4536627176062047,-2.414011708128686,-58.5856504292707,464.24047821121235,27.269646096436702,-25.825106229585447,-439.5495839990825,112.41005835781026,4.685193137703228,-4.685193137703228,-112.41005835781026,427.48071233712307,25.08422608017881,-23.955031832940872,-408.15201270743455,311.4020503447446,17.5687928908457,-16.85561757680069,-299.1944505786256,-58.5856504292707,-439.5495839990825,hourly_window_mean_factor_top_available_analogs,4.0,1666.5858627828948,,1666.5858627828948,0.0,53.82440792853955,-31.39757129164795,7.778573107268465e-14,53.82440792853955,-31.39757129164795,7.778573107268465e-14,112.41005835781024,408.15201270743455,299.19445057862555,59.337257839259046,2.4536627176062047,112.41005835781026,4.685193137703228,464.24047821121235,27.269646096436702,427.48071233712307,25.08422608017881,311.4020503447446,17.5687928908457,36.75976587408928,2.1854200162578934,-2.2315304200970236,0.5581224870745025,112.41005835781024,408.15201270743455,299.19445057862555
experiment_2026_06_25_11_20,ERCOT_demand_EAST,2025-06-19,Juneteenth National Independence Day,H2,J,best_matching_weekday,True,2025-06-19,3.0,True,True,7,False,2.0,9.0,7.0,pearson,PLS,standard,2.0,{},2025-06-18 10:00:00,2025-06-20,66.89488983412178,2.9352350527507345,164.880378,10.063,,14.0,24.0,4.0,4.0,7.0,4.0,0.14484080551657474,2224.930411225094,2109.5648110817942,66.89488983412178,2.9352350527507345,1.9815634063186314,42.51142730122253,61.27404339311305,2.499626441131299,-0.053003674156602155,-3.9643059707488937,70.1737169247102,3.1893400761954056,3.1683942032625185,69.62227170987254,52.31812572729728,2.0784667751640806,-1.2836404308374512,-33.13505763636936,86.63854351481689,4.011792381848815,4.011792381848815,86.63854351481689,73.99417906678335,3.2995145267544395,2.0608434508591382,42.51142730122195,-3.9643059707488937,69.62227170987254,hourly_window_mean_factor_top_available_analogs,4.0,1967.9971324999997,,1967.9971324999997,0.0,29.170751665620465,-17.016271804944342,5.863847419325458e-13,29.170751665620465,-17.016271804944342,5.863847419325458e-13,33.13505763636936,-86.63854351481687,-42.51142730122194,61.27404339311305,2.499626441131299,52.31812572729728,2.0784667751640806,70.1737169247102,3.1893400761954056,86.63854351481689,4.011792381848815,73.99417906678335,3.2995145267544395,-16.464826590106682,-0.822452305653409,0.42115966596721854,-0.364279474003705,33.13505763636936,86.63854351481687,42.51142730122194
experiment_2026_06_25_11_20,ERCOT_demand_EAST,2025-07-04,Independence Day,H2,F,best_matching_weekday,True,2025-07-04,3.0,True,True,7,False,2.0,9.0,7.0,pearson,PLS,standard,2.0,{},2025-07-03 10:00:00,2025-07-05,312.08203187113344,15.583470970017974,149.804146,8.458,,14.0,24.0,4.0,4.0,7.0,4.0,0.14729340435235388,2302.4934435553437,2171.900577090338,312.08203187113344,15.583470970017974,-15.583470970017974,-312.08203187113344,356.1882104239253,16.591879590552374,-16.591879590552374,-356.1882104239253,286.3534277153382,14.995232608039572,-14.995232608039572,-286.3534277153382,335.7023344526578,15.523990644330427,-15.523990644330427,-335.7023344526578,298.30352203191046,15.361323817473666,-15.361323817473666,-298.30352203191046,312.0820318711332,15.421253701052478,-15.421253701052478,-312.0820318711332,-356.1882104239253,-286.3534277153382,hourly_window_mean_factor_top_available_analogs,4.0,2106.1375959539473,,2106.1375959539473,0.0,-20.485875971267482,11.950094316572262,-2.7524181764180723e-13,-20.485875971267482,11.950094316572262,-2.7524181764180723e-13,335.7023344526578,298.30352203191046,312.08203187113315,356.1882104239253,16.591879590552374,335.7023344526578,15.523990644330427,286.3534277153382,14.995232608039572,298.30352203191046,15.361323817473666,312.0820318711332,15.421253701052478,-11.950094316572233,-0.366091209434094,1.067888946221947,0.16221726896549526,335.7023344526578,298.30352203191046,312.08203187113315
experiment_2026_06_25_11_20,ERCOT_demand_EAST,2025-08-27,Lyndon B. Johnson Day,H2,F,best_matching_weekday,True,2025-08-27,3.0,True,True,7,False,2.0,9.0,7.0,pearson,PLS,standard,2.0,{},2025-08-26 10:00:00,2025-08-28,75.74723292715123,3.4437506247356993,223.370788,11.796,,14.0,24.0,4.0,4.0,7.0,4.0,0.14394924335410725,2244.9328357940462,2121.0828712097277,75.74723292715123,3.4437506247356993,-0.19634529711899082,-10.12120895194079,57.69146403023511,2.4103282248573215,-1.456595033167052,-34.2499867243058,86.27976478368562,4.046580357998085,0.5388003822423781,3.953911415272131,94.37472901503718,4.090984912983621,-1.306419841295114,-24.536318553129668,58.68642808362093,2.6904359007807326,-0.15280241167622877,-1.7123950179141996,71.83474947940586,3.2064276421186393,-0.577819359430555,-10.121208951940952,-34.2499867243058,3.953911415272131,hourly_window_mean_factor_top_available_analogs,4.0,2082.9116244342104,,2082.9116244342104,0.0,-9.713668171176128,5.666306433186331,1.615549799201912e-13,-9.713668171176128,5.666306433186331,1.615549799201912e-13,24.53631855312967,1.7123950179141998,10.121208951940952,57.69146403023511,2.4103282248573215,94.37472901503718,4.090984912983621,86.27976478368562,4.046580357998085,58.68642808362093,2.6904359007807326,71.83474947940586,3.2064276421186393,27.59333670006469,1.3561444572173524,-1.6806566881262994,0.23732298261705997,24.53631855312967,1.7123950179141998,10.121208951940952
experiment_2026_06_25_11_20,ERCOT_demand_EAST,2025-09-01,Labor Day,H2,I,best_matching_weekday,True,2025-09-01,3.0,True,True,7,False,2.0,9.0,7.0,pearson,PLS,standard,2.0,{},2025-08-31 10:00:00,2025-09-02,121.38942364453469,5.7848877322420345,151.574718,7.321,,14.0,24.0,4.0,4.0,7.0,4.0,0.11835701074241134,1786.174188591566,1732.5662517481421,121.38942364453469,5.7848877322420345,3.4091309383621855,80.40568914527637,67.29093992853097,3.751597089391159,-2.3264879702416255,-38.49092646600627,152.9468724788702,6.970973940571713,6.754908635047744,149.76204825185792,103.5416169384574,5.840328823334664,-4.325592636469876,-72.90766242049258,169.8384775586412,8.136946747314953,8.136946747314953,169.8384775586412,145.41331838278396,7.290824354269581,3.5454848690784373,80.4056891452761,-38.49092646600627,149.76204825185792,hourly_window_mean_factor_top_available_analogs,4.0,1487.9870750592106,,1487.9870750592106,0.0,34.41673595448632,-20.076429306783222,2.931923709662729e-13,34.41673595448632,-20.076429306783222,2.931923709662729e-13,72.90766242049258,-169.83847755864113,-80.40568914527607,67.29093992853097,3.751597089391159,103.5416169384574,5.840328823334664,152.9468724788702,6.970973940571713,169.8384775586412,8.136946747314953,145.41331838278396,7.290824354269581,-16.891605079770983,-1.1659728067432402,-2.0887317339435048,-1.505936622027547,72.90766242049258,169.83847755864113,80.40568914527607
experiment_2026_06_25_11_20,ERCOT_demand_EAST,2025-11-11,Veterans Day,H2,L,best_matching_weekday,True,2025-11-11,3.0,True,True,11,False,2.0,14.0,11.0,pearson,PLS,standard,2.0,{},2025-11-10 10:00:00,2025-11-12,304.6071344239412,17.229033419989687,197.189231,9.868,,14.0,24.0,4.0,4.0,11.0,4.0,0.06404619081228997,1407.2777179181642,1376.3553270993623,304.6071344239412,17.229033419989687,17.229033419989687,304.6071344239412,268.08196810674684,15.15240520572512,15.15240520572512,268.08196810674684,325.91348144230443,18.440399878310686,18.440399878310686,325.91348144230443,218.11973546193173,12.219452993349222,12.219452993349222,218.11973546193173,355.0581171517799,20.09728868795295,20.09728868795295,355.0581171517799,304.60713442394115,17.19492816888842,17.19492816888842,304.60713442394115,268.08196810674684,325.91348144230443,hourly_window_mean_factor_top_available_analogs,4.0,1502.4940050131574,,1502.4940050131574,0.0,49.96223264481515,-29.14463570947545,3.5901106648931376e-14,49.96223264481515,-29.14463570947545,3.5901106648931376e-14,-218.1197354619317,-355.05811715177987,-304.60713442394115,268.08196810674684,15.15240520572512,218.11973546193173,12.219452993349222,325.91348144230443,18.440399878310686,355.0581171517799,20.09728868795295,304.60713442394115,17.19492816888842,-29.144635709475494,-1.6568888096422647,2.9329522123758984,0.034105251101266276,218.1197354619317,355.05811715177987,304.60713442394115
experiment_2026_06_25_11_20,ERCOT_demand_EAST,2025-11-27,Thanksgiving Day,H1,H,best_matching_weekday,True,2025-11-27,3.0,True,True,11,False,2.0,15.0,11.0,pearson,PLS,standard,2.0,{},2025-11-26 10:00:00,2025-11-28,123.2226695751544,8.59554465698054,177.85829,9.444,,14.0,24.0,4.0,4.0,11.0,4.0,0.09944623049601435,1564.4182345875056,1529.447942162884,123.2226695751544,8.59554465698054,-5.634091884597217,-77.48406785066354,81.24931183551277,5.210153415049605,-3.0018861081949497,-45.988926315428635,147.70712825661204,10.57035621477358,-7.169545254165208,-95.85623374621723,132.92552077093595,8.541039038478331,-6.824735131921129,-105.55092389451127,200.02839270872832,14.248717163187067,-4.841455039575741,-61.111735158418945,175.3062819948048,12.145888380399638,-5.572137178860884,-77.4840678506635,-45.988926315428635,-95.85623374621723,hourly_window_mean_factor_top_available_analogs,4.0,1701.428741631579,,1701.428741631579,0.0,59.561997579082636,-34.74449858779827,-4.188462442375327e-14,59.561997579082636,-34.74449858779827,-4.188462442375327e-14,105.55092389451127,61.11173515841896,77.4840678506635,81.24931183551277,5.210153415049605,132.92552077093595,8.541039038478331,147.70712825661204,10.57035621477358,200.02839270872832,14.248717163187067,175.3062819948048,12.145888380399638,-52.32126445211628,-3.678360948413486,-3.330885623428726,-3.5503437234190987,105.55092389451127,61.11173515841896,77.4840678506635
experiment_2026_06_25_11_20,ERCOT_demand_EAST,2025-11-28,Day after Thanksgiving,H2,L,best_matching_weekday,True,2025-11-28,3.0,True,True,14,False,2.0,19.0,14.0,pearson,PLS,standard,2.0,{},2025-11-27 10:00:00,2025-11-29,87.02391192615433,5.880791905308691,188.408607,10.838,,14.0,24.0,4.0,4.0,14.0,4.0,0.06131747231430105,1451.904949634871,1424.948050613015,87.02391192615433,5.880791905308691,1.632082531626395,29.03835957565513,84.25819513615905,6.121354521805206,-5.4108566353324505,-73.13116124376734,88.63724672031823,5.740463712352388,5.740463712352388,88.63724672031823,104.09385526001452,7.475188297826148,-6.744063104878228,-93.61724488763049,100.58746217923878,6.677805921871546,6.677805921871546,100.58746217923878,101.87929120899825,6.97157837617061,1.732906806753209,29.038359575655363,-73.13116124376734,88.63724672031823,hourly_window_mean_factor_top_available_analogs,4.0,1159.3714861842104,,1159.3714861842104,0.0,20.486083643863157,-11.950215458920544,-2.3335719321805397e-13,20.486083643863157,-11.950215458920544,-2.3335719321805397e-13,93.61724488763049,-100.58746217923877,-29.038359575655363,84.25819513615905,6.121354521805206,104.09385526001452,7.475188297826148,88.63724672031823,5.740463712352388,100.58746217923878,6.677805921871546,101.87929120899825,6.97157837617061,-11.950215458920553,-0.9373422095191586,-1.3538337760209416,-1.0907864708619197,93.61724488763049,100.58746217923877,29.038359575655363
experiment_2026_06_25_11_20,ERCOT_demand_EAST,2025-12-24,Christmas Eve,H1,H,best_matching_weekday,True,2025-12-24,3.0,True,True,14,False,2.0,19.0,14.0,pearson,PLS,standard,2.0,{},2025-12-23 10:00:00,2025-12-25,82.90526061149946,5.407283612700365,169.59683,10.437,,14.0,24.0,4.0,4.0,14.0,4.0,0.08183850320018005,1590.6050835771136,1552.1875944683281,82.90526061149946,5.407283612700365,-1.728524798693539,-19.234273156060777,76.27253006209034,4.391080145309907,3.358869826037934,59.06076087925468,86.77435343198813,6.000068968678133,-4.696171663120231,-64.90637634332812,36.806337220560245,2.1676192886225887,-1.3561548130847847,-23.394361898404764,52.0066459166893,3.4572039526625726,-1.3024618079723325,-16.807554723027096,46.40653218653649,2.9820938132794206,-1.3222434414348148,-19.234273156060976,59.06076087925468,-64.90637634332812,hourly_window_mean_factor_top_available_analogs,4.0,1546.9531506513158,,1546.9531506513158,0.0,82.45512277765944,-48.09882162030103,1.9745608656912259e-13,82.45512277765944,-48.09882162030103,1.9745608656912259e-13,23.39436189840476,16.80755472302709,19.234273156060976,76.27253006209034,4.391080145309907,36.806337220560245,2.1676192886225887,86.77435343198813,6.000068968678133,52.0066459166893,3.4572039526625726,46.40653218653649,2.9820938132794206,34.76770751529883,2.5428650160155604,2.223460856687318,2.425189799420944,23.39436189840476,16.80755472302709,19.234273156060976
experiment_2026_06_25_11_20,ERCOT_demand_EAST,2025-12-25,Christmas Day,H2,H,best_matching_weekday,True,2025-12-25,3.0,True,True,15,False,2.0,20.0,15.0,pearson,PLS,standard,2.0,{},2025-12-24 10:00:00,2025-12-26,122.4180051545864,8.789778916391908,93.089351,6.309,,14.0,24.0,4.0,4.0,15.0,4.0,0.1473898158113788,1559.00141358894,1500.6904114587705,122.4180051545864,8.789778916391908,-8.738446119198912,-121.54927269420295,79.75322570455634,5.2476894062144455,-5.108357528119173,-77.3952375978012,147.30579316710399,10.855997797328763,-10.855997797328763,-147.30579316710399,143.66189990451764,9.070944800964849,-7.346158524027048,-116.81806264279739,164.78515795414083,11.582193090687733,-8.280594965713485,-124.30914522418995,157.0029049884902,10.656996352368775,-7.93632890825006,-121.54927269420324,-77.3952375978012,-147.30579316710399,hourly_window_mean_factor_top_available_analogs,4.0,1889.3895445855262,,1889.3895445855262,0.0,39.42282504499618,-22.99664794291404,2.5130774654251967e-13,39.42282504499618,-22.99664794291404,2.5130774654251967e-13,116.81806264279737,124.30914522418995,121.54927269420321,79.75322570455634,5.2476894062144455,143.66189990451764,9.070944800964849,147.30579316710399,10.855997797328763,164.78515795414083,11.582193090687733,157.0029049884902,10.656996352368775,-17.479364787036843,-0.7261952933589697,-3.8232553947504035,-1.8672174359768672,116.81806264279737,124.30914522418995,121.54927269420321
experiment_2026_06_25_11_20,ERCOT_demand_EAST,2026-01-01,New Year's Day,H2,H,best_matching_weekday,True,2026-01-01,3.0,True,True,15,False,2.0,20.0,15.0,pearson,PLS,standard,2.0,{},2025-12-31 10:00:00,2026-01-02,423.10239170857864,26.09191860922533,94.94037,6.516,,14.0,24.0,4.0,4.0,15.0,4.0,0.04036839921800156,2087.7191980243683,2065.2557942419717,423.10239170857864,26.09191860922533,-26.09191860922533,-423.10239170857864,386.13381886561916,22.667315475908936,-22.667315475908936,-386.13381886561916,444.6673925336383,28.089603770326562,-28.089603770326562,-444.6673925336383,377.3452673982507,22.080160667764762,-22.080160667764762,-377.3452673982507,449.7940475562703,28.447297680461702,-28.447297680461702,-449.7940475562703,423.10239170857886,26.101510359994407,-26.101510359994407,-423.10239170857886,-386.13381886561916,-444.6673925336383,hourly_window_mean_factor_top_available_analogs,4.0,1800.004920236842,,1800.004920236842,0.0,-8.788551467368327,5.126655022631932,2.5729126431734153e-13,-8.788551467368327,5.126655022631932,2.5729126431734153e-13,377.3452673982508,449.79404755627024,423.1023917085789,386.13381886561916,22.667315475908936,377.3452673982507,22.080160667764762,444.6673925336383,28.089603770326562,449.7940475562703,28.447297680461702,423.10239170857886,26.101510359994407,-5.126655022632008,-0.35769391013513996,0.5871548081441738,-0.009591750769075702,377.3452673982508,449.79404755627024,423.1023917085789
experiment_2026_06_25_11_20,ERCOT_demand_EAST,2026-01-19,Martin Luther King Jr. Day,H2,I,best_matching_weekday,True,2026-01-19,3.0,True,True,18,False,2.0,24.0,18.0,pearson,PLS,standard,2.0,{},2026-01-18 10:00:00,2026-01-20,254.7755821711744,13.237262374198751,216.584981,13.992,,14.0,24.0,4.0,4.0,18.0,4.0,0.0687261005913446,2243.8481879606484,2283.081450548705,254.7755821711744,13.237262374198751,-13.237262374198751,-254.7755821711744,208.0262388096931,10.900980421900968,-10.900980421900968,-208.0262388096931,282.0460324653718,14.600093513039127,-14.600093513039127,-282.0460324653718,201.36553067751115,10.511908318944366,-10.511908318944366,-201.36553067751115,285.93144554247834,14.729137139955126,-14.729137139955126,-285.93144554247834,254.7755821711746,13.175421258530108,-13.175421258530108,-254.7755821711746,-208.0262388096931,-282.0460324653718,hourly_window_mean_factor_top_available_analogs,4.0,1834.4613407631578,,1834.4613407631578,0.0,-6.660708132182013,3.885413077106525,2.2139015766841017e-13,-6.660708132182013,3.885413077106525,2.2139015766841017e-13,201.3655306775111,285.93144554247834,254.77558217117462,208.0262388096931,10.900980421900968,201.36553067751115,10.511908318944366,282.0460324653718,14.600093513039127,285.93144554247834,14.729137139955126,254.7755821711746,13.175421258530108,-3.8854130771065343,-0.12904362691599935,0.389072102956602,0.06184111566864381,201.3655306775111,285.93144554247834,254.77558217117462
experiment_2026_06_25_11_20,ERCOT_demand_EAST,2026-02-16,Presidents' Day,H2,F,best_matching_weekday,True,2026-02-16,3.0,True,True,12,False,2.0,16.0,12.0,pearson,PLS,standard,2.0,{},2026-02-15 10:00:00,2026-02-17,129.23123226694742,7.9038551604937215,273.362861,16.57,,14.0,24.0,4.0,4.0,12.0,4.0,0.12373416957324379,1483.4198972602676,1456.5318341150914,129.23123226694742,7.9038551604937215,7.2836904297036895,119.76014676604815,54.665938279013986,3.467599720903354,1.7842954516161282,28.95870620514459,172.72765375990858,10.491670833588103,10.491670833588103,172.72765375990858,105.17271420299156,6.751835509649795,-1.702057308680462,-24.41336609417632,228.8494621985807,14.076359695431606,12.584995427563058,203.8613626011792,183.2843445159953,11.377850784880414,7.321344419473338,119.7601467660482,28.95870620514459,172.72765375990858,hourly_window_mean_factor_top_available_analogs,4.0,1844.8955558026316,,1844.8955558026316,0.0,53.37207229932091,-31.133708841270618,-5.3851659973397064e-14,53.37207229932091,-31.133708841270618,-5.3851659973397064e-14,24.41336609417632,-203.8613626011792,-119.76014676604821,54.665938279013986,3.467599720903354,105.17271420299156,6.751835509649795,172.72765375990858,10.491670833588103,228.8494621985807,14.076359695431606,183.2843445159953,11.377850784880414,-56.12180843867213,-3.584688861843503,-3.284235788746441,-3.473995624386692,24.41336609417632,203.8613626011792,119.76014676604821
experiment_2026_06_25_11_20,ERCOT_demand_EAST,2026-03-02,Texas Independence Day,H2,L,best_matching_weekday,True,2026-03-02,3.0,True,True,12,False,2.0,16.0,12.0,pearson,PLS,standard,2.0,{},2026-03-01 10:00:00,2026-03-03,177.73676319156957,10.223837028310735,268.900017,15.797,,14.0,24.0,4.0,4.0,12.0,4.0,0.08611173671701895,1442.0380487692503,1410.4261431592913,177.73676319156957,10.223837028310735,9.433528436911706,166.22636807285502,182.81537977142256,10.682374262401664,8.841657012174649,155.7770528993913,174.7742368533219,9.956356975091031,9.778786768008326,172.32180192404215,138.38924448556878,8.084199785016866,8.084199785016866,138.38924448556878,182.46469016543855,10.887640800030946,10.887640800030946,182.46469016543855,166.22636807285494,9.854794110288918,9.854794110288918,166.22636807285494,155.7770528993913,172.32180192404215,hourly_window_mean_factor_top_available_analogs,4.0,1379.7480716842106,,1379.7480716842106,0.0,17.387808413822523,-10.142888241396406,4.188462442375327e-14,17.387808413822523,-10.142888241396406,4.188462442375327e-14,-138.38924448556878,-182.46469016543855,-166.226368072855,182.81537977142256,10.682374262401664,138.38924448556878,8.084199785016866,174.7742368533219,9.956356975091031,182.46469016543855,10.887640800030946,166.22636807285494,9.854794110288918,-7.690453312116659,-0.9312838249399142,2.5981744773847986,0.3690429180218171,138.38924448556878,182.46469016543855,166.226368072855
experiment_2026_06_25_11_20,ERCOT_demand_ERCOT,2025-01-01,New Year's Day,H2,I,best_matching_weekday,True,2025-01-01,3.0,True,True,10,False,2.0,13.0,10.0,pearson,PLS,standard,2.0,{},2024-12-31 10:00:00,2025-01-02,1653.1048263998066,3.6769656835430844,1849.778222,4.222,,14.0,24.0,4.0,4.0,10.0,4.0,0.07672837920459352,45081.564907949076,44215.99272247526,1653.1048263998066,3.6769656835430844,1.51696665346976,680.7752565509285,563.6604294631173,1.2197193302765723,0.01882670523666449,9.051459167241514,2288.6140579462085,5.110359389615216,2.390881623272399,1072.6141383580791,1504.3525470150005,3.237145663452001,-2.6256141958595838,-1229.9033630494434,3410.7738900863565,7.659839490857441,4.050248226161318,1795.3377846511385,2708.4081321126987,6.030425975497541,1.5907199654167747,680.775256550924,9.051459167241514,1072.6141383580791,hourly_window_mean_factor_top_available_analogs,4.0,37722.31263556579,,37722.31263556579,0.0,1238.954822216685,-722.7236462930592,4.403869082268916e-12,1238.954822216685,-722.7236462930592,4.403869082268916e-12,1229.9033630494434,-1795.3377846511385,-680.775256550924,563.6604294631173,1.2197193302765723,1504.3525470150005,3.237145663452001,2288.6140579462085,5.110359389615216,3410.7738900863565,7.659839490857441,2708.4081321126987,6.030425975497541,-1122.159832140148,-2.5494801012422244,-2.0174263331754285,-2.3534602919544563,1229.9033630494434,1795.3377846511385,680.775256550924
experiment_2026_06_25_11_20,ERCOT_demand_ERCOT,2025-01-20,Martin Luther King Jr. Day,H2,F,best_matching_weekday,True,2025-01-20,3.0,True,True,18,False,2.0,24.0,18.0,pearson,PLS,standard,2.0,{},2025-01-19 10:00:00,2025-01-21,11933.944242247577,17.685312880064192,1801.19306,4.121,,14.0,24.0,4.0,4.0,18.0,4.0,0.05273682253823003,55117.228212831375,55740.12416658745,11933.944242247577,17.685312880064192,17.685312880064192,11933.944242247577,8343.704131750475,13.436699366790576,13.436699366790576,8343.704131750475,14028.250973370887,20.163670762807136,20.163670762807136,14028.250973370887,8877.042036227342,14.214657404259052,14.214657404259052,8877.042036227342,13717.137195759375,19.67337294603284,19.67337294603284,13717.137195759375,11933.94424224757,17.66226722011618,17.66226722011618,11933.94424224757,8343.704131750475,14028.250973370887,hourly_window_mean_factor_top_available_analogs,4.0,49375.68821513816,,49375.68821513816,0.0,-533.3379044768693,311.1137776115141,4.403869082268916e-12,-533.3379044768693,311.1137776115141,4.403869082268916e-12,-8877.042036227345,-13717.137195759373,-11933.944242247573,8343.704131750475,13.436699366790576,8877.042036227342,14.214657404259052,14028.250973370887,20.163670762807136,13717.137195759375,19.67337294603284,11933.94424224757,17.66226722011618,311.113777611512,0.49029781677429796,-0.7779580374684762,0.023045659948010666,8877.042036227345,13717.137195759373,11933.944242247573
experiment_2026_06_25_11_20,ERCOT_demand_ERCOT,2025-02-17,Presidents' Day,H2,F,best_matching_weekday,True,2025-02-17,3.0,True,True,18,False,2.0,24.0,18.0,pearson,PLS,standard,2.0,{},2025-02-16 10:00:00,2025-02-18,2889.7619554253906,5.177307646986663,5291.28253,8.873,,14.0,24.0,4.0,4.0,18.0,4.0,0.03706124411516726,50362.378944776705,50356.391802880076,2889.7619554253906,5.177307646986663,4.965263350099488,2786.544344565396,1929.6305379523171,3.5800178850866553,3.488094874626222,1885.179778543354,3449.838615618017,6.109060008095001,5.826944960792225,3312.340341411587,1548.058933515556,2.8882193637582674,2.502918772726234,1358.4071141253319,3619.6243956554376,6.474625782996019,6.474625782996019,3619.6243956554376,2856.4160674986397,5.1533181548557945,5.011365305528204,2786.544344565399,1885.179778543354,3312.340341411587,hourly_window_mean_factor_top_available_analogs,4.0,47863.213471953946,,47863.213471953946,0.0,526.772664418022,-307.284054243851,-3.0635611007088107e-12,526.772664418022,-307.284054243851,-3.0635611007088107e-12,-1358.4071141253319,-3619.624395655438,-2786.544344565399,1929.6305379523171,3.5800178850866553,1548.058933515556,2.8882193637582674,3449.838615618017,6.109060008095001,3619.6243956554376,6.474625782996019,2856.4160674986397,5.1533181548557945,-169.78578003742086,-0.36556577490101816,0.6917985213283879,0.02398949213086876,1358.4071141253319,3619.624395655438,2786.544344565399
experiment_2026_06_25_11_20,ERCOT_demand_ERCOT,2025-03-02,Texas Independence Day,H2,L,best_matching_weekday,True,2025-03-02,3.0,True,True,11,False,2.0,14.0,11.0,pearson,PLS,standard,2.0,{},2025-03-01 10:00:00,2025-03-03,1925.7471852831613,4.2057388939748686,5364.339786,8.62,,14.0,24.0,4.0,4.0,11.0,4.0,0.056536553175448034,43945.95542201858,43307.90740400218,1925.7471852831613,4.2057388939748686,1.9513892339321182,970.5630930603656,2445.0564645800882,5.159669404002224,3.4565427540715663,1683.494728739018,1622.8167723599533,3.649279429792244,1.0733830138507738,554.6863055811518,2758.1796307182726,5.834014302322088,3.5971873022688023,1757.6168878048354,1422.2925144021547,3.2941625505070076,1.1685128338760784,511.44837945942317,1914.461451992303,4.229897406438878,2.063287638020766,970.5630930603645,1683.494728739018,554.6863055811518,hourly_window_mean_factor_top_available_analogs,4.0,35287.27507983552,,35287.27507983552,0.0,-74.12215906581748,43.237926121728684,1.148835412765804e-12,-74.12215906581748,43.237926121728684,1.148835412765804e-12,-1757.6168878048354,-511.44837945942317,-970.5630930603645,2445.0564645800882,5.159669404002224,2758.1796307182726,5.834014302322088,1622.8167723599533,3.649279429792244,1422.2925144021547,3.2941625505070076,1914.461451992303,4.229897406438878,200.52425795779868,0.3551168792852364,-0.6743448983198643,-0.024158512464009796,1757.6168878048354,511.44837945942317,970.5630930603645
experiment_2026_06_25_11_20,ERCOT_demand_ERCOT,2025-04-21,San Jacinto Day,H2,H,best_matching_weekday,True,2025-04-21,3.0,True,True,11,False,2.0,14.0,11.0,pearson,PLS,standard,2.0,{},2025-04-20 10:00:00,2025-04-22,2293.7726564309714,4.629700163788463,5433.666873,8.749,,14.0,24.0,4.0,4.0,11.0,4.0,0.11608737377341717,51533.19099064573,50348.79578795866,2293.7726564309714,4.629700163788463,-2.331582012721889,-961.6773334615228,2002.693577680715,3.8908679894761318,-3.8908679894761318,-2002.693577680715,2463.568785701955,5.060685598803989,-1.4219985262819128,-354.41785766699405,3829.2044522082583,7.339663031348372,-6.930530903836517,-3634.844046557362,1898.0447210924792,3.8462175336408433,1.2048772633539924,597.6699158443877,2609.5246220298714,5.133276401217301,-1.7923783771898796,-961.6773334615201,-2002.693577680715,-354.41785766699405,hourly_window_mean_factor_top_available_analogs,4.0,53990.215345078956,,53990.215345078956,0.0,1632.1504688766472,-952.0877735113818,-2.6806159631202094e-12,1632.1504688766472,-952.0877735113818,-2.6806159631202094e-12,3634.844046557362,-597.6699158443878,961.6773334615201,2002.693577680715,3.8908679894761318,3829.2044522082583,7.339663031348372,2463.568785701955,5.060685598803989,1898.0447210924792,3.8462175336408433,2609.5246220298714,5.133276401217301,565.524064609476,1.2144680651631456,-3.44879504187224,-0.5035762374288373,3634.844046557362,597.6699158443878,961.6773334615201
experiment_2026_06_25_11_20,ERCOT_demand_ERCOT,2025-05-26,Memorial Day,H2,I,best_matching_weekday,True,2025-05-26,3.0,True,True,11,False,2.0,14.0,11.0,pearson,PLS,standard,2.0,{},2025-05-25 10:00:00,2025-05-27,4373.861611842363,7.213616097819891,2238.403658,4.433,,14.0,24.0,4.0,4.0,11.0,4.0,0.12859435666089739,62860.92281898007,60350.04180065946,4373.861611842363,7.213616097819891,-2.863298163470909,-1550.5398465063997,2400.4827167103435,3.3507209187976748,3.33046263949515,2388.747730970273,5524.999300669373,9.466971618916185,-6.4763252985344435,-3848.4576000344587,1806.3216288835663,2.6156870733033566,0.6776577025270293,505.56521413595016,6182.852490891684,10.731994765592868,-4.378353776090903,-2749.934465214414,4570.446383836062,7.741776142117782,-2.5156127050211388,-1550.5398465063852,2388.747730970273,-3848.4576000344587,hourly_window_mean_factor_top_available_analogs,4.0,49152.04133294737,,49152.04133294737,0.0,1883.1825168343228,-1098.5231348200443,-1.436044265957255e-11,1883.1825168343228,-1098.5231348200443,-1.436044265957255e-11,-505.5652141359503,2749.9344652144146,1550.5398465063854,2400.4827167103435,3.3507209187976748,1806.3216288835663,2.6156870733033566,5524.999300669373,9.466971618916185,6182.852490891684,10.731994765592868,4570.446383836062,7.741776142117782,-657.8531902223112,-1.2650231466766826,0.7350338454943182,-0.5281600442978913,505.5652141359503,2749.9344652144146,1550.5398465063854
experiment_2026_06_25_11_20,ERCOT_demand_ERCOT,2025-06-19,Juneteenth National Independence Day,H2,F,best_matching_weekday,True,2025-06-19,3.0,True,True,11,False,2.0,14.0,11.0,pearson,PLS,standard,2.0,{},2025-06-18 10:00:00,2025-06-20,1403.7292835382846,2.0190867751581525,2864.460485,5.35,,14.0,24.0,4.0,4.0,11.0,4.0,0.13902881971550335,67192.6712797758,64687.85209931439,1403.7292835382846,2.0190867751581525,1.815587665303302,1257.5182023821199,849.4241167683103,1.1926410086629062,0.7455439828578836,510.1265869332684,1727.073964154103,2.501180138947046,2.439779813396463,1693.496644727283,2308.8137782465747,3.1549241795624705,-1.4583726795359893,-1157.947129685764,3379.64556689107,5.4892999495961305,4.562237974644672,2666.5396460883553,2985.128592127309,4.629266771162676,2.344118259946534,1257.518202382101,510.1265869332684,1693.496644727283,hourly_window_mean_factor_top_available_analogs,4.0,54462.0543678421,,54462.0543678421,0.0,1668.0737166190322,-973.0430013610725,1.8764311741841467e-11,1668.0737166190322,-973.0430013610725,1.8764311741841467e-11,1157.9471296857637,-2666.5396460883553,-1257.518202382101,849.4241167683103,1.1926410086629062,2308.8137782465747,3.1549241795624705,1727.073964154103,2.501180138947046,3379.64556689107,5.4892999495961305,2985.128592127309,4.629266771162676,-1652.571602736967,-2.9881198106490845,-1.9622831708995643,-2.6101799960045238,1157.9471296857637,2666.5396460883553,1257.518202382101
experiment_2026_06_25_11_20,ERCOT_demand_ERCOT,2025-07-04,Independence Day,H2,F,best_matching_weekday,True,2025-07-04,3.0,True,True,18,False,2.0,24.0,18.0,pearson,PLS,standard,2.0,{},2025-07-03 10:00:00,2025-07-05,4369.257770131094,7.277957883131106,3060.186501,5.185,,14.0,24.0,4.0,4.0,18.0,4.0,0.1433164888074315,64575.78483915741,62317.301068467284,4369.257770131094,7.277957883131106,-7.277957883131106,-4369.257770131094,4518.370458197628,7.089117165219485,-7.089117165219485,-4518.370458197628,4282.275368758949,7.388114968579551,-7.388114968579551,-4282.275368758949,6874.4616133218,10.616306672268854,-10.346912078072105,-6712.757848780419,4966.176255696754,8.218434715808991,-4.343017069021262,-3002.2160575856537,5669.228755874402,9.10186122608368,-6.554978388145256,-4369.257770131093,-4518.370458197628,-4282.275368758949,hourly_window_mean_factor_top_available_analogs,4.0,51756.615596190786,,51756.615596190786,0.0,2194.38739058279,-1280.0593111732953,-7.658902751772027e-13,2194.38739058279,-1280.0593111732953,-7.658902751772027e-13,6712.7578487804185,3002.216057585654,4369.257770131093,4518.370458197628,7.089117165219485,6874.4616133218,10.616306672268854,4282.275368758949,7.388114968579551,4966.176255696754,8.218434715808991,5669.228755874402,9.10186122608368,-683.9008869378049,-0.8303197472294404,-3.5271895070493686,-1.8239033429525735,6712.7578487804185,3002.216057585654,4369.257770131093
experiment_2026_06_25_11_20,ERCOT_demand_ERCOT,2025-08-27,Lyndon B. Johnson Day,H2,F,best_matching_weekday,True,2025-08-27,3.0,True,True,18,False,2.0,24.0,18.0,pearson,PLS,standard,2.0,{},2025-08-26 10:00:00,2025-08-28,2056.25618851155,3.0672238160169774,3709.189924,5.99,,14.0,24.0,4.0,4.0,18.0,4.0,0.13902881971550335,69163.5253118615,66199.86450953082,2056.25618851155,3.0672238160169774,-2.494101751743753,-1627.193970782548,3046.5395847140935,4.358574558965276,-4.358574558965276,-3046.5395847140935,1478.5908740600662,2.3139358826304703,-1.4064926141978649,-799.2423626558126,4102.902824826948,5.686549364768799,-5.686549364768799,-4102.902824826948,1862.18918439696,2.9154323624297835,0.10984650920286221,-183.03047258997503,2687.7152624501136,3.9363702053967895,-2.025667760155118,-1627.193970782544,-3046.5395847140935,-799.2423626558126,hourly_window_mean_factor_top_available_analogs,4.0,54462.0543678421,,54462.0543678421,0.0,1056.3632401128546,-616.2118900658376,-3.637978807091713e-12,1056.3632401128546,-616.2118900658376,-3.637978807091713e-12,4102.902824826948,183.03047258997503,1627.1939707825443,3046.5395847140935,4.358574558965276,4102.902824826948,5.686549364768799,1478.5908740600662,2.3139358826304703,1862.18918439696,2.9154323624297835,2687.7152624501136,3.9363702053967895,-383.59831033689375,-0.6014964797993132,-1.3279748058035228,-0.8691463893798121,4102.902824826948,183.03047258997503,1627.1939707825443
experiment_2026_06_25_11_20,ERCOT_demand_ERCOT,2025-09-01,Labor Day,H2,H,best_matching_weekday,True,2025-09-01,3.0,True,True,18,False,2.0,24.0,18.0,pearson,PLS,standard,2.0,{},2025-08-31 10:00:00,2025-09-02,2209.534362832134,3.6658299242741275,2757.718427,4.344,,14.0,24.0,4.0,4.0,18.0,4.0,0.12503596735449482,62717.5022572699,60557.579660544776,2209.534362832134,3.6658299242741275,-3.0359490713918795,-1769.4212625857012,3711.38704772728,5.83908065346197,-5.83908065346197,-3711.38704772728,1333.4536299766316,2.398100332247887,-1.4007889818509944,-636.6078879197797,4354.879166644934,6.785575218374442,-6.659576174096887,-4285.004975975133,921.6925665663142,1.5589915589921244,-0.30805197511055243,-301.9974297751857,2186.550787647911,3.4845750124487678,-2.6480872063160437,-1769.421262585692,-3711.38704772728,-636.6078879197797,hourly_window_mean_factor_top_available_analogs,4.0,50135.92126746711,,50135.92126746711,0.0,573.6179282478525,-334.610458144594,-8.42479302694923e-12,573.6179282478525,-334.610458144594,-8.42479302694923e-12,4285.004975975133,301.9974297751857,1769.4212625856928,3711.38704772728,5.83908065346197,4354.879166644934,6.785575218374442,1333.4536299766316,2.398100332247887,921.6925665663142,1.5589915589921244,2186.550787647911,3.4845750124487678,411.76106341031743,0.8391087732557625,-0.9464945649124719,0.1812549118253597,4285.004975975133,301.9974297751857,1769.4212625856928
experiment_2026_06_25_11_20,ERCOT_demand_ERCOT,2025-11-11,Veterans Day,H2,L,best_matching_weekday,True,2025-11-11,3.0,True,True,11,False,2.0,15.0,11.0,pearson,PLS,standard,2.0,{},2025-11-10 10:00:00,2025-11-12,3349.757138419512,6.709274957837068,2526.383174,4.12,,14.0,24.0,4.0,4.0,11.0,4.0,0.05096640579242285,46103.59072589628,45579.501298578514,3349.757138419512,6.709274957837068,6.709274957837068,3349.757138419512,2923.777245558974,5.775668203931801,5.775668203931801,2923.777245558974,3598.245409254825,7.253878897615141,7.253878897615141,3598.245409254825,2686.8984553147384,5.2986413914842965,4.412917489695326,2253.711874389252,3989.1168757704872,8.14855569514591,8.14855569514591,3989.1168757704872,3509.3521945499488,7.098587267481105,6.772267935243063,3349.7571384195057,2923.777245558974,3598.245409254825,hourly_window_mean_factor_top_available_analogs,4.0,35540.99939635527,,35540.99939635527,0.0,670.0653711697222,-390.87146651566246,5.55270449503472e-12,670.0653711697222,-390.87146651566246,5.55270449503472e-12,-2253.7118743892515,-3989.1168757704877,-3349.7571384195066,2923.777245558974,5.775668203931801,2686.8984553147384,5.2986413914842965,3598.245409254825,7.253878897615141,3989.1168757704872,8.14855569514591,3509.3521945499488,7.098587267481105,-390.8714665156622,-0.8946767975307699,0.47702681244750433,-0.38931230964403696,2253.7118743892515,3989.1168757704877,3349.7571384195066
experiment_2026_06_25_11_20,ERCOT_demand_ERCOT,2025-11-27,Thanksgiving Day,H1,F,best_matching_weekday,True,2025-11-27,3.0,True,True,11,False,2.0,15.0,11.0,pearson,PLS,standard,2.0,{},2025-11-26 10:00:00,2025-11-28,2513.896872898868,5.307629742461686,2271.354954,4.093,,14.0,24.0,4.0,4.0,11.0,4.0,0.06127662530124971,49489.13106917927,48249.88153080959,2513.896872898868,5.307629742461686,-5.194899306436116,-2459.5584441529445,2645.92798942453,5.388874709182843,-5.258637408124113,-2581.757392241566,2436.8787215922316,5.26023684520768,-5.15771874711812,-2388.2757244345817,3482.267728505587,7.091225343688448,-7.091225343688448,-3482.267728505587,2552.252105489579,5.52552242316525,-3.9347576931691735,-1862.9780282805814,2894.889440284951,6.102360341252744,-5.097666827571011,-2459.5584441529522,-2581.757392241566,-2388.2757244345817,hourly_window_mean_factor_top_available_analogs,4.0,35151.14112753948,,35151.14112753948,0.0,900.510336264021,-525.2976961540004,7.467430182977727e-12,900.510336264021,-525.2976961540004,7.467430182977727e-12,3482.267728505587,1862.9780282805814,2459.558444152952,2645.92798942453,5.388874709182843,3482.267728505587,7.091225343688448,2436.8787215922316,5.26023684520768,2552.252105489579,5.52552242316525,2894.889440284951,6.102360341252744,-115.3733838973476,-0.26528557795757024,-1.7023506345056054,-0.794730598791058,3482.267728505587,1862.9780282805814,2459.558444152952
experiment_2026_06_25_11_20,ERCOT_demand_ERCOT,2025-11-28,Day after Thanksgiving,H2,L,best_matching_weekday,True,2025-11-28,3.0,True,True,11,False,2.0,15.0,11.0,pearson,PLS,standard,2.0,{},2025-11-27 10:00:00,2025-11-29,577.0973219529637,1.2386815568736218,2649.191979,5.174,,14.0,24.0,4.0,4.0,11.0,4.0,0.059794851667577684,46579.79941188505,45961.22458616059,577.0973219529637,1.2386815568736218,-0.3427779928271429,-144.17605591136643,947.0990920000752,2.0422025873436587,-1.560263813663162,-711.4970864126959,361.26295609214867,0.7699609557661006,0.3674220693272014,186.76121188107572,1568.513922337004,3.336809164635533,-3.2212223242536173,-1516.7669769928596,1151.3071593073407,2.6099561908308524,1.5715674635620125,656.5019813861769,1305.014914107743,2.877744128548366,-0.19419719510690395,-144.1760559113628,-711.4970864126959,186.76121188107572,hourly_window_mean_factor_top_available_analogs,4.0,35153.72317683553,,35153.72317683553,0.0,805.2698905801636,-469.74076950510124,-3.637978807091713e-12,805.2698905801636,-469.74076950510124,-3.637978807091713e-12,1516.7669769928596,-656.501981386177,144.1760559113628,947.0990920000752,2.0422025873436587,1568.513922337004,3.336809164635533,361.26295609214867,0.7699609557661006,1151.3071593073407,2.6099561908308524,1305.014914107743,2.877744128548366,-790.044203215192,-1.8399952350647517,-1.2946065772918742,-1.6390625716747442,1516.7669769928596,656.501981386177,144.1760559113628
experiment_2026_06_25_11_20,ERCOT_demand_ERCOT,2025-12-24,Christmas Eve,H1,H,best_matching_weekday,True,2025-12-24,3.0,True,True,11,False,2.0,15.0,11.0,pearson,PLS,standard,2.0,{},2025-12-23 10:00:00,2025-12-25,1077.1440034802802,2.1249760077693556,2146.917111,4.419,,14.0,24.0,4.0,4.0,11.0,4.0,0.10512772802564353,50678.046824437704,49449.48066725839,1077.1440034802802,2.1249760077693556,0.0543365178880254,100.50779908861544,1230.7606759512523,2.2757292100375723,1.8037395564774799,975.7815931834765,987.534277872213,2.0370366397795627,-0.966148587955823,-410.0685808000535,1982.9904626200898,3.6986835996414413,-0.5900909435737887,-344.4606055188342,2377.3514787302042,4.979103105531831,1.1454019719933632,360.07270177628897,2232.060578058057,4.5073696033616875,0.506009845205465,100.507799088612,975.7815931834765,-410.0685808000535,hourly_window_mean_factor_top_available_analogs,4.0,41236.68769086842,,41236.68769086842,0.0,1320.2421987023106,-770.1412825763424,3.446506238297412e-12,1320.2421987023106,-770.1412825763424,3.446506238297412e-12,344.4606055188341,-360.0727017762889,-100.50779908861199,1230.7606759512523,2.2757292100375723,1982.9904626200898,3.6986835996414413,987.534277872213,2.0370366397795627,2377.3514787302042,4.979103105531831,2232.060578058057,4.5073696033616875,-1389.8172008579913,-2.942066465752268,-1.422954389603869,-2.382393595592332,344.4606055188341,360.0727017762889,100.50779908861199
experiment_2026_06_25_11_20,ERCOT_demand_ERCOT,2025-12-25,Christmas Day,H2,I,best_matching_weekday,True,2025-12-25,3.0,True,True,12,False,2.0,16.0,12.0,pearson,PLS,standard,2.0,{},2025-12-24 10:00:00,2025-12-26,819.3193576887512,1.70852688715806,1420.195491,2.95,,14.0,24.0,4.0,4.0,12.0,4.0,0.10532056893618305,49211.771215690125,47806.59121888692,819.3193576887512,1.70852688715806,-0.6460465529316849,-248.3346414796014,801.8066851500522,1.5018497941649216,1.1389679263517454,621.5214485758,829.5350833363258,1.8290885247373911,-1.6873049991803526,-755.7506940119189,552.7637573018001,1.0907960855748589,0.5760264786933886,271.09815408427886,2637.8956208921377,5.56111150842846,-0.6988002243904613,-551.3371055585291,1869.6891448325393,3.9141531947455532,-0.2291272285174639,-248.33464147959987,621.5214485758,-755.7506940119189,hourly_window_mean_factor_top_available_analogs,4.0,46316.57851498026,,46316.57851498026,0.0,350.42329449152123,-204.41358845338982,-1.5317805503544054e-12,350.42329449152123,-204.41358845338982,-1.5317805503544054e-12,-271.0981540842788,551.3371055585291,248.33464147959987,801.8066851500522,1.5018497941649216,552.7637573018001,1.0907960855748589,829.5350833363258,1.8290885247373911,2637.8956208921377,5.56111150842846,1869.6891448325393,3.9141531947455532,-1808.3605375558118,-3.7320229836910688,0.41105370859006274,-2.2056263075874933,271.0981540842788,551.3371055585291,248.33464147959987
experiment_2026_06_25_11_20,ERCOT_demand_ERCOT,2026-01-01,New Year's Day,H2,I,best_matching_weekday,True,2026-01-01,3.0,True,True,12,False,2.0,16.0,12.0,pearson,PLS,standard,2.0,{},2025-12-31 10:00:00,2026-01-02,6769.726755660461,14.264067387960369,809.843252,1.653,,14.0,24.0,4.0,4.0,12.0,4.0,0.05903888616871058,54805.24485439731,54653.76438751663,6769.726755660461,14.264067387960369,-14.264067387960369,-6769.726755660461,5129.05101590702,10.428473904216387,-10.428473904216387,-5129.05101590702,7726.787603849968,16.50149692014436,-16.50149692014436,-7726.787603849968,4904.503417783175,9.918078895073759,-9.918078895073759,-4904.503417783175,7857.773702755552,16.77390559465974,-16.77390559465974,-7857.773702755552,6769.726755660467,14.24807470533859,-14.24807470533859,-6769.726755660467,-5129.05101590702,-7726.787603849968,hourly_window_mean_factor_top_available_analogs,4.0,39008.57091565132,,39008.57091565132,0.0,-224.5475981238456,130.9860989055845,4.978286788651818e-12,-224.5475981238456,130.9860989055845,4.978286788651818e-12,4904.503417783174,7857.773702755552,6769.726755660466,5129.05101590702,10.428473904216387,4904.503417783175,9.918078895073759,7726.787603849968,16.50149692014436,7857.773702755552,16.77390559465974,6769.726755660467,14.24807470533859,-130.98609890558419,-0.27240867451538264,0.5103950091426288,0.015992682621778442,4904.503417783174,7857.773702755552,6769.726755660466
experiment_2026_06_25_11_20,ERCOT_demand_ERCOT,2026-01-19,Martin Luther King Jr. Day,H2,F,best_matching_weekday,True,2026-01-19,3.0,True,True,18,False,2.0,24.0,18.0,pearson,PLS,standard,2.0,{},2026-01-18 10:00:00,2026-01-20,4124.690704453009,7.738159832832468,2930.696907,6.112,,14.0,24.0,4.0,4.0,18.0,4.0,0.056176656273150716,58228.24611529511,58580.42220762821,4124.690704453009,7.738159832832468,-7.738159832832468,-4124.690704453009,4392.591362009803,8.44534427141431,-8.44534427141431,-4392.591362009803,3968.41532087821,7.325635576993061,-7.325635576993061,-3968.41532087821,2966.0712076672016,5.594826005152826,-5.594826005152826,-2966.0712076672016,4800.552077578053,8.761207206307029,-8.761207206307029,-4800.552077578053,4124.690704453003,7.5946457111449535,-7.5946457111449535,-4124.690704453003,-4392.591362009803,-3968.41532087821,hourly_window_mean_factor_top_available_analogs,4.0,48554.085075657895,,48554.085075657895,0.0,-1426.520154342601,832.136756699843,-4.786814219857517e-12,-1426.520154342601,832.136756699843,-4.786814219857517e-12,2966.0712076672016,4800.552077578053,4124.690704453004,4392.591362009803,8.44534427141431,2966.0712076672016,5.594826005152826,3968.41532087821,7.325635576993061,4800.552077578053,8.761207206307029,4124.690704453003,7.5946457111449535,-832.1367566998433,-1.4355716293139684,2.850518266261484,0.14351412168751487,2966.0712076672016,4800.552077578053,4124.690704453004
experiment_2026_06_25_11_20,ERCOT_demand_ERCOT,2026-02-16,Presidents' Day,H2,F,best_matching_weekday,True,2026-02-16,3.0,True,True,18,False,2.0,24.0,18.0,pearson,PLS,standard,2.0,{},2026-02-15 10:00:00,2026-02-17,1750.869706205853,3.579146553622163,3929.050694,7.95,,14.0,24.0,4.0,4.0,18.0,4.0,0.11104858335924671,47058.91031013899,46208.95810034263,1750.869706205853,3.579146553622163,1.7224482156974217,894.3824033346988,985.2415229897337,2.0739707035025847,-1.7013826938745116,-802.6512251470277,2197.486146415256,4.45716579952525,3.719682912947716,1884.318686615706,3425.0912120060398,7.170011576927643,-6.741479983637565,-3227.975529225449,3782.71044951457,8.089895164205318,7.1379805164085495,3299.091197328106,3650.955993590375,7.750990684681963,2.0244950690231382,894.3824033346912,-802.6512251470277,1884.318686615706,hourly_window_mean_factor_top_available_analogs,4.0,47878.453608125004,,47878.453608125004,0.0,2425.3243040784214,-1414.7725107124004,7.658902751772027e-12,2425.3243040784214,-1414.7725107124004,7.658902751772027e-12,3227.975529225449,-3299.0911973281063,-894.3824033346912,985.2415229897337,2.0739707035025847,3425.0912120060398,7.170011576927643,2197.486146415256,4.45716579952525,3782.71044951457,8.089895164205318,3650.955993590375,7.750990684681963,-1585.224303099314,-3.632729364680068,-5.096040873425059,-4.1718441310598005,3227.975529225449,3299.0911973281063,894.3824033346912
experiment_2026_06_25_11_20,ERCOT_demand_ERCOT,2026-03-02,Texas Independence Day,H2,L,best_matching_weekday,True,2026-03-02,3.0,True,True,13,False,2.0,17.0,13.0,pearson,PLS,standard,2.0,{},2026-03-01 10:00:00,2026-03-03,4408.353181552838,8.192882466129603,4228.433796,8.538,,14.0,24.0,4.0,4.0,13.0,4.0,0.05053026107640844,47365.24527183627,46457.16515703817,4408.353181552838,8.192882466129603,7.567420121500742,4110.295603611102,4475.944555280285,8.33973191440114,6.642048407551376,3666.9311294384324,4368.9248802118245,8.107220287971208,8.107220287971208,4368.9248802118245,3881.0524696434527,7.207003924163169,6.11130449599182,3357.022473410053,4577.476455232772,8.45733726998431,8.398547184793292,4549.70492956171,4320.899197384077,7.996688142576519,7.5558788257611695,4110.295603611099,3666.9311294384324,4368.9248802118245,hourly_window_mean_factor_top_available_analogs,4.0,40680.53445585527,,40680.53445585527,0.0,309.9086560283795,-180.78004934988408,2.489143394325909e-12,309.9086560283795,-180.78004934988408,2.489143394325909e-12,-3357.022473410053,-4549.704929561709,-4110.295603611099,4475.944555280285,8.33973191440114,3881.0524696434527,7.207003924163169,4368.9248802118245,8.107220287971208,4577.476455232772,8.45733726998431,4320.899197384077,7.996688142576519,-208.5515750209479,-0.3501169820131018,1.1327279902379708,0.19619432355308408,3357.022473410053,4549.704929561709,4110.295603611099
experiment_2026_06_25_11_20,ERCOT_demand_FWEST,2025-01-01,New Year's Day,H2,K,best_matching_weekday,True,2025-01-01,3.0,True,True,8,False,2.0,10.0,8.0,pearson,PLS,standard,2.0,{},2024-12-31 10:00:00,2025-01-02,117.2268109681341,1.6526448438068007,166.207743,2.356,,14.0,24.0,4.0,4.0,8.0,4.0,0.013906228207097929,7219.826555127574,7211.093332868356,117.2268109681341,1.6526448438068007,-0.9287869065212759,-64.71461978546918,83.17618686512962,1.1593378278377302,0.1988697878932264,15.676521713763318,137.08967502822006,1.9404072697887582,-1.5865866449297357,-111.60945232668814,90.6998134487205,1.2694868147163034,-0.5007334901944306,-34.409197156237305,134.80252154515054,1.9113127410168775,-1.1789815622305517,-82.39278298585278,118.55415540436053,1.6748505576429817,-0.929100693585665,-64.71461978546813,15.676521713763318,-111.60945232668814,hourly_window_mean_factor_top_available_analogs,4.0,4144.631026052632,,4144.631026052632,0.0,50.08571887000062,-29.216669340835363,-1.0530991283686538e-12,50.08571887000062,-29.216669340835363,-1.0530991283686538e-12,34.4091971562373,82.39278298585278,64.71461978546813,83.17618686512962,1.1593378278377302,90.6998134487205,1.2694868147163034,137.08967502822006,1.9404072697887582,134.80252154515054,1.9113127410168775,118.55415540436053,1.6748505576429817,2.287153483069517,0.02909452877188068,-0.11014898687857322,-0.022205713836181085,34.4091971562373,82.39278298585278,64.71461978546813
experiment_2026_06_25_11_20,ERCOT_demand_FWEST,2025-01-20,Martin Luther King Jr. Day,H2,I,best_matching_weekday,True,2025-01-20,3.0,True,True,8,False,2.0,10.0,8.0,pearson,PLS,standard,2.0,{},2025-01-19 10:00:00,2025-01-21,165.18009631822724,2.270650951735847,138.684857,1.958,,14.0,24.0,4.0,4.0,8.0,4.0,0.01644936691090284,7255.399397641872,7272.785688077871,165.18009631822724,2.270650951735847,0.23874277817572417,21.856583542338047,193.241821322305,2.586119633792525,2.4424694208033015,182.92866267698062,148.81075673251522,2.086627553869451,-1.0467644300236956,-72.10212928620346,275.906972314555,3.693711559977729,3.445545054632813,258.0623471084891,150.7288011843771,2.1133072189778566,-1.6366760326916208,-115.93011187124993,196.84707475865318,2.695561449872546,0.2357212100068547,21.856583542338143,182.92866267698062,-72.10212928620346,hourly_window_mean_factor_top_available_analogs,4.0,4116.849917131579,,4116.849917131579,0.0,-75.1336844315085,43.82798258504647,-9.573628439715034e-14,-75.1336844315085,43.82798258504647,-9.573628439715034e-14,-258.0623471084891,115.93011187124993,-21.856583542338143,193.241821322305,2.586119633792525,275.906972314555,3.693711559977729,148.81075673251522,2.086627553869451,150.7288011843771,2.1133072189778566,196.84707475865318,2.695561449872546,-1.9180444518618742,-0.02667966510840536,-1.1075919261852039,-0.4249104981366991,258.0623471084891,115.93011187124993,21.856583542338143
experiment_2026_06_25_11_20,ERCOT_demand_FWEST,2025-02-17,Presidents' Day,H2,H,best_matching_weekday,True,2025-02-17,3.0,True,True,8,False,2.0,10.0,8.0,pearson,PLS,standard,2.0,{},2025-02-16 10:00:00,2025-02-18,290.715420266786,4.070492538461831,156.680682,2.202,,14.0,24.0,4.0,4.0,8.0,4.0,0.009989965085643898,7224.23466602289,7283.440752863328,290.715420266786,4.070492538461831,-1.2436179209337406,-79.21882273341639,302.2222098141883,4.053027539739035,3.5214320681557196,264.806059989291,284.00312636413463,4.0806804543834625,-4.02323041456926,-279.9000043216624,264.8096527861299,3.5536418375254706,2.8010520133904615,211.7738007571572,248.96451976958485,3.5779558172689456,-3.5779558172689456,-248.96451976958485,254.80220035462776,3.568998035258193,-1.2277950375523219,-79.21882273341673,264.806059989291,-279.9000043216624,hourly_window_mean_factor_top_available_analogs,4.0,4267.444998092105,,4267.444998092105,0.0,53.032259232133775,-30.935484552077508,3.3507699539002617e-13,53.032259232133775,-30.935484552077508,3.3507699539002617e-13,-211.7738007571572,248.96451976958488,79.21882273341673,302.2222098141883,4.053027539739035,264.8096527861299,3.5536418375254706,284.00312636413463,4.0806804543834625,248.96451976958485,3.5779558172689456,254.80220035462776,3.568998035258193,35.038606594549776,0.5027246371145169,0.4993857022135644,0.5014945032036384,211.7738007571572,248.96451976958488,79.21882273341673
experiment_2026_06_25_11_20,ERCOT_demand_FWEST,2025-03-02,Texas Independence Day,H2,G,best_matching_weekday,True,2025-03-02,3.0,True,True,8,False,2.0,10.0,8.0,pearson,PLS,standard,2.0,{},2025-03-01 10:00:00,2025-03-03,186.93474493296574,2.644262132537783,191.040776,2.665,,14.0,24.0,4.0,4.0,8.0,4.0,0.013183889946255177,7157.930736010923,7159.825786922098,186.93474493296574,2.644262132537783,-0.5027118835992507,-28.442650721449976,277.70286957892284,3.833945378691489,1.0945421623763119,90.02641062251769,133.98667222282407,1.950280238948121,-1.4344434104183292,-97.54960317209778,286.0225648533841,3.947444974058425,1.1425386503350625,93.61160937531479,133.4374660939951,1.9399898193366498,-1.4630835565358016,-99.64096911122901,189.65302879482263,2.679578560549935,-0.5031174803202202,-28.442650721449713,90.02641062251769,-97.54960317209778,hourly_window_mean_factor_top_available_analogs,4.0,4172.81243944079,,4172.81243944079,0.0,-3.585198752797104,2.091365939131227,-2.6327478209216345e-13,-3.585198752797104,2.091365939131227,-2.6327478209216345e-13,-93.61160937531479,99.640969111229,28.442650721449713,277.70286957892284,3.833945378691489,286.0225648533841,3.947444974058425,133.98667222282407,1.950280238948121,133.4374660939951,1.9399898193366498,189.65302879482263,2.679578560549935,0.5492061288289563,0.010290419611471258,-0.11349959536693577,-0.03531642801215229,93.61160937531479,99.640969111229,28.442650721449713
experiment_2026_06_25_11_20,ERCOT_demand_FWEST,2025-04-21,San Jacinto Day,H2,I,best_matching_weekday,True,2025-04-21,3.0,True,True,13,False,2.0,17.0,13.0,pearson,PLS,standard,2.0,{},2025-04-20 10:00:00,2025-04-22,334.83598862641867,4.707606005518751,211.715157,2.958,,14.0,24.0,4.0,4.0,13.0,4.0,0.02040244989687014,7153.198551456427,7109.891566513087,334.83598862641867,4.707606005518751,0.021917373146580488,26.269423306729504,445.809386157048,6.356025640569215,0.029714169332486558,39.446677712129905,270.1015067335515,3.7460278850726474,0.017369242038134947,18.58269157024593,425.68214556151605,6.136161056956301,-0.8374548990619275,-22.997615725402024,244.43676489181004,3.356977049223172,0.5493561847226327,55.00852940880861,311.2113788227544,4.380886946809062,0.038425785433584374,26.26942330673101,39.446677712129905,18.58269157024593,hourly_window_mean_factor_top_available_analogs,4.0,4205.335659598684,,4205.335659598684,0.0,62.44429343753193,-36.42583783856268,-1.507846479255118e-12,62.44429343753193,-36.42583783856268,-1.507846479255118e-12,22.997615725402028,-55.00852940880861,-26.26942330673101,445.809386157048,6.356025640569215,425.68214556151605,6.136161056956301,270.1015067335515,3.7460278850726474,244.43676489181004,3.356977049223172,311.2113788227544,4.380886946809062,25.66474184174146,0.38905083584947553,0.21986458361291383,0.3267190587096893,22.997615725402028,55.00852940880861,26.26942330673101
experiment_2026_06_25_11_20,ERCOT_demand_FWEST,2025-05-26,Memorial Day,H2,F,best_matching_weekday,True,2025-05-26,3.0,True,True,13,False,2.0,17.0,13.0,pearson,PLS,standard,2.0,{},2025-05-25 10:00:00,2025-05-27,132.76304350714986,1.760048173777274,269.838989,3.791,,14.0,24.0,4.0,4.0,13.0,4.0,0.045898200123654774,7598.255282359229,7545.125861816984,132.76304350714986,1.760048173777274,0.5385885944470902,41.535525561824215,69.14340125403987,0.88367872866845,0.6428815697114825,51.012869782636635,169.8745014881307,2.2712636834240887,0.47775102554286125,36.00707476635031,110.56670668787696,1.4228748958325557,-1.2371550812087888,-96.52428468894608,272.9770182309784,3.6518499017867447,1.6437701816911474,122.07041487477329,213.14164029404628,2.8306485838036224,0.5823766637806448,41.535525561824045,51.012869782636635,36.00707476635031,hourly_window_mean_factor_top_available_analogs,4.0,3738.2041945197366,,3738.2041945197366,0.0,147.5371544715827,-86.06334010842299,1.6753849769501309e-13,147.5371544715827,-86.06334010842299,1.6753849769501309e-13,96.52428468894607,-122.07041487477329,-41.535525561824045,69.14340125403987,0.88367872866845,110.56670668787696,1.4228748958325557,169.8745014881307,2.2712636834240887,272.9770182309784,3.6518499017867447,213.14164029404628,2.8306485838036224,-103.10251674284768,-1.380586218362656,-0.5391961671641057,-1.0706004100263484,96.52428468894607,122.07041487477329,41.535525561824045
experiment_2026_06_25_11_20,ERCOT_demand_FWEST,2025-06-19,Juneteenth National Independence Day,H2,G,best_matching_weekday,True,2025-06-19,3.0,True,True,13,False,2.0,17.0,13.0,pearson,PLS,standard,2.0,{},2025-06-18 10:00:00,2025-06-20,205.76628059817958,2.697699468459787,218.529878,3.042,,14.0,24.0,4.0,4.0,13.0,4.0,0.013643303834459403,7437.158273542101,7425.213727320239,205.76628059817958,2.697699468459787,1.6020196259808814,126.02019006316326,219.12644265915802,2.806835485042037,2.763889202462212,215.9338048632817,197.97285272927547,2.6340367921201415,0.9242623730334388,73.57058142976082,215.81697802109633,2.7843678945629535,2.1167649973352844,165.94848643349073,198.91278113535841,2.649192088159223,1.3251394312408071,102.72868384713759,205.14064314589345,2.6989937010448077,1.6167909555914042,126.02019006316243,215.9338048632817,73.57058142976082,hourly_window_mean_factor_top_available_analogs,4.0,5758.182481453948,,5758.182481453948,0.0,49.98531842979095,-29.158102417376767,8.137584173757779e-13,49.98531842979095,-29.158102417376767,8.137584173757779e-13,-165.94848643349076,-102.72868384713759,-126.02019006316245,219.12644265915802,2.806835485042037,215.81697802109633,2.7843678945629535,197.97285272927547,2.6340367921201415,198.91278113535841,2.649192088159223,205.14064314589345,2.6989937010448077,-0.9399284060829416,-0.015155296039081279,0.022467590479083643,-0.0012942325850207048,165.94848643349076,102.72868384713759,126.02019006316245
experiment_2026_06_25_11_20,ERCOT_demand_FWEST,2025-07-04,Independence Day,H2,J,best_matching_weekday,True,2025-07-04,3.0,True,True,2,False,2.0,2.0,2.0,pearson,PLS,standard,2.0,{},2025-07-03 10:00:00,2025-07-05,624.2734064406418,7.878904285272048,225.598791,3.036,,14.0,24.0,2.0,4.0,2.0,2.0,0.015888351144250978,7082.809783014717,7050.063795172995,624.2734064406418,7.878904285272048,7.820249369396029,619.957967458967,296.14390392116127,3.9473392277837185,3.788133027548811,284.4305695423298,815.6822829103388,10.172317235473573,10.172317235473573,815.6822829103388,344.51602265016464,4.593480506148614,4.593480506148614,344.51602265016464,780.6324352641022,9.745498536848956,9.745498536848956,780.6324352641022,619.9579674589673,7.847386630801463,7.847386630801463,619.9579674589673,284.4305695423298,815.6822829103388,hourly_window_mean_factor_top_available_analogs,2.0,6353.526808644737,,6353.526808644737,0.0,-60.08545310783484,35.049847646236536,-2.87208853191451e-13,-60.08545310783484,35.049847646236536,-2.87208853191451e-13,-344.51602265016464,-780.6324352641022,-619.9579674589673,296.14390392116127,3.9473392277837185,344.51602265016464,4.593480506148614,815.6822829103388,10.172317235473573,780.6324352641022,9.745498536848956,619.9579674589673,7.847386630801463,35.04984764623657,0.42681869862461674,-0.6461412783648957,0.0315176544705853,344.51602265016464,780.6324352641022,619.9579674589673
experiment_2026_06_25_11_20,ERCOT_demand_FWEST,2025-08-27,Lyndon B. Johnson Day,H2,F,best_matching_weekday,True,2025-08-27,3.0,True,True,2,False,2.0,2.0,2.0,pearson,PLS,standard,2.0,{},2025-08-26 10:00:00,2025-08-28,170.5802248718082,2.085186038637829,325.849376,4.165,,14.0,24.0,2.0,4.0,2.0,2.0,0.046084468382240874,7903.33302833824,7869.428028706501,170.5802248718082,2.085186038637829,1.700592526328809,140.37841866176024,112.19494753253015,1.3846529560838263,0.9477994782296459,77.7587886502089,204.63830331972042,2.4938303367943297,2.1397218043866535,176.90653616849852,118.3381760776543,1.476472720746441,0.015701204647259357,1.4977530191959627,357.36803179498094,4.4817700564969405,2.7928586324126257,221.39214028658864,269.304400741229,3.3745552485888615,1.7696953695517015,140.37841866175975,77.7587886502089,176.90653616849852,hourly_window_mean_factor_top_available_analogs,2.0,4629.209011105263,,4629.209011105263,0.0,76.26103563101294,-44.48560411809012,4.786814219857517e-13,76.26103563101294,-44.48560411809012,4.786814219857517e-13,-1.4977530191959545,-221.39214028658864,-140.37841866175975,112.19494753253015,1.3846529560838263,118.3381760776543,1.476472720746441,204.63830331972042,2.4938303367943297,357.36803179498094,4.4817700564969405,269.304400741229,3.3745552485888615,-152.72972847526052,-1.9879397197026107,-0.09181976466261466,-1.2893692099510323,1.4977530191959545,221.39214028658864,140.37841866175975
experiment_2026_06_25_11_20,ERCOT_demand_FWEST,2025-09-01,Labor Day,H2,F,best_matching_weekday,True,2025-09-01,3.0,True,True,2,False,2.0,2.0,2.0,pearson,PLS,standard,2.0,{},2025-08-31 10:00:00,2025-09-02,192.96321307787753,2.4200939430505564,314.392765,3.964,,14.0,24.0,2.0,4.0,2.0,2.0,0.03512010432378616,7865.990491458679,7751.557933999787,192.96321307787753,2.4200939430505564,1.4159968502348672,112.63882709395253,155.02860484023853,1.9293577848258086,-0.03685468128804757,-2.582280173923274,215.09173454983363,2.7063567020149932,2.263493576956567,179.85113966688007,179.62852761565247,2.232045681792289,-0.8236237043589398,-66.9513726818296,245.42901248997654,3.095173841474496,2.7426051127175715,217.3997769631594,221.1867285889098,2.777179256328419,1.4287313380051723,112.63882709395294,-2.582280173923274,179.85113966688007,hourly_window_mean_factor_top_available_analogs,2.0,4107.254777381578,,4107.254777381578,0.0,64.36909250790632,-37.54863729627933,-4.0687920868788895e-13,64.36909250790632,-37.54863729627933,-4.0687920868788895e-13,66.9513726818296,-217.3997769631594,-112.63882709395294,155.02860484023853,1.9293577848258086,179.62852761565247,2.232045681792289,215.09173454983363,2.7063567020149932,245.42901248997654,3.095173841474496,221.1867285889098,2.777179256328419,-30.33727794014291,-0.3888171394595026,-0.3026878969664806,-0.35708531327786286,66.9513726818296,217.3997769631594,112.63882709395294
experiment_2026_06_25_11_20,ERCOT_demand_FWEST,2025-11-11,Veterans Day,H2,K,best_matching_weekday,True,2025-11-11,3.0,True,True,2,False,2.0,2.0,2.0,pearson,PLS,standard,2.0,{},2025-11-10 10:00:00,2025-11-12,162.48691811400377,2.104941758227095,329.272281,4.128,,14.0,24.0,2.0,4.0,2.0,2.0,0.011156247363403904,7604.128768617959,7557.524014326681,162.48691811400377,2.104941758227095,0.8348466812829082,67.74325811887995,117.60130206949854,1.574901196286662,-1.4510213257470446,-107.99208604587446,188.67019413996513,2.4141320860256816,2.168269685383714,170.2555422149867,134.06643198000984,1.7966179260242696,-1.7069106330260007,-127.10792951984851,198.2738162069779,2.5376492228419534,2.312655318970382,181.40645090814272,174.61846412335808,2.2646376924354383,0.8317625998138202,67.74325811888279,-107.99208604587446,170.2555422149867,hourly_window_mean_factor_top_available_analogs,2.0,5315.037254631579,,5315.037254631579,0.0,19.115843473974046,-11.150908693156035,-2.848154460815223e-12,19.115843473974046,-11.150908693156035,-2.848154460815223e-12,127.10792951984851,-181.40645090814272,-67.74325811888279,117.60130206949854,1.574901196286662,134.06643198000984,1.7966179260242696,188.67019413996513,2.4141320860256816,198.2738162069779,2.5376492228419534,174.61846412335808,2.2646376924354383,-9.603622067012765,-0.12351713681627174,-0.2217167297376077,-0.15969593420834327,127.10792951984851,181.40645090814272,67.74325811888279
experiment_2026_06_25_11_20,ERCOT_demand_FWEST,2025-11-27,Thanksgiving Day,H1,I,best_matching_weekday,True,2025-11-27,3.0,True,True,9,False,2.0,11.0,9.0,pearson,PLS,standard,2.0,{},2025-11-26 10:00:00,2025-11-28,395.89952816807244,4.982989517140434,135.579911,1.7,,14.0,24.0,4.0,4.0,9.0,4.0,0.007833383052335685,7438.21322253095,7381.6903724520425,395.89952816807244,4.982989517140434,4.511435091686721,361.3446347058942,188.89798246573284,2.41676079559167,2.2259398886961472,175.05820711949977,516.6504298277706,6.479956271377212,5.844640626764558,470.01171746462416,343.7869337691635,4.3639712387274,3.570654749773162,285.8338758243261,462.36541444010226,5.80072504983297,5.025462740697818,405.3925773868062,418.67860577186167,5.271394698373024,4.489480849304524,361.34463470589253,175.05820711949977,470.01171746462416,hourly_window_mean_factor_top_available_analogs,4.0,5275.103677427631,,5275.103677427631,0.0,-110.77566870482633,64.61914007781793,1.6275168347515558e-12,-110.77566870482633,64.61914007781793,1.6275168347515558e-12,-285.8338758243261,-405.39257738680624,-361.34463470589253,188.89798246573284,2.41676079559167,343.7869337691635,4.3639712387274,516.6504298277706,6.479956271377212,462.36541444010226,5.80072504983297,418.67860577186167,5.271394698373024,54.28501538766835,0.6792312215442422,-1.94721044313573,-0.28840518123258985,285.8338758243261,405.39257738680624,361.34463470589253
experiment_2026_06_25_11_20,ERCOT_demand_FWEST,2025-11-28,Day after Thanksgiving,H2,G,best_matching_weekday,True,2025-11-28,3.0,True,True,9,False,2.0,11.0,9.0,pearson,PLS,standard,2.0,{},2025-11-27 10:00:00,2025-11-29,190.3316944587369,2.487151942073267,215.652641,2.724,,14.0,24.0,4.0,4.0,9.0,4.0,0.009476823595013117,7707.868440866022,7694.065850593339,190.3316944587369,2.487151942073267,-0.914334225674114,-64.03009736602004,240.76778717938922,3.080154441373027,1.0202068130000956,89.12194123795436,160.91064037168974,2.1412338174817402,-2.0428164982340697,-153.36878655167177,267.2055998184479,3.411930410856169,1.1687945225964211,102.02325500466642,164.21247360638927,2.190926665943305,-2.1479932051226336,-160.89455291559042,202.157309579253,2.640770150911202,-0.9260187791208766,-64.0300973660221,89.12194123795436,-153.36878655167177,hourly_window_mean_factor_top_available_analogs,4.0,4794.931908743421,,4794.931908743421,0.0,-12.901313766712065,7.52576636391863,2.0583301145387323e-12,-12.901313766712065,7.52576636391863,2.0583301145387323e-12,-102.02325500466642,160.8945529155904,64.0300973660221,240.76778717938922,3.080154441373027,267.2055998184479,3.411930410856169,160.91064037168974,2.1412338174817402,164.21247360638927,2.190926665943305,202.157309579253,2.640770150911202,-3.3018332346995294,-0.049692848461564854,-0.33177596948314214,-0.1536182088379352,102.02325500466642,160.8945529155904,64.0300973660221
experiment_2026_06_25_11_20,ERCOT_demand_FWEST,2025-12-24,Christmas Eve,H1,I,best_matching_weekday,True,2025-12-24,3.0,True,True,9,False,2.0,11.0,9.0,pearson,PLS,standard,2.0,{},2025-12-23 10:00:00,2025-12-25,199.0351940725937,2.585863013123653,228.750305,2.923,,14.0,24.0,4.0,4.0,9.0,4.0,0.01716675534495481,7518.9085371632855,7487.521449266446,199.0351940725937,2.585863013123653,1.616014800982843,130.75229852092326,322.77697878911476,4.180739155982743,2.159047999094991,182.77663344212837,126.85248632128973,1.6555185964558508,1.2992454354174232,100.40476981688694,329.77112842504624,4.292204364301448,2.4335843943878532,201.85034486998515,124.12768581375269,1.62842591172381,1.1616629051073373,89.27843815064007,199.89105940738716,2.609817973199782,1.6302655590527906,130.7522985209251,182.77663344212837,100.40476981688694,hourly_window_mean_factor_top_available_analogs,4.0,6186.642025513158,,6186.642025513158,0.0,-19.07371142785678,11.12633166624687,-1.842923474645144e-12,-19.07371142785678,11.12633166624687,-1.842923474645144e-12,-201.85034486998515,-89.27843815064007,-130.7522985209251,322.77697878911476,4.180739155982743,329.77112842504624,4.292204364301448,126.85248632128973,1.6555185964558508,124.12768581375269,1.62842591172381,199.89105940738716,2.609817973199782,2.72480050753704,0.02709268473204074,-0.11146520831870443,-0.023954960076129073,201.85034486998515,89.27843815064007,130.7522985209251
experiment_2026_06_25_11_20,ERCOT_demand_FWEST,2025-12-25,Christmas Day,H2,I,best_matching_weekday,True,2025-12-25,3.0,True,True,14,False,2.0,19.0,14.0,pearson,PLS,standard,2.0,{},2025-12-24 10:00:00,2025-12-26,122.95209217053092,1.6254564978149109,242.181334,3.11,,14.0,24.0,4.0,4.0,14.0,4.0,0.020991368639718688,7694.861543301087,7659.201644967111,122.95209217053092,1.6254564978149109,-1.2264939498051963,-91.39412740634987,124.82610867521986,1.6457224022824932,-1.6112138556878421,-122.11619708790204,121.85891587612905,1.613634720208821,-1.0020740047069863,-73.4729200921111,145.22465298098243,1.9127851047632238,-1.1617022344858141,-89.08348306569835,115.73469713822858,1.539574184671234,-1.2475272468857945,-92.74200327173064,126.59941771187474,1.6770729447051251,-1.2159075054752755,-91.39412740635032,-122.11619708790204,-73.4729200921111,hourly_window_mean_factor_top_available_analogs,4.0,7352.873513046052,,7352.873513046052,0.0,-33.0327140222037,19.269083179619543,4.547473508864641e-13,-33.0327140222037,19.269083179619543,4.547473508864641e-13,89.08348306569835,92.74200327173064,91.39412740635032,124.82610867521986,1.6457224022824932,145.22465298098243,1.9127851047632238,121.85891587612905,1.613634720208821,115.73469713822858,1.539574184671234,126.59941771187474,1.6770729447051251,6.124218737900463,0.07406053553758696,-0.2670627024807306,-0.051616446890214274,89.08348306569835,92.74200327173064,91.39412740635032
experiment_2026_06_25_11_20,ERCOT_demand_FWEST,2026-01-01,New Year's Day,H2,H,best_matching_weekday,True,2026-01-01,3.0,True,True,14,False,2.0,19.0,14.0,pearson,PLS,standard,2.0,{},2025-12-31 10:00:00,2026-01-02,227.75388806052405,3.0098941430488106,162.52139,2.128,,14.0,24.0,4.0,4.0,14.0,4.0,0.009989040444573742,7961.163011177702,7920.688260273731,227.75388806052405,3.0098941430488106,-2.708872099771347,-203.67072765138428,146.58137837305452,1.8538873871527122,-1.3075865472321564,-102.34298508450209,275.1045187115479,3.6842314173215347,-3.5262886720858755,-262.7785774820656,157.10442100559658,1.9874638663837252,-1.640391012921104,-128.99540390758835,247.23133316860194,3.3022022449501187,-3.3022022449501187,-247.23133316860194,214.02668131907365,2.817824947583553,-2.6899560015710082,-203.67072765138641,-102.34298508450209,-262.7785774820656,hourly_window_mean_factor_top_available_analogs,4.0,5523.335275282895,,5523.335275282895,0.0,26.65241882308627,-15.547244313463656,2.1061982567373076e-12,26.65241882308627,-15.547244313463656,2.1061982567373076e-12,128.99540390758835,247.23133316860194,203.6707276513864,146.58137837305452,1.8538873871527122,157.10442100559658,1.9874638663837252,275.1045187115479,3.6842314173215347,247.23133316860194,3.3022022449501187,214.02668131907365,2.817824947583553,27.873185542945947,0.382029172371416,-0.133576479231013,0.1920691954652578,128.99540390758835,247.23133316860194,203.6707276513864
experiment_2026_06_25_11_20,ERCOT_demand_FWEST,2026-01-19,Martin Luther King Jr. Day,H2,K,best_matching_weekday,True,2026-01-19,3.0,True,True,9,False,2.0,12.0,9.0,pearson,PLS,standard,2.0,{},2026-01-18 10:00:00,2026-01-20,386.6478437992122,5.003787899122548,197.636049,2.593,,14.0,24.0,4.0,4.0,9.0,4.0,0.01648705216367529,8154.3550824331,8178.6545640404365,386.6478437992122,5.003787899122548,-4.843587554091103,-373.63455253836435,234.4349293142565,2.9908481593359793,-2.556018651393487,-199.1131387490982,475.43871058210306,6.178002747331379,-6.178002747331379,-475.43871058210306,233.23630388822534,2.9768647010543225,-2.9768647010543225,-233.23630388822534,455.53353091760954,5.919191695646783,-5.919191695646783,-455.53353091760954,373.63455253836264,4.835176487112718,-4.835176487112718,-373.63455253836264,-199.1131387490982,-475.43871058210306,hourly_window_mean_factor_top_available_analogs,4.0,4352.4238221184205,,4352.4238221184205,0.0,34.12316513912713,-19.905179664493517,-1.6993190480494186e-12,34.12316513912713,-19.905179664493517,-1.6993190480494186e-12,233.23630388822534,455.53353091760954,373.63455253836264,234.4349293142565,2.9908481593359793,233.23630388822534,2.9768647010543225,475.43871058210306,6.178002747331379,455.53353091760954,5.919191695646783,373.63455253836264,4.835176487112718,19.905179664493517,0.25881105168459584,0.013983458281656702,0.1686114120098301,233.23630388822534,455.53353091760954,373.63455253836264
experiment_2026_06_25_11_20,ERCOT_demand_FWEST,2026-02-16,Presidents' Day,H2,L,best_matching_weekday,True,2026-02-16,3.0,True,True,5,False,2.0,6.0,5.0,pearson,PLS,standard,2.0,{},2026-02-15 10:00:00,2026-02-17,187.7304069204735,2.5264493983616414,361.637159,4.729,,14.0,24.0,4.0,4.0,5.0,4.0,0.010217869252453724,7513.468057322129,7512.762920059096,187.7304069204735,2.5264493983616414,-0.7148484463564186,-47.794528506338885,175.69528878635506,2.2727043017956,2.2560870136670315,174.44483422696007,194.75089249870928,2.674467371358498,-2.4478941313700973,-177.43415676742995,142.79084899611567,1.844633029576702,1.844633029576702,142.79084899611567,231.46965718127765,3.1588927597611343,-2.207709237692665,-158.9693320494391,198.7985173235864,2.6746918065352907,-0.7147410339618454,-47.794528506339965,174.44483422696007,-177.43415676742995,hourly_window_mean_factor_top_available_analogs,4.0,3747.8566511184213,,3747.8566511184213,0.0,31.653985230844423,-18.464824717990876,1.0770331994679412e-12,31.653985230844423,-18.464824717990876,1.0770331994679412e-12,-142.79084899611564,158.9693320494391,47.794528506339965,175.69528878635506,2.2727043017956,142.79084899611567,1.844633029576702,194.75089249870928,2.674467371358498,231.46965718127765,3.1588927597611343,198.7985173235864,2.6746918065352907,-36.71876468256838,-0.48442538840263616,0.4280712722188982,-0.1482424081736493,142.79084899611564,158.9693320494391,47.794528506339965
experiment_2026_06_25_11_20,ERCOT_demand_FWEST,2026-03-02,Texas Independence Day,H2,G,best_matching_weekday,True,2026-03-02,3.0,True,True,5,False,2.0,6.0,5.0,pearson,PLS,standard,2.0,{},2026-03-01 10:00:00,2026-03-03,216.93730627249687,2.8686676983027035,341.654878,4.477,,14.0,24.0,4.0,4.0,5.0,4.0,0.04853557734037333,7884.815898665802,7824.503346898084,216.93730627249687,2.8686676983027035,-2.7120779305544223,-204.94027461317174,165.708771536971,2.1681109285629803,-2.1093110922410054,-160.94500119618064,246.82061820155357,3.2773258139842096,-3.0636919195705823,-230.60418410641657,294.5488332798669,3.7867586365474075,-3.4965483087281344,-272.4860660020582,370.3719778145269,4.877675136661877,-2.1622988372804475,-165.53856296965213,342.4371350912311,4.475758531356545,-2.6538644320243328,-204.94027461317015,-160.94500119618064,-230.60418410641657,hourly_window_mean_factor_top_available_analogs,4.0,3992.188096052631,,3992.188096052631,0.0,111.54106480587754,-65.06562113676443,-1.6035827636522681e-12,111.54106480587754,-65.06562113676443,-1.6035827636522681e-12,272.4860660020582,165.53856296965213,204.94027461317015,165.708771536971,2.1681109285629803,294.5488332798669,3.7867586365474075,246.82061820155357,3.2773258139842096,370.3719778145269,4.877675136661877,342.4371350912311,4.475758531356545,-123.5513596129733,-1.6003493226776677,-1.6186477079844273,-1.6070908330538418,272.4860660020582,165.53856296965213,204.94027461317015
experiment_2026_06_25_11_20,ERCOT_demand_NCENT,2025-01-01,New Year's Day,H2,H,best_matching_weekday,True,2025-01-01,3.0,True,True,6,False,2.0,7.0,6.0,pearson,PLS,standard,2.0,{},2024-12-31 10:00:00,2025-01-02,1194.0153665847533,9.23227689854922,1051.647157,8.702,,14.0,24.0,4.0,4.0,6.0,4.0,0.0581302992331101,11662.964117059124,11556.277995373724,1194.0153665847533,9.23227689854922,8.981359935783459,1164.16524299351,948.4688790516283,7.343277123395154,7.343277123395154,948.4688790516283,1337.2508176457432,10.33419343405576,9.936908243009972,1289.9881219596075,953.5600904700457,7.431089655225465,7.431089655225465,953.5600904700457,1287.018248632194,9.999359256599396,9.999359256599396,1287.018248632194,1164.1652429935077,9.053154666619527,9.053154666619527,1164.1652429935077,948.4688790516283,1289.9881219596075,hourly_window_mean_factor_top_available_analogs,4.0,11431.097543460524,,11431.097543460524,0.0,-5.091211418417386,2.969873327413552,2.1540663989358825e-12,-5.091211418417386,2.969873327413552,2.1540663989358825e-12,-953.5600904700457,-1287.018248632194,-1164.165242993508,948.4688790516283,7.343277123395154,953.5600904700457,7.431089655225465,1337.2508176457432,10.33419343405576,1287.018248632194,9.999359256599396,1164.1652429935077,9.053154666619527,50.23256901354921,0.33483417745636324,-0.0878125318303109,0.1791222319296928,953.5600904700457,1287.018248632194,1164.165242993508
experiment_2026_06_25_11_20,ERCOT_demand_NCENT,2025-01-20,Martin Luther King Jr. Day,H2,H,best_matching_weekday,True,2025-01-20,3.0,True,True,18,False,2.0,24.0,18.0,pearson,PLS,standard,2.0,{},2025-01-19 10:00:00,2025-01-21,3661.1289179112523,17.718221030180995,955.041143,8.09,,14.0,24.0,4.0,4.0,18.0,4.0,0.06595049466914192,16845.750226562428,16453.234798703168,3661.1289179112523,17.718221030180995,17.718221030180995,3661.1289179112523,1931.6008118216876,9.942777992811719,9.942777992811719,1931.6008118216876,4670.020313130163,22.253896135313074,22.253896135313074,4670.020313130163,2611.090621698898,13.39852644942273,13.39852644942273,2611.090621698898,4273.651257368465,20.326500156331218,20.326500156331218,4273.651257368465,3661.128917911257,17.774088790628095,17.774088790628095,3661.128917911257,1931.6008118216876,4670.020313130163,hourly_window_mean_factor_top_available_analogs,4.0,12808.81114561842,,12808.81114561842,0.0,-679.4898098772103,396.3690557616987,-4.643209793261792e-12,-679.4898098772103,396.3690557616987,-4.643209793261792e-12,-2611.090621698898,-4273.651257368465,-3661.128917911257,1931.6008118216876,9.942777992811719,2611.090621698898,13.39852644942273,4670.020313130163,22.253896135313074,4273.651257368465,20.326500156331218,3661.128917911257,17.774088790628095,396.3690557616983,1.9273959789818562,-3.455748456611012,-0.05586776044710007,2611.090621698898,4273.651257368465,3661.128917911257
experiment_2026_06_25_11_20,ERCOT_demand_NCENT,2025-02-17,Presidents' Day,H2,F,best_matching_weekday,True,2025-02-17,3.0,True,True,18,False,2.0,24.0,18.0,pearson,PLS,standard,2.0,{},2025-02-16 10:00:00,2025-02-18,2636.236384761266,15.83714155127742,1767.996539,10.404,,14.0,24.0,4.0,4.0,18.0,4.0,0.05789151407734372,13620.090765080839,13278.441919479803,2636.236384761266,15.83714155127742,15.83714155127742,2636.236384761266,1814.6893213173846,11.17068118348553,11.17068118348553,1814.6893213173846,3115.4721717701973,18.55924343248935,18.55924343248935,3115.4721717701973,1810.713183221345,11.169730520534241,11.169730520534241,1810.713183221345,3117.7915856595537,18.5130280247285,18.5130280247285,3117.7915856595537,2636.2363847612664,15.807602628446402,15.807602628446402,2636.2363847612664,1814.6893213173846,3115.4721717701973,hourly_window_mean_factor_top_available_analogs,4.0,12164.929720513159,,12164.929720513159,0.0,3.976138096039644,-2.3194138893569893,-3.3507699539002617e-13,3.976138096039644,-2.3194138893569893,-3.3507699539002617e-13,-1810.713183221345,-3117.791585659554,-2636.2363847612664,1814.6893213173846,11.17068118348553,1810.713183221345,11.169730520534241,3115.4721717701973,18.55924343248935,3117.7915856595537,18.5130280247285,2636.2363847612664,15.807602628446402,-2.319413889356383,0.04621540776085098,0.0009506629512898712,0.029538922831017445,1810.713183221345,3117.791585659554,2636.2363847612664
experiment_2026_06_25_11_20,ERCOT_demand_NCENT,2025-03-02,Texas Independence Day,H2,F,best_matching_weekday,True,2025-03-02,3.0,True,True,18,False,2.0,24.0,18.0,pearson,PLS,standard,2.0,{},2025-03-01 10:00:00,2025-03-03,516.0465068032992,4.577347180807348,2395.767905,13.476,,14.0,24.0,4.0,4.0,18.0,4.0,0.06800157925384288,11534.287775914661,11295.235770475418,516.0465068032992,4.577347180807348,-1.4747986594746842,-151.50580157255675,391.8757362285943,3.3199919015432466,-1.021130402740608,-111.8506733819378,588.4794563052104,5.310804427044739,-1.739438475902895,-174.63795968375112,276.4738132469239,2.3389684980554684,-0.8658876383557141,-97.65297298775658,540.6472261181774,4.88622635007669,-1.6762896254400956,-182.91995158035593,443.32017927087355,3.9477629309109763,-1.3777204723037442,-151.50580157255618,-111.8506733819378,-174.63795968375112,hourly_window_mean_factor_top_available_analogs,4.0,11191.440842914471,,11191.440842914471,0.0,-14.197700394181213,8.281991896604799,-5.74417706382902e-13,-14.197700394181213,8.281991896604799,-5.74417706382902e-13,97.65297298775658,182.91995158035593,151.50580157255618,391.8757362285943,3.3199919015432466,276.4738132469239,2.3389684980554684,588.4794563052104,5.310804427044739,540.6472261181774,4.88622635007669,443.32017927087355,3.9477629309109763,47.83223018703302,0.42457807696804917,0.9810234034877783,0.629584249896372,97.65297298775658,182.91995158035593,151.50580157255618
experiment_2026_06_25_11_20,ERCOT_demand_NCENT,2025-04-21,San Jacinto Day,H2,I,best_matching_weekday,True,2025-04-21,3.0,True,True,18,False,2.0,24.0,18.0,pearson,PLS,standard,2.0,{},2025-04-20 10:00:00,2025-04-22,1054.2764755943085,8.960191741759184,2271.13727,12.711,,14.0,24.0,4.0,4.0,18.0,4.0,0.12454420215288688,13519.765739956601,13196.134917920179,1054.2764755943085,8.960191741759184,-7.498081562971524,-826.5050876934423,1280.9665798047517,10.025702161719652,-10.025702161719652,-1280.9665798047517,922.0405814715499,8.33864399678224,-6.023636213701782,-561.4025506285117,1602.2715149401795,12.453387184156265,-11.976044183708392,-1544.342796341168,503.46083353028706,4.514243730909654,-3.740236399607488,-407.7664243156041,908.285821418142,7.439191318947877,-6.774481372697293,-826.5050876934434,-1280.9665798047517,-561.4025506285117,hourly_window_mean_factor_top_available_analogs,4.0,16375.928420855264,,16375.928420855264,0.0,263.376216536416,-153.63612631290752,1.148835412765804e-12,263.376216536416,-153.63612631290752,1.148835412765804e-12,1544.3427963411677,407.7664243156041,826.5050876934434,1280.9665798047517,10.025702161719652,1602.2715149401795,12.453387184156265,922.0405814715499,8.33864399678224,503.46083353028706,4.514243730909654,908.285821418142,7.439191318947877,418.57974794126284,3.824400265872586,-2.427685022436613,1.5210004228113068,1544.3427963411677,407.7664243156041,826.5050876934434
experiment_2026_06_25_11_20,ERCOT_demand_NCENT,2025-05-26,Memorial Day,H2,I,best_matching_weekday,True,2025-05-26,3.0,True,True,18,False,2.0,24.0,18.0,pearson,PLS,standard,2.0,{},2025-05-25 10:00:00,2025-05-27,3014.200006083269,21.996808249358246,1402.186456,9.792,,14.0,24.0,4.0,4.0,18.0,4.0,0.14503443826661705,18360.59691902372,17678.99483908342,3014.200006083269,21.996808249358246,-19.6831076532725,-2564.873694971088,585.9358191416911,2.932913208827421,1.5449782866714992,339.5611123643429,4430.687448465855,33.1174136896679,-32.0661577849065,-4259.127332583422,415.26194751726507,2.0681320245691643,1.3861809589384892,277.0534811267649,4441.75007955758,33.128257772977555,-31.77974292274149,-4222.664547694835,2958.3070835427266,21.685053549879726,-19.56071833475413,-2564.873694971087,339.5611123643429,-4259.127332583422,hourly_window_mean_factor_top_available_analogs,4.0,17921.547287769736,,17921.547287769736,0.0,62.50763123757796,-36.46278488858692,1.436044265957255e-13,62.50763123757796,-36.46278488858692,1.436044265957255e-13,-277.0534811267649,4222.664547694835,2564.873694971088,585.9358191416911,2.932913208827421,415.26194751726507,2.0681320245691643,4430.687448465855,33.1174136896679,4441.75007955758,33.128257772977555,2958.3070835427266,21.685053549879726,-11.062631091725052,-0.010844083309656583,0.8647811842582565,0.3117546994785201,277.0534811267649,4222.664547694835,2564.873694971088
experiment_2026_06_25_11_20,ERCOT_demand_NCENT,2025-06-19,Juneteenth National Independence Day,H2,H,best_matching_weekday,True,2025-06-19,3.0,True,True,18,False,2.0,24.0,18.0,pearson,PLS,standard,2.0,{},2025-06-18 10:00:00,2025-06-20,655.5352970793392,3.183082309068992,1528.174329,11.845,,14.0,24.0,4.0,4.0,18.0,4.0,0.14584661214543923,19329.629949443395,18337.111570166973,655.5352970793392,3.183082309068992,1.7312829324680545,375.4848387408194,531.0982068070007,2.558397321762778,-0.5700396842771208,-111.9270393458194,728.1235997382033,3.5474818849976173,3.0737211255694064,659.8084342913586,727.0462504633942,3.4299548576928416,-1.3931875843269583,-310.8501666653995,775.8469252277736,4.138459531540935,4.138459531540935,775.8469252277736,757.8677292619495,3.8774314938074266,2.1004842783264484,375.48483874081506,-111.9270393458194,659.8084342913586,hourly_window_mean_factor_top_available_analogs,4.0,19084.050160302635,,19084.050160302635,0.0,198.9231273195801,-116.0384909364149,4.308132797871765e-12,198.9231273195801,-116.0384909364149,4.308132797871765e-12,310.85016666539946,-775.8469252277735,-375.48483874081506,531.0982068070007,2.558397321762778,727.0462504633942,3.4299548576928416,728.1235997382033,3.5474818849976173,775.8469252277736,4.138459531540935,757.8677292619495,3.8774314938074266,-47.72332548957024,-0.5909776465433176,-0.8715575359300636,-0.6943491847384347,310.85016666539946,775.8469252277735,375.48483874081506
experiment_2026_06_25_11_20,ERCOT_demand_NCENT,2025-07-04,Independence Day,H2,F,best_matching_weekday,True,2025-07-04,3.0,True,True,18,False,2.0,24.0,18.0,pearson,PLS,standard,2.0,{},2025-07-03 10:00:00,2025-07-05,2023.8012088687628,13.201366686986324,1574.670593,11.38,,14.0,24.0,4.0,4.0,18.0,4.0,0.09922320655066154,18405.262343500435,17901.01535007671,2023.8012088687628,13.201366686986324,-12.653574026632986,-1917.1278178425434,1467.9992599256454,8.478664317449583,-8.13904046671866,-1402.6490275125423,2348.0190124189144,15.956276402549422,-15.287051936583007,-2217.2404455350434,1332.9355614119086,7.512726332677395,-7.512726332677395,-1332.9355614119086,2257.9066340937425,14.702562895039778,-14.702562895039778,-2257.9066340937425,1917.1278178425403,12.053675740485216,-12.053675740485216,-1917.1278178425403,-1402.6490275125423,-2217.2404455350434,hourly_window_mean_factor_top_available_analogs,4.0,13267.750194611843,,13267.750194611843,0.0,-69.71346610063405,40.666188558698956,-2.6806159631202094e-12,-69.71346610063405,40.666188558698956,-2.6806159631202094e-12,1332.935561411908,2257.9066340937425,1917.1278178425407,1467.9992599256454,8.478664317449583,1332.9355614119086,7.512726332677395,2348.0190124189144,15.956276402549422,2257.9066340937425,14.702562895039778,1917.1278178425403,12.053675740485216,90.1123783251719,1.2537135075096444,0.9659379847721885,1.1476909465011076,1332.935561411908,2257.9066340937425,1917.1278178425407
experiment_2026_06_25_11_20,ERCOT_demand_NCENT,2025-08-27,Lyndon B. Johnson Day,H2,J,best_matching_weekday,True,2025-08-27,,False,False,0,True,,,,,,,,{},,,,,,,No historical special days share analog cluster 'J' before target_date=2025-08-27.,,,,,,,,,,,,,,,,,,,,,,,,,,,,,,,,,,,,,,,,,,,,,,,,,,,,,,,,,,,,,,,,,,,
experiment_2026_06_25_11_20,ERCOT_demand_NCENT,2025-09-01,Labor Day,H2,I,best_matching_weekday,True,2025-09-01,3.0,True,True,18,False,2.0,24.0,18.0,pearson,PLS,standard,2.0,{},2025-08-31 10:00:00,2025-09-02,1323.127118485771,7.290623711759235,1897.845504,12.794,,14.0,24.0,4.0,4.0,18.0,4.0,0.10725378664223502,15040.950342802395,14619.238172261632,1323.127118485771,7.290623711759235,6.815799038507121,1263.0561739870755,1043.5702705620422,5.93732436925995,5.808147269295846,1025.8335895562875,1486.2019464412795,8.080048328217151,7.403595903880366,1401.4360149050356,435.8223202917334,2.6251175668827704,0.4738039798806409,119.4593071690819,1932.191504433079,10.728802976476151,10.71264714127181,1930.154346297577,1380.897594486267,7.743234667678588,6.940441766022434,1263.0561739870784,1025.8335895562875,1401.4360149050356,hourly_window_mean_factor_top_available_analogs,4.0,14048.708168782896,,14048.708168782896,0.0,906.3742823872055,-528.7183313925414,-3.015692958510236e-12,906.3742823872055,-528.7183313925414,-3.015692958510236e-12,-119.45930716908197,-1930.154346297577,-1263.0561739870784,1043.5702705620422,5.93732436925995,435.8223202917334,2.6251175668827704,1486.2019464412795,8.080048328217151,1932.191504433079,10.728802976476151,1380.897594486267,7.743234667678588,-445.98955799179953,-2.6487546482590005,3.3122068023771796,-0.4526109559193534,119.45930716908197,1930.154346297577,1263.0561739870784
experiment_2026_06_25_11_20,ERCOT_demand_NCENT,2025-11-11,Veterans Day,H2,L,best_matching_weekday,True,2025-11-11,3.0,True,True,6,False,2.0,8.0,6.0,pearson,PLS,standard,2.0,{},2025-11-10 10:00:00,2025-11-12,1838.5316521493392,13.227578850157949,1576.041541,9.275,,14.0,24.0,4.0,4.0,6.0,4.0,0.06479063233125022,11865.17811735066,11713.798943569738,1838.5316521493392,13.227578850157949,13.227578850157949,1838.5316521493392,1925.1263728820438,13.515992695053303,13.515992695053303,1925.1263728820438,1788.0180650552618,13.059337440635659,13.059337440635659,1788.0180650552618,1725.5701978452355,12.083955105388622,12.083955105388622,1725.5701978452355,1904.425833826733,13.953151568601834,13.953151568601834,1904.425833826733,1838.5316521493392,13.2645002400496,13.2645002400496,1838.5316521493392,1925.1263728820438,1788.0180650552618,hourly_window_mean_factor_top_available_analogs,4.0,10476.493155085525,,10476.493155085525,0.0,199.55617503680813,-116.40776877147103,2.3934071099287584e-13,199.55617503680813,-116.40776877147103,2.3934071099287584e-13,-1725.5701978452357,-1904.4258338267327,-1838.531652149339,1925.1263728820438,13.515992695053303,1725.5701978452355,12.083955105388622,1788.0180650552618,13.059337440635659,1904.425833826733,13.953151568601834,1838.5316521493392,13.2645002400496,-116.40776877147118,-0.8938141279661753,1.4320375896646809,-0.036921389891650946,1725.5701978452357,1904.4258338267327,1838.531652149339
experiment_2026_06_25_11_20,ERCOT_demand_NCENT,2025-11-27,Thanksgiving Day,H1,F,best_matching_weekday,True,2025-11-27,3.0,True,True,6,False,2.0,8.0,6.0,pearson,PLS,standard,2.0,{},2025-11-26 10:00:00,2025-11-28,391.9711190470902,3.2286259411797538,1979.166038,12.644,,14.0,24.0,4.0,4.0,6.0,4.0,0.06593730156752799,12722.553726143004,12411.520807306859,391.9711190470902,3.2286259411797538,-2.5529802024327637,-310.288533853528,177.99272220795865,1.373781931887011,-1.0270949125273714,-132.60916064781512,516.7918505365836,4.310618279933853,-3.4430799548775766,-413.9348348901938,316.6896903880701,2.4280454053452134,-2.2891726467053384,-298.8727301230765,513.1120556186685,4.263371620244352,-2.586216529618399,-316.94775269629463,440.74592106002706,3.58719880422888,-2.476779309597798,-310.28853385353005,-132.60916064781512,-413.9348348901938,hourly_window_mean_factor_top_available_analogs,4.0,10972.400172368421,,10972.400172368421,0.0,166.2635694752614,-96.98708219389921,2.0583301145387323e-12,166.2635694752614,-96.98708219389921,2.0583301145387323e-12,298.8727301230765,316.94775269629463,310.28853385353005,177.99272220795865,1.373781931887011,316.6896903880701,2.4280454053452134,516.7918505365836,4.310618279933853,513.1120556186685,4.263371620244352,440.74592106002706,3.58719880422888,3.67979491791516,0.0472466596895007,-1.0542634734582024,-0.35857286304912606,298.8727301230765,316.94775269629463,310.28853385353005
experiment_2026_06_25_11_20,ERCOT_demand_NCENT,2025-11-28,Day after Thanksgiving,H2,L,best_matching_weekday,True,2025-11-28,3.0,True,True,6,False,2.0,8.0,6.0,pearson,PLS,standard,2.0,{},2025-11-27 10:00:00,2025-11-29,357.438893617914,2.8562443777289723,1370.565644,8.998,,14.0,24.0,4.0,4.0,6.0,4.0,0.05617542748319564,12030.465368747396,11847.502953877549,357.438893617914,2.8562443777289723,1.975775617742262,248.79540512102335,172.15592889585008,1.4041047402807636,-0.9857390368260232,-122.73353988142455,465.52062303911794,3.7033258329070953,3.7033258329070953,465.52062303911794,285.1547763625714,2.2947083505550885,-1.8149698096958535,-228.67939009834157,527.3223689989882,4.320544073240406,4.320544073240406,527.3223689989882,438.10272960662405,3.574183543830027,2.060091590053363,248.79540512102457,-122.73353988142455,465.52062303911794,hourly_window_mean_factor_top_available_analogs,4.0,11153.770143217105,,11153.770143217105,0.0,105.94585021691702,-61.80174595987023,-1.2445716971629545e-12,105.94585021691702,-61.80174595987023,-1.2445716971629545e-12,228.67939009834157,-527.3223689989882,-248.7954051210246,172.15592889585008,1.4041047402807636,285.1547763625714,2.2947083505550885,465.52062303911794,3.7033258329070953,527.3223689989882,4.320544073240406,438.10272960662405,3.574183543830027,-61.80174595987023,-0.6172182403333104,-0.8906036102743249,-0.7179391661010546,228.67939009834157,527.3223689989882,248.7954051210246
experiment_2026_06_25_11_20,ERCOT_demand_NCENT,2025-12-24,Christmas Eve,H1,I,best_matching_weekday,True,2025-12-24,3.0,True,True,6,False,2.0,8.0,6.0,pearson,PLS,standard,2.0,{},2025-12-23 10:00:00,2025-12-25,495.43815952036056,3.788305069281438,862.647222,6.437,,14.0,24.0,4.0,4.0,6.0,4.0,0.09282063565373444,13208.56451261096,12822.420597471495,495.43815952036056,3.788305069281438,0.47128059442726405,114.79946302062025,591.4415111499637,4.077201933837765,4.077201933837765,591.4415111499637,439.43620440309206,3.619781898290247,-1.6321735202288616,-163.24173172149676,516.8259509769844,3.5897296117589463,3.5897296117589463,516.8259509769844,551.1327797112007,4.576668428876267,-0.8465084045089822,-119.71598828726026,538.4934217564894,4.213059390990938,0.7878950751686756,114.79946302061934,591.4415111499637,-163.24173172149676,hourly_window_mean_factor_top_available_analogs,4.0,11838.430293105263,,11838.430293105263,0.0,74.61556017297933,-43.525743434236496,9.094947017729282e-13,74.61556017297933,-43.525743434236496,9.094947017729282e-13,-516.8259509769844,119.71598828726027,-114.79946302061934,591.4415111499637,4.077201933837765,516.8259509769844,3.5897296117589463,439.43620440309206,3.619781898290247,551.1327797112007,4.576668428876267,538.4934217564894,4.213059390990938,-111.6965753081086,-0.9568865305860195,0.48747232207881863,-0.42475432170949956,516.8259509769844,119.71598828726027,114.79946302061934
experiment_2026_06_25_11_20,ERCOT_demand_NCENT,2025-12-25,Christmas Day,H2,I,best_matching_weekday,True,2025-12-25,3.0,True,True,7,False,2.0,9.0,7.0,pearson,PLS,standard,2.0,{},2025-12-24 10:00:00,2025-12-26,651.1767022793678,5.332570709437391,471.925242,3.71,,14.0,24.0,4.0,4.0,7.0,4.0,0.11116112232231194,13124.127696139441,12765.072309104202,651.1767022793678,5.332570709437391,-4.929563422338167,-592.4458902447052,157.47464165107976,1.1464336554273977,-0.0525567333009318,1.937562443004546,939.1695709792025,7.77448399094322,-7.77448399094322,-939.1695709792025,182.7064203559373,1.3576345835350037,-1.1683274189018473,-154.8741925846572,909.3144406661335,7.2308958563169385,-6.656000517533495,-847.6960472130659,641.6167489729033,5.067062755818331,-4.634226218037624,-592.4458902447049,1.937562443004546,-939.1695709792025,hourly_window_mean_factor_top_available_analogs,4.0,13182.906775598683,,13182.906775598683,0.0,156.81175502766175,-91.47352376613655,-3.3507699539002617e-13,156.81175502766175,-91.47352376613655,-3.3507699539002617e-13,154.8741925846572,847.696047213066,592.4458902447049,157.47464165107976,1.1464336554273977,182.7064203559373,1.3576345835350037,939.1695709792025,7.77448399094322,909.3144406661335,7.2308958563169385,641.6167489729033,5.067062755818331,29.855130313069026,0.5435881346262814,-0.21120092810760593,0.26550795361905966,154.8741925846572,847.696047213066,592.4458902447049
experiment_2026_06_25_11_20,ERCOT_demand_NCENT,2026-01-01,New Year's Day,H2,H,best_matching_weekday,True,2026-01-01,3.0,True,True,7,False,2.0,9.0,7.0,pearson,PLS,standard,2.0,{},2025-12-31 10:00:00,2026-01-02,1536.5130203382712,12.287904034137894,553.553555,4.371,,14.0,24.0,4.0,4.0,7.0,4.0,0.05827865364428426,14155.225273127744,14222.22000725705,1536.5130203382712,12.287904034137894,-12.287904034137894,-1536.5130203382712,790.2621321203596,5.90348276350274,-5.90348276350274,-790.2621321203596,1971.8260384653865,16.01214977534173,-16.01214977534173,-1971.8260384653865,739.9119430043904,5.623041704083826,-5.623041704083826,-739.9119430043904,2001.1969821163668,16.283639174124175,-16.283639174124175,-2001.1969821163668,1536.5130203382705,12.356050632530364,-12.356050632530364,-1536.5130203382705,-790.2621321203596,-1971.8260384653865,hourly_window_mean_factor_top_available_analogs,4.0,12804.730463296051,,12804.730463296051,0.0,-50.35018911596918,29.370943650980582,-9.094947017729282e-13,-50.35018911596918,29.370943650980582,-9.094947017729282e-13,739.9119430043904,2001.196982116367,1536.5130203382703,790.2621321203596,5.90348276350274,739.9119430043904,5.623041704083826,1971.8260384653865,16.01214977534173,2001.1969821163668,16.283639174124175,1536.5130203382705,12.356050632530364,-29.37094365098028,-0.27148939878244605,0.28044105941891395,-0.06814659839247028,739.9119430043904,2001.196982116367,1536.5130203382703
experiment_2026_06_25_11_20,ERCOT_demand_NCENT,2026-01-19,Martin Luther King Jr. Day,H2,H,best_matching_weekday,True,2026-01-19,3.0,True,True,18,False,2.0,24.0,18.0,pearson,PLS,standard,2.0,{},2026-01-18 10:00:00,2026-01-20,2040.9275811311718,13.878880400618426,1026.394525,8.128,,14.0,24.0,4.0,4.0,18.0,4.0,0.07052285468065585,17502.711863642602,17232.32435343311,2040.9275811311718,13.878880400618426,-13.86695863172628,-2038.77477253734,3017.3985506445947,21.088825556770576,-21.088825556770576,-3017.3985506445947,1471.319515581675,9.673079059529668,-9.65420292545044,-1467.910901974775,1856.8723425615026,12.837065356553628,-12.837065356553628,-1856.8723425615026,2144.884523356577,13.707059998415401,-13.707059998415401,-2144.884523356577,2038.7747725373392,13.386535656676854,-13.386535656676854,-2038.7747725373392,-3017.3985506445947,-1467.910901974775,hourly_window_mean_factor_top_available_analogs,4.0,15244.960186078946,,15244.960186078946,0.0,-1160.5262080830921,676.9736213818021,-1.0530991283686538e-12,-1160.5262080830921,676.9736213818021,-1.0530991283686538e-12,1856.8723425615026,2144.884523356577,2038.7747725373388,3017.3985506445947,21.088825556770576,1856.8723425615026,12.837065356553628,1471.319515581675,9.673079059529668,2144.884523356577,13.707059998415401,2038.7747725373392,13.386535656676854,-673.5650077749021,-4.033980938885733,8.251760200216948,0.49234474394157246,1856.8723425615026,2144.884523356577,2038.7747725373388
experiment_2026_06_25_11_20,ERCOT_demand_NCENT,2026-02-16,Presidents' Day,H2,F,best_matching_weekday,True,2026-02-16,3.0,True,True,18,False,2.0,24.0,18.0,pearson,PLS,standard,2.0,{},2026-02-15 10:00:00,2026-02-17,803.6628811500494,5.887260125952503,1535.58204,11.502,,14.0,24.0,4.0,4.0,18.0,4.0,0.0664237166530199,12454.367121985004,12200.718713672482,803.6628811500494,5.887260125952503,5.298249094460067,729.5172760149944,208.54129520296192,1.6141848915259047,0.015440663189289858,7.2889384078126955,1150.8171396191835,8.379887346034684,8.379887346034684,1150.8171396191835,315.7227063164837,2.488655295094869,-1.7449255776383483,-220.13429185535136,1283.480690606032,9.577347828401647,9.577347828401647,1283.480690606032,926.9382753414615,6.965724263499149,5.405983941965859,729.5172760149959,7.2889384078126955,1150.8171396191835,hourly_window_mean_factor_top_available_analogs,4.0,12031.072368342106,,12031.072368342106,0.0,227.42323026316404,-132.66355098684843,-1.723253119148706e-12,227.42323026316404,-132.66355098684843,-1.723253119148706e-12,220.13429185535134,-1283.4806906060319,-729.5172760149961,208.54129520296192,1.6141848915259047,315.7227063164837,2.488655295094869,1150.8171396191835,8.379887346034684,1283.480690606032,9.577347828401647,926.9382753414615,6.965724263499149,-132.66355098684858,-1.1974604823669637,-0.8744704035689643,-1.0784641375466464,220.13429185535134,1283.4806906060319,729.5172760149961
experiment_2026_06_25_11_20,ERCOT_demand_NCENT,2026-03-02,Texas Independence Day,H2,F,best_matching_weekday,True,2026-03-02,3.0,True,True,18,False,2.0,24.0,18.0,pearson,PLS,standard,2.0,{},2026-03-01 10:00:00,2026-03-03,964.6405252941862,6.712175398170892,1498.488754,10.983,,14.0,24.0,4.0,4.0,18.0,4.0,0.1212167771310634,12595.949246024367,12305.099895028072,964.6405252941862,6.712175398170892,4.993830139385071,760.9012813177368,899.4956675920602,6.380797174709078,4.539167978556533,672.5981376962696,1002.6416922870927,6.90547936185695,5.259049733201715,812.4114484302594,532.6532562837546,3.8077746248184825,2.6759309705310605,380.0842818388242,1028.1519973058278,7.896028306443088,7.579887906351054,983.0445310137706,845.5998295608534,6.389829581634023,5.773166929996319,760.9012813177377,672.5981376962696,812.4114484302594,hourly_window_mean_factor_top_available_analogs,4.0,14639.716941907895,,14639.716941907895,0.0,292.5138558574454,-170.63308258351108,-8.137584173757779e-13,292.5138558574454,-170.63308258351108,-8.137584173757779e-13,-380.08428183882427,-983.0445310137704,-760.9012813177376,899.4956675920602,6.380797174709078,532.6532562837546,3.8077746248184825,1002.6416922870927,6.90547936185695,1028.1519973058278,7.896028306443088,845.5998295608534,6.389829581634023,-25.51030501873504,-0.9905489445861377,2.573022549890595,0.32234581653686867,380.08428183882427,983.0445310137704,760.9012813177376
experiment_2026_06_25_11_20,ERCOT_demand_NORTH,2025-01-01,New Year's Day,H2,H,best_matching_weekday,True,2025-01-01,3.0,True,True,8,False,2.0,10.0,8.0,pearson,PLS,standard,2.0,{},2024-12-31 10:00:00,2025-01-02,143.73544837312784,9.964899591335907,97.67678,7.014,,14.0,24.0,4.0,4.0,8.0,4.0,0.04229622610674872,1277.805987979717,1265.0787978696974,143.73544837312784,9.964899591335907,9.811739480332266,141.90571980975668,113.89513476024929,8.038354191004963,8.038354191004963,113.89513476024929,161.1422979806403,11.088717741528958,10.846214232439856,158.24522775530264,122.78545785592362,8.703275749454574,8.703275749454574,122.78545785592362,155.28665832875234,10.7265195139774,10.54006734807025,153.0592059494927,143.31253183876282,9.981113916521622,9.863354653843421,141.90571980975676,113.89513476024929,158.24522775530264,hourly_window_mean_factor_top_available_analogs,4.0,971.8351783289473,,971.8351783289473,0.0,-8.890323095674344,5.186021805809911,-7.778573107268465e-14,-8.890323095674344,5.186021805809911,-7.778573107268465e-14,-122.78545785592364,-153.05920594949274,-141.90571980975676,113.89513476024929,8.038354191004963,122.78545785592362,8.703275749454574,161.1422979806403,11.088717741528958,155.28665832875234,10.7265195139774,143.31253183876282,9.981113916521622,5.855639651887969,0.3621982275515574,-0.6649215584496115,-0.01621432518571453,122.78545785592364,153.05920594949274,141.90571980975676
experiment_2026_06_25_11_20,ERCOT_demand_NORTH,2025-01-20,Martin Luther King Jr. Day,H2,J,best_matching_weekday,True,2025-01-20,3.0,True,True,9,False,2.0,11.0,9.0,pearson,PLS,standard,2.0,{},2025-01-19 10:00:00,2025-01-21,154.71988886297785,7.785913968673651,101.556245,7.42,,14.0,24.0,4.0,4.0,9.0,4.0,0.05281992314834064,1823.7683068738643,1831.6014609833903,154.71988886297785,7.785913968673651,7.785913968673651,154.71988886297785,97.23123852818026,5.1035351384858725,5.1035351384858725,97.23123852818026,188.2549348916098,9.350634952949855,9.350634952949855,188.2549348916098,119.94817424296892,6.314904167216162,6.314904167216162,119.94817424296892,176.2976899588597,8.806606351414722,8.744847694099434,175.00338905798307,155.53734206353153,7.888610809867882,7.849605342089807,154.71988886297785,97.23123852818026,188.2549348916098,hourly_window_mean_factor_top_available_analogs,4.0,942.6177835065789,,942.6177835065789,0.0,-22.716935714788665,13.25154583362673,5.983517774821896e-15,-22.716935714788665,13.25154583362673,5.983517774821896e-15,-119.94817424296892,-175.00338905798307,-154.71988886297785,97.23123852818026,5.1035351384858725,119.94817424296892,6.314904167216162,188.2549348916098,9.350634952949855,176.2976899588597,8.806606351414722,155.53734206353153,7.888610809867882,11.957244932750086,0.5440286015351337,-1.2113690287302896,-0.10269684119423061,119.94817424296892,175.00338905798307,154.71988886297785
experiment_2026_06_25_11_20,ERCOT_demand_NORTH,2025-02-17,Presidents' Day,H2,F,best_matching_weekday,True,2025-02-17,3.0,True,True,9,False,2.0,11.0,9.0,pearson,PLS,standard,2.0,{},2025-02-16 10:00:00,2025-02-18,150.1850984480403,8.424834212558425,124.36443,7.869,,14.0,24.0,4.0,4.0,9.0,4.0,0.056631669578643226,1603.8871102624862,1577.7316727505943,150.1850984480403,8.424834212558425,8.424834212558425,150.1850984480403,87.27018850284288,4.987528166225908,4.987528166225908,87.27018850284288,186.88546258273877,10.429929406252391,10.429929406252391,186.88546258273877,79.86093443418143,4.6184342818264605,4.500432235192253,77.63320217054634,192.50703794324485,10.894803765020134,10.894803765020134,192.50703794324485,151.00584191358993,8.582457113317203,8.538982675083545,150.18509844804012,87.27018850284288,186.88546258273877,hourly_window_mean_factor_top_available_analogs,4.0,773.16763025,,773.16763025,0.0,9.636986332296553,-5.621575360506047,1.73522015469835e-13,9.636986332296553,-5.621575360506047,1.73522015469835e-13,-77.63320217054633,-192.50703794324482,-150.18509844804012,87.27018850284288,4.987528166225908,79.86093443418143,4.6184342818264605,186.88546258273877,10.429929406252391,192.50703794324485,10.894803765020134,151.00584191358993,8.582457113317203,-5.621575360506085,-0.46487435876774263,0.36909388439944735,-0.15762290075877772,77.63320217054633,192.50703794324482,150.18509844804012
experiment_2026_06_25_11_20,ERCOT_demand_NORTH,2025-03-02,Texas Independence Day,H2,K,best_matching_weekday,True,2025-03-02,3.0,True,True,9,False,2.0,12.0,9.0,pearson,PLS,standard,2.0,{},2025-03-01 10:00:00,2025-03-03,55.74445745787889,4.0374748848557065,149.227152,8.701,,14.0,24.0,4.0,4.0,9.0,4.0,0.04309447981603556,1344.4956816965125,1333.9695329210685,55.74445745787889,4.0374748848557065,3.0215195516538826,41.83444582980312,50.67197756826186,3.632717155656593,2.1759958945583646,31.114571974154565,58.70340406015546,4.273583560221857,3.5147416849596005,48.087705578931455,57.10476706123898,4.081466128136349,2.769890190448838,39.39153609737654,55.28705547577842,4.024045113548052,3.1680252247193947,43.25947650705223,55.95673869147443,4.045200224185845,3.0213438963039265,41.834445829803286,31.114571974154565,48.087705578931455,hourly_window_mean_factor_top_available_analogs,4.0,882.8365181644737,,882.8365181644737,0.0,-8.276964123221969,4.828229071879226,-1.615549799201912e-13,-8.276964123221969,4.828229071879226,-1.615549799201912e-13,-39.39153609737653,-43.25947650705223,-41.834445829803286,50.67197756826186,3.632717155656593,57.10476706123898,4.081466128136349,58.70340406015546,4.273583560221857,55.28705547577842,4.024045113548052,55.95673869147443,4.045200224185845,3.416348584377033,0.24953844667380487,-0.4487489724797564,-0.007725339330138858,39.39153609737653,43.25947650705223,41.834445829803286
experiment_2026_06_25_11_20,ERCOT_demand_NORTH,2025-04-21,San Jacinto Day,H2,F,best_matching_weekday,True,2025-04-21,3.0,True,True,10,False,2.0,13.0,10.0,pearson,PLS,standard,2.0,{},2025-04-20 10:00:00,2025-04-22,89.63711329355381,6.7342394306263875,120.58922,6.779,,14.0,24.0,4.0,4.0,10.0,4.0,0.08948299555196929,1317.080040037314,1292.9884401871145,89.63711329355381,6.7342394306263875,-0.17426306921875057,6.114912120580955,68.99166643090088,5.399618256183797,-5.064540858147098,-64.62245499479829,101.68029063010135,7.512768449051233,2.6783989743227856,47.37837627121885,102.43641458040523,7.968214154229086,-7.37278766333771,-94.67507539900988,72.35717434899955,5.330532563223328,4.686541873408784,64.90907150700876,83.43899969741217,6.302309991488608,0.24363099144954875,6.114912120580835,-64.62245499479829,47.37837627121885,hourly_window_mean_factor_top_available_analogs,4.0,1251.4422970526316,,1251.4422970526316,0.0,30.052620404211602,-17.53069523578991,1.1967035549643792e-13,30.052620404211602,-17.53069523578991,1.1967035549643792e-13,94.6750753990099,-64.90907150700876,-6.114912120580835,68.99166643090088,5.399618256183797,102.43641458040523,7.968214154229086,101.68029063010135,7.512768449051233,72.35717434899955,5.330532563223328,83.43899969741217,6.302309991488608,29.323116281101804,2.1822358858279047,-2.568595898045289,0.4319294391377797,94.6750753990099,64.90907150700876,6.114912120580835
experiment_2026_06_25_11_20,ERCOT_demand_NORTH,2025-05-26,Memorial Day,H2,J,best_matching_weekday,True,2025-05-26,3.0,True,True,10,False,2.0,13.0,10.0,pearson,PLS,standard,2.0,{},2025-05-25 10:00:00,2025-05-27,221.35035855825404,14.99486166659923,98.902508,6.426,,14.0,24.0,4.0,4.0,10.0,4.0,0.1207838024144278,1825.639605896181,1766.4399800538176,221.35035855825404,14.99486166659923,-13.495345865349481,-191.8252521856544,130.65189482088442,8.276354493697424,-5.358411514260375,-68.29443705451742,274.2577957383863,18.913990850791947,-18.24189090348479,-263.88489434548427,130.92611894421913,8.609909717263644,-8.08864150111482,-119.63576091850777,243.07320824047977,16.67844839594826,-16.04494372448815,-233.93578875815692,201.75585955238373,13.705828882748664,-13.113674484297974,-191.8252521856546,-68.29443705451742,-263.88489434548427,hourly_window_mean_factor_top_available_analogs,4.0,840.4246258421053,,840.4246258421053,0.0,51.34132386399035,-29.94910558732739,1.9745608656912259e-13,51.34132386399035,-29.94910558732739,1.9745608656912259e-13,119.63576091850777,233.9357887581569,191.8252521856546,130.65189482088442,8.276354493697424,130.92611894421913,8.609909717263644,274.2577957383863,18.913990850791947,243.07320824047977,16.67844839594826,201.75585955238373,13.705828882748664,31.184587497906506,2.2355424548436886,-0.33355522356622025,1.2890327838505655,119.63576091850777,233.9357887581569,191.8252521856546
experiment_2026_06_25_11_20,ERCOT_demand_NORTH,2025-06-19,Juneteenth National Independence Day,H2,F,best_matching_weekday,True,2025-06-19,3.0,True,True,10,False,2.0,13.0,10.0,pearson,PLS,standard,2.0,{},2025-06-18 10:00:00,2025-06-20,82.0466000873871,4.271013883364316,122.623705,8.617,,14.0,24.0,4.0,4.0,10.0,4.0,0.1319041958389625,1967.3015806448338,1910.416804548681,82.0466000873871,4.271013883364316,0.7478876254026395,24.42475103937654,109.67342490357706,6.183616893280075,-2.9878959700336742,-40.382464666810606,65.93095227794298,3.155328794246792,2.9270947227404895,62.22896020131904,115.95899890431276,6.564248902350238,-5.088841463584706,-87.5833012508637,96.98906227878307,5.370864126166443,5.051217888472292,89.76278154201697,103.97798629871505,5.810532201602578,1.3154065482407664,24.42475103937672,-40.382464666810606,62.22896020131904,hourly_window_mean_factor_top_available_analogs,4.0,1316.0339234539474,,1316.0339234539474,0.0,47.2008365840531,-27.533821340697926,-1.795055332446569e-13,47.2008365840531,-27.533821340697926,-1.795055332446569e-13,87.58330125086371,-89.76278154201697,-24.424751039376723,109.67342490357706,6.183616893280075,115.95899890431276,6.564248902350238,65.93095227794298,3.155328794246792,96.98906227878307,5.370864126166443,103.97798629871505,5.810532201602578,-31.058110000840088,-2.215535331919651,-0.3806320090701636,-1.5395183182382626,87.58330125086371,89.76278154201697,24.424751039376723
experiment_2026_06_25_11_20,ERCOT_demand_NORTH,2025-07-04,Independence Day,H2,I,best_matching_weekday,True,2025-07-04,3.0,True,True,9,False,2.0,12.0,9.0,pearson,PLS,standard,2.0,{},2025-07-03 10:00:00,2025-07-05,125.46138252920733,7.610152148368747,128.784134,8.473,,14.0,24.0,4.0,4.0,9.0,4.0,0.13697219123989798,1912.587194813088,1851.4565897057512,125.46138252920733,7.610152148368747,-6.1424482931962405,-94.7641275236142,244.64453933487675,15.44515782361268,-15.235480246808327,-240.6914290685224,55.93787439256692,3.0397321711431218,-0.8381796535891916,-9.639868289084452,366.38094045167657,22.741601250756926,-21.339826601260192,-340.1890866415917,95.18559270033734,5.490981667498715,3.2275311748421287,48.40043196187258,195.0996681876728,11.846473092909635,-5.8236006374060985,-94.7641275236143,-240.6914290685224,-9.639868289084452,hourly_window_mean_factor_top_available_analogs,4.0,1008.2827654276316,,1008.2827654276316,0.0,99.4976575730694,-58.040300250957024,7.778573107268465e-14,99.4976575730694,-58.040300250957024,7.778573107268465e-14,340.1890866415918,-48.40043196187257,94.76412752361428,244.64453933487675,15.44515782361268,366.38094045167657,22.741601250756926,55.93787439256692,3.0397321711431218,95.18559270033734,5.490981667498715,195.0996681876728,11.846473092909635,-39.24771830777042,-2.451249496355593,-7.296443427144245,-4.236320944540888,340.1890866415918,48.40043196187257,94.76412752361428
experiment_2026_06_25_11_20,ERCOT_demand_NORTH,2025-08-27,Lyndon B. Johnson Day,H2,L,best_matching_weekday,True,2025-08-27,,False,False,0,True,,,,,,,,{},,,,,,,No historical special days share analog cluster 'L' before target_date=2025-08-27.,,,,,,,,,,,,,,,,,,,,,,,,,,,,,,,,,,,,,,,,,,,,,,,,,,,,,,,,,,,,,,,,,,,
experiment_2026_06_25_11_20,ERCOT_demand_NORTH,2025-09-01,Labor Day,H2,I,best_matching_weekday,True,2025-09-01,3.0,True,True,9,False,2.0,12.0,9.0,pearson,PLS,standard,2.0,{},2025-08-31 10:00:00,2025-09-02,211.13770000958868,10.633184716493185,140.912246,8.78,,14.0,24.0,4.0,4.0,9.0,4.0,0.10273831659611932,1739.8307857009377,1682.6418486669972,211.13770000958868,10.633184716493185,10.633184716493185,211.13770000958868,166.36361188373596,8.13913661493123,8.13913661493123,166.36361188373596,237.2559180830028,12.088046109070994,12.088046109070994,237.2559180830028,51.82160243623283,2.583130647546362,2.0022771468128218,40.75177738420022,310.5294882077319,15.97542206758686,15.97542206758686,310.5294882077319,215.21605660770595,11.041419965466677,10.827421307301686,211.13770000958866,166.36361188373596,237.2559180830028,hourly_window_mean_factor_top_available_analogs,4.0,1246.3971313289474,,1246.3971313289474,0.0,125.61183449953576,-73.27357012472912,4.786814219857517e-14,125.61183449953576,-73.27357012472912,4.786814219857517e-14,-40.751777384200196,-310.5294882077319,-211.13770000958863,166.36361188373596,8.13913661493123,51.82160243623283,2.583130647546362,237.2559180830028,12.088046109070994,310.5294882077319,15.97542206758686,215.21605660770595,11.041419965466677,-73.2735701247291,-3.8873759585158663,5.556005967384868,-0.40823524897349195,40.751777384200196,310.5294882077319,211.13770000958863
experiment_2026_06_25_11_20,ERCOT_demand_NORTH,2025-11-11,Veterans Day,H2,,best_matching_weekday,True,2025-11-11,,False,False,0,True,,,,,,,,{},,,,,,,No selector analog cluster was found for target_date=2025-11-11.,,,,,,,,,,,,,,,,,,,,,,,,,,,,,,,,,,,,,,,,,,,,,,,,,,,,,,,,,,,,,,,,,,,
experiment_2026_06_25_11_20,ERCOT_demand_NORTH,2025-11-27,Thanksgiving Day,H1,K,best_matching_weekday,True,2025-11-27,3.0,True,True,9,False,2.0,12.0,9.0,pearson,PLS,standard,2.0,{},2025-11-26 10:00:00,2025-11-28,45.372600697751,2.7072800292045214,139.742143,7.514,,14.0,24.0,4.0,4.0,9.0,4.0,0.060106016788449464,1630.8659210843193,1610.4534252018711,45.372600697751,2.7072800292045214,2.3610709010908693,39.89025754725956,39.92794118862643,2.336154307441742,2.336154307441742,39.92794118862643,48.548652078073665,2.923770033566143,2.375605580719528,39.868275423128885,20.641847767288805,1.1958566074015748,-0.37290484345984265,-6.935438794346672,68.39546604486476,4.2328860644789295,4.165965280292643,67.20524707986334,50.802027732073626,3.113980475029378,2.4937499715417273,39.89025754725965,39.92794118862643,39.868275423128885,hourly_window_mean_factor_top_available_analogs,4.0,771.3373486184212,,771.3373486184212,0.0,46.86337998297309,-27.33697165673446,-9.573628439715034e-14,46.86337998297309,-27.33697165673446,-9.573628439715034e-14,6.935438794346666,-67.20524707986334,-39.89025754725965,39.92794118862643,2.336154307441742,20.641847767288805,1.1958566074015748,48.548652078073665,2.923770033566143,68.39546604486476,4.2328860644789295,50.802027732073626,3.113980475029378,-19.846813966791096,-1.3091160309127865,1.140297700040167,-0.4067004458248564,6.935438794346666,67.20524707986334,39.89025754725965
experiment_2026_06_25_11_20,ERCOT_demand_NORTH,2025-11-28,Day after Thanksgiving,H2,H,best_matching_weekday,True,2025-11-28,3.0,True,True,9,False,2.0,12.0,9.0,pearson,PLS,standard,2.0,{},2025-11-27 10:00:00,2025-11-29,23.891892283706433,1.4605622133709413,127.323894,6.984,,14.0,24.0,4.0,4.0,9.0,4.0,0.041232817804594854,1626.398244798753,1614.5352591357398,23.891892283706433,1.4605622133709413,0.5433055908115109,9.380405806510089,18.170928885654558,1.1433679828979912,-1.016842706017959,-16.03159636391893,27.229120932570027,1.645592181146829,1.4533920972953682,24.204073739260348,48.49052212745807,2.907780108268235,-2.6141998429332847,-43.77461618275015,49.03547974850707,3.004524441116775,2.4919898235266165,40.387501966912026,48.834705888120595,2.968881792172577,0.6107620516729687,9.380405806510172,-16.03159636391893,24.204073739260348,hourly_window_mean_factor_top_available_analogs,4.0,810.8134421842104,,810.8134421842104,0.0,27.743019818831222,-16.183428227651678,-8.376924884750654e-14,27.743019818831222,-16.183428227651678,-8.376924884750654e-14,43.77461618275015,-40.387501966912026,-9.380405806510172,18.170928885654558,1.1433679828979912,48.49052212745807,2.907780108268235,27.229120932570027,1.645592181146829,49.03547974850707,3.004524441116775,48.834705888120595,2.968881792172577,-21.806358815937045,-1.358932259969946,-1.7644121253702438,-1.5083195788016357,43.77461618275015,40.387501966912026,9.380405806510172
experiment_2026_06_25_11_20,ERCOT_demand_NORTH,2025-12-24,Christmas Eve,H1,J,best_matching_weekday,True,2025-12-24,3.0,True,True,10,False,2.0,13.0,10.0,pearson,PLS,standard,2.0,{},2025-12-23 10:00:00,2025-12-25,79.04921591491528,4.781480468173993,95.03251,5.017,,14.0,24.0,4.0,4.0,10.0,4.0,0.06785024058372265,1505.2518345759286,1491.2499639194793,79.04921591491528,4.781480468173993,4.554380319145656,75.50424397670312,159.0856745844442,9.355403834732261,9.355403834732261,159.0856745844442,32.3612816910234,2.1133585043483376,1.7537832683868047,26.748409455520846,167.290950519673,9.864670130379322,9.864670130379322,167.290950519673,87.09569056575371,5.828101599868254,1.6672527448364038,21.961998493303877,116.64131265403974,7.315258426898647,4.687353886878532,75.504243976703,159.0856745844442,26.748409455520846,hourly_window_mean_factor_top_available_analogs,4.0,919.9390638289474,,919.9390638289474,0.0,-8.205275935228753,4.786410962216972,1.2565387327125983e-13,-8.205275935228753,4.786410962216972,1.2565387327125983e-13,-167.29095051967295,-21.961998493303874,-75.504243976703,159.0856745844442,9.355403834732261,167.290950519673,9.864670130379322,32.3612816910234,2.1133585043483376,87.09569056575371,5.828101599868254,116.64131265403974,7.315258426898647,-54.73440887473031,-3.7147430955199163,-0.5092662956470608,-2.533777958724654,167.29095051967295,21.961998493303874,75.504243976703
experiment_2026_06_25_11_20,ERCOT_demand_NORTH,2025-12-25,Christmas Day,H2,J,best_matching_weekday,True,2025-12-25,3.0,True,True,10,False,2.0,13.0,10.0,pearson,PLS,standard,2.0,{},2025-12-24 10:00:00,2025-12-26,48.89327737946302,3.1539353821703404,50.06152,3.019,,14.0,24.0,4.0,4.0,10.0,4.0,0.1003505088491333,1559.2502482674558,1521.9011647530021,48.89327737946302,3.1539353821703404,-3.1050250528711287,-48.1946676095611,55.62689039079164,3.517295923087898,-3.508131590126247,-55.48358814937668,44.965336456188,2.941975066635098,-2.8698795728056425,-43.94279729466868,82.8364468244877,5.246897356686231,-4.981645055806916,-78.77506875049228,118.88100048398498,8.0051382886909,-1.610838001119946,-30.35610027735125,105.60142808311758,6.988944261110231,-2.8527142844256717,-48.1946676095611,-55.48358814937668,-43.94279729466868,hourly_window_mean_factor_top_available_analogs,4.0,867.7613406381579,,867.7613406381579,0.0,23.29148060111559,-13.586697017317428,0.0,23.29148060111559,-13.586697017317428,0.0,78.77506875049227,30.356100277351253,48.1946676095611,55.62689039079164,3.517295923087898,82.8364468244877,5.246897356686231,44.965336456188,2.941975066635098,118.88100048398498,8.0051382886909,105.60142808311758,6.988944261110231,-73.91566402779698,-5.063163222055801,-1.7296014335983334,-3.835008878939891,78.77506875049227,30.356100277351253,48.1946676095611
experiment_2026_06_25_11_20,ERCOT_demand_NORTH,2026-01-01,New Year's Day,H2,F,best_matching_weekday,True,2026-01-01,3.0,True,True,10,False,2.0,13.0,10.0,pearson,PLS,standard,2.0,{},2025-12-31 10:00:00,2026-01-02,125.95993406111738,7.78696797175953,50.302754,3.114,,14.0,24.0,4.0,4.0,10.0,4.0,0.04993257273890664,1754.5301121137488,1734.8589804828207,125.95993406111738,7.78696797175953,-7.78696797175953,-125.95993406111738,108.17293940962577,6.49723413330836,-6.49723413330836,-108.17293940962577,136.33568094115415,8.539312710856048,-8.539312710856048,-136.33568094115415,101.94017879821482,6.049209448657615,-6.049209448657615,-101.94017879821482,139.9714579644769,8.700200746390786,-8.700200746390786,-139.9714579644769,125.95993406111718,7.723519741962777,-7.723519741962777,-125.95993406111718,-108.17293940962577,-136.33568094115415,hourly_window_mean_factor_top_available_analogs,4.0,787.3408414868421,,787.3408414868421,0.0,-6.232760611410948,3.635777023322779,-1.73522015469835e-13,-6.232760611410948,3.635777023322779,-1.73522015469835e-13,101.94017879821482,139.97145796447694,125.95993406111721,108.17293940962577,6.49723413330836,101.94017879821482,6.049209448657615,136.33568094115415,8.539312710856048,139.9714579644769,8.700200746390786,125.95993406111718,7.723519741962777,-3.6357770233227598,-0.16088803553473774,0.4480246846507443,0.06344822979675335,101.94017879821482,139.97145796447694,125.95993406111721
experiment_2026_06_25_11_20,ERCOT_demand_NORTH,2026-01-19,Martin Luther King Jr. Day,H2,J,best_matching_weekday,True,2026-01-19,3.0,True,True,16,False,2.0,22.0,16.0,pearson,PLS,standard,2.0,{},2026-01-18 10:00:00,2026-01-20,102.37773390549532,5.511113414229351,90.821406,5.653,,14.0,24.0,4.0,4.0,16.0,4.0,0.05602400193624877,1958.5932561392153,1970.8621292882772,102.37773390549532,5.511113414229351,-4.021428540098275,-71.2879943497418,92.6119988122523,5.111818486426111,-5.111818486426111,-92.6119988122523,108.07441270988706,5.744035455447907,-3.385367738073704,-58.84899174661067,80.09072798242968,4.352352689575844,-2.5736334405862293,-47.90912115895537,153.5750243908707,8.084979329436928,-4.735523358765444,-84.92567037770027,126.50186255618193,6.709801093698635,-3.9390375994362583,-71.28799434974161,-92.6119988122523,-58.84899174661067,hourly_window_mean_factor_top_available_analogs,4.0,1146.4704159473683,,1146.4704159473683,0.0,-44.70287765329692,26.076678631089596,-1.73522015469835e-13,-44.70287765329692,26.076678631089596,-1.73522015469835e-13,47.90912115895537,84.92567037770027,71.28799434974162,92.6119988122523,5.111818486426111,80.09072798242968,4.352352689575844,108.07441270988706,5.744035455447907,153.5750243908707,8.084979329436928,126.50186255618193,6.709801093698635,-45.50061168098365,-2.340943873989021,0.7594657968502672,-1.198687679469284,47.90912115895537,84.92567037770027,71.28799434974162
experiment_2026_06_25_11_20,ERCOT_demand_NORTH,2026-02-16,Presidents' Day,H2,K,best_matching_weekday,True,2026-02-16,3.0,True,True,11,False,2.0,15.0,11.0,pearson,PLS,standard,2.0,{},2026-02-15 10:00:00,2026-02-17,131.2713041579167,8.02694226802225,92.953513,5.524,,14.0,24.0,4.0,4.0,11.0,4.0,0.041569359300946664,1493.5921438420835,1481.3435332205372,131.2713041579167,8.02694226802225,8.02694226802225,131.2713041579167,121.94904687812327,7.420732552103596,7.420732552103596,121.94904687812327,136.7092875711295,8.380564602308134,8.380564602308134,136.7092875711295,113.24711704419123,6.895653468235969,6.895653468235969,113.24711704419123,141.78541330758964,8.755657689515484,8.755657689515484,141.78541330758964,131.2713041579165,8.070392976412503,8.070392976412503,131.2713041579165,121.94904687812327,136.7092875711295,hourly_window_mean_factor_top_available_analogs,4.0,914.4768026578947,,914.4768026578947,0.0,8.701929833932045,-5.076125736460152,1.3163739104608172e-13,8.701929833932045,-5.076125736460152,1.3163739104608172e-13,-113.24711704419123,-141.78541330758964,-131.27130415791655,121.94904687812327,7.420732552103596,113.24711704419123,6.895653468235969,136.7092875711295,8.380564602308134,141.78541330758964,8.755657689515484,131.2713041579165,8.070392976412503,-5.076125736460142,-0.37509308720735035,0.5250790838676265,-0.04345070839025311,113.24711704419123,141.78541330758964,131.27130415791655
experiment_2026_06_25_11_20,ERCOT_demand_NORTH,2026-03-02,Texas Independence Day,H2,G,best_matching_weekday,True,2026-03-02,3.0,True,True,6,False,2.0,8.0,6.0,pearson,PLS,standard,2.0,{},2026-03-01 10:00:00,2026-03-03,89.56473817656979,5.3268937442555915,123.691493,7.368,,14.0,24.0,4.0,4.0,6.0,4.0,0.04262598366290711,1537.1079428648525,1538.0821347141664,89.56473817656979,5.3268937442555915,4.788639717816847,80.92077639830552,145.9846450911146,8.463490965381142,8.463490965381142,145.9846450911146,56.65312580975197,3.4972120319323525,2.644976490071008,42.966852994166906,160.8767239541642,9.355399139914852,9.355399139914852,160.8767239541642,65.1297172606284,4.055312161885285,2.1506274211012273,34.279806990721056,100.40493025298372,6.007975785369862,4.805017001716772,80.92077639830538,145.9846450911146,42.966852994166906,hourly_window_mean_factor_top_available_analogs,4.0,797.5934181776316,,797.5934181776316,0.0,-14.892078863049603,8.687046003445849,1.555714621453693e-13,-14.892078863049603,8.687046003445849,1.555714621453693e-13,-160.8767239541642,-34.279806990721056,-80.92077639830536,145.9846450911146,8.463490965381142,160.8767239541642,9.355399139914852,56.65312580975197,3.4972120319323525,65.1297172606284,4.055312161885285,100.40493025298372,6.007975785369862,-8.476591450876427,-0.5581001299529329,-0.8919081745337092,-0.6810820411142702,160.8767239541642,34.279806990721056,80.92077639830536
experiment_2026_06_25_11_20,ERCOT_demand_SCENT,2025-01-01,New Year's Day,H2,I,best_matching_weekday,True,2025-01-01,3.0,True,True,5,False,2.0,6.0,5.0,pearson,PLS,standard,2.0,{},2024-12-31 10:00:00,2025-01-02,407.9295825197159,6.042399438839973,358.634077,5.341,,14.0,24.0,4.0,4.0,5.0,4.0,0.1036607932874503,6501.788292362043,6390.015907087652,407.9295825197159,6.042399438839973,4.919191583670376,332.49862645374543,211.17457388185525,3.017277034529516,3.017277034529516,211.17457388185525,522.7033375584679,7.807054174687738,6.028641737335877,403.27099045401474,145.04271261518574,2.1265003512849514,0.9196077038442295,63.58409390420612,737.7245530770678,11.06040868370068,7.417067443004167,489.3654371076455,519.3680855384798,7.768968771758044,5.023266486471559,332.49862645374674,211.17457388185525,403.27099045401474,hourly_window_mean_factor_top_available_analogs,4.0,7138.5826047499995,,7138.5826047499995,0.0,147.59047997764915,-86.09444665363075,-1.3163739104608172e-12,147.59047997764915,-86.09444665363075,-1.3163739104608172e-12,-63.5840939042061,-489.3654371076455,-332.49862645374674,211.17457388185525,3.017277034529516,145.04271261518574,2.1265003512849514,522.7033375584679,7.807054174687738,737.7245530770678,11.06040868370068,519.3680855384798,7.768968771758044,-215.0212155185999,-3.2533545090129428,0.8907766832445647,-1.7265693329180714,63.5840939042061,489.3654371076455,332.49862645374674
experiment_2026_06_25_11_20,ERCOT_demand_SCENT,2025-01-20,Martin Luther King Jr. Day,H2,J,best_matching_weekday,True,2025-01-20,3.0,True,True,5,False,2.0,6.0,5.0,pearson,PLS,standard,2.0,{},2025-01-19 10:00:00,2025-01-21,1609.056092689944,13.377197278850417,286.475639,4.287,,14.0,24.0,4.0,4.0,5.0,4.0,0.06583364865870592,10104.879695994265,10389.250560194074,1609.056092689944,13.377197278850417,13.377197278850417,1609.056092689944,778.615201562547,7.477051564904543,7.477051564904543,778.615201562547,2093.4799458475923,16.818948945318844,16.818948945318844,2093.4799458475923,653.3065039910342,6.131440049481197,6.131440049481197,653.3065039910342,2166.5766860976446,17.330085798031188,17.330085798031188,2166.5766860976446,1609.0560926899461,13.204268943302244,13.204268943302244,1609.0560926899461,778.615201562547,2093.4799458475923,hourly_window_mean_factor_top_available_analogs,4.0,8289.817982401315,,8289.817982401315,0.0,125.30869757151284,-73.0967402500524,-2.0583301145387323e-12,125.30869757151284,-73.0967402500524,-2.0583301145387323e-12,-653.3065039910341,-2166.5766860976446,-1609.0560926899461,778.615201562547,7.477051564904543,653.3065039910342,6.131440049481197,2093.4799458475923,16.818948945318844,2166.5766860976446,17.330085798031188,1609.0560926899461,13.204268943302244,-73.09674025005233,-0.5111368527123439,1.3456115154233457,0.172928335548173,653.3065039910341,2166.5766860976446,1609.0560926899461
experiment_2026_06_25_11_20,ERCOT_demand_SCENT,2025-02-17,Presidents' Day,H2,F,best_matching_weekday,True,2025-02-17,3.0,True,True,5,False,2.0,6.0,5.0,pearson,PLS,standard,2.0,{},2025-02-16 10:00:00,2025-02-18,1294.1657741074125,14.686254366558856,744.781718,7.555,,14.0,24.0,4.0,4.0,5.0,4.0,0.0711932613935801,7028.366037649372,6760.969290564477,1294.1657741074125,14.686254366558856,14.223745603021763,1261.0254785348384,606.2156616877941,7.235687766015295,5.980306836414618,516.2634308479502,1695.4700063521898,19.032418216875936,19.032418216875936,1695.4700063521898,577.8386548705662,6.996130022501019,4.005465792844878,361.7922386893848,1785.5782017780202,20.14327528036706,20.14327528036706,1785.5782017780202,1340.6215266015897,15.299590185363783,14.197766521806258,1261.0254785348386,516.2634308479502,1695.4700063521898,hourly_window_mean_factor_top_available_analogs,4.0,6086.760087006579,,6086.760087006579,0.0,154.47119215856532,-90.10819542583017,-2.6327478209216345e-13,154.47119215856532,-90.10819542583017,-2.6327478209216345e-13,-361.7922386893849,-1785.57820177802,-1261.0254785348386,606.2156616877941,7.235687766015295,577.8386548705662,6.996130022501019,1695.4700063521898,19.032418216875936,1785.5782017780202,20.14327528036706,1340.6215266015897,15.299590185363783,-90.10819542583044,-1.1108570634911246,0.2395577435142764,-0.6133358188049272,361.7922386893849,1785.57820177802,1261.0254785348386
experiment_2026_06_25_11_20,ERCOT_demand_SCENT,2025-03-02,Texas Independence Day,H2,G,best_matching_weekday,True,2025-03-02,3.0,True,True,5,False,2.0,6.0,5.0,pearson,PLS,standard,2.0,{},2025-03-01 10:00:00,2025-03-03,399.6675371815354,5.8380398198504855,1103.71715,11.369,,14.0,24.0,4.0,4.0,5.0,4.0,0.07810443505237509,6989.962994351596,6871.7968748149,399.6675371815354,5.8380398198504855,-0.7438119234731296,-0.7551065884370617,326.5205841068177,4.409876867684977,1.33461208715623,123.98247394264088,442.3365931417875,6.671134875280366,-1.9562259296735895,-73.51869523156586,320.8265540327649,4.468298790766807,-0.6356458465608893,-20.622440828961253,515.0206442291864,7.88117089151156,-0.43118859171142776,10.834171718534094,443.4754531041889,6.62379695965823,-0.5065149487612296,-0.7551065884378755,123.98247394264088,-73.51869523156586,hourly_window_mean_factor_top_available_analogs,4.0,5459.235564585526,,5459.235564585526,0.0,144.60491477160213,-84.35286695009995,8.137584173757779e-13,144.60491477160213,-84.35286695009995,8.137584173757779e-13,20.622440828961246,-10.834171718534094,0.7551065884378755,326.5205841068177,4.409876867684977,320.8265540327649,4.468298790766807,442.3365931417875,6.671134875280366,515.0206442291864,7.88117089151156,443.4754531041889,6.62379695965823,-72.68405108739887,-1.2100360162311938,-0.058421923081829696,-0.7857571398077443,20.622440828961246,10.834171718534094,0.7551065884378755
experiment_2026_06_25_11_20,ERCOT_demand_SCENT,2025-04-21,San Jacinto Day,H2,H,best_matching_weekday,True,2025-04-21,3.0,True,True,5,False,2.0,6.0,5.0,pearson,PLS,standard,2.0,{},2025-04-20 10:00:00,2025-04-22,555.6376684123087,7.27316450200959,1100.963135,11.3,,14.0,24.0,4.0,4.0,5.0,4.0,0.13672055273666872,8079.504213288875,7845.665815859709,555.6376684123087,7.27316450200959,-2.8196909259044403,-119.9356821046666,309.2176784311364,3.8724557361527516,-3.0051258517380086,-230.46941045316524,699.3826625679925,9.256911282092743,-2.7115205525015256,-55.45767390137572,446.11831355127526,5.359453917248239,-5.3183120295587765,-443.28140078565053,482.46404158000513,6.012993902895482,-0.1284412349138502,68.68265379257782,469.07351020099935,5.7722160134464975,-2.040498896098824,-119.93568210466422,-230.46941045316524,-55.45767390137572,hourly_window_mean_factor_top_available_analogs,4.0,8704.289315671052,,8704.289315671052,0.0,212.8119903324853,-124.14032769395355,-2.3934071099287587e-12,212.8119903324853,-124.14032769395355,-2.3934071099287587e-12,443.28140078565053,-68.68265379257784,119.93568210466421,309.2176784311364,3.8724557361527516,446.11831355127526,5.359453917248239,699.3826625679925,9.256911282092743,482.46404158000513,6.012993902895482,469.07351020099935,5.7722160134464975,216.91862098798737,3.243917379197261,-1.4869981810954878,1.5009484885630924,443.28140078565053,68.68265379257784,119.93568210466421
experiment_2026_06_25_11_20,ERCOT_demand_SCENT,2025-05-26,Memorial Day,H2,I,best_matching_weekday,True,2025-05-26,3.0,True,True,11,False,2.0,15.0,11.0,pearson,PLS,standard,2.0,{},2025-05-25 10:00:00,2025-05-27,481.74427750434916,4.7445493259291425,697.115532,8.603,,14.0,24.0,4.0,4.0,11.0,4.0,0.14794998195515702,10800.12052534838,10307.489208430952,481.74427750434916,4.7445493259291425,-2.369432834827773,-250.5349570325885,151.76386020813464,1.3262364927472097,0.35185581311648206,54.14332100746521,674.2328542604743,6.73856514528527,-3.956851212795254,-428.26395255595315,71.8251515938695,0.6510070725964093,0.5043845740637732,54.22277661042738,870.9906470849443,8.75893276550054,-3.6759888483967185,-428.31030165768465,576.5612540092851,5.771802247062175,-2.135851271700748,-250.53495703259074,54.14332100746521,-428.26395255595315,hourly_window_mean_factor_top_available_analogs,4.0,9882.931083210526,,9882.931083210526,0.0,-0.07945560296216822,0.04634910173153154,2.2737367544323206e-12,-0.07945560296216822,0.04634910173153154,2.2737367544323206e-12,-54.22277661042738,428.3103016576847,250.53495703259077,151.76386020813464,1.3262364927472097,71.8251515938695,0.6510070725964093,674.2328542604743,6.73856514528527,870.9906470849443,8.75893276550054,576.5612540092851,5.771802247062175,-196.75779282447002,-2.0203676202152687,0.6752294201508003,-1.0272529211330328,54.22277661042738,428.3103016576847,250.53495703259077
experiment_2026_06_25_11_20,ERCOT_demand_SCENT,2025-06-19,Juneteenth National Independence Day,H2,G,best_matching_weekday,True,2025-06-19,3.0,True,True,11,False,2.0,15.0,11.0,pearson,PLS,standard,2.0,{},2025-06-18 10:00:00,2025-06-20,504.06939961472216,4.4361953484883765,476.175525,5.879,,14.0,24.0,4.0,4.0,11.0,4.0,0.135737536191907,10805.86362780949,10266.384394869323,504.06939961472216,4.4361953484883765,3.752371186672681,442.84006592735193,106.09222760327508,0.8933938551067168,0.7923369249818696,95.98868336451025,736.2227499547329,6.502829552961013,5.479057839325655,645.1700390890096,362.0419769704978,2.969629604618832,-2.224605396467197,-286.86818495602864,868.5032122759918,7.644688823144544,7.644688823144544,868.5032122759918,681.9122308476519,5.922298584740335,4.008633058024428,442.8400659273527,95.98868336451025,645.1700390890096,hourly_window_mean_factor_top_available_analogs,4.0,8344.694840164473,,8344.694840164473,0.0,382.8568683205389,-223.33317318698232,-8.137584173757779e-13,382.8568683205389,-223.33317318698232,-8.137584173757779e-13,286.8681849560287,-868.5032122759919,-442.8400659273527,106.09222760327508,0.8933938551067168,362.0419769704978,2.969629604618832,736.2227499547329,6.502829552961013,868.5032122759918,7.644688823144544,681.9122308476519,5.922298584740335,-132.28046232125894,-1.1418592701835308,-2.0762357495121155,-1.4861032362519584,286.8681849560287,868.5032122759919,442.8400659273527
experiment_2026_06_25_11_20,ERCOT_demand_SCENT,2025-07-04,Independence Day,H2,H,best_matching_weekday,True,2025-07-04,3.0,True,True,12,False,2.0,16.0,12.0,pearson,PLS,standard,2.0,{},2025-07-03 10:00:00,2025-07-05,674.2957167113877,7.28198004715768,573.91589,6.074,,14.0,24.0,4.0,4.0,12.0,4.0,0.13122541759305778,9971.647965884682,9616.113881848383,674.2957167113877,7.28198004715768,-7.1084947754242265,-657.26988733205,212.0654835479645,2.0094438679521827,-1.5385552732470982,-165.85251808976176,943.9300193900514,10.35762615169422,-10.35762615169422,-943.9300193900514,388.7598651046488,3.635768234385602,-3.3608825055765155,-363.7186105210658,955.7561706437978,10.509345455624699,-8.8838651097667,-828.5081321384579,746.8627949188482,7.976974900431347,-6.849082045065052,-657.2698873320504,-165.85251808976176,-943.9300193900514,hourly_window_mean_factor_top_available_analogs,4.0,8434.467385381578,,8434.467385381578,0.0,197.86609243130403,-115.42188725159338,4.0687920868788895e-13,197.86609243130403,-115.42188725159338,4.0687920868788895e-13,363.7186105210658,828.508132138458,657.2698873320504,212.0654835479645,2.0094438679521827,388.7598651046488,3.635768234385602,943.9300193900514,10.35762615169422,955.7561706437978,10.509345455624699,746.8627949188482,7.976974900431347,-11.826151253746389,-0.15171930393047894,-1.6263243664334195,-0.6949948532736663,363.7186105210658,828.508132138458,657.2698873320504
experiment_2026_06_25_11_20,ERCOT_demand_SCENT,2025-08-27,Lyndon B. Johnson Day,H2,F,best_matching_weekday,True,2025-08-27,3.0,True,True,12,False,2.0,16.0,12.0,pearson,PLS,standard,2.0,{},2025-08-26 10:00:00,2025-08-28,377.1187338721424,3.4013363187035175,606.032871,5.947,,14.0,24.0,4.0,4.0,12.0,4.0,0.1408066715049973,11582.32783119765,10918.266582200671,377.1187338721424,3.4013363187035175,-1.8418152994462116,-218.5606223555425,533.4361534067522,4.521176044879512,-4.521176044879512,-533.4361534067522,285.9335724769534,2.7480964784341873,-0.2788548646101192,-34.883229242336824,581.8383249269409,4.902831036293511,-4.902831036293511,-581.8383249269409,228.5805480014691,2.0116084445469937,-0.021373410333417404,-6.648629188897378,358.72815002664294,3.076795715190447,-1.819805167266083,-218.560622355545,-533.4361534067522,-34.883229242336824,hourly_window_mean_factor_top_available_analogs,4.0,9524.979772842105,,9524.979772842105,0.0,48.40217152018873,-28.234600053439447,2.5130774654251964e-12,48.40217152018873,-28.234600053439447,2.5130774654251964e-12,581.8383249269409,6.648629188897377,218.560622355545,533.4361534067522,4.521176044879512,581.8383249269409,4.902831036293511,285.9335724769534,2.7480964784341873,228.5805480014691,2.0116084445469937,358.72815002664294,3.076795715190447,57.35302447548426,0.7364880338871935,-0.38165499141399906,0.32454060351307046,581.8383249269409,6.648629188897377,218.560622355545
experiment_2026_06_25_11_20,ERCOT_demand_SCENT,2025-09-01,Labor Day,H2,H,best_matching_weekday,True,2025-09-01,3.0,True,True,12,False,2.0,16.0,12.0,pearson,PLS,standard,2.0,{},2025-08-31 10:00:00,2025-09-02,1289.1211690622813,12.832544852163705,571.246428,5.497,,14.0,24.0,4.0,4.0,12.0,4.0,0.14945844760845786,11401.01322400965,10907.326891420991,1289.1211690622813,12.832544852163705,-12.832544852163705,-1289.1211690622813,1396.4096420902076,12.858706555048457,-12.858706555048457,-1396.4096420902076,1226.5362264626576,12.817283858814264,-12.817283858814264,-1226.5362264626576,1244.5789318056538,11.406666209665454,-11.280298779695885,-1232.7513347785248,1322.0035723944727,13.371290232334362,-13.371290232334362,-1322.0035723944727,1293.4787048091182,12.647481381877398,-12.600924960309662,-1289.121169062281,-1396.4096420902076,-1226.5362264626576,hourly_window_mean_factor_top_available_analogs,4.0,9329.538431368419,,9329.538431368419,0.0,-163.65830731168302,95.46734593181509,0.0,-163.65830731168302,95.46734593181509,0.0,1232.7513347785246,1322.0035723944727,1289.1211690622813,1396.4096420902076,12.858706555048457,1244.5789318056538,11.406666209665454,1226.5362264626576,12.817283858814264,1322.0035723944727,13.371290232334362,1293.4787048091182,12.647481381877398,-95.46734593181509,-0.5540063735200977,1.4520403453830024,0.1850634702863072,1232.7513347785246,1322.0035723944727,1289.1211690622813
experiment_2026_06_25_11_20,ERCOT_demand_SCENT,2025-11-11,Veterans Day,H2,L,best_matching_weekday,True,2025-11-11,3.0,True,True,6,False,2.0,7.0,6.0,pearson,PLS,standard,2.0,{},2025-11-10 10:00:00,2025-11-12,378.9325414579801,5.206765247013036,667.502509,6.741,,14.0,24.0,4.0,4.0,6.0,4.0,0.062494973587300245,6790.875896653991,6684.734586683863,378.9325414579801,5.206765247013036,4.136950864744524,305.42507655653503,411.3893029249385,5.583571615323869,3.2280534573783237,249.2644898257906,359.9994306022545,4.986961532165049,4.667141019041473,338.18541881613595,425.6716013714667,5.829286155173539,2.079542335882133,167.24978498520815,445.76930270657635,6.368852982471033,5.498200846674114,386.0273299731432,438.36488642522016,6.170065203993008,4.238695079540226,305.42507655653554,249.2644898257906,338.18541881613595,hourly_window_mean_factor_top_available_analogs,4.0,5720.229612460527,,5720.229612460527,0.0,82.01470484058245,-47.841911157007225,-5.026154930850393e-13,82.01470484058245,-47.841911157007225,-5.026154930850393e-13,-167.24978498520815,-386.0273299731432,-305.42507655653554,411.3893029249385,5.583571615323869,425.6716013714667,5.829286155173539,359.9994306022545,4.986961532165049,445.76930270657635,6.368852982471033,438.36488642522016,6.170065203993008,-85.76987210432185,-1.381891450305984,-0.2457145398496694,-0.9632999569799727,167.24978498520815,386.0273299731432,305.42507655653554
experiment_2026_06_25_11_20,ERCOT_demand_SCENT,2025-11-27,Thanksgiving Day,H1,F,best_matching_weekday,True,2025-11-27,3.0,True,True,6,False,2.0,7.0,6.0,pearson,PLS,standard,2.0,{},2025-11-26 10:00:00,2025-11-28,570.5968314567516,8.223827839942304,613.012653,6.528,,14.0,24.0,4.0,4.0,6.0,4.0,0.12576319928693266,7336.069131107644,7019.431500868875,570.5968314567516,8.223827839942304,-6.965954091307439,-489.6206487129076,691.4557833741061,9.59855969759256,-9.59855969759256,-691.4557833741061,500.09577617162813,7.421900922979655,-5.430267487641117,-371.8834868272086,900.885736385001,12.438578516496829,-12.38970509470129,-897.5271350396108,718.9106960681416,10.842340192202839,-3.4535525866187875,-251.67519835566418,785.9541319743528,11.430427995890097,-6.745819300122867,-489.62064871290767,-691.4557833741061,-371.8834868272086,hourly_window_mean_factor_top_available_analogs,4.0,7652.044182394738,,7652.044182394738,0.0,206.07135166550455,-120.20828847154444,-7.180221329786275e-14,206.07135166550455,-120.20828847154444,-7.180221329786275e-14,897.5271350396106,251.67519835566418,489.62064871290755,691.4557833741061,9.59855969759256,900.885736385001,12.438578516496829,500.09577617162813,7.421900922979655,718.9106960681416,10.842340192202839,785.9541319743528,11.430427995890097,-218.81491989651352,-3.4204392692231833,-2.8400188189042694,-3.2066001559477932,897.5271350396106,251.67519835566418,489.62064871290755
experiment_2026_06_25_11_20,ERCOT_demand_SCENT,2025-11-28,Day after Thanksgiving,H2,L,best_matching_weekday,True,2025-11-28,3.0,True,True,6,False,2.0,7.0,6.0,pearson,PLS,standard,2.0,{},2025-11-27 10:00:00,2025-11-29,117.16465659789971,1.7092544842411328,715.767529,8.485,,14.0,24.0,4.0,4.0,6.0,4.0,0.06377549225591628,6769.902781707489,6645.659730865219,117.16465659789971,1.7092544842411328,0.2429280537491342,19.469933345142948,165.4547762271915,2.401255278031333,-1.0052968781476912,-63.39109257995148,88.99542014747949,1.3055873545301828,0.9710592640222823,67.80553180144803,177.45121354090426,2.6123556440886424,-2.1557128638747938,-143.767606358451,132.89053378746777,2.0676330791924276,1.8009342995175104,114.69183150557171,149.30762632820753,2.268320339943665,0.34322218668876675,19.4699333451423,-63.39109257995148,67.80553180144803,hourly_window_mean_factor_top_available_analogs,4.0,5795.107731164475,,5795.107731164475,0.0,80.3765137784995,-46.88629970412368,6.462199196807648e-13,80.3765137784995,-46.88629970412368,6.462199196807648e-13,143.767606358451,-114.69183150557171,-19.4699333451423,165.4547762271915,2.401255278031333,177.45121354090426,2.6123556440886424,88.99542014747949,1.3055873545301828,132.89053378746777,2.0676330791924276,149.30762632820753,2.268320339943665,-43.89511363998828,-0.7620457246622447,-0.21110036605730942,-0.5590658557025321,143.767606358451,114.69183150557171,19.4699333451423
experiment_2026_06_25_11_20,ERCOT_demand_SCENT,2025-12-24,Christmas Eve,H1,H,best_matching_weekday,True,2025-12-24,3.0,True,True,6,False,2.0,7.0,6.0,pearson,PLS,standard,2.0,{},2025-12-23 10:00:00,2025-12-25,233.06340458372296,3.036425613874792,355.564677,5.047,,14.0,24.0,4.0,4.0,6.0,4.0,0.13511563568913254,7619.726979686747,7408.514848454103,233.06340458372296,3.036425613874792,0.652267953096387,63.4663688922002,202.61524339044158,2.5285481056598704,2.108621494257897,167.35102491443573,250.82483194647045,3.3326874936668296,-0.19727161258116066,2.8669862125628165,529.4417566503719,6.485931512426577,-1.6474147770404406,-151.0506070487319,512.5324741590503,7.120073976594359,3.076561179957059,188.60127152441146,518.7622098137477,6.886442542427282,1.3361489852737694,63.46636889220075,167.35102491443573,2.8669862125628165,hourly_window_mean_factor_top_available_analogs,4.0,6827.677579875,,6827.677579875,0.0,318.40163196316763,-185.73428531184865,-5.504836352836145e-13,318.40163196316763,-185.73428531184865,-5.504836352836145e-13,151.0506070487319,-188.60127152441146,-63.46636889220075,202.61524339044158,2.5285481056598704,529.4417566503719,6.485931512426577,250.82483194647045,3.3326874936668296,512.5324741590503,7.120073976594359,518.7622098137477,6.886442542427282,-261.7076422125798,-3.787386482927529,-3.957383406766706,-3.8500169285524906,151.0506070487319,188.60127152441146,63.46636889220075
experiment_2026_06_25_11_20,ERCOT_demand_SCENT,2025-12-25,Christmas Day,H2,H,best_matching_weekday,True,2025-12-25,3.0,True,True,6,False,2.0,8.0,6.0,pearson,PLS,standard,2.0,{},2025-12-24 10:00:00,2025-12-26,243.85219505241784,3.3424179778240273,306.941631,4.323,,14.0,24.0,4.0,4.0,6.0,4.0,0.13441934453290164,7529.486382378509,7295.069880398833,243.85219505241784,3.3424179778240273,-1.979543339408115,-134.0054865100896,237.5658603157074,3.0117726384343904,0.6874585229802277,60.589491442040654,247.51922364883228,3.5352944258013146,-3.5352944258013146,-247.51922364883228,452.1546055109351,5.624084557498692,-4.36841438094375,-358.80871976979796,443.20476837575444,6.371270141809806,0.5569215951765986,-2.8702671085904967,446.5020767939788,6.095991242326764,-1.2576758697098458,-134.005486510088,60.589491442040654,-247.51922364883228,hourly_window_mean_factor_top_available_analogs,4.0,7495.774850447368,,7495.774850447368,0.0,419.39821121183866,-244.64895654024178,-1.6275168347515558e-12,419.39821121183866,-244.64895654024178,-1.6275168347515558e-12,358.808719769798,2.8702671085904967,134.005486510088,237.5658603157074,3.0117726384343904,452.1546055109351,5.624084557498692,247.51922364883228,3.5352944258013146,443.20476837575444,6.371270141809806,446.5020767939788,6.095991242326764,-195.68554472692216,-2.835975716008491,-2.612311919064302,-2.7535732645027364,358.808719769798,2.8702671085904967,134.005486510088
experiment_2026_06_25_11_20,ERCOT_demand_SCENT,2026-01-01,New Year's Day,H2,I,best_matching_weekday,True,2026-01-01,3.0,True,True,6,False,2.0,8.0,6.0,pearson,PLS,standard,2.0,{},2025-12-31 10:00:00,2026-01-02,1951.4527266363423,26.810879420703145,198.026752,2.696,,14.0,24.0,4.0,4.0,6.0,4.0,0.06773458206538345,9311.426890215289,9473.999190306726,1951.4527266363423,26.810879420703145,-26.810879420703145,-1951.4527266363423,1439.9599505585409,19.284771164516265,-19.284771164516265,-1439.9599505585409,2249.8235126817267,31.201109236812158,-31.201109236812158,-2249.8235126817267,1469.353803848314,19.629827472159548,-19.629827472159548,-1469.353803848314,2232.677098262691,30.94080548019873,-30.94080548019873,-2232.677098262691,1951.4527266363416,26.77360305618429,-26.77360305618429,-1951.4527266363416,-1439.9599505585409,-2249.8235126817267,hourly_window_mean_factor_top_available_analogs,4.0,7027.183015111843,,7027.183015111843,0.0,29.393853289773297,-17.146414419035676,-7.898243462764903e-13,29.393853289773297,-17.146414419035676,-7.898243462764903e-13,1469.353803848314,2232.677098262691,1951.4527266363416,1439.9599505585409,19.284771164516265,1469.353803848314,19.629827472159548,2249.8235126817267,31.201109236812158,2232.677098262691,30.94080548019873,1951.4527266363416,26.77360305618429,17.146414419035864,0.2603037566134283,-0.3450563076432829,0.0372763645188563,1469.353803848314,2232.677098262691,1951.4527266363416
experiment_2026_06_25_11_20,ERCOT_demand_SCENT,2026-01-19,Martin Luther King Jr. Day,H2,J,best_matching_weekday,True,2026-01-19,3.0,True,True,6,False,2.0,7.0,6.0,pearson,PLS,standard,2.0,{},2026-01-18 10:00:00,2026-01-20,1067.8664575264747,13.104966800633171,809.456109,11.063,,14.0,24.0,4.0,4.0,6.0,4.0,0.07235960032711208,9268.083134394898,9466.758125839084,1067.8664575264747,13.104966800633171,-13.104966800633171,-1067.8664575264747,874.4853340620024,10.8884846825267,-10.8884846825267,-874.4853340620024,1180.6721128807505,14.397914702861945,-14.397914702861945,-1180.6721128807505,785.9546575757587,9.759543625336837,-9.759543625336837,-785.9546575757587,1232.3150074977286,15.00498775084894,-15.00498775084894,-1232.3150074977286,1067.8664575264768,13.072455704607636,-13.072455704607636,-1067.8664575264768,-874.4853340620024,-1180.6721128807505,hourly_window_mean_factor_top_available_analogs,4.0,7839.653924552632,,7839.653924552632,0.0,-88.53067648624359,51.642894616978005,1.6275168347515558e-12,-88.53067648624359,51.642894616978005,1.6275168347515558e-12,785.9546575757588,1232.3150074977286,1067.8664575264763,874.4853340620024,10.8884846825267,785.9546575757587,9.759543625336837,1180.6721128807505,14.397914702861945,1232.3150074977286,15.00498775084894,1067.8664575264768,13.072455704607636,-51.64289461697808,-0.6070730479869955,1.1289410571898628,0.03251109602553548,785.9546575757588,1232.3150074977286,1067.8664575264763
experiment_2026_06_25_11_20,ERCOT_demand_SCENT,2026-02-16,Presidents' Day,H2,F,best_matching_weekday,True,2026-02-16,3.0,True,True,6,False,2.0,7.0,6.0,pearson,PLS,standard,2.0,{},2026-02-15 10:00:00,2026-02-17,409.30675620633434,5.819560185784004,1087.723793,14.419,,14.0,24.0,4.0,4.0,6.0,4.0,0.057560905121801856,6851.472434152695,6722.079175552203,409.30675620633434,5.819560185784004,-0.3556552476029746,22.9759835051999,320.62358771430127,4.834767013608255,-3.7989000892760605,-244.26965118210833,461.0386044933536,6.394022869553193,1.6529042433729917,178.8692704061297,331.074178059645,4.931777247170516,-2.479817248964035,-152.41937695440993,416.2616427147296,5.75183679730445,1.0456551252308992,125.28994377330514,384.87678731548795,5.449709594623528,-0.25320311789355054,22.97598350519959,-244.26965118210833,178.8692704061297,hourly_window_mean_factor_top_available_analogs,4.0,6029.2021355,,6029.2021355,0.0,-91.85027422769839,53.579326632824554,3.111429242907386e-13,-91.85027422769839,53.579326632824554,3.111429242907386e-13,152.41937695440993,-125.28994377330514,-22.975983505199586,320.62358771430127,4.834767013608255,331.074178059645,4.931777247170516,461.0386044933536,6.394022869553193,416.2616427147296,5.75183679730445,384.87678731548795,5.449709594623528,44.77696177862401,0.6421860722487427,-0.09701023356226113,0.3698505911604766,152.41937695440993,125.28994377330514,22.975983505199586
experiment_2026_06_25_11_20,ERCOT_demand_SCENT,2026-03-02,Texas Independence Day,H2,G,best_matching_weekday,True,2026-03-02,3.0,True,True,6,False,2.0,7.0,6.0,pearson,PLS,standard,2.0,{},2026-03-01 10:00:00,2026-03-03,474.2673519499257,5.653589948598489,1142.875313,15.245,,14.0,24.0,4.0,4.0,6.0,4.0,0.14759134053405012,7815.4897662479125,7547.914801464375,474.2673519499257,5.653589948598489,3.1541999838956376,282.3043792520867,220.75317498384518,2.8151701537054405,-2.677547424198513,-211.34809987683516,622.1506218468058,7.3093348289527675,6.556052638617227,570.2683254106245,556.9429600579573,6.819330740931603,-6.253537213383365,-518.276886214512,780.0140758456278,9.797852866803732,9.35535513580615,749.3101174409372,697.8299805554334,8.700502609903475,3.6047105861047495,282.30437925208753,-211.34809987683516,570.2683254106245,hourly_window_mean_factor_top_available_analogs,4.0,8934.861123802631,,8934.861123802631,0.0,306.92878633767697,-179.04179203031288,-8.376924884750655e-13,306.92878633767697,-179.04179203031288,-8.376924884750655e-13,518.2768862145122,-749.3101174409373,-282.30437925208753,220.75317498384518,2.8151701537054405,556.9429600579573,6.819330740931603,622.1506218468058,7.3093348289527675,780.0140758456278,9.797852866803732,697.8299805554334,8.700502609903475,-157.8634539988219,-2.488518037850964,-4.0041605872261625,-3.0469126613049866,518.2768862145122,749.3101174409373,282.30437925208753
experiment_2026_06_25_11_20,ERCOT_demand_SOUTH,2025-01-01,New Year's Day,H2,I,best_matching_weekday,True,2025-01-01,3.0,True,True,7,False,2.0,9.0,7.0,pearson,PLS,standard,2.0,{},2024-12-31 10:00:00,2025-01-02,392.6842672312514,11.437133524330298,229.104391,6.151,,14.0,24.0,4.0,4.0,7.0,4.0,0.13381980897864687,3764.665877616727,3603.7207280651987,392.6842672312514,11.437133524330298,-11.33537282252843,-389.6058983798843,445.1341569193451,12.523449021340497,-12.523449021340497,-445.1341569193451,362.0884982465299,10.803449484407684,-10.642328373221394,-357.2144142318653,574.4692074847536,15.99284466448817,-15.99284466448817,-574.4692074847536,390.65385934479536,11.731500948472409,-8.124386439636368,-281.7689680687113,458.37530339635896,13.301469685951899,-11.023292101423873,-389.6058983798847,-445.1341569193451,-357.2144142318653,hourly_window_mean_factor_top_available_analogs,4.0,4457.498793901316,,4457.498793901316,0.0,129.3350505654084,-75.44544616315402,5.624506708332583e-13,129.3350505654084,-75.44544616315402,5.624506708332583e-13,574.4692074847535,281.7689680687113,389.6058983798849,445.1341569193451,12.523449021340497,574.4692074847536,15.99284466448817,362.0884982465299,10.803449484407684,390.65385934479536,11.731500948472409,458.37530339635896,13.301469685951899,-28.56536109826544,-0.9280514640647244,-3.4693956431476725,-1.8643361616216012,574.4692074847535,281.7689680687113,389.6058983798849
experiment_2026_06_25_11_20,ERCOT_demand_SOUTH,2025-01-20,Martin Luther King Jr. Day,H2,J,best_matching_weekday,True,2025-01-20,3.0,True,True,7,False,2.0,9.0,7.0,pearson,PLS,standard,2.0,{},2025-01-19 10:00:00,2025-01-21,1699.7198848811809,30.895139285091467,271.371573,7.347,,14.0,24.0,4.0,4.0,7.0,4.0,0.06690372440165744,3566.885351355661,3585.1221364665907,1699.7198848811809,30.895139285091467,30.895139285091467,1699.7198848811809,886.3312800487892,19.723687527121303,19.723687527121303,886.3312800487892,2174.1965710334093,37.411819477240726,37.411819477240726,2174.1965710334093,924.690729831844,20.67862404262204,20.67862404262204,924.690729831844,2151.8202253266277,37.04309230107133,37.04309230107133,2151.8202253266277,1699.719884881181,31.01407767953738,31.01407767953738,1699.719884881181,886.3312800487892,2174.1965710334093,hourly_window_mean_factor_top_available_analogs,4.0,3112.5410489342107,,3112.5410489342107,0.0,-38.35944978305484,22.376345706781688,-1.9147256879430067e-13,-38.35944978305484,22.376345706781688,-1.9147256879430067e-13,-924.690729831844,-2151.8202253266277,-1699.719884881181,886.3312800487892,19.723687527121303,924.690729831844,20.67862404262204,2174.1965710334093,37.411819477240726,2151.8202253266277,37.04309230107133,1699.719884881181,31.01407767953738,22.37634570678165,0.36872717616939354,-0.9549365155007372,-0.11893839444591237,924.690729831844,2151.8202253266277,1699.719884881181
experiment_2026_06_25_11_20,ERCOT_demand_SOUTH,2025-02-17,Presidents' Day,H2,F,best_matching_weekday,True,2025-02-17,3.0,True,True,7,False,2.0,9.0,7.0,pearson,PLS,standard,2.0,{},2025-02-16 10:00:00,2025-02-18,321.4494689440951,8.776931859789732,733.626959,15.024,,14.0,24.0,4.0,4.0,7.0,4.0,0.07843600232556083,3639.8077718619675,3571.8578845601637,321.4494689440951,8.776931859789732,-0.5990333128793491,1.559067927505351,275.0955285807668,8.141230182601133,-7.111947919387793,-236.11717252220464,348.48926748936975,9.147757838149747,3.200166874250577,140.20354152316952,383.30383896247815,11.331338614456099,-11.045864404584794,-372.51293740665784,415.1683314685276,10.889161455667754,5.304639727637715,219.7677377057686,403.42878159787773,11.052068829958197,-0.7192302158126831,1.5590679275062245,-236.11717252220464,140.20354152316952,hourly_window_mean_factor_top_available_analogs,4.0,3546.1330205197373,,3546.1330205197373,0.0,136.39576488445323,-79.5641961825991,-8.735935951239968e-13,136.39576488445323,-79.5641961825991,-8.735935951239968e-13,372.5129374066579,-219.76773770576864,-1.5590679275062245,275.0955285807668,8.141230182601133,383.30383896247815,11.331338614456099,348.48926748936975,9.147757838149747,415.1683314685276,10.889161455667754,403.42878159787773,11.052068829958197,-66.67906397915783,-1.7414036175180065,-3.1901084318549664,-2.2751369701684645,372.5129374066579,219.76773770576864,1.5590679275062245
experiment_2026_06_25_11_20,ERCOT_demand_SOUTH,2025-03-02,Texas Independence Day,H2,G,best_matching_weekday,True,2025-03-02,3.0,True,True,7,False,2.0,9.0,7.0,pearson,PLS,standard,2.0,{},2025-03-01 10:00:00,2025-03-03,223.09899624778728,5.696884805599492,804.617874,17.036,,14.0,24.0,4.0,4.0,7.0,4.0,0.1162964412074361,3544.150068566643,3433.291133448593,223.09899624778728,5.696884805599492,4.619821696574928,189.7624517754624,184.42480351395585,4.544497689453221,4.441438690037737,180.8660110166999,245.65894200918896,6.369110623351484,4.7238784503882885,194.95204221807387,70.49235080912399,1.8447338807096556,-0.7676806339148037,-30.060014180996113,336.51847802195067,9.240949967162296,8.632338305723188,317.9922235833967,238.50885220669875,6.5160282511007965,5.16917343322498,189.7624517754625,180.8660110166999,194.95204221807387,hourly_window_mean_factor_top_available_analogs,4.0,3267.5202260592105,,3267.5202260592105,0.0,210.926025197696,-123.04018136532284,-1.0770331994679413e-13,210.926025197696,-123.04018136532284,-1.0770331994679413e-13,30.06001418099609,-317.9922235833967,-189.76245177546252,184.42480351395585,4.544497689453221,70.49235080912399,1.8447338807096556,245.65894200918896,6.369110623351484,336.51847802195067,9.240949967162296,238.50885220669875,6.5160282511007965,-90.85953601276171,-2.8718393438108114,2.699763808743566,-0.8191434455013047,30.06001418099609,317.9922235833967,189.76245177546252
experiment_2026_06_25_11_20,ERCOT_demand_SOUTH,2025-04-21,San Jacinto Day,H2,F,best_matching_weekday,True,2025-04-21,3.0,True,True,7,False,2.0,9.0,7.0,pearson,PLS,standard,2.0,{},2025-04-20 10:00:00,2025-04-22,326.94277895978763,8.289642037531388,748.08945,15.123,,14.0,24.0,4.0,4.0,7.0,4.0,0.12513162627886815,4282.503698000953,4141.615898392219,326.94277895978763,8.289642037531388,-7.164352905738796,-276.6359360009529,559.5152054016397,13.99805788045252,-13.99805788045252,-559.5152054016397,191.27553020204073,4.959732795827391,-3.178025003822455,-111.62302885055215,625.8962535717452,15.606670104916917,-15.606670104916917,-625.8962535717452,174.68268512113676,4.377421615224967,-1.7077888794295095,-72.90075075132397,340.91926297136087,8.514513164058842,-6.8284293309248705,-276.6359360009529,-559.5152054016397,-111.62302885055215,hourly_window_mean_factor_top_available_analogs,4.0,4448.392254960527,,4448.392254960527,0.0,66.38104817010542,-38.722278099228184,-1.1967035549643792e-14,66.38104817010542,-38.722278099228184,-1.1967035549643792e-14,625.8962535717451,72.90075075132395,276.6359360009529,559.5152054016397,13.99805788045252,625.8962535717452,15.606670104916917,191.27553020204073,4.959732795827391,174.68268512113676,4.377421615224967,340.91926297136087,8.514513164058842,16.59284508090397,0.5823111806024244,-1.6086122244643963,-0.22487112652745367,625.8962535717451,72.90075075132395,276.6359360009529
experiment_2026_06_25_11_20,ERCOT_demand_SOUTH,2025-05-26,Memorial Day,H2,H,best_matching_weekday,True,2025-05-26,3.0,True,True,9,False,2.0,12.0,9.0,pearson,PLS,standard,2.0,{},2025-05-25 10:00:00,2025-05-27,352.847831614198,6.596483596756129,279.181893,7.274,,14.0,24.0,4.0,4.0,9.0,4.0,0.12660254775384025,5010.016267938434,4805.455856858253,352.847831614198,6.596483596756129,6.596483596756129,352.847831614198,248.8317407098284,4.417537343908372,4.417537343908372,248.8317407098284,413.5238846417471,7.867535577583989,7.867535577583989,413.5238846417471,259.4580757433096,4.718592272117682,4.718592272117682,259.4580757433096,407.32518920554895,8.145100724024696,8.145100724024696,407.32518920554895,352.84783161419756,6.882702873322112,6.882702873322112,352.84783161419756,248.8317407098284,413.5238846417471,hourly_window_mean_factor_top_available_analogs,4.0,4879.1419702039475,,4879.1419702039475,0.0,-10.62633503348122,6.198695436198136,4.786814219857517e-13,-10.62633503348122,6.198695436198136,4.786814219857517e-13,-259.4580757433096,-407.32518920554895,-352.84783161419756,248.8317407098284,4.417537343908372,259.4580757433096,4.718592272117682,413.5238846417471,7.867535577583989,407.32518920554895,8.145100724024696,352.84783161419756,6.882702873322112,6.198695436198136,-0.27756514644070673,-0.30105492820931,-0.28621927656598256,259.4580757433096,407.32518920554895,352.84783161419756
experiment_2026_06_25_11_20,ERCOT_demand_SOUTH,2025-06-19,Juneteenth National Independence Day,H2,G,best_matching_weekday,True,2025-06-19,3.0,True,True,9,False,2.0,12.0,9.0,pearson,PLS,standard,2.0,{},2025-06-18 10:00:00,2025-06-20,277.86389705375615,5.413747623168958,293.089154,6.645,,14.0,24.0,4.0,4.0,9.0,4.0,0.1102204751633435,4922.665099840982,4713.466425800979,277.86389705375615,5.413747623168958,5.413747623168958,277.86389705375615,321.22349166187183,5.735469431299349,5.735469431299349,321.22349166187183,252.57080019902187,5.226076568426232,5.226076568426232,252.57080019902187,248.6629035835892,4.431569517692694,4.431569517692694,248.6629035835892,294.8978099113511,6.102330784901585,6.102330784901585,294.8978099113511,277.8638970537545,5.486787160140415,5.486787160140415,277.8638970537545,321.22349166187183,252.57080019902187,hourly_window_mean_factor_top_available_analogs,4.0,3824.917360460526,,3824.917360460526,0.0,72.56058807828263,-42.32700971232922,1.4599783370565428e-12,72.56058807828263,-42.32700971232922,1.4599783370565428e-12,-248.66290358358918,-294.8978099113511,-277.86389705375467,321.22349166187183,5.735469431299349,248.6629035835892,4.431569517692694,252.57080019902187,5.226076568426232,294.8978099113511,6.102330784901585,277.8638970537545,5.486787160140415,-42.327009712329215,-0.8762542164753526,1.3038999136066556,-0.07303953697145715,248.66290358358918,294.8978099113511,277.86389705375467
experiment_2026_06_25_11_20,ERCOT_demand_SOUTH,2025-07-04,Independence Day,H2,I,best_matching_weekday,True,2025-07-04,3.0,True,True,10,False,2.0,13.0,10.0,pearson,PLS,standard,2.0,{},2025-07-03 10:00:00,2025-07-05,492.1079505444243,9.711189927015877,297.745339,6.313,,14.0,24.0,4.0,4.0,10.0,4.0,0.11733641588060105,4419.015609639786,4293.9167180933755,492.1079505444243,9.711189927015877,9.711189927015877,492.1079505444243,618.5762457806514,11.594408383411716,11.594408383411716,618.5762457806514,418.3347783232916,8.612645827451637,8.612645827451637,418.3347783232916,566.9746107106168,10.812289641509048,10.812289641509048,566.9746107106168,448.43573211414576,9.828363945934614,9.828363945934614,448.43573211414576,492.1079505444245,10.190862886409406,10.190862886409406,492.1079505444245,618.5762457806514,418.3347783232916,hourly_window_mean_factor_top_available_analogs,4.0,4081.7203075986845,,4081.7203075986845,0.0,51.60163507003475,-30.10095379085423,-3.9491217313824517e-13,51.60163507003475,-30.10095379085423,-3.9491217313824517e-13,-566.9746107106167,-448.4357321141458,-492.1079505444247,618.5762457806514,11.594408383411716,566.9746107106168,10.812289641509048,418.3347783232916,8.612645827451637,448.43573211414576,9.828363945934614,492.1079505444245,10.190862886409406,-30.10095379085419,-1.215718118482977,0.7821187419026678,-0.47967295939352894,566.9746107106167,448.4357321141458,492.1079505444247
experiment_2026_06_25_11_20,ERCOT_demand_SOUTH,2025-08-27,Lyndon B. Johnson Day,H2,I,best_matching_weekday,True,2025-08-27,3.0,True,True,10,False,2.0,13.0,10.0,pearson,PLS,standard,2.0,{},2025-08-26 10:00:00,2025-08-28,202.52365562475373,3.7000114501962384,358.776743,6.947,,14.0,24.0,4.0,4.0,10.0,4.0,0.14624302166224692,5191.553132168248,4941.234294794874,202.52365562475373,3.7000114501962384,2.6189337049079064,142.30358904227765,105.18449241554345,1.8847377431928212,-1.0496161368755126,-58.26997402260589,259.3048341634597,4.7589211126149,4.7589211126149,259.3048341634597,156.4384333096739,2.7911275612997746,-0.7127457320006675,-46.390854624264975,254.50956294855914,5.449041131964389,5.41468595546104,252.37534784776122,218.37809413423298,4.469809816456372,3.157211123238306,142.30358904227788,-58.26997402260589,259.3048341634597,hourly_window_mean_factor_top_available_analogs,4.0,4400.7297965986845,,4400.7297965986845,0.0,-11.879119398340922,6.929486315698493,-2.3934071099287584e-13,-11.879119398340922,6.929486315698493,-2.3934071099287584e-13,46.390854624264975,-252.37534784776122,-142.30358904227788,105.18449241554345,1.8847377431928212,156.4384333096739,2.7911275612997746,259.3048341634597,4.7589211126149,254.50956294855914,5.449041131964389,218.37809413423298,4.469809816456372,4.795271214900566,-0.6901200193494894,-0.9063898181069534,-0.769798366260134,46.390854624264975,252.37534784776122,142.30358904227788
experiment_2026_06_25_11_20,ERCOT_demand_SOUTH,2025-09-01,Labor Day,H2,I,best_matching_weekday,True,2025-09-01,3.0,True,True,10,False,2.0,13.0,10.0,pearson,PLS,standard,2.0,{},2025-08-31 10:00:00,2025-09-02,110.51090403442035,2.048182074143271,310.665557,6.024,,14.0,24.0,4.0,4.0,10.0,4.0,0.13351510561593374,5528.697111991703,5248.361058148333,110.51090403442035,2.048182074143271,-1.9165616972156885,-104.47187101801855,176.05690422319563,3.1396064102412398,-3.1396064102412398,-176.05690422319563,72.27573725763477,1.4115178780861217,-1.203118947950783,-62.71393498166526,75.39966147863144,1.2720317276335258,-0.842313208100048,-50.882088280651,185.0125089632892,3.4612150192402305,-2.367988740463054,-135.73257761481727,144.62882831104687,2.6546738065430233,-1.8058977548556303,-104.47187101801917,-176.05690422319563,-62.71393498166526,hourly_window_mean_factor_top_available_analogs,4.0,4536.997392907894,,4536.997392907894,0.0,-125.17481594254461,73.01864263315201,6.222858485814772e-13,-125.17481594254461,73.01864263315201,6.222858485814772e-13,50.88208828065102,135.73257761481727,104.47187101801917,176.05690422319563,3.1396064102412398,75.39966147863144,1.2720317276335258,72.27573725763477,1.4115178780861217,185.0125089632892,3.4612150192402305,144.62882831104687,2.6546738065430233,-112.73677170565443,-2.049697141154109,1.867574682607714,-0.6064917323997525,50.88208828065102,135.73257761481727,104.47187101801917
experiment_2026_06_25_11_20,ERCOT_demand_SOUTH,2025-11-11,Veterans Day,H2,L,best_matching_weekday,True,2025-11-11,3.0,True,True,8,False,2.0,10.0,8.0,pearson,PLS,standard,2.0,{},2025-11-10 10:00:00,2025-11-12,269.64065662291256,7.25889598082742,253.75312,4.927,,14.0,24.0,4.0,4.0,8.0,4.0,0.083016069162377,3689.177434008788,3619.847377463255,269.64065662291256,7.25889598082742,1.2587847129906475,57.728944175422,322.8568329132978,8.846195437741546,-3.0599092961279735,-93.63448308684623,238.5978871201878,6.33297129762751,3.7780228849765094,146.02427674507848,351.0357953961292,9.637527970568028,-3.9957232321647402,-127.96283296421423,315.54465578031653,8.50208276001411,4.425063610571602,166.04914750687698,328.6203387966685,8.92040467969187,1.3226684579845283,57.72894417542233,-93.63448308684623,146.02427674507848,hourly_window_mean_factor_top_available_analogs,4.0,2900.0725439276316,,2900.0725439276316,0.0,34.32834987736799,-20.024870761798507,-3.231099598403824e-13,34.32834987736799,-20.024870761798507,-3.231099598403824e-13,127.96283296421421,-166.04914750687698,-57.72894417542232,322.8568329132978,8.846195437741546,351.0357953961292,9.637527970568028,238.5978871201878,6.33297129762751,315.54465578031653,8.50208276001411,328.6203387966685,8.92040467969187,-76.94676866012873,-2.1691114623866,-0.7913325328264822,-1.6615086988644503,127.96283296421421,166.04914750687698,57.72894417542232
experiment_2026_06_25_11_20,ERCOT_demand_SOUTH,2025-11-27,Thanksgiving Day,H1,F,best_matching_weekday,True,2025-11-27,3.0,True,True,8,False,2.0,10.0,8.0,pearson,PLS,standard,2.0,{},2025-11-26 10:00:00,2025-11-28,731.1429243202732,18.747016268477907,166.675653,3.838,,14.0,24.0,4.0,4.0,8.0,4.0,0.10998545661859363,4578.952038346589,4433.589157639847,731.1429243202732,18.747016268477907,-18.747016268477907,-731.1429243202732,815.8084289152878,20.267739153418784,-20.267739153418784,-815.8084289152878,681.7547133065146,17.859927918929063,-17.859927918929063,-681.7547133065146,818.9783232810754,20.32550887198313,-20.32550887198313,-818.9783232810754,679.9056082598049,17.585652128585462,-17.585652128585462,-679.9056082598049,731.1429243202731,18.59507303404776,-18.59507303404776,-731.1429243202731,-815.8084289152878,-681.7547133065146,hourly_window_mean_factor_top_available_analogs,4.0,3714.0145180460527,,3714.0145180460527,0.0,3.1698943657879033,-1.8491050467097618,-9.573628439715034e-14,3.1698943657879033,-1.8491050467097618,-9.573628439715034e-14,818.9783232810756,679.9056082598049,731.1429243202731,815.8084289152878,20.267739153418784,818.9783232810754,20.32550887198313,681.7547133065146,17.859927918929063,679.9056082598049,17.585652128585462,731.1429243202731,18.59507303404776,1.8491050467097239,0.2742757903436015,-0.05776971856434443,0.15194323443014568,818.9783232810756,679.9056082598049,731.1429243202731
experiment_2026_06_25_11_20,ERCOT_demand_SOUTH,2025-11-28,Day after Thanksgiving,H2,L,best_matching_weekday,True,2025-11-28,3.0,True,True,8,False,2.0,10.0,8.0,pearson,PLS,standard,2.0,{},2025-11-27 10:00:00,2025-11-29,96.15903934199949,2.5302404050181777,381.106087,9.55,,14.0,24.0,4.0,4.0,8.0,4.0,0.07458973564210056,3854.8568569043587,3795.472360723054,96.15903934199949,2.5302404050181777,-1.5283783131072561,-55.27080166751718,86.97976683484492,2.173383069259341,0.26619808552138385,14.170409641974857,101.51361497117297,2.738407184210832,-2.575214545640629,-95.77817493138754,58.881365176760774,1.461317668423723,-0.047789562809814314,0.7037408962939286,154.49683413634736,4.100109989258146,-2.135266699374902,-87.92261816307267,119.27008241439441,3.127923344740201,-1.3661961753772385,-55.27080166751655,14.170409641974857,-95.77817493138754,hourly_window_mean_factor_top_available_analogs,4.0,3175.6741482828947,,3175.6741482828947,0.0,13.466668745680929,-7.855556768314879,-6.34252884131121e-13,13.466668745680929,-7.855556768314879,-6.34252884131121e-13,-0.7037408962939278,87.92261816307266,55.27080166751655,86.97976683484492,2.173383069259341,58.881365176760774,1.461317668423723,101.51361497117297,2.738407184210832,154.49683413634736,4.100109989258146,119.27008241439441,3.127923344740201,-52.98321916517439,-1.3617028050473143,0.7120654008356182,-0.5976829397220231,0.7037408962939278,87.92261816307266,55.27080166751655
experiment_2026_06_25_11_20,ERCOT_demand_SOUTH,2025-12-24,Christmas Eve,H1,H,best_matching_weekday,True,2025-12-24,3.0,True,True,8,False,2.0,10.0,8.0,pearson,PLS,standard,2.0,{},2025-12-23 10:00:00,2025-12-25,119.04841607285177,2.8015122308130067,365.64754,9.512,,14.0,24.0,4.0,4.0,8.0,4.0,0.11790211314581697,4109.087685438947,3967.1579101032366,119.04841607285177,2.8015122308130067,1.202764113832002,64.77632187684257,54.18832027533127,1.1970265906729287,1.1607438282078526,52.63361755697848,156.88347195473872,3.7374621875613854,1.2272759471127557,71.85956606342997,136.72078412875587,3.0763893431364218,-1.4508762422516572,-70.95037466258648,150.82861261485417,3.883559981317165,3.716284521028552,143.95022819150915,145.63099159366007,3.5861813251453127,1.812593713504265,64.77632187684235,52.63361755697848,71.85956606342997,hourly_window_mean_factor_top_available_analogs,4.0,4269.337724184211,,4269.337724184211,0.0,123.58399221956496,-72.09066212807919,2.3934071099287584e-13,123.58399221956496,-72.09066212807919,2.3934071099287584e-13,70.95037466258648,-143.95022819150915,-64.77632187684233,54.18832027533127,1.1970265906729287,136.72078412875587,3.0763893431364218,156.88347195473872,3.7374621875613854,150.82861261485417,3.883559981317165,145.63099159366007,3.5861813251453127,6.054859339884558,-0.14609779375577947,-1.879362752463493,-0.784669094332306,70.95037466258648,143.95022819150915,64.77632187684233
experiment_2026_06_25_11_20,ERCOT_demand_SOUTH,2025-12-25,Christmas Day,H2,H,best_matching_weekday,True,2025-12-25,3.0,True,True,9,False,2.0,11.0,9.0,pearson,PLS,standard,2.0,{},2025-12-24 10:00:00,2025-12-26,154.79380405273739,3.620973772637188,289.347281,7.369,,14.0,24.0,4.0,4.0,9.0,4.0,0.12747939093171512,3996.0254492706017,3859.6803136597173,154.79380405273739,3.620973772637188,3.098760556658989,135.79057433466153,178.86505674205983,3.9081169931856223,3.7704128780224977,173.22909046788246,140.752239983966,3.4534735606506004,2.706963369196941,113.95143992361601,86.78564829008158,1.9628929566113311,-1.3852537343939308,-64.22429666981235,252.4659157539378,6.745095952266538,6.745095952266538,252.4659157539378,191.42581721462236,4.983231690709356,3.74970396244426,135.79057433466144,173.22909046788246,113.95143992361601,hourly_window_mean_factor_top_available_analogs,4.0,4085.6906536578945,,4085.6906536578945,0.0,237.4533871376948,-138.5144758303218,1.0770331994679413e-13,237.4533871376948,-138.5144758303218,1.0770331994679413e-13,64.22429666981233,-252.4659157539378,-135.79057433466141,178.86505674205983,3.9081169931856223,86.78564829008158,1.9628929566113311,140.752239983966,3.4534735606506004,252.4659157539378,6.745095952266538,191.42581721462236,4.983231690709356,-111.71367576997179,-3.2916223916159373,1.9452240365742912,-1.3622579180721686,64.22429666981233,252.4659157539378,135.79057433466141
experiment_2026_06_25_11_20,ERCOT_demand_SOUTH,2026-01-01,New Year's Day,H2,I,best_matching_weekday,True,2026-01-01,3.0,True,True,9,False,2.0,11.0,9.0,pearson,PLS,standard,2.0,{},2025-12-31 10:00:00,2026-01-02,472.5627931982133,12.88449828804226,117.574426,2.849,,14.0,24.0,4.0,4.0,9.0,4.0,0.05231709163445888,4193.411971394993,4184.020512010421,472.5627931982133,12.88449828804226,-12.880219322854325,-472.38380763183534,399.500824591572,10.67077981173909,-10.659165477657552,-399.01500662568884,515.1822748854208,14.175834065885779,-14.175834065885779,-515.1822748854208,557.9644929947568,14.74592392283888,-14.74592392283888,-557.9644929947568,422.4617411701309,11.565645955896372,-11.565645955896372,-422.4617411701309,472.3838076318351,12.737327312138348,-12.737327312138348,-472.3838076318351,-399.01500662568884,-515.1822748854208,hourly_window_mean_factor_top_available_analogs,4.0,2942.8597913618423,,2942.8597913618423,0.0,158.94948636906787,-92.72053371528987,-1.795055332446569e-13,158.94948636906787,-92.72053371528987,-1.795055332446569e-13,557.9644929947567,422.46174117013095,472.38380763183517,399.500824591572,10.67077981173909,557.9644929947568,14.74592392283888,515.1822748854208,14.175834065885779,422.4617411701309,11.565645955896372,472.3838076318351,12.737327312138348,92.72053371528995,2.610188109989407,-4.075144111099791,0.14717097590391148,557.9644929947567,422.46174117013095,472.38380763183517
experiment_2026_06_25_11_20,ERCOT_demand_SOUTH,2026-01-19,Martin Luther King Jr. Day,H2,J,best_matching_weekday,True,2026-01-19,3.0,True,True,8,False,2.0,10.0,8.0,pearson,PLS,standard,2.0,{},2026-01-18 10:00:00,2026-01-20,288.88639198813576,7.140222915632808,254.565465,6.58,,14.0,24.0,4.0,4.0,8.0,4.0,0.06683891720226398,4443.5668409571135,4588.518145790041,288.88639198813576,7.140222915632808,-7.04870576054268,-285.36755582553496,146.64177575629918,3.5883563525813407,-3.339952645908138,-137.09064902923978,371.8624181233738,9.212145077412833,-9.212145077412833,-371.8624181233738,151.30419288445484,3.739550587904625,-3.552109548058902,-144.09708172901,367.7753323818404,9.075749784726506,-9.075749784726506,-367.7753323818404,288.02280730385627,7.109781659581603,-7.040724434375284,-285.3675558255345,-137.09064902923978,-371.8624181233738,hourly_window_mean_factor_top_available_analogs,4.0,3687.9070259736845,,3687.9070259736845,0.0,7.006432699770228,-4.087085741533315,-4.308132797871765e-13,7.006432699770228,-4.087085741533315,-4.308132797871765e-13,144.09708172901,367.7753323818405,285.3675558255345,146.64177575629918,3.5883563525813407,151.30419288445484,3.739550587904625,371.8624181233738,9.212145077412833,367.7753323818404,9.075749784726506,288.02280730385627,7.109781659581603,4.087085741533372,0.136395292686327,-0.15119423532328424,0.030441256051205734,144.09708172901,367.7753323818405,285.3675558255345
experiment_2026_06_25_11_20,ERCOT_demand_SOUTH,2026-02-16,Presidents' Day,H2,F,best_matching_weekday,True,2026-02-16,3.0,True,True,8,False,2.0,10.0,8.0,pearson,PLS,standard,2.0,{},2026-02-15 10:00:00,2026-02-17,242.93612532199532,7.353192685794404,311.178124,8.026,,14.0,24.0,4.0,4.0,8.0,4.0,0.1045209526362417,3840.9037408423915,3790.10372089022,242.93612532199532,7.353192685794404,-7.196312142456083,-236.15438528975943,226.62118705778903,6.388805998212817,-6.370726918848372,-225.88488883182754,252.45317264278242,7.915751586883663,-7.6779035228939145,-242.14492489021973,259.56683742830944,7.201908784803627,-7.201908784803627,-259.56683742830944,222.4971215422727,6.441429965580718,-6.441429965580718,-222.4971215422727,236.15438528975994,6.721606372662843,-6.721606372662843,-236.15438528975994,-225.88488883182754,-242.14492489021973,hourly_window_mean_factor_top_available_analogs,4.0,3623.6563850000002,,3623.6563850000002,0.0,33.68194859648189,-19.64780334794699,4.906484575353955e-13,33.68194859648189,-19.64780334794699,4.906484575353955e-13,259.56683742830944,222.49712154227274,236.15438528975992,226.62118705778903,6.388805998212817,259.56683742830944,7.201908784803627,252.45317264278242,7.915751586883663,222.4971215422727,6.441429965580718,236.15438528975994,6.721606372662843,29.95605110050971,1.4743216213029449,-0.81310278659081,0.6315863131315611,259.56683742830944,222.49712154227274,236.15438528975992
experiment_2026_06_25_11_20,ERCOT_demand_SOUTH,2026-03-02,Texas Independence Day,H2,G,best_matching_weekday,True,2026-03-02,3.0,True,True,8,False,2.0,10.0,8.0,pearson,PLS,standard,2.0,{},2026-03-01 10:00:00,2026-03-03,123.84977430546628,2.7831979806699416,337.544405,9.201,,14.0,24.0,4.0,4.0,8.0,4.0,0.13407333922409556,4295.449427503433,4148.7413517915875,123.84977430546628,2.7831979806699416,0.7896310558959372,42.92865354919865,100.23671560869502,2.292749114673231,-0.6801283462058559,-25.193760723738933,137.6240585452495,3.069293152501356,1.6469907071219836,82.66672854174557,103.42851730502035,2.295675523719093,-0.49275039497603884,-25.541040333174838,156.23906278978197,4.034239195116963,2.438196635258825,82.86930831391616,136.7825460322382,3.393715737233537,1.358374045172296,42.92865354919842,-25.193760723738933,82.66672854174557,hourly_window_mean_factor_top_available_analogs,4.0,4804.664458815791,,4804.664458815791,0.0,0.34727960943590525,-0.20257977217058473,2.2737367544323206e-13,0.34727960943590525,-0.20257977217058473,2.2737367544323206e-13,25.541040333174838,-82.86930831391615,-42.92865354919842,100.23671560869502,2.292749114673231,103.42851730502035,2.295675523719093,137.6240585452495,3.069293152501356,156.23906278978197,4.034239195116963,136.7825460322382,3.393715737233537,-18.615004244532457,-0.9649460426156069,-0.002926409045862055,-0.6105177565635955,25.541040333174838,82.86930831391615,42.92865354919842
experiment_2026_06_25_11_20,ERCOT_demand_WEST,2025-01-01,New Year's Day,H2,K,best_matching_weekday,True,2025-01-01,3.0,True,True,2,False,2.0,2.0,2.0,pearson,PLS,standard,2.0,{},2024-12-31 10:00:00,2025-01-02,223.05151797387734,17.921064787406095,54.551187,4.579,,14.0,24.0,2.0,4.0,2.0,2.0,0.034119773710110234,1005.039423868228,992.7820475123557,223.05151797387734,17.921064787406095,17.921064787406095,223.05151797387734,160.4833016645624,13.51407364964742,13.51407364964742,160.4833016645624,259.549644154311,20.491809617765323,20.491809617765323,259.549644154311,157.70460762671863,13.290862109948828,13.290862109948828,157.70460762671863,261.17054900971976,20.6324911033992,20.6324911033992,261.17054900971976,223.05151797387728,17.927680421601696,17.927680421601696,223.05151797387728,160.4833016645624,259.549644154311,hourly_window_mean_factor_top_available_analogs,2.0,1106.9731319868422,,1106.9731319868422,0.0,2.778694037843788,-1.6209048554087768,6.282693663562992e-14,2.778694037843788,-1.6209048554087768,6.282693663562992e-14,-157.7046076267186,-261.17054900971976,-223.05151797387728,160.4833016645624,13.51407364964742,157.70460762671863,13.290862109948828,259.549644154311,20.491809617765323,261.17054900971976,20.6324911033992,223.05151797387728,17.927680421601696,-1.620904855408753,-0.14068148563387695,0.22321153969859253,-0.006615634195600961,157.7046076267186,261.17054900971976,223.05151797387728
experiment_2026_06_25_11_20,ERCOT_demand_WEST,2025-01-20,Martin Luther King Jr. Day,H2,I,best_matching_weekday,True,2025-01-20,3.0,True,True,2,False,2.0,2.0,2.0,pearson,PLS,standard,2.0,{},2025-01-19 10:00:00,2025-01-21,103.7996147240679,6.101308938493917,99.660776,8.164,,14.0,24.0,2.0,4.0,2.0,2.0,0.05022335262487817,1594.6662533079996,1618.046138645802,103.7996147240679,6.101308938493917,6.080123985980704,103.41842921831618,49.12605721527333,3.0785965728386557,3.021094558874219,48.09141084251868,135.6925232708647,7.864557818459485,7.864557818459485,135.6925232708647,42.13277390344073,2.5133268740179533,2.079639397784454,35.90430318803984,142.8016694026442,8.15347528281445,8.15347528281445,142.8016694026442,105.71312895556923,6.075525869047318,5.91574627254024,103.41842921831626,48.09141084251868,135.6925232708647,hourly_window_mean_factor_top_available_analogs,2.0,1557.4023817631578,,1557.4023817631578,0.0,12.187107654478837,-7.109146131779473,-9.573628439715034e-14,12.187107654478837,-7.109146131779473,-9.573628439715034e-14,-35.90430318803984,-142.8016694026442,-103.41842921831628,49.12605721527333,3.0785965728386557,42.13277390344073,2.5133268740179533,135.6925232708647,7.864557818459485,142.8016694026442,8.15347528281445,105.71312895556923,6.075525869047318,-7.109146131779482,-0.2889174643549648,0.5652696988207024,0.02578306944659836,35.90430318803984,142.8016694026442,103.41842921831628
experiment_2026_06_25_11_20,ERCOT_demand_WEST,2025-02-17,Presidents' Day,H2,I,best_matching_weekday,True,2025-02-17,3.0,True,True,8,False,2.0,10.0,8.0,pearson,PLS,standard,2.0,{},2025-02-16 10:00:00,2025-02-18,63.531730823096666,4.689501628538316,155.781856,10.608,,14.0,24.0,4.0,4.0,8.0,4.0,0.05862951847459103,1312.1692166234473,1334.0015855757729,63.531730823096666,4.689501628538316,2.1704330928480116,32.417018087079015,68.05065443768231,5.045479221909439,5.045479221909439,68.05065443768231,60.895692047921706,4.48184803240516,0.49332285089551114,11.630730215893758,88.20749989404644,6.462333409011947,6.462333409011947,88.20749989404644,78.24680440517086,5.829913505893425,-0.5110285395196961,-0.12742963365188112,81.916534322125,6.062910312305509,2.058104809939329,32.41701808707908,68.05065443768231,11.630730215893758,hourly_window_mean_factor_top_available_analogs,4.0,1511.4324654605261,,1511.4324654605261,0.0,-20.156845456364117,11.75815984954564,-5.983517774821896e-14,-20.156845456364117,11.75815984954564,-5.983517774821896e-14,-88.20749989404644,0.1274296336518823,-32.41701808707907,68.05065443768231,5.045479221909439,88.20749989404644,6.462333409011947,60.895692047921706,4.48184803240516,78.24680440517086,5.829913505893425,81.916534322125,6.062910312305509,-17.351112357249157,-1.3480654734882656,-1.4168541871025084,-1.3734086837671926,88.20749989404644,0.1274296336518823,32.41701808707907
experiment_2026_06_25_11_20,ERCOT_demand_WEST,2025-03-02,Texas Independence Day,H2,F,best_matching_weekday,True,2025-03-02,3.0,True,True,8,False,2.0,10.0,8.0,pearson,PLS,standard,2.0,{},2025-03-01 10:00:00,2025-03-03,40.07006430826054,3.7919858679804435,164.077898,11.04,,14.0,24.0,4.0,4.0,8.0,4.0,0.04202320543430021,1115.8965386953494,1115.061265153531,40.07006430826054,3.7919858679804435,-2.4193335473936552,-24.107846826928597,21.647224323960263,1.9004554334608679,0.46556684965992395,5.803559375817956,50.816720965769036,4.895378621450195,-4.1021921123415765,-41.55616711186409,23.103343376747812,2.0260494702231187,0.9386845535830602,10.950082034897637,53.17427615696479,5.113415998565661,-4.3515142722119995,-44.558305329660094,42.095511448463796,3.975965172334199,-2.4024936521822404,-24.107846826928295,5.803559375817956,-41.55616711186409,hourly_window_mean_factor_top_available_analogs,4.0,1066.8351316842106,,1066.8351316842106,0.0,-5.146522659079681,3.002138217795997,-3.051594065159167e-13,-5.146522659079681,3.002138217795997,-3.051594065159167e-13,-10.950082034897637,44.55830532966009,24.10784682692829,21.647224323960263,1.9004554334608679,23.103343376747812,2.0260494702231187,50.816720965769036,4.895378621450195,53.17427615696479,5.113415998565661,42.095511448463796,3.975965172334199,-2.3575551911957504,-0.21803737711546578,-0.12559403676225078,-0.18397930435375542,10.950082034897637,44.55830532966009,24.10784682692829
experiment_2026_06_25_11_20,ERCOT_demand_WEST,2025-04-21,San Jacinto Day,H2,L,best_matching_weekday,True,2025-04-21,3.0,True,True,8,False,2.0,10.0,8.0,pearson,PLS,standard,2.0,{},2025-04-20 10:00:00,2025-04-22,62.43614430074855,5.4732138800341925,129.165037,8.47,,14.0,24.0,4.0,4.0,8.0,4.0,0.06499962418979838,1208.6856920897305,1197.5846250845768,62.43614430074855,5.4732138800341925,-3.709412529355221,-38.27444385288854,77.86973495570875,6.92639254605025,-6.92639254605025,-77.86973495570875,53.43321641868841,4.625526324858161,-1.8328408529497857,-15.177190709576744,88.8332083067339,7.803206397971189,-7.803206397971189,-88.8332083067339,42.035847843568405,3.620851480097869,-1.1965031803889137,-8.781831254811882,59.27698064578726,5.161719081419619,-3.630551734235014,-38.27444385288841,-77.86973495570875,-15.177190709576744,hourly_window_mean_factor_top_available_analogs,4.0,1205.684423907895,,1205.684423907895,0.0,10.963473351025138,-6.395359454764862,-1.2565387327125983e-13,10.963473351025138,-6.395359454764862,-1.2565387327125983e-13,88.8332083067339,8.78183125481188,38.27444385288841,77.86973495570875,6.92639254605025,88.8332083067339,7.803206397971189,53.43321641868841,4.625526324858161,42.035847843568405,3.620851480097869,59.27698064578726,5.161719081419619,11.397368575120005,1.0046748447602916,-0.8768138519209385,0.3114947986145733,88.8332083067339,8.78183125481188,38.27444385288841
experiment_2026_06_25_11_20,ERCOT_demand_WEST,2025-05-26,Memorial Day,H2,H,best_matching_weekday,True,2025-05-26,3.0,True,True,8,False,2.0,10.0,8.0,pearson,PLS,standard,2.0,{},2025-05-25 10:00:00,2025-05-27,105.20880175539226,7.422886065866506,55.34598,4.652,,14.0,24.0,4.0,4.0,8.0,4.0,0.1189561787445707,1539.6803340569038,1480.7042297146002,105.20880175539226,7.422886065866506,-6.093598344207757,-81.46683442532495,37.287580682464295,2.1536848941733053,1.4543817789004387,27.15490207057558,144.82951404793357,10.496586749354204,-10.496586749354204,-144.82951404793357,18.895449082360205,1.1028351377942758,0.5587269998228873,10.913696563079156,135.3554775018939,9.661889796387202,-9.661889796387202,-135.3554775018939,92.4491512420657,6.5085538695371765,-5.896399397783484,-81.46683442532486,27.15490207057558,-144.82951404793357,hourly_window_mean_factor_top_available_analogs,4.0,1451.6358057368423,,1451.6358057368423,0.0,16.241205507496424,-9.474036546039693,-7.180221329786275e-14,16.241205507496424,-9.474036546039693,-7.180221329786275e-14,-10.913696563079156,135.3554775018939,81.46683442532488,37.287580682464295,2.1536848941733053,18.895449082360205,1.1028351377942758,144.82951404793357,10.496586749354204,135.3554775018939,9.661889796387202,92.4491512420657,6.5085538695371765,9.474036546039684,0.8346969529670023,1.0508497563790296,0.9143321963293296,10.913696563079156,135.3554775018939,81.46683442532488
experiment_2026_06_25_11_20,ERCOT_demand_WEST,2025-06-19,Juneteenth National Independence Day,H2,I,best_matching_weekday,True,2025-06-19,3.0,True,True,8,False,2.0,10.0,8.0,pearson,PLS,standard,2.0,{},2025-06-18 10:00:00,2025-06-20,53.03859028445261,3.4462272001348104,69.238337,5.563,,14.0,24.0,4.0,4.0,8.0,4.0,0.09403082821629787,1635.05865203127,1592.345073208585,53.03859028445261,3.4462272001348104,-0.06782251407649223,1.7079564424145222,37.24430290463056,2.1544395057475056,0.6117627073558756,9.919345201271264,62.25192458934881,4.199770021860737,-0.46424722657870676,-3.0820203335852434,32.007723674447625,1.8484508754735827,-0.18470458098005987,-4.480790183070212,34.848697402829835,2.2292322186299884,0.037642365111372755,5.318058640613505,33.8020228713206,2.088944355361839,-0.044274930817049786,1.707956442414241,9.919345201271264,-3.0820203335852434,hourly_window_mean_factor_top_available_analogs,4.0,1527.8631196973686,,1527.8631196973686,0.0,14.400135384341477,-8.400078974198749,2.8122533541662914e-13,14.400135384341477,-8.400078974198749,2.8122533541662914e-13,4.480790183070212,-5.318058640613506,-1.7079564424142408,37.24430290463056,2.1544395057475056,32.007723674447625,1.8484508754735827,62.25192458934881,4.199770021860737,34.848697402829835,2.2292322186299884,33.8020228713206,2.088944355361839,27.403227186518976,1.9705378032307488,0.305988630273923,1.3572828447729712,4.480790183070212,5.318058640613506,1.7079564424142408
experiment_2026_06_25_11_20,ERCOT_demand_WEST,2025-07-04,Independence Day,H2,I,best_matching_weekday,True,2025-07-04,3.0,True,True,14,False,2.0,19.0,14.0,pearson,PLS,standard,2.0,{},2025-07-03 10:00:00,2025-07-05,59.1448734999333,4.355785873377672,72.109508,5.343,,14.0,24.0,4.0,4.0,14.0,4.0,0.11744963185134161,1363.2001170707401,1349.1709139909235,59.1448734999333,4.355785873377672,0.7690839782350508,16.2418411924178,63.62746293528845,4.295611676037087,4.295611676037087,63.62746293528845,56.53002966264278,4.390887488493013,-1.288057178816137,-11.399771490923408,44.169606681543186,3.1441355340227295,0.7882148584484759,8.637259039555456,53.888489975327964,4.179563562609723,1.946173059188851,20.677847448254084,50.30784876182831,3.7980900783934626,1.5195568799687131,16.24184119241775,63.62746293528845,-11.399771490923408,hourly_window_mean_factor_top_available_analogs,4.0,1669.4768815986843,,1669.4768815986843,0.0,54.99020389573299,-32.07761893917749,5.3851659973397064e-14,54.99020389573299,-32.07761893917749,5.3851659973397064e-14,-8.63725903955546,-20.677847448254084,-16.24184119241775,63.62746293528845,4.295611676037087,44.169606681543186,3.1441355340227295,56.53002966264278,4.390887488493013,53.888489975327964,4.179563562609723,50.30784876182831,3.7980900783934626,2.6415396873148183,0.2113239258832902,1.1514761420143573,0.5576957949842098,8.63725903955546,20.677847448254084,16.24184119241775
experiment_2026_06_25_11_20,ERCOT_demand_WEST,2025-08-27,Lyndon B. Johnson Day,H2,H,best_matching_weekday,True,2025-08-27,3.0,True,True,14,False,2.0,19.0,14.0,pearson,PLS,standard,2.0,{},2025-08-26 10:00:00,2025-08-28,38.45053512227361,2.252227136196853,70.876294,4.984,,14.0,24.0,4.0,4.0,14.0,4.0,0.1419965551394938,1675.6940536453453,1607.8407375978506,38.45053512227361,2.252227136196853,-1.9669265947950167,-34.52738609271342,23.547144452337257,1.3547434011759847,-1.3069272034852417,-22.691006226763665,47.144179679736474,2.7757593149590267,-2.351926239725719,-41.43194101451744,44.87939235081472,2.511720984262199,-2.506244446265737,-44.7898796866815,57.177200134706,3.4688325430430056,-1.3176445633633518,-28.540931496232577,52.64642884590395,3.1162124950711303,-1.7555497833800204,-34.52738609271376,-22.691006226763665,-41.43194101451744,hourly_window_mean_factor_top_available_analogs,4.0,1418.4236139539476,,1418.4236139539476,0.0,22.098873459917836,-12.891009518284866,3.410605131648481e-13,22.098873459917836,-12.891009518284866,3.410605131648481e-13,44.7898796866815,28.540931496232574,34.52738609271376,23.547144452337257,1.3547434011759847,44.87939235081472,2.511720984262199,47.144179679736474,2.7757593149590267,57.177200134706,3.4688325430430056,52.64642884590395,3.1162124950711303,-10.033020454969524,-0.6930732280839789,-1.1569775830862141,-0.8639853588742774,44.7898796866815,28.540931496232574,34.52738609271376
experiment_2026_06_25_11_20,ERCOT_demand_WEST,2025-09-01,Labor Day,H2,H,best_matching_weekday,True,2025-09-01,3.0,True,True,14,False,2.0,19.0,14.0,pearson,PLS,standard,2.0,{},2025-08-31 10:00:00,2025-09-02,125.79017290966316,8.41056252095193,45.408443,3.025,,14.0,24.0,4.0,4.0,14.0,4.0,0.12440385205884621,1608.4666557780845,1540.6110359428196,125.79017290966316,8.41056252095193,-8.41056252095193,-125.79017290966316,163.1419950671088,10.397150716237478,-10.397150716237478,-163.1419950671088,104.00160998448654,7.251719407035362,-7.251719407035362,-104.00160998448654,161.95963379316237,10.279261788451182,-10.279261788451182,-161.95963379316237,104.69132072762234,7.176843164331025,-7.176843164331025,-104.69132072762234,125.79017290966343,8.319839499533188,-8.319839499533188,-125.79017290966343,-163.1419950671088,-104.00160998448654,hourly_window_mean_factor_top_available_analogs,4.0,1539.70839575,,1539.70839575,0.0,-1.1823612739464449,0.6897107431358241,2.5130774654251967e-13,-1.1823612739464449,0.6897107431358241,2.5130774654251967e-13,161.95963379316237,104.69132072762235,125.79017290966341,163.1419950671088,10.397150716237478,161.95963379316237,10.279261788451182,104.00160998448654,7.251719407035362,104.69132072762234,7.176843164331025,125.79017290966343,8.319839499533188,-0.6897107431358052,0.07487624270433724,0.11788892778629645,0.09072302141874111,161.95963379316237,104.69132072762235,125.79017290966341
experiment_2026_06_25_11_20,ERCOT_demand_WEST,2025-11-11,Veterans Day,H2,L,best_matching_weekday,True,2025-11-11,3.0,True,True,15,False,2.0,20.0,15.0,pearson,PLS,standard,2.0,{},2025-11-10 10:00:00,2025-11-12,29.437481923062165,2.126173311146458,71.174799,4.8,,14.0,24.0,4.0,4.0,15.0,4.0,0.04027039048323887,1374.5172047714118,1356.5282614240289,29.437481923062165,2.126173311146458,0.30499301785256405,4.8754126496407695,28.896474020263863,2.045031235173025,0.09292492052088049,2.2577021330745475,29.753069866361177,2.1735061887976275,0.4286994079627127,6.4024104509710655,10.160436121302935,0.7221539729176945,-0.5561410982513414,-7.705061970443206,49.796029811532954,3.593536251873567,0.8309487767628726,12.214022844689898,35.19344266250084,2.5356585701529823,0.31991566491553075,4.875412649640859,2.2577021330745475,6.4024104509710655,hourly_window_mean_factor_top_available_analogs,4.0,1161.9782484144737,,1161.9782484144737,0.0,9.962764103517754,-5.811612393718832,-8.975276662232845e-14,9.962764103517754,-5.811612393718832,-8.975276662232845e-14,7.705061970443207,-12.214022844689897,-4.875412649640859,28.896474020263863,2.045031235173025,10.160436121302935,0.7221539729176945,29.753069866361177,2.1735061887976275,49.796029811532954,3.593536251873567,35.19344266250084,2.5356585701529823,-20.042959945171777,-1.4200300630759397,1.3228772622553304,-0.4094852590065243,7.705061970443207,12.214022844689897,4.875412649640859
experiment_2026_06_25_11_20,ERCOT_demand_WEST,2025-11-27,Thanksgiving Day,H1,H,best_matching_weekday,True,2025-11-27,3.0,True,True,18,False,2.0,24.0,18.0,pearson,PLS,standard,2.0,{},2025-11-26 10:00:00,2025-11-28,39.14024673897338,3.014230460332535,70.587362,4.634,,14.0,24.0,4.0,4.0,18.0,4.0,0.12700031944118131,1300.1912415015827,1290.598781841052,39.14024673897338,3.014230460332535,-0.4204953289238131,-4.34860950158303,22.610154400815514,1.7427093144603276,-0.9476748652000989,-12.201605562493635,48.782800602898796,3.7559511287579888,-0.11297393276264624,0.23230486728148966,119.34685464324689,9.168556220190464,-6.508851561239825,-84.6528065586535,198.6784249668045,15.43613318247627,3.0898391318912672,42.495505448375305,169.45100432128325,13.127025880581499,-0.44652059715703024,-4.348609501582674,-12.201605562493635,0.23230486728148966,hourly_window_mean_factor_top_available_analogs,4.0,1416.6904468026316,,1416.6904468026316,0.0,72.45120099615986,-42.26320058109381,-3.5601930760190285e-13,72.45120099615986,-42.26320058109381,-3.5601930760190285e-13,84.6528065586535,-42.495505448375305,4.348609501582674,22.610154400815514,1.7427093144603276,119.34685464324689,9.168556220190464,48.782800602898796,3.7559511287579888,198.6784249668045,15.43613318247627,169.45100432128325,13.127025880581499,-149.8956243639057,-11.680182053718282,-7.425846905730136,-10.112795420248965,84.6528065586535,42.495505448375305,4.348609501582674
experiment_2026_06_25_11_20,ERCOT_demand_WEST,2025-11-28,Day after Thanksgiving,H2,L,best_matching_weekday,True,2025-11-28,3.0,True,True,18,False,2.0,24.0,18.0,pearson,PLS,standard,2.0,{},2025-11-27 10:00:00,2025-11-29,30.287773249152213,2.356342020127316,66.011475,4.606,,14.0,24.0,4.0,4.0,18.0,4.0,0.03698298234454458,1298.507496804812,1285.6536361974333,30.287773249152213,2.356342020127316,-0.5188281504587062,-5.473731778495951,43.62380085340794,3.3975319974755154,-1.935711181125414,-23.60113198888928,22.508423813336368,1.7489812000075322,0.30768695076354047,5.100585010900157,42.60487642980903,3.3191034978391367,-3.309717485973583,-42.48506823288752,25.158367721359742,1.9184417446269115,1.227984817439179,16.116214486565344,31.58602882447264,2.4344750221261524,-0.4438002417128913,-5.473731778496238,-23.60113198888928,5.100585010900157,hourly_window_mean_factor_top_available_analogs,4.0,1093.240634019737,,1093.240634019737,0.0,18.883936243998246,-11.015629475665188,2.87208853191451e-13,18.883936243998246,-11.015629475665188,2.87208853191451e-13,42.48506823288753,-16.116214486565344,5.473731778496238,43.62380085340794,3.3975319974755154,42.60487642980903,3.3191034978391367,22.508423813336368,1.7489812000075322,25.158367721359742,1.9184417446269115,31.58602882447264,2.4344750221261524,-2.649943908023374,-0.16946054461937932,0.07842849963637866,-0.07813300199883644,42.48506823288753,16.116214486565344,5.473731778496238
experiment_2026_06_25_11_20,ERCOT_demand_WEST,2025-12-24,Christmas Eve,H1,J,best_matching_weekday,True,2025-12-24,3.0,True,True,3,False,2.0,3.0,3.0,pearson,PLS,standard,2.0,{},2025-12-23 10:00:00,2025-12-25,54.736525249017994,4.079289703418376,41.998185,3.172,,14.0,24.0,3.0,4.0,3.0,3.0,0.0376088001511719,1251.4678747795037,1231.6288669846901,54.736525249017994,4.079289703418376,3.8417421139777312,51.69314632575939,73.6702775059827,5.366572515153554,4.953878642957372,68.32357592938729,43.691836432455254,3.328374729906189,3.1929958054062726,41.99206239030979,66.32855260621336,4.8322852024487295,4.0000558341416115,55.503965082741765,49.6290691960551,3.8212540700062583,3.808704223262098,49.47016871751967,55.78151045242921,4.193739224064011,3.879202185165077,51.693146325759386,68.32357592938729,41.99206239030979,hourly_window_mean_factor_top_available_analogs,3.0,1026.8292711491229,,1026.8292711491229,0.0,12.819610846645528,-7.478106327209882,5.983517774821896e-15,12.819610846645528,-7.478106327209882,5.983517774821896e-15,-55.50396508274176,-49.47016871751967,-51.693146325759386,73.6702775059827,5.366572515153554,66.32855260621336,4.8322852024487295,43.691836432455254,3.328374729906189,49.6290691960551,3.8212540700062583,55.78151045242921,4.193739224064011,-5.9372327635998445,-0.4928793401000693,0.5342873127048247,-0.11444952064563463,55.50396508274176,49.47016871751967,51.693146325759386
experiment_2026_06_25_11_20,ERCOT_demand_WEST,2025-12-25,Christmas Day,H2,J,best_matching_weekday,True,2025-12-25,3.0,True,True,3,False,2.0,3.0,3.0,pearson,PLS,standard,2.0,{},2025-12-24 10:00:00,2025-12-26,62.703012748117594,4.740199064684444,42.757196,3.258,,14.0,24.0,3.0,4.0,3.0,3.0,0.0376088001511719,1226.6944124237737,1211.6455527841451,62.703012748117594,4.740199064684444,4.652546714344285,61.59319836569995,76.27028937485397,5.687940601166514,5.450027078814656,73.25793605114892,54.78876804918806,4.187349835069903,4.187349835069903,54.78876804918806,64.17439526899874,4.78965303078484,3.923774010112886,53.15365394703591,66.51626594325408,5.186834173809582,5.186834173809582,66.51626594325408,65.65347148431789,5.040504279010994,4.7214962187634315,61.59319836570001,73.25793605114892,54.78876804918806,hourly_window_mean_factor_top_available_analogs,3.0,1026.8292711491229,,1026.8292711491229,0.0,20.104282104113004,-11.727497894066033,-7.180221329786275e-14,20.104282104113004,-11.727497894066033,-7.180221329786275e-14,-53.15365394703591,-66.5162659432541,-61.59319836570002,76.27028937485397,5.687940601166514,64.17439526899874,4.78965303078484,54.78876804918806,4.187349835069903,66.51626594325408,5.186834173809582,65.65347148431789,5.040504279010994,-11.727497894066026,-0.9994843387396788,0.8982875703816742,-0.3003052143265501,53.15365394703591,66.5162659432541,61.59319836570002
experiment_2026_06_25_11_20,ERCOT_demand_WEST,2026-01-01,New Year's Day,H2,K,best_matching_weekday,True,2026-01-01,3.0,True,True,3,False,2.0,3.0,3.0,pearson,PLS,standard,2.0,{},2025-12-31 10:00:00,2026-01-02,61.10707284587062,4.603973848578626,49.558687,3.751,,14.0,24.0,3.0,4.0,3.0,3.0,0.037179431058098865,1407.2606968879159,1409.5850045155,61.10707284587062,4.603973848578626,-4.5781272838160865,-60.7021806773897,38.863264912220515,2.8792588080779025,-2.8091038465795806,-37.764271883486586,74.08262747383317,5.610057622204049,-5.610057622204049,-74.08262747383317,32.77645722785103,2.3731711059564797,-2.341445499737876,-32.36536772656122,77.42118949983949,5.839501854545827,-5.8252280078142915,-77.23198823203936,60.97313024173849,4.562432631381331,-4.541729189049296,-60.70218067738952,-37.764271883486586,-74.08262747383317,hourly_window_mean_factor_top_available_analogs,3.0,1179.248685973684,,1179.248685973684,0.0,-5.398904156925369,3.1493607582061807,-1.795055332446569e-13,-5.398904156925369,3.1493607582061807,-1.795055332446569e-13,32.36536772656122,77.23198823203936,60.70218067738952,38.863264912220515,2.8792588080779025,32.77645722785103,2.3731711059564797,74.08262747383317,5.610057622204049,77.42118949983949,5.839501854545827,60.97313024173849,4.562432631381331,-3.338562026006315,-0.2294442323417787,0.5060877021214227,0.04154121719729531,32.36536772656122,77.23198823203936,60.70218067738952
experiment_2026_06_25_11_20,ERCOT_demand_WEST,2026-01-19,Martin Luther King Jr. Day,H2,I,best_matching_weekday,True,2026-01-19,3.0,True,True,3,False,2.0,3.0,3.0,pearson,PLS,standard,2.0,{},2026-01-18 10:00:00,2026-01-20,140.02973598188336,8.931363048922405,59.515537,4.474,,14.0,24.0,3.0,4.0,3.0,3.0,0.06705087315571447,1725.7105780345148,1766.2651852407246,140.02973598188336,8.931363048922405,-8.931363048922405,-140.02973598188336,115.7383454667269,7.564766014804227,-7.564766014804227,-115.7383454667269,154.19971378239134,9.72854465215801,-9.72854465215801,-154.19971378239134,99.29916528227889,6.391510710550291,-6.362119443411878,-98.86715583326801,164.04124106857543,10.243378238162057,-10.243378238162057,-164.04124106857543,140.1888973578346,8.824269149041932,-8.813440787464623,-140.02973598188322,-115.7383454667269,-154.19971378239134,hourly_window_mean_factor_top_available_analogs,3.0,1365.1486145964914,,1365.1486145964914,0.0,-16.871189633458894,9.841527286184098,-1.615549799201912e-13,-16.871189633458894,9.841527286184098,-1.615549799201912e-13,98.867155833268,164.04124106857543,140.0297359818832,115.7383454667269,7.564766014804227,99.29916528227889,6.391510710550291,154.19971378239134,9.72854465215801,164.04124106857543,10.243378238162057,140.1888973578346,8.824269149041932,-9.841527286184089,-0.5148335860040465,1.173255304253936,0.10709389988047313,98.867155833268,164.04124106857543,140.0297359818832
experiment_2026_06_25_11_20,ERCOT_demand_WEST,2026-02-16,Presidents' Day,H2,I,best_matching_weekday,True,2026-02-16,3.0,True,True,3,False,2.0,3.0,3.0,pearson,PLS,standard,2.0,{},2026-02-15 10:00:00,2026-02-17,69.87890862727716,5.10350640263057,87.946607,6.092,,14.0,24.0,3.0,4.0,3.0,3.0,0.10205113593263596,1338.5819188565397,1314.3013847531095,69.87890862727716,5.10350640263057,0.8990063051733883,14.797832932933721,60.00151149686379,4.610886456978053,-3.6548457661345464,-47.0154657481353,75.64072362001826,5.390868037594539,3.5554200134363505,50.85559049689065,103.82031004424404,7.847803004528887,-5.925606378796238,-77.97314112620505,134.39893000291602,9.702844739488867,4.974299682690416,68.91423446743174,123.13312264972109,9.019408310819399,0.9585448179321752,14.797832932933979,-47.0154657481353,50.85559049689065,hourly_window_mean_factor_top_available_analogs,3.0,1502.6265604298244,,1502.6265604298244,0.0,30.957675378069748,-18.058643970541095,-2.5729126431734153e-13,30.957675378069748,-18.058643970541095,-2.5729126431734153e-13,77.97314112620505,-68.91423446743174,-14.797832932933979,60.00151149686379,4.610886456978053,103.82031004424404,7.847803004528887,75.64072362001826,5.390868037594539,134.39893000291602,9.702844739488867,123.13312264972109,9.019408310819399,-58.758206382897754,-4.311976701894328,-3.236916547550834,-3.915901908188829,77.97314112620505,68.91423446743174,14.797832932933979
experiment_2026_06_25_11_20,ERCOT_demand_WEST,2026-03-02,Texas Independence Day,H2,I,best_matching_weekday,True,2026-03-02,3.0,True,True,9,False,2.0,11.0,9.0,pearson,PLS,standard,2.0,{},2026-03-01 10:00:00,2026-03-03,75.85485579363912,5.8331952339137585,67.412475,4.633,,14.0,24.0,4.0,4.0,9.0,4.0,0.11744963185134161,1419.7226801883758,1398.5434593554999,75.85485579363912,5.8331952339137585,-5.8331952339137585,-75.85485579363912,41.47256854473523,2.9793312508760326,-2.9793312508760326,-41.47256854473523,95.9111900221664,7.497949224019098,-7.497949224019098,-95.9111900221664,103.08718403768192,7.190571804644972,-5.986658101809596,-87.4828571146925,99.37093713671892,7.343191745180914,-4.822010225645883,-69.07185502302434,100.74008073181056,7.286963346036093,-5.251091022127249,-75.85485579363893,-41.47256854473523,-95.9111900221664,hourly_window_mean_factor_top_available_analogs,4.0,1669.4768815986843,,1669.4768815986843,0.0,46.01028856995726,-26.839334999142057,-2.0343960434394448e-13,46.01028856995726,-26.839334999142057,-2.0343960434394448e-13,87.4828571146925,69.07185502302434,75.85485579363892,41.47256854473523,2.9793312508760326,103.08718403768192,7.190571804644972,95.9111900221664,7.497949224019098,99.37093713671892,7.343191745180914,100.74008073181056,7.286963346036093,-3.4597471145525276,0.15475747883818336,-4.21124055376894,-1.4537681121223347,87.4828571146925,69.07185502302434,75.85485579363892
