experiment_id,unique_id,target_date,holiday_label,holiday_day_type,analog_cluster,cluster_filter_label,filter_by_cluster,train_end,eligible_tuning_dates,target_exists,target_has_complete_profile,selected_analogs,fail,optuna_k_min,optuna_k_max,k,typedist,typereg,scale_method,n_components,regressor_params,forecast_start,forecast_end,mae_window,mape_window_pct,tuning_best_mean_mae,tuning_best_mean_mape_pct,error,bias_head_hours,bias_tail_hours,hourly_factor_analog_count,hourly_factor_requested_analogs,hourly_factor_available_neighbors,hourly_factor_selected_analogs,hourly_factor_mean_abs,forecast_window_mean_38,forecast_daily_mean_24,mae_38,mape_38_pct,mpe_38_pct,bias_38,mae_14,mape_14_pct,mpe_14_pct,bias_14,mae_24,mape_24_pct,mpe_24_pct,bias_24,mae_14_bias_adjusted,mape_14_bias_adjusted_pct,mpe_14_bias_adjusted_pct,bias_14_bias_adjusted,mae_24_bias_adjusted,mape_24_bias_adjusted_pct,mpe_24_bias_adjusted_pct,bias_24_bias_adjusted,mae_38_bias_adjusted,mape_38_bias_adjusted_pct,mpe_38_bias_adjusted_pct,bias_38_bias_adjusted,head_bias_mean,tail_bias_mean,bias_model_method,bias_train_samples,predicted_head_bias_mean,predicted_tail_bias_mean,predicted_full_bias_mean,predicted_bias_14,predicted_bias_24,predicted_bias_38,bias_14_prediction_error,bias_24_prediction_error,bias_38_prediction_error,mae_head14,mape_head14_pct,mae_head14_bias_adjusted,mape_head14_bias_adjusted_pct,mae_holiday24_raw,mape_holiday24_raw_pct,mae_holiday24_bias_adjusted,mape_holiday24_bias_adjusted_pct,mae_window_bias_adjusted,mape_window_bias_adjusted_pct,mae_holiday24_improvement,mape_holiday24_improvement_pct,mape_window_improvement_pct
experiment_2026_08_25_00_38_criterion_seasonal_winter_sprint_fall,SEN_demand_CEL,2025-01-01,New Year's Day,H3,F,observance_tier,True,2025-01-01,19,True,True,6,False,2,6,6,euclidian,RidgeReg,,2,{'alpha': 0.05270279886412931},2024-12-31 10:00:00,2025-01-02,262.2417670282968,5.270694560647732,229.827821,4.01,,14,24,4,4,6,4,0.10989244922090709,5423.822532180046,4971.258939288204,262.2417670282968,5.270694560647732,-5.240370482211169,-260.5808848116271,262.0435771374959,4.418930395495565,-4.418930395495565,-262.0435771374959,262.3573777979305,5.76755699031983,-5.719543866128606,-259.72764762153685,157.5793566573595,2.69049164983425,-2.69049164983425,-157.5793566573595,337.4925371937746,7.596590379490465,-7.2921860195150865,-320.6651095682806,271.2087338382532,5.789080321196071,-5.596824935948463,-260.5808848116254,-262.0435771374959,-259.72764762153685,hourly_window_mean_factor_top_available_analogs,4,-104.46422048013639,60.9374619467438,-1.5317805503544054e-12,-104.46422048013639,60.9374619467438,-1.5317805503544054e-12,157.5793566573595,320.6651095682806,260.58088481162554,262.0435771374959,4.418930395495565,157.5793566573595,2.69049164983425,262.3573777979305,5.76755699031983,337.4925371937746,7.596590379490465,271.2087338382532,5.789080321196071,-75.13515939584408,-1.8290333891706352,-0.5183857605483393
experiment_2026_08_25_00_38_criterion_seasonal_winter_sprint_fall,SEN_demand_CEL,2025-02-03,Constitution Day,H2,F,observance_tier,True,2025-02-03,19,True,True,6,False,2,6,6,euclidian,LassoReg,,2,{'alpha': 0.20311897190676947},2025-02-02 10:00:00,2025-02-04,100.12150661769185,1.7033765904308518,223.385424,3.811,,14,24,4,4,6,4,0.08929664216248985,5989.6642931879605,5842.373955968488,100.12150661769185,1.7033765904308518,-0.1630122920482143,-5.032837661644814,95.35340757226206,1.5415566602768216,-0.04846758311080495,-0.9112534213415009,102.9028977275259,1.7977715496873692,-0.2298300389283697,-7.43709513515508,215.35085083322954,3.5406328561121194,-3.0797313056523135,-186.05718007746503,120.24394575782453,1.9099474956186147,1.547545402222955,100.56469541425035,155.2833318382369,2.510726312642538,-0.15724075331003853,-5.03283766164479,-0.9112534213415009,-7.43709513515508,hourly_window_mean_factor_top_available_analogs,4,185.14592665612352,-108.00179054940543,-2.3934071099287584e-14,185.14592665612352,-108.00179054940543,-2.3934071099287584e-14,186.05718007746503,-100.56469541425035,5.03283766164479,95.35340757226206,1.5415566602768216,215.35085083322954,3.5406328561121194,102.9028977275259,1.7977715496873692,120.24394575782453,1.9099474956186147,155.2833318382369,2.510726312642538,-17.341048030298637,-0.11217594593124547,-0.8073497222116863
experiment_2026_08_25_00_38_criterion_seasonal_winter_sprint_fall,SEN_demand_CEL,2025-03-17,Benito Juarez's Birthday,H2,G,observance_tier,True,2025-03-17,19,True,True,6,False,2,6,6,euclidian,LassoReg,,2,{'alpha': 0.20311897190676947},2025-03-16 10:00:00,2025-03-18,111.91368388236623,1.8680483722956331,206.771852,3.55,,14,24,4,4,6,4,0.08057069023540409,6092.027737908617,5973.931019175216,111.91368388236623,1.8680483722956331,-0.18366192383103264,-13.064268698091814,85.87581880969967,1.3597098991282228,1.1500011451664391,73.52130997697883,127.10243850808838,2.1645791483099566,-0.9616320474128912,-63.572522925216354,75.96241888093768,1.2188478553129218,-1.0267490831697843,-62.67884395332424,71.28124102973497,1.1313176966627936,0.17216873259934506,15.877566867461647,73.00588550123071,1.163565649849683,-0.2695378311050711,-13.064268698091047,73.52130997697883,-63.572522925216354,hourly_window_mean_factor_top_available_analogs,4,136.20015393030306,-79.450089792678,-7.658902751772027e-13,136.20015393030306,-79.450089792678,-7.658902751772027e-13,62.67884395332423,-15.877566867461645,13.064268698091048,85.87581880969967,1.3597098991282228,75.96241888093768,1.2188478553129218,127.10243850808838,2.1645791483099566,71.28124102973497,1.1313176966627936,73.00588550123071,1.163565649849683,55.82119747835341,1.033261451647163,0.7044827224459502
experiment_2026_08_25_00_38_criterion_seasonal_winter_sprint_fall,SEN_demand_CEL,2025-04-17,Maundy Thursday,H1,G,observance_tier,True,2025-04-17,19,True,True,6,False,2,6,6,euclidian,LassoReg,,2,{'alpha': 0.8054019578961106},2025-04-16 10:00:00,2025-04-18,171.40996141153082,2.5786843473350687,197.272654,3.389,,14,24,4,4,6,4,0.08365253438551874,6509.061799598199,6132.65398835221,171.40996141153082,2.5786843473350687,2.436692528543868,161.2635451386433,121.83044172080119,1.6466881151573454,1.2612817498669437,94.29016898010657,200.33134789778975,3.122348816105408,3.122348816105408,200.33134789778975,117.22191401458642,1.5892655366535215,1.266805974207487,94.17690876810691,204.66102362406855,3.1813918587267502,3.1103747167913,200.39741635478867,172.44661482057512,2.5948190032260876,2.4311651800498955,161.26354513864277,94.29016898010657,200.33134789778975,hourly_window_mean_factor_top_available_analogs,4,0.11326021199965908,-0.06606845699892953,5.504836352836145e-13,0.11326021199965908,-0.06606845699892953,5.504836352836145e-13,-94.17690876810691,-200.39741635478867,-161.26354513864277,121.83044172080119,1.6466881151573454,117.22191401458642,1.5892655366535215,200.33134789778975,3.122348816105408,204.66102362406855,3.1813918587267502,172.44661482057512,2.5948190032260876,-4.3296757262787935,-0.05904304262134241,-0.016134655891018923
experiment_2026_08_25_00_38_criterion_seasonal_winter_sprint_fall,SEN_demand_CEL,2025-04-18,Good Friday,H2,G,observance_tier,True,2025-04-18,19,True,True,6,False,2,6,6,euclidian,LassoReg,,2,{'alpha': 0.20311897190676947},2025-04-17 10:00:00,2025-04-19,153.0080167675636,2.495472420206954,206.18094,3.489,,14,24,4,4,6,4,0.08293473332753953,6270.647699828829,5994.909359152483,153.0080167675636,2.495472420206954,-1.8651911224757385,-110.8666000919856,97.71151024294893,1.4539237004849237,-0.09516769023586326,-4.621485988274604,185.26431224025546,3.1030425067114713,-2.8977047912823326,-172.8429166524837,114.84232148441995,1.7262944082263865,-1.2404096491508567,-81.16950021864795,131.45292885230154,2.253708947809186,-2.2016366860317076,-128.18990835143475,125.33323140097676,2.059398327962892,-1.8475004092861314,-110.866600091987,-4.621485988274604,-172.8429166524837,hourly_window_mean_factor_top_available_analogs,4,76.54801423037335,-44.65300830104892,1.38817612375868e-12,76.54801423037335,-44.65300830104892,1.38817612375868e-12,81.16950021864795,128.18990835143478,110.866600091987,97.71151024294893,1.4539237004849237,114.84232148441995,1.7262944082263865,185.26431224025546,3.1030425067114713,131.45292885230154,2.253708947809186,125.33323140097676,2.059398327962892,53.811383387953924,0.8493335589022855,0.43607409224406224
experiment_2026_08_25_00_38_criterion_seasonal_winter_sprint_fall,SEN_demand_CEL,2025-04-19,Holy Saturday,H3,G,observance_tier,True,2025-04-19,19,True,True,6,False,2,6,6,euclidian,RidgeReg,,2,{'alpha': 0.1616050741346441},2025-04-18 10:00:00,2025-04-20,119.68596160014465,1.979832456648465,190.519057,3.258,,14,24,4,4,6,4,0.07776424471774745,5878.327343377647,5772.287278233201,119.68596160014465,1.979832456648465,1.8547840496887729,113.28215662235286,110.77865137473107,1.757304647940759,1.757304647940759,110.77865137473107,124.88189256496923,2.109640345061294,1.911647034041782,114.74253468346558,75.78755934992107,1.2111784029001937,1.086127565799714,68.91028413362612,139.56275125550096,2.376406383938214,2.370680297659456,139.165748907444,116.06662792186626,1.947111864608417,1.8974240280269192,113.2821566223532,110.77865137473107,114.74253468346558,hourly_window_mean_factor_top_available_analogs,4,41.868367241104934,-24.42321422397841,-3.3507699539002617e-13,41.868367241104934,-24.42321422397841,-3.3507699539002617e-13,-68.91028413362613,-139.165748907444,-113.2821566223532,110.77865137473107,1.757304647940759,75.78755934992107,1.2111784029001937,124.88189256496923,2.109640345061294,139.56275125550096,2.376406383938214,116.06662792186626,1.947111864608417,-14.680858690531721,-0.26676603887691996,0.03272059204004818
experiment_2026_08_25_00_38_criterion_seasonal_winter_sprint_fall,SEN_demand_CEL,2025-05-01,Labor Day,H2,G,observance_tier,True,2025-05-01,19,True,True,6,False,2,6,6,euclidian,LassoReg,,2,{'alpha': 0.8054019578961106},2025-04-30 10:00:00,2025-05-02,317.78319961079757,4.975780888593688,185.982527,3.172,,14,24,4,4,6,4,0.08823490349195537,7132.221853440315,6755.567231365249,317.78319961079757,4.975780888593688,-4.673370440965046,-293.7335421245252,110.17703731745418,1.4221637491017007,-0.6013353912525286,-44.899395569000525,438.88679428191455,7.048724219964012,-7.048724219964012,-438.88679428191455,166.22504525873683,2.181944471300816,-2.0928660948391204,-159.13995304772445,372.24646908599226,5.965237470843069,-5.965237470843069,-372.24646908599226,296.3438392548981,4.571392681538029,-4.538574332315299,-293.7335421245252,-44.899395569000525,-438.88679428191455,hourly_window_mean_factor_top_available_analogs,4,114.24055747872391,-66.64032519592236,-4.786814219857517e-14,114.24055747872391,-66.64032519592236,-4.786814219857517e-14,159.13995304772445,372.2464690859922,293.7335421245251,110.17703731745418,1.4221637491017007,166.22504525873683,2.181944471300816,438.88679428191455,7.048724219964012,372.24646908599226,5.965237470843069,296.3438392548981,4.571392681538029,66.64032519592229,1.0834867491209437,0.4043882070556588
experiment_2026_08_25_00_38_criterion_seasonal_winter_sprint_fall,SEN_demand_CEL,2025-09-16,Independence Day,H2,H,observance_tier,True,2025-09-16,19,True,True,6,False,2,6,6,euclidian,RidgeReg,,2,{'alpha': 0.11510531651734239},2025-09-15 10:00:00,2025-09-17,332.60805344881356,5.422538059486535,201.721737,3.429,,14,24,4,4,6,4,0.0866534462124275,5631.918457228134,5455.825405035515,332.60805344881356,5.422538059486535,2.8373617008232217,206.70694250870864,618.1990749588947,9.370210349862912,9.099903457393056,602.0680254416644,166.01329090126623,3.1197292234336484,-0.815787657175847,-23.92035586884875,716.8770330540565,10.877350933185209,10.533026183036748,695.9045040835007,197.42632904246696,3.7975671056383056,-1.5546966846200003,-78.6583017432536,388.80290420463155,6.405908515787166,2.8986748982009067,206.70694250870847,602.0680254416644,-23.92035586884875,hourly_window_mean_factor_top_available_analogs,4,-93.83647864183642,54.73794587440485,1.6753849769501309e-13,-93.83647864183642,54.73794587440485,1.6753849769501309e-13,-695.9045040835008,78.6583017432536,-206.70694250870847,618.1990749588947,9.370210349862912,716.8770330540565,10.877350933185209,166.01329090126623,3.1197292234336484,197.42632904246696,3.7975671056383056,388.80290420463155,6.405908515787166,-31.41303814120073,-0.6778378822046571,-0.9833704563006309
experiment_2026_08_25_00_38_criterion_seasonal_winter_sprint_fall,SEN_demand_CEL,2025-11-17,Mexican Revolution Day,H2,H,observance_tier,True,2025-11-17,19,True,True,5,False,2,6,5,euclidian,RidgeReg,,2,{'alpha': 0.14257031509767978},2025-11-16 10:00:00,2025-11-18,49.82003231314102,0.8310023489784165,215.79006,3.664,,14,24,4,4,5,4,0.08420904818445454,6162.651423621716,6027.257419324943,49.82003231314102,0.8310023489784165,-0.29222557832306945,-16.243378358558523,50.171888131318674,0.7925427222155238,-0.0712186296170916,-3.1536159876128034,49.61478308587073,0.8534371312567703,-0.42114629840155643,-23.879073074943523,77.95221861044287,1.2462515763251214,-1.0201859224328282,-63.19607988368788,51.11606529807193,0.8585445327434164,0.22486702168234798,11.145697531100609,61.00306914999807,1.0013839698524656,-0.23383669457061165,-16.243378358558306,-3.1536159876128034,-23.879073074943523,hourly_window_mean_factor_top_available_analogs,4,60.04246389607507,-35.024770606044136,-2.1540663989358825e-13,60.04246389607507,-35.024770606044136,-2.1540663989358825e-13,63.19607988368787,-11.145697531100613,16.243378358558306,50.171888131318674,0.7925427222155238,77.95221861044287,1.2462515763251214,49.61478308587073,0.8534371312567703,51.11606529807193,0.8585445327434164,61.00306914999807,1.0013839698524656,-1.501282212201204,-0.005107401486646013,-0.17038162087404907
experiment_2026_08_25_00_38_criterion_seasonal_winter_sprint_fall,SEN_demand_CEL,2025-12-24,Christmas Eve,H1,F,observance_tier,True,2025-12-24,19,True,True,5,False,2,6,5,euclidian,RidgeReg,,2,{'alpha': 0.14257031509767978},2025-12-23 10:00:00,2025-12-25,137.30009404949504,2.135237964811431,213.596974,3.623,,14,24,4,4,5,4,0.10502294634409648,6533.119014153667,6097.9936316565145,137.30009404949504,2.135237964811431,-0.9485655501083684,-57.97252231156101,125.01791141003001,1.7239081293682676,-0.4892886324999213,-32.47728843449983,144.46470058918297,2.3751803688199424,-1.216477085379962,-72.84474207318003,139.7638222787506,1.9434071133788833,-1.6128483707785537,-115.5343739239651,200.70658514944503,3.335484844479017,-0.4059549790160677,-24.394775537660053,178.2539883023471,2.822614101442126,-0.8505999128232994,-57.97252231156192,-32.47728843449983,-72.84474207318003,hourly_window_mean_factor_top_available_analogs,4,83.05708548946528,-48.44996653551997,9.094947017729282e-13,83.05708548946528,-48.44996653551997,9.094947017729282e-13,115.53437392396512,24.39477553766006,57.97252231156192,125.01791141003001,1.7239081293682676,139.7638222787506,1.9434071133788833,144.46470058918297,2.3751803688199424,200.70658514944503,3.335484844479017,178.2539883023471,2.822614101442126,-56.241884560262065,-0.9603044756590746,-0.6873761366306952
experiment_2026_08_25_00_38_criterion_seasonal_winter_sprint_fall,SEN_demand_CEL,2025-12-25,Christmas Day,H2,F,observance_tier,True,2025-12-25,19,True,True,5,False,2,6,5,euclidian,PLS,,4,{},2025-12-24 10:00:00,2025-12-26,245.17695321011323,4.808584030335279,216.857593,3.639,,14,24,4,4,5,4,0.11309307476979273,5704.946000838342,5252.326353526428,245.17695321011323,4.808584030335279,-4.449345575336984,-223.29555189097292,223.56491277004878,3.6249486067119343,-3.3650538989310936,-206.97766908733416,257.78397680015087,5.499038027448894,-5.081849053240421,-232.81431685976213,213.46147875848283,3.4918186741155752,-2.9581996947114564,-179.552094424773,304.8705792648216,6.423881834762946,-5.496570545616334,-248.8125687462575,271.1935422361704,5.343648038734968,-4.56138128475664,-223.2955518909737,-206.97766908733416,-232.81431685976213,hourly_window_mean_factor_top_available_analogs,4,-27.42557466256117,15.998251886495382,8.61626559574353e-13,-27.42557466256117,15.998251886495382,8.61626559574353e-13,179.552094424773,248.8125687462575,223.29555189097377,223.56491277004878,3.6249486067119343,213.46147875848283,3.4918186741155752,257.78397680015087,5.499038027448894,304.8705792648216,6.423881834762946,271.1935422361704,5.343648038734968,-47.086602464670705,-0.9248438073140512,-0.5350640083996892
experiment_2026_08_25_00_38_criterion_seasonal_winter_sprint_fall,SEN_demand_CEL,2025-12-31,New Year's Eve,H1,F,observance_tier,True,2025-12-31,19,True,True,5,False,2,7,5,euclidian,PLS,standard,4,{},2025-12-30 10:00:00,2026-01-01,303.45031784535627,4.990434368757209,202.291868,3.424,,14,24,4,4,5,4,0.10118272770440857,6006.09631127568,5583.05814058228,303.45031784535627,4.990434368757209,3.5253424049687494,216.1857113558993,223.92740415398637,3.18657950346985,2.957687355278065,209.27885039277817,349.83868416532204,6.0426830401748335,3.8564745172883144,220.2147135843866,246.86624618439464,3.5395826797346692,3.5395826797346692,246.86624618439464,271.1610104591847,4.683314798799248,3.459322941800124,198.28873270594343,262.2103078316304,4.26193980756493,3.4888923189339036,216.18571135589914,209.27885039277817,220.2147135843866,hourly_window_mean_factor_top_available_analogs,4,-37.58739579161647,21.92598087844317,1.436044265957255e-13,-37.58739579161647,21.92598087844317,1.436044265957255e-13,-246.86624618439464,-198.28873270594343,-216.18571135589914,223.92740415398637,3.18657950346985,246.86624618439464,3.5395826797346692,349.83868416532204,6.0426830401748335,271.1610104591847,4.683314798799248,262.2103078316304,4.26193980756493,78.67767370613734,1.3593682413755852,0.7284945611922788
experiment_2026_08_25_00_38_criterion_seasonal_winter_sprint_fall,SEN_demand_CEL,2026-01-01,New Year's Day,H3,F,observance_tier,True,2026-01-01,19,True,True,5,False,2,8,5,euclidian,RidgeReg,,2,{'alpha': 0.05687665275243052},2025-12-31 10:00:00,2026-01-02,160.410434703599,2.9578465089665062,212.371471,3.604,,14,24,4,4,5,4,0.09400756638232992,5372.842381167921,4906.136058906836,160.410434703599,2.9578465089665062,-0.674492872056016,-23.516334588972338,131.72288467950708,2.1729624904145317,-1.5467507537568845,-93.21765432977698,177.14483888431934,3.4156955197884913,-0.1656757743971761,17.142768593163698,256.7950505604552,4.2354010754279585,3.2034600409340257,197.36243534083522,258.60977023009326,5.524602784164887,-3.6222548243179244,-152.3622837146959,257.941189299174,5.049633733577597,-1.1075177686987847,-23.516334588973915,-93.21765432977698,17.142768593163698,hourly_window_mean_factor_top_available_analogs,4,-290.5800896706122,169.50505230785961,1.5796486925529807e-12,-290.5800896706122,169.50505230785961,1.5796486925529807e-12,-197.36243534083525,152.3622837146959,23.51633458897392,131.72288467950708,2.1729624904145317,256.7950505604552,4.2354010754279585,177.14483888431934,3.4156955197884913,258.60977023009326,5.524602784164887,257.941189299174,5.049633733577597,-81.46493134577392,-2.1089072643763953,-2.0917872246110907
experiment_2026_08_25_00_38_criterion_seasonal_winter_sprint_fall,SEN_demand_CEL,2026-02-02,Constitution Day,H2,F,observance_tier,True,2026-02-02,19,True,True,5,False,2,8,5,euclidian,PLS,standard,4,{},2026-02-01 10:00:00,2026-02-03,252.7487043368303,4.2798564617787,194.674785,3.272,,14,24,4,4,5,4,0.12190941757879255,5918.033218295365,5726.1804930891785,252.7487043368303,4.2798564617787,3.0707222883841605,179.0196151256876,184.263213225018,2.853018621643739,0.35190743172615546,36.13450492260251,292.69857415205405,5.112178535190761,4.656697621434664,262.3692627441539,482.3775154577808,7.894201141941566,-5.907926552943827,-347.1868977781146,485.97341431957193,8.248452826304435,8.248452826304435,485.97341431957193,484.64860947575414,8.117939047854957,3.032944633949811,179.01961512568744,36.13450492260251,262.3692627441539,hourly_window_mean_factor_top_available_analogs,4,383.3214027007171,-223.60415157541806,1.6753849769501309e-13,383.3214027007171,-223.60415157541806,1.6753849769501309e-13,347.1868977781146,-485.97341431957193,-179.01961512568744,184.263213225018,2.853018621643739,482.3775154577808,7.894201141941566,292.69857415205405,5.112178535190761,485.97341431957193,8.248452826304435,484.64860947575414,8.117939047854957,-193.27484016751788,-3.136274291113674,-3.838082586076257
experiment_2026_08_25_00_38_criterion_seasonal_winter_sprint_fall,SEN_demand_CEL,2026-03-16,Benito Juarez's Birthday,H2,G,observance_tier,True,2026-03-16,19,True,True,4,False,2,8,4,euclidian,PLS,standard,4,{},2026-03-15 10:00:00,2026-03-17,142.5050818843395,2.2155152030385907,176.715743,3.004,,14,24,4,4,4,4,0.08196156528066822,6278.110451550666,6082.267227370295,142.5050818843395,2.2155152030385907,1.1971667989410961,79.47501608091292,102.19516908434915,1.611197679977748,-1.065917085828202,-64.33016085987298,166.01919768433388,2.568033758157416,2.5172990650565206,163.36136929637135,199.08669506171424,3.1285518265900443,-2.9237544322385283,-185.01656853046603,233.76177377088422,3.6656736956589433,3.6656736956589433,233.76177377088422,220.98674477276893,3.4677866912651383,1.237989648538822,79.47501608091306,-64.33016085987298,163.36136929637135,hourly_window_mean_factor_top_available_analogs,4,120.68640767059307,-70.40040447451285,-1.436044265957255e-13,120.68640767059307,-70.40040447451285,-1.436044265957255e-13,185.01656853046603,-233.7617737708842,-79.47501608091306,102.19516908434915,1.611197679977748,199.08669506171424,3.1285518265900443,166.01919768433388,2.568033758157416,233.76177377088422,3.6656736956589433,220.98674477276893,3.4677866912651383,-67.74257608655034,-1.097639937501527,-1.2522714882265475
experiment_2026_08_25_00_38_criterion_seasonal_winter_sprint_fall,SEN_demand_CEL,2026-04-02,Maundy Thursday,H1,G,observance_tier,True,2026-04-02,19,True,True,2,False,2,8,2,pearson,PLS,minmax,2,{},2026-04-01 10:00:00,2026-04-03,77.03413761817917,1.1201493004034344,179.584692,3.017,,14,24,2,4,2,2,0.08049372447484884,6769.635443262152,6426.237646171284,77.03413761817917,1.1201493004034344,0.038633059873942256,1.7187380536389403,106.31255828852552,1.4602847003398736,-0.4674118951781921,-31.214041132208877,59.955058893810474,0.921736983773845,0.3338259503210205,20.929525912050167,103.2346716015994,1.4322419677901082,-0.9085271357581904,-63.83186533003787,82.18126988410636,1.307641642043074,0.6857328385866847,39.95659002744814,89.93778630634063,1.3535470252130342,0.0983739006701517,1.7187380536375043,-31.214041132208877,20.929525912050167,hourly_window_mean_factor_top_available_analogs,2,32.617824197828995,-19.027064115397973,1.4360442659572551e-12,32.617824197828995,-19.027064115397973,1.4360442659572551e-12,63.83186533003787,-39.956590027448144,-1.7187380536375043,106.31255828852552,1.4602847003398736,103.2346716015994,1.4322419677901082,59.955058893810474,0.921736983773845,82.18126988410636,1.307641642043074,89.93778630634063,1.3535470252130342,-22.226210990295883,-0.38590465826922904,-0.23339772480959975
experiment_2026_08_25_00_38_criterion_seasonal_winter_sprint_fall,SEN_demand_CEL,2026-04-03,Good Friday,H2,G,observance_tier,True,2026-04-03,19,True,True,2,False,2,8,2,pearson,LassoReg,minmax,2,{'alpha': 0.001222489819014467},2026-04-02 10:00:00,2026-04-04,78.38802326218511,1.255315954796609,166.762451,2.726,,14,24,2,4,2,2,0.08997459092924416,6241.660083751124,5891.187178765991,78.38802326218511,1.255315954796609,0.059128178828303124,6.127579406770613,64.72019688976538,0.9529646573880532,-0.3420469462511286,-22.071214439924137,86.36092197942996,1.4316875449515998,0.2931470017913049,22.57687581734255,91.65510284139711,1.3502656117390186,-1.2708926401568978,-86.15796087630295,94.77153014822454,1.6008451090195877,0.9958720293727031,59.96081123856353,93.62337271939339,1.5085263468635883,0.16074820375653437,6.127579406770613,-22.071214439924137,22.57687581734255,hourly_window_mean_factor_top_available_analogs,2,64.08674643637882,-37.383935421220976,0.0,64.08674643637882,-37.383935421220976,0.0,86.15796087630295,-59.96081123856352,-6.127579406770613,64.72019688976538,0.9529646573880532,91.65510284139711,1.3502656117390186,86.36092197942996,1.4316875449515998,94.77153014822454,1.6008451090195877,93.62337271939339,1.5085263468635883,-8.410608168794582,-0.16915756406798788,-0.25321039206697926
experiment_2026_08_25_00_38_criterion_seasonal_winter_sprint_fall,SEN_demand_CEL,2026-04-04,Holy Saturday,H3,G,observance_tier,True,2026-04-04,19,True,True,2,False,2,8,2,pearson,PCR,,2,{},2026-04-03 10:00:00,2026-04-05,86.878035499285,1.4126552658433682,149.213435,2.435,,14,24,2,4,2,2,0.07655650385302928,6058.324782347091,5968.328567880151,86.878035499285,1.4126552658433682,0.2705148231668369,17.05925633711987,61.546726776744826,0.9886525337266103,0.18766119906446135,13.020269281013627,101.65463225410012,1.6599901929114769,0.3188461038932226,19.41533211984851,57.335472949993736,0.9399732305536579,-0.04481846650929632,-2.9225898910044634,119.92669766271801,1.9791562639355778,0.5597901188762063,28.71533330352497,96.86677276855643,1.5962993569001336,0.33703958741838963,17.05925633711939,13.020269281013627,19.41533211984851,hourly_window_mean_factor_top_available_analogs,2,15.94285917201809,-9.300001183676462,4.786814219857517e-13,15.94285917201809,-9.300001183676462,4.786814219857517e-13,2.9225898910044634,-28.71533330352497,-17.05925633711939,61.546726776744826,0.9886525337266103,57.335472949993736,0.9399732305536579,101.65463225410012,1.6599901929114769,119.92669766271801,1.9791562639355778,96.86677276855643,1.5962993569001336,-18.27206540861789,-0.3191660710241009,-0.18364409105676538
experiment_2026_08_25_00_38_criterion_seasonal_winter_sprint_fall,SEN_demand_CEL,2026-05-01,Labor Day,H2,G,observance_tier,True,2026-05-01,19,True,True,2,False,2,8,2,pearson,PCR,,2,{},2026-04-30 10:00:00,2026-05-02,362.7231181192377,5.433250157468632,148.095592,2.414,,14,24,2,4,2,2,0.08162405118194901,7499.045525874557,7128.485204274792,362.7231181192377,5.433250157468632,-5.377091345777075,-358.3141098219248,108.28162113828863,1.3462450073753733,-1.1938139470697153,-96.31431290272485,511.1473246914581,7.817336495023032,-7.817336495023032,-511.1473246914581,152.32599770621013,1.888607134172848,-1.848079822633143,-149.22827668496478,486.5515193051004,7.404551344576157,-7.3063939741547985,-480.28084581848583,363.4158008212988,5.372361372322305,-5.295436128857347,-358.3141098219254,-96.31431290272485,-511.1473246914581,hourly_window_mean_factor_top_available_analogs,2,52.913963782239925,-30.866478872972266,6.462199196807648e-13,52.913963782239925,-30.866478872972266,6.462199196807648e-13,149.22827668496478,480.28084581848583,358.3141098219254,108.28162113828863,1.3462450073753733,152.32599770621013,1.888607134172848,511.1473246914581,7.817336495023032,486.5515193051004,7.404551344576157,363.4158008212988,5.372361372322305,24.59580538635771,0.4127851504468758,0.060888785146326896
experiment_2026_08_25_00_38_criterion_seasonal_winter_sprint_fall,SEN_demand_NES,2025-01-01,New Year's Day,H3,F,observance_tier,True,2025-01-01,19,True,True,4,False,2,6,4,euclidian,PLS,standard,3,{},2024-12-31 10:00:00,2025-01-02,87.6056594934184,2.1485120018850794,322.371318,6.249,,14,24,4,4,4,4,0.06547109376033389,4107.4767770127355,3881.078988400283,87.6056594934184,2.1485120018850794,-0.07807462975799273,-5.841332802210062,71.89707976095876,1.5905976757481208,0.3778119011763423,17.031823223057895,96.76899767068653,2.4739620254649726,-0.3440084394696883,-19.184007150283037,156.26493774193895,3.43478879723704,1.8781074698631062,90.92476046369377,129.62916490382088,3.4375413591397326,-1.8899584817773547,-62.28822054065271,139.442344370496,3.4365272573861088,-0.5017236574887637,-5.841332802209273,17.031823223057895,-19.184007150283037,hourly_window_mean_factor_top_available_analogs,4,-73.89293724063587,43.10421339036967,-7.898243462764903e-13,-73.89293724063587,43.10421339036967,-7.898243462764903e-13,-90.92476046369377,62.28822054065271,5.841332802209273,71.89707976095876,1.5905976757481208,156.26493774193895,3.43478879723704,96.76899767068653,2.4739620254649726,129.62916490382088,3.4375413591397326,139.442344370496,3.4365272573861088,-32.86016723313435,-0.96357933367476,-1.2880152555010294
experiment_2026_08_25_00_38_criterion_seasonal_winter_sprint_fall,SEN_demand_NES,2025-02-03,Constitution Day,H2,F,observance_tier,True,2025-02-03,19,True,True,4,False,2,6,4,euclidian,PLS,standard,3,{},2025-02-02 10:00:00,2025-02-04,132.38318304758332,2.6571219410587665,320.662053,6.168,,14,24,4,4,4,4,0.0522924534758016,4769.973961934954,4771.471719808935,132.38318304758332,2.6571219410587665,0.7695379044397548,48.51118701241498,105.51573185488334,2.257464012528798,-0.26946623778656004,-7.536466293844049,148.05586290999165,2.8902557327012484,1.375623654071772,81.20565144106608,241.67424636359434,5.342657906634876,-5.101071189223526,-229.45943624206635,239.74582151451895,4.619859435345819,3.955057888943378,210.66071724419513,240.45629382733617,4.886153608978629,0.6185892811976762,48.511187012414595,-7.536466293844049,81.20565144106608,hourly_window_mean_factor_top_available_analogs,4,221.9229699482223,-129.45506580312906,3.8294513758860134e-13,221.9229699482223,-129.45506580312906,3.8294513758860134e-13,229.45943624206635,-210.66071724419515,-48.511187012414595,105.51573185488334,2.257464012528798,241.67424636359434,5.342657906634876,148.05586290999165,2.8902557327012484,239.74582151451895,4.619859435345819,240.45629382733617,4.886153608978629,-91.6899586045273,-1.7296037026445705,-2.229031667919862
experiment_2026_08_25_00_38_criterion_seasonal_winter_sprint_fall,SEN_demand_NES,2025-03-17,Benito Juarez's Birthday,H2,G,observance_tier,True,2025-03-17,19,True,True,4,False,2,6,4,euclidian,PLS,standard,3,{},2025-03-16 10:00:00,2025-03-18,269.868826266257,4.930686497811509,291.272507,5.536,,14,24,4,4,4,4,0.0447204216398756,5074.509614445674,4856.829371106503,269.868826266257,4.930686497811509,2.0257154129496984,125.25418081748494,196.6942500055628,3.854631879276588,-2.9606352575422483,-146.0226608842499,312.5539957516618,5.558385025290214,4.934419970736667,283.4990051434969,295.2675471095857,5.684976752884131,-1.6824777069005405,-69.11212988101761,331.4950706416441,5.9591919572046725,3.9346080499976335,238.63452872494318,318.14808828772783,5.858165302981314,1.865155402719359,125.25418081748394,-146.0226608842499,283.4990051434969,hourly_window_mean_factor_top_available_analogs,4,-76.91053100323226,44.864476418553714,9.81296915070791e-13,-76.91053100323226,44.864476418553714,9.81296915070791e-13,69.11212988101762,-238.63452872494318,-125.25418081748396,196.6942500055628,3.854631879276588,295.2675471095857,5.684976752884131,312.5539957516618,5.558385025290214,331.4950706416441,5.9591919572046725,318.14808828772783,5.858165302981314,-18.941074889982303,-0.4008069319144587,-0.9274788051698053
experiment_2026_08_25_00_38_criterion_seasonal_winter_sprint_fall,SEN_demand_NES,2025-04-17,Maundy Thursday,H1,G,observance_tier,True,2025-04-17,19,True,True,4,False,2,6,4,euclidian,PLS,standard,3,{},2025-04-16 10:00:00,2025-04-18,1243.962609944894,17.250013519518827,293.396834,5.508,,14,24,4,4,4,4,0.07805487944202555,6023.328712455701,5387.569540181307,1243.962609944894,17.250013519518827,17.1135093215926,1234.2216317548252,566.0883301612386,7.23426749510579,6.863756100734598,539.6485322167663,1639.3892731520264,23.092532033759763,23.092532033759763,1639.3892731520264,1016.3407083671648,13.136162398676333,13.136162398676333,1016.3407083671648,1361.318837064294,19.16779072637513,19.16779072637513,1361.318837064294,1234.2216317548255,16.945611868801894,16.945611868801894,1234.2216317548255,539.6485322167663,1639.3892731520264,hourly_window_mean_factor_top_available_analogs,4,-476.69217615039827,278.07043608773216,-9.573628439715034e-14,-476.69217615039827,278.07043608773216,-9.573628439715034e-14,-1016.3407083671646,-1361.3188370642943,-1234.2216317548252,566.0883301612386,7.23426749510579,1016.3407083671648,13.136162398676333,1639.3892731520264,23.092532033759763,1361.318837064294,19.16779072637513,1234.2216317548255,16.945611868801894,278.07043608773233,3.9247413073846324,0.30440165071693315
experiment_2026_08_25_00_38_criterion_seasonal_winter_sprint_fall,SEN_demand_NES,2025-04-18,Good Friday,H2,G,observance_tier,True,2025-04-18,19,True,True,5,False,2,6,5,pearson,PLS,,5,{},2025-04-17 10:00:00,2025-04-19,865.5245224192591,12.730392976691013,348.77206,6.292,,14,24,4,4,5,4,0.057899367757700645,6065.573889788485,5510.536316709622,865.5245224192591,12.730392976691013,11.789934810007455,803.0046844220423,378.6062552116268,5.175759490796816,2.6230873240842976,208.90955207632345,1149.5601782903784,17.137262510129293,17.137262510129293,1149.5601782903784,713.2829048380281,9.663099450286134,9.663099450286134,713.2829048380281,855.3423891793826,12.677692090668524,12.677692090668524,855.3423891793826,803.0046844220415,11.567052696843433,11.567052696843433,803.0046844220415,208.90955207632345,1149.5601782903784,hourly_window_mean_factor_top_available_analogs,4,-504.37335276170455,294.21778911099574,8.855606306736407e-13,-504.37335276170455,294.21778911099574,8.855606306736407e-13,-713.282904838028,-855.3423891793827,-803.0046844220414,378.6062552116268,5.175759490796816,713.2829048380281,9.663099450286134,1149.5601782903784,17.137262510129293,855.3423891793826,12.677692090668524,803.0046844220415,11.567052696843433,294.2177891109958,4.4595704194607695,1.1633402798475796
experiment_2026_08_25_00_38_criterion_seasonal_winter_sprint_fall,SEN_demand_NES,2025-04-19,Holy Saturday,H3,G,observance_tier,True,2025-04-19,19,True,True,5,False,2,6,5,pearson,RidgeReg,minmax,2,{'alpha': 0.4142256863531539},2025-04-18 10:00:00,2025-04-20,315.561607742815,4.77703864363419,366.653855,6.45,,14,24,4,4,5,4,0.058949823824129055,6814.649810784488,6666.85666058043,315.561607742815,4.77703864363419,-3.64976205935429,-246.65745157396094,250.54370090283692,3.7349424533745994,-3.7014067984394026,-248.14515399144335,353.48872006613556,5.384928087952285,-3.6196359615546414,-245.78962516376285,377.3564510533278,5.719659350551555,-5.6953457025309975,-375.6174832151535,184.4689388587485,2.8506425545657237,-2.655734625331201,-171.43076644993354,255.53275914096193,3.9076487425605033,-3.7755913379837565,-246.657451573962,-248.14515399144335,-245.78962516376285,hourly_window_mean_factor_top_available_analogs,4,127.47232922371015,-74.35885871382932,1.0052309861700787e-12,127.47232922371015,-74.35885871382932,1.0052309861700787e-12,375.61748321515347,171.43076644993351,246.65745157396194,250.54370090283692,3.7349424533745994,377.3564510533278,5.719659350551555,353.48872006613556,5.384928087952285,184.4689388587485,2.8506425545657237,255.53275914096193,3.9076487425605033,169.01978120738707,2.5342855333865613,0.8693899010736863
experiment_2026_08_25_00_38_criterion_seasonal_winter_sprint_fall,SEN_demand_NES,2025-05-01,Labor Day,H2,G,observance_tier,True,2025-05-01,19,True,True,6,False,2,6,6,pearson,RidgeReg,,2,{'alpha': 18.648006646560624},2025-04-30 10:00:00,2025-05-02,341.60200211754426,4.174526659072002,343.025696,6.009,,14,24,4,4,6,4,0.06060846078541445,7495.094052147733,7199.896796422491,341.60200211754426,4.174526659072002,3.808040806594399,314.70168416805745,525.8784294661417,6.058986879575187,6.058986879575187,525.8784294661417,234.107419497529,3.0752581971118094,2.4949889306889403,191.51524941084153,454.40803858262706,5.224266299348044,5.224266299348044,454.40803858262706,261.3572554928746,3.430882881744908,3.0500087607709694,233.20631075955654,332.4812282101518,4.091603088230275,3.851051011825682,314.70168416805626,525.8784294661417,191.51524941084153,hourly_window_mean_factor_top_available_analogs,4,71.47039088351461,-41.691061348715,1.1727694838650917e-12,71.47039088351461,-41.691061348715,1.1727694838650917e-12,-454.4080385826271,-233.20631075955654,-314.70168416805626,525.8784294661417,6.058986879575187,454.40803858262706,5.224266299348044,234.107419497529,3.0752581971118094,261.3572554928746,3.430882881744908,332.4812282101518,4.091603088230275,-27.249835995345563,-0.3556246846330988,0.08292357084172686
experiment_2026_08_25_00_38_criterion_seasonal_winter_sprint_fall,SEN_demand_NES,2025-09-16,Independence Day,H2,H,observance_tier,True,2025-09-16,19,True,True,6,False,2,6,6,pearson,RidgeReg,,2,{'alpha': 18.648006646560624},2025-09-15 10:00:00,2025-09-17,792.3283493087579,10.904887244448545,345.421353,5.97,,14,24,4,4,6,4,0.05912193717906972,6348.061962796505,6262.939831985692,792.3283493087579,10.904887244448545,10.904887244448545,792.3283493087579,882.0831508135276,11.888707102174632,11.888707102174632,882.0831508135276,739.9713817643088,10.330992327441658,10.330992327441658,739.9713817643088,1022.0849777787682,13.811595125540842,13.811595125540842,1022.0849777787682,658.3036493679186,9.384542799248203,9.384542799248203,658.3036493679186,792.3283493087578,11.015562077356016,11.015562077356016,792.3283493087578,882.0831508135276,739.9713817643088,hourly_window_mean_factor_top_available_analogs,4,-140.00182696524067,81.6677323963903,-4.786814219857517e-14,-140.00182696524067,81.6677323963903,-4.786814219857517e-14,-1022.0849777787682,-658.3036493679185,-792.3283493087579,882.0831508135276,11.888707102174632,1022.0849777787682,13.811595125540842,739.9713817643088,10.330992327441658,658.3036493679186,9.384542799248203,792.3283493087578,11.015562077356016,81.66773239639019,0.9464495281934546,-0.11067483290747049
experiment_2026_08_25_00_38_criterion_seasonal_winter_sprint_fall,SEN_demand_NES,2025-11-17,Mexican Revolution Day,H2,H,observance_tier,True,2025-11-17,19,True,True,6,False,2,6,6,pearson,RidgeReg,minmax,2,{'alpha': 30.780776522317254},2025-11-16 10:00:00,2025-11-18,260.89284642642446,4.311248382333414,376.680688,6.396,,14,24,4,4,6,4,0.05786553006886205,5587.562889986954,5574.084837133855,260.89284642642446,4.311248382333414,3.1168324273801353,200.11253843409875,287.5668108784194,4.971369176535597,1.8862784335302922,130.89322083630753,245.33303382942736,3.926177919048808,3.83465559045921,240.49047369947698,293.48607943975395,5.047141031734972,2.264511803994034,152.33300248589254,230.81959575892054,3.7399188300852004,3.686454601991547,227.98393440388483,253.90724764133282,4.22152700964038,3.162580939571411,200.11253843409818,130.89322083630753,240.49047369947698,hourly_window_mean_factor_top_available_analogs,4,-21.439781649584997,12.506539295592157,5.74417706382902e-13,-21.439781649584997,12.506539295592157,5.74417706382902e-13,-152.33300248589254,-227.98393440388483,-200.11253843409818,287.5668108784194,4.971369176535597,293.48607943975395,5.047141031734972,245.33303382942736,3.926177919048808,230.81959575892054,3.7399188300852004,253.90724764133282,4.22152700964038,14.513438070506822,0.18625908896360777,0.08972137269303371
experiment_2026_08_25_00_38_criterion_seasonal_winter_sprint_fall,SEN_demand_NES,2025-12-24,Christmas Eve,H1,F,observance_tier,True,2025-12-24,19,True,True,6,False,2,6,6,pearson,RidgeReg,minmax,2,{'alpha': 29.6269336703212},2025-12-23 10:00:00,2025-12-25,195.1610608091001,3.7209361047494194,379.638958,6.424,,14,24,4,4,6,4,0.08011047304570988,5143.311184398421,4869.142852768079,195.1610608091001,3.7209361047494194,2.327971474837544,130.53467428578907,213.85075494956249,3.6490778510643977,3.6490778510643977,213.85075494956249,184.2587392271637,3.7628534193990144,1.5573260887052125,81.93362723192126,143.50039316108698,2.4526735548820597,2.401052157644057,140.4782192754062,236.53855810512187,4.8298754470783765,2.4215907553777254,124.73427304184717,202.26133944153005,3.9540642236376287,2.414023903581111,130.53467428578998,213.85075494956249,81.93362723192126,hourly_window_mean_factor_top_available_analogs,4,73.3725356741563,-42.8006458099259,-8.855606306736407e-13,73.3725356741563,-42.8006458099259,-8.855606306736407e-13,-140.4782192754062,-124.73427304184716,-130.53467428578995,213.85075494956249,3.6490778510643977,143.50039316108698,2.4526735548820597,184.2587392271637,3.7628534193990144,236.53855810512187,4.8298754470783765,202.26133944153005,3.9540642236376287,-52.27981887795818,-1.067022027679362,-0.23312811888820928
experiment_2026_08_25_00_38_criterion_seasonal_winter_sprint_fall,SEN_demand_NES,2025-12-25,Christmas Day,H2,F,observance_tier,True,2025-12-25,19,True,True,5,False,2,6,5,pearson,RidgeReg,standard,2,{'alpha': 0.12040723722470882},2025-12-24 10:00:00,2025-12-26,189.5985015206533,4.402189588652624,349.707601,5.882,,14,24,4,4,5,4,0.07233840551530886,4612.992303668891,4347.420232087142,189.5985015206533,4.402189588652624,-2.6967103161171893,-107.07824972152223,121.75901638046038,2.4882555068099066,-2.4882555068099066,-121.75901638046038,229.17153451909917,5.518651136394209,-2.8183089548797717,-98.51446917047497,124.20353325352706,2.542787751254868,-0.7986573511410723,-35.105163477152736,179.17818654094836,4.466524435749474,-3.8276745089329043,-149.06255003073778,158.92436690874055,3.7577793414619864,-2.7117208192201243,-107.07824972152225,-121.75901638046038,-98.51446917047497,hourly_window_mean_factor_top_available_analogs,4,-86.65385290330765,50.548080860262814,1.1967035549643792e-14,-86.65385290330765,50.548080860262814,1.1967035549643792e-14,35.10516347715273,149.06255003073778,107.07824972152224,121.75901638046038,2.4882555068099066,124.20353325352706,2.542787751254868,229.17153451909917,5.518651136394209,179.17818654094836,4.466524435749474,158.92436690874055,3.7577793414619864,49.99334797815081,1.0521267006447346,0.6444102471906379
experiment_2026_08_25_00_38_criterion_seasonal_winter_sprint_fall,SEN_demand_NES,2025-12-31,New Year's Eve,H1,F,observance_tier,True,2025-12-31,19,True,True,7,False,2,7,7,euclidian,PCR,standard,7,{},2025-12-30 10:00:00,2026-01-01,556.1899614915727,12.109731126610653,301.903287,5.456,,14,24,4,4,7,4,0.0684744671611475,5310.83937194924,5200.289975732441,556.1899614915727,12.109731126610653,-11.861640189840717,-543.289014054502,410.98894565008396,8.091441639534333,-7.418051954015932,-375.9720883208918,640.8905540657746,14.453733327405173,-14.453733327405173,-640.8905540657746,647.5820797404028,12.815074125873668,-12.815074125873668,-647.5820797404028,488.67634944721925,11.057945187333127,-10.92684735819001,-482.4513924043945,547.2205658710236,11.705308480479639,-11.622509851547145,-543.2890140545027,-375.9720883208918,-640.8905540657746,hourly_window_mean_factor_top_available_analogs,4,271.609991419511,-158.4391616613801,8.376924884750655e-13,271.609991419511,-158.4391616613801,8.376924884750655e-13,647.5820797404028,482.4513924043945,543.2890140545028,410.98894565008396,8.091441639534333,647.5820797404028,12.815074125873668,640.8905540657746,14.453733327405173,488.67634944721925,11.057945187333127,547.2205658710236,11.705308480479639,152.21420461855536,3.395788140072046,0.40442264613101386
experiment_2026_08_25_00_38_criterion_seasonal_winter_sprint_fall,SEN_demand_NES,2026-01-01,New Year's Day,H3,F,observance_tier,True,2026-01-01,19,True,True,6,False,2,8,6,pearson,RidgeReg,minmax,2,{'alpha': 23.66154006460317},2025-12-31 10:00:00,2026-01-02,570.1192410728505,14.600067961828607,297.046441,5.41,,14,24,4,4,6,4,0.0720254846805711,4629.567755020218,4481.88120962911,570.1192410728505,14.600067961828607,-14.600067961828607,-570.1192410728505,488.52869283354767,11.277918023123117,-11.277918023123117,-488.52869283354767,617.7137275457771,16.53798875940681,-16.53798875940681,-617.7137275457771,650.8608545085228,14.930039386143608,-14.930039386143608,-650.8608545085228,523.019966568707,13.878874220430404,-13.878874220430404,-523.019966568707,570.1192410728497,14.266145597272113,-14.266145597272113,-570.1192410728497,-488.52869283354767,-617.7137275457771,hourly_window_mean_factor_top_available_analogs,4,162.33216167497525,-94.69376097707027,-8.61626559574353e-13,162.33216167497525,-94.69376097707027,-8.61626559574353e-13,650.860854508523,523.0199665687069,570.1192410728496,488.52869283354767,11.277918023123117,650.8608545085228,14.930039386143608,617.7137275457771,16.53798875940681,523.019966568707,13.878874220430404,570.1192410728497,14.266145597272113,94.69376097707016,2.6591145389764073,0.3339223645564946
experiment_2026_08_25_00_38_criterion_seasonal_winter_sprint_fall,SEN_demand_NES,2026-02-02,Constitution Day,H2,F,observance_tier,True,2026-02-02,19,True,True,6,False,2,8,6,pearson,RidgeReg,standard,2,{'alpha': 16.965337183706236},2026-02-01 10:00:00,2026-02-03,479.1622389116966,9.611202513252545,308.862623,5.738,,14,24,4,4,6,4,0.06426639524178371,5551.36977233275,5629.716172014149,479.1622389116966,9.611202513252545,-9.611202513252545,-479.1622389116966,253.69546359320515,5.035382427981441,-5.035382427981441,-253.69546359320515,610.68452451415,12.280430896327355,-12.280430896327355,-610.68452451415,224.6401939548107,4.340918671345418,-3.95672294796006,-204.55988456388528,639.3469456145871,12.708652927190519,-12.708652927190519,-639.3469456145871,486.56024763466945,9.625803464510744,-9.484257671684558,-479.1622389116969,-253.69546359320515,-610.68452451415,hourly_window_mean_factor_top_available_analogs,4,-49.13557902931988,28.662421100437086,3.111429242907386e-13,-49.13557902931988,28.662421100437086,3.111429242907386e-13,204.55988456388528,639.3469456145871,479.1622389116969,253.69546359320515,5.035382427981441,224.6401939548107,4.340918671345418,610.68452451415,12.280430896327355,639.3469456145871,12.708652927190519,486.56024763466945,9.625803464510744,-28.662421100437086,-0.42822203086316435,-0.014600951258199046
experiment_2026_08_25_00_38_criterion_seasonal_winter_sprint_fall,SEN_demand_NES,2026-03-16,Benito Juarez's Birthday,H2,G,observance_tier,True,2026-03-16,19,True,True,7,False,2,8,7,pearson,RidgeReg,minmax,2,{'alpha': 0.3134648158536088},2026-03-15 10:00:00,2026-03-17,831.4066046019213,16.5687813106173,315.083926,5.847,,14,24,4,4,7,4,0.06501462224619042,6390.190121956958,6431.685176706443,831.4066046019213,16.5687813106173,-15.664816379540648,-770.2707587990632,89.96206936371593,1.3484100994317691,1.0856250591074195,74.6463897564437,1263.915916824208,25.44733118380886,-25.43590721875202,-1263.1390954564422,304.4406212958109,5.1730196627744665,-4.19830112047929,-235.97366290887587,1086.610277803471,22.017013320453344,-21.948391810729373,-1081.944064735006,798.4425096164385,15.81133144657165,-15.408884714321447,-770.2707587990634,74.6463897564437,-1263.1390954564422,hourly_window_mean_factor_top_available_analogs,4,310.6200526653196,-181.1950307214361,1.9147256879430067e-13,310.6200526653196,-181.1950307214361,1.9147256879430067e-13,235.9736629088759,1081.9440647350061,770.2707587990634,89.96206936371593,1.3484100994317691,304.4406212958109,5.1730196627744665,1263.915916824208,25.44733118380886,1086.610277803471,22.017013320453344,798.4425096164385,15.81133144657165,177.30563902073686,3.4303178633555156,0.7574498640456504
experiment_2026_08_25_00_38_criterion_seasonal_winter_sprint_fall,SEN_demand_NES,2026-04-02,Maundy Thursday,H1,G,observance_tier,True,2026-04-02,19,True,True,8,False,2,8,8,pearson,RidgeReg,minmax,2,{'alpha': 36.78857996118115},2026-04-01 10:00:00,2026-04-03,573.6032296102077,7.62953954726091,335.390663,6.258,,14,24,4,4,8,4,0.056584449636775114,6903.454251968738,6556.510120279432,573.6032296102077,7.62953954726091,7.62953954726091,573.6032296102077,369.0390794210175,4.618439976272149,4.618439976272149,369.0390794210175,692.9323172205686,9.386014297004353,9.386014297004353,692.9323172205686,576.1073010622531,7.31110541135648,7.31110541135648,576.1073010622531,572.1425212631833,7.830304827727627,7.830304827727627,572.1425212631833,573.603229610209,7.639020832222468,7.639020832222468,573.603229610209,369.0390794210175,692.9323172205686,hourly_window_mean_factor_top_available_analogs,4,-207.0682216412356,120.7897959573855,-1.2206376260636668e-12,-207.0682216412356,120.7897959573855,-1.2206376260636668e-12,-576.1073010622531,-572.1425212631831,-573.6032296102089,369.0390794210175,4.618439976272149,576.1073010622531,7.31110541135648,692.9323172205686,9.386014297004353,572.1425212631833,7.830304827727627,573.603229610209,7.639020832222468,120.78979595738531,1.5557094692767262,-0.009481284961558423
experiment_2026_08_25_00_38_criterion_seasonal_winter_sprint_fall,SEN_demand_NES,2026-04-03,Good Friday,H2,G,observance_tier,True,2026-04-03,19,True,True,7,False,2,8,7,pearson,PCR,standard,5,{},2026-04-02 10:00:00,2026-04-04,284.2310196937621,4.1739681690512525,349.184063,6.187,,14,24,4,4,7,4,0.07611430282156094,6829.795026003528,6406.330892987367,284.2310196937621,4.1739681690512525,2.944327098623245,191.8569818912084,125.50678571855646,1.6708965904192723,-1.6667006007424603,-125.22274545980359,376.8201561792987,5.634093256586574,5.634093256586574,376.8201561792987,49.24897329136417,0.6772975683128769,0.38785323481675527,26.972021816045135,288.03987526838813,4.293435914759443,4.293435914759443,288.03987526838813,200.06427980316877,2.9611744187001805,2.854537032675294,191.85698189120913,-125.22274545980359,376.8201561792987,hourly_window_mean_factor_top_available_analogs,4,-152.19476727584873,88.78028091091058,-7.419562040779151e-13,-152.19476727584873,88.78028091091058,-7.419562040779151e-13,-26.972021816045142,-288.03987526838813,-191.85698189120913,125.50678571855646,1.6708965904192723,49.24897329136417,0.6772975683128769,376.8201561792987,5.634093256586574,288.03987526838813,4.293435914759443,200.06427980316877,2.9611744187001805,88.78028091091056,1.3406573418271313,1.212793750351072
experiment_2026_08_25_00_38_criterion_seasonal_winter_sprint_fall,SEN_demand_NES,2026-04-04,Holy Saturday,H3,G,observance_tier,True,2026-04-04,19,True,True,8,False,2,8,8,pearson,RidgeReg,minmax,2,{'alpha': 34.67024724353821},2026-04-03 10:00:00,2026-04-05,370.8088033084584,5.717325629901259,346.075179,6.156,,14,24,4,4,8,4,0.06318688879961444,6813.5087109400365,6543.412913668178,370.8088033084584,5.717325629901259,-5.717325629901259,-370.8088033084584,470.82661769179464,6.954692114874146,-6.954692114874146,-470.82661769179464,312.4650782515123,4.995528513667075,-4.995528513667075,-312.4650782515123,458.9866283093348,6.826619624329633,-6.826619624329633,-458.9866283093348,319.37173872461256,5.114347090091943,-5.114347090091943,-319.37173872461256,370.8088033084576,5.745184339547934,-5.745184339547934,-370.8088033084576,-470.82661769179464,-312.4650782515123,hourly_window_mean_factor_top_available_analogs,4,-11.839989382459862,6.90666047310026,-8.376924884750655e-13,-11.839989382459862,6.90666047310026,-8.376924884750655e-13,458.9866283093348,319.37173872461256,370.8088033084575,470.82661769179464,6.954692114874146,458.9866283093348,6.826619624329633,312.4650782515123,4.995528513667075,319.37173872461256,5.114347090091943,370.8088033084576,5.745184339547934,-6.90666047310026,-0.11881857642486793,-0.027858709646674917
experiment_2026_08_25_00_38_criterion_seasonal_winter_sprint_fall,SEN_demand_NES,2026-05-01,Labor Day,H2,G,observance_tier,True,2026-05-01,19,True,True,4,False,2,8,4,pearson,PCR,,4,{},2026-04-30 10:00:00,2026-05-02,879.1704368696152,11.869472684242501,360.931768,6.282,,14,24,4,4,4,4,0.062402128457086904,8734.615089633038,8334.07520909849,879.1704368696152,11.869472684242501,-11.736052022828616,-867.6003480540916,494.03067019154383,5.498226106155781,-5.136084310889527,-462.6261434065512,1103.8353007651565,15.58603318812642,-15.58603318812642,-1103.8353007651565,380.3518670184893,4.2494048374591875,-3.7413888102464505,-336.23883857687736,1177.5612285824657,16.719123317377107,-16.719123317377107,-1177.5612285824657,883.8525164273163,12.125016508986294,-11.937852709486865,-867.6003480540909,-462.6261434065512,-1103.8353007651565,hourly_window_mean_factor_top_available_analogs,4,-126.3873048296738,73.72592781730896,-4.786814219857517e-13,-126.3873048296738,73.72592781730896,-4.786814219857517e-13,336.2388385768774,1177.5612285824654,867.6003480540911,494.03067019154383,5.498226106155781,380.3518670184893,4.2494048374591875,1103.8353007651565,15.58603318812642,1177.5612285824657,16.719123317377107,883.8525164273163,12.125016508986294,-73.72592781730918,-1.1330901292506876,-0.25554382474379267
experiment_2026_08_25_00_38_criterion_seasonal_winter_sprint_fall,SEN_demand_NOR,2025-01-01,New Year's Day,H3,F,observance_tier,True,2025-01-01,19,True,True,3,False,2,6,3,pearson,PCR,,3,{},2024-12-31 10:00:00,2025-01-02,42.91949203493271,2.421514451904095,75.274599,3.604,,14,24,3,4,3,3,0.08100108065031537,1880.4933447941305,1773.5074038633647,42.91949203493271,2.421514451904095,-1.339854886303972,-20.01478768886723,37.54451655869242,1.7745481548530087,0.5771265647226258,13.50242932455678,46.054894396072875,2.7989114585172286,-2.458094066069488,-39.56649761336457,41.20702671225087,1.9520115112775172,0.3767142047872215,9.548593282009929,54.37559530709271,3.292473507438596,-2.3490138762941513,-37.26009325521233,49.52401740372993,2.798619087800303,-1.344798267474698,-20.01478768886729,13.50242932455678,-39.56649761336457,hourly_window_mean_factor_top_available_analogs,3,3.9538360425468517,-2.3064043581522355,5.983517774821896e-14,3.9538360425468517,-2.3064043581522355,5.983517774821896e-14,-9.548593282009929,37.26009325521233,20.01478768886729,37.54451655869242,1.7745481548530087,41.20702671225087,1.9520115112775172,46.054894396072875,2.7989114585172286,54.37559530709271,3.292473507438596,49.52401740372993,2.798619087800303,-8.320700911019834,-0.49356204892136724,-0.3771046358962078
experiment_2026_08_25_00_38_criterion_seasonal_winter_sprint_fall,SEN_demand_NOR,2025-02-03,Constitution Day,H2,F,observance_tier,True,2025-02-03,19,True,True,3,False,2,6,3,pearson,PCR,,3,{},2025-02-02 10:00:00,2025-02-04,28.89898844871974,1.4873168692972563,67.667751,3.198,,14,24,3,4,3,3,0.07066381186643507,1941.1784903681987,1952.863567352846,28.89898844871974,1.4873168692972563,0.2818971276089151,6.561938579169386,31.07881894985948,1.604325487809451,1.434911225722508,27.589032319767398,27.627420656388228,1.4190618418318095,-0.3906944296240143,-5.703866102846121,33.72340717102965,1.7478249581792533,1.3266649781460829,25.038876601381066,20.796626442787954,1.0760513057984877,-0.23098425116856913,-4.216275267120257,25.55912460582437,1.3235468619387698,0.34288651752630284,6.561938579169703,27.589032319767398,-5.703866102846121,hourly_window_mean_factor_top_available_analogs,3,2.5501557183863333,-1.4875908357258634,-3.171264420655605e-13,2.5501557183863333,-1.4875908357258634,-3.171264420655605e-13,-25.038876601381066,4.216275267120257,-6.561938579169703,31.07881894985948,1.604325487809451,33.72340717102965,1.7478249581792533,27.627420656388228,1.4190618418318095,20.796626442787954,1.0760513057984877,25.55912460582437,1.3235468619387698,6.830794213600274,0.34301053603332177,0.16377000735848646
experiment_2026_08_25_00_38_criterion_seasonal_winter_sprint_fall,SEN_demand_NOR,2025-03-17,Benito Juarez's Birthday,H2,G,observance_tier,True,2025-03-17,19,True,True,3,False,2,6,3,pearson,PCR,,3,{},2025-03-16 10:00:00,2025-03-18,74.9414848330119,3.374672662648226,66.510377,3.146,,14,24,3,4,3,3,0.06068947108905549,2090.853317807115,2054.050319289198,74.9414848330119,3.374672662648226,1.0732627192980984,28.54584008762176,66.02755807904961,3.2191790133976688,-2.5351249551091755,-50.65921098068715,80.1412754394899,3.465377291377718,3.1781555293690076,74.74878654413529,58.42913736219857,2.8358834732813416,-2.346759141015557,-47.69284561501723,73.01840674749427,3.2339183966271414,3.2339183966271414,73.01840674749427,67.64341276343796,3.0872739511839526,1.1778793038114106,28.54584008762161,-50.65921098068715,74.74878654413529,hourly_window_mean_factor_top_available_analogs,3,-2.9663653656699256,1.7303797966410268,1.4958794437054742e-13,-2.9663653656699256,1.7303797966410268,1.4958794437054742e-13,47.69284561501723,-73.01840674749425,-28.54584008762161,66.02755807904961,3.2191790133976688,58.42913736219857,2.8358834732813416,80.1412754394899,3.465377291377718,73.01840674749427,3.2339183966271414,67.64341276343796,3.0872739511839526,7.1228686919956345,0.23145889475057668,0.2873987114642733
experiment_2026_08_25_00_38_criterion_seasonal_winter_sprint_fall,SEN_demand_NOR,2025-04-17,Maundy Thursday,H1,G,observance_tier,True,2025-04-17,19,True,True,3,False,2,6,3,pearson,PCR,,3,{},2025-04-16 10:00:00,2025-04-18,175.416063419156,5.900191967015219,68.777967,3.24,,14,24,3,4,3,3,0.07983969918318225,3191.681875552834,3124.6151512795095,175.416063419156,5.900191967015219,-4.866116486115978,-141.23009160546516,58.45742708712123,1.7581059732008328,1.0486703320971065,34.33306783575394,243.6419346128429,8.316408796740276,-8.316408796740276,-243.6419346128429,45.403392361054394,1.332506505673908,0.7546498332301352,26.071278515022673,238.82255750908357,8.272747143890408,-8.272747143890408,-238.82255750908357,167.5628650861254,5.715816382442224,-4.946864047056524,-141.23009160546545,34.33306783575394,-243.6419346128429,hourly_window_mean_factor_top_available_analogs,3,8.261789320731266,-4.819377103759393,3.231099598403824e-13,8.261789320731266,-4.819377103759393,3.231099598403824e-13,-26.07127851502267,238.8225575090835,141.23009160546547,58.45742708712123,1.7581059732008328,45.403392361054394,1.332506505673908,243.6419346128429,8.316408796740276,238.82255750908357,8.272747143890408,167.5628650861254,5.715816382442224,4.8193771037593365,0.04366165284986856,0.18437558457299552
experiment_2026_08_25_00_38_criterion_seasonal_winter_sprint_fall,SEN_demand_NOR,2025-04-18,Good Friday,H2,G,observance_tier,True,2025-04-18,19,True,True,3,False,2,6,3,pearson,PCR,,3,{},2025-04-17 10:00:00,2025-04-19,389.9632351194782,15.012870319272787,74.418306,3.347,,14,24,3,4,3,3,0.06344795194831261,3049.7904538036883,2968.7032305219054,389.9632351194782,15.012870319272787,-15.012870319272787,-389.9632351194782,256.7261580010318,8.761934147445611,-8.761934147445611,-256.7261580010318,467.6848634385719,18.65924975283864,-18.65924975283864,-467.6848634385719,209.41685662217554,7.2807192972366925,-7.2807192972366925,-209.41685662217554,495.28195590957057,20.00040848889179,-20.00040848889179,-495.28195590957057,389.96323511947764,15.314207207755697,-15.314207207755697,-389.96323511947764,-256.7261580010318,-467.6848634385719,hourly_window_mean_factor_top_available_analogs,3,-47.30930137885626,27.597092470998746,-4.667143864361079e-13,-47.30930137885626,27.597092470998746,-4.667143864361079e-13,209.41685662217554,495.2819559095706,389.96323511947776,256.7261580010318,8.761934147445611,209.41685662217554,7.2807192972366925,467.6848634385719,18.65924975283864,495.28195590957057,20.00040848889179,389.96323511947764,15.314207207755697,-27.59709247099869,-1.3411587360531492,-0.3013368884829095
experiment_2026_08_25_00_38_criterion_seasonal_winter_sprint_fall,SEN_demand_NOR,2025-04-19,Holy Saturday,H3,G,observance_tier,True,2025-04-19,19,True,True,3,False,2,6,3,pearson,PCR,,3,{},2025-04-18 10:00:00,2025-04-20,266.52359003298943,10.802673097268336,90.833745,3.913,,14,24,3,4,3,3,0.053328738539396126,2701.508867927726,2598.6719516313765,266.52359003298943,10.802673097268336,-10.802673097268336,-266.52359003298943,403.15385586432643,16.197756117940678,-16.197756117940678,-403.15385586432643,186.82260163137627,7.65554133520947,-7.65554133520947,-186.82260163137627,335.21316214917226,13.5635069918336,-13.5635069918336,-335.21316214917226,226.45467296521562,9.628472088501594,-9.628472088501594,-226.45467296521562,266.52359003298903,11.078221789729177,-11.078221789729177,-266.52359003298903,-403.15385586432643,-186.82260163137627,hourly_window_mean_factor_top_available_analogs,3,-67.94069371515408,39.63207133383935,-3.3507699539002617e-13,-67.94069371515408,39.63207133383935,-3.3507699539002617e-13,335.2131621491724,226.45467296521562,266.5235900329891,403.15385586432643,16.197756117940678,335.21316214917226,13.5635069918336,186.82260163137627,7.65554133520947,226.45467296521562,9.628472088501594,266.52359003298903,11.078221789729177,-39.63207133383935,-1.9729307532921236,-0.27554869246084124
experiment_2026_08_25_00_38_criterion_seasonal_winter_sprint_fall,SEN_demand_NOR,2025-05-01,Labor Day,H2,G,observance_tier,True,2025-05-01,19,True,True,3,False,2,6,3,pearson,PCR,,3,{},2025-04-30 10:00:00,2025-05-02,334.22259248119616,11.341575373390162,107.740623,4.571,,14,24,3,4,3,3,0.07629691207600209,2531.834436466172,2335.6257213076196,334.22259248119616,11.341575373390162,11.341575373390162,334.22259248119616,199.59807326202323,6.291629086501354,6.291629086501354,199.59807326202323,412.75356202571373,14.287377374075298,14.287377374075298,412.75356202571373,358.99951363930575,11.45612852756788,11.45612852756788,358.99951363930575,319.76938847229917,11.063797776406501,11.063797776406501,319.76938847229917,334.2225924811964,11.208340684729114,11.208340684729114,334.2225924811964,199.59807326202323,412.75356202571373,hourly_window_mean_factor_top_available_analogs,3,-159.4014403772825,92.98417355341451,-1.795055332446569e-13,-159.4014403772825,92.98417355341451,-1.795055332446569e-13,-358.99951363930575,-319.7693884722992,-334.22259248119633,199.59807326202323,6.291629086501354,358.99951363930575,11.45612852756788,412.75356202571373,14.287377374075298,319.76938847229917,11.063797776406501,334.2225924811964,11.208340684729114,92.98417355341456,3.223579597668797,0.13323468866104804
experiment_2026_08_25_00_38_criterion_seasonal_winter_sprint_fall,SEN_demand_NOR,2025-09-16,Independence Day,H2,H,observance_tier,True,2025-09-16,19,True,True,5,False,2,6,5,pearson,PLS,standard,2,{},2025-09-15 10:00:00,2025-09-17,187.0701887304527,4.598438185486914,117.792421,4.937,,14,24,4,4,5,4,0.0831287962388252,3960.1143296325863,3854.7006844327566,187.0701887304527,4.598438185486914,3.5307592380781516,141.68576378846578,262.2802571677047,5.984273765014611,5.984273765014611,262.2802571677047,143.19764880872236,3.790034097429091,2.0995424306985515,71.33897598390973,308.99270523169884,6.832598877906169,6.832598877906169,308.99270523169884,62.089445770603355,1.5699363595910096,1.1432496444826195,44.09004794658049,153.05380451942798,3.5088120242334377,3.23932567784919,141.68576378846618,262.2802571677047,71.33897598390973,hourly_window_mean_factor_top_available_analogs,4,-46.71244806399415,27.24892803732924,-4.308132797871765e-13,-46.71244806399415,27.24892803732924,-4.308132797871765e-13,-308.99270523169884,-44.0900479465805,-141.6857637884662,262.2802571677047,5.984273765014611,308.99270523169884,6.832598877906169,143.19764880872236,3.790034097429091,62.089445770603355,1.5699363595910096,153.05380451942798,3.5088120242334377,81.108203038119,2.2200977378380813,1.0896261612534759
experiment_2026_08_25_00_38_criterion_seasonal_winter_sprint_fall,SEN_demand_NOR,2025-11-17,Mexican Revolution Day,H2,H,observance_tier,True,2025-11-17,19,True,True,5,False,2,6,5,pearson,PLS,standard,2,{},2025-11-16 10:00:00,2025-11-18,59.79531462071378,2.256891855124366,125.422331,5.078,,14,24,4,4,5,4,0.08475294636427398,2624.4156362071967,2543.1385144732963,59.79531462071378,2.256891855124366,-1.3164924340993995,-35.558185944038435,110.40193989388247,4.1045154989642345,-4.1045154989642345,-110.40193989388247,30.27478321136539,1.1791113962177757,0.30985435373842124,8.100670526703917,85.0810023885043,3.2063960578895667,-3.2063960578895667,-85.0810023885043,45.75558047744249,1.7627909763436058,-0.409315742386722,-6.669876351433932,60.24389381309684,2.2946454800710656,-1.4398190165193492,-35.558185944038804,-110.40193989388247,8.100670526703917,hourly_window_mean_factor_top_available_analogs,4,-25.320937505378165,14.77054687813785,3.7097810203895756e-13,-25.320937505378165,14.77054687813785,3.7097810203895756e-13,85.0810023885043,6.669876351433933,35.558185944038804,110.40193989388247,4.1045154989642345,85.0810023885043,3.2063960578895667,30.27478321136539,1.1791113962177757,45.75558047744249,1.7627909763436058,60.24389381309684,2.2946454800710656,-15.480797266077104,-0.5836795801258301,-0.03775362494669965
experiment_2026_08_25_00_38_criterion_seasonal_winter_sprint_fall,SEN_demand_NOR,2025-12-24,Christmas Eve,H1,F,observance_tier,True,2025-12-24,19,True,True,5,False,2,6,5,pearson,PLS,standard,2,{},2025-12-23 10:00:00,2025-12-25,284.14394015700253,12.46832076225348,126.064277,5.081,,14,24,4,4,5,4,0.08024176170641244,2024.5511745262052,1865.294827486494,284.14394015700253,12.46832076225348,12.199057628487244,278.27389442116385,131.07195767655466,5.347178713994843,5.253438338608748,128.67140197714866,373.4359299372638,16.622320290404357,16.250668880916365,365.54201501350605,216.71493688199646,8.793812427024113,8.793812427024113,216.71493688199646,314.18328631901056,14.024204930608255,14.024204930608255,314.18328631901056,278.27389442116316,12.097218218761464,12.097218218761464,278.27389442116316,128.67140197714866,365.54201501350605,hourly_window_mean_factor_top_available_analogs,4,-88.0435349048478,51.35872869449555,6.282693663562991e-13,-88.0435349048478,51.35872869449555,6.282693663562991e-13,-216.71493688199646,-314.1832863190105,-278.2738944211632,131.07195767655466,5.347178713994843,216.71493688199646,8.793812427024113,373.4359299372638,16.622320290404357,314.18328631901056,14.024204930608255,278.27389442116316,12.097218218761464,59.25264361825322,2.598115359796102,0.3711025434920163
experiment_2026_08_25_00_38_criterion_seasonal_winter_sprint_fall,SEN_demand_NOR,2025-12-25,Christmas Day,H2,F,observance_tier,True,2025-12-25,19,True,True,5,False,2,6,5,pearson,PLS,standard,2,{},2025-12-24 10:00:00,2025-12-26,58.85991704359342,2.7859871687351743,138.787917,5.63,,14,24,4,4,5,4,0.07345004048514941,2137.3810580629997,2006.8998194653589,58.85991704359342,2.7859871687351743,-1.544407827748246,-32.92182332615806,61.51210780181402,2.720223770749104,-2.720223770749104,-61.51210780181402,57.31280576796473,2.8243491508937155,-0.8585151943310793,-16.244157382025417,32.54485213145761,1.4407459299160956,-0.6378865713549872,-13.03178546808577,71.95026606013955,3.7235331983640876,-2.456798457853878,-44.52434541003291,57.43248198115146,2.8825063099885107,-1.7866730259858654,-32.92182332615764,-61.51210780181402,-16.244157382025417,hourly_window_mean_factor_top_available_analogs,4,-48.480322333728246,28.28018802800749,-4.1286272646271087e-13,-48.480322333728246,28.28018802800749,-4.1286272646271087e-13,13.031785468085772,44.52434541003291,32.92182332615765,61.51210780181402,2.720223770749104,32.54485213145761,1.4407459299160956,57.31280576796473,2.8243491508937155,71.95026606013955,3.7235331983640876,57.43248198115146,2.8825063099885107,-14.637460292174822,-0.8991840474703721,-0.09651914125333638
experiment_2026_08_25_00_38_criterion_seasonal_winter_sprint_fall,SEN_demand_NOR,2025-12-31,New Year's Eve,H1,F,observance_tier,True,2025-12-31,19,True,True,6,False,2,7,6,pearson,PLS,standard,2,{},2025-12-30 10:00:00,2026-01-01,119.74293467923843,5.17195523379523,136.665666,5.786,,14,24,4,4,6,4,0.08088124914176763,2207.3307825913157,2115.3354175025183,119.74293467923843,5.17195523379523,4.95750594861138,115.2176050402632,95.92131868503212,3.8574627600680276,3.8574627600680276,95.92131868503212,133.63887734252546,5.938742510136099,5.599197808595004,126.47377208081473,61.03543763504688,2.46767523779694,1.7794443118805021,45.18325126014036,170.7259956201126,7.61550085126856,6.930972976496794,156.07097807866822,130.31368478350947,5.718933519989541,5.033041363217107,115.21760504026325,95.92131868503212,126.47377208081473,hourly_window_mean_factor_top_available_analogs,4,50.73806742489176,-29.59720599785348,2.991758887410948e-14,50.73806742489176,-29.59720599785348,2.991758887410948e-14,-45.18325126014036,-156.0709780786682,-115.21760504026317,95.92131868503212,3.8574627600680276,61.03543763504688,2.46767523779694,133.63887734252546,5.938742510136099,170.7259956201126,7.61550085126856,130.31368478350947,5.718933519989541,-37.08711827758714,-1.6767583411324605,-0.5469782861943111
experiment_2026_08_25_00_38_criterion_seasonal_winter_sprint_fall,SEN_demand_NOR,2026-01-01,New Year's Day,H3,F,observance_tier,True,2026-01-01,19,True,True,6,False,2,8,6,pearson,PLS,standard,3,{},2025-12-31 10:00:00,2026-01-02,140.0633666169292,7.133237738904237,128.472702,5.33,,14,24,4,4,6,4,0.08038208153955022,2205.3054668800874,2109.7022607210724,140.0633666169292,7.133237738904237,-7.133237738904237,-140.0633666169292,78.18257600982633,3.429490843105106,-3.429490843105106,-78.18257600982633,176.16049447107244,9.29375676145373,-9.29375676145373,-176.16049447107244,114.79821081982108,5.042769499101806,-5.042769499101806,-114.79821081982108,154.80137416524272,8.142476674996113,-8.142476674996113,-154.80137416524272,140.0633666169295,7.0004792944034735,-7.0004792944034735,-140.0633666169295,-78.18257600982633,-176.16049447107244,hourly_window_mean_factor_top_available_analogs,4,36.615634809994745,-21.35912030582973,3.410605131648481e-13,36.615634809994745,-21.35912030582973,3.410605131648481e-13,114.79821081982108,154.80137416524272,140.06336661692953,78.18257600982633,3.429490843105106,114.79821081982108,5.042769499101806,176.16049447107244,9.29375676145373,154.80137416524272,8.142476674996113,140.0633666169295,7.0004792944034735,21.35912030582972,1.1512800864576178,0.13275844450076324
experiment_2026_08_25_00_38_criterion_seasonal_winter_sprint_fall,SEN_demand_NOR,2026-02-02,Constitution Day,H2,F,observance_tier,True,2026-02-02,19,True,True,2,False,2,8,2,pearson,PLS,standard,2,{},2026-02-01 10:00:00,2026-02-03,92.84153323455062,4.456610917747065,123.809617,5.011,,14,24,2,4,2,2,0.06502750970633935,1977.2075711089997,1928.5961982656027,92.84153323455062,4.456610917747065,2.9188138018193666,62.85444152257933,51.359322234813554,2.5716827282290913,-1.6023380150032351,-30.034212411965687,117.0394896510639,5.556152361632551,5.556152361632551,117.0394896510639,53.01338198608433,2.6313150573525066,-1.9354858086708702,-37.73143531673093,121.52953634551018,5.855643760677101,5.855643760677101,121.52953634551018,96.28674263414278,4.66773318576804,2.9852276035489007,62.85444152257926,-30.034212411965687,117.0394896510639,hourly_window_mean_factor_top_available_analogs,2,7.697222904765242,-4.490046694446278,7.180221329786275e-14,7.697222904765242,-4.490046694446278,7.180221329786275e-14,37.73143531673093,-121.52953634551018,-62.85444152257926,51.359322234813554,2.5716827282290913,53.01338198608433,2.6313150573525066,117.0394896510639,5.556152361632551,121.52953634551018,5.855643760677101,96.28674263414278,4.66773318576804,-4.490046694446278,-0.29949139904454913,-0.21112226802097478
experiment_2026_08_25_00_38_criterion_seasonal_winter_sprint_fall,SEN_demand_NOR,2026-03-16,Benito Juarez's Birthday,H2,G,observance_tier,True,2026-03-16,19,True,True,3,False,2,8,3,pearson,LassoReg,standard,2,{'alpha': 0.001926601387651052},2026-03-15 10:00:00,2026-03-17,173.41155767193877,6.885711963910522,123.777595,4.985,,14,24,3,4,3,3,0.06372371430747824,2415.894466601218,2309.2886678499713,173.41155767193877,6.885711963910522,1.367335469677454,49.00031445141368,171.11119365349072,7.56472833394906,-7.159441782008284,-160.0598551747838,174.75343668270014,6.489619081388042,6.341288866494135,170.95208006669554,161.21319894398556,7.077052133976113,-5.289779678079363,-112.64027423200953,144.4366764580174,5.230514544603426,5.175853734554228,143.29065785007703,150.61750053179512,5.91081786700389,1.3200940562155365,49.00031445141356,-160.0598551747838,170.95208006669554,hourly_window_mean_factor_top_available_analogs,3,-47.41958094277428,27.66142221661852,1.1967035549643792e-13,-47.41958094277428,27.66142221661852,1.1967035549643792e-13,112.64027423200952,-143.29065785007703,-49.00031445141356,171.11119365349072,7.56472833394906,161.21319894398556,7.077052133976113,174.75343668270014,6.489619081388042,144.4366764580174,5.230514544603426,150.61750053179512,5.91081786700389,30.316760224682753,1.2591045367846165,0.974894096906632
experiment_2026_08_25_00_38_criterion_seasonal_winter_sprint_fall,SEN_demand_NOR,2026-04-02,Maundy Thursday,H1,G,observance_tier,True,2026-04-02,19,True,True,5,False,2,8,5,pearson,LassoReg,standard,2,{'alpha': 0.02667976045685043},2026-04-01 10:00:00,2026-04-03,193.4036915220432,6.369827332350003,124.120967,5.121,,14,24,4,4,5,4,0.08437157274533229,3217.159506522043,3073.190007495037,193.4036915220432,6.369827332350003,-6.369827332350003,-193.4036915220432,215.1040534254824,6.516022717744983,-6.516022717744983,-215.1040534254824,180.74514707837034,6.2845466908695995,-6.2845466908695995,-180.74514707837034,193.5523874782022,5.8957261285724485,-5.8957261285724485,-193.5523874782022,193.31695221428376,6.831133960293825,-6.831133960293825,-193.31695221428376,193.40369152204318,6.486510022291213,-6.486510022291213,-193.40369152204318,-215.1040534254824,-180.74514707837034,hourly_window_mean_factor_top_available_analogs,4,-21.551665947280203,12.571805135913394,-3.5901106648931376e-14,-21.551665947280203,12.571805135913394,-3.5901106648931376e-14,193.55238747820218,193.31695221428373,193.40369152204318,215.1040534254824,6.516022717744983,193.5523874782022,5.8957261285724485,180.74514707837034,6.2845466908695995,193.31695221428376,6.831133960293825,193.40369152204318,6.486510022291213,-12.571805135913422,-0.5465872694242258,-0.1166826899412099
experiment_2026_08_25_00_38_criterion_seasonal_winter_sprint_fall,SEN_demand_NOR,2026-04-03,Good Friday,H2,G,observance_tier,True,2026-04-03,19,True,True,5,False,2,8,5,pearson,RidgeReg,standard,2,{'alpha': 0.5601697984348021},2026-04-02 10:00:00,2026-04-04,126.82213008841087,4.5231171825503385,132.869459,5.307,,14,24,4,4,5,4,0.06198666804333428,2776.86255686609,2745.7314902964226,126.82213008841087,4.5231171825503385,0.09789473384495409,14.778574712858088,146.09135916203854,4.652747192263571,4.565485853859071,143.83773330019653,115.58174646212801,4.447499676884285,-2.508200086163281,-60.50593446308934,133.29368157128258,4.436818478887951,1.5905291377383988,58.964348601467854,101.10165991211964,3.9190824137113114,-0.8655353674684313,-10.99646005549882,112.96187841812704,4.10982727982902,0.03933050287092717,14.778574712857322,143.83773330019653,-60.50593446308934,hourly_window_mean_factor_top_available_analogs,4,84.87338469872869,-49.50947440759052,7.658902751772027e-13,84.87338469872869,-49.50947440759052,7.658902751772027e-13,-58.96434860146785,10.996460055498822,-14.778574712857322,146.09135916203854,4.652747192263571,133.29368157128258,4.436818478887951,115.58174646212801,4.447499676884285,101.10165991211964,3.9190824137113114,112.96187841812704,4.10982727982902,14.480086550008366,0.5284172631729738,0.4132899027213188
experiment_2026_08_25_00_38_criterion_seasonal_winter_sprint_fall,SEN_demand_NOR,2026-04-04,Holy Saturday,H3,G,observance_tier,True,2026-04-04,19,True,True,5,False,2,8,5,pearson,RidgeReg,standard,2,{'alpha': 4.346647029496717},2026-04-03 10:00:00,2026-04-05,93.19162093551633,3.4386834710629905,135.852303,5.351,,14,24,4,4,5,4,0.06502987288174489,2685.5310190620057,2614.74978272688,93.19162093551633,3.4386834710629905,1.022595126156183,33.55927199062596,81.56294772765204,3.295670994404603,-3.2173433244659075,-79.22295063650738,99.97501364010382,3.5221074157803844,3.4958925556857365,99.34890185645374,105.2175125748879,4.084242449508883,-1.3132090759701733,-23.33276504178311,118.56679803516063,4.238322695171479,2.0071800858602957,66.74629359286439,113.64864023400753,4.1815562888747335,0.7838788157122284,33.55927199062584,-79.22295063650738,99.34890185645374,hourly_window_mean_factor_top_available_analogs,4,-55.89018559472428,32.60260826358935,1.1967035549643792e-13,-55.89018559472428,32.60260826358935,1.1967035549643792e-13,23.332765041783098,-66.74629359286439,-33.55927199062584,81.56294772765204,3.295670994404603,105.2175125748879,4.084242449508883,99.97501364010382,3.5221074157803844,118.56679803516063,4.238322695171479,113.64864023400753,4.1815562888747335,-18.591784395056806,-0.7162152793910943,-0.742872817811743
experiment_2026_08_25_00_38_criterion_seasonal_winter_sprint_fall,SEN_demand_NOR,2026-05-01,Labor Day,H2,G,observance_tier,True,2026-05-01,19,True,True,7,False,2,8,7,pearson,RidgeReg,standard,2,{'alpha': 0.12184299982788699},2026-04-30 10:00:00,2026-05-02,71.37827590707023,2.110764717620327,146.084433,5.675,,14,24,4,4,7,4,0.08845956080688855,3192.5814228735553,3028.7606320235777,71.37827590707023,2.110764717620327,1.6331093631260065,57.17940896854996,33.71523151964694,0.9731945257241766,0.41512640869764056,14.063041383625919,93.34838513306715,2.7743473295597476,2.343599419875886,82.33062339308897,93.64147064484824,2.705857998349131,2.705857998349131,93.64147064484824,73.59846400561462,2.302294030830195,0.8800518515919541,35.90987299070931,80.98272960954279,2.4509754925476983,1.5527172740814406,57.179408968549964,14.063041383625919,82.33062339308897,hourly_window_mean_factor_top_available_analogs,4,-79.57842926122233,46.42075040237967,-1.1967035549643792e-14,-79.57842926122233,46.42075040237967,-1.1967035549643792e-14,-93.64147064484824,-35.9098729907093,-57.17940896854997,33.71523151964694,0.9731945257241766,93.64147064484824,2.705857998349131,93.34838513306715,2.7743473295597476,73.59846400561462,2.302294030830195,80.98272960954279,2.4509754925476983,19.749921127452538,0.4720532987295525,-0.3402107749273715
experiment_2026_08_25_00_38_criterion_seasonal_winter_sprint_fall,SEN_demand_NTE,2025-01-01,New Year's Day,H3,F,observance_tier,True,2025-01-01,19,True,True,5,False,2,6,5,pearson,PLS,standard,2,{},2024-12-31 10:00:00,2025-01-02,34.233557602855655,1.6011969141090432,141.196905,5.234,,14,24,4,4,5,4,0.06649003009160676,2255.3299773890494,2149.4601750291513,34.233557602855655,1.6011969141090432,-0.9313963979290069,-17.53391317852291,17.955623668096482,0.7343656795647743,-0.2356127187572715,-4.948767148874173,43.72901906479851,2.1068484675932,-1.3372702107791854,-24.875248362484673,56.72196129690802,2.3334776783149285,-0.22210201433464527,-2.690255564603084,113.87463300882506,5.5148188047618065,-1.756832752813254,-26.192713453309807,92.81838553601351,4.342745758176115,-1.1914056386369243,-17.533913178523118,-4.948767148874173,-24.875248362484673,hourly_window_mean_factor_top_available_analogs,4,-2.2585115842710883,1.3174650908251333,2.0942312211876637e-13,-2.2585115842710883,1.3174650908251333,2.0942312211876637e-13,2.6902555646030843,26.192713453309807,17.533913178523118,17.955623668096482,0.7343656795647743,56.72196129690802,2.3334776783149285,43.72901906479851,2.1068484675932,113.87463300882506,5.5148188047618065,92.81838553601351,4.342745758176115,-70.14561394402655,-3.4079703371686065,-2.7415488440670712
experiment_2026_08_25_00_38_criterion_seasonal_winter_sprint_fall,SEN_demand_NTE,2025-02-03,Constitution Day,H2,F,observance_tier,True,2025-02-03,19,True,True,5,False,2,6,5,pearson,PLS,standard,2,{},2025-02-02 10:00:00,2025-02-04,90.51506172104742,3.5756942750799694,134.023422,4.926,,14,24,4,4,5,4,0.060939742658078444,2669.2905138263104,2663.341745970323,90.51506172104742,3.5756942750799694,-3.5756942750799694,-90.51506172104742,108.29885157943242,4.339740387633735,-4.339740387633735,-108.29885157943242,80.14118430365617,3.1300007094236055,-3.1300007094236055,-80.14118430365617,59.57752255711499,2.3287470868174736,-1.2259150627450226,-30.44059438508105,125.55850100036088,4.8390856998910445,-4.8390856998910445,-125.55850100036088,101.2497194686387,3.914224105600782,-3.5079175704161947,-90.51506172104726,-108.29885157943242,-80.14118430365617,hourly_window_mean_factor_top_available_analogs,4,-77.85825719435138,45.41731669670471,-1.6753849769501309e-13,-77.85825719435138,45.41731669670471,-1.6753849769501309e-13,30.44059438508104,125.55850100036088,90.51506172104725,108.29885157943242,4.339740387633735,59.57752255711499,2.3287470868174736,80.14118430365617,3.1300007094236055,125.55850100036088,4.8390856998910445,101.2497194686387,3.914224105600782,-45.4173166967047,-1.709084990467439,-0.3385298305208124
experiment_2026_08_25_00_38_criterion_seasonal_winter_sprint_fall,SEN_demand_NTE,2025-03-17,Benito Juarez's Birthday,H2,G,observance_tier,True,2025-03-17,19,True,True,5,False,2,6,5,pearson,PLS,standard,2,{},2025-03-16 10:00:00,2025-03-18,141.66418515267944,5.353442672150229,122.929391,4.493,,14,24,4,4,5,4,0.06333615795677354,2876.6727062053114,2921.2940774410285,141.66418515267944,5.353442672150229,-5.353442672150229,-141.66418515267944,176.38098408693787,6.981164438919893,-6.981164438919893,-176.38098408693787,121.41271910769531,4.403938308201259,-4.403938308201259,-121.41271910769531,180.3292107239397,7.121837368840005,-7.121837368840005,-180.3292107239397,119.10958690277825,4.322551723445009,-4.322551723445009,-119.10958690277825,141.6641851526798,5.353867487537903,-5.353867487537903,-141.6641851526798,-176.38098408693787,-121.41271910769531,hourly_window_mean_factor_top_available_analogs,4,3.9482266370018158,-2.3031322049170626,4.1884624423753273e-13,3.9482266370018158,-2.3031322049170626,4.1884624423753273e-13,180.3292107239397,119.10958690277825,141.66418515267986,176.38098408693787,6.981164438919893,180.3292107239397,7.121837368840005,121.41271910769531,4.403938308201259,119.10958690277825,4.322551723445009,141.6641851526798,5.353867487537903,2.3031322049170626,0.08138658475625071,-0.00042481538767358273
experiment_2026_08_25_00_38_criterion_seasonal_winter_sprint_fall,SEN_demand_NTE,2025-04-17,Maundy Thursday,H1,G,observance_tier,True,2025-04-17,19,True,True,5,False,2,6,5,pearson,PLS,standard,2,{},2025-04-16 10:00:00,2025-04-18,72.29705522137996,1.8059692129413591,120.150453,4.372,,14,24,4,4,5,4,0.07233273620345856,3963.1709827734526,3816.8835063868896,72.29705522137996,1.8059692129413591,0.5080510104076865,21.49787933181063,92.03764196240328,2.2714016565633517,-1.0194592071629087,-37.20258372184604,60.78171295578303,1.5344669541618625,1.399098637323867,55.73981611311035,170.88630847070922,4.287829506143078,-4.161333564567112,-165.2880239098427,136.55266603206306,3.490282858819294,3.3298711673191588,130.45632288944154,149.2019027199853,3.7841158341491097,0.5699536345189539,21.4978793318105,-37.20258372184604,55.73981611311035,hourly_window_mean_factor_top_available_analogs,4,128.08544018799668,-74.71650677633119,1.3163739104608172e-13,128.08544018799668,-74.71650677633119,1.3163739104608172e-13,165.2880239098427,-130.45632288944154,-21.4978793318105,92.03764196240328,2.2714016565633517,170.88630847070922,4.287829506143078,60.78171295578303,1.5344669541618625,136.55266603206306,3.490282858819294,149.2019027199853,3.7841158341491097,-75.77095307628002,-1.9558159046574315,-1.9781466212077505
experiment_2026_08_25_00_38_criterion_seasonal_winter_sprint_fall,SEN_demand_NTE,2025-04-18,Good Friday,H2,G,observance_tier,True,2025-04-18,19,True,True,5,False,2,6,5,pearson,PLS,standard,2,{},2025-04-17 10:00:00,2025-04-19,432.0699137648757,14.084080100666247,122.252434,4.393,,14,24,4,4,5,4,0.07233273620345856,3776.495164291191,3572.810457849006,432.0699137648757,14.084080100666247,-14.084080100666247,-432.0699137648757,196.7905724777947,5.0424983282425755,-5.0424983282425755,-196.7905724777947,569.3161961823397,19.358336134580053,-19.358336134580053,-569.3161961823397,208.6352676689024,5.359870205563667,-5.359870205563667,-208.6352676689024,562.4067906541928,19.18278833631873,-19.18278833631873,-562.4067906541928,432.0699137648753,14.090134288145808,-14.090134288145808,-432.0699137648753,-196.7905724777947,-569.3161961823397,hourly_window_mean_factor_top_available_analogs,4,11.844695191107705,-6.909405528146863,-4.4278031533682034e-13,11.844695191107705,-6.909405528146863,-4.4278031533682034e-13,208.63526766890243,562.4067906541928,432.06991376487525,196.7905724777947,5.0424983282425755,208.6352676689024,5.359870205563667,569.3161961823397,19.358336134580053,562.4067906541928,19.18278833631873,432.0699137648753,14.090134288145808,6.909405528146863,0.1755477982613236,-0.006054187479561435
experiment_2026_08_25_00_38_criterion_seasonal_winter_sprint_fall,SEN_demand_NTE,2025-04-19,Holy Saturday,H3,G,observance_tier,True,2025-04-19,19,True,True,5,False,2,6,5,pearson,PLS,standard,2,{},2025-04-18 10:00:00,2025-04-20,306.78486461308677,10.00097257085583,141.23008,4.988,,14,24,4,4,5,4,0.06654873565935868,3377.642937244665,3459.49485543479,306.78486461308677,10.00097257085583,-10.00097257085583,-306.78486461308677,344.42868820445193,11.91951017279986,-11.91951017279986,-344.42868820445193,284.8259675181237,8.881825636388479,-8.881825636388479,-284.8259675181237,320.95096778641357,11.165595546165852,-11.165595546165852,-320.95096778641357,298.5213044286451,9.478712680077871,-9.478712680077871,-298.5213044286451,306.7848646130862,10.10019584126818,-10.10019584126818,-306.7848646130862,-344.42868820445193,-284.8259675181237,hourly_window_mean_factor_top_available_analogs,4,-23.477720418038384,13.695336910521405,-6.222858485814772e-13,-23.477720418038384,13.695336910521405,-6.222858485814772e-13,320.95096778641357,298.5213044286451,306.78486461308614,344.42868820445193,11.91951017279986,320.95096778641357,11.165595546165852,284.8259675181237,8.881825636388479,298.5213044286451,9.478712680077871,306.7848646130862,10.10019584126818,-13.695336910521405,-0.5968870436893923,-0.09922327041235057
experiment_2026_08_25_00_38_criterion_seasonal_winter_sprint_fall,SEN_demand_NTE,2025-05-01,Labor Day,H2,G,observance_tier,True,2025-05-01,19,True,True,5,False,2,6,5,pearson,PLS,standard,2,{},2025-04-30 10:00:00,2025-05-02,88.89646565501268,2.307993759876407,151.264727,5.247,,14,24,4,4,5,4,0.06067838717966714,3851.283071351082,3668.9505905514757,88.89646565501268,2.307993759876407,-0.032075628389571106,1.4788515436539695,77.39453441636059,1.9412513228839472,-1.646070087623442,-64.70251700755281,95.6059255442264,2.5219268481220083,0.9094211394968535,40.08464986519126,71.79654269792721,1.796286135071908,-1.4559876763285113,-57.13174797282685,97.92892418701173,2.5958814660207055,0.7913354900433188,35.6683679282693,88.30120469103322,2.3012937125132535,-0.036625676514723635,1.4788515436549268,-64.70251700755281,40.08464986519126,hourly_window_mean_factor_top_available_analogs,4,-7.570769034725962,4.416281936921962,-9.573628439715034e-13,-7.570769034725962,4.416281936921962,-9.573628439715034e-13,57.13174797282685,-35.6683679282693,-1.478851543654927,77.39453441636059,1.9412513228839472,71.79654269792721,1.796286135071908,95.6059255442264,2.5219268481220083,97.92892418701173,2.5958814660207055,88.30120469103322,2.3012937125132535,-2.322998642785336,-0.07395461789869717,0.0067000473631533275
experiment_2026_08_25_00_38_criterion_seasonal_winter_sprint_fall,SEN_demand_NTE,2025-09-16,Independence Day,H2,H,observance_tier,True,2025-09-16,19,True,True,4,False,2,6,4,pearson,PLS,standard,3,{},2025-09-15 10:00:00,2025-09-17,416.0816096618226,11.53859390612432,151.563765,5.172,,14,24,4,4,4,4,0.06836864342906725,3745.3922675048266,3922.025354523373,416.0816096618226,11.53859390612432,-4.416432684824524,-135.87635776798402,380.37771726956004,9.67406003140083,9.01019508320495,357.0073823841113,436.90888022397576,12.626238666379692,-12.248632216175048,-423.39187285670624,145.64771299486557,3.7598691679305003,2.743684444533748,107.80260967202928,281.2582320662888,7.921291273116327,-7.826919044927933,-278.0224221079925,231.29646188208025,6.388135760679444,-3.932486180389418,-135.87635776798447,357.0073823841113,-423.39187285670624,hourly_window_mean_factor_top_available_analogs,4,249.20477271208205,-145.36945074871383,4.308132797871765e-13,249.20477271208205,-145.36945074871383,4.308132797871765e-13,-107.80260967202923,278.0224221079924,135.87635776798444,380.37771726956004,9.67406003140083,145.64771299486557,3.7598691679305003,436.90888022397576,12.626238666379692,281.2582320662888,7.921291273116327,231.29646188208025,6.388135760679444,155.65064815768693,4.704947393263365,5.150458145444875
experiment_2026_08_25_00_38_criterion_seasonal_winter_sprint_fall,SEN_demand_NTE,2025-11-17,Mexican Revolution Day,H2,H,observance_tier,True,2025-11-17,19,True,True,5,False,2,6,5,pearson,PLS,standard,2,{},2025-11-16 10:00:00,2025-11-18,122.29722194096978,5.271761143784647,139.821954,4.7,,14,24,4,4,5,4,0.06836864342906725,2511.364102734334,2523.1212070927672,122.29722194096978,5.271761143784647,-5.003285138390542,-115.58062273433464,116.08096739503084,5.173965563757716,-4.4452449776880005,-97.85019811987831,125.92337042610082,5.328808565467024,-5.328808565467024,-125.92337042610082,92.28644964105494,4.132971069734841,-3.731141718175588,-82.06879283920492,135.12919017315966,5.708637320426996,-5.708637320426996,-135.12919017315966,119.3450226087,5.128128701750939,-4.980086309071214,-115.58062273433423,-97.85019811987831,-125.92337042610082,hourly_window_mean_factor_top_available_analogs,4,-15.781405280673393,9.205819747058834,-4.0687920868788895e-13,-15.781405280673393,9.205819747058834,-4.0687920868788895e-13,82.06879283920492,135.12919017315966,115.58062273433423,116.08096739503084,5.173965563757716,92.28644964105494,4.132971069734841,125.92337042610082,5.328808565467024,135.12919017315966,5.708637320426996,119.3450226087,5.128128701750939,-9.20581974705884,-0.3798287549599717,0.14363244203370762
experiment_2026_08_25_00_38_criterion_seasonal_winter_sprint_fall,SEN_demand_NTE,2025-12-24,Christmas Eve,H1,F,observance_tier,True,2025-12-24,19,True,True,5,False,2,6,5,pearson,PLS,standard,2,{},2025-12-23 10:00:00,2025-12-25,419.69562360827507,16.39512089769734,144.465855,4.914,,14,24,4,4,5,4,0.07370792203252456,2204.396997311567,2095.5920417977527,419.69562360827507,16.39512089769734,14.588575530794332,376.91940110948616,377.73268609332456,13.513256115855322,13.513256115855322,377.73268609332456,444.1740038253295,18.076208687105183,15.215845189508753,376.4449848689137,378.22814394721235,13.482716940817989,13.482716940817989,378.22814394721235,376.1559677874787,15.13170958502368,15.13170958502368,376.1559677874787,376.9194011094858,14.52418597926369,14.52418597926369,376.9194011094858,377.73268609332456,376.4449848689137,hourly_window_mean_factor_top_available_analogs,4,-0.495457853887826,0.28901708143508625,3.290934776152043e-13,-0.495457853887826,0.28901708143508625,3.290934776152043e-13,-378.2281439472124,-376.15596778747863,-376.9194011094858,377.73268609332456,13.513256115855322,378.22814394721235,13.482716940817989,444.1740038253295,18.076208687105183,376.1559677874787,15.13170958502368,376.9194011094858,14.52418597926369,68.01803603785083,2.944499102081503,1.8709349184336492
experiment_2026_08_25_00_38_criterion_seasonal_winter_sprint_fall,SEN_demand_NTE,2025-12-25,Christmas Day,H2,F,observance_tier,True,2025-12-25,19,True,True,5,False,2,6,5,pearson,PLS,standard,2,{},2025-12-24 10:00:00,2025-12-26,192.3795028023164,9.02138043147745,163.345984,5.659,,14,24,4,4,5,4,0.061717895713040344,2408.0054759602103,2331.2707984767035,192.3795028023164,9.02138043147745,-9.02138043147745,-192.3795028023164,122.71769093193896,5.140824230295064,-5.140824230295064,-122.71769093193896,233.01555972670326,11.285038215500508,-11.285038215500508,-233.01555972670326,111.22150618328926,4.680101691473967,-4.680101691473967,-111.22150618328926,239.7216674967476,11.636599420456145,-11.636599420456145,-239.7216674967476,192.37950280231556,9.073679204515344,-9.073679204515344,-192.37950280231556,-122.71769093193896,-233.01555972670326,hourly_window_mean_factor_top_available_analogs,4,-11.496184748649707,6.706107770044355,-8.257254529254217e-13,-11.496184748649707,6.706107770044355,-8.257254529254217e-13,111.22150618328925,239.7216674967476,192.37950280231559,122.71769093193896,5.140824230295064,111.22150618328926,4.680101691473967,233.01555972670326,11.285038215500508,239.7216674967476,11.636599420456145,192.37950280231556,9.073679204515344,-6.706107770044355,-0.3515612049556367,-0.05229877303789365
experiment_2026_08_25_00_38_criterion_seasonal_winter_sprint_fall,SEN_demand_NTE,2025-12-31,New Year's Eve,H1,F,observance_tier,True,2025-12-31,19,True,True,4,False,2,7,4,pearson,LassoReg,,2,{'alpha': 8.785570502777905},2025-12-30 10:00:00,2026-01-01,211.813326116407,7.854794217706899,150.730818,5.39,,14,24,4,4,4,4,0.07145889243967952,2522.887794146751,2385.9171538059436,211.813326116407,7.854794217706899,7.854794217706899,211.813326116407,191.332228840437,6.57160978798655,6.57160978798655,191.332228840437,223.7606328607229,8.603318468377102,8.603318468377102,223.7606328607229,214.4500623482481,7.225929709038444,7.225929709038444,214.4500623482481,214.7260761856859,8.17760685286452,7.99913236353697,210.27522998116646,214.6243868771562,7.826988957770702,7.714268227669093,211.81332611640707,191.332228840437,223.7606328607229,hourly_window_mean_factor_top_available_analogs,4,-23.117833507811092,13.485402879556451,-1.1967035549643792e-14,-23.117833507811092,13.485402879556451,-1.1967035549643792e-14,-214.4500623482481,-210.27522998116643,-211.813326116407,191.332228840437,6.57160978798655,214.4500623482481,7.225929709038444,223.7606328607229,8.603318468377102,214.7260761856859,8.17760685286452,214.6243868771562,7.826988957770702,9.034556675036981,0.42571161551258285,0.02780525993619687
experiment_2026_08_25_00_38_criterion_seasonal_winter_sprint_fall,SEN_demand_NTE,2026-01-01,New Year's Day,H3,F,observance_tier,True,2026-01-01,19,True,True,2,False,2,8,2,pearson,RidgeReg,standard,2,{'alpha': 0.17533403783223797},2025-12-31 10:00:00,2026-01-02,267.0366818262515,11.811095773546418,158.058849,5.643,,14,24,2,4,2,2,0.07433061903162376,2590.446289720988,2453.758793453771,267.0366818262515,11.811095773546418,-11.811095773546418,-267.0366818262515,255.1049497505044,10.094427022283279,-10.094427022283279,-255.1049497505044,273.9968588704373,12.81248587844992,-12.81248587844992,-273.9968588704373,249.1692936449749,9.89001276625755,-9.89001276625755,-249.1692936449749,277.4593249319953,13.046106172051921,-13.046106172051921,-277.4593249319953,267.0366818262509,11.883334917285572,-11.883334917285572,-267.0366818262509,-255.1049497505044,-273.9968588704373,hourly_window_mean_factor_top_available_analogs,2,-5.935656105529493,3.4624660615579805,-5.624506708332583e-13,-5.935656105529493,3.4624660615579805,-5.624506708332583e-13,249.1692936449749,277.45932493199524,267.0366818262509,255.1049497505044,10.094427022283279,249.1692936449749,9.89001276625755,273.9968588704373,12.81248587844992,277.4593249319953,13.046106172051921,267.0366818262509,11.883334917285572,-3.4624660615580183,-0.23362029360200154,-0.07223914373915363
experiment_2026_08_25_00_38_criterion_seasonal_winter_sprint_fall,SEN_demand_NTE,2026-02-02,Constitution Day,H2,F,observance_tier,True,2026-02-02,19,True,True,2,False,2,8,2,pearson,RidgeReg,standard,2,{'alpha': 0.06636123822709684},2026-02-01 10:00:00,2026-02-03,104.1341548335937,4.193965099645515,156.833955,5.582,,14,24,2,4,2,2,0.08109764067023519,2582.2980455975553,2620.9163208699906,104.1341548335937,4.193965099645515,-1.4124817315136777,-31.269237439660976,63.35283235842884,2.568359606880023,-0.705365069256948,-11.259530844809758,127.92325961077319,5.142234970425385,-1.8249664511634365,-42.94156628665752,66.66752571033051,2.5058734205621214,2.2700473553432188,61.376458395361524,188.5592573000187,7.538098806046393,-3.5031779301131034,-85.31256001009011,143.6517772406599,5.684121032446925,-1.3762001933660373,-31.269237439660557,-11.259530844809758,-42.94156628665752,hourly_window_mean_factor_top_available_analogs,2,-72.63598924017128,42.37099372343258,-4.1884624423753273e-13,-72.63598924017128,42.37099372343258,-4.1884624423753273e-13,-61.376458395361524,85.3125600100901,31.269237439660557,63.35283235842884,2.568359606880023,66.66752571033051,2.5058734205621214,127.92325961077319,5.142234970425385,188.5592573000187,7.538098806046393,143.6517772406599,5.684121032446925,-60.6359976892455,-2.3958638356210082,-1.49015593280141
experiment_2026_08_25_00_38_criterion_seasonal_winter_sprint_fall,SEN_demand_NTE,2026-03-16,Benito Juarez's Birthday,H2,G,observance_tier,True,2026-03-16,19,True,True,2,False,2,8,2,pearson,RidgeReg,,2,{'alpha': 0.0030714560986319518},2026-03-15 10:00:00,2026-03-17,104.30089352648709,3.865437506431875,159.831824,5.672,,14,24,2,4,2,2,0.06501666935711913,2696.4165525491785,2761.8897923836134,104.30089352648709,3.865437506431875,0.5069269971621925,17.435745345558427,140.94267815524563,5.100718123394093,3.143395128097794,93.80920145270927,82.92651915971128,3.1448571465372486,-1.0310127458835752,-27.115437383612896,126.38084065200633,4.481482986280386,2.2019110290099912,71.77106423594448,98.89113582302012,3.6956642576329144,-0.6476038159252574,-14.259857340500256,109.01892181264664,3.9851764208188256,0.4022174427350974,17.43574534555833,93.80920145270927,-27.115437383612896,hourly_window_mean_factor_top_available_analogs,2,22.038137216764785,-12.855580043112639,9.573628439715034e-14,22.038137216764785,-12.855580043112639,9.573628439715034e-14,-71.7710642359445,14.259857340500258,-17.43574534555833,140.94267815524563,5.100718123394093,126.38084065200633,4.481482986280386,82.92651915971128,3.1448571465372486,98.89113582302012,3.6956642576329144,109.01892181264664,3.9851764208188256,-15.964616663308846,-0.5508071110956658,-0.1197389143869505
experiment_2026_08_25_00_38_criterion_seasonal_winter_sprint_fall,SEN_demand_NTE,2026-04-02,Maundy Thursday,H1,G,observance_tier,True,2026-04-02,19,True,True,2,False,2,8,2,pearson,LassoReg,minmax,2,{'alpha': 0.0010296461714247428},2026-04-01 10:00:00,2026-04-03,77.59315116977204,2.068778893084597,166.922693,5.93,,14,24,2,4,2,2,0.08556441766037115,3733.5228801635208,3598.1879099122684,77.59315116977204,2.068778893084597,-0.6136211100665234,-22.575649110889223,89.59906202281043,2.3203285217508216,-2.3203285217508216,-89.59906202281043,70.58970317216632,1.9220416096959643,0.3819582134159838,16.52134175439814,273.80696387047266,7.134346996126145,-7.134346996126145,-273.80696387047266,156.43514840769612,4.230319837865433,3.340184422564642,123.97595116553451,199.6773962097717,5.300224580382537,-0.5188534685319627,-22.575649110889188,-89.59906202281043,16.52134175439814,hourly_window_mean_factor_top_available_analogs,2,184.20790184766224,-107.45460941113636,-3.5901106648931376e-14,184.20790184766224,-107.45460941113636,-3.5901106648931376e-14,273.80696387047266,-123.9759511655345,22.575649110889188,89.59906202281043,2.3203285217508216,273.80696387047266,7.134346996126145,70.58970317216632,1.9220416096959643,156.43514840769612,4.230319837865433,199.6773962097717,5.300224580382537,-85.8454452355298,-2.3082782281694687,-3.23144568729794
experiment_2026_08_25_00_38_criterion_seasonal_winter_sprint_fall,SEN_demand_NTE,2026-04-03,Good Friday,H2,G,observance_tier,True,2026-04-03,19,True,True,2,False,2,8,2,pearson,LassoReg,minmax,2,{'alpha': 0.0010296461714247428},2026-04-02 10:00:00,2026-04-04,417.6043183303843,13.787201506576826,168.890066,5.946,,14,24,2,4,2,2,0.054162097547157624,3652.678761751438,3523.563431649996,417.6043183303843,13.787201506576826,-13.787201506576826,-417.6043183303843,206.96528263962168,5.6803655192723275,-5.6803655192723275,-206.96528263962168,540.4770891499958,18.516189165837783,-18.516189165837783,-540.4770891499958,190.4586039175388,5.2356021265652695,-5.2356021265652695,-190.4586039175388,550.1059850712122,18.900808496396788,-18.900808496396788,-550.1059850712122,417.60431833038524,13.866258781195702,-13.866258781195702,-417.60431833038524,-206.96528263962168,-540.4770891499958,hourly_window_mean_factor_top_available_analogs,2,-16.50667872208289,9.628895921216516,9.453958084218596e-13,-16.50667872208289,9.628895921216516,9.453958084218596e-13,190.4586039175388,550.1059850712123,417.60431833038524,206.96528263962168,5.6803655192723275,190.4586039175388,5.2356021265652695,540.4770891499958,18.516189165837783,550.1059850712122,18.900808496396788,417.60431833038524,13.866258781195702,-9.62889592121644,-0.3846193305590049,-0.0790572746188758
experiment_2026_08_25_00_38_criterion_seasonal_winter_sprint_fall,SEN_demand_NTE,2026-04-04,Holy Saturday,H3,G,observance_tier,True,2026-04-04,19,True,True,2,False,2,8,2,pearson,LassoReg,standard,2,{'alpha': 0.0010740089596314427},2026-04-03 10:00:00,2026-04-05,153.97231998497065,4.886239188536845,183.134528,6.36,,14,24,2,4,2,2,0.06509712914879516,2941.625681650606,3030.629520948985,153.97231998497065,4.886239188536845,4.51232677251015,143.09765834939347,166.3962375820368,5.325124807559951,4.688950099246321,149.5359857180418,146.7250347200154,4.630222577440029,4.409296498580715,139.34196738434858,137.47191608858364,4.381740793894588,3.748297335302708,120.79259236161299,161.59190397205847,5.141137597351098,4.977429581071708,156.10894684226602,152.7055926465677,4.861359827656593,4.524591385262076,143.09765834939387,149.5359857180418,139.34196738434858,hourly_window_mean_factor_top_available_analogs,2,28.7433933564288,-16.766979457917444,-4.0687920868788895e-13,28.7433933564288,-16.766979457917444,-4.0687920868788895e-13,-120.79259236161299,-156.10894684226602,-143.09765834939387,166.3962375820368,5.325124807559951,137.47191608858364,4.381740793894588,146.7250347200154,4.630222577440029,161.59190397205847,5.141137597351098,152.7055926465677,4.861359827656593,-14.866869252043074,-0.510915019911069,0.024879360880251333
experiment_2026_08_25_00_38_criterion_seasonal_winter_sprint_fall,SEN_demand_NTE,2026-05-01,Labor Day,H2,G,observance_tier,True,2026-05-01,19,True,True,7,False,2,8,7,pearson,RidgeReg,minmax,2,{'alpha': 3.261523447992477},2026-04-30 10:00:00,2026-05-02,197.64077287490957,5.614706410969469,176.076432,6.221,,14,24,4,4,7,4,0.06595414629112838,3947.5427518960505,3775.9832800895765,197.64077287490957,5.614706410969469,-5.516049754560644,-193.59126794868195,81.40326407833719,1.9298933858255043,-1.662111032715836,-70.41175070714796,265.4459863395768,7.7641806756367835,-7.7641806756367835,-265.4459863395768,110.38637657869724,2.614023893279061,-2.4429445419196734,-103.33149585732137,246.2428016686425,7.167438194598289,-7.167438194598289,-246.2428016686425,196.19043453024162,5.489864504638573,-5.42683526992722,-193.59126794868206,-70.41175070714796,-265.4459863395768,hourly_window_mean_factor_top_available_analogs,4,32.91974515017341,-19.203184670934302,1.1967035549643792e-13,32.91974515017341,-19.203184670934302,1.1967035549643792e-13,103.33149585732137,246.2428016686425,193.59126794868206,81.40326407833719,1.9298933858255043,110.38637657869724,2.614023893279061,265.4459863395768,7.7641806756367835,246.2428016686425,7.167438194598289,196.19043453024162,5.489864504638573,19.20318467093429,0.5967424810384943,0.12484190633089653
experiment_2026_08_25_00_38_criterion_seasonal_winter_sprint_fall,SEN_demand_OCC,2025-01-01,New Year's Day,H3,F,observance_tier,True,2025-01-01,19,True,True,6,False,2,6,6,euclidian,LassoReg,,2,{'alpha': 0.368835150182861},2024-12-31 10:00:00,2025-01-02,210.8201523714219,3.886474422032654,386.550572,5.803,,14,24,4,4,6,4,0.09772495078717959,6233.266371967282,5847.523626852762,210.8201523714219,3.886474422032654,-3.3559129643409484,-175.6276185462288,72.9793768948318,1.0867856565061047,-0.8711634331601806,-57.98335644931376,291.2272713994328,5.519626201923138,-4.805350190863063,-244.2534381027626,162.7842648237861,2.430297587028963,-2.1022985302126,-139.03188170623403,275.1424494313837,5.238341613449413,-4.049846662712454,-196.97513170289315,233.74732878647933,4.203799077399772,-3.3323289296861915,-175.62761854622926,-57.98335644931376,-244.2534381027626,hourly_window_mean_factor_top_available_analogs,4,81.04852525692026,-47.27830639986943,4.547473508864641e-13,81.04852525692026,-47.27830639986943,4.547473508864641e-13,139.031881706234,196.97513170289318,175.62761854622926,72.9793768948318,1.0867856565061047,162.7842648237861,2.430297587028963,291.2272713994328,5.519626201923138,275.1424494313837,5.238341613449413,233.74732878647933,4.203799077399772,16.08482196804914,0.2812845884737252,-0.31732465536711807
experiment_2026_08_25_00_38_criterion_seasonal_winter_sprint_fall,SEN_demand_OCC,2025-02-03,Constitution Day,H2,F,observance_tier,True,2025-02-03,19,True,True,6,False,2,6,6,euclidian,PCR,standard,6,{},2025-02-02 10:00:00,2025-02-04,149.15661523235084,2.1504574901189777,387.552337,5.668,,14,24,4,4,6,4,0.06356135127067389,7136.153274936416,7089.521168166039,149.15661523235084,2.1504574901189777,-0.7195813840915442,-47.47253809431184,126.34401687511028,1.8599222406517701,-1.4730290239145596,-97.299682257066,162.46396427407453,2.319936385641515,-0.28007026086145137,-18.40670399937191,503.42051803566295,7.374253226942691,-7.374253226942691,-503.42051803566295,229.08791272429008,2.9864253886429117,2.8330381978310926,218.49711687147806,330.1578199442695,4.602993539595462,-0.9275428534013546,-47.472538094310735,-97.299682257066,-18.40670399937191,hourly_window_mean_factor_top_available_analogs,4,406.1208357785969,-236.90382087084996,-1.100967270567229e-12,406.1208357785969,-236.90382087084996,-1.100967270567229e-12,503.4205180356629,-218.49711687147806,47.472538094310735,126.34401687511028,1.8599222406517701,503.42051803566295,7.374253226942691,162.46396427407453,2.319936385641515,229.08791272429008,2.9864253886429117,330.1578199442695,4.602993539595462,-66.62394845021555,-0.6664890030013968,-2.4525360494764845
experiment_2026_08_25_00_38_criterion_seasonal_winter_sprint_fall,SEN_demand_OCC,2025-03-17,Benito Juarez's Birthday,H2,G,observance_tier,True,2025-03-17,19,True,True,6,False,2,6,6,euclidian,PCR,standard,6,{},2025-03-16 10:00:00,2025-03-18,96.65484392707931,1.347352389230667,354.038789,5.177,,14,24,4,4,6,4,0.062427785185836186,7153.652473640068,7198.526371126438,96.65484392707931,1.347352389230667,0.20055752199428245,18.221747149407413,133.34743822273302,1.8244282692568312,0.6698955650142526,57.80608990800043,75.25083058794799,1.0690581258820715,-0.07322300310070014,-4.869119459771848,241.42292679887416,3.3955265565555846,-0.34544835653627565,-4.749640929120362,202.58195469149123,2.768516963905712,0.3054289401230608,31.621723528545925,216.89178652052703,2.9995204980398755,0.06563204135383158,18.22174714940571,57.80608990800043,-4.869119459771848,hourly_window_mean_factor_top_available_analogs,4,62.55573083712079,-36.49084298831777,1.6993190480494186e-12,62.55573083712079,-36.49084298831777,1.6993190480494186e-12,4.7496409291203605,-31.621723528545925,-18.221747149405715,133.34743822273302,1.8244282692568312,241.42292679887416,3.3955265565555846,75.25083058794799,1.0690581258820715,202.58195469149123,2.768516963905712,216.89178652052703,2.9995204980398755,-127.33112410354325,-1.6994588380236406,-1.6521681088092086
experiment_2026_08_25_00_38_criterion_seasonal_winter_sprint_fall,SEN_demand_OCC,2025-04-17,Maundy Thursday,H1,G,observance_tier,True,2025-04-17,19,True,True,6,False,2,6,6,euclidian,PCR,standard,6,{},2025-04-16 10:00:00,2025-04-18,125.74562565878261,1.469414409416069,348.586124,5.082,,14,24,4,4,6,4,0.07847656200767719,8975.13679219974,8594.210900272275,125.74562565878261,1.469414409416069,-1.254134463007276,-105.5567461471092,67.05921446263321,0.6948053218692717,-0.12041247943876751,-13.171038361110082,159.9793655232031,1.9212697104850343,-1.9154722867555727,-159.44840902227534,303.68867300908397,3.2182905875520516,-3.149843279475328,-296.77710649434437,93.83103690220646,1.0903577772311543,0.03170401584426293,5.988464055444827,171.14700809947712,1.8743330231388533,-1.140444987694534,-105.55674614710908,-13.171038361110082,-159.44840902227534,hourly_window_mean_factor_top_available_analogs,4,283.60606813323426,-165.43687307772018,-1.1967035549643792e-13,283.60606813323426,-165.43687307772018,-1.1967035549643792e-13,296.77710649434437,-5.988464055444837,105.55674614710908,67.05921446263321,0.6948053218692717,303.68867300908397,3.2182905875520516,159.9793655232031,1.9212697104850343,93.83103690220646,1.0903577772311543,171.14700809947712,1.8743330231388533,66.14832862099665,0.8309119332538799,-0.40491861372278426
experiment_2026_08_25_00_38_criterion_seasonal_winter_sprint_fall,SEN_demand_OCC,2025-04-18,Good Friday,H2,G,observance_tier,True,2025-04-18,19,True,True,6,False,2,6,6,euclidian,PCR,standard,6,{},2025-04-17 10:00:00,2025-04-19,186.43796176120918,2.4145692959825626,331.685664,4.738,,14,24,4,4,6,4,0.08566146668518972,7520.110928321143,7040.679637061646,186.43796176120918,2.4145692959825626,2.3871646947806644,184.3388527314903,200.10720451972267,2.3064460739607573,2.3064460739607573,200.10720451972267,178.46423681874296,2.477641175495283,2.4342505569256114,175.14064752168812,267.8519405820243,3.0571679737912616,1.859567410175632,168.97438107432637,281.44348997228104,3.79633217250154,2.473612805075024,193.30146119816686,276.43607703902853,3.5240085203451215,2.247385554322616,184.3388527314888,200.10720451972267,175.14064752168812,hourly_window_mean_factor_top_available_analogs,4,31.132823445396298,-18.16081367647875,1.5317805503544054e-12,31.132823445396298,-18.16081367647875,1.5317805503544054e-12,-168.97438107432637,-193.30146119816686,-184.33885273148877,200.10720451972267,2.3064460739607573,267.8519405820243,3.0571679737912616,178.46423681874296,2.477641175495283,281.44348997228104,3.79633217250154,276.43607703902853,3.5240085203451215,-102.97925315353808,-1.3186909970062572,-1.1094392243625588
experiment_2026_08_25_00_38_criterion_seasonal_winter_sprint_fall,SEN_demand_OCC,2025-04-19,Holy Saturday,H3,G,observance_tier,True,2025-04-19,19,True,True,6,False,2,6,6,euclidian,PCR,standard,6,{},2025-04-18 10:00:00,2025-04-20,87.91800185525292,1.203617766041031,329.326432,4.695,,14,24,4,4,6,4,0.06506298980199061,7234.849894132272,7299.545854645042,87.91800185525292,1.203617766041031,0.6224932223692524,45.89706349930652,84.48808117569264,1.193333046195734,0.8317153491033846,56.66689031818942,89.91878891832975,1.2096171859507874,0.5004469817743421,39.61466452162483,101.55102780664323,1.4401812964613843,-0.25788961470552263,-11.637988676052894,112.85336033077517,1.5687093815458513,1.1027429277854959,79.45917726826633,108.68934308504235,1.5213569291463112,0.6014572542361734,45.89706349930662,56.66689031818942,39.61466452162483,hourly_window_mean_factor_top_available_analogs,4,68.30487899424232,-39.8445127466415,-9.573628439715034e-14,68.30487899424232,-39.8445127466415,-9.573628439715034e-14,11.637988676052899,-79.45917726826633,-45.89706349930661,84.48808117569264,1.193333046195734,101.55102780664323,1.4401812964613843,89.91878891832975,1.2096171859507874,112.85336033077517,1.5687093815458513,108.68934308504235,1.5213569291463112,-22.934571412445422,-0.3590921955950639,-0.31773916310528016
experiment_2026_08_25_00_38_criterion_seasonal_winter_sprint_fall,SEN_demand_OCC,2025-05-01,Labor Day,H2,G,observance_tier,True,2025-05-01,19,True,True,6,False,2,6,6,euclidian,PCR,standard,6,{},2025-04-30 10:00:00,2025-05-02,306.6870380988369,3.5480213271560985,304.447624,4.33,,14,24,4,4,6,4,0.07691409183523354,9660.121306319861,9167.71559884941,306.6870380988369,3.5480213271560985,-3.4813870187886673,-299.518886056701,91.66614395499631,0.8775583910764987,-0.6966938397934699,-72.20973126919878,432.1158930160773,5.105791373202532,-5.105791373202532,-432.1158930160773,207.39353330085513,2.0094670245457396,-2.0094670245457396,-207.39353330085513,353.25867516428116,4.1978840056319795,-4.1978840056319795,-353.25867516428116,299.5188860567031,3.3916251178633643,-3.3916251178633643,-299.5188860567031,-72.20973126919878,-432.1158930160773,hourly_window_mean_factor_top_available_analogs,4,135.18380203165634,-78.85721785179612,2.1540663989358825e-12,135.18380203165634,-78.85721785179612,2.1540663989358825e-12,207.39353330085513,353.25867516428116,299.51888605670314,91.66614395499631,0.8775583910764987,207.39353330085513,2.0094670245457396,432.1158930160773,5.105791373202532,353.25867516428116,4.1978840056319795,299.5188860567031,3.3916251178633643,78.85721785179612,0.9079073675705525,0.15639620929273423
experiment_2026_08_25_00_38_criterion_seasonal_winter_sprint_fall,SEN_demand_OCC,2025-09-16,Independence Day,H2,H,observance_tier,True,2025-09-16,19,True,True,6,False,2,6,6,euclidian,PCR,standard,6,{},2025-09-15 10:00:00,2025-09-17,860.0738863023652,11.603092880746113,313.488529,4.433,,14,24,4,4,6,4,0.060097364414091074,6632.92761083536,6193.607256194745,860.0738863023652,11.603092880746113,11.130517598173961,827.9574223225359,902.5646152472783,10.986971435404188,10.81545405182683,887.6678890664463,835.2876277511655,11.962497057195568,11.314304666876454,793.1263167219213,1342.3502374529544,16.161138448588037,16.161138448588037,1342.3502374529544,528.4362969622986,7.454381404379589,7.445943025162151,527.8949468297903,828.2993276693824,10.662133999614284,10.656804496950638,827.9574223225351,887.6678890664463,793.1263167219213,hourly_window_mean_factor_top_available_analogs,4,-454.6823483865081,265.2313698921309,7.419562040779151e-13,-454.6823483865081,265.2313698921309,7.419562040779151e-13,-1342.3502374529544,-527.8949468297903,-827.9574223225351,902.5646152472783,10.986971435404188,1342.3502374529544,16.161138448588037,835.2876277511655,11.962497057195568,528.4362969622986,7.454381404379589,828.2993276693824,10.662133999614284,306.8513307888669,4.508115652815979,0.940958881131829
experiment_2026_08_25_00_38_criterion_seasonal_winter_sprint_fall,SEN_demand_OCC,2025-11-17,Mexican Revolution Day,H2,H,observance_tier,True,2025-11-17,19,True,True,5,False,2,6,5,euclidian,RidgeReg,,2,{'alpha': 0.047242119152030575},2025-11-16 10:00:00,2025-11-18,183.29704009908502,2.400453686649868,327.608868,4.631,,14,24,4,4,5,4,0.06474859093203311,7176.60680635025,7115.655450291256,183.29704009908502,2.400453686649868,1.7893794013785675,142.2702949655389,166.54894351122616,2.1741835453394174,0.7675471562307578,71.61308826290126,193.06676310866933,2.5324446024142966,2.3854482110481228,183.48699887541088,235.32932741695276,3.182458255877298,0.19332043551189942,35.21840587732952,217.97518317584237,2.930702127558334,2.742222297747498,204.71723026699576,224.3688152646725,3.0234543853600577,1.8031531906080673,142.27029496553976,71.61308826290126,183.48699887541088,hourly_window_mean_factor_top_available_analogs,4,36.39468238557174,-21.23023139158488,-8.61626559574353e-13,36.39468238557174,-21.23023139158488,-8.61626559574353e-13,-35.218405877329516,-204.71723026699576,-142.27029496553976,166.54894351122616,2.1741835453394174,235.32932741695276,3.182458255877298,193.06676310866933,2.5324446024142966,217.97518317584237,2.930702127558334,224.3688152646725,3.0234543853600577,-24.90842006717304,-0.3982575251440372,-0.6230006987101899
experiment_2026_08_25_00_38_criterion_seasonal_winter_sprint_fall,SEN_demand_OCC,2025-12-24,Christmas Eve,H1,F,observance_tier,True,2025-12-24,19,True,True,6,False,2,6,6,euclidian,RidgeReg,,2,{'alpha': 0.01683223478054716},2025-12-23 10:00:00,2025-12-25,313.6193993701407,4.036623035412563,310.725381,4.376,,14,24,4,4,6,4,0.10209135685132714,7395.958206319644,6862.8916921780865,313.6193993701407,4.036623035412563,3.7263010279706066,290.98775420667226,318.62034740992345,3.634048094888855,3.3184813608554484,292.6477051519735,310.7021796802674,4.271458417384728,3.9641958337877807,290.01944948857994,346.1453360512307,3.9659289659733497,2.2995188071875323,208.77537786769042,341.61519142642913,4.710848669548357,4.672133260120112,338.9449737377444,343.2841920776718,4.436404568231248,3.7980121458817924,290.98775420667187,292.6477051519735,290.01944948857994,hourly_window_mean_factor_top_available_analogs,4,83.87232728428307,-48.92552424916448,4.0687920868788895e-13,83.87232728428307,-48.92552424916448,4.0687920868788895e-13,-208.77537786769045,-338.9449737377444,-290.98775420667187,318.62034740992345,3.634048094888855,346.1453360512307,3.9659289659733497,310.7021796802674,4.271458417384728,341.61519142642913,4.710848669548357,343.2841920776718,4.436404568231248,-30.913011746161715,-0.43939025216362904,-0.3997815328186851
experiment_2026_08_25_00_38_criterion_seasonal_winter_sprint_fall,SEN_demand_OCC,2025-12-25,Christmas Day,H2,F,observance_tier,True,2025-12-25,19,True,True,6,False,2,6,6,euclidian,RidgeReg,,2,{'alpha': 0.00778267964431013},2025-12-24 10:00:00,2025-12-26,678.442439974936,11.690738191135576,307.064782,4.303,,14,24,4,4,6,4,0.061881926867907625,6963.366283527626,6621.141096964714,678.442439974936,11.690738191135576,-11.40943373781064,-659.2803324749945,461.1146269211916,6.607871653870711,-6.607871653870711,-461.1146269211916,805.2169975896203,14.655743671206755,-14.210344953442268,-774.8769940480461,349.0277139557612,5.056198868999981,-4.827142643586316,-331.43358546033556,850.5242682335457,15.712488815310087,-15.712488815310087,-850.5242682335457,665.7623798154146,11.786487256143205,-11.702098120464488,-659.2803324749947,-461.1146269211916,-774.8769940480461,hourly_window_mean_factor_top_available_analogs,4,-129.681041460856,75.64727418549971,2.3934071099287584e-13,-129.681041460856,75.64727418549971,2.3934071099287584e-13,331.4335854603356,850.5242682335457,659.2803324749947,461.1146269211916,6.607871653870711,349.0277139557612,5.056198868999981,805.2169975896203,14.655743671206755,850.5242682335457,15.712488815310087,665.7623798154146,11.786487256143205,-45.30727064392545,-1.0567451441033313,-0.09574906500762914
experiment_2026_08_25_00_38_criterion_seasonal_winter_sprint_fall,SEN_demand_OCC,2025-12-31,New Year's Eve,H1,F,observance_tier,True,2025-12-31,19,True,True,7,False,2,7,7,euclidian,RidgeReg,,2,{'alpha': 0.0019723067478103875},2025-12-30 10:00:00,2026-01-01,212.03921038598574,2.8701877919699714,283.021591,3.982,,14,24,4,4,7,4,0.09036017175596694,7236.768299737703,6837.774676024507,212.03921038598574,2.8701877919699714,2.820970988381093,208.2839836833496,154.668185661118,1.861420387330879,1.727831920446781,144.47542746824845,245.5056414754919,3.4586354446761085,3.4586354446761085,245.5056414754919,299.87326016596586,3.754346366214301,-0.5092754258826969,-25.22782598821537,344.49920599176227,4.8414591703981715,4.8414591703981715,344.49920599176227,328.05806805594256,4.4409439267514825,2.870135898084168,208.28398368334948,144.47542746824845,245.5056414754919,hourly_window_mean_factor_top_available_analogs,4,169.70325345646384,-98.99356451627038,1.1967035549643792e-13,169.70325345646384,-98.99356451627038,1.1967035549643792e-13,25.227825988215386,-344.49920599176227,-208.28398368334948,154.668185661118,1.861420387330879,299.87326016596586,3.754346366214301,245.5056414754919,3.4586354446761085,344.49920599176227,4.8414591703981715,328.05806805594256,4.4409439267514825,-98.99356451627037,-1.382823725722063,-1.570756134781511
experiment_2026_08_25_00_38_criterion_seasonal_winter_sprint_fall,SEN_demand_OCC,2026-01-01,New Year's Day,H3,F,observance_tier,True,2026-01-01,19,True,True,7,False,2,8,7,euclidian,RidgeReg,,2,{'alpha': 0.0019723067478103875},2025-12-31 10:00:00,2026-01-02,369.3451299423719,5.882580142869512,289.00923,4.064,,14,24,4,4,7,4,0.10012689862564417,6313.502012004425,5747.871460747461,369.3451299423719,5.882580142869512,-0.6008683270907851,-21.78146516232044,218.4908956906277,3.135533739058897,-2.59006300897915,-180.2613563020794,457.34343325588935,7.485023878425705,0.5594952373440956,70.66513800253897,259.23591427175114,3.6532236011061445,-0.5917779106699259,-30.55520291242569,422.764241305192,7.517062683647558,-1.2265870971277513,-16.66345147475738,362.5169629244506,6.093543021658616,-0.9927100284327627,-21.78146516231939,-180.2613563020794,70.66513800253897,hourly_window_mean_factor_top_available_analogs,4,-149.70615338965374,87.32858947729635,-1.0530991283686538e-12,-149.70615338965374,87.32858947729635,-1.0530991283686538e-12,30.55520291242567,16.66345147475738,21.78146516231939,218.4908956906277,3.135533739058897,259.23591427175114,3.6532236011061445,457.34343325588935,7.485023878425705,422.764241305192,7.517062683647558,362.5169629244506,6.093543021658616,34.57919195069735,-0.03203880522185365,-0.21096287878910402
experiment_2026_08_25_00_38_criterion_seasonal_winter_sprint_fall,SEN_demand_OCC,2026-02-02,Constitution Day,H2,F,observance_tier,True,2026-02-02,19,True,True,7,False,2,8,7,euclidian,LassoReg,,2,{'alpha': 0.023593316458046316},2026-02-01 10:00:00,2026-02-03,352.0772394381795,4.868268452532548,258.284378,3.636,,14,24,4,4,7,4,0.07024518918072671,6844.030936363508,6732.768454633656,352.0772394381795,4.868268452532548,4.469881641028112,325.62353837333285,128.45696356132697,1.7815786294594862,0.7002429982331623,56.65406067102874,482.52240036634345,6.668837515991833,6.668837515991833,482.52240036634345,291.7269886776244,4.101185362144218,-0.35300786979948134,5.5650766632061925,512.3243077042425,7.068614607478569,7.068614607478569,512.3243077042425,431.0516112207516,5.975351201302756,4.334332642165603,325.6235383733344,56.65406067102874,482.52240036634345,hourly_window_mean_factor_top_available_analogs,4,51.088984007822546,-29.801907337899024,-1.6035827636522681e-12,51.088984007822546,-29.801907337899024,-1.6035827636522681e-12,-5.565076663206192,-512.3243077042425,-325.62353837333444,128.45696356132697,1.7815786294594862,291.7269886776244,4.101185362144218,482.52240036634345,6.668837515991833,512.3243077042425,7.068614607478569,431.0516112207516,5.975351201302756,-29.80190733789908,-0.3997770914867358,-1.1070827487702077
experiment_2026_08_25_00_38_criterion_seasonal_winter_sprint_fall,SEN_demand_OCC,2026-03-16,Benito Juarez's Birthday,H2,G,observance_tier,True,2026-03-16,19,True,True,7,False,2,8,7,euclidian,LassoReg,,2,{'alpha': 0.023593316458046316},2026-03-15 10:00:00,2026-03-17,220.79471760525112,2.9370679815869605,250.454923,3.514,,14,24,4,4,7,4,0.06517351093913243,7735.435827269985,7804.737262027888,220.79471760525112,2.9370679815869605,-1.4420942015579434,-105.09894621735262,235.53221332798128,3.229405565126315,-1.4067327370227376,-82.37057911357682,212.19784510032514,2.766537724522337,-1.4627217225368134,-118.35716036122183,681.548425625414,9.697080487641566,-9.697080487641566,-681.548425625414,284.7265166168491,3.5362485422358545,2.8091449356251705,231.16325010401582,430.92406204105714,5.806028732648484,-1.7984117992625734,-105.09894621735297,-82.37057911357682,-118.35716036122183,hourly_window_mean_factor_top_available_analogs,4,599.177846511837,-349.5204104652377,3.590110664893138e-13,599.177846511837,-349.5204104652377,3.590110664893138e-13,681.5484256254138,-231.1632501040159,105.09894621735297,235.53221332798128,3.229405565126315,681.548425625414,9.697080487641566,212.19784510032514,2.766537724522337,284.7265166168491,3.5362485422358545,430.92406204105714,5.806028732648484,-72.52867151652396,-0.7697108177135177,-2.868960751061523
experiment_2026_08_25_00_38_criterion_seasonal_winter_sprint_fall,SEN_demand_OCC,2026-04-02,Maundy Thursday,H1,G,observance_tier,True,2026-04-02,19,True,True,7,False,2,8,7,euclidian,LassoReg,,2,{'alpha': 0.023593316458046316},2026-04-01 10:00:00,2026-04-03,254.15808300608666,2.972094855225278,254.933318,3.567,,14,24,4,4,7,4,0.0788177653551877,9063.578808930564,8752.243832381786,254.15808300608666,2.972094855225278,-2.8156204714076396,-238.8274455095133,181.25254023777248,1.9581428788000852,-1.5765608390696946,-143.63619301418672,296.68631628760323,3.563566841473307,-3.538405256938107,-294.3556761317871,537.978472746456,5.877037022029902,-5.877037022029902,-537.978472746456,122.8495528373325,1.4748543930862572,-0.7883163402502538,-64.32267962129397,275.7917864880622,3.0967111511181256,-2.663108170379598,-238.82744550951156,-143.63619301418672,-294.3556761317871,hourly_window_mean_factor_top_available_analogs,4,394.3422797322693,-230.03299651049312,-1.6993190480494186e-12,394.3422797322693,-230.03299651049312,-1.6993190480494186e-12,537.978472746456,64.32267962129399,238.8274455095116,181.25254023777248,1.9581428788000852,537.978472746456,5.877037022029902,296.68631628760323,3.563566841473307,122.8495528373325,1.4748543930862572,275.7917864880622,3.0967111511181256,173.83676345027072,2.0887124483870494,-0.12461629589284762
experiment_2026_08_25_00_38_criterion_seasonal_winter_sprint_fall,SEN_demand_OCC,2026-04-03,Good Friday,H2,G,observance_tier,True,2026-04-03,19,True,True,7,False,2,8,7,euclidian,LassoReg,,2,{'alpha': 0.023593316458046316},2026-04-02 10:00:00,2026-04-04,281.89240081805065,3.7486746979337116,257.762644,3.528,,14,24,4,4,7,4,0.0788177653551877,7998.627299765418,7531.668732322392,281.89240081805065,3.7486746979337116,-3.7486746979337116,-281.89240081805065,295.6523068106081,3.484952321321439,-3.484952321321439,-295.6523068106081,273.8657889890588,3.9025127509575377,-3.9025127509575377,-273.8657889890588,343.60174117324505,4.200144161106686,-3.870859453745335,-314.1662560199549,334.976314055947,4.976628485407593,-4.093251223163095,-263.06598528360433,338.1541029938989,4.690555313296732,-4.011317413377604,-281.8924008180493,-295.6523068106081,-273.8657889890588,hourly_window_mean_factor_top_available_analogs,4,18.51394920934685,-10.799803705454488,-1.3642420526593924e-12,18.51394920934685,-10.799803705454488,-1.3642420526593924e-12,314.1662560199549,263.0659852836043,281.8924008180493,295.6523068106081,3.484952321321439,343.60174117324505,4.200144161106686,273.8657889890588,3.9025127509575377,334.976314055947,4.976628485407593,338.1541029938989,4.690555313296732,-61.110525066888215,-1.0741157344500554,-0.9418806153630208
experiment_2026_08_25_00_38_criterion_seasonal_winter_sprint_fall,SEN_demand_OCC,2026-04-04,Holy Saturday,H3,G,observance_tier,True,2026-04-04,19,True,True,7,False,2,8,7,euclidian,LassoReg,,2,{'alpha': 0.023593316458046316},2026-04-03 10:00:00,2026-04-05,60.52319237234219,0.8345674359653027,248.252471,3.4,,14,24,4,4,7,4,0.06573382827530196,7348.577502746404,7437.465318269402,60.52319237234219,0.8345674359653027,-0.35581723127007286,-25.733748535878476,46.823643423310905,0.6618076952300334,0.034510782650502815,4.315246007306996,68.51459592594377,0.9353439513942101,-0.5835085727237421,-43.26232868607,287.96515048659506,4.19909025475838,-1.9563546165132557,-109.81010775557512,233.26545578057062,3.2284332672720883,0.22761099126095832,23.31079434227892,253.41797488279016,3.5860437363459843,-0.5770079168663835,-25.73374853587783,4.315246007306996,-43.26232868607,hourly_window_mean_factor_top_available_analogs,4,114.12535376288211,-66.57312302834892,-6.462199196807648e-13,114.12535376288211,-66.57312302834892,-6.462199196807648e-13,109.81010775557512,-23.310794342278918,25.73374853587783,46.823643423310905,0.6618076952300334,287.96515048659506,4.19909025475838,68.51459592594377,0.9353439513942101,233.26545578057062,3.2284332672720883,253.41797488279016,3.5860437363459843,-164.75085985462687,-2.2930893158778782,-2.7514763003806815
experiment_2026_08_25_00_38_criterion_seasonal_winter_sprint_fall,SEN_demand_OCC,2026-05-01,Labor Day,H2,G,observance_tier,True,2026-05-01,19,True,True,7,False,2,8,7,euclidian,LassoReg,,2,{'alpha': 0.023593316458046316},2026-04-30 10:00:00,2026-05-02,257.6800383243795,2.8888268686866283,243.690184,3.33,,14,24,4,4,7,4,0.06998425421710008,9740.36943622403,9196.501147849538,257.6800383243795,2.8888268686866283,-1.748034640216899,-135.57011543455476,152.19267241303766,1.4069079523624919,1.343354395336938,145.2498801339898,319.2143351059956,3.753279569875707,-3.551344910956638,-299.38177951620577,205.66945388637228,1.9002475521931306,1.9002475521931306,205.66945388637228,420.6905752000089,4.977652484404691,-4.087005091324392,-334.6265308717634,341.4722673476164,3.8438717199056955,-1.8811751700284627,-135.57011543455553,145.2498801339898,-299.38177951620577,hourly_window_mean_factor_top_available_analogs,4,-60.419573752382476,35.24475135555766,7.658902751772027e-13,-60.419573752382476,35.24475135555766,7.658902751772027e-13,-205.66945388637225,334.6265308717634,135.57011543455553,152.19267241303766,1.4069079523624919,205.66945388637228,1.9002475521931306,319.2143351059956,3.753279569875707,420.6905752000089,4.977652484404691,341.4722673476164,3.8438717199056955,-101.47624009401329,-1.2243729145289843,-0.9550448512190672
experiment_2026_08_25_00_38_criterion_seasonal_winter_sprint_fall,SEN_demand_ORI,2025-01-01,New Year's Day,H3,F,observance_tier,True,2025-01-01,19,True,True,4,False,2,6,4,pearson,PLS,minmax,2,{},2024-12-31 10:00:00,2025-01-02,167.89957487923093,3.3639523269167233,274.926384,5.051,,14,24,4,4,4,4,0.08407420833760301,5349.104643661412,5111.464482320088,167.89957487923093,3.3639523269167233,-1.4964244611228128,-60.30420497720175,96.6386995376788,1.6101770750425781,1.337010420331423,81.10397618203206,209.46841882846968,4.3869878905099755,-3.1492614753044506,-142.79231065342148,96.7859429147587,1.6218489617627672,0.7217186840780122,47.5088410666395,187.8201425963155,3.9144238352572587,-2.6962411001391806,-123.19514850277608,154.281226924163,3.069790987127709,-1.4369927585854783,-60.30420497720192,81.10397618203206,-142.79231065342148,hourly_window_mean_factor_top_available_analogs,4,33.59513511539256,-19.597162150645392,1.6753849769501309e-13,33.59513511539256,-19.597162150645392,1.6753849769501309e-13,-47.5088410666395,123.19514850277609,60.30420497720192,96.6386995376788,1.6101770750425781,96.7859429147587,1.6218489617627672,209.46841882846968,4.3869878905099755,187.8201425963155,3.9144238352572587,154.281226924163,3.069790987127709,21.64827623215419,0.47256405525271683,0.29416133978901415
experiment_2026_08_25_00_38_criterion_seasonal_winter_sprint_fall,SEN_demand_ORI,2025-02-03,Constitution Day,H2,F,observance_tier,True,2025-02-03,19,True,True,4,False,2,6,4,pearson,PLS,standard,2,{},2025-02-02 10:00:00,2025-02-04,190.0376053982352,3.58506462344033,257.515837,4.703,,14,24,4,4,4,4,0.0997634550557883,5567.477557077851,5594.7925772087065,190.0376053982352,3.58506462344033,-2.567642231826216,-135.44708418311342,92.11938658028546,1.674790646365333,1.0867844165872602,56.05488528933074,247.15656637537253,4.699391110067412,-4.699391110067412,-247.15656637537253,229.96972664175252,4.27906731387026,3.4261450655004877,177.99017572930143,318.28548579869016,5.861048514411362,-5.861048514411362,-318.28548579869016,285.74810084613426,5.278213335264639,-2.439450879706996,-135.4470841831143,56.05488528933074,-247.15656637537253,hourly_window_mean_factor_top_available_analogs,4,-121.93529043997069,71.12891942331764,8.855606306736407e-13,-121.93529043997069,71.12891942331764,8.855606306736407e-13,-177.99017572930143,318.28548579869016,135.4470841831143,92.11938658028546,1.674790646365333,229.96972664175252,4.27906731387026,247.15656637537253,4.699391110067412,318.28548579869016,5.861048514411362,285.74810084613426,5.278213335264639,-71.12891942331763,-1.1616574043439494,-1.6931487118243091
experiment_2026_08_25_00_38_criterion_seasonal_winter_sprint_fall,SEN_demand_ORI,2025-03-17,Benito Juarez's Birthday,H2,G,observance_tier,True,2025-03-17,19,True,True,4,False,2,6,4,pearson,PLS,minmax,2,{},2025-03-16 10:00:00,2025-03-18,430.2172721391897,7.252915853027516,256.058065,4.678,,14,24,4,4,4,4,0.06777588150530565,6306.40676819182,6136.048274172751,430.2172721391897,7.252915853027516,-7.252915853027516,-430.2172721391897,421.5886386530828,6.708777156632036,-6.708777156632036,-421.5886386530828,435.250641672752,7.570330092591547,-7.570330092591547,-435.250641672752,501.8162846446974,8.196372931198686,-8.196372931198686,-501.8162846446974,388.4511815109756,6.94618518149785,-6.94618518149785,-388.4511815109756,430.2172721391889,7.406780668229739,-7.406780668229739,-430.2172721391889,-421.5886386530828,-435.250641672752,hourly_window_mean_factor_top_available_analogs,4,80.22764599161461,-46.79946016177647,-8.137584173757779e-13,80.22764599161461,-46.79946016177647,-8.137584173757779e-13,501.8162846446974,388.4511815109755,430.2172721391889,421.5886386530828,6.708777156632036,501.8162846446974,8.196372931198686,435.250641672752,7.570330092591547,388.4511815109756,6.94618518149785,430.2172721391889,7.406780668229739,46.79946016177644,0.6241449110936967,-0.15386481520222262
experiment_2026_08_25_00_38_criterion_seasonal_winter_sprint_fall,SEN_demand_ORI,2025-04-17,Maundy Thursday,H1,G,observance_tier,True,2025-04-17,19,True,True,4,False,2,6,4,pearson,PLS,standard,2,{},2025-04-16 10:00:00,2025-04-18,126.55610917621351,1.9337363777606025,270.507542,4.889,,14,24,4,4,4,4,0.06829625490657898,6752.740751050865,6596.877232926908,126.55610917621351,1.9337363777606025,-1.322465940856968,-83.05290105086442,95.05198279263388,1.3336437578933575,-1.2437657768851589,-88.81780640622004,144.93351623330162,2.2837904060164957,-1.368374369840523,-79.69003959357364,246.44688383732586,3.5954008366422507,-3.5954008366422507,-246.44688383732586,256.5128398454481,3.927439968441235,-0.019598196707977356,12.260255574570882,252.8043297371925,3.805109761988976,-1.3369991693153407,-83.05290105086476,-88.81780640622004,-79.69003959357364,hourly_window_mean_factor_top_available_analogs,4,157.6290774311058,-91.95029516814452,3.3507699539002617e-13,157.6290774311058,-91.95029516814452,3.3507699539002617e-13,246.44688383732586,-12.260255574570877,83.05290105086476,95.05198279263388,1.3336437578933575,246.44688383732586,3.5954008366422507,144.93351623330162,2.2837904060164957,256.5128398454481,3.927439968441235,252.8043297371925,3.805109761988976,-111.57932361214651,-1.6436495624247391,-1.8713733842283737
experiment_2026_08_25_00_38_criterion_seasonal_winter_sprint_fall,SEN_demand_ORI,2025-04-18,Good Friday,H2,G,observance_tier,True,2025-04-18,19,True,True,5,False,2,6,5,pearson,PLS,standard,2,{},2025-04-17 10:00:00,2025-04-19,301.54841065605666,4.616505360897375,295.455746,5.231,,14,24,4,4,5,4,0.06700526317302265,6150.925592902014,5893.626942447401,301.54841065605666,4.616505360897375,4.600970883538825,300.60957367693436,191.16176311912704,2.7142675903910467,2.6721025804178415,188.6134913186524,365.9406217192656,5.726144060359399,5.726144060359399,365.9406217192656,240.76658476426655,3.4475437229495305,3.4475437229495305,240.76658476426655,335.5179838759896,5.185437912542188,5.185437912542188,335.5179838759896,300.60957367693373,4.545161105850156,4.545161105850156,300.60957367693373,188.6134913186524,365.9406217192656,hourly_window_mean_factor_top_available_analogs,4,-52.15309344561417,30.422637843275993,6.701539907800523e-13,-52.15309344561417,30.422637843275993,6.701539907800523e-13,-240.76658476426655,-335.5179838759896,-300.6095736769337,191.16176311912704,2.7142675903910467,240.76658476426655,3.4475437229495305,365.9406217192656,5.726144060359399,335.5179838759896,5.185437912542188,300.60957367693373,4.545161105850156,30.422637843275993,0.540706147817211,0.07134425504721875
experiment_2026_08_25_00_38_criterion_seasonal_winter_sprint_fall,SEN_demand_ORI,2025-04-19,Holy Saturday,H3,G,observance_tier,True,2025-04-19,19,True,True,4,False,2,6,4,pearson,PLS,standard,2,{},2025-04-18 10:00:00,2025-04-20,547.3344824983569,8.366694187469953,265.227967,4.64,,14,24,4,4,4,4,0.07175576894439913,5895.796657729581,5701.681441455551,547.3344824983569,8.366694187469953,8.318821395387502,544.6501475335775,187.3876021336271,2.81468516176821,2.6847447261158472,180.10155008636872,757.3034960444493,11.605366119129302,11.605366119129302,757.3034960444493,202.52283213598926,3.0220971223709356,2.578273069188957,177.42847623601276,758.8627891238226,11.569068052013549,11.569068052013549,758.8627891238226,553.8954365493577,8.420184025303115,8.256669900446596,544.6501475335768,180.10155008636872,757.3034960444493,hourly_window_mean_factor_top_available_analogs,4,2.673073850355974,-1.559293079373371,5.983517774821897e-13,2.673073850355974,-1.559293079373371,5.983517774821897e-13,-177.42847623601276,-758.8627891238226,-544.650147533577,187.3876021336271,2.81468516176821,202.52283213598926,3.0220971223709356,757.3034960444493,11.605366119129302,758.8627891238226,11.569068052013549,553.8954365493577,8.420184025303115,-1.559293079373333,0.03629806711575334,-0.05348983783316186
experiment_2026_08_25_00_38_criterion_seasonal_winter_sprint_fall,SEN_demand_ORI,2025-05-01,Labor Day,H2,G,observance_tier,True,2025-05-01,19,True,True,5,False,2,6,5,pearson,PLS,standard,2,{},2025-04-30 10:00:00,2025-05-02,114.65447859204446,1.6091386163383432,294.428308,5.066,,14,24,4,4,5,4,0.07171368305249616,7072.390665821256,6825.276871917532,114.65447859204446,1.6091386163383432,0.7180342698864529,57.6384318103221,118.72098082484354,1.56822021104352,1.2598347572703188,93.87098462949832,112.28235228957833,1.6330076860936564,0.40198398557919784,36.502775999135984,95.31906177286373,1.2428401924560863,0.9909714140289607,75.64042267948851,172.21609594676616,2.504438093546671,0.4646396487844993,47.137270469975874,143.88560967217055,2.039638866829087,0.6585513517693009,57.63843181032263,93.87098462949832,36.502775999135984,hourly_window_mean_factor_top_available_analogs,4,18.230561950009815,-10.634494470839892,-5.265495641843269e-13,18.230561950009815,-10.634494470839892,-5.265495641843269e-13,-75.64042267948851,-47.137270469975874,-57.63843181032263,118.72098082484354,1.56822021104352,95.31906177286373,1.2428401924560863,112.28235228957833,1.6330076860936564,172.21609594676616,2.504438093546671,143.88560967217055,2.039638866829087,-59.93374365718783,-0.8714304074530144,-0.4305002504907436
experiment_2026_08_25_00_38_criterion_seasonal_winter_sprint_fall,SEN_demand_ORI,2025-09-16,Independence Day,H2,H,observance_tier,True,2025-09-16,19,True,True,5,False,2,6,5,pearson,PLS,standard,2,{},2025-09-15 10:00:00,2025-09-17,298.77613660625093,4.550520200181021,289.739522,4.982,,14,24,4,4,5,4,0.07464366617526433,6206.615528656907,5985.120152616394,298.77613660625093,4.550520200181021,4.550520200181021,298.77613660625093,474.952680987928,6.7928739478888245,6.7928739478888245,474.952680987928,196.00648571693935,3.242480514018135,3.242480514018135,196.00648571693935,522.0816699529179,7.406317231803472,7.406317231803472,522.0816699529179,168.5145754873611,2.6196894642901785,2.6196894642901785,168.5145754873611,298.7761366062504,4.38318390495297,4.38318390495297,298.7761366062504,474.952680987928,196.00648571693935,hourly_window_mean_factor_top_available_analogs,4,-47.12898896498992,27.491910229578252,5.026154930850393e-13,-47.12898896498992,27.491910229578252,5.026154930850393e-13,-522.0816699529179,-168.5145754873611,-298.7761366062504,474.952680987928,6.7928739478888245,522.0816699529179,7.406317231803472,196.00648571693935,3.242480514018135,168.5145754873611,2.6196894642901785,298.7761366062504,4.38318390495297,27.491910229578252,0.6227910497279567,0.1673362952280506
experiment_2026_08_25_00_38_criterion_seasonal_winter_sprint_fall,SEN_demand_ORI,2025-11-17,Mexican Revolution Day,H2,H,observance_tier,True,2025-11-17,19,True,True,4,False,2,6,4,pearson,PLS,standard,2,{},2025-11-16 10:00:00,2025-11-18,180.56269264863246,2.8360487906825362,267.623852,4.567,,14,24,4,4,4,4,0.07478926943755852,5966.121124719789,5862.510838565759,180.56269264863246,2.8360487906825362,2.8360487906825362,180.56269264863246,177.3531490161607,2.705476019742426,2.705476019742426,177.3531490161607,182.434926434241,2.9122162403976,2.9122162403976,182.434926434241,133.4133292941251,2.0054564013226424,1.9698677960939255,131.41260899543028,209.23357477966655,3.3292040292259237,3.3292040292259237,209.23357477966655,181.29980012709865,2.8415075347352405,2.828395943335187,180.56269264863212,177.3531490161607,182.434926434241,hourly_window_mean_factor_top_available_analogs,4,45.94054002073043,-26.79864834542555,3.3507699539002617e-13,45.94054002073043,-26.79864834542555,3.3507699539002617e-13,-131.41260899543028,-209.23357477966655,-180.56269264863212,177.3531490161607,2.705476019742426,133.4133292941251,2.0054564013226424,182.434926434241,2.9122162403976,209.23357477966655,3.3292040292259237,181.29980012709865,2.8415075347352405,-26.798648345425562,-0.41698778882832377,-0.005458744052704301
experiment_2026_08_25_00_38_criterion_seasonal_winter_sprint_fall,SEN_demand_ORI,2025-12-24,Christmas Eve,H1,F,observance_tier,True,2025-12-24,19,True,True,5,False,2,6,5,pearson,PLS,standard,2,{},2025-12-23 10:00:00,2025-12-25,479.4872410202529,8.153028683662859,268.771635,4.555,,14,24,4,4,5,4,0.09253553926223705,5548.463083522843,5245.013038139822,479.4872410202529,8.153028683662859,7.6426374088105264,449.9154148982094,212.3502661820416,3.309154999283589,3.270425016413639,209.76955010626247,635.3171430092094,10.978621666217435,10.193094637708713,590.0005026935115,239.26522430901792,3.7260976642566805,3.7260976642566805,239.26522430901792,615.1059862236964,10.64161188738656,9.909978330276102,572.7946927419056,476.6383370972358,8.093790857812396,7.63170650595316,449.9154148982102,209.76955010626247,590.0005026935115,hourly_window_mean_factor_top_available_analogs,4,-29.49567420275545,17.205809951606017,-8.376924884750655e-13,-29.49567420275545,17.205809951606017,-8.376924884750655e-13,-239.26522430901792,-572.7946927419055,-449.91541489821026,212.3502661820416,3.309154999283589,239.26522430901792,3.7260976642566805,635.3171430092094,10.978621666217435,615.1059862236964,10.64161188738656,476.6383370972358,8.093790857812396,20.211156785513026,0.33700977883087546,0.05923782585046311
experiment_2026_08_25_00_38_criterion_seasonal_winter_sprint_fall,SEN_demand_ORI,2025-12-25,Christmas Day,H2,F,observance_tier,True,2025-12-25,19,True,True,4,False,2,6,4,pearson,PLS,standard,2,{},2025-12-24 10:00:00,2025-12-26,347.69994926129846,6.602471034329401,261.333809,4.462,,14,24,4,4,4,4,0.09343282625628943,5844.539754690859,5627.62284790025,347.69994926129846,6.602471034329401,-6.512444800741885,-342.58180469085966,273.51830873737936,4.584575139556132,-4.340218219818588,-259.6262020461881,390.97257290025135,7.77957697294714,-7.77957697294714,-390.97257290025135,432.8646516228773,7.258988909125539,-7.258988909125539,-432.8646516228773,289.91681064718176,5.5940784686018885,-5.5940784686018885,-289.91681064718176,342.58180469085903,6.207466525636916,-6.207466525636916,-342.58180469085903,-259.6262020461881,-390.97257290025135,hourly_window_mean_factor_top_available_analogs,4,173.23844957668922,-101.05576225306959,-5.504836352836145e-13,173.23844957668922,-101.05576225306959,-5.504836352836145e-13,432.8646516228773,289.91681064718176,342.5818046908591,273.51830873737936,4.584575139556132,432.8646516228773,7.258988909125539,390.97257290025135,7.77957697294714,289.91681064718176,5.5940784686018885,342.58180469085903,6.207466525636916,101.05576225306959,2.1854985043452517,0.3950045086924847
experiment_2026_08_25_00_38_criterion_seasonal_winter_sprint_fall,SEN_demand_ORI,2025-12-31,New Year's Eve,H1,F,observance_tier,True,2025-12-31,19,True,True,6,False,2,7,6,pearson,PLS,standard,2,{},2025-12-30 10:00:00,2026-01-01,221.8427619251286,4.183298250358178,278.138142,4.769,,14,24,4,4,6,4,0.07780003473715653,5483.34296160081,5241.27417400874,221.8427619251286,4.183298250358178,-4.039230819719974,-214.60770660081053,306.2092253300739,5.389549750281176,-5.389549750281176,-306.2092253300739,172.62899160557723,3.4796515420697625,-3.2515447768926076,-161.17348734207357,289.3709894346419,5.135120383376777,-5.135120383376777,-289.3709894346419,211.7272317115951,4.218322532937193,-3.4052675175152545,-170.99579161440775,240.33282666219125,4.556090162046513,-4.04258173125371,-214.6077066008098,-306.2092253300739,-161.17348734207357,hourly_window_mean_factor_top_available_analogs,4,-16.838235895432003,9.822304272334199,-7.180221329786276e-13,-16.838235895432003,9.822304272334199,-7.180221329786276e-13,289.3709894346419,170.99579161440778,214.60770660080982,306.2092253300739,5.389549750281176,289.3709894346419,5.135120383376777,172.62899160557723,3.4796515420697625,211.7272317115951,4.218322532937193,240.33282666219125,4.556090162046513,-39.09824010601787,-0.7386709908674303,-0.3727919116883349
experiment_2026_08_25_00_38_criterion_seasonal_winter_sprint_fall,SEN_demand_ORI,2026-01-01,New Year's Day,H3,F,observance_tier,True,2026-01-01,19,True,True,4,False,2,8,4,pearson,RidgeReg,standard,2,{'alpha': 2.0416931854560856},2025-12-31 10:00:00,2026-01-02,183.56199802886454,3.8890815529532348,278.575297,4.776,,14,24,4,4,4,4,0.08110501763515796,4909.750604781256,4729.859612122017,183.56199802886454,3.8890815529532348,-1.038503932730984,-41.037912675993,175.0108454717289,3.3317140223167137,1.9158309883287978,99.21000351719216,188.55017035386035,4.214212612491205,-2.7618659700158568,-122.84919712201769,200.10510346741245,3.7964628867441825,2.892572352624704,151.81464703821206,202.03836936974264,4.5738896037796755,-3.516629659959414,-153.5352391759454,201.32611351098942,4.287469234345545,-1.155344707954739,-41.03791267599265,99.21000351719216,-122.84919712201769,hourly_window_mean_factor_top_available_analogs,4,-52.60464352101989,30.686042053927718,-3.4704403093967e-13,-52.60464352101989,30.686042053927718,-3.4704403093967e-13,-151.81464703821206,153.5352391759454,41.03791267599265,175.0108454717289,3.3317140223167137,200.10510346741245,3.7964628867441825,188.55017035386035,4.214212612491205,202.03836936974264,4.5738896037796755,201.32611351098942,4.287469234345545,-13.488199015882287,-0.3596769912884703,-0.3983876813923106
experiment_2026_08_25_00_38_criterion_seasonal_winter_sprint_fall,SEN_demand_ORI,2026-02-02,Constitution Day,H2,F,observance_tier,True,2026-02-02,19,True,True,3,False,2,8,3,pearson,RidgeReg,standard,2,{'alpha': 0.17533403783223797},2026-02-01 10:00:00,2026-02-03,115.55884490596124,2.2320467759326603,243.940088,4.136,,14,24,3,4,3,3,0.08989932688091501,5260.946770850735,5157.116261364245,115.55884490596124,2.2320467759326603,-1.6929612208030387,-88.62595848231422,69.58298256303513,1.243366812210679,-0.9599645959254931,-55.243249970434135,142.3780979393348,2.8087767547704825,-2.12054258531494,-108.09920511424427,117.79745400772156,2.104117158413355,-0.8062532972821985,-51.82981701325908,162.8632218012999,3.0927515047235943,-1.9922013220935935,-110.09037433926312,146.26004419313944,2.7285177981882427,-1.5552731024262374,-88.62595848231426,-55.243249970434135,-108.09920511424427,hourly_window_mean_factor_top_available_analogs,3,-3.413432957175051,1.9911692250188555,4.786814219857517e-14,-3.413432957175051,1.9911692250188555,4.786814219857517e-14,51.82981701325908,110.09037433926312,88.62595848231426,69.58298256303513,1.243366812210679,117.79745400772156,2.104117158413355,142.3780979393348,2.8087767547704825,162.8632218012999,3.0927515047235943,146.26004419313944,2.7285177981882427,-20.485123861965093,-0.2839747499531118,-0.4964710222555824
experiment_2026_08_25_00_38_criterion_seasonal_winter_sprint_fall,SEN_demand_ORI,2026-03-16,Benito Juarez's Birthday,H2,G,observance_tier,True,2026-03-16,19,True,True,3,False,2,8,3,pearson,RidgeReg,standard,2,{'alpha': 0.17533403783223797},2026-03-15 10:00:00,2026-03-17,264.0833534018673,4.286758729221281,236.082554,4.001,,14,24,3,4,3,3,0.06663794219114536,6544.483542688373,6386.278202169472,264.0833534018673,4.286758729221281,-3.990021866112379,-242.20294795153174,253.93254837168732,4.091814125000462,-3.286385496562013,-194.54287643506208,270.004656336139,4.400476415016761,-4.400476415016761,-270.004656336139,305.6455598850803,4.995038046927149,-4.730549588205785,-285.930310329306,216.6953198978285,3.5365425953673246,-3.5365425953673246,-216.6953198978285,249.46646094576337,4.073883024889366,-3.9764399085183366,-242.20294795153075,-194.54287643506208,-270.004656336139,hourly_window_mean_factor_top_available_analogs,3,91.38743389424391,-53.30933643831054,-1.0052309861700787e-12,91.38743389424391,-53.30933643831054,-1.0052309861700787e-12,285.930310329306,216.69531989782848,242.20294795153075,253.93254837168732,4.091814125000462,305.6455598850803,4.995038046927149,270.004656336139,4.400476415016761,216.6953198978285,3.5365425953673246,249.46646094576337,4.073883024889366,53.30933643831051,0.8639338196494362,0.21287570433191583
experiment_2026_08_25_00_38_criterion_seasonal_winter_sprint_fall,SEN_demand_ORI,2026-04-02,Maundy Thursday,H1,G,observance_tier,True,2026-04-02,19,True,True,3,False,2,8,3,pearson,RidgeReg,standard,2,{'alpha': 0.17533403783223797},2026-04-01 10:00:00,2026-04-03,149.38535832289836,2.389177572626862,238.012617,4.021,,14,24,3,4,3,3,0.06654582636649564,6323.676495714334,6162.875051874111,149.38535832289836,2.389177572626862,-0.7003955471314903,-36.54239071433341,84.92528293415646,1.2538585706496035,-0.9908244913852143,-69.42726158328527,186.98706896633112,3.051446990446929,-0.5309786629834844,-17.35954937411149,87.72167917605066,1.2902728230694573,-0.861197505335665,-60.83531341712069,235.0670117160697,3.8412821265342836,-0.6848259194184484,-22.37151913770852,180.78188920132584,2.901436593678821,-0.7498049247563705,-36.542390714334054,-69.42726158328527,-17.35954937411149,hourly_window_mean_factor_top_available_analogs,3,-8.591948166164586,5.011969763597032,6.462199196807648e-13,-8.591948166164586,5.011969763597032,6.462199196807648e-13,60.83531341712069,22.371519137708525,36.542390714334054,84.92528293415646,1.2538585706496035,87.72167917605066,1.2902728230694573,186.98706896633112,3.051446990446929,235.0670117160697,3.8412821265342836,180.78188920132584,2.901436593678821,-48.079942749738564,-0.7898351360873548,-0.5122590210519591
experiment_2026_08_25_00_38_criterion_seasonal_winter_sprint_fall,SEN_demand_ORI,2026-04-03,Good Friday,H2,G,observance_tier,True,2026-04-03,19,True,True,3,False,2,8,3,pearson,RidgeReg,standard,2,{'alpha': 0.17533403783223797},2026-04-02 10:00:00,2026-04-04,632.6998787199383,10.129727088228591,237.779014,3.988,,14,24,3,4,3,3,0.06909354998145599,5564.635048513463,5272.909272338592,632.6998787199383,10.129727088228591,10.105867214702306,631.3534888549593,438.0256812488491,6.487636660991975,6.422874147134911,434.3711944724769,746.2598272447407,12.25427983744995,12.25427983744995,746.2598272447407,569.18905731197,8.56500610759271,8.56500610759271,569.18905731197,667.6160739217016,10.84737625161961,10.84737625161961,667.6160739217016,631.3534888549584,10.006503040662329,10.006503040662329,631.3534888549584,434.3711944724769,746.2598272447407,hourly_window_mean_factor_top_available_analogs,3,-134.8178628394932,78.64375332303898,8.137584173757779e-13,-134.8178628394932,78.64375332303898,8.137584173757779e-13,-569.18905731197,-667.6160739217017,-631.3534888549585,438.0256812488491,6.487636660991975,569.18905731197,8.56500610759271,746.2598272447407,12.25427983744995,667.6160739217016,10.84737625161961,631.3534888549584,10.006503040662329,78.64375332303905,1.4069035858303405,0.12322404756626248
experiment_2026_08_25_00_38_criterion_seasonal_winter_sprint_fall,SEN_demand_ORI,2026-04-04,Holy Saturday,H3,G,observance_tier,True,2026-04-04,19,True,True,4,False,2,8,4,pearson,RidgeReg,minmax,2,{'alpha': 2.0110213198787315},2026-04-03 10:00:00,2026-04-05,583.9575996222366,9.207407158065228,246.467169,4.067,,14,24,4,4,4,4,0.0731536111592699,5799.766950997413,5544.482168259856,583.9575996222366,9.207407158065228,7.393261251487838,481.6962611078498,226.48779884868023,3.733708152165424,-1.1904021656874875,-51.078691404655274,792.4816500734778,12.400398244840114,12.400398244840114,792.4816500734778,261.6754898597683,4.221435998079134,-0.3238702945062815,7.2330490052281675,758.4664681677133,11.764125328551378,11.764125328551378,758.4664681677133,575.4382130016284,8.985239785745813,7.310653256898556,481.6962611078504,-51.078691404655274,792.4816500734778,hourly_window_mean_factor_top_available_analogs,4,-58.31174040988344,34.01518190576451,-5.265495641843269e-13,-58.31174040988344,34.01518190576451,-5.265495641843269e-13,-7.2330490052281675,-758.4664681677133,-481.6962611078503,226.48779884868023,3.733708152165424,261.6754898597683,4.221435998079134,792.4816500734778,12.400398244840114,758.4664681677133,11.764125328551378,575.4382130016284,8.985239785745813,34.01518190576451,0.6362729162887355,0.22216737231941508
experiment_2026_08_25_00_38_criterion_seasonal_winter_sprint_fall,SEN_demand_ORI,2026-05-01,Labor Day,H2,G,observance_tier,True,2026-05-01,19,True,True,6,False,2,8,6,pearson,RidgeReg,,2,{'alpha': 5.814588160943591},2026-04-30 10:00:00,2026-05-02,282.10788116450476,4.042647471378293,275.862231,4.505,,14,24,4,4,6,4,0.07158578134157266,7682.665403768167,7541.311216786518,282.10788116450476,4.042647471378293,-2.891150441156693,-191.26333034711624,155.30844724105418,1.940441383364515,1.1850505558084012,91.26961926328613,356.07421761985097,5.268934356052998,-5.268934356052998,-356.07421761985097,144.88768927736524,1.7632343623984819,-0.11753576213787974,-13.714172407243884,294.83367247870603,4.292268535974006,-4.292268535974006,-294.83367247870603,239.59041550979097,3.360519103604076,-2.754209092981749,-191.2633303471147,91.26961926328613,-356.07421761985097,hourly_window_mean_factor_top_available_analogs,4,104.98379167053001,-61.240545141144935,-1.5317805503544054e-12,104.98379167053001,-61.240545141144935,-1.5317805503544054e-12,13.714172407243879,294.83367247870603,191.2633303471147,155.30844724105418,1.940441383364515,144.88768927736524,1.7632343623984819,356.07421761985097,5.268934356052998,294.83367247870603,4.292268535974006,239.59041550979097,3.360519103604076,61.240545141144935,0.9766658200789928,0.6821283677742174
experiment_2026_08_25_00_38_criterion_seasonal_winter_sprint_fall,SEN_demand_PEN,2025-01-01,New Year's Day,H3,F,observance_tier,True,2025-01-01,19,True,True,3,False,2,6,3,pearson,PCR,,3,{},2024-12-31 10:00:00,2025-01-02,95.90957418711984,6.231940737748211,103.424451,6.742,,14,24,3,4,3,3,0.07331960561850784,1676.6271160756494,1615.4118314876876,95.90957418711984,6.231940737748211,-6.221929099104635,-95.74514265459663,69.54487251215475,4.07729909506949,-4.07729909506949,-69.54487251215475,111.28898349751614,7.488815029310797,-7.472963268125135,-111.02863357102107,79.14568385977903,4.608964945780518,-4.608964945780518,-79.14568385977903,105.42816028490707,7.093812169781246,-7.093812169781246,-105.42816028490707,95.74514265459675,6.178342139886242,-6.178342139886242,-95.74514265459675,-69.54487251215475,-111.02863357102107,hourly_window_mean_factor_top_available_analogs,3,9.60081134762426,-5.600473286113991,1.0171980217197224e-13,9.60081134762426,-5.600473286113991,1.0171980217197224e-13,79.14568385977901,105.42816028490708,95.74514265459673,69.54487251215475,4.07729909506949,79.14568385977903,4.608964945780518,111.28898349751614,7.488815029310797,105.42816028490707,7.093812169781246,95.74514265459675,6.178342139886242,5.860823212609077,0.3950028595295514,0.053598597861968855
experiment_2026_08_25_00_38_criterion_seasonal_winter_sprint_fall,SEN_demand_PEN,2025-02-03,Constitution Day,H2,F,observance_tier,True,2025-02-03,19,True,True,3,False,2,6,3,pearson,PCR,,3,{},2025-02-02 10:00:00,2025-02-04,160.40138054942634,10.14731603358931,110.211886,7.141,,14,24,3,4,3,3,0.07014449826255353,1785.9813898083685,1749.2607496390813,160.40138054942634,10.14731603358931,-9.561227776327224,-149.093206650474,209.12634509857565,13.304442444324687,-13.304442444324687,-209.12634509857565,131.97848456242252,8.305658960660338,-7.3776858866620385,-114.07387588908132,183.0459452171362,11.603124498439266,-11.603124498439266,-183.0459452171362,138.28355208312723,8.752361379620867,-8.285408318790783,-129.2874424865873,154.77496007986738,9.802642528659225,-9.5077248060297,-149.09320665047372,-209.12634509857565,-114.07387588908132,hourly_window_mean_factor_top_available_analogs,3,-26.080399881439494,15.213566597505954,-2.6327478209216345e-13,-26.080399881439494,15.213566597505954,-2.6327478209216345e-13,183.04594521713616,129.28744248658728,149.09320665047375,209.12634509857565,13.304442444324687,183.0459452171362,11.603124498439266,131.97848456242252,8.305658960660338,138.28355208312723,8.752361379620867,154.77496007986738,9.802642528659225,-6.305067520704711,-0.44670241896052865,0.34467350493008375
experiment_2026_08_25_00_38_criterion_seasonal_winter_sprint_fall,SEN_demand_PEN,2025-03-17,Benito Juarez's Birthday,H2,G,observance_tier,True,2025-03-17,19,True,True,3,False,2,6,3,pearson,PCR,,3,{},2025-03-16 10:00:00,2025-03-18,261.8102765515321,15.375888888193982,114.620171,7.419,,14,24,3,4,3,3,0.08283925661687744,2070.2262197876494,2108.721763451344,261.8102765515321,15.375888888193982,-14.795375183478095,-251.26460452449106,40.073926866140674,1.941185785963884,-0.36550573030647565,-11.449959935600743,391.1564805346771,23.212799031161538,-23.212799031161538,-391.1564805346771,80.05329688063962,4.087337749765786,-4.087337749765786,-80.05329688063962,351.13786731673827,20.841134162116667,-20.841134162116667,-351.13786731673827,251.26460452449143,14.668682852303185,-14.668682852303185,-251.26460452449143,-11.449959935600743,-391.1564805346771,hourly_window_mean_factor_top_available_analogs,3,68.60333694503888,-40.0186132179388,3.410605131648481e-13,68.60333694503888,-40.0186132179388,3.410605131648481e-13,80.05329688063962,351.13786731673827,251.2646045244914,40.073926866140674,1.941185785963884,80.05329688063962,4.087337749765786,391.1564805346771,23.212799031161538,351.13786731673827,20.841134162116667,251.26460452449143,14.668682852303185,40.01861321793882,2.3716648690448707,0.7072060358907972
experiment_2026_08_25_00_38_criterion_seasonal_winter_sprint_fall,SEN_demand_PEN,2025-04-17,Maundy Thursday,H1,G,observance_tier,True,2025-04-17,19,True,True,3,False,2,6,3,pearson,PCR,,3,{},2025-04-16 10:00:00,2025-04-18,60.571585545221524,3.2746599199399786,122.577046,7.695,,14,24,3,4,3,3,0.07613843090978512,1806.9222407305508,1792.824930807564,60.571585545221524,3.2746599199399786,0.5510324951906641,8.518501374712418,51.08858725861507,2.6703621511905204,2.6703621511905204,51.08858725861507,66.10333454574196,3.627166951710496,-0.6852431374759188,-16.314048724230798,55.40772273657605,3.1091932550999553,-2.717537355751451,-47.58357002606936,101.49232458276003,5.549370254107363,1.9355184822493705,41.24470969183508,84.51378706048173,4.650357675525687,0.2212347524595942,8.518501374712388,51.08858725861507,-16.314048724230798,hourly_window_mean_factor_top_available_analogs,3,98.67215728468443,-57.55875841606587,2.991758887410948e-14,98.67215728468443,-57.55875841606587,2.991758887410948e-14,47.58357002606936,-41.24470969183507,-8.518501374712388,51.08858725861507,2.6703621511905204,55.40772273657605,3.1091932550999553,66.10333454574196,3.627166951710496,101.49232458276003,5.549370254107363,84.51378706048173,4.650357675525687,-35.388990037018075,-1.9222033023968672,-1.375697755585708
experiment_2026_08_25_00_38_criterion_seasonal_winter_sprint_fall,SEN_demand_PEN,2025-04-18,Good Friday,H2,G,observance_tier,True,2025-04-18,19,True,True,3,False,2,6,3,pearson,PCR,,3,{},2025-04-17 10:00:00,2025-04-19,60.43839379689562,3.2494166995440774,122.237156,7.539,,14,24,3,4,3,3,0.07090318990276126,1756.376895794148,1713.9463204139465,60.43839379689562,3.2494166995440774,2.254671007511976,44.78642025848351,31.296341853047043,1.630141502964302,1.1618396364426495,23.566134268364017,77.43792409747397,4.193993897548947,2.8921559739690825,57.164920419386554,50.465673010815,2.670313140472788,1.2702823469349138,27.43980504292272,80.61266950107456,4.2433685579347165,2.579194582125206,54.905279134227584,69.50588132045262,3.6638218251855843,2.0969637586340455,44.78642025848369,23.566134268364017,57.164920419386554,hourly_window_mean_factor_top_available_analogs,3,-3.873670774558702,2.2596412851589682,-1.73522015469835e-13,-3.873670774558702,2.2596412851589682,-1.73522015469835e-13,-27.439805042922718,-54.905279134227584,-44.78642025848368,31.296341853047043,1.630141502964302,50.465673010815,2.670313140472788,77.43792409747397,4.193993897548947,80.61266950107456,4.2433685579347165,69.50588132045262,3.6638218251855843,-3.174745403600596,-0.04937466038576943,-0.4144051256415069
experiment_2026_08_25_00_38_criterion_seasonal_winter_sprint_fall,SEN_demand_PEN,2025-04-19,Holy Saturday,H3,G,observance_tier,True,2025-04-19,19,True,True,3,False,2,6,3,pearson,PCR,,3,{},2025-04-18 10:00:00,2025-04-20,155.50999135028715,8.400402450481925,121.739821,7.406,,14,24,3,4,3,3,0.07255407985675688,1680.925918328512,1640.4171521758126,155.50999135028715,8.400402450481925,7.997972789685449,149.28514746096178,93.2035059664577,4.777484049148989,3.6851749698442666,76.30750112400324,191.85544115752097,10.513771517926138,10.513771517926138,191.85544115752097,114.00943997983515,6.137896615486141,1.3646508466528482,39.089932969870816,213.56568924743146,11.330119028707701,11.330119028707701,213.56568924743146,176.88707109621177,9.417194981731337,7.6586307511085465,149.28514746096175,76.30750112400324,191.85544115752097,hourly_window_mean_factor_top_available_analogs,3,37.21756815413242,-21.71024808991051,4.188462442375327e-14,37.21756815413242,-21.71024808991051,4.188462442375327e-14,-39.089932969870816,-213.5656892474315,-149.28514746096175,93.2035059664577,4.777484049148989,114.00943997983515,6.137896615486141,191.85544115752097,10.513771517926138,213.56568924743146,11.330119028707701,176.88707109621177,9.417194981731337,-21.710248089910493,-0.8163475107815632,-1.0167925312494113
experiment_2026_08_25_00_38_criterion_seasonal_winter_sprint_fall,SEN_demand_PEN,2025-05-01,Labor Day,H2,G,observance_tier,True,2025-05-01,19,True,True,5,False,2,6,5,pearson,RidgeReg,minmax,2,{'alpha': 2.0416931854560856},2025-04-30 10:00:00,2025-05-02,52.32281163855909,2.448028664256634,125.706561,7.378,,14,24,4,4,5,4,0.08392023259498921,2033.7031276428427,1970.9199256174613,52.32281163855909,2.448028664256634,1.6552871983360635,37.46050814663141,37.37042718075161,1.7146174954587525,1.164881375455956,24.824616027932898,61.045035905613446,2.8758518460553977,1.9413572616827925,44.83144521587221,51.7424664232834,2.4057325197742814,2.240984715419762,47.983235629830105,58.94070340274755,2.8153113650259898,1.2250095177008122,31.32225044809825,56.28872135768181,2.6644138957227286,1.5993161694920044,37.460508146631035,24.824616027932898,44.83144521587221,hourly_window_mean_factor_top_available_analogs,4,-23.158619601897207,13.509194767773957,3.7097810203895756e-13,-23.158619601897207,13.509194767773957,3.7097810203895756e-13,-47.983235629830105,-31.322250448098252,-37.46050814663104,37.37042718075161,1.7146174954587525,51.7424664232834,2.4057325197742814,61.045035905613446,2.8758518460553977,58.94070340274755,2.8153113650259898,56.28872135768181,2.6644138957227286,2.104332502865894,0.0605404810294079,-0.21638523146609456
experiment_2026_08_25_00_38_criterion_seasonal_winter_sprint_fall,SEN_demand_PEN,2025-09-16,Independence Day,H2,H,observance_tier,True,2025-09-16,19,True,True,5,False,2,6,5,pearson,RidgeReg,minmax,2,{'alpha': 2.0416931854560856},2025-09-15 10:00:00,2025-09-17,92.27575720513347,4.756920639650418,123.515825,7.241,,14,24,4,4,5,4,0.07329317850733942,1931.909960759708,1915.404753007051,92.27575720513347,4.756920639650418,-0.1763252847765517,2.2862816087126645,126.959524521451,6.151431756483631,6.151431756483631,126.959524521451,72.04355960394825,3.943455821497711,-3.8675168921783247,-70.43977675705136,131.68980146939637,6.275349830978089,6.275349830978089,131.68980146939637,84.23910839901095,4.7472709153890165,-4.211322889860674,-73.19910497668546,101.72094268810031,5.310247357974464,-0.34781188744639185,2.286281608713113,126.959524521451,-70.43977675705136,hourly_window_mean_factor_top_available_analogs,4,-4.73027694794538,2.7593282196340945,-4.487638331116422e-13,-4.73027694794538,2.7593282196340945,-4.487638331116422e-13,-131.68980146939637,73.19910497668546,-2.2862816087131135,126.959524521451,6.151431756483631,131.68980146939637,6.275349830978089,72.04355960394825,3.943455821497711,84.23910839901095,4.7472709153890165,101.72094268810031,5.310247357974464,-12.195548795062692,-0.8038150938913056,-0.5533267183240458
experiment_2026_08_25_00_38_criterion_seasonal_winter_sprint_fall,SEN_demand_PEN,2025-11-17,Mexican Revolution Day,H2,H,observance_tier,True,2025-11-17,19,True,True,5,False,2,6,5,pearson,RidgeReg,minmax,2,{'alpha': 2.0110213198787315},2025-11-16 10:00:00,2025-11-18,81.39366028505138,4.7897319513222385,106.012688,6.07,,14,24,4,4,5,4,0.07945628027476116,1564.239360907094,1556.8162286392806,81.39366028505138,4.7897319513222385,4.44523271756128,76.60185567185351,80.55410629819232,4.706010537189499,3.7709411884097546,67.54777949094095,81.88340011071918,4.8385694428996695,4.8385694428996695,81.88340011071918,80.94050758842779,4.737516751252417,3.5906137155560964,64.991551417153,83.37453315376209,4.886001181035233,4.886001181035233,83.37453315376209,82.47778689284947,4.831296391115247,4.408753167437655,76.6018556718535,67.54777949094095,81.88340011071918,hourly_window_mean_factor_top_available_analogs,4,2.5562280737879552,-1.4911330430429075,4.188462442375327e-14,2.5562280737879552,-1.4911330430429075,4.188462442375327e-14,-64.991551417153,-83.37453315376209,-76.60185567185347,80.55410629819232,4.706010537189499,80.94050758842779,4.737516751252417,81.88340011071918,4.8385694428996695,83.37453315376209,4.886001181035233,82.47778689284947,4.831296391115247,-1.4911330430429075,-0.047431738135563783,-0.04156443979300839
experiment_2026_08_25_00_38_criterion_seasonal_winter_sprint_fall,SEN_demand_PEN,2025-12-24,Christmas Eve,H1,F,observance_tier,True,2025-12-24,19,True,True,5,False,2,6,5,pearson,RidgeReg,minmax,2,{'alpha': 2.0110213198787315},2025-12-23 10:00:00,2025-12-25,52.09355909589633,2.9717005221807544,107.520397,6.138,,14,24,4,4,5,4,0.07327957665390102,1701.6452240285175,1638.2744865317163,52.09355909589633,2.9717005221807544,1.5878290674927422,28.473881760956157,30.21825166803098,1.6334617139854506,0.016823931100404237,1.2529295483949292,64.85415509548444,3.752339826961348,2.504248730388273,44.35277055161688,30.97321410616699,1.6566933741540344,-0.6946819561827944,-12.589000499622232,70.20520437738118,4.107247834894333,3.0350875313148307,52.42722974629353,55.75131322482859,3.204411980937381,1.6609619306578107,28.47388176095614,1.2529295483949292,44.35277055161688,hourly_window_mean_factor_top_available_analogs,4,13.841930048017161,-8.074459194676649,1.7950553324465688e-14,13.841930048017161,-8.074459194676649,1.7950553324465688e-14,12.589000499622232,-52.42722974629353,-28.47388176095614,30.21825166803098,1.6334617139854506,30.97321410616699,1.6566933741540344,64.85415509548444,3.752339826961348,70.20520437738118,4.107247834894333,55.75131322482859,3.204411980937381,-5.351049281896735,-0.3549080079329854,-0.23271145875662658
experiment_2026_08_25_00_38_criterion_seasonal_winter_sprint_fall,SEN_demand_PEN,2025-12-25,Christmas Day,H2,F,observance_tier,True,2025-12-25,19,True,True,6,False,2,6,6,pearson,RidgeReg,minmax,2,{'alpha': 26.942213191525507},2025-12-24 10:00:00,2025-12-26,201.8581422768654,13.673139548357677,97.531178,5.606,,14,24,4,4,6,4,0.07640636601522907,1762.0246701716023,1720.394049040601,201.8581422768654,13.673139548357677,-13.673139548357677,-201.8581422768654,117.66729853903368,6.904074584649112,-6.904074584649112,-117.66729853903368,250.96946779060065,17.621760777187674,-17.621760777187674,-250.96946779060065,165.32633522701622,9.593831147839934,-9.593831147839934,-165.32633522701622,223.16836305594427,15.543730995218885,-15.543730995218885,-223.16836305594427,201.85814227686546,13.351662630395058,-13.351662630395058,-201.85814227686546,-117.66729853903368,-250.96946779060065,hourly_window_mean_factor_top_available_analogs,4,47.65903668798254,-27.80110473465635,8.376924884750654e-14,47.65903668798254,-27.80110473465635,8.376924884750654e-14,165.32633522701622,223.1683630559443,201.8581422768655,117.66729853903368,6.904074584649112,165.32633522701622,9.593831147839934,250.96946779060065,17.621760777187674,223.16836305594427,15.543730995218885,201.85814227686546,13.351662630395058,27.801104734656377,2.078029781968789,0.32147691796261846
experiment_2026_08_25_00_38_criterion_seasonal_winter_sprint_fall,SEN_demand_PEN,2025-12-31,New Year's Eve,H1,F,observance_tier,True,2025-12-31,19,True,True,6,False,2,7,6,pearson,PLS,standard,2,{},2025-12-30 10:00:00,2026-01-01,162.7034416870433,11.685749791110203,97.856781,5.808,,14,24,4,4,6,4,0.06520761808674035,1615.9073040554645,1564.1388783357622,162.7034416870433,11.685749791110203,-11.685749791110203,-162.7034416870433,76.67112171781115,4.614623259290709,-4.614623259290709,-76.67112171781115,212.88896166909544,15.810573601338241,-15.810573601338241,-212.88896166909544,73.51644566969117,4.42482712507138,-3.6675757766193726,-61.59232053274929,221.6849290270483,16.495919694120165,-16.495919694120165,-221.6849290270483,167.09654042170624,12.048675063417983,-11.769687724514611,-162.7034416870434,-76.67112171781115,-212.88896166909544,hourly_window_mean_factor_top_available_analogs,4,-15.078801185061852,8.795967357952842,5.983517774821896e-14,-15.078801185061852,8.795967357952842,5.983517774821896e-14,61.5923205327493,221.68492902704827,162.70344168704335,76.67112171781115,4.614623259290709,73.51644566969117,4.42482712507138,212.88896166909544,15.810573601338241,221.6849290270483,16.495919694120165,167.09654042170624,12.048675063417983,-8.795967357952861,-0.6853460927819235,-0.3629252723077805
experiment_2026_08_25_00_38_criterion_seasonal_winter_sprint_fall,SEN_demand_PEN,2026-01-01,New Year's Day,H3,F,observance_tier,True,2026-01-01,19,True,True,6,False,2,8,6,euclidian,PCR,,2,{},2025-12-31 10:00:00,2026-01-02,236.3111674881618,20.438243836843412,100.57609,6.13,,14,24,4,4,6,4,0.06905644587375406,1464.2932829358272,1452.4217264624615,236.3111674881618,20.438243836843412,-20.38565876172547,-235.62396925161653,109.77557210364787,7.952296386628442,-7.80956546845118,-107.91031974731075,310.1235981291282,27.721713182802148,-27.721713182802148,-310.1235981291282,117.25777239442675,8.607099970420553,-8.607099970420553,-117.25777239442675,304.67091741831075,27.50940638292504,-27.50940638292504,-304.67091741831075,235.62396925161667,20.545398757265495,-20.545398757265495,-235.62396925161667,-107.91031974731075,-310.1235981291282,hourly_window_mean_factor_top_available_analogs,4,9.347452647115997,-5.452680710817465,1.2565387327125983e-13,9.347452647115997,-5.452680710817465,1.2565387327125983e-13,117.25777239442675,304.67091741831075,235.62396925161664,109.77557210364787,7.952296386628442,117.25777239442675,8.607099970420553,310.1235981291282,27.721713182802148,304.67091741831075,27.50940638292504,235.62396925161667,20.545398757265495,5.452680710817447,0.21230679987710843,-0.10715492042208297
experiment_2026_08_25_00_38_criterion_seasonal_winter_sprint_fall,SEN_demand_PEN,2026-02-02,Constitution Day,H2,F,observance_tier,True,2026-02-02,19,True,True,6,False,2,8,6,pearson,PLS,standard,2,{},2026-02-01 10:00:00,2026-02-03,93.99251083580779,9.1574556808166,107.454056,6.7,,14,24,4,4,6,4,0.09877796275662187,1169.770510309492,1178.308377359675,93.99251083580779,9.1574556808166,-9.1574556808166,-93.99251083580779,57.378091794892505,5.591501915342752,-5.591501915342752,-57.378091794892505,115.35092194300836,11.237595377343013,-11.237595377343013,-115.35092194300836,106.21269789717803,10.407557439652695,-10.407557439652695,-106.21269789717803,86.86406838334183,8.580791835255908,-8.580791835255908,-86.86406838334183,93.99251083580782,9.253810742138935,-9.253810742138935,-93.99251083580782,-57.378091794892505,-115.35092194300836,hourly_window_mean_factor_top_available_analogs,4,48.834606102285534,-28.486853559666503,3.5901106648931376e-14,48.834606102285534,-28.486853559666503,3.5901106648931376e-14,106.21269789717803,86.86406838334186,93.99251083580783,57.378091794892505,5.591501915342752,106.21269789717803,10.407557439652695,115.35092194300836,11.237595377343013,86.86406838334183,8.580791835255908,93.99251083580782,9.253810742138935,28.486853559666528,2.656803542087104,-0.09635506132233473
experiment_2026_08_25_00_38_criterion_seasonal_winter_sprint_fall,SEN_demand_PEN,2026-03-16,Benito Juarez's Birthday,H2,G,observance_tier,True,2026-03-16,19,True,True,6,False,2,8,6,euclidian,PCR,,2,{},2026-03-15 10:00:00,2026-03-17,162.11275888175874,8.258073579060389,106.022921,6.851,,14,24,4,4,6,4,0.08625603122494632,1780.1527174270059,1747.292548017472,162.11275888175874,8.258073579060389,5.9194429482586886,125.49103625720458,122.92762642329735,6.565104744934717,0.21739303275866867,23.525807870936188,184.97075281586115,9.245638732300367,9.245638732300367,184.97075281586115,119.01612703294022,6.215010492340601,1.070784353304563,38.289614725222705,176.35853215086078,8.822049268986234,8.822049268986234,176.35853215086078,155.23238289689004,7.861561298643107,5.966320089524565,125.49103625720464,23.525807870936188,184.97075281586115,hourly_window_mean_factor_top_available_analogs,4,-14.763806854286518,8.612220665000393,-4.786814219857517e-14,-14.763806854286518,8.612220665000393,-4.786814219857517e-14,-38.289614725222705,-176.35853215086075,-125.49103625720463,122.92762642329735,6.565104744934717,119.01612703294022,6.215010492340601,184.97075281586115,9.245638732300367,176.35853215086078,8.822049268986234,155.23238289689004,7.861561298643107,8.612220665000365,0.4235894633141335,0.3965122804172818
experiment_2026_08_25_00_38_criterion_seasonal_winter_sprint_fall,SEN_demand_PEN,2026-04-02,Maundy Thursday,H1,G,observance_tier,True,2026-04-02,19,True,True,4,False,2,8,4,pearson,PCR,,4,{},2026-04-01 10:00:00,2026-04-03,218.77689145445493,12.543329840236934,112.440356,7.123,,14,24,4,4,4,4,0.08984045125188095,1965.0937567136627,1973.3830618128413,218.77689145445493,12.543329840236934,-11.126027081646692,-193.30144408208378,111.49622512579302,5.774643510272919,-1.9276788798136841,-42.34858225792849,281.35728014617433,16.491730199382612,-16.491730199382612,-281.35728014617433,112.7239539840783,5.758843478651966,-5.758843478651966,-112.7239539840783,240.30497997258703,14.005025837419273,-14.005025837419273,-240.30497997258703,193.3014440820838,10.966958652610266,-10.966958652610266,-193.3014440820838,-42.34858225792849,-281.35728014617433,hourly_window_mean_factor_top_available_analogs,4,70.37537172614982,-41.05230017358733,4.188462442375327e-14,70.37537172614982,-41.05230017358733,4.188462442375327e-14,112.72395398407832,240.304979972587,193.3014440820838,111.49622512579302,5.774643510272919,112.7239539840783,5.758843478651966,281.35728014617433,16.491730199382612,240.30497997258703,14.005025837419273,193.3014440820838,10.966958652610266,41.0523001735873,2.486704361963339,1.576371187626668
experiment_2026_08_25_00_38_criterion_seasonal_winter_sprint_fall,SEN_demand_PEN,2026-04-03,Good Friday,H2,G,observance_tier,True,2026-04-03,19,True,True,6,False,2,8,6,euclidian,PCR,,2,{},2026-04-02 10:00:00,2026-04-04,127.02534249389036,7.8526468265694955,114.841551,7.251,,14,24,4,4,6,4,0.09029708678594557,1737.0385070790703,1718.2990123357997,127.02534249389036,7.8526468265694955,-6.737346523970486,-108.2382368159127,107.6689827649026,6.201567716098156,-3.1743240376151363,-56.67541021039181,138.31655233579986,8.815776307677778,-8.815776307677778,-138.31655233579986,109.91858813560283,6.342414289446765,-3.1057510068997707,-55.55125798261205,138.97230780200434,9.007788608760851,-9.007788608760851,-138.97230780200434,128.26830581964586,8.025808596381976,-6.833353702812032,-108.23823681591243,-56.67541021039181,-138.31655233579986,hourly_window_mean_factor_top_available_analogs,4,-1.124152227779762,0.6557554662045012,-2.2737367544323206e-13,-1.124152227779762,0.6557554662045012,-2.2737367544323206e-13,55.55125798261205,138.97230780200437,108.23823681591247,107.6689827649026,6.201567716098156,109.91858813560283,6.342414289446765,138.31655233579986,8.815776307677778,138.97230780200434,9.007788608760851,128.26830581964586,8.025808596381976,-0.6557554662044822,-0.1920123010830732,-0.17316176981248077
experiment_2026_08_25_00_38_criterion_seasonal_winter_sprint_fall,SEN_demand_PEN,2026-04-04,Holy Saturday,H3,G,observance_tier,True,2026-04-04,19,True,True,4,False,2,8,4,pearson,PCR,,4,{},2026-04-03 10:00:00,2026-04-05,328.6054906045303,19.006467906840438,110.286777,6.895,,14,24,4,4,4,4,0.07259017252315976,1353.8762252868466,1320.5496656564508,328.6054906045303,19.006467906840438,18.851897910641444,326.5383639236797,251.34593919478377,14.344185787995107,13.924638655454986,245.73516677533215,373.67356226021576,21.726132476166885,21.726132476166885,373.67356226021576,275.6174489565633,15.956803879750582,15.956803879750582,275.6174489565633,356.24223098783085,20.917843139314158,20.917843139314158,356.24223098783085,326.5383639236797,19.090091833159157,19.090091833159157,326.5383639236797,245.73516677533215,373.67356226021576,hourly_window_mean_factor_top_available_analogs,4,-29.882282181231176,17.43133127238491,3.5901106648931376e-14,-29.882282181231176,17.43133127238491,3.5901106648931376e-14,-275.6174489565633,-356.24223098783085,-326.53836392367964,251.34593919478377,14.344185787995107,275.6174489565633,15.956803879750582,373.67356226021576,21.726132476166885,356.24223098783085,20.917843139314158,326.5383639236797,19.090091833159157,17.43133127238491,0.8082893368527273,-0.08362392631871884
experiment_2026_08_25_00_38_criterion_seasonal_winter_sprint_fall,SEN_demand_PEN,2026-05-01,Labor Day,H2,G,observance_tier,True,2026-05-01,19,True,True,4,False,2,8,4,pearson,PCR,,4,{},2026-04-30 10:00:00,2026-05-02,280.79989541986674,12.305865065552037,112.880393,6.983,,14,24,4,4,4,4,0.09224225982538858,2004.6256408959227,1857.8184529640432,280.79989541986674,12.305865065552037,12.305865065552037,280.79989541986674,79.00904622085552,3.171509485132359,3.171509485132359,79.00904622085552,398.51122411929003,17.634239154130185,17.634239154130185,398.51122411929003,269.98815150285316,11.548246086720297,11.548246086720297,269.98815150285316,287.1067460381247,12.385585018950925,12.385585018950925,287.1067460381247,280.7998954198667,12.077091728129114,12.077091728129114,280.7998954198667,79.00904622085552,398.51122411929003,hourly_window_mean_factor_top_available_analogs,4,-190.97910528199765,111.40447808116532,1.1967035549643792e-14,-190.97910528199765,111.40447808116532,1.1967035549643792e-14,-269.98815150285316,-287.1067460381247,-280.79989541986674,79.00904622085552,3.171509485132359,269.98815150285316,11.548246086720297,398.51122411929003,17.634239154130185,287.1067460381247,12.385585018950925,280.7998954198667,12.077091728129114,111.40447808116534,5.24865413517926,0.22877333742292372
experiment_2026_08_25_00_38_criterion_seasonal_winter_sprint_fall,SEN_demand_SIN,2025-01-01,New Year's Day,H3,F,observance_tier,True,2025-01-01,19,True,True,2,False,2,4,2,pearson,LassoReg,,2,{'alpha': 63.206450949877215},2024-12-31 10:00:00,2025-01-02,402.72109117530704,1.6133434211506168,1201.552472,4.04,,14,24,2,4,2,2,0.08416574810309208,26351.552761114825,24743.156801094086,402.72109117530704,1.6133434211506168,-0.38513012849123335,-61.07988269377462,280.21883368897863,0.9404931046575618,0.7879939619911192,236.8616959924761,474.18074137566526,2.0058394391048986,-1.069452514605939,-234.87913692742086,491.27248022945525,1.6458111627898313,1.5780995879759554,472.68934951427894,925.7834137764717,3.9037715368000643,-1.8457786584247968,-372.44526814846705,765.7004382591498,3.0718913990068204,-0.5843498308034674,-61.079882693771175,236.8616959924761,-234.87913692742086,hourly_window_mean_factor_top_available_analogs,2,-235.82765352180286,137.56613122104622,-3.446506238297412e-12,-235.82765352180286,137.56613122104622,-3.446506238297412e-12,-472.68934951427894,372.4452681484671,61.079882693771175,280.21883368897863,0.9404931046575618,491.27248022945525,1.6458111627898313,474.18074137566526,2.0058394391048986,925.7834137764717,3.9037715368000643,765.7004382591498,3.0718913990068204,-451.6026724008064,-1.8979320976951657,-1.4585479778562036
experiment_2026_08_25_00_38_criterion_seasonal_winter_sprint_fall,SEN_demand_SIN,2025-02-03,Constitution Day,H2,F,observance_tier,True,2025-02-03,19,True,True,2,False,2,4,2,pearson,RidgeReg,,2,{'alpha': 0.0018089723755787552},2025-02-02 10:00:00,2025-02-04,1042.4005643595428,3.4845278985315313,1178.459309,3.961,,14,24,2,4,2,2,0.06772886574005821,28648.56120201329,27945.29457730697,1042.4005643595428,3.4845278985315313,2.782383001796626,838.6706764077609,555.171932216413,1.8300307895122863,-0.07579107305388444,2.190807775862985,1326.6172664430346,4.449651212126089,4.449651212126089,1326.6172664430346,527.5950895029172,1.7359819576957654,0.33729778161852914,123.69322106907696,1255.7408586886615,4.229272774625584,4.229272774625584,1255.7408586886615,987.4766279360189,3.3106919473356506,2.7953872508861424,838.670676407762,2.190807775862985,1326.6172664430346,hourly_window_mean_factor_top_available_analogs,2,-121.50241329321398,70.876407754373,-1.148835412765804e-12,-121.50241329321398,70.876407754373,-1.148835412765804e-12,-123.69322106907696,-1255.7408586886615,-838.670676407762,555.171932216413,1.8300307895122863,527.5950895029172,1.7359819576957654,1326.6172664430346,4.449651212126089,1255.7408586886615,4.229272774625584,987.4766279360189,3.3106919473356506,70.87640775437308,0.22037843750050534,0.1738359511958807
experiment_2026_08_25_00_38_criterion_seasonal_winter_sprint_fall,SEN_demand_SIN,2025-03-17,Benito Juarez's Birthday,H2,G,observance_tier,True,2025-03-17,19,True,True,4,False,2,4,4,pearson,PCR,,3,{},2025-03-16 10:00:00,2025-03-18,940.5930709942547,3.106319918290784,1160.547012,3.967,,14,24,4,4,4,4,0.062068869750475326,31940.753346520574,31720.619648993114,940.5930709942547,3.106319918290784,-3.106319918290784,-940.5930709942547,617.2118008533564,2.0235311437341577,-2.0235311437341577,-617.2118008533564,1129.2321452431122,3.737946703448815,-3.737946703448815,-1129.2321452431122,577.062269631497,1.8967248295439474,-1.7174891974564725,-515.2356308922621,1188.7182443870877,3.962254888552806,-3.962254888552806,-1188.7182443870877,963.3713063192386,3.2012701299705952,-3.135235949727842,-940.5930709942572,-617.2118008533564,-1129.2321452431122,hourly_window_mean_factor_top_available_analogs,4,-101.97616996109433,59.48609914397548,2.3934071099287587e-12,-101.97616996109433,59.48609914397548,2.3934071099287587e-12,515.2356308922621,1188.7182443870877,940.5930709942571,617.2118008533564,2.0235311437341577,577.062269631497,1.8967248295439474,1129.2321452431122,3.737946703448815,1188.7182443870877,3.962254888552806,963.3713063192386,3.2012701299705952,-59.48609914397548,-0.22430818510399098,-0.09495021167981132
experiment_2026_08_25_00_38_criterion_seasonal_winter_sprint_fall,SEN_demand_SIN,2025-04-17,Maundy Thursday,H1,G,observance_tier,True,2025-04-17,19,True,True,4,False,2,4,4,pearson,PLS,standard,2,{},2025-04-16 10:00:00,2025-04-18,1818.6373044170944,4.760585821940537,1166.314802,3.926,,14,24,4,4,4,4,0.06702242560727202,36499.06766874079,34617.22199496281,1818.6373044170944,4.760585821940537,4.760585821940537,1818.6373044170944,1122.393951211224,2.686778189182963,2.686778189182963,1122.393951211224,2224.7792604538517,5.970306941049124,5.970306941049124,2224.7792604538517,1250.1028636589847,2.9812100440458913,2.9785136442243636,1249.06082342226,2150.890251664099,5.730423579586126,5.730423579586126,2150.890251664099,1819.0212139780044,4.717555434913408,4.716562024452845,1818.6373044171057,1122.393951211224,2224.7792604538517,hourly_window_mean_factor_top_available_analogs,4,-126.66687221103608,73.88900878975285,-1.1488354127658041e-11,-126.66687221103608,73.88900878975285,-1.1488354127658041e-11,-1249.06082342226,-2150.8902516640987,-1818.637304417106,1122.393951211224,2.686778189182963,1250.1028636589847,2.9812100440458913,2224.7792604538517,5.970306941049124,2150.890251664099,5.730423579586126,1819.0212139780044,4.717555434913408,73.88900878975255,0.23988336146299805,0.04303038702712847
experiment_2026_08_25_00_38_criterion_seasonal_winter_sprint_fall,SEN_demand_SIN,2025-04-18,Good Friday,H2,G,observance_tier,True,2025-04-18,19,True,True,2,False,2,4,2,pearson,PCR,standard,2,{},2025-04-17 10:00:00,2025-04-19,1295.0511009182912,3.785222077886668,1176.69918,3.947,,14,24,2,4,2,2,0.08040803157378516,33807.09476246701,31657.985756501974,1295.0511009182912,3.785222077886668,3.4676567645849676,1182.6656443751017,814.8148750673188,2.113936166876209,1.2519731736287387,509.76863587866166,1575.1888993313585,4.760138859309436,4.760138859309436,1575.1888993313585,1113.100234352836,2.8697522041490813,2.132572311148915,852.8964619126845,1375.031000811506,4.0460244468171025,4.0460244468171025,1375.031000811506,1278.5301921162065,3.6126609889920416,3.3410683968340855,1182.665644375098,509.76863587866166,1575.1888993313585,hourly_window_mean_factor_top_available_analogs,2,-343.1278260340228,200.15789851985224,3.5422425226945627e-12,-343.1278260340228,200.15789851985224,3.5422425226945627e-12,-852.8964619126845,-1375.0310008115061,-1182.665644375098,814.8148750673188,2.113936166876209,1113.100234352836,2.8697522041490813,1575.1888993313585,4.760138859309436,1375.031000811506,4.0460244468171025,1278.5301921162065,3.6126609889920416,200.15789851985255,0.7141144124923331,0.1725610888946263
experiment_2026_08_25_00_38_criterion_seasonal_winter_sprint_fall,SEN_demand_SIN,2025-04-19,Holy Saturday,H3,G,observance_tier,True,2025-04-19,19,True,True,2,False,2,5,2,pearson,PLS,standard,2,{},2025-04-18 10:00:00,2025-04-20,1963.8912583146678,5.912813781507137,1132.217992,3.843,,14,24,2,4,2,2,0.06828054922775764,31652.95878010639,31120.39652767759,1963.8912583146678,5.912813781507137,5.912813781507137,1963.8912583146678,1208.327800729969,3.590583280006711,3.590583280006711,1208.327800729969,2404.636608572409,7.267448240715718,7.267448240715718,2404.636608572409,1814.5867763913254,5.35172129053821,5.35172129053821,1814.5867763913254,2050.98553943661,6.168257892916117,6.168257892916117,2050.98553943661,1963.8912583146637,5.867428618355835,5.867428618355835,1963.8912583146637,1208.327800729969,2404.636608572409,hourly_window_mean_factor_top_available_analogs,2,-606.2589756613563,353.6510691357985,4.595341651063216e-12,-606.2589756613563,353.6510691357985,4.595341651063216e-12,-1814.5867763913254,-2050.9855394366105,-1963.8912583146632,1208.327800729969,3.590583280006711,1814.5867763913254,5.35172129053821,2404.636608572409,7.267448240715718,2050.98553943661,6.168257892916117,1963.8912583146637,5.867428618355835,353.65106913579893,1.0991903477996017,0.04538516315130181
experiment_2026_08_25_00_38_criterion_seasonal_winter_sprint_fall,SEN_demand_SIN,2025-05-01,Labor Day,H2,G,observance_tier,True,2025-05-01,19,True,True,6,False,2,6,6,pearson,RidgeReg,standard,2,{'alpha': 0.4187665928224502},2025-04-30 10:00:00,2025-05-02,809.7348683750754,2.181135200283261,1001.368015,3.419,,14,24,4,4,6,4,0.06293147138293734,40402.37067893275,38733.24885580744,809.7348683750754,2.181135200283261,-1.4195713424597687,-473.47252577484534,406.8379484256875,0.9134876034013072,0.7792281992654793,351.33650070960823,1044.758071678885,2.920596298464401,-2.7022044084661636,-954.6111245574433,447.8251847140792,1.00933255639047,0.3781933681379486,173.85216283675982,986.455932318148,2.7597249719347174,-2.4307690278218916,-851.0785941316268,788.0130253061227,2.1148435556815732,-1.395888145099845,-473.4725257748528,351.33650070960823,-954.6111245574433,hourly_window_mean_factor_top_available_analogs,4,177.48433787284844,-103.53253042581643,7.467430182977727e-12,177.48433787284844,-103.53253042581643,7.467430182977727e-12,-173.8521628367598,851.0785941316269,473.4725257748528,406.8379484256875,0.9134876034013072,447.8251847140792,1.00933255639047,1044.758071678885,2.920596298464401,986.455932318148,2.7597249719347174,788.0130253061227,2.1148435556815732,58.30213936073699,0.1608713265296835,0.06629164460168768
experiment_2026_08_25_00_38_criterion_seasonal_winter_sprint_fall,SEN_demand_SIN,2025-09-16,Independence Day,H2,H,observance_tier,True,2025-09-16,19,True,True,6,False,2,6,6,pearson,RidgeReg,standard,2,{'alpha': 0.4187665928224502},2025-09-15 10:00:00,2025-09-17,4722.191370572021,12.816129034622534,1014.778669,3.432,,14,24,4,4,6,4,0.0692685624364342,31868.613285217452,30586.235136997228,4722.191370572021,12.816129034622534,12.816129034622534,4722.191370572021,5469.81179640502,13.81052075342461,13.81052075342461,5469.81179640502,4286.0794555027705,12.236067198654654,12.236067198654654,4286.0794555027705,7065.676902885882,17.8589407874723,17.8589407874723,7065.676902885882,3355.1581433889364,9.612606719763226,9.612606719763226,3355.1581433889364,4722.191370572022,12.650729797340256,12.650729797340256,4722.191370572022,5469.81179640502,4286.0794555027705,hourly_window_mean_factor_top_available_analogs,4,-1595.8651064808623,930.9213121138338,-1.6275168347515558e-12,-1595.8651064808623,930.9213121138338,-1.6275168347515558e-12,-7065.676902885882,-3355.158143388937,-4722.191370572023,5469.81179640502,13.81052075342461,7065.676902885882,17.8589407874723,4286.0794555027705,12.236067198654654,3355.1581433889364,9.612606719763226,4722.191370572022,12.650729797340256,930.9213121138341,2.6234604788914275,0.16539923728227812
experiment_2026_08_25_00_38_criterion_seasonal_winter_sprint_fall,SEN_demand_SIN,2025-11-17,Mexican Revolution Day,H2,H,observance_tier,True,2025-11-17,19,True,True,3,False,2,6,3,pearson,LassoReg,standard,2,{'alpha': 0.049082988524907695},2025-11-16 10:00:00,2025-11-18,655.4701540294715,2.00242505700673,1179.552238,3.716,,14,24,3,4,3,3,0.07040706163495543,31777.76424558027,31595.409084806433,655.4701540294715,2.00242505700673,0.6077530647305177,247.36229363025535,820.0951933364951,2.4804803432371387,1.0770689912326545,407.8071909502872,559.4388811003745,1.7235594733723245,0.3339854409376044,153.76943686023682,716.5276166784697,2.1949364149100474,0.6608418371820128,264.02967372398444,563.5679788177953,1.7539283929561886,0.6666898015954182,237.63965524224872,619.92152960857,1.9164050326234003,0.6645352883904794,247.3622936302566,407.8071909502872,153.76943686023682,hourly_window_mean_factor_top_available_analogs,3,143.77751722630273,-83.8702183820119,-1.2445716971629545e-12,143.77751722630273,-83.8702183820119,-1.2445716971629545e-12,-264.02967372398444,-237.63965524224872,-247.3622936302566,820.0951933364951,2.4804803432371387,716.5276166784697,2.1949364149100474,559.4388811003745,1.7235594733723245,563.5679788177953,1.7539283929561886,619.92152960857,1.9164050326234003,-4.129097717420791,-0.030368919583864118,0.08602002438332979
experiment_2026_08_25_00_38_criterion_seasonal_winter_sprint_fall,SEN_demand_SIN,2025-12-24,Christmas Eve,H1,F,observance_tier,True,2025-12-24,19,True,True,3,False,2,6,3,pearson,LassoReg,standard,2,{'alpha': 0.049082988524907695},2025-12-23 10:00:00,2025-12-25,2944.8415777386217,9.241343553369244,1191.525573,3.742,,14,24,3,4,3,3,0.09402109010924935,29399.169066440656,27815.07943635229,2944.8415777386217,9.241343553369244,8.230302955349842,2649.4083161909216,2846.2710148364267,8.085716618430677,8.085716618430677,2846.2710148364267,3002.341072764902,9.915459265416741,8.314644985219353,2534.571741981043,2474.859638687851,7.042386589870689,7.042386589870689,2474.859638687851,3053.0893906097276,10.096473526909001,9.064127630153678,2751.2283780677158,2840.057376743773,8.971283602736992,8.319275667944154,2649.4083161909234,2846.2710148364267,2534.571741981043,hourly_window_mean_factor_top_available_analogs,3,371.41137614857536,-216.65663608667228,-2.1061982567373076e-12,371.41137614857536,-216.65663608667228,-2.1061982567373076e-12,-2474.859638687851,-2751.2283780677153,-2649.408316190924,2846.2710148364267,8.085716618430677,2474.859638687851,7.042386589870689,3002.341072764902,9.915459265416741,3053.0893906097276,10.096473526909001,2840.057376743773,8.971283602736992,-50.74831784482558,-0.18101426149226008,0.27005995063225186
experiment_2026_08_25_00_38_criterion_seasonal_winter_sprint_fall,SEN_demand_SIN,2025-12-25,Christmas Day,H2,F,observance_tier,True,2025-12-25,19,True,True,3,False,2,6,3,pearson,LassoReg,standard,2,{'alpha': 0.049082988524907695},2025-12-24 10:00:00,2025-12-26,2477.750544976357,9.46380668575745,1191.525573,3.742,,14,24,3,4,3,3,0.08693533914929072,30088.126475579364,28617.772027267714,2477.750544976357,9.46380668575745,-9.249928580509007,-2414.26633584252,1910.5439955421898,6.313490419432857,-6.313490419432857,-1910.5439955421898,2808.6210321462877,11.301491174446795,-10.962850841136758,-2708.1043676843788,2313.940333357077,7.6125725519761644,-7.6125725519761644,-2313.940333357077,2474.2652101418066,9.902426694468808,-9.897430033427094,-2472.789837292363,2415.198150273748,9.058796220918888,-9.055640434997803,-2414.2663358425207,-1910.5439955421898,-2708.1043676843788,hourly_window_mean_factor_top_available_analogs,3,403.3963378148874,-235.3145303920161,9.573628439715034e-13,403.3963378148874,-235.3145303920161,9.573628439715034e-13,2313.940333357077,2472.789837292363,2414.266335842521,1910.5439955421898,6.313490419432857,2313.940333357077,7.6125725519761644,2808.6210321462877,11.301491174446795,2474.2652101418066,9.902426694468808,2415.198150273748,9.058796220918888,334.35582200448107,1.3990644799779872,0.40501046483856307
experiment_2026_08_25_00_38_criterion_seasonal_winter_sprint_fall,SEN_demand_SIN,2025-12-31,New Year's Eve,H1,F,observance_tier,True,2025-12-31,19,True,True,3,False,2,6,3,pearson,LassoReg,standard,2,{'alpha': 0.049082988524907695},2025-12-30 10:00:00,2026-01-01,1617.7103716758027,5.401071323064781,1289.813605,4.104,,14,24,3,4,3,3,0.09402109010924935,28820.02009176787,27299.54092425441,1617.7103716758027,5.401071323064781,4.6077841921003655,1394.0531974426547,1333.7171096376176,4.0130840994797685,4.0130840994797685,1333.7171096376176,1783.3731078647443,6.210730536822704,4.954692579462379,1429.2492486622596,914.0714612075842,2.7387021961131457,2.7387021961131457,914.0714612075842,2076.8117827141605,7.278969422459311,5.858827352731474,1674.0425435797836,1648.4337695275271,5.606239391700197,4.70930755818788,1394.0531974426574,1333.7171096376176,1429.2492486622596,hourly_window_mean_factor_top_available_analogs,3,419.6456484300335,-244.7932949175241,-2.8720885319145103e-12,419.6456484300335,-244.7932949175241,-2.8720885319145103e-12,-914.0714612075841,-1674.0425435797836,-1394.0531974426576,1333.7171096376176,4.0130840994797685,914.0714612075842,2.7387021961131457,1783.3731078647443,6.210730536822704,2076.8117827141605,7.278969422459311,1648.4337695275271,5.606239391700197,-293.4386748494162,-1.0682388856366067,-0.20516806863541603
experiment_2026_08_25_00_38_criterion_seasonal_winter_sprint_fall,SEN_demand_SIN,2026-01-01,New Year's Day,H3,F,observance_tier,True,2026-01-01,19,True,True,6,False,2,6,6,pearson,RidgeReg,minmax,2,{'alpha': 2.834723978329207},2025-12-31 10:00:00,2026-01-02,1411.1514996964572,5.736778192752137,1268.604647,4.025,,14,24,4,4,6,4,0.09065990162777085,27543.369708826653,26003.22189228551,1411.1514996964572,5.736778192752137,-5.5446787401312765,-1356.8408875108664,1052.0651407543385,3.664977838312749,-3.664977838312749,-1052.0651407543385,1620.6185424126932,6.945328399508448,-6.64117093285875,-1534.6267397855074,1171.854929009465,4.073497129314962,-4.073497129314962,-1171.854929009465,1506.5308205587426,6.431074495874302,-6.282776824933708,-1464.7493633033453,1383.2291763037458,5.562493360826124,-5.4688316739162754,-1356.840887510863,-1052.0651407543385,-1534.6267397855074,hourly_window_mean_factor_top_available_analogs,4,119.78978825512657,-69.87737648216262,-3.446506238297412e-12,119.78978825512657,-69.87737648216262,-3.446506238297412e-12,1171.854929009465,1464.7493633033448,1356.840887510863,1052.0651407543385,3.664977838312749,1171.854929009465,4.073497129314962,1620.6185424126932,6.945328399508448,1506.5308205587426,6.431074495874302,1383.2291763037458,5.562493360826124,114.0877218539506,0.5142539036341454,0.17428483192601352
experiment_2026_08_25_00_38_criterion_seasonal_winter_sprint_fall,SEN_demand_SIN,2026-02-02,Constitution Day,H2,F,observance_tier,True,2026-02-02,19,True,True,3,False,2,6,3,pearson,LassoReg,standard,2,{'alpha': 0.049082988524907695},2026-02-01 10:00:00,2026-02-03,840.728774358814,2.959348169096898,1375.775129,4.446,,14,24,3,4,3,3,0.07431978014258099,29975.73506886751,29796.372019819897,840.728774358814,2.959348169096898,-2.8292852067663845,-797.6305946569792,845.5527178541116,2.994152352944171,-2.6411243123327752,-728.5719443777028,837.9148073198903,2.939045728519322,-2.939045728519322,-837.9148073198903,787.5377743122577,2.7272774545437253,-2.4499411572253647,-709.5087581316135,909.5833273326717,3.069389841155876,-2.846193994543371,-849.0349992967832,864.6191762198877,2.9433484355619264,-2.700206107110421,-797.6305946569838,-728.5719443777028,-837.9148073198903,hourly_window_mean_factor_top_available_analogs,3,-19.06318624608944,11.120191976892935,4.691077935460367e-12,-19.06318624608944,11.120191976892935,4.691077935460367e-12,709.5087581316134,849.0349992967832,797.6305946569838,845.5527178541116,2.994152352944171,787.5377743122577,2.7272774545437253,837.9148073198903,2.939045728519322,909.5833273326717,3.069389841155876,864.6191762198877,2.9433484355619264,-71.66852001278141,-0.13034411263655432,0.01599973353497175
experiment_2026_08_25_00_38_criterion_seasonal_winter_sprint_fall,SEN_demand_SIN,2026-03-16,Benito Juarez's Birthday,H2,G,observance_tier,True,2026-03-16,19,True,True,2,False,2,6,2,euclidian,LassoReg,minmax,2,{'alpha': 0.002456459215250751},2026-03-15 10:00:00,2026-03-17,1627.6992919138706,4.897431421908978,1302.032723,4.212,,14,24,2,4,2,2,0.06386541766390426,31928.852700688483,30781.944255223993,1627.6992919138706,4.897431421908978,3.0707649484105946,1065.660438522041,1705.7624084359213,4.999466430956852,0.041371717175528885,180.2283778009548,1582.1624739426745,4.837910999964383,4.837910999964383,1582.1624739426745,1753.4617817829487,5.109532482143939,0.3972129597781513,305.63720072364623,1509.0073272377751,4.5836482261700695,4.5836482261700695,1509.0073272377751,1599.0694947017864,4.777395057318337,3.041277338551995,1065.6604385220435,180.2283778009548,1582.1624739426745,hourly_window_mean_factor_top_available_analogs,2,-125.40882292269141,73.15514670489938,-2.489143394325909e-12,-125.40882292269141,73.15514670489938,-2.489143394325909e-12,-305.63720072364623,-1509.0073272377751,-1065.6604385220435,1705.7624084359213,4.999466430956852,1753.4617817829487,5.109532482143939,1582.1624739426745,4.837910999964383,1509.0073272377751,4.5836482261700695,1599.0694947017864,4.777395057318337,73.15514670489938,0.2542627737943137,0.12003636459064104
experiment_2026_08_25_00_38_criterion_seasonal_winter_sprint_fall,SEN_demand_SIN,2026-04-02,Maundy Thursday,H1,G,observance_tier,True,2026-04-02,19,True,True,3,False,2,6,3,euclidian,RidgeReg,minmax,2,{'alpha': 0.9605331584077209},2026-04-01 10:00:00,2026-04-03,556.0378496200959,1.441005216233103,1284.396511,4.172,,14,24,3,4,3,3,0.07155531237902903,38076.376897915645,36641.04173077463,556.0378496200959,1.441005216233103,1.075540120753954,414.35994418961474,412.7457017253463,1.0170144780993824,0.02503779037026357,28.191386985468853,639.6249358920331,1.6883331468111065,1.6883331468111065,639.6249358920331,841.8871932905458,2.141227336586011,-1.7747212143288011,-684.8334588223983,1057.5356874297004,2.819776496465021,2.814410004697855,1055.5560959466284,978.0862422205382,2.5697847007201227,1.1236774503196134,414.35994418961855,28.191386985468853,639.6249358920331,hourly_window_mean_factor_top_available_analogs,3,713.0248458078671,-415.93116005459524,-3.8294513758860134e-12,713.0248458078671,-415.93116005459524,-3.8294513758860134e-12,684.8334588223983,-1055.5560959466284,-414.35994418961855,412.7457017253463,1.0170144780993824,841.8871932905458,2.141227336586011,639.6249358920331,1.6883331468111065,1057.5356874297004,2.819776496465021,978.0862422205382,2.5697847007201227,-417.91075153766724,-1.1314433496539147,-1.1287794844870196
experiment_2026_08_25_00_38_criterion_seasonal_winter_sprint_fall,SEN_demand_SIN,2026-04-03,Good Friday,H2,G,observance_tier,True,2026-04-03,19,True,True,3,False,2,6,3,euclidian,RidgeReg,minmax,2,{'alpha': 0.9605331584077209},2026-04-02 10:00:00,2026-04-04,694.3004641850472,2.0457676971561862,1284.396511,4.172,,14,24,3,4,3,3,0.07155531237902903,36083.66150306884,34433.75173481778,694.3004641850472,2.0457676971561862,-1.7343955067569692,-575.3720293846308,618.5782486420914,1.6665309106761537,-1.6665309106761537,-618.5782486420914,738.4717565851047,2.2669891559362063,-1.7739831878041115,-550.1684014844454,877.4684203053018,2.372239932054984,-2.1759378683707786,-797.6715782595066,745.8576622343907,2.2679595605834195,-1.4768986117196803,-445.69729254095256,794.3458362605157,2.306378644809786,-1.7344393904858741,-575.3720293846304,-618.5782486420914,-550.1684014844454,hourly_window_mean_factor_top_available_analogs,3,179.0933296174153,-104.47110894349287,-3.8294513758860134e-13,179.0933296174153,-104.47110894349287,-3.8294513758860134e-13,797.6715782595066,445.69729254095256,575.3720293846304,618.5782486420914,1.6665309106761537,877.4684203053018,2.372239932054984,738.4717565851047,2.2669891559362063,745.8576622343907,2.2679595605834195,794.3458362605157,2.306378644809786,-7.385905649285974,-0.0009704046472132077,-0.2606109476535998
experiment_2026_08_25_00_38_criterion_seasonal_winter_sprint_fall,SEN_demand_SIN,2026-04-04,Holy Saturday,H3,G,observance_tier,True,2026-04-04,19,True,True,2,False,2,6,2,euclidian,LassoReg,minmax,2,{'alpha': 0.002456459215250751},2026-04-03 10:00:00,2026-04-05,463.04366253242245,1.3557941994679372,1331.425464,4.277,,14,24,2,4,2,2,0.0710530941921918,34259.76221290915,34173.7383181265,463.04366253242245,1.3557941994679372,-0.1623606793672806,-32.946423435458485,631.1654391859813,1.8641625424369797,-0.30565191020057675,-54.87460396509492,364.9726261511798,1.059245999402662,-0.07877412804785795,-20.15498479317057,548.6796182184745,1.5920389679111184,-1.5920389679111184,-548.6796182184745,406.36130635716626,1.182214593823075,0.8118682940746469,267.89794018795965,458.7943686218588,1.33320252111867,-0.07378174981484563,-32.946423435463466,-54.87460396509492,-20.15498479317057,hourly_window_mean_factor_top_available_analogs,2,493.8050142533796,-288.0529249811302,4.978286788651818e-12,493.8050142533796,-288.0529249811302,4.978286788651818e-12,548.6796182184745,-267.89794018795965,32.946423435463466,631.1654391859813,1.8641625424369797,548.6796182184745,1.5920389679111184,364.9726261511798,1.059245999402662,406.36130635716626,1.182214593823075,458.7943686218588,1.33320252111867,-41.388680205986475,-0.12296859442041308,0.02259167834926723
experiment_2026_08_25_00_38_criterion_seasonal_winter_sprint_fall,SEN_demand_SIN,2026-05-01,Labor Day,H2,G,observance_tier,True,2026-05-01,19,True,True,2,False,2,6,2,euclidian,LassoReg,minmax,2,{'alpha': 0.002456459215250751},2026-04-30 10:00:00,2026-05-02,1814.9433206150547,4.409114683858152,1255.786974,4.107,,14,24,2,4,2,2,0.07880968090944555,43876.7318306566,41546.82484754112,1814.9433206150547,4.409114683858152,-4.375842892840462,-1799.4160411829193,1469.7152302831576,3.150379805288309,-3.150379805288309,-1469.7152302831576,2016.3263733086612,5.143376696357227,-5.090696360579218,-1991.74151420778,1352.244074055399,2.9039513680931797,-2.9039513680931797,-1352.244074055399,2097.52906054789,5.345484819099055,-5.265638446408446,-2060.266355340637,1822.9503813138144,4.445972495044259,-4.395543207029138,-1799.4160411829178,-1469.7152302831576,-1991.74151420778,hourly_window_mean_factor_top_available_analogs,2,-117.47115622775839,68.52484113285693,-1.3403079815601047e-12,-117.47115622775839,68.52484113285693,-1.3403079815601047e-12,1352.244074055399,2060.266355340637,1799.416041182918,1469.7152302831576,3.150379805288309,1352.244074055399,2.9039513680931797,2016.3263733086612,5.143376696357227,2097.52906054789,5.345484819099055,1822.9503813138144,4.445972495044259,-81.20268723922868,-0.2021081227418282,-0.03685781118610709
