experiment_id,unique_id,target_date,holiday_label,holiday_day_type,analog_cluster,cluster_filter_label,filter_by_cluster,train_end,eligible_tuning_dates,target_exists,target_has_complete_profile,selected_analogs,fail,optuna_k_min,optuna_k_max,k,typedist,typereg,scale_method,n_components,regressor_params,forecast_start,forecast_end,mae_window,mape_window_pct,tuning_best_mean_mae,tuning_best_mean_mape_pct,error,bias_head_hours,bias_tail_hours,hourly_factor_analog_count,hourly_factor_requested_analogs,hourly_factor_available_neighbors,hourly_factor_selected_analogs,hourly_factor_mean_abs,forecast_window_mean_38,forecast_daily_mean_24,mae_38,mape_38_pct,mpe_38_pct,bias_38,mae_14,mape_14_pct,mpe_14_pct,bias_14,mae_24,mape_24_pct,mpe_24_pct,bias_24,mae_14_bias_adjusted,mape_14_bias_adjusted_pct,mpe_14_bias_adjusted_pct,bias_14_bias_adjusted,mae_24_bias_adjusted,mape_24_bias_adjusted_pct,mpe_24_bias_adjusted_pct,bias_24_bias_adjusted,mae_38_bias_adjusted,mape_38_bias_adjusted_pct,mpe_38_bias_adjusted_pct,bias_38_bias_adjusted,head_bias_mean,tail_bias_mean,bias_model_method,bias_train_samples,bias_train_window_mean,bias_train_head_tail_corr,bias_model_intercept,bias_model_slope,predicted_head_bias_mean,predicted_tail_bias_mean,predicted_full_bias_mean,predicted_bias_14,predicted_bias_24,predicted_bias_38,bias_14_prediction_error,bias_24_prediction_error,bias_38_prediction_error,mae_head14,mape_head14_pct,mae_head14_bias_adjusted,mape_head14_bias_adjusted_pct,mae_holiday24_raw,mape_holiday24_raw_pct,mae_holiday24_bias_adjusted,mape_holiday24_bias_adjusted_pct,mae_window_bias_adjusted,mape_window_bias_adjusted_pct,mae_holiday24_improvement,mape_holiday24_improvement_pct,mape_head14_improvement_pct,mape_window_improvement_pct,bias_14_prediction_abs_error,bias_24_prediction_abs_error,bias_38_prediction_abs_error
experiment_2026_06_14_21_46,SEN_demand_CEL,2025-01-01,New Year's Day,H3,H,observance_tier,True,2025-01-01,12,True,True,4,False,2,6,4,euclidian,PCR,standard,4,{},2024-12-31 10:00:00,2025-01-02,97.62399537709396,1.9096527882251346,180.694472,2.977,,14,24,4,4,4,4,0.133025882944763,5099.289636825645,4665.880810230466,97.62399537709396,1.9096527882251346,1.2646334099269,63.95201054277427,107.20763706528285,1.8256275853205728,1.620550337420611,95.32606043975655,92.03353772565043,1.9586674899194634,1.057015202222235,45.65048143620127,147.179324033423,2.489256023284593,2.489256023284593,147.179324033423,68.5534466459809,1.4442860242344286,0.4020320691951611,15.402744339898126,97.52087515714378,1.8292749712529102,1.1710093154386358,63.95201054277571,95.32606043975655,45.65048143620127,hourly_window_mean_factor_top_available_analogs,4,5197.010528355263,,5197.010528355263,0.0,-51.85326359366646,30.247737096303144,-1.4480113015068989e-12,-51.85326359366646,30.247737096303144,-1.4480113015068989e-12,-147.179324033423,-15.402744339898124,-63.95201054277572,107.20763706528285,1.8256275853205728,147.179324033423,2.489256023284593,92.03353772565043,1.9586674899194634,68.5534466459809,1.4442860242344286,97.52087515714378,1.8292749712529102,23.480091079669535,0.5143814656850347,-0.6636284379640203,0.08037781697222446,147.179324033423,15.402744339898124,63.95201054277572
experiment_2026_06_14_21_46,SEN_demand_CEL,2025-02-03,Constitution Day,H2,H,observance_tier,True,2025-02-03,12,True,True,4,False,2,6,4,euclidian,PCR,standard,4,{},2025-02-02 10:00:00,2025-02-04,119.25929030499961,1.961003184616709,202.384374,3.368,,14,24,4,4,4,4,0.09221357847409573,5941.590387649613,5741.885801222949,119.25929030499961,1.961003184616709,0.6332053339745194,43.04106787670281,105.20535737459146,1.7263817241070931,-0.7582286351275379,-42.69034652389395,127.4574178477377,2.0978657032473187,1.444875149284053,93.05105961038426,176.42429932342324,2.9210777555573944,-2.5222977448106625,-150.98887110725062,165.60922240544997,2.7084859085539406,2.5126800566014387,156.22519895067543,169.5937244278612,2.7868092206078448,0.6576882350285594,43.04106787670267,-42.69034652389395,93.05105961038426,hourly_window_mean_factor_top_available_analogs,4,5841.521615197368,,5841.521615197368,0.0,108.29852458335667,-63.17413934029116,1.436044265957255e-13,108.29852458335667,-63.17413934029116,1.436044265957255e-13,150.98887110725062,-156.2251989506754,-43.04106787670267,105.20535737459146,1.7263817241070931,176.42429932342324,2.9210777555573944,127.4574178477377,2.0978657032473187,165.60922240544997,2.7084859085539406,169.5937244278612,2.7868092206078448,-38.15180455771227,-0.6106202053066219,-1.1946960314503012,-0.8258060359911357,150.98887110725062,156.2251989506754,43.04106787670267
experiment_2026_06_14_21_46,SEN_demand_CEL,2025-03-17,Benito Juarez's Birthday,H2,H,observance_tier,True,2025-03-17,12,True,True,4,False,2,6,4,euclidian,PCR,standard,4,{},2025-03-16 10:00:00,2025-03-18,151.1176412369007,2.44063576734277,205.122904,3.409,,14,24,4,4,4,4,0.09415207608295928,6206.727981963434,6095.898431438084,151.1176412369007,2.44063576734277,-2.0390636690270942,-127.76451275290705,71.81592480343501,1.1344703654913675,-0.44065961939190623,-28.72093143545778,197.37697582308905,3.202565585089421,-2.971466031314287,-185.5399351880858,309.3218610305488,4.970656464310692,-4.9539721244395505,-308.17534570237166,89.832154400801,1.5127402211242942,-0.3613762096358732,-22.524860199053972,170.69678315912913,2.786709363350862,-2.0533852308793334,-127.76451275290786,-28.72093143545778,-185.5399351880858,hourly_window_mean_factor_top_available_analogs,4,5834.818629276317,,5834.818629276317,0.0,279.4544142669139,-163.01507498903183,8.137584173757779e-13,279.4544142669139,-163.01507498903183,8.137584173757779e-13,308.17534570237166,22.52486019905396,127.76451275290786,71.81592480343501,1.1344703654913675,309.3218610305488,4.970656464310692,197.37697582308905,3.202565585089421,89.832154400801,1.5127402211242942,170.69678315912913,2.786709363350862,107.54482142228805,1.6898253639651266,-3.836186098819325,-0.34607359600809184,308.17534570237166,22.52486019905396,127.76451275290786
experiment_2026_06_14_21_46,SEN_demand_CEL,2025-04-17,Maundy Thursday,H1,G,observance_tier,True,2025-04-17,12,True,True,4,False,2,6,4,euclidian,PCR,standard,4,{},2025-04-16 10:00:00,2025-04-18,182.9881140531708,2.7503863094997563,206.659662,3.421,,14,24,4,4,4,4,0.0868453517832088,6502.220084309442,6097.445428259877,182.9881140531708,2.7503863094997563,2.5387601059120604,168.10526042739954,90.75667379495333,1.2245336866841143,0.6820323207327733,52.50300746272933,236.789787537131,3.640467006142213,3.621851313933312,235.53990799012385,87.77230862572462,1.1889635421930638,0.5563017091558237,43.365111900070914,243.63131530302942,3.7301703039586585,3.6841819986063116,240.87034706834118,186.2095760008645,2.793936233834492,2.5318050498613953,168.1052604273995,52.50300746272933,235.53990799012385,hourly_window_mean_factor_top_available_analogs,4,6509.6878475657895,,6509.6878475657895,0.0,9.137895562658416,-5.330439078217334,4.786814219857517e-14,9.137895562658416,-5.330439078217334,4.786814219857517e-14,-43.365111900070914,-240.87034706834118,-168.1052604273995,90.75667379495333,1.2245336866841143,87.77230862572462,1.1889635421930638,236.789787537131,3.640467006142213,243.63131530302942,3.7301703039586585,186.2095760008645,2.793936233834492,-6.841527765898434,-0.08970329781644537,0.03557014449105056,-0.04354992433473592,43.365111900070914,240.87034706834118,168.1052604273995
experiment_2026_06_14_21_46,SEN_demand_CEL,2025-04-18,Good Friday,H2,G,observance_tier,True,2025-04-18,12,True,True,4,False,2,6,4,euclidian,LassoReg,,2,{},2025-04-17 10:00:00,2025-04-19,161.54261530922523,2.587710064541624,212.842055,3.499,,14,24,4,4,4,4,0.08852345776489787,6033.140262884813,5634.512363422077,161.54261530922523,2.587710064541624,2.0310060429395533,126.64083685203042,105.94717004233085,1.5752368910312886,0.26792250614770186,22.218135893359563,193.9732917149136,3.1783194157559866,3.0594714394014666,187.55407907792176,117.51642640527942,1.7349111326179114,0.75177832926588,55.181272879282396,171.53232490048234,2.810141083448146,2.751832260755427,168.32558250279843,151.63173071803917,2.41400373314227,2.0149702859961196,126.64083685202937,22.218135893359563,187.55407907792176,hourly_window_mean_factor_top_available_analogs,4,6258.87488125,,6258.87488125,0.0,-32.96313698592284,19.22849657512332,1.0530991283686538e-12,-32.96313698592284,19.22849657512332,1.0530991283686538e-12,-55.1812728792824,-168.32558250279843,-126.64083685202937,105.94717004233085,1.5752368910312886,117.51642640527942,1.7349111326179114,193.9732917149136,3.1783194157559866,171.53232490048234,2.810141083448146,151.63173071803917,2.41400373314227,22.44096681443125,0.3681783323078407,-0.1596742415866228,0.17370633139935387,55.1812728792824,168.32558250279843,126.64083685202937
experiment_2026_06_14_21_46,SEN_demand_CEL,2025-04-19,Holy Saturday,H3,G,observance_tier,True,2025-04-19,12,True,True,7,False,2,7,7,pearson,RidgeReg,standard,2,{},2025-04-18 10:00:00,2025-04-20,78.68917571475112,1.3345960623533253,184.990469,3.111,,14,24,4,4,7,4,0.07512102354683049,5989.21620491417,5832.931004631185,78.68917571475112,1.3345960623533253,0.03933167526676894,2.393295085829538,91.3903623865356,1.5132866176346589,-1.4370174987932554,-86.24472754214587,71.28015015621015,1.2303599051058804,0.9005353601351165,54.09880828548186,83.78440584786313,1.3726597293426603,-0.39092332891624426,-20.112145765523955,57.48932505282153,0.9891548940200514,0.24395157118176455,15.521468915786764,67.17698639836317,1.1304461491389073,0.010050292198287587,2.393295085830184,-86.24472754214587,54.09880828548186,hourly_window_mean_factor_top_available_analogs,4,5758.6324263157885,,5758.6324263157885,0.0,-66.13258177662192,38.577339369695096,-6.462199196807648e-13,-66.13258177662192,38.577339369695096,-6.462199196807648e-13,20.112145765523948,-15.521468915786762,-2.393295085830184,91.3903623865356,1.5132866176346589,83.78440584786313,1.3726597293426603,71.28015015621015,1.2303599051058804,57.48932505282153,0.9891548940200514,67.17698639836317,1.1304461491389073,13.790825103388627,0.24120501108582904,0.14062688829199854,0.204149913214418,20.112145765523948,15.521468915786762,2.393295085830184
experiment_2026_06_14_21_46,SEN_demand_CEL,2025-05-01,Labor Day,H2,F,observance_tier,True,2025-05-01,12,True,True,5,False,2,8,5,pearson,PLS,minmax,4,{},2025-04-30 10:00:00,2025-05-02,214.05359582871054,3.0531757372885084,172.155916,2.874,,14,24,4,4,5,4,0.09788934821915334,6813.589194198549,6429.3380629168905,214.05359582871054,3.0531757372885084,0.1529766442650819,24.899117117241268,300.5862908876001,3.860780710005379,3.3301435018121706,260.7106764614678,163.57619037769163,2.5820728365370007,-1.7003706893040533,-112.65762583355756,235.67494282110596,3.0242390297241184,2.1777010177683374,171.78155404313142,121.84695808952627,1.9382715199894058,-0.9141042188797265,-60.78230442286258,163.78358404326616,2.3383648130495627,0.22498192093798086,24.89911711724048,260.7106764614678,-112.65762583355756,hourly_window_mean_factor_top_available_analogs,4,6262.643355328948,,6262.643355328948,0.0,88.92912241833639,-51.87532141069497,7.898243462764903e-13,88.92912241833639,-51.87532141069497,7.898243462764903e-13,-171.78155404313142,60.78230442286259,-24.89911711724048,300.5862908876001,3.860780710005379,235.67494282110596,3.0242390297241184,163.57619037769163,2.5820728365370007,121.84695808952627,1.9382715199894058,163.78358404326616,2.3383648130495627,41.72923228816536,0.6438013165475949,0.8365416802812606,0.7148109242389458,171.78155404313142,60.78230442286259,24.89911711724048
experiment_2026_06_14_21_46,SEN_demand_CEL,2025-09-16,Independence Day,H2,H,observance_tier,True,2025-09-16,12,True,True,5,False,2,8,5,pearson,PLS,minmax,4,{},2025-09-15 10:00:00,2025-09-17,435.76537546351966,6.9959068776634465,154.186949,2.557,,14,24,4,4,5,4,0.09602988892411761,5402.860024273323,5167.561181979318,435.76537546351966,6.9959068776634465,6.9959068776634465,435.76537546351966,729.6308182226688,11.08810512711315,11.08810512711315,729.6308182226688,264.34386718734925,4.608791232151117,4.608791232151117,264.34386718734925,738.0715651058797,11.218024074377658,11.218024074377658,738.0715651058797,259.42009817214245,4.703108685977211,4.703108685977211,259.42009817214245,435.76537546351926,7.103340671177379,7.103340671177379,435.76537546351926,729.6308182226688,264.34386718734925,hourly_window_mean_factor_top_available_analogs,4,5534.7338586184205,,5534.7338586184205,0.0,-8.440746883210652,4.92376901520682,3.8294513758860134e-13,-8.440746883210652,4.92376901520682,3.8294513758860134e-13,-738.0715651058795,-259.42009817214245,-435.76537546351926,729.6308182226688,11.08810512711315,738.0715651058797,11.218024074377658,264.34386718734925,4.608791232151117,259.42009817214245,4.703108685977211,435.76537546351926,7.103340671177379,4.923769015206801,-0.09431745382609424,-0.1299189472645068,-0.10743379351393223,738.0715651058795,259.42009817214245,435.76537546351926
experiment_2026_06_14_21_46,SEN_demand_CEL,2025-11-17,Mexican Revolution Day,H2,F,observance_tier,True,2025-11-17,12,True,True,4,False,2,8,4,pearson,RidgeReg,minmax,2,{},2025-11-16 10:00:00,2025-11-18,82.3178721641279,1.3783304232633826,183.792369,2.998,,14,24,4,4,4,4,0.0866534462124275,6207.282600227317,6085.131107036191,82.3178721641279,1.3783304232633826,-1.0412369155928396,-60.87455496415872,66.54835529742091,1.0414672247817547,-0.4020357524581595,-25.08334498353218,91.51675700304031,1.5748339557109992,-1.4141042607547363,-81.75276078619088,77.72291502473243,1.198143926893037,-0.6797538632505601,-44.97147510562146,94.58685038159092,1.547337538985072,-1.0881775230968593,-70.15135154830561,88.37382156590621,1.4186872608459011,-0.9377056484166438,-60.87455496415882,-25.08334498353218,-81.75276078619088,hourly_window_mean_factor_top_available_analogs,4,6048.19490888158,,6048.19490888158,0.0,19.888130122089283,-11.601409237885264,9.573628439715034e-14,19.888130122089283,-11.601409237885264,9.573628439715034e-14,44.971475105621465,70.15135154830561,60.87455496415881,66.54835529742091,1.0414672247817547,77.72291502473243,1.198143926893037,91.51675700304031,1.5748339557109992,94.58685038159092,1.547337538985072,88.37382156590621,1.4186872608459011,-3.0700933785506095,0.027496416725927064,-0.15667670211128226,-0.04035683758251851,44.971475105621465,70.15135154830561,60.87455496415881
experiment_2026_06_14_21_46,SEN_demand_CEL,2025-12-24,Christmas Eve,H1,G,observance_tier,True,2025-12-24,12,True,True,3,False,2,8,3,pearson,RidgeReg,,2,{},2025-12-23 10:00:00,2025-12-25,156.836178930379,2.4207933344788857,154.879155,2.534,,14,24,3,4,3,3,0.08713125652570732,6430.472277922704,6043.730923502731,156.836178930379,2.4207933344788857,0.5628436544108177,44.67421391940106,160.0492231637833,2.1883607374684457,2.089246283179252,153.11349592876786,154.96190312755982,2.5563790160683095,-0.32755787903743555,-18.582033919396242,155.95011289122274,2.137811842072981,1.9667175696662327,143.9637271227801,175.64544033754248,2.9091480372399245,-0.21802043169438404,-13.244668782569951,168.38926706784574,2.6249715442836816,0.5868830424911062,44.67421391940113,153.11349592876786,-18.582033919396242,hourly_window_mean_factor_top_available_analogs,3,6320.789084473684,,6320.789084473684,0.0,9.149768805987735,-5.337365136826293,-7.180221329786275e-14,9.149768805987735,-5.337365136826293,-7.180221329786275e-14,-143.9637271227801,13.24466878256995,-44.67421391940113,160.0492231637833,2.1883607374684457,155.95011289122274,2.137811842072981,154.96190312755982,2.5563790160683095,175.64544033754248,2.9091480372399245,168.38926706784574,2.6249715442836816,-20.68353720998266,-0.352769021171615,0.05054889539546492,-0.20417820980479595,143.9637271227801,13.24466878256995,44.67421391940113
experiment_2026_06_14_21_46,SEN_demand_CEL,2025-12-25,Christmas Day,H2,H,observance_tier,True,2025-12-25,12,True,True,3,False,2,8,3,pearson,RidgeReg,,2,{},2025-12-24 10:00:00,2025-12-26,128.2805347162808,2.426901061753579,157.912086,2.568,,14,24,3,4,3,3,0.13814190177133243,5564.081857570017,5112.798265667342,128.2805347162808,2.426901061753579,-1.6810107249292,-82.43140862264802,151.9074674315885,2.443573276487529,-1.064365005933111,-63.823145117457635,114.49815729901799,2.4171756031587748,-2.0407207276769186,-93.28622900067575,173.14835806634912,2.7910579788694085,-1.9076963520833512,-117.01071582402028,88.27459634157243,1.769422796460054,-1.2915336427160415,-62.26014608851481,119.5438769770165,2.1458147057687635,-1.5185409566934718,-82.4314086226484,-63.823145117457635,-93.28622900067575,hourly_window_mean_factor_top_available_analogs,3,5323.159002807018,,5323.159002807018,0.0,53.187570706562646,-31.026082912160934,3.8294513758860134e-13,53.187570706562646,-31.026082912160934,3.8294513758860134e-13,117.01071582402028,62.260146088514816,82.4314086226484,151.9074674315885,2.443573276487529,173.14835806634912,2.7910579788694085,114.49815729901799,2.4171756031587748,88.27459634157243,1.769422796460054,119.5438769770165,2.1458147057687635,26.223560957445557,0.6477528066987208,-0.34748470238187945,0.2810863559848156,117.01071582402028,62.260146088514816,82.4314086226484
experiment_2026_06_14_21_46,SEN_demand_CEL,2025-12-31,New Year's Eve,H1,G,observance_tier,True,2025-12-31,12,True,True,3,False,2,8,3,pearson,LassoReg,,2,{},2025-12-30 10:00:00,2026-01-01,113.12351336535781,1.783544625456589,139.830875,2.267,,14,24,3,4,3,3,0.0933048851691628,6120.950352286073,5709.721423724278,113.12351336535781,1.783544625456589,1.5925501169804808,101.331670345505,139.24885758567325,1.9884419511130063,1.6098190099186136,114.66922446513165,97.88372923684047,1.6640211854903455,1.5824765960999034,93.55143044238946,144.92128826830913,2.0682291455340716,1.5874666650109945,113.66415216039286,95.79182287139827,1.6287457765297504,1.595794466179686,94.137722620155,113.8921522281549,1.7906607019523948,1.5927263289070102,101.3316703455058,114.66922446513165,93.55143044238946,hourly_window_mean_factor_top_available_analogs,3,6255.729466842106,,6255.729466842106,0.0,1.005072304738795,-0.5862921777655478,-7.898243462764903e-13,1.005072304738795,-0.5862921777655478,-7.898243462764903e-13,-113.66415216039286,-94.137722620155,-101.3316703455058,139.24885758567325,1.9884419511130063,144.92128826830913,2.0682291455340716,97.88372923684047,1.6640211854903455,95.79182287139827,1.6287457765297504,113.8921522281549,1.7906607019523948,2.091906365442199,0.03527540896059511,-0.0797871944210653,-0.007116076495805812,113.66415216039286,94.137722620155,101.3316703455058
experiment_2026_06_14_21_46,SEN_demand_CEL,2026-01-01,New Year's Day,H3,H,observance_tier,True,2026-01-01,12,True,True,3,False,2,8,3,pearson,RidgeReg,,2,{},2025-12-31 10:00:00,2026-01-02,64.7508012348161,1.2358326997952889,137.934851,2.221,,14,24,3,4,3,3,0.1369653993683878,5320.159517376448,4867.173396559102,64.7508012348161,1.2358326997952889,0.5875564731053659,29.16652920249983,49.93426477578331,0.8276548538972621,-0.29224232543302325,-17.014445206181076,73.39378083591856,1.4739364432358044,1.1007724389194264,56.10543094089703,63.10149740178018,1.0426182368856838,-0.32996628453310606,-19.442166840270602,73.42734116176422,1.4787255829662598,1.1333443111739827,57.521601894114895,69.62308293440168,1.3180544554628897,0.5942298811766343,29.166529202499184,-17.014445206181076,56.10543094089703,hourly_window_mean_factor_top_available_analogs,3,5296.393024736842,,5296.393024736842,0.0,2.4277216340895262,-1.4161709532178672,6.462199196807648e-13,2.4277216340895262,-1.4161709532178672,6.462199196807648e-13,19.442166840270602,-57.521601894114895,-29.166529202499184,49.93426477578331,0.8276548538972621,63.10149740178018,1.0426182368856838,73.39378083591856,1.4739364432358044,73.42734116176422,1.4787255829662598,69.62308293440168,1.3180544554628897,-0.033560325845655825,-0.004789139730455361,-0.21496338298842166,-0.08222175566760082,19.442166840270602,57.521601894114895,29.166529202499184
experiment_2026_06_14_21_46,SEN_demand_CEL,2026-02-02,Constitution Day,H2,H,observance_tier,True,2026-02-02,12,True,True,3,False,2,8,3,pearson,LassoReg,,2,{},2026-02-01 10:00:00,2026-02-03,108.21104044397592,1.8173163713105998,128.965992,2.116,,14,24,3,4,3,3,0.08737745363961036,6127.55006952162,5977.553448589232,108.21104044397592,1.8173163713105998,-0.45713050162807756,-30.497236100567772,137.71053618236107,2.272876895779743,-1.752746430883384,-101.62902469142735,91.00300126325124,1.5515727320369332,0.2986454571041844,10.996307244100308,99.27872447891352,1.634449230501167,-1.0265193971399176,-58.11132764126595,129.6538009530517,2.1887857903740873,-0.047223858874748004,-14.389016035159216,118.462983304685,1.9845565314735383,-0.40801695191981063,-30.49723610056696,-101.62902469142735,10.996307244100308,hourly_window_mean_factor_top_available_analogs,3,5951.4171176315795,,5951.4171176315795,0.0,-43.517697050161395,25.385323279259524,-8.137584173757779e-13,-43.517697050161395,25.385323279259524,-8.137584173757779e-13,58.11132764126595,14.389016035159216,30.49723610056696,137.71053618236107,2.272876895779743,99.27872447891352,1.634449230501167,91.00300126325124,1.5515727320369332,129.6538009530517,2.1887857903740873,118.462983304685,1.9845565314735383,-38.650799689800465,-0.637213058337154,0.6384276652785759,-0.16724016016293852,58.11132764126595,14.389016035159216,30.49723610056696
experiment_2026_06_14_21_46,SEN_demand_CEL,2026-03-16,Benito Juarez's Birthday,H2,H,observance_tier,True,2026-03-16,12,True,True,3,False,2,8,3,pearson,LassoReg,,2,{},2026-03-15 10:00:00,2026-03-17,183.1253869592228,2.8820715959071666,126.565485,2.084,,14,24,3,4,3,3,0.08512450604001298,6221.6883247335945,6024.90848537438,183.1253869592228,2.8820715959071666,2.1244268288056,135.89714289798462,118.67728810254077,1.8046264791647175,-0.2518378886823923,-9.513660063677175,220.72011129228733,3.510581247340261,3.510581247340261,220.72011129228733,97.9220351378636,1.4928737113499306,-0.21952921913678658,-8.892724569417298,220.36328607235657,3.6089337470204135,3.6088521449486977,220.35789892063528,175.25335151754336,2.829332681247078,2.1983958529172036,135.8971428979843,-9.513660063677175,220.72011129228733,hourly_window_mean_factor_top_available_analogs,3,6025.0280231578945,,6025.0280231578945,0.0,-0.620935494259876,0.3622123716520491,2.87208853191451e-13,-0.620935494259876,0.3622123716520491,2.87208853191451e-13,8.892724569417298,-220.35789892063528,-135.89714289798434,118.67728810254077,1.8046264791647175,97.9220351378636,1.4928737113499306,220.72011129228733,3.510581247340261,220.36328607235657,3.6089337470204135,175.25335151754336,2.829332681247078,0.3568252199307551,-0.09835249968015258,0.3117527678147869,0.05273891466008873,8.892724569417298,220.35789892063528,135.89714289798434
experiment_2026_06_14_21_46,SEN_demand_CEL,2026-04-02,Maundy Thursday,H1,G,observance_tier,True,2026-04-02,12,True,True,3,False,2,8,3,pearson,LassoReg,,2,{},2026-04-01 10:00:00,2026-04-03,65.46650266498469,0.9583832062221392,131.856081,2.159,,14,24,3,4,3,3,0.08028144311702794,6786.468189963918,6448.565448627531,65.46650266498469,0.9583832062221392,-0.21343452256289333,-15.114008648127742,85.74051083699707,1.1880938292401457,-0.5613902271292855,-38.626692254867,53.63999789797746,0.8243853427949691,-0.010460361565831263,-1.3982765441965057,82.37662035586884,1.1522909619992288,-0.992832351139145,-70.71673318866677,73.41954093707018,1.1514094166170106,0.33367761477674285,17.32091400051858,76.71951756504863,1.1517341964946697,-0.15503658319226843,-15.114008648128651,-38.626692254867,-1.3982765441965057,hourly_window_mean_factor_top_available_analogs,3,6659.020606754387,,6659.020606754387,0.0,32.090040933799756,-18.719190544715087,9.094947017729282e-13,32.090040933799756,-18.719190544715087,9.094947017729282e-13,70.71673318866675,-17.32091400051858,15.114008648128651,85.74051083699707,1.1880938292401457,82.37662035586884,1.1522909619992288,53.63999789797746,0.8243853427949691,73.41954093707018,1.1514094166170106,76.71951756504863,1.1517341964946697,-19.779543039092722,-0.32702407382204146,0.03580286724091697,-0.19335099027253044,70.71673318866675,17.32091400051858,15.114008648128651
experiment_2026_06_14_21_46,SEN_demand_CEL,2026-04-03,Good Friday,H2,G,observance_tier,True,2026-04-03,12,True,True,3,False,2,8,3,pearson,LassoReg,,2,{},2026-04-02 10:00:00,2026-04-04,67.01018331915661,1.079734858849922,131.636292,2.142,,14,24,3,4,3,3,0.08916960232795662,6272.154947339058,5933.750702664122,67.01018331915661,1.079734858849922,-0.4176490612472613,-24.367284181162752,64.7751684613908,0.952374640822682,-0.4737076438611802,-31.876946067517697,68.31394198618666,1.154028319365812,-0.3849482213891418,-19.986648080789035,99.7770620967849,1.4594249194448696,-1.3714816708864837,-93.68636758754838,74.6812607465015,1.2890550379630632,0.28463890233995887,16.06884780589515,83.9270822966059,1.3518228890353077,-0.3255107825329411,-24.36728418116299,-31.876946067517697,-19.986648080789035,hourly_window_mean_factor_top_available_analogs,3,6098.982476140351,,6098.982476140351,0.0,61.80942152003068,-36.055495886684184,2.3934071099287584e-13,61.80942152003068,-36.055495886684184,2.3934071099287584e-13,93.68636758754838,-16.06884780589515,24.36728418116299,64.7751684613908,0.952374640822682,99.7770620967849,1.4594249194448696,68.31394198618666,1.154028319365812,74.6812607465015,1.2890550379630632,83.9270822966059,1.3518228890353077,-6.367318760314831,-0.13502671859725113,-0.5070502786221877,-0.27208803018538563,93.68636758754838,16.06884780589515,24.36728418116299
experiment_2026_06_14_21_46,SEN_demand_CEL,2026-04-04,Holy Saturday,H3,G,observance_tier,True,2026-04-04,12,True,True,5,False,2,9,5,pearson,LassoReg,,2,{},2026-04-03 10:00:00,2026-04-05,88.32193516938725,1.4301998665534477,128.994678,2.108,,14,24,4,4,5,4,0.07468306187362668,6069.972585167636,5981.514508962038,88.32193516938725,1.4301998665534477,0.06285885416573964,5.411453516574846,68.88794404706108,1.1069575253849055,0.022649320427820006,4.009274908482309,99.65842999074418,1.6187578989017635,0.08631441551285952,6.229391037962159,72.93839033329355,1.1971781837125561,-0.44546233003754443,-24.920177927610762,134.8092385652064,2.2108867955723834,0.471462754864629,23.104905192349822,112.01471553239641,1.8374152017292895,0.13364824990067037,5.41145351657487,4.009274908482309,6.229391037962159,hourly_window_mean_factor_top_available_analogs,4,5790.753613421051,,5790.753613421051,0.0,28.929452836093073,-16.875514154387663,-2.3934071099287584e-14,28.929452836093073,-16.875514154387663,-2.3934071099287584e-14,24.920177927610766,-23.104905192349822,-5.41145351657487,68.88794404706108,1.1069575253849055,72.93839033329355,1.1971781837125561,99.65842999074418,1.6187578989017635,134.8092385652064,2.2108867955723834,112.01471553239641,1.8374152017292895,-35.15080857446223,-0.59212889667062,-0.09022065832765058,-0.40721533517584185,24.920177927610766,23.104905192349822,5.41145351657487
experiment_2026_06_14_21_46,SEN_demand_CEL,2026-05-01,Labor Day,H2,F,observance_tier,True,2026-05-01,12,True,True,2,False,2,10,2,pearson,LassoReg,,2,{},2026-04-30 10:00:00,2026-05-02,154.61197815719598,2.171465085350939,105.454725,1.74,,14,24,2,4,2,2,0.1112089979526006,7229.996368353801,6673.688377101923,154.61197815719598,2.171465085350939,-1.1793884259422895,-89.26495230116889,174.74259868554893,2.1849207302171356,-1.838499030217419,-145.68973192844942,142.8691161823234,2.163615959178992,-0.7949072401151306,-56.35049751858859,197.78414773062255,2.4771504165822873,-2.3224024151466662,-184.55161867704263,150.846888227542,2.2859764219729635,-0.42162807844912226,-33.68106358190975,168.1395627813085,2.356408946302714,-1.121913360390323,-89.26495230116923,-145.68973192844942,-56.35049751858859,hourly_window_mean_factor_top_available_analogs,2,6287.366837763158,,6287.366837763158,0.0,38.861886748593214,-22.669433936678843,3.3507699539002617e-13,38.861886748593214,-22.669433936678843,3.3507699539002617e-13,184.55161867704263,33.68106358190975,89.26495230116923,174.74259868554893,2.1849207302171356,197.78414773062255,2.4771504165822873,142.8691161823234,2.163615959178992,150.846888227542,2.2859764219729635,168.1395627813085,2.356408946302714,-7.977772045218586,-0.12236046279397161,-0.2922296863651517,-0.18494386095177484,184.55161867704263,33.68106358190975,89.26495230116923
experiment_2026_06_14_21_46,SEN_demand_NES,2025-01-01,New Year's Day,H3,H,observance_tier,True,2025-01-01,12,True,True,6,False,2,6,6,pearson,RidgeReg,standard,2,{},2024-12-31 10:00:00,2025-01-02,80.34631956281669,2.024909218505556,376.042368,6.5,,14,24,4,4,6,4,0.0881163274847348,4090.469071370296,3814.106333963693,80.34631956281669,2.024909218505556,0.3976386938303189,11.166372840229936,80.36580838079873,1.8240724983207808,-1.1885632948224065,-51.614669067331924,80.3349510856605,2.1420639719466745,1.3229231872110754,47.788647286307686,74.44147292229104,1.6552980104798203,-0.22866172603259566,-6.743969406789249,76.9343194068342,1.9602525588278794,0.4859694128955987,21.614072484324822,76.01590228094987,1.8479008831206996,0.22268425644836912,11.166372840230164,-51.614669067331924,47.788647286307686,hourly_window_mean_factor_top_available_analogs,4,5164.647042434211,,5164.647042434211,0.0,-44.87069966054268,26.174574801982867,-2.2737367544323206e-13,-44.87069966054268,26.174574801982867,-2.2737367544323206e-13,6.7439694067892475,-21.61407248432482,-11.166372840230164,80.36580838079873,1.8240724983207808,74.44147292229104,1.6552980104798203,80.3349510856605,2.1420639719466745,76.9343194068342,1.9602525588278794,76.01590228094987,1.8479008831206996,3.4006316788263007,0.18181141311879512,0.1687744878409605,0.17700833538485639,6.7439694067892475,21.61407248432482,11.166372840230164
experiment_2026_06_14_21_46,SEN_demand_NES,2025-02-03,Constitution Day,H2,H,observance_tier,True,2025-02-03,12,True,True,5,False,2,6,5,pearson,RidgeReg,standard,2,{},2025-02-02 10:00:00,2025-02-04,136.10600438605053,2.719661904041585,311.019885,5.661,,14,24,4,4,5,4,0.05792852684653578,4778.353150454425,4746.331904904232,136.10600438605053,2.719661904041585,0.5776295858588596,40.13199849294341,117.12247203460667,2.551485768323598,-1.6757674435430714,-73.37680354047032,147.17973159105944,2.817764649877077,1.8921111863433193,106.34546634576809,108.54076079619342,2.3512394026599703,-1.504959785748012,-67.4516924478293,110.49674514317103,2.112518414809162,1.9391612355379155,102.889151541727,109.77611933112664,2.2004682524384065,0.6702745434852055,40.1319984929431,-73.37680354047032,106.34546634576809,hourly_window_mean_factor_top_available_analogs,4,4329.0748891447365,,4329.0748891447365,0.0,-5.925111092641016,3.456314804041085,3.111429242907386e-13,-5.925111092641016,3.456314804041085,3.111429242907386e-13,67.4516924478293,-102.889151541727,-40.1319984929431,117.12247203460667,2.551485768323598,108.54076079619342,2.3512394026599703,147.17973159105944,2.817764649877077,110.49674514317103,2.112518414809162,109.77611933112664,2.2004682524384065,36.68298644788841,0.7052462350679152,0.20024636566362775,0.5191936516031785,67.4516924478293,102.889151541727,40.1319984929431
experiment_2026_06_14_21_46,SEN_demand_NES,2025-03-17,Benito Juarez's Birthday,H2,H,observance_tier,True,2025-03-17,12,True,True,6,False,2,6,6,euclidian,RidgeReg,standard,2,{},2025-03-16 10:00:00,2025-03-18,205.96548413181225,3.8396013047533954,300.513855,5.236,,14,24,4,4,6,4,0.045931621744475216,5142.447000685125,5009.502012248838,205.96548413181225,3.8396013047533954,0.7381392038209388,57.31679457803358,112.12941458524776,2.2024177768840505,-1.43565205271932,-68.6996101473295,260.7031913673082,4.7946250293438455,2.006184103469423,130.82636400116203,262.6533574588516,4.914293548710266,0.863251405737518,62.97196429706472,207.38596049599906,3.934752021124385,0.6651243648249058,54.017945575264015,227.7476330612605,4.2956357418139195,0.7381185377927103,57.3167945780327,-68.6996101473295,130.82636400116203,hourly_window_mean_factor_top_available_analogs,4,5533.002233552632,,5533.002233552632,0.0,-131.67157444439422,76.80841842589803,8.855606306736407e-13,-131.67157444439422,76.80841842589803,8.855606306736407e-13,-62.97196429706473,-54.01794557526401,-57.31679457803269,112.12941458524776,2.2024177768840505,262.6533574588516,4.914293548710266,260.7031913673082,4.7946250293438455,207.38596049599906,3.934752021124385,227.7476330612605,4.2956357418139195,53.317230871309135,0.8598730082194606,-2.711875771826216,-0.45603443706052404,62.97196429706473,54.01794557526401,57.31679457803269
experiment_2026_06_14_21_46,SEN_demand_NES,2025-04-17,Maundy Thursday,H1,G,observance_tier,True,2025-04-17,12,True,True,5,False,2,6,5,euclidian,PCR,standard,5,{},2025-04-16 10:00:00,2025-04-18,761.5598353468253,10.542846227629806,251.755409,4.606,,14,24,4,4,5,4,0.06275828063849895,6534.513635528157,6022.634815773414,761.5598353468253,10.542846227629806,10.00468399005085,723.0367086823693,345.39270012437765,4.466426179969986,3.005700106541391,240.82992774942574,1004.3239975599196,14.0874245887647,14.0874245887647,1004.3239975599196,572.606974475652,7.310278663636211,7.310278663636211,572.606974475652,810.7873869696218,11.255364987352266,11.255364987352266,810.7873869696218,723.0367086823697,9.80191213124635,9.80191213124635,723.0367086823697,240.82992774942574,1004.3239975599196,hourly_window_mean_factor_top_available_analogs,4,5618.75830263158,,5618.75830263158,0.0,-331.7770467262262,193.53661059029784,-5.026154930850393e-13,-331.7770467262262,193.53661059029784,-5.026154930850393e-13,-572.6069744756519,-810.7873869696217,-723.0367086823697,345.39270012437765,4.466426179969986,572.606974475652,7.310278663636211,1004.3239975599196,14.0874245887647,810.7873869696218,11.255364987352266,723.0367086823697,9.80191213124635,193.53661059029776,2.8320596014124337,-2.8438524836662253,0.7409340963834552,572.6069744756519,810.7873869696217,723.0367086823697
experiment_2026_06_14_21_46,SEN_demand_NES,2025-04-18,Good Friday,H2,G,observance_tier,True,2025-04-18,12,True,True,5,False,2,6,5,pearson,RidgeReg,standard,2,{},2025-04-17 10:00:00,2025-04-19,576.0459759227168,8.388443664017299,268.16937,4.69,,14,24,4,4,5,4,0.06816933926364226,6397.132262571033,5935.472033627199,576.0459759227168,8.388443664017299,6.8346070072188025,471.4463116394937,321.3400008654312,4.489855232614649,0.2722985927330149,37.42662638239712,724.6244613728,10.662620249002181,10.662620249002181,724.6244613728,350.94260945154645,4.75626944568316,3.235569379080513,250.83159811074438,600.1382278645974,8.78623118685242,8.78623118685242,600.1382278645974,508.3293158176838,7.301508440105851,6.7412505208311915,471.44631163949356,37.42662638239712,724.6244613728,hourly_window_mean_factor_top_available_analogs,4,5686.924035328948,,5686.924035328948,0.0,-213.40497172834725,124.48623350820269,7.180221329786275e-14,-213.40497172834725,124.48623350820269,7.180221329786275e-14,-250.83159811074438,-600.1382278645974,-471.4463116394936,321.3400008654312,4.489855232614649,350.94260945154645,4.75626944568316,724.6244613728,10.662620249002181,600.1382278645974,8.78623118685242,508.3293158176838,7.301508440105851,124.48623350820264,1.8763890621497605,-0.26641421306851143,1.0869352239114471,250.83159811074438,600.1382278645974,471.4463116394936
experiment_2026_06_14_21_46,SEN_demand_NES,2025-04-19,Holy Saturday,H3,G,observance_tier,True,2025-04-19,12,True,True,7,False,2,7,7,pearson,RidgeReg,standard,2,{},2025-04-18 10:00:00,2025-04-20,271.49121309295543,4.13819928430206,278.567362,4.857,,14,24,4,4,7,4,0.058949823824129055,6653.417186838157,6557.63547566662,271.49121309295543,4.13819928430206,-1.2433958413995168,-85.42482762762994,76.09939655545688,1.1329213316478972,-0.03974651021224825,2.2499368677821883,385.46977273982947,5.891278090016988,-1.9455246179254235,-136.56844024995368,238.69190312692146,3.660426933616048,-3.194624697092885,-205.37448502912932,132.02093768315694,2.02168527340621,-0.22692993010137838,-15.454194143423441,171.32076705717546,2.6254322008519395,-1.3202911600456178,-85.42482762763086,2.2499368677821883,-136.56844024995368,hourly_window_mean_factor_top_available_analogs,4,6117.239038289474,,6117.239038289474,0.0,207.6244218969115,-121.11424610653023,9.334287728722159e-13,207.6244218969115,-121.11424610653023,9.334287728722159e-13,205.37448502912932,15.45419414342345,85.42482762763088,76.09939655545688,1.1329213316478972,238.69190312692146,3.660426933616048,385.46977273982947,5.891278090016988,132.02093768315694,2.02168527340621,171.32076705717546,2.6254322008519395,253.44883505667252,3.8695928166107785,-2.527505601968151,1.5127670834501208,205.37448502912932,15.45419414342345,85.42482762763088
experiment_2026_06_14_21_46,SEN_demand_NES,2025-05-01,Labor Day,H2,F,observance_tier,True,2025-05-01,12,True,True,6,False,2,8,6,pearson,PLS,standard,2,{},2025-04-30 10:00:00,2025-05-02,568.9349026528745,6.887018907688245,258.674639,4.891,,14,24,4,4,6,4,0.05499436151280496,7380.815618384701,7292.447880245937,568.9349026528745,6.887018907688245,5.001080904943194,428.9801179310887,994.7217505202758,11.52250262490311,11.52250262490311,994.7217505202758,320.55924139689046,4.1829867393129065,1.1969182349665772,98.96416558739627,835.3801109342324,9.651250546559883,9.651250546559883,835.3801109342324,359.0994852543551,4.737252179751444,2.5112474998937877,191.91345534592062,534.5712947153627,6.547672630680869,5.141774938139191,428.98011793108816,994.7217505202758,98.96416558739627,hourly_window_mean_factor_top_available_analogs,4,5493.328904078948,,5493.328904078948,0.0,159.341639586043,-92.94928975852436,4.547473508864641e-13,159.341639586043,-92.94928975852436,4.547473508864641e-13,-835.3801109342328,-191.91345534592062,-428.9801179310883,994.7217505202758,11.52250262490311,835.3801109342324,9.651250546559883,320.55924139689046,4.1829867393129065,359.0994852543551,4.737252179751444,534.5712947153627,6.547672630680869,-38.540243857464645,-0.5542654404385372,1.8712520783432272,0.3393462770073761,835.3801109342328,191.91345534592062,428.9801179310883
experiment_2026_06_14_21_46,SEN_demand_NES,2025-09-16,Independence Day,H2,H,observance_tier,True,2025-09-16,12,True,True,8,False,2,8,8,pearson,RidgeReg,standard,2,{},2025-09-15 10:00:00,2025-09-17,552.2046562925701,7.534408988319219,234.079273,3.994,,14,24,4,4,8,4,0.07435412651688696,6681.037719036476,6810.918326084243,552.2046562925701,7.534408988319219,6.087641492589708,459.3525930687871,917.6835166168377,12.334374945636307,12.334374945636307,917.6835166168377,339.00865443674735,4.734428846550917,2.443713644979192,191.9928876657575,999.3628260983298,13.507371940867454,13.507371940867454,999.3628260983298,303.1938066465039,4.385978349805453,1.9638967204831737,144.34662380155362,559.67712960244,7.746491778091452,6.216756012203697,459.3525930687871,917.6835166168377,191.9928876657575,hourly_window_mean_factor_top_available_analogs,4,4892.550037763158,,4892.550037763158,0.0,-81.67930948149225,47.64626386420389,4.786814219857517e-14,-81.67930948149225,47.64626386420389,4.786814219857517e-14,-999.36282609833,-144.34662380155362,-459.35259306878703,917.6835166168377,12.334374945636307,999.3628260983298,13.507371940867454,339.00865443674735,4.734428846550917,303.1938066465039,4.385978349805453,559.67712960244,7.746491778091452,35.81484779024345,0.348450496745464,-1.1729969952311468,-0.21208278977223305,999.36282609833,144.34662380155362,459.35259306878703
experiment_2026_06_14_21_46,SEN_demand_NES,2025-11-17,Mexican Revolution Day,H2,F,observance_tier,True,2025-11-17,12,True,True,8,False,2,8,8,pearson,RidgeReg,standard,2,{},2025-11-16 10:00:00,2025-11-18,205.86261671868292,3.4118182767187717,271.003811,4.401,,14,24,4,4,8,4,0.06356673686789346,5621.425498361495,5619.515265849589,205.86261671868292,3.4118182767187717,2.6278876999566196,166.24993005955793,224.38131112143355,3.8630367511431083,1.735225185645837,116.8611616180943,195.06004498374503,3.1486074999712415,3.1486074999712415,195.06004498374503,252.31736915209208,4.340410434027896,2.1033895382750765,139.38078005718353,197.5954220507658,3.2228940344505603,2.9263190990570997,181.92360089427655,217.75613940388598,3.6346106027158944,2.6231345240321438,166.24993005955807,116.8611616180943,195.06004498374503,hourly_window_mean_factor_top_available_analogs,4,5263.518139144737,,5263.518139144737,0.0,-22.519618439089236,13.136444089468492,-1.436044265957255e-13,-22.519618439089236,13.136444089468492,-1.436044265957255e-13,-139.38078005718353,-181.92360089427655,-166.24993005955807,224.38131112143355,3.8630367511431083,252.31736915209208,4.340410434027896,195.06004498374503,3.1486074999712415,197.5954220507658,3.2228940344505603,217.75613940388598,3.6346106027158944,-2.535377067020761,-0.07428653447931888,-0.47737368288478743,-0.22279232599712273,139.38078005718353,181.92360089427655,166.24993005955807
experiment_2026_06_14_21_46,SEN_demand_NES,2025-12-24,Christmas Eve,H1,G,observance_tier,True,2025-12-24,12,True,True,8,False,2,8,8,pearson,RidgeReg,standard,2,{},2025-12-23 10:00:00,2025-12-25,151.30922675903682,2.872257941453213,275.042772,4.404,,14,24,4,4,8,4,0.08602969568351614,5222.653456760892,4799.404615328763,151.30922675903682,2.872257941453213,1.1328923173219199,51.19240192331807,149.97626666110824,2.6010332286255227,-2.10415422738027,-121.05810564454325,152.08678681616183,3.030472357269366,3.021169468398197,151.67186467123716,92.42744455067466,1.5868022301092064,0.19927009613328686,13.104270469560495,99.93908619783595,1.9998648481556722,1.427171669786486,73.41047860467673,97.17163927519759,1.8476838836122378,0.9747868794932018,51.192401923318116,-121.05810564454325,151.67186467123716,hourly_window_mean_factor_top_available_analogs,4,5068.205883618421,,5068.205883618421,0.0,-134.16237611410375,78.26138606656043,-4.786814219857517e-14,-134.16237611410375,78.26138606656043,-4.786814219857517e-14,-13.104270469560504,-73.41047860467673,-51.19240192331812,149.97626666110824,2.6010332286255227,92.42744455067466,1.5868022301092064,152.08678681616183,3.030472357269366,99.93908619783595,1.9998648481556722,97.17163927519759,1.8476838836122378,52.147700618325885,1.030607509113694,1.0142309985163163,1.0245740578409752,13.104270469560504,73.41047860467673,51.19240192331812
experiment_2026_06_14_21_46,SEN_demand_NES,2025-12-25,Christmas Day,H2,H,observance_tier,True,2025-12-25,12,True,True,6,False,2,8,6,pearson,PLS,minmax,3,{},2025-12-24 10:00:00,2025-12-26,202.41275654044924,4.809453369805091,305.950166,4.966,,14,24,4,4,6,4,0.08253219342587756,4673.226634577274,4497.6546872060035,202.41275654044924,4.809453369805091,-4.1248058653656186,-167.31258062990597,122.97932611378545,2.5261442760156982,-0.6678153353942723,-27.707420070882304,248.74892428933643,6.1413836745155725,-6.1413836745155725,-248.74892428933643,149.7717841306979,3.0828205317831143,-2.860523896441639,-138.39401159913834,189.5633854957678,4.677220262625043,-4.559082920494876,-184.18174589785338,174.90332183495258,4.089809835472753,-3.9332980168963148,-167.31258062990574,-27.707420070882304,-248.74892428933643,hourly_window_mean_factor_top_available_analogs,4,4154.84264125,,4154.84264125,0.0,110.68659152825603,-64.56717839148307,-2.3934071099287584e-13,110.68659152825603,-64.56717839148307,-2.3934071099287584e-13,138.39401159913834,184.18174589785338,167.31258062990574,122.97932611378545,2.5261442760156982,149.7717841306979,3.0828205317831143,248.74892428933643,6.1413836745155725,189.5633854957678,4.677220262625043,174.90332183495258,4.089809835472753,59.18553879356864,1.4641634118905298,-0.5566762557674161,0.719643534332338,138.39401159913834,184.18174589785338,167.31258062990574
experiment_2026_06_14_21_46,SEN_demand_NES,2025-12-31,New Year's Eve,H1,G,observance_tier,True,2025-12-31,12,True,True,4,False,2,8,4,pearson,PLS,minmax,3,{},2025-12-30 10:00:00,2026-01-01,291.2687943152478,6.44967220105775,293.871682,4.539,,14,24,4,4,4,4,0.05257560159958463,4998.972891203761,4848.803183958054,291.2687943152478,6.44967220105775,-5.249419425088726,-231.42253330902363,193.29532852420667,3.8476535418514843,-2.692464003628578,-132.02614076782746,348.41998269335505,7.967516418928073,-6.740976754273812,-289.4037622913881,231.81956695600098,4.609730914941225,-3.7035962010545918,-183.94828766099863,358.2026187530499,8.153975921618851,-6.0736819208277,-259.1158432703721,311.64044177518974,6.848201445474462,-5.200492445121818,-231.42253330902398,-132.02614076782746,-289.4037622913881,hourly_window_mean_factor_top_available_analogs,4,5017.81144743421,,5017.81144743421,0.0,51.92214689317117,-30.28791902101595,3.590110664893138e-13,51.92214689317117,-30.28791902101595,3.590110664893138e-13,183.94828766099863,259.1158432703721,231.422533309024,193.29532852420667,3.8476535418514843,231.81956695600098,4.609730914941225,348.41998269335505,7.967516418928073,358.2026187530499,8.153975921618851,311.64044177518974,6.848201445474462,-9.782636059694823,-0.18645950269077805,-0.7620773730897406,-0.39852924441671256,183.94828766099863,259.1158432703721,231.422533309024
experiment_2026_06_14_21_46,SEN_demand_NES,2026-01-01,New Year's Day,H3,H,observance_tier,True,2026-01-01,12,True,True,4,False,2,8,4,pearson,PLS,minmax,3,{},2025-12-31 10:00:00,2026-01-02,544.8728817288611,13.943180697392584,306.476949,4.846,,14,24,4,4,4,4,0.08489472699506968,4604.32139567623,4488.617322391845,544.8728817288611,13.943180697392584,-13.943180697392584,-544.8728817288611,408.4552384494602,9.43131728358699,-9.43131728358699,-408.4552384494602,624.4498403085114,16.575101022112516,-16.575101022112516,-624.4498403085114,610.8343852042416,13.98162901724274,-13.98162901724274,-610.8343852042416,506.3953380348903,13.153134556379735,-13.153134556379735,-506.3953380348903,544.8728817288618,13.458369357750318,-13.458369357750318,-544.8728817288618,-408.4552384494602,-624.4498403085114,hourly_window_mean_factor_top_available_analogs,4,4262.173024605263,,4262.173024605263,0.0,202.37914675478137,-118.05450227362114,8.376924884750655e-13,202.37914675478137,-118.05450227362114,8.376924884750655e-13,610.8343852042416,506.39533803489024,544.8728817288619,408.4552384494602,9.43131728358699,610.8343852042416,13.98162901724274,624.4498403085114,16.575101022112516,506.3953380348903,13.153134556379735,544.8728817288618,13.458369357750318,118.0545022736211,3.4219664657327815,-4.55031173365575,0.48481133964226686,610.8343852042416,506.39533803489024,544.8728817288619
experiment_2026_06_14_21_46,SEN_demand_NES,2026-02-02,Constitution Day,H2,H,observance_tier,True,2026-02-02,12,True,True,8,False,2,8,8,pearson,RidgeReg,standard,2,{},2026-02-01 10:00:00,2026-02-03,449.3151777533053,8.94398354739296,305.528068,5.673,,14,24,4,4,8,4,0.06426639524178371,5521.522711174358,5613.437187470915,449.3151777533053,8.94398354739296,-8.94398354739296,-449.3151777533053,200.5888425231154,3.943508969293135,-3.943508969293135,-200.5888425231154,594.4055399709162,11.860927051284529,-11.860927051284529,-594.4055399709162,203.70090230826423,3.933542348437992,-3.397797350332307,-175.69911243716328,608.9245491877215,12.102672386358307,-12.102672386358307,-608.9245491877215,459.6316266531846,9.092992898703454,-8.895613162559254,-449.31517775330536,-200.5888425231154,-594.4055399709162,hourly_window_mean_factor_top_available_analogs,4,4371.069186447367,,4371.069186447367,0.0,-24.889730085952124,14.519009216805367,-2.3934071099287584e-14,-24.889730085952124,14.519009216805367,-2.3934071099287584e-14,175.69911243716328,608.9245491877215,449.3151777533053,200.5888425231154,3.943508969293135,203.70090230826423,3.933542348437992,594.4055399709162,11.860927051284529,608.9245491877215,12.102672386358307,459.6316266531846,9.092992898703454,-14.51900921680533,-0.24174533507377838,0.009966620855143216,-0.1490093513104931,175.69911243716328,608.9245491877215,449.3151777533053
experiment_2026_06_14_21_46,SEN_demand_NES,2026-03-16,Benito Juarez's Birthday,H2,H,observance_tier,True,2026-03-16,12,True,True,7,False,2,8,7,pearson,RidgeReg,standard,2,{},2026-03-15 10:00:00,2026-03-17,488.6564641040907,8.289879809584152,314.837449,5.852,,14,24,4,4,7,4,0.09569338363867826,5386.561019673651,4962.460380507599,488.6564641040907,8.289879809584152,3.2833136967788144,233.35834348424282,621.3708709498429,9.497479759462482,3.4209410040217665,280.1114453274016,411.2397267774019,7.585446505488458,3.2030311008870918,206.08570074240018,638.2232874484596,9.672977407962355,4.9654197709321926,377.94512133671554,393.0296166013286,7.151321653755656,2.157867122106068,149.01605640363582,483.3641269134296,8.080352721094968,3.192228624305167,233.35834348424405,280.1114453274016,206.08570074240018,hourly_window_mean_factor_top_available_analogs,4,5206.2487669078955,,5206.2487669078955,0.0,-97.83367600931395,57.069644338764384,-1.3163739104608172e-12,-97.83367600931395,57.069644338764384,-1.3163739104608172e-12,-377.94512133671554,-149.0160564036358,-233.35834348424413,621.3708709498429,9.497479759462482,638.2232874484596,9.672977407962355,411.2397267774019,7.585446505488458,393.0296166013286,7.151321653755656,483.3641269134296,8.080352721094968,18.21011017607333,0.43412485173280224,-0.17549764849987248,0.20952708848918355,377.94512133671554,149.0160564036358,233.35834348424413
experiment_2026_06_14_21_46,SEN_demand_NES,2026-04-02,Maundy Thursday,H1,G,observance_tier,True,2026-04-02,12,True,True,7,False,2,8,7,pearson,RidgeReg,standard,2,{},2026-04-01 10:00:00,2026-04-03,486.7096783216208,6.4932750149611635,332.934553,6.198,,14,24,4,4,7,4,0.06250034346284672,6990.4012029049845,6622.063949654671,486.7096783216208,6.4932750149611635,6.492579249895963,486.6562786739623,245.5631477095478,3.0401497463069,3.038261241129927,245.41820580876023,627.3784878453301,8.507598088342819,8.507598088342819,627.3784878453301,353.6930540659136,4.433830611296149,4.433830611296149,353.6930540659136,564.218159695325,7.64225565681966,7.64225565681966,564.218159695325,486.65627867396285,6.460204324258366,6.460204324258366,486.65627867396285,245.41820580876023,627.3784878453301,hourly_window_mean_factor_top_available_analogs,4,6480.754960855263,,6480.754960855263,0.0,-108.27484825715335,63.16032815000509,-6.462199196807648e-13,-108.27484825715335,63.16032815000509,-6.462199196807648e-13,-353.6930540659136,-564.2181596953251,-486.6562786739629,245.5631477095478,3.0401497463069,353.6930540659136,4.433830611296149,627.3784878453301,8.507598088342819,564.218159695325,7.64225565681966,486.65627867396285,6.460204324258366,63.16032815000517,0.8653424315231595,-1.3936808649892494,0.033070690702797556,353.6930540659136,564.2181596953251,486.6562786739629
experiment_2026_06_14_21_46,SEN_demand_NES,2026-04-03,Good Friday,H2,G,observance_tier,True,2026-04-03,12,True,True,5,False,2,8,5,pearson,RidgeReg,,2,{},2026-04-02 10:00:00,2026-04-04,265.19384586740927,3.819341305461692,322.718989,5.873,,14,24,4,4,5,4,0.06061087184109065,7283.955178597165,7138.260418808325,265.19384586740927,3.819341305461692,-3.77530497196888,-262.3031707024284,107.62015094530794,1.4246068270577876,-1.3594109614463583,-103.20682966374645,357.11183457196836,5.216269751197303,-5.184576478107016,-355.1093696416596,387.90515635748204,5.346208594458206,-5.346208594458206,-387.90515635748204,189.03534573698036,2.8235929367523984,-2.8235929367523984,-189.03534573698036,262.3031707024283,3.7529776527492764,-3.7529776527492764,-262.3031707024283,-103.20682966374645,-355.1093696416596,hourly_window_mean_factor_top_available_analogs,4,6752.282475131578,,6752.282475131578,0.0,284.69832669373557,-166.07402390467925,-9.573628439715034e-14,284.69832669373557,-166.07402390467925,-9.573628439715034e-14,387.90515635748204,189.03534573698036,262.3031707024283,107.62015094530794,1.4246068270577876,387.90515635748204,5.346208594458206,357.11183457196836,5.216269751197303,189.03534573698036,2.8235929367523984,262.3031707024283,3.7529776527492764,168.076488834988,2.3926768144449047,-3.9216017674004187,0.06636365271241562,387.90515635748204,189.03534573698036,262.3031707024283
experiment_2026_06_14_21_46,SEN_demand_NES,2026-04-04,Holy Saturday,H3,G,observance_tier,True,2026-04-04,12,True,True,5,False,2,9,5,pearson,RidgeReg,,2,{},2026-04-03 10:00:00,2026-04-05,353.9164028112945,5.562960659885813,306.572375,5.708,,14,24,4,4,5,4,0.06318688879961444,6796.616310442873,6642.719924978439,353.9164028112945,5.562960659885813,-5.562960659885813,-353.9164028112945,254.73522552476228,3.7312306085094806,-3.7312306085094806,-254.73522552476228,411.77208956177157,6.631469856522009,-6.631469856522009,-411.77208956177157,440.975635784668,6.561769586117336,-6.561769586117336,-440.975635784668,303.13185024349315,4.85374220582833,-4.85374220582833,-303.13185024349315,353.91640281129446,5.483015451197963,-5.483015451197963,-353.91640281129446,-254.73522552476228,-411.77208956177157,hourly_window_mean_factor_top_available_analogs,4,6110.189575986842,,6110.189575986842,0.0,186.24041025990567,-108.64023931827842,-7.180221329786275e-14,186.24041025990567,-108.64023931827842,-7.180221329786275e-14,440.97563578466793,303.13185024349315,353.91640281129446,254.73522552476228,3.7312306085094806,440.975635784668,6.561769586117336,411.77208956177157,6.631469856522009,303.13185024349315,4.85374220582833,353.91640281129446,5.483015451197963,108.64023931827842,1.777727650693679,-2.8305389776078553,0.0799452086878496,440.97563578466793,303.13185024349315,353.91640281129446
experiment_2026_06_14_21_46,SEN_demand_NES,2026-05-01,Labor Day,H2,F,observance_tier,True,2026-05-01,12,True,True,3,False,2,10,3,pearson,LassoReg,,2,{},2026-04-30 10:00:00,2026-05-02,1097.416950177421,14.340037924470682,345.204102,6.722,,14,24,3,4,3,3,0.060292975330968786,8964.43169175637,8394.704824945098,1097.416950177421,14.340037924470682,-14.340037924470682,-1097.416950177421,982.4775791471177,10.900832498457913,-10.900832498457913,-982.4775791471177,1164.464916611765,16.346241089644796,-16.346241089644796,-1164.464916611765,531.632009511196,5.944223484713731,-5.944223484713731,-531.632009511196,1427.458165566055,20.323696993240926,-20.323696993240926,-1427.458165566055,1097.4169501774224,15.025996226941428,-15.025996226941428,-1097.4169501774224,-982.4775791471177,-1164.464916611765,hourly_window_mean_factor_top_available_analogs,3,6045.138209298246,,6045.138209298246,0.0,-450.8455696359218,262.99324895429027,1.6275168347515558e-12,-450.8455696359218,262.99324895429027,1.6275168347515558e-12,531.632009511196,1427.4581655660552,1097.4169501774227,982.4775791471177,10.900832498457913,531.632009511196,5.944223484713731,1164.464916611765,16.346241089644796,1427.458165566055,20.323696993240926,1097.4169501774224,15.025996226941428,-262.99324895429004,-3.9774559035961303,4.956609013744181,-0.6859583024707465,531.632009511196,1427.4581655660552,1097.4169501774227
experiment_2026_06_14_21_46,SEN_demand_NOR,2025-01-01,New Year's Day,H3,H,observance_tier,True,2025-01-01,12,True,True,2,False,2,6,2,pearson,RidgeReg,,2,{},2024-12-31 10:00:00,2025-01-02,34.72453146527946,1.8341143289432633,79.411325,3.482,,14,24,2,4,2,2,0.09551917728693611,1843.1919065570926,1724.98535706281,34.72453146527946,1.8341143289432633,0.789168140176658,17.286650548170662,40.32716147654454,1.8966565575926382,1.4618602106176604,31.568538595565915,31.45633062537483,1.7976313622311277,0.3967644324194066,8.955549187190096,40.75969934628316,1.9509335505257863,0.5427205408031748,12.44758722504056,34.65682849184052,1.9687454417228925,1.0580546959458232,20.10943748666303,36.90525459610886,1.9621831660186955,0.8681947440511631,17.28665054817054,31.568538595565915,8.955549187190096,hourly_window_mean_factor_top_available_analogs,2,1845.1842310526317,,1845.1842310526317,0.0,19.120951370525354,-11.153888299472934,1.1967035549643792e-13,19.120951370525354,-11.153888299472934,1.1967035549643792e-13,-12.44758722504056,-20.10943748666303,-17.28665054817054,40.32716147654454,1.8966565575926382,40.75969934628316,1.9509335505257863,31.45633062537483,1.7976313622311277,34.65682849184052,1.9687454417228925,36.90525459610886,1.9621831660186955,-3.2004978664656925,-0.17111407949176471,-0.05427699293314814,-0.12806883707543215,12.44758722504056,20.10943748666303,17.28665054817054
experiment_2026_06_14_21_46,SEN_demand_NOR,2025-02-03,Constitution Day,H2,H,observance_tier,True,2025-02-03,12,True,True,2,False,2,6,2,pearson,LassoReg,,2,{},2025-02-02 10:00:00,2025-02-04,24.06234948406324,1.207408863461301,76.235499,3.393,,14,24,2,4,2,2,0.0632666559953959,1947.1562915094564,1930.224214543888,24.06234948406324,1.207408863461301,-0.019165142332140003,0.5841374379113787,29.88032331609848,1.5461192345391621,-1.4229191355598751,-27.446747021860997,20.66853141537602,1.0098278136658816,0.7996913537173723,16.93548670611193,26.250988461352318,1.3405581424401027,-1.1946353706671433,-23.392795205312805,16.569003898180416,0.8105293245363678,0.7023755517962748,14.570681479793175,20.136050842506908,1.0058030995535334,0.003476790888699589,0.5841374379120249,-27.446747021860997,16.93548670611193,hourly_window_mean_factor_top_available_analogs,2,1997.683383815789,,1997.683383815789,0.0,-4.053951816548192,2.364805226318756,-6.462199196807648e-13,-4.053951816548192,2.364805226318756,-6.462199196807648e-13,23.392795205312805,-14.570681479793175,-0.584137437912025,29.88032331609848,1.5461192345391621,26.250988461352318,1.3405581424401027,20.66853141537602,1.0098278136658816,16.569003898180416,0.8105293245363678,20.136050842506908,1.0058030995535334,4.099527517195604,0.19929848912951376,0.20556109209905937,0.20160576390776752,23.392795205312805,14.570681479793175,0.584137437912025
experiment_2026_06_14_21_46,SEN_demand_NOR,2025-03-17,Benito Juarez's Birthday,H2,H,observance_tier,True,2025-03-17,12,True,True,2,False,2,6,2,pearson,LassoReg,,2,{},2025-03-16 10:00:00,2025-03-18,52.941095419215664,2.418028972731008,75.29941,3.359,,14,24,2,4,2,2,0.06384725623713501,2068.0149191117584,2065.43143326324,52.941095419215664,2.418028972731008,2.33807763569298,51.384238782978244,34.64107000399032,1.621822831813505,1.4279572752066216,30.841209433637864,63.61611024476378,2.8824825549328836,2.868981179310022,63.36767257009347,31.150423496952175,1.4672704851002496,1.2848012223396288,27.572555826031184,65.40535095519279,2.9634051433240494,2.956287900747812,65.27438717453099,52.7851145232094,2.4121976376626493,2.340477019229007,51.38423878297843,30.841209433637864,63.36767257009347,hourly_window_mean_factor_top_available_analogs,2,1978.9961899999998,,1978.9961899999998,0.0,3.2686536076066823,-1.906714604437525,-1.8548905101947878e-13,3.2686536076066823,-1.906714604437525,-1.8548905101947878e-13,-27.57255582603118,-65.274387174531,-51.38423878297843,34.64107000399032,1.621822831813505,31.150423496952175,1.4672704851002496,63.61611024476378,2.8824825549328836,65.40535095519279,2.9634051433240494,52.7851145232094,2.4121976376626493,-1.7892407104290058,-0.08092258839116573,0.15455234671325546,0.005831335068358534,27.57255582603118,65.274387174531,51.38423878297843
experiment_2026_06_14_21_46,SEN_demand_NOR,2025-04-17,Maundy Thursday,H1,G,observance_tier,True,2025-04-17,12,True,True,2,False,2,6,2,pearson,LassoReg,,2,{},2025-04-16 10:00:00,2025-04-18,132.65941578012408,4.3742940289434085,76.705368,3.417,,14,24,2,4,2,2,0.054317913629685494,3117.0151084158515,3013.4666838486537,132.65941578012408,4.3742940289434085,-2.3984506085837407,-66.5633244684836,97.96019198912794,2.861742711468247,1.2797624144786754,46.459777326093864,152.90062965820513,5.25661563080392,-4.544074872036817,-132.49346718198714,149.42874286159199,4.3170675103075595,3.615826179946233,128.87622970096066,197.50752969193385,7.073011596294464,-6.5516249199779955,-180.56973106732525,179.79429243865002,6.057663775141394,-2.8057218831638058,-66.56332446848307,46.459777326093864,-132.49346718198714,hourly_window_mean_factor_top_available_analogs,2,2156.6688634210527,,2156.6688634210527,0.0,-82.4164523748668,48.07626388533811,-5.385165997339706e-13,-82.4164523748668,48.07626388533811,-5.385165997339706e-13,-128.87622970096066,180.56973106732525,66.56332446848306,97.96019198912794,2.861742711468247,149.42874286159199,4.3170675103075595,152.90062965820513,5.25661563080392,197.50752969193385,7.073011596294464,179.79429243865002,6.057663775141394,-44.60690003372872,-1.8163959654905435,-1.4553247988393125,-1.683369746197986,128.87622970096066,180.56973106732525,66.56332446848306
experiment_2026_06_14_21_46,SEN_demand_NOR,2025-04-18,Good Friday,H2,G,observance_tier,True,2025-04-18,12,True,True,2,False,2,6,2,pearson,RidgeReg,,2,{},2025-04-17 10:00:00,2025-04-19,426.2040843166002,16.25676986743138,81.319021,3.483,,14,24,2,4,2,2,0.06132570182048191,3086.0313030008106,2977.3100798723485,426.2040843166002,16.25676986743138,-16.25676986743138,-426.2040843166002,340.33957836388834,11.601110236818968,-11.601110236818968,-340.33957836388834,476.2917127890153,18.972571318621956,-18.972571318621956,-476.2917127890153,274.5003752046739,9.537410960366374,-9.537410960366374,-274.5003752046739,514.6979146318903,20.807405704058386,-20.807405704058386,-514.6979146318903,426.2040843166,16.65530237743501,-16.65530237743501,-426.2040843166,-340.33957836388834,-476.2917127890153,hourly_window_mean_factor_top_available_analogs,2,2117.2952134210527,,2117.2952134210527,0.0,-65.83920315921442,38.40620184287485,-1.436044265957255e-13,-65.83920315921442,38.40620184287485,-1.436044265957255e-13,274.5003752046739,514.6979146318902,426.2040843166,340.33957836388834,11.601110236818968,274.5003752046739,9.537410960366374,476.2917127890153,18.972571318621956,514.6979146318903,20.807405704058386,426.2040843166,16.65530237743501,-38.406201842874964,-1.8348343854364302,2.063699276452594,-0.3985325100036299,274.5003752046739,514.6979146318902,426.2040843166
experiment_2026_06_14_21_46,SEN_demand_NOR,2025-04-19,Holy Saturday,H3,G,observance_tier,True,2025-04-19,12,True,True,2,False,2,7,2,pearson,RidgeReg,,2,{},2025-04-18 10:00:00,2025-04-20,195.57324813153645,7.883849552026582,111.385752,4.643,,14,24,2,4,2,2,0.05625584976540841,2622.033896260572,2520.9266377785866,195.57324813153645,7.883849552026582,-7.511178210420185,-187.04861836583532,320.7137565154044,12.852411955504092,-12.852411955504092,-320.7137565154044,122.57461824094678,4.985521483331369,-4.395458525787908,-109.07728777858672,252.91130395715004,10.2248898436622,-10.2248898436622,-252.91130395715004,152.91915417993,6.529017762086146,-6.369310774827354,-148.62871843756815,189.7583672557479,7.890654844772061,-7.789787273871772,-187.04861836583518,-320.7137565154044,-109.07728777858672,hourly_window_mean_factor_top_available_analogs,2,1884.7881530263157,,1884.7881530263157,0.0,-67.80245255825434,39.55143065898144,-1.6753849769501309e-13,-67.80245255825434,39.55143065898144,-1.6753849769501309e-13,252.91130395715004,148.62871843756815,187.04861836583515,320.7137565154044,12.852411955504092,252.91130395715004,10.2248898436622,122.57461824094678,4.985521483331369,152.91915417993,6.529017762086146,189.7583672557479,7.890654844772061,-30.344535938983213,-1.5434962787547768,2.627522111841891,-0.006805292745478475,252.91130395715004,148.62871843756815,187.04861836583515
experiment_2026_06_14_21_46,SEN_demand_NOR,2025-05-01,Labor Day,H2,F,observance_tier,True,2025-05-01,12,True,True,2,False,2,8,2,pearson,RidgeReg,,2,{},2025-04-30 10:00:00,2025-05-02,136.81711567220847,4.7027207215542175,105.907798,4.41,,14,24,2,4,2,2,0.06945787699374333,2814.0140243227543,2791.0571273152914,136.81711567220847,4.7027207215542175,1.2346857613944002,52.04300462461461,214.4216022358818,6.708628430508093,6.708628430508093,214.4216022358818,91.54783184339908,3.532607891331123,-1.9584474622552535,-42.67784398195791,175.946440574749,5.43088361671704,5.270353973913579,171.8753170437514,118.68308939129548,4.492643239952475,-1.242833583876245,-17.859177619882626,139.78011351151517,4.838310747181526,1.1567618321515851,52.04300462461412,214.4216022358818,-42.67784398195791,hourly_window_mean_factor_top_available_analogs,2,2608.6187492105264,,2608.6187492105264,0.0,42.54628519213039,-24.818666362075287,4.906484575353955e-13,42.54628519213039,-24.818666362075287,4.906484575353955e-13,-171.8753170437514,17.859177619882626,-52.04300462461412,214.4216022358818,6.708628430508093,175.946440574749,5.43088361671704,91.54783184339908,3.532607891331123,118.68308939129548,4.492643239952475,139.78011351151517,4.838310747181526,-27.1352575478964,-0.9600353486213518,1.2777448137910534,-0.13559002562730882,171.8753170437514,17.859177619882626,52.04300462461412
experiment_2026_06_14_21_46,SEN_demand_NOR,2025-09-16,Independence Day,H2,H,observance_tier,True,2025-09-16,12,True,True,2,False,2,8,2,pearson,RidgeReg,,2,{},2025-09-15 10:00:00,2025-09-17,150.4461383092611,3.6941839226176496,110.945084,4.504,,14,24,2,4,2,2,0.09159264999715855,4166.767673185861,4049.3457190499284,150.4461383092611,3.6941839226176496,-1.3671031182979292,-64.9675797648079,75.73725647602721,1.814496906651036,0.9216258964639935,35.041241152541325,194.02631937864757,4.790668015264842,-2.7021950435757183,-123.3060586332616,91.18170964971425,2.0291491380049895,1.7939975572057278,81.023439432861,150.1290076301156,3.7402077747974887,-3.7402077747974887,-150.1290076301156,128.41158205838877,3.109817750716042,-1.7012900209015664,-64.96757976480843,35.041241152541325,-123.3060586332616,hourly_window_mean_factor_top_available_analogs,2,3861.0872624999997,,3861.0872624999997,0.0,-45.98219828031967,26.822948996854013,5.504836352836145e-13,-45.98219828031967,26.822948996854013,5.504836352836145e-13,-81.023439432861,150.1290076301156,64.96757976480845,75.73725647602721,1.814496906651036,91.18170964971425,2.0291491380049895,194.02631937864757,4.790668015264842,150.1290076301156,3.7402077747974887,128.41158205838877,3.109817750716042,43.89731174853196,1.0504602404673533,-0.21465223135395362,0.5843661719016078,81.023439432861,150.1290076301156,64.96757976480845
experiment_2026_06_14_21_46,SEN_demand_NOR,2025-11-17,Mexican Revolution Day,H2,F,observance_tier,True,2025-11-17,12,True,True,2,False,2,8,2,pearson,RidgeReg,,2,{},2025-11-16 10:00:00,2025-11-18,91.25611026732594,3.4196516851982226,118.176215,4.536,,14,24,2,4,2,2,0.07549017871138904,2662.4787744675145,2646.416131405879,91.25611026732594,3.4196516851982226,-2.6289528221662413,-73.62132420435647,49.90108444971789,1.822993050354846,-1.26277817219564,-36.66882900174645,115.37987532759729,4.351035888856859,-3.425888034649091,-95.17694640587898,90.06958921236358,3.510115338299254,-3.510115338299254,-90.06958921236358,71.10271788913515,2.9662094915407327,-2.721071148538657,-64.02650294968589,78.09051258716669,3.166595856135977,-3.011771639503087,-73.62132420435663,-36.66882900174645,-95.17694640587898,hourly_window_mean_factor_top_available_analogs,2,2472.405771710526,,2472.405771710526,0.0,53.400760210617136,-31.150443456193084,1.555714621453693e-13,53.400760210617136,-31.150443456193084,1.555714621453693e-13,90.06958921236358,64.02650294968589,73.62132420435663,49.90108444971789,1.822993050354846,90.06958921236358,3.510115338299254,115.37987532759729,4.351035888856859,71.10271788913515,2.9662094915407327,78.09051258716669,3.166595856135977,44.27715743846214,1.3848263973161261,-1.6871222879444079,0.2530558290622458,90.06958921236358,64.02650294968589,73.62132420435663
experiment_2026_06_14_21_46,SEN_demand_NOR,2025-12-24,Christmas Eve,H1,G,observance_tier,True,2025-12-24,12,True,True,2,False,2,8,2,pearson,LassoReg,,2,{},2025-12-23 10:00:00,2025-12-25,77.07701345726713,3.3815481911736627,118.530436,4.465,,14,24,2,4,2,2,0.06411017033655877,2334.7834481034074,2250.405348230241,77.07701345726713,3.3815481911736627,-1.3724246693386184,-31.958379156039175,75.07390500422814,3.1707184692427575,-2.3154212953715563,-53.19816217169302,78.24549338820653,3.5045321956333573,-0.8223433041527383,-19.5685057302411,69.41057928717503,2.9402818537703617,-1.8381487662671012,-41.27540058581111,68.97855004541093,3.064651700562656,-1.168229600099612,-26.523449988671995,69.1377187134293,3.0188312306918106,-1.4150419244771082,-31.95837915603904,-53.19816217169302,-19.5685057302411,hourly_window_mean_factor_top_available_analogs,2,2320.4035689473685,,2320.4035689473685,0.0,-11.922761585881906,6.954944258430895,-1.3762090882090361e-13,-11.922761585881906,6.954944258430895,-1.3762090882090361e-13,41.27540058581111,26.523449988671995,31.958379156039037,75.07390500422814,3.1707184692427575,69.41057928717503,2.9402818537703617,78.24549338820653,3.5045321956333573,68.97855004541093,3.064651700562656,69.1377187134293,3.0188312306918106,9.2669433427956,0.43988049507070137,0.2304366154723958,0.3627169604818521,41.27540058581111,26.523449988671995,31.958379156039037
experiment_2026_06_14_21_46,SEN_demand_NOR,2025-12-25,Christmas Day,H2,H,observance_tier,True,2025-12-25,12,True,True,2,False,2,8,2,pearson,LassoReg,,2,{},2025-12-24 10:00:00,2025-12-26,51.893707120713486,2.458669428671499,121.458925,4.58,,14,24,2,4,2,2,0.09550212748492472,2083.936888921154,1936.3394422756812,51.893707120713486,2.458669428671499,1.0699906162774995,20.522345815688396,40.5701241959385,1.779221411360999,-1.6419707194074886,-37.41000959910626,58.4991304934989,2.855014105435956,2.6519680620937427,54.31621980765195,33.03304108238909,1.459003465761324,-1.2129008739870746,-27.346153981326843,52.508410546333806,2.5285393738144006,2.3295290144285086,48.44563736394659,45.333274428038386,2.1344998287422143,1.0244232660648727,20.522345815687956,-37.41000959910626,54.31621980765195,hourly_window_mean_factor_top_available_analogs,2,1880.5755726315792,,1880.5755726315792,0.0,-10.063855617779414,5.870582443705359,4.4278031533682034e-13,-10.063855617779414,5.870582443705359,4.4278031533682034e-13,27.346153981326847,-48.44563736394659,-20.522345815687952,40.5701241959385,1.779221411360999,33.03304108238909,1.459003465761324,58.4991304934989,2.855014105435956,52.508410546333806,2.5285393738144006,45.333274428038386,2.1344998287422143,5.990719947165097,0.3264747316215555,0.320217945599675,0.32416959992928485,27.346153981326847,48.44563736394659,20.522345815687952
experiment_2026_06_14_21_46,SEN_demand_NOR,2025-12-31,New Year's Eve,H1,G,observance_tier,True,2025-12-31,12,True,True,2,False,2,8,2,pearson,LassoReg,,2,{},2025-12-30 10:00:00,2026-01-01,42.34698017910791,1.8206495352379313,127.168316,4.798,,14,24,2,4,2,2,0.06655316860939135,2284.5768851936505,2211.0530863787867,42.34698017910791,1.8206495352379313,1.6255447164378385,37.97150243792899,50.34075826658496,2.025638478301507,2.025638478301507,50.34075826658496,37.68394296141296,1.7010726517841785,1.3921566886840313,30.75610320454634,30.38693608993312,1.2190451580320054,1.1408637852031813,28.648554560357884,60.393911959410595,2.724990015991466,1.9910648144891727,43.40988869984469,49.338710323287316,2.1701682262169273,1.677832856331176,37.9715024379285,50.34075826658496,30.75610320454634,hourly_window_mean_factor_top_available_analogs,2,2145.1273688157894,,2145.1273688157894,0.0,21.692203706227083,-12.653785495298356,4.906484575353955e-13,21.692203706227083,-12.653785495298356,4.906484575353955e-13,-28.64855456035788,-43.40988869984469,-37.9715024379285,50.34075826658496,2.025638478301507,30.38693608993312,1.2190451580320054,37.68394296141296,1.7010726517841785,60.393911959410595,2.724990015991466,49.338710323287316,2.1701682262169273,-22.709968997997635,-1.0239173642072874,0.8065933202695017,-0.349518690978996,28.64855456035788,43.40988869984469,37.9715024379285
experiment_2026_06_14_21_46,SEN_demand_NOR,2026-01-01,New Year's Day,H3,H,observance_tier,True,2026-01-01,12,True,True,2,False,2,8,2,pearson,LassoReg,,2,{},2025-12-31 10:00:00,2026-01-02,73.40567839394153,3.703080086793218,128.692035,4.849,,14,24,2,4,2,2,0.09051208951164946,2138.647778657099,2022.8594430112007,73.40567839394153,3.703080086793218,-3.703080086793218,-73.40567839394153,46.1279669072113,2.0100130930394355,-2.0100130930394355,-46.1279669072113,89.31767676120084,4.690702499816255,-4.690702499816255,-89.31767676120084,71.44165765552007,3.108032567181504,-3.108032567181504,-71.44165765552007,74.55135715802002,3.9051893669342714,-3.9051893669342714,-74.55135715802002,73.40567839394109,3.611500019656935,-3.611500019656935,-73.40567839394109,-46.1279669072113,-89.31767676120084,hourly_window_mean_factor_top_available_analogs,2,1982.468895921053,,1982.468895921053,0.0,25.313690748308773,-14.76631960318081,-4.367967975619984e-13,25.313690748308773,-14.76631960318081,-4.367967975619984e-13,71.44165765552007,74.55135715802004,73.40567839394109,46.1279669072113,2.0100130930394355,71.44165765552007,3.108032567181504,89.31767676120084,4.690702499816255,74.55135715802002,3.9051893669342714,73.40567839394109,3.611500019656935,14.766319603180818,0.7855131328819835,-1.0980194741420686,0.09158006713628275,71.44165765552007,74.55135715802004,73.40567839394109
experiment_2026_06_14_21_46,SEN_demand_NOR,2026-02-02,Constitution Day,H2,H,observance_tier,True,2026-02-02,12,True,True,7,False,2,8,7,pearson,PCR,standard,4,{},2026-02-01 10:00:00,2026-02-03,55.302078184446884,2.765748142117458,107.542889,4.26,,14,24,4,4,7,4,0.06397700667181916,2043.183919061593,2015.2597307727785,55.302078184446884,2.765748142117458,-0.24016504821682397,-3.121906430013891,70.85114186673884,3.638229407906643,-3.170180573928499,-60.54681541384587,46.23179103644325,2.256800737073766,1.4690106751149863,30.375957143888098,59.255804910654675,3.0156697112476882,-2.8710189441657854,-56.08846223886591,37.09797664477204,1.8094497566989853,1.340314120203649,27.775251125149378,45.261387058518274,2.253846582059034,-0.21122964035351077,-3.1219064300141484,-60.54681541384587,30.375957143888098,hourly_window_mean_factor_top_available_analogs,4,1969.974650131579,,1969.974650131579,0.0,-4.458353174979964,2.6007060187387196,2.5729126431734153e-13,-4.458353174979964,2.6007060187387196,2.5729126431734153e-13,56.08846223886591,-27.775251125149378,3.121906430014148,70.85114186673884,3.638229407906643,59.255804910654675,3.0156697112476882,46.23179103644325,2.256800737073766,37.09797664477204,1.8094497566989853,45.261387058518274,2.253846582059034,9.133814391671208,0.4473509803747808,0.6225596966589548,0.511901560058424,56.08846223886591,27.775251125149378,3.121906430014148
experiment_2026_06_14_21_46,SEN_demand_NOR,2026-03-16,Benito Juarez's Birthday,H2,H,observance_tier,True,2026-03-16,12,True,True,2,False,2,8,2,pearson,LassoReg,,2,{},2026-03-15 10:00:00,2026-03-17,175.52941403210653,7.228214736024007,92.479155,3.644,,14,24,2,4,2,2,0.09401571401715891,2627.4779482364734,2559.498928594734,175.52941403210653,7.228214736024007,-6.663654524047604,-162.58316718384125,305.4260011937396,12.704064155827398,-12.704064155827398,-305.4260011937396,99.7564048544873,4.0339692411386965,-3.1400822388427265,-79.25818067806722,337.3064212485161,14.113733898750837,-14.113733898750837,-337.3064212485161,110.14873781623214,4.392384515365467,-2.69719911646108,-60.66126897944844,193.83841065970518,7.973934288191657,-6.903290878357308,-162.5831671838418,-305.4260011937396,-79.25818067806722,hourly_window_mean_factor_top_available_analogs,2,3929.2570219736845,,3929.2570219736845,0.0,31.88042005477655,-18.596911698618783,5.504836352836145e-13,31.88042005477655,-18.596911698618783,5.504836352836145e-13,337.30642124851613,60.66126897944844,162.5831671838418,305.4260011937396,12.704064155827398,337.3064212485161,14.113733898750837,99.7564048544873,4.0339692411386965,110.14873781623214,4.392384515365467,193.83841065970518,7.973934288191657,-10.392332961744842,-0.3584152742267701,-1.4096697429234393,-0.7457195521676496,337.30642124851613,60.66126897944844,162.5831671838418
experiment_2026_06_14_21_46,SEN_demand_NOR,2026-04-02,Maundy Thursday,H1,G,observance_tier,True,2026-04-02,12,True,True,6,False,2,8,6,pearson,RidgeReg,standard,2,{},2026-04-01 10:00:00,2026-04-03,98.58348486686513,3.2272489161201396,77.065178,3.116,,14,24,4,4,6,4,0.06999736957121383,3079.513617843006,2911.2710203123734,98.58348486686513,3.2272489161201396,-1.887246826602369,-55.75780284300626,119.06919075266235,3.6232365704614087,-3.6232365704614087,-119.06919075266235,86.63348976681675,2.996256117754399,-0.8745861426845952,-18.826159895706876,29.487900049308173,0.9324053281209171,-0.6578878914554954,-20.28363048078274,92.14261314190922,3.461718336080272,-2.9731242952713237,-76.45107005430303,69.05929779200358,2.5298661752531415,-2.1201424622865446,-55.75780284300608,-119.06919075266235,-18.826159895706876,hourly_window_mean_factor_top_available_analogs,4,2536.839840460526,,2536.839840460526,0.0,-98.7855602718796,57.62491015859615,-1.795055332446569e-13,-98.7855602718796,57.62491015859615,-1.795055332446569e-13,20.283630480782747,76.45107005430303,55.75780284300608,119.06919075266235,3.6232365704614087,29.487900049308173,0.9324053281209171,86.63348976681675,2.996256117754399,92.14261314190922,3.461718336080272,69.05929779200358,2.5298661752531415,-5.5091233750924715,-0.465462218325873,2.6908312423404914,0.6973827408669981,20.283630480782747,76.45107005430303,55.75780284300608
experiment_2026_06_14_21_46,SEN_demand_NOR,2026-04-03,Good Friday,H2,G,observance_tier,True,2026-04-03,12,True,True,6,False,2,8,6,pearson,RidgeReg,standard,2,{},2026-04-02 10:00:00,2026-04-04,105.34237184284154,3.7907541642421743,77.857671,3.083,,14,24,4,4,6,4,0.06198666804333428,2762.742199273609,2698.907127183192,105.34237184284154,3.7907541642421743,0.6039566849620481,28.898932305338924,140.17179074270047,4.550460932622269,3.0661671467986302,101.89408142853465,85.02521081792383,3.347591882687117,-0.8323327511092914,-13.681571349858586,138.1524734445139,4.5595430710789255,2.0909417042970513,73.7876618817739,104.07951272094856,3.9839039323878276,-0.3526337027374678,2.713840052417671,116.63270877699897,4.195981509800337,0.5476309209068286,28.898932305338384,101.89408142853465,-13.681571349858586,hourly_window_mean_factor_top_available_analogs,4,2216.0972006578945,,2216.0972006578945,0.0,28.10641954676076,-16.395411402276256,5.385165997339706e-13,28.10641954676076,-16.395411402276256,5.385165997339706e-13,-73.78766188177389,-2.7138400524176696,-28.898932305338384,140.17179074270047,4.550460932622269,138.1524734445139,4.5595430710789255,85.02521081792383,3.347591882687117,104.07951272094856,3.9839039323878276,116.63270877699897,4.195981509800337,-19.054301903024722,-0.6363120497007104,-0.009082138456656175,-0.40522734555816253,73.78766188177389,2.7138400524176696,28.898932305338384
experiment_2026_06_14_21_46,SEN_demand_NOR,2026-04-04,Holy Saturday,H3,G,observance_tier,True,2026-04-04,12,True,True,6,False,2,9,6,pearson,PCR,,3,{},2026-04-03 10:00:00,2026-04-05,140.9343512286081,5.0659785043289505,78.322011,3.093,,14,24,4,4,6,4,0.061111560904119566,2621.807171218259,2559.127237645361,140.9343512286081,5.0659785043289505,3.245329633097648,97.28311983437197,114.74187844522764,4.341562862998969,-0.5110636445502376,-1.6111552003706688,156.21329368558006,5.488554295104772,5.436559045058914,154.97144693797185,134.45393196442757,5.189385401725163,-1.7390050178062537,-32.139481722894125,185.21389579552866,6.318334196549498,5.767364711686693,172.7796374094447,166.51285648933356,5.902405693193165,3.001860074505082,97.2831198343725,-1.6111552003706688,154.97144693797185,hourly_window_mean_factor_top_available_analogs,4,2262.1322009210526,,2262.1322009210526,0.0,30.528326522523457,-17.80819047147285,-5.265495641843269e-13,30.528326522523457,-17.80819047147285,-5.265495641843269e-13,32.139481722894125,-172.7796374094447,-97.2831198343725,114.74187844522764,4.341562862998969,134.45393196442757,5.189385401725163,156.21329368558006,5.488554295104772,185.21389579552866,6.318334196549498,166.51285648933356,5.902405693193165,-29.000602109948602,-0.8297799014447254,-0.8478225387261942,-0.8364271888642145,32.139481722894125,172.7796374094447,97.2831198343725
experiment_2026_06_14_21_46,SEN_demand_NOR,2026-05-01,Labor Day,H2,F,observance_tier,True,2026-05-01,12,True,True,10,False,2,10,10,pearson,RidgeReg,standard,2,{},2026-04-30 10:00:00,2026-05-02,171.26076833179445,5.394392202001732,103.566462,4.179,,14,24,4,4,10,4,0.07667260534512695,3405.6692702081373,3316.2291993046492,171.26076833179445,5.394392202001732,-4.916215065860456,-155.9084383660324,113.18561023547234,3.2149147023492852,-1.917005332822966,-71.51500032840393,205.13794388798237,6.665754076798993,-6.665754076798993,-205.13794388798237,81.71007178125751,2.310786661748011,0.4442994388126997,16.06740854105994,256.2276823951692,8.667092002823566,-8.667092002823566,-256.2276823951692,191.93172059004385,6.3252952982167825,-5.310263576957573,-155.9084383660322,-71.51500032840393,-205.13794388798237,hourly_window_mean_factor_top_available_analogs,4,2542.5455041447367,,2542.5455041447367,0.0,-87.58240886946386,51.08973850718684,-2.6327478209216345e-13,-87.58240886946386,51.08973850718684,-2.6327478209216345e-13,-16.067408541059933,256.2276823951692,155.90843836603216,113.18561023547234,3.2149147023492852,81.71007178125751,2.310786661748011,205.13794388798237,6.665754076798993,256.2276823951692,8.667092002823566,191.93172059004385,6.3252952982167825,-51.08973850718684,-2.001337926024573,0.9041280406012744,-0.9309030962150509,16.067408541059933,256.2276823951692,155.90843836603216
experiment_2026_06_14_21_46,SEN_demand_NTE,2025-01-01,New Year's Day,H3,H,observance_tier,True,2025-01-01,12,True,True,2,False,2,6,2,pearson,LassoReg,,2,{},2024-12-31 10:00:00,2025-01-02,54.27735123510655,2.3451133941262343,129.059609,4.488,,14,24,2,4,2,2,0.08054979692761956,2185.2904312880864,2083.623221512093,54.27735123510655,2.3451133941262343,2.264683234242963,52.505632922439375,74.51978390761194,3.0629142888369523,2.9745084538364597,72.29522338163754,42.46926550947839,1.9263962055449824,1.8506185228134242,40.961705154573785,63.216590748213385,2.5368696972155393,2.376366282504651,59.569919603297976,56.01824755983048,2.5327965124665783,2.122340516080723,48.384799025272606,58.67026873449786,2.5342971594793537,2.2159289563421702,52.50563292243985,72.29522338163754,40.961705154573785,hourly_window_mean_factor_top_available_analogs,2,2282.093094868421,,2282.093094868421,0.0,12.725303778339562,-7.423093870698826,-4.726979042109298e-13,12.725303778339562,-7.423093870698826,-4.726979042109298e-13,-59.569919603297976,-48.38479902527261,-52.50563292243985,74.51978390761194,3.0629142888369523,63.216590748213385,2.5368696972155393,42.46926550947839,1.9263962055449824,56.01824755983048,2.5327965124665783,58.67026873449786,2.5342971594793537,-13.548982050352087,-0.606400306921596,0.5260445916214129,-0.18918376535311943,59.569919603297976,48.38479902527261,52.50563292243985
experiment_2026_06_14_21_46,SEN_demand_NTE,2025-02-03,Constitution Day,H2,H,observance_tier,True,2025-02-03,12,True,True,2,False,2,6,2,pearson,LassoReg,,2,{},2025-02-02 10:00:00,2025-02-04,90.41849533995351,3.558021945923752,113.495784,4.105,,14,24,2,4,2,2,0.056435380481658214,2669.1939474452165,2674.305267363992,90.41849533995351,3.558021945923752,-3.558021945923752,-90.41849533995351,89.24213472731594,3.582238178203228,-3.582238178203228,-89.24213472731594,91.10470569732541,3.54389581042739,-3.54389581042739,-91.10470569732541,139.65315684366914,5.574252683742128,-5.574252683742128,-139.65315684366914,62.62315817132926,2.4488548163434567,-2.413074022115873,-61.698276129452346,91.00263136640184,3.600317188542967,-3.5777187921887035,-90.41849533995327,-89.24213472731594,-91.10470569732541,hourly_window_mean_factor_top_available_analogs,2,2405.6876596052634,,2405.6876596052634,0.0,50.41102211635319,-29.406429567873072,-2.3934071099287584e-13,50.41102211635319,-29.406429567873072,-2.3934071099287584e-13,139.65315684366914,61.69827612945234,90.41849533995327,89.24213472731594,3.582238178203228,139.65315684366914,5.574252683742128,91.10470569732541,3.54389581042739,62.62315817132926,2.4488548163434567,91.00263136640184,3.600317188542967,28.481547525996156,1.0950409940839334,-1.9920145055389002,-0.042295242619215134,139.65315684366914,61.69827612945234,90.41849533995327
experiment_2026_06_14_21_46,SEN_demand_NTE,2025-03-17,Benito Juarez's Birthday,H2,H,observance_tier,True,2025-03-17,12,True,True,2,False,2,6,2,pearson,LassoReg,,2,{},2025-03-16 10:00:00,2025-03-18,153.57092891678752,5.539806138078753,84.379499,3.09,,14,24,2,4,2,2,0.056435380481658214,2669.0781770448643,2632.689900801633,153.57092891678752,5.539806138078753,2.099225635118687,65.9303440077673,130.22145129122205,5.059374053326012,-4.279344454708453,-107.66013631897574,167.19145753170073,5.820058187517852,5.820058187517852,167.19145753170073,112.90843895380064,4.3844735603586775,-3.489239976351164,-86.92718716309494,155.09723719077024,5.396222409542422,5.396222409542422,155.09723719077024,139.55399573504465,5.023472833527357,2.1226310042132055,65.93034400776729,-107.66013631897574,167.19145753170073,hourly_window_mean_factor_top_available_analogs,2,2405.6876596052634,,2405.6876596052634,0.0,-20.732949155880792,12.094220340930482,1.1967035549643792e-14,-20.732949155880792,12.094220340930482,1.1967035549643792e-14,86.92718716309496,-155.09723719077024,-65.93034400776729,130.22145129122205,5.059374053326012,112.90843895380064,4.3844735603586775,167.19145753170073,5.820058187517852,155.09723719077024,5.396222409542422,139.55399573504465,5.023472833527357,12.094220340930491,0.42383577797543026,0.6749004929673346,0.516333304551396,86.92718716309496,155.09723719077024,65.93034400776729
experiment_2026_06_14_21_46,SEN_demand_NTE,2025-04-17,Maundy Thursday,H1,G,observance_tier,True,2025-04-17,12,True,True,2,False,2,6,2,pearson,RidgeReg,,2,{},2025-04-16 10:00:00,2025-04-18,102.59644485560014,2.5711891499397934,91.029805,3.337,,14,24,2,4,2,2,0.044407743287326315,3935.0059462656095,3801.2092125757586,102.59644485560014,2.5711891499397934,1.1948374078373742,49.66291583965351,115.187741504712,2.7895578539536037,0.14204110342508597,12.375154551788,95.25152181028488,2.4438074059317376,1.8089685854112088,71.41410992424171,119.32534025116463,2.8783904188953437,0.3445138068448587,20.940375301760405,93.74267073657965,2.4020842880900695,1.6736231001882587,66.41773115342487,103.16786476826886,2.577565494176223,1.183951255272269,49.66291583965375,12.375154551788,71.41410992424171,hourly_window_mean_factor_top_available_analogs,2,3060.4024928947365,,3060.4024928947365,0.0,-8.565220749972402,4.9963787708168566,-2.3934071099287584e-13,-8.565220749972402,4.9963787708168566,-2.3934071099287584e-13,-20.940375301760405,-66.41773115342485,-49.66291583965375,115.187741504712,2.7895578539536037,119.32534025116463,2.8783904188953437,95.25152181028488,2.4438074059317376,93.74267073657965,2.4020842880900695,103.16786476826886,2.577565494176223,1.5088510737052303,0.041723117841668156,-0.08883256494174008,-0.006376344236429521,20.940375301760405,66.41773115342485,49.66291583965375
experiment_2026_06_14_21_46,SEN_demand_NTE,2025-04-18,Good Friday,H2,G,observance_tier,True,2025-04-18,12,True,True,2,False,2,6,2,pearson,RidgeReg,,2,{},2025-04-17 10:00:00,2025-04-19,95.18946845602586,3.009599986949396,91.236014,3.245,,14,24,2,4,2,2,0.10857554952758974,3400.1124789779265,3066.5628290970076,95.18946845602586,3.009599986949396,-1.8827150000246313,-55.68722845161053,80.07488164231447,2.0620550946797294,-1.156360995207473,-43.03350448807266,104.00631076402418,3.5623345074400348,-2.3064215028346404,-63.068567430340956,80.74641202514447,2.026359558954616,0.9090232646498649,38.18632175859573,138.1239441217513,4.782735531256609,-3.948784516109686,-110.44679940756443,116.98485334931719,3.767228594092716,-2.1590658600403776,-55.687228451610686,-43.03350448807266,-63.068567430340956,hourly_window_mean_factor_top_available_analogs,2,2912.4286523684214,,2912.4286523684214,0.0,-81.21982624666839,47.37823197722347,1.555714621453693e-13,-81.21982624666839,47.37823197722347,1.555714621453693e-13,-38.18632175859573,110.44679940756443,55.687228451610686,80.07488164231447,2.0620550946797294,80.74641202514447,2.026359558954616,104.00631076402418,3.5623345074400348,138.1239441217513,4.782735531256609,116.98485334931719,3.767228594092716,-34.117633357727115,-1.2204010238165743,0.03569553572511319,-0.75762860714332,38.18632175859573,110.44679940756443,55.687228451610686
experiment_2026_06_14_21_46,SEN_demand_NTE,2025-04-19,Holy Saturday,H3,G,observance_tier,True,2025-04-19,12,True,True,2,False,2,7,2,pearson,PLS,,2,{},2025-04-18 10:00:00,2025-04-20,227.9764200308853,7.452263354164669,81.076048,2.986,,14,24,2,4,2,2,0.0715835212385856,3298.834492662464,3406.644639257013,227.9764200308853,7.452263354164669,-7.452263354164669,-227.9764200308853,221.12042350038092,7.708870970211351,-7.708870970211351,-221.12042350038092,231.9757513403462,7.302575578137435,-7.302575578137435,-231.9757513403462,231.7084773677854,8.09257970398387,-8.09257970398387,-231.7084773677854,225.79938658436012,7.145993853972605,-7.145993853972605,-225.79938658436012,227.9764200308852,7.4947360092399125,-7.4947360092399125,-227.9764200308852,-221.12042350038092,-231.9757513403462,hourly_window_mean_factor_top_available_analogs,2,2849.4785069736845,,2849.4785069736845,0.0,10.588053867404467,-6.17636475598611,-1.0770331994679413e-13,10.588053867404467,-6.17636475598611,-1.0770331994679413e-13,231.70847736778538,225.7993865843601,227.97642003088518,221.12042350038092,7.708870970211351,231.7084773677854,8.09257970398387,231.9757513403462,7.302575578137435,225.79938658436012,7.145993853972605,227.9764200308852,7.4947360092399125,6.1763647559860715,0.15658172416482952,-0.3837087337725178,-0.04247265507524389,231.70847736778538,225.7993865843601,227.97642003088518
experiment_2026_06_14_21_46,SEN_demand_NTE,2025-05-01,Labor Day,H2,F,observance_tier,True,2025-05-01,12,True,True,2,False,2,8,2,pearson,RidgeReg,,2,{},2025-04-30 10:00:00,2025-05-02,281.2892233158074,7.541115984087891,102.025821,3.714,,14,24,2,4,2,2,0.05606432100881888,4129.8003152411775,4065.331268858657,281.2892233158074,7.541115984087891,-7.443304547711611,-277.0383923464398,152.70612881378014,3.776769743915669,-3.5112815594657625,-141.16815903978224,356.2960284419901,9.736984624188352,-9.736984624188352,-356.2960284419901,312.261569280178,7.814636882890396,-7.814636882890396,-312.261569280178,256.49153913509394,7.065527162938206,-7.065527162938206,-256.49153913509394,277.0383923464408,7.341514954499539,-7.341514954499539,-277.0383923464408,-141.16815903978224,-356.2960284419901,hourly_window_mean_factor_top_available_analogs,2,3320.2094925,,3320.2094925,0.0,171.09341024039577,-99.80448930689607,9.21461737322572e-13,171.09341024039577,-99.80448930689607,9.21461737322572e-13,312.26156928017804,256.491539135094,277.03839234644073,152.70612881378014,3.776769743915669,312.261569280178,7.814636882890396,356.2960284419901,9.736984624188352,256.49153913509394,7.065527162938206,277.0383923464408,7.341514954499539,99.80448930689613,2.671457461250146,-4.037867138974727,0.19960102958835169,312.26156928017804,256.491539135094,277.03839234644073
experiment_2026_06_14_21_46,SEN_demand_NTE,2025-09-16,Independence Day,H2,H,observance_tier,True,2025-09-16,12,True,True,2,False,2,8,2,pearson,RidgeReg,,2,{},2025-09-15 10:00:00,2025-09-17,294.48462373604053,8.117633698902774,118.595777,4.071,,14,24,2,4,2,2,0.11269796975325497,3645.3075478430947,3754.341086577107,294.48462373604053,8.117633698902774,-1.3257621767181769,-35.7916381062522,357.2293917731345,9.379733572257427,8.954120521584068,341.2071621294982,257.8835090477357,7.3814087727792215,-7.322360417394486,-255.70760491043998,504.77321303515447,13.24107878151528,13.24107878151528,504.77321303515447,390.93629600116054,11.089934440912842,-9.915025179870064,-351.1211346054065,432.8762128031582,11.882461303240053,-1.3838289835702005,-35.7916381062525,341.2071621294982,-255.70760491043998,hourly_window_mean_factor_top_available_analogs,2,2463.551494342106,,2463.551494342106,0.0,-163.56605090565606,95.4135296949665,2.9917588874109484e-13,-163.56605090565606,95.4135296949665,2.9917588874109484e-13,-504.7732130351543,351.1211346054065,35.7916381062525,357.2293917731345,9.379733572257427,504.77321303515447,13.24107878151528,257.8835090477357,7.3814087727792215,390.93629600116054,11.089934440912842,432.8762128031582,11.882461303240053,-133.05278695342486,-3.7085256681336203,-3.8613452092578537,-3.7648276043372793,504.7732130351543,351.1211346054065,35.7916381062525
experiment_2026_06_14_21_46,SEN_demand_NTE,2025-11-17,Mexican Revolution Day,H2,F,observance_tier,True,2025-11-17,12,True,True,7,False,2,8,7,pearson,RidgeReg,standard,2,{},2025-11-16 10:00:00,2025-11-18,41.087067580149956,1.7932245710731067,131.819806,4.243,,14,24,4,4,7,4,0.06836864342906725,2425.0288692842655,2417.8039024860464,41.087067580149956,1.7932245710731067,-1.3293339432612772,-29.245389284265467,64.01502018088756,2.8610900191444455,-2.080486487411404,-44.05565808121274,27.71242856305302,1.1703030596981596,-0.8911616258403693,-20.606065819379562,82.42392363656943,3.4986658448589236,-0.16509077138930772,3.0310239511813637,71.47143270509191,3.0950566044498955,-2.074604377608768,-48.073297004942866,75.50656094300469,3.2437547456532214,-1.3710993647910719,-29.245389284265517,-44.05565808121274,-20.606065819379562,hourly_window_mean_factor_top_available_analogs,4,2413.163099078947,,2413.163099078947,0.0,-47.0866820323941,27.467231185563303,4.786814219857517e-14,-47.0866820323941,27.467231185563303,4.786814219857517e-14,-3.0310239511813606,48.073297004942866,29.245389284265514,64.01502018088756,2.8610900191444455,82.42392363656943,3.4986658448589236,27.71242856305302,1.1703030596981596,71.47143270509191,3.0950566044498955,75.50656094300469,3.2437547456532214,-43.75900414203889,-1.9247535447517359,-0.6375758257144781,-1.4505301745801147,3.0310239511813606,48.073297004942866,29.245389284265514
experiment_2026_06_14_21_46,SEN_demand_NTE,2025-12-24,Christmas Eve,H1,G,observance_tier,True,2025-12-24,12,True,True,7,False,2,8,7,pearson,RidgeReg,standard,2,{},2025-12-23 10:00:00,2025-12-25,90.88489998707163,3.5854742288392623,130.239643,4.176,,14,24,4,4,7,4,0.06847056888323826,2600.220532872285,2532.153590073844,90.88489998707163,3.5854742288392623,-1.036700810539,-18.904134451231954,83.91671095732626,2.9723656551938133,1.6992626757270177,51.745743758960124,94.94967692108976,3.943120896799108,-2.632679510860844,-60.11656340717733,114.47461400200427,4.316233419475812,-2.5801324096103206,-63.37052267658159,85.47865282837931,3.4846331861649946,0.11513470133690928,7.034592013554932,96.16137536603061,3.7910122194900326,-0.8778584448015437,-18.904134451232206,51.745743758960124,-60.11656340717733,hourly_window_mean_factor_top_available_analogs,4,2938.322894013158,,2938.322894013158,0.0,115.1162664355417,-67.15115542073227,2.5130774654251967e-13,115.1162664355417,-67.15115542073227,2.5130774654251967e-13,63.37052267658158,-7.034592013554935,18.904134451232206,83.91671095732626,2.9723656551938133,114.47461400200427,4.316233419475812,94.94967692108976,3.943120896799108,85.47865282837931,3.4846331861649946,96.16137536603061,3.7910122194900326,9.47102409271045,0.4584877106341132,-1.3438677642819985,-0.20553799065077039,63.37052267658158,7.034592013554935,18.904134451232206
experiment_2026_06_14_21_46,SEN_demand_NTE,2025-12-25,Christmas Day,H2,H,observance_tier,True,2025-12-25,12,True,True,7,False,2,8,7,pearson,RidgeReg,standard,2,{},2025-12-24 10:00:00,2025-12-26,144.22719623820643,6.78798768298087,133.637936,4.306,,14,24,4,4,7,4,0.05898825721201123,2347.773592703152,2292.5071762265798,144.22719623820643,6.78798768298087,-6.30495999263155,-132.1476195452576,58.47049697242301,2.4071836723085602,-1.0961085127889745,-25.683074520133363,194.25193747658008,9.343456689206386,-9.343456689206386,-194.25193747658008,73.47402754112854,3.0086653950077675,0.7509716882255532,19.607306656977308,220.67132649656105,10.726746851843961,-10.726746851843961,-220.67132649656105,166.44074267087538,7.8832431572201,-6.49811370550256,-132.14761954525747,-25.683074520133363,-194.25193747658008,hourly_window_mean_factor_top_available_analogs,4,2477.2583613157894,,2477.2583613157894,0.0,-45.29038117711067,26.41938901998098,-1.555714621453693e-13,-45.29038117711067,26.41938901998098,-1.555714621453693e-13,-19.607306656977304,220.67132649656105,132.14761954525747,58.47049697242301,2.4071836723085602,73.47402754112854,3.0086653950077675,194.25193747658008,9.343456689206386,220.67132649656105,10.726746851843961,166.44074267087538,7.8832431572201,-26.41938901998097,-1.383290162637575,-0.6014817226992073,-1.09525547423923,19.607306656977304,220.67132649656105,132.14761954525747
experiment_2026_06_14_21_46,SEN_demand_NTE,2025-12-31,New Year's Eve,H1,G,observance_tier,True,2025-12-31,12,True,True,7,False,2,8,7,pearson,RidgeReg,standard,2,{},2025-12-30 10:00:00,2026-01-01,330.8996194747492,12.290594316658483,144.404909,4.82,,14,24,4,4,7,4,0.06758084649823771,2403.8015007884087,2224.9096753362282,330.8996194747492,12.290594316658483,12.290594316658483,330.8996194747492,238.55363343642438,8.097708014799112,8.097708014799112,238.55363343642438,384.76811133043856,14.736444659409786,14.736444659409786,384.76811133043856,332.09124802289443,11.175452977854688,11.175452977854688,332.09124802289443,330.20450282166456,12.522394762633908,12.522394762633908,330.20450282166456,330.8996194747492,12.02615305245209,12.02615305245209,330.8996194747492,238.55363343642438,384.76811133043856,hourly_window_mean_factor_top_available_analogs,4,2938.2522157236845,,2938.2522157236845,0.0,-93.53761458647,54.563608508774024,-8.975276662232845e-14,-93.53761458647,54.563608508774024,-8.975276662232845e-14,-332.0912480228944,-330.2045028216645,-330.89961947474933,238.55363343642438,8.097708014799112,332.09124802289443,11.175452977854688,384.76811133043856,14.736444659409786,330.20450282166456,12.522394762633908,330.8996194747492,12.02615305245209,54.563608508773996,2.2140498967758777,-3.0777449630555758,0.26444126420639336,332.0912480228944,330.2045028216645,330.89961947474933
experiment_2026_06_14_21_46,SEN_demand_NTE,2026-01-01,New Year's Day,H3,H,observance_tier,True,2026-01-01,12,True,True,7,False,2,8,7,pearson,RidgeReg,standard,2,{},2025-12-31 10:00:00,2026-01-02,130.6663219263418,5.762208914058483,158.433244,5.316,,14,24,4,4,7,4,0.08289032128682543,2454.075929821079,2325.577366109638,130.6663219263418,5.762208914058483,-5.762208914058483,-130.6663219263418,104.69641975497636,4.182319007412494,-4.182319007412494,-104.69641975497636,145.815431526305,6.683811359601978,-6.683811359601978,-145.815431526305,99.74565067831632,4.014100307517762,-4.014100307517762,-99.74565067831632,148.70338015435755,6.882880521638917,-6.882880521638917,-148.70338015435755,130.66632192634236,5.825961495383754,-5.825961495383754,-130.66632192634236,-104.69641975497636,-145.815431526305,hourly_window_mean_factor_top_available_analogs,4,2309.8772370394736,,2309.8772370394736,0.0,-4.950769076660046,2.887948628052565,5.504836352836145e-13,-4.950769076660046,2.887948628052565,5.504836352836145e-13,99.74565067831631,148.70338015435755,130.66632192634233,104.69641975497636,4.182319007412494,99.74565067831632,4.014100307517762,145.815431526305,6.683811359601978,148.70338015435755,6.882880521638917,130.66632192634236,5.825961495383754,-2.8879486280525555,-0.19906916203693914,0.16821869989473193,-0.06375258132527062,99.74565067831631,148.70338015435755,130.66632192634233
experiment_2026_06_14_21_46,SEN_demand_NTE,2026-02-02,Constitution Day,H2,H,observance_tier,True,2026-02-02,12,True,True,2,False,2,8,2,pearson,LassoReg,,2,{},2026-02-01 10:00:00,2026-02-03,102.94080572249233,4.144014360795623,155.733978,5.472,,14,24,2,4,2,2,0.08109764067023519,2578.5905191749225,2616.1725442955953,102.94080572249233,4.144014360795623,-1.2661879347435459,-27.561711017027644,63.464572372114425,2.5656434818271796,-0.6278052039835591,-9.328433253768708,125.96860851021277,5.0647307068605505,-1.6385778610202044,-38.19778971226202,69.20512953157822,2.602750750529851,2.410362832222603,64.88464751713192,187.34183368014214,7.491382331442957,-3.3545735629074733,-81.4887534952875,143.81778478330278,5.690307538474971,-1.23064962785955,-27.561711017027715,-9.328433253768708,-38.19778971226202,hourly_window_mean_factor_top_available_analogs,2,2543.4447831578955,,2543.4447831578955,0.0,-74.21308077090063,43.29096378302548,7.180221329786275e-14,-74.21308077090063,43.29096378302548,7.180221329786275e-14,-64.88464751713192,81.48875349528751,27.561711017027715,63.464572372114425,2.5656434818271796,69.20512953157822,2.602750750529851,125.96860851021277,5.0647307068605505,187.34183368014214,7.491382331442957,143.81778478330278,5.690307538474971,-61.37322516992937,-2.426651624582407,-0.03710726870267145,-1.546293177679348,64.88464751713192,81.48875349528751,27.561711017027715
experiment_2026_06_14_21_46,SEN_demand_NTE,2026-03-16,Benito Juarez's Birthday,H2,H,observance_tier,True,2026-03-16,12,True,True,2,False,2,8,2,pearson,LassoReg,,2,{},2026-03-15 10:00:00,2026-03-17,245.6731077848357,9.090693407987045,156.380204,5.567,,14,24,2,4,2,2,0.08554265267475243,2948.910194467711,3073.5534533168357,245.6731077848357,9.090693407987045,-8.70912557039037,-235.0578965729738,86.06283830140774,3.388636846403305,-2.352952715783761,-57.25012215492526,338.7790983168354,12.41689306891089,-12.41689306891089,-338.7790983168354,100.5774350932176,4.003481596691626,-3.334472505580798,-81.65760289305896,324.5414012195911,11.929011394541533,-11.929011394541533,-324.5414012195911,242.02836106776923,9.009079363754726,-8.76260233018758,-235.05789657297396,-57.25012215492526,-338.7790983168354,hourly_window_mean_factor_top_available_analogs,2,2576.998697763158,,2576.998697763158,0.0,24.4074807381337,-14.237697097244336,2.0343960434394448e-13,24.4074807381337,-14.237697097244336,2.0343960434394448e-13,81.65760289305896,324.5414012195911,235.057896572974,86.06283830140774,3.388636846403305,100.5774350932176,4.003481596691626,338.7790983168354,12.41689306891089,324.5414012195911,11.929011394541533,242.02836106776923,9.009079363754726,14.237697097244336,0.4878816743693566,-0.6148447502883205,0.08161404423231922,81.65760289305896,324.5414012195911,235.057896572974
experiment_2026_06_14_21_46,SEN_demand_NTE,2026-04-02,Maundy Thursday,H1,G,observance_tier,True,2026-04-02,12,True,True,7,False,2,8,7,pearson,RidgeReg,standard,2,{},2026-04-01 10:00:00,2026-04-03,126.00384281863674,3.412791387896394,157.200627,5.755,,14,24,4,4,7,4,0.06870959554074842,3610.9125543299606,3436.9679012419997,126.00384281863674,3.412791387896394,2.7203111579741526,100.03467672267038,37.31097263687031,0.9917286236879511,-0.8878605718152748,-33.17676390932411,177.7413504246672,4.8250780003513185,4.8250780003513185,177.7413504246672,80.87714029091337,2.183074369297254,-1.7113792012084983,-61.86023747936367,194.47337667385798,5.2625597297889275,5.2625597297889275,194.47337667385798,152.62213169066789,4.128012491713047,2.6932138078425076,100.03467672267107,-33.17676390932411,177.7413504246672,hourly_window_mean_factor_top_available_analogs,4,3397.7636719078946,,3397.7636719078946,0.0,28.68347357003956,-16.732026249190824,-6.821210263296962e-13,28.68347357003956,-16.732026249190824,-6.821210263296962e-13,61.86023747936367,-194.473376673858,-100.03467672267107,37.31097263687031,0.9917286236879511,80.87714029091337,2.183074369297254,177.7413504246672,4.8250780003513185,194.47337667385798,5.2625597297889275,152.62213169066789,4.128012491713047,-16.732026249190795,-0.437481729437609,-1.1913457456093028,-0.7152211038166532,61.86023747936367,194.473376673858,100.03467672267107
experiment_2026_06_14_21_46,SEN_demand_NTE,2026-04-03,Good Friday,H2,G,observance_tier,True,2026-04-03,12,True,True,2,False,2,8,2,pearson,LassoReg,,2,{},2026-04-02 10:00:00,2026-04-04,438.4329537310809,14.472296352194839,155.126053,5.585,,14,24,2,4,2,2,0.08556441766037115,3673.5073971521333,3526.964205453692,438.4329537310809,14.472296352194839,-14.472296352194839,-438.4329537310809,257.6702522066045,7.072867526139538,-7.072867526139538,-257.6702522066045,543.877862953692,18.788629834060433,-18.788629834060433,-543.877862953692,415.97357304281684,11.435291588575966,-11.435291588575966,-415.97357304281684,451.53425913256797,15.541346159964036,-15.541346159964036,-451.53425913256797,438.43295373108066,14.028589212610537,-14.028589212610537,-438.43295373108066,-257.6702522066045,-543.877862953692,hourly_window_mean_factor_top_available_analogs,2,3664.547056315789,,3664.547056315789,0.0,158.30332083621238,-92.34360382112402,-8.376924884750654e-14,158.30332083621238,-92.34360382112402,-8.376924884750654e-14,415.9735730428169,451.53425913256797,438.43295373108083,257.6702522066045,7.072867526139538,415.97357304281684,11.435291588575966,543.877862953692,18.788629834060433,451.53425913256797,15.541346159964036,438.43295373108066,14.028589212610537,92.34360382112402,3.2472836740963977,-4.362424062436428,0.4437071395843013,415.9735730428169,451.53425913256797,438.43295373108083
experiment_2026_06_14_21_46,SEN_demand_NTE,2026-04-04,Holy Saturday,H3,G,observance_tier,True,2026-04-04,12,True,True,7,False,2,9,7,pearson,RidgeReg,standard,2,{},2026-04-03 10:00:00,2026-04-05,286.6769605982634,9.096798205858631,143.933995,5.376,,14,24,4,4,7,4,0.0686059698028952,2801.584555305934,2811.4608862929854,286.6769605982634,9.096798205858631,8.964885708612481,283.1387846940663,163.53357526897585,5.243006208562891,4.884958001751913,153.92995495758376,358.5106020403479,11.344843537614475,11.344843537614475,358.5106020403479,281.73202170305996,9.140161490071236,9.140161490071236,281.73202170305996,283.95939643881957,8.975648742041704,8.975648742041704,283.95939643881957,283.138784694066,9.036258701842057,9.036258701842057,283.138784694066,153.92995495758376,358.5106020403479,hourly_window_mean_factor_top_available_analogs,4,2861.2618007236842,,2861.2618007236842,0.0,-127.8020667454762,74.55120560152828,3.111429242907386e-13,-127.8020667454762,74.55120560152828,3.111429242907386e-13,-281.73202170305996,-283.9593964388196,-283.13878469406603,163.53357526897585,5.243006208562891,281.73202170305996,9.140161490071236,358.5106020403479,11.344843537614475,283.95939643881957,8.975648742041704,283.138784694066,9.036258701842057,74.55120560152835,2.3691947955727706,-3.8971552815083452,0.0605395040165746,281.73202170305996,283.9593964388196,283.13878469406603
experiment_2026_06_14_21_46,SEN_demand_NTE,2026-05-01,Labor Day,H2,F,observance_tier,True,2026-05-01,12,True,True,5,False,2,10,5,pearson,RidgeReg,,2,{},2026-04-30 10:00:00,2026-05-02,210.7279123583135,5.847459814673363,148.921306,5.58,,14,24,4,4,5,4,0.04631349759093075,3919.911876426242,3774.892859941414,210.7279123583135,5.847459814673363,-4.762058472824579,-165.96039247887447,118.79479150157032,2.846829460064277,0.0992598963824223,2.717048171192638,264.35556619141363,7.597827521528664,-7.597827521528664,-264.35556619141363,114.33340753639384,2.72556776718343,2.492817206305019,104.66780719605,324.6940041025868,9.512077944136978,-9.488807514084256,-323.8268422892459,247.19273168346305,7.011784721048829,-5.074524722361891,-165.9603924788737,2.717048171192638,-264.35556619141363,hourly_window_mean_factor_top_available_analogs,4,3234.241020263158,,3234.241020263158,0.0,-101.95075902485736,59.47127609783223,-7.778573107268465e-13,-101.95075902485736,59.47127609783223,-7.778573107268465e-13,-104.66780719605,323.82684228924586,165.9603924788737,118.79479150157032,2.846829460064277,114.33340753639384,2.72556776718343,264.35556619141363,7.597827521528664,324.6940041025868,9.512077944136978,247.19273168346305,7.011784721048829,-60.33843791117317,-1.9142504226083137,0.12126169288084698,-1.164324906375466,104.66780719605,323.82684228924586,165.9603924788737
experiment_2026_06_14_21_46,SEN_demand_OCC,2025-01-01,New Year's Day,H3,H,observance_tier,True,2025-01-01,12,True,True,6,False,2,6,6,pearson,RidgeReg,standard,2,{},2024-12-31 10:00:00,2025-01-02,99.96200223435832,1.5680844461863017,228.914526,3.093,,14,24,4,4,6,4,0.11518734600666765,5963.588807459575,5548.342149963109,99.96200223435832,1.5680844461863017,1.4550102082554814,94.04994596147701,161.11607254648146,2.360306350093782,2.360306350093782,161.11607254648146,64.2887945522865,1.1059550022402715,0.9269207921831396,54.92803878689108,189.31603936324979,2.7548335232187555,0.44706958451048845,35.75744637412826,196.46152703632154,3.3997597719485064,1.999889722997312,128.053904054098,193.82897894624247,3.1621553645217566,1.4277980930284826,94.04994596147758,161.11607254648146,54.92803878689108,hourly_window_mean_factor_top_available_analogs,4,6506.840486381579,,6506.840486381579,0.0,125.3586261723532,-73.12586526720695,-5.74417706382902e-13,125.3586261723532,-73.12586526720695,-5.74417706382902e-13,-35.757446374128264,-128.05390405409804,-94.04994596147758,161.11607254648146,2.360306350093782,189.31603936324979,2.7548335232187555,64.2887945522865,1.1059550022402715,196.46152703632154,3.3997597719485064,193.82897894624247,3.1621553645217566,-132.17273248403504,-2.2938047697082347,-0.39452717312497354,-1.594070918335455,35.757446374128264,128.05390405409804,94.04994596147758
experiment_2026_06_14_21_46,SEN_demand_OCC,2025-02-03,Constitution Day,H2,H,observance_tier,True,2025-02-03,12,True,True,6,False,2,6,6,pearson,RidgeReg,standard,2,{},2025-02-02 10:00:00,2025-02-04,207.89556175198476,2.9430539390862087,272.345587,3.719,,14,24,4,4,6,4,0.06729399180612164,6900.020244907028,6802.694452857529,207.89556175198476,2.9430539390862087,2.6500212119116573,188.66049193507743,104.13936251115105,1.433118126291944,0.637743581103875,51.92988729383114,268.42001130913775,3.8238498298828634,3.8238498298828634,268.42001130913775,121.85323743816473,1.7099151925757332,0.024485836157717027,10.70337672521347,292.46880914083016,4.140066926951898,4.140066926951898,292.46880914083016,229.61044061879554,3.244747866918574,2.623800209290884,188.66049193507666,51.92988729383114,268.42001130913775,hourly_window_mean_factor_top_available_analogs,4,6671.348922697369,,6671.348922697369,0.0,41.22651056861768,-24.04879783169243,7.658902751772027e-13,41.22651056861768,-24.04879783169243,7.658902751772027e-13,-10.703376725213467,-292.46880914083016,-188.66049193507666,104.13936251115105,1.433118126291944,121.85323743816473,1.7099151925757332,268.42001130913775,3.8238498298828634,292.46880914083016,4.140066926951898,229.61044061879554,3.244747866918574,-24.04879783169241,-0.316217097069035,-0.2767970662837893,-0.30169392783236537,10.703376725213467,292.46880914083016,188.66049193507666
experiment_2026_06_14_21_46,SEN_demand_OCC,2025-03-17,Benito Juarez's Birthday,H2,H,observance_tier,True,2025-03-17,12,True,True,6,False,2,6,6,pearson,RidgeReg,standard,2,{},2025-03-16 10:00:00,2025-03-18,167.07246683211005,2.3843019339753284,281.248652,3.85,,14,24,4,4,6,4,0.06935045763242931,7329.682285643558,7366.319848434003,167.07246683211005,2.3843019339753284,-2.267025727594062,-157.80806485408385,157.4893869431523,2.2762343352255168,-1.9579132036192228,-132.34315300279545,172.66259676733543,2.447341366579385,-2.447341366579385,-172.66259676733543,426.8884744884912,6.186409886977659,-6.186409886977659,-426.8884744884912,93.39912970165221,1.295197214365459,-0.10884668550551324,-0.8444925673475533,216.26362514943503,3.0972229358541647,-2.3479489176268307,-157.8080648540847,-132.34315300279545,-172.66259676733543,hourly_window_mean_factor_top_available_analogs,4,6679.509539736842,,6679.509539736842,0.0,294.54532148569575,-171.81810419998786,8.376924884750655e-13,294.54532148569575,-171.81810419998786,8.376924884750655e-13,426.88847448849117,0.8444925673475723,157.80806485408468,157.4893869431523,2.2762343352255168,426.8884744884912,6.186409886977659,172.66259676733543,2.447341366579385,93.39912970165221,1.295197214365459,216.26362514943503,3.0972229358541647,79.26346706568322,1.1521441522139257,-3.910175551752142,-0.7129210018788363,426.88847448849117,0.8444925673475723,157.80806485408468
experiment_2026_06_14_21_46,SEN_demand_OCC,2025-04-17,Maundy Thursday,H1,G,observance_tier,True,2025-04-17,12,True,True,6,False,2,6,6,pearson,RidgeReg,standard,2,{},2025-04-16 10:00:00,2025-04-18,200.0838866443127,2.27623979369773,279.986116,3.834,,14,24,4,4,6,4,0.08054907852934831,8669.496159408318,8227.573107029737,200.0838866443127,2.27623979369773,2.27623979369773,200.0838866443127,187.90303365696997,1.9602007175499832,1.9602007175499832,187.90303365696997,207.18938422026267,2.460595921450582,2.460595921450582,207.18938422026267,79.56622230064113,0.8219193045774641,0.4662490041962278,45.728817898530515,290.124343412687,3.4285606667926074,3.4285606667926074,290.124343412687,212.55029879245959,2.4682191122922914,2.3371826858360465,200.08388664431357,187.90303365696997,207.18938422026267,hourly_window_mean_factor_top_available_analogs,4,7385.91421368421,,7385.91421368421,0.0,142.17421575843946,-82.93495919242434,-8.376924884750655e-13,142.17421575843946,-82.93495919242434,-8.376924884750655e-13,-45.72881789853051,-290.12434341268704,-200.08388664431354,187.90303365696997,1.9602007175499832,79.56622230064113,0.8219193045774641,207.18938422026267,2.460595921450582,290.124343412687,3.4285606667926074,212.55029879245959,2.4682191122922914,-82.93495919242432,-0.9679647453420253,1.138281412972519,-0.1919793185945613,45.72881789853051,290.12434341268704,200.08388664431354
experiment_2026_06_14_21_46,SEN_demand_OCC,2025-04-18,Good Friday,H2,G,observance_tier,True,2025-04-18,12,True,True,6,False,2,6,6,pearson,RidgeReg,standard,2,{},2025-04-17 10:00:00,2025-04-19,193.18492331364544,2.5653393149609287,282.429755,3.826,,14,24,4,4,6,4,0.0927380065434082,7529.282709889699,6989.204017242133,193.18492331364544,2.5653393149609287,2.3453811547742953,175.16707116293418,135.87404783783683,1.5626710544784685,0.9656417625433209,86.96844914304913,226.61626734120046,3.150229133575697,3.150229133575697,226.61626734120046,151.12361135545734,1.734847847474919,1.4243005913754039,125.70928687406929,205.57584886470886,2.765647578498482,2.742196728262144,204.01744533143673,185.51449820340568,2.3858792565424327,2.25665604625124,175.16707116293293,86.96844914304913,226.61626734120046,hourly_window_mean_factor_top_available_analogs,4,7044.299828552632,,7044.299828552632,0.0,-38.740837731020164,22.598822009763733,1.2445716971629545e-12,-38.740837731020164,22.598822009763733,1.2445716971629545e-12,-125.70928687406929,-204.01744533143673,-175.16707116293293,135.87404783783683,1.5626710544784685,151.12361135545734,1.734847847474919,226.61626734120046,3.150229133575697,205.57584886470886,2.765647578498482,185.51449820340568,2.3858792565424327,21.040418476491595,0.38458155507721514,-0.1721767929964504,0.179460058418496,125.70928687406929,204.01744533143673,175.16707116293293
experiment_2026_06_14_21_46,SEN_demand_OCC,2025-04-19,Holy Saturday,H3,G,observance_tier,True,2025-04-19,12,True,True,6,False,2,7,6,pearson,RidgeReg,standard,2,{},2025-04-18 10:00:00,2025-04-20,69.44235580898822,0.936241855435589,252.675975,3.54,,14,24,4,4,6,4,0.06027077641637386,7245.868710058493,7282.73669048423,69.44235580898822,0.936241855435589,0.4501053772070304,34.878247573086405,57.52119514453599,0.800177940501895,-0.06425590254206714,-2.0570343286574695,76.39636619658536,1.015612472480244,0.7501494570606709,56.423828682437,220.17302507080376,3.04813014675937,0.14900524149071964,26.393047989559495,186.0719547886017,2.534270238661172,0.49681770065039066,39.82794733014297,198.63550699783403,2.7235870469078765,0.36867626832840655,34.8782475730859,-2.0570343286574695,56.423828682437,hourly_window_mean_factor_top_available_analogs,4,6806.886343881579,,6806.886343881579,0.0,-28.450082318216964,16.595881352294025,5.026154930850393e-13,-28.450082318216964,16.595881352294025,5.026154930850393e-13,-26.393047989559495,-39.827947330142976,-34.8782475730859,57.52119514453599,0.800177940501895,220.17302507080376,3.04813014675937,76.39636619658536,1.015612472480244,186.0719547886017,2.534270238661172,198.63550699783403,2.7235870469078765,-109.67558859201633,-1.518657766180928,-2.247952206257475,-1.7873451914722875,26.393047989559495,39.827947330142976,34.8782475730859
experiment_2026_06_14_21_46,SEN_demand_OCC,2025-05-01,Labor Day,H2,F,observance_tier,True,2025-05-01,12,True,True,6,False,2,8,6,pearson,RidgeReg,standard,2,{},2025-04-30 10:00:00,2025-05-02,204.26131175291331,2.078552787748373,245.056314,3.436,,14,24,4,4,6,4,0.06993776283766129,9217.474092142093,8732.017819083363,204.26131175291331,2.078552787748373,1.3447993778360923,143.12832812106433,382.3507990429385,3.6658176007951466,3.6658176007951466,382.3507990429385,100.37577750039861,1.1526483134710899,-0.009127918890022485,3.5818867499710527,416.43788617412935,3.955103487106573,3.955103487106573,416.43788617412935,299.1970165971157,3.473171025235222,-0.3212891878580428,-16.30224740988884,342.39102117812075,3.6507250901351935,1.2542239029183948,143.12832812106524,382.3507990429385,3.5818867499710527,hourly_window_mean_factor_top_available_analogs,4,7788.1843265131565,,7788.1843265131565,0.0,-34.087087131190856,19.884134159859894,-9.094947017729282e-13,-34.087087131190856,19.884134159859894,-9.094947017729282e-13,-416.43788617412935,16.302247409888842,-143.12832812106524,382.3507990429385,3.6658176007951466,416.43788617412935,3.955103487106573,100.37577750039861,1.1526483134710899,299.1970165971157,3.473171025235222,342.39102117812075,3.6507250901351935,-198.82123909671708,-2.3205227117641325,-0.2892858863114265,-1.5721723023868206,416.43788617412935,16.302247409888842,143.12832812106524
experiment_2026_06_14_21_46,SEN_demand_OCC,2025-09-16,Independence Day,H2,H,observance_tier,True,2025-09-16,12,True,True,6,False,2,8,6,pearson,RidgeReg,standard,2,{},2025-09-15 10:00:00,2025-09-17,784.8121811742733,10.338421852150272,229.542117,3.155,,14,24,4,4,6,4,0.10237026806085434,6676.072851983622,6325.1724106721485,784.8121811742733,10.338421852150272,10.338421852150272,784.8121811742733,996.09964219671,12.008126606580865,12.008126606580865,996.09964219671,661.5611622445185,9.364427412065762,9.364427412065762,661.5611622445185,1965.4893149305542,23.740943489373564,23.740943489373564,1965.4893149305542,425.4371480641269,6.240769632413676,1.4346218881297161,96.08385314977504,992.8247884886002,12.688202106030477,9.652740372798503,784.8121811742727,996.09964219671,661.5611622445185,hourly_window_mean_factor_top_available_analogs,4,6457.471617105262,,6457.471617105262,0.0,-969.3896727338443,565.4773090947434,5.983517774821897e-13,-969.3896727338443,565.4773090947434,5.983517774821897e-13,-1965.4893149305544,-96.08385314977511,-784.8121811742727,996.09964219671,12.008126606580865,1965.4893149305542,23.740943489373564,661.5611622445185,9.364427412065762,425.4371480641269,6.240769632413676,992.8247884886002,12.688202106030477,236.1240141803916,3.1236577796520857,-11.732816882792699,-2.349780253880205,1965.4893149305544,96.08385314977511,784.8121811742727
experiment_2026_06_14_21_46,SEN_demand_OCC,2025-11-17,Mexican Revolution Day,H2,F,observance_tier,True,2025-11-17,12,True,True,7,False,2,8,7,pearson,RidgeReg,standard,2,{},2025-11-16 10:00:00,2025-11-18,112.61637213911756,1.500023494450747,260.309198,3.492,,14,24,4,4,7,4,0.06377505503842182,7255.293374368187,7197.785335225869,112.61637213911756,1.500023494450747,0.7664013022863951,63.583726947602734,94.90911598774197,1.2891866362577586,-0.13451742953486456,-1.170650755017115,122.94560489408666,1.62301166172999,1.2919372291821298,101.35711394079765,235.89079165245508,3.247022576118386,-0.45553585919017553,-12.178157586167929,181.8187528935333,2.46743043141563,1.4103407883677417,107.77815959230209,201.74003033103077,2.7546485899903295,0.7229125497937723,63.583726947602614,-1.170650755017115,101.35711394079765,hourly_window_mean_factor_top_available_analogs,4,7130.512497697368,,7130.512497697368,0.0,11.007506831150815,-6.4210456515044525,1.1967035549643792e-13,11.007506831150815,-6.4210456515044525,1.1967035549643792e-13,12.17815758616793,-107.7781595923021,-63.583726947602614,94.90911598774197,1.2891866362577586,235.89079165245508,3.247022576118386,122.94560489408666,1.62301166172999,181.8187528935333,2.46743043141563,201.74003033103077,2.7546485899903295,-58.87314799944663,-0.8444187696856402,-1.9578359398606275,-1.2546250955395826,12.17815758616793,107.7781595923021,63.583726947602614
experiment_2026_06_14_21_46,SEN_demand_OCC,2025-12-24,Christmas Eve,H1,G,observance_tier,True,2025-12-24,12,True,True,8,False,2,8,8,pearson,RidgeReg,,2,{},2025-12-23 10:00:00,2025-12-25,322.20480107965386,4.409169302640718,235.511905,3.189,,14,24,4,4,8,4,0.0700053433108282,7791.146202470304,7393.135246910165,322.20480107965386,4.409169302640718,-1.7102173941515488,-104.2002419439894,174.38389951035282,2.018561515556839,1.4884119534575426,128.98352371231172,408.43366032841277,5.803690511772982,-3.5760845135901853,-240.22410524349837,217.71495375865365,2.4998036006545243,0.9507381429539805,89.75328494151589,300.69684331456364,4.314295071393157,-3.2067639561335426,-217.33979929386567,270.1245682150179,3.6457982137526086,-1.6750526564697183,-104.20024194398825,128.98352371231172,-240.22410524349837,hourly_window_mean_factor_top_available_analogs,4,8118.776223026316,,8118.776223026316,0.0,39.23023877079582,-22.884305949632715,-1.148835412765804e-12,39.23023877079582,-22.884305949632715,-1.148835412765804e-12,-89.7532849415159,217.33979929386567,104.20024194398825,174.38389951035282,2.018561515556839,217.71495375865365,2.4998036006545243,408.43366032841277,5.803690511772982,300.69684331456364,4.314295071393157,270.1245682150179,3.6457982137526086,107.73681701384913,1.489395440379825,-0.4812420850976853,0.7633710888881096,89.7532849415159,217.33979929386567,104.20024194398825
experiment_2026_06_14_21_46,SEN_demand_OCC,2025-12-25,Christmas Day,H2,H,observance_tier,True,2025-12-25,12,True,True,8,False,2,8,8,pearson,RidgeReg,standard,2,{},2025-12-24 10:00:00,2025-12-26,197.51621728314635,3.2285108752076597,222.560179,2.957,,14,24,4,4,8,4,0.12239403219533758,6232.162384947356,5642.319692289514,197.51621728314635,3.2285108752076597,1.4098291321563223,71.92356610527615,184.8649487360005,2.6731017512158735,-2.2374091686505224,-154.39788164651353,204.8961239356481,3.552499530869534,3.537384807626981,203.94441062715347,302.7960505489991,4.2963930950748415,-0.7902762692637735,-45.000757640119055,292.99239665867236,5.050947623007438,1.9943959891345118,140.129421623422,296.60426914458213,4.772953849558586,0.9684641044614595,71.92356610527528,-154.39788164651353,203.94441062715347,hourly_window_mean_factor_top_available_analogs,4,5932.4009125,,5932.4009125,0.0,-109.39712400639448,63.814989003731476,8.61626559574353e-13,-109.39712400639448,63.814989003731476,8.61626559574353e-13,45.00075764011905,-140.129421623422,-71.92356610527528,184.8649487360005,2.6731017512158735,302.7960505489991,4.2963930950748415,204.8961239356481,3.552499530869534,292.99239665867236,5.050947623007438,296.60426914458213,4.772953849558586,-88.09627272302427,-1.4984480921379042,-1.623291343858968,-1.5444429743509267,45.00075764011905,140.129421623422,71.92356610527528
experiment_2026_06_14_21_46,SEN_demand_OCC,2025-12-31,New Year's Eve,H1,G,observance_tier,True,2025-12-31,12,True,True,8,False,2,8,8,pearson,RidgeReg,standard,2,{},2025-12-30 10:00:00,2026-01-01,197.11240519580122,2.77328779975906,239.544475,3.265,,14,24,4,4,8,4,0.07333903013201615,7254.11019395036,6794.26461084919,197.11240519580122,2.77328779975906,2.6956041911035746,190.94208947069362,39.56388841578558,0.4778318961576912,0.2669763869499439,22.81588859049355,289.01570665081033,4.1123037435265255,4.1123037435265255,289.01570665081033,232.9722291624354,2.8245821352764984,1.3042377384631467,117.52380811647117,236.1253336786771,3.2830840071769987,3.2481625662970353,233.76942026065566,234.96366359374596,3.1141622648978666,2.5319797349898128,190.94208947069296,22.81588859049355,289.01570665081033,hourly_window_mean_factor_top_available_analogs,4,7986.924255131579,,7986.924255131579,0.0,-94.70791952597763,55.24628639015467,6.701539907800523e-13,-94.70791952597763,55.24628639015467,6.701539907800523e-13,-117.52380811647117,-233.76942026065566,-190.94208947069293,39.56388841578558,0.4778318961576912,232.9722291624354,2.8245821352764984,289.01570665081033,4.1123037435265255,236.1253336786771,3.2830840071769987,234.96366359374596,3.1141622648978666,52.890372972133235,0.8292197363495268,-2.346750239118807,-0.3408744651388065,117.52380811647117,233.76942026065566,190.94208947069293
experiment_2026_06_14_21_46,SEN_demand_OCC,2026-01-01,New Year's Day,H3,H,observance_tier,True,2026-01-01,12,True,True,8,False,2,8,8,pearson,RidgeReg,standard,2,{},2025-12-31 10:00:00,2026-01-02,216.44696183761516,3.6086883559942904,242.580799,3.309,,14,24,4,4,8,4,0.11151662082763797,6490.4087853403935,6051.0257587234455,216.44696183761516,3.6086883559942904,-3.3631126808486185,-198.6882384982877,188.94605074761947,2.647305888230378,-1.9807433414064113,-140.7438016837305,232.48915997344602,4.1694947955232395,-4.1694947955232395,-232.48915997344602,141.4735070976722,2.0041450588793617,-1.9093479520942587,-134.56509303203407,236.09340668693656,4.208892392303141,-4.208892392303141,-236.09340668693656,201.2334436803655,3.396617058936485,-3.3616918090682897,-198.68823849828829,-140.7438016837305,-232.48915997344602,hourly_window_mean_factor_top_available_analogs,4,6005.202466710526,,6005.202466710526,0.0,-6.17870865169646,3.6042467134905487,5.983517774821897e-13,-6.17870865169646,3.6042467134905487,5.983517774821897e-13,134.56509303203404,236.09340668693656,198.68823849828829,188.94605074761947,2.647305888230378,141.4735070976722,2.0041450588793617,232.48915997344602,4.1694947955232395,236.09340668693656,4.208892392303141,201.2334436803655,3.396617058936485,-3.6042467134905394,-0.03939759677990118,0.6431608293510163,0.21207129705780536,134.56509303203404,236.09340668693656,198.68823849828829
experiment_2026_06_14_21_46,SEN_demand_OCC,2026-02-02,Constitution Day,H2,H,observance_tier,True,2026-02-02,12,True,True,6,False,2,8,6,pearson,RidgeReg,standard,2,{},2026-02-01 10:00:00,2026-02-03,405.7983091559735,5.639158775150158,241.22917,3.32,,14,24,4,4,6,4,0.11186431600217392,7546.56115602513,7757.2772208157285,405.7983091559735,5.639158775150158,-5.219674294991246,-376.90668128828855,172.33306916782436,2.5054477482393316,-1.3668470163794253,-93.91293638410805,541.9863658157273,7.467156874181474,-7.467156874181474,-541.9863658157273,93.35558204424355,1.3569242479073456,1.2092233605143954,83.62120140003519,668.3649028169518,9.11460717912065,-8.791312191466877,-645.5479461898093,456.5193635849014,6.256513467621012,-5.106904356526407,-376.90668128828764,-93.91293638410805,-541.9863658157273,hourly_window_mean_factor_top_available_analogs,4,6870.64711486842,,6870.64711486842,0.0,-177.53413778414324,103.56158037408208,-9.334287728722159e-13,-177.53413778414324,103.56158037408208,-9.334287728722159e-13,-83.62120140003519,645.5479461898093,376.90668128828764,172.33306916782436,2.5054477482393316,93.35558204424355,1.3569242479073456,541.9863658157273,7.467156874181474,668.3649028169518,9.11460717912065,456.5193635849014,6.256513467621012,-126.37853700122457,-1.6474503049391762,1.148523500331986,-0.6173546924708537,83.62120140003519,645.5479461898093,376.90668128828764
experiment_2026_06_14_21_46,SEN_demand_OCC,2026-03-16,Benito Juarez's Birthday,H2,H,observance_tier,True,2026-03-16,12,True,True,8,False,2,8,8,pearson,RidgeReg,standard,2,{},2026-03-15 10:00:00,2026-03-17,134.70129933453072,1.8509446067787259,246.930324,3.455,,14,24,4,4,8,4,0.07142439190714252,7634.854855254346,7610.491990804628,134.70129933453072,1.8509446067787259,-0.15724769136029104,-4.517974201714304,223.81377787035692,3.125113467023142,-2.170800782239474,-142.35697716814911,82.71902018863209,1.1076794383028157,1.017324944985899,75.88811086203934,349.21352868029874,4.937308390629503,-4.414966095559341,-304.9615184334433,170.74075993346045,2.2255689392084217,2.2255689392084217,170.74075993346045,236.49388526124298,3.2246308423635575,-0.22094396833759594,-4.517974201714615,-142.35697716814911,75.88811086203934,hourly_window_mean_factor_top_available_analogs,4,6758.429274802632,,6758.429274802632,0.0,162.60454126529416,-94.85264907142111,3.111429242907386e-13,162.60454126529416,-94.85264907142111,3.111429242907386e-13,304.9615184334433,-170.74075993346045,4.5179742017146145,223.81377787035692,3.125113467023142,349.21352868029874,4.937308390629503,82.71902018863209,1.1076794383028157,170.74075993346045,2.2255689392084217,236.49388526124298,3.2246308423635575,-88.02173974482837,-1.117889500905606,-1.8121949236063606,-1.3736862355848316,304.9615184334433,170.74075993346045,4.5179742017146145
experiment_2026_06_14_21_46,SEN_demand_OCC,2026-04-02,Maundy Thursday,H1,G,observance_tier,True,2026-04-02,12,True,True,8,False,2,8,8,pearson,RidgeReg,standard,2,{},2026-04-01 10:00:00,2026-04-03,86.96276071560672,0.964959851734217,253.528866,3.546,,14,24,4,4,8,4,0.07446706886353376,8816.03071459649,8460.378346024423,86.96276071560672,0.964959851734217,0.04954493138128688,8.720648824563412,137.29077489679665,1.4454438621278436,0.21595265738511538,27.93922927996976,57.60475244324592,0.6846775123379351,-0.04752624212094642,-2.4901897744236217,214.62198465083682,2.360036183728623,-2.0166499488043366,-180.3847978721599,119.96839003784885,1.4213996183422954,1.4096755888250065,119.03215939764975,154.84076700052864,1.767213089800416,0.14734512759314317,8.720648824561977,27.93922927996976,-2.4901897744236217,hourly_window_mean_factor_top_available_analogs,4,7789.210102171052,,7789.210102171052,0.0,208.32402715212967,-121.52234917207336,1.4360442659572551e-12,208.32402715212967,-121.52234917207336,1.4360442659572551e-12,180.3847978721599,-119.03215939764974,-8.720648824561977,137.29077489679665,1.4454438621278436,214.62198465083682,2.360036183728623,57.60475244324592,0.6846775123379351,119.96839003784885,1.4213996183422954,154.84076700052864,1.767213089800416,-62.36363759460293,-0.7367221060043604,-0.9145923216007794,-0.802253238066199,180.3847978721599,119.03215939764974,8.720648824561977
experiment_2026_06_14_21_46,SEN_demand_OCC,2026-04-03,Good Friday,H2,G,observance_tier,True,2026-04-03,12,True,True,8,False,2,8,8,pearson,RidgeReg,standard,2,{},2026-04-02 10:00:00,2026-04-04,562.3340621724647,7.683425893666348,254.4062,3.537,,14,24,4,4,8,4,0.0821363831684984,8279.068961119834,7968.634445739978,562.3340621724647,7.683425893666348,-7.683425893666348,-562.3340621724647,307.76702177101373,3.5892315177817045,-3.5892315177817045,-307.76702177101373,710.8315024066445,10.071705946265723,-10.071705946265723,-710.8315024066445,611.1584386104262,7.285887920650921,-7.285887920650921,-611.1584386104262,533.8531759169883,7.680198693053474,-7.680198693053474,-533.8531759169883,562.3340621724655,7.5349263032209555,-7.5349263032209555,-562.3340621724655,-307.76702177101373,-710.8315024066445,hourly_window_mean_factor_top_available_analogs,4,7599.209796118421,,7599.209796118421,0.0,303.39141683941256,-176.97832648965615,7.419562040779151e-13,303.39141683941256,-176.97832648965615,7.419562040779151e-13,611.1584386104263,533.8531759169883,562.3340621724655,307.76702177101373,3.5892315177817045,611.1584386104262,7.285887920650921,710.8315024066445,10.071705946265723,533.8531759169883,7.680198693053474,562.3340621724655,7.5349263032209555,176.97832648965618,2.391507253212249,-3.696656402869216,0.1484995904453923,611.1584386104263,533.8531759169883,562.3340621724655
experiment_2026_06_14_21_46,SEN_demand_OCC,2026-04-04,Holy Saturday,H3,G,observance_tier,True,2026-04-04,12,True,True,8,False,2,9,8,pearson,RidgeReg,standard,2,{},2026-04-03 10:00:00,2026-04-05,105.39767568766162,1.5408040245358978,284.418861,4.002,,14,24,4,4,8,4,0.06269023953578728,7390.531369594573,7422.786980175241,105.39767568766162,1.5408040245358978,-1.0173749234477552,-67.68761538404816,138.78043790088967,2.1153983245649526,-2.0656869243886136,-134.7224007420053,85.92439772994526,1.2056240161856164,-0.40585958956558815,-28.583990591906474,334.59521194239295,4.82607774032811,-1.829646363045102,-95.76911507934847,269.4750408765836,3.7411794045109694,-0.8425204921990949,-51.306740561787706,293.46668284819754,4.140878791390968,-1.206198444616045,-67.68761538404694,-134.7224007420053,-28.583990591906474,hourly_window_mean_factor_top_available_analogs,4,7045.26721875,,7045.26721875,0.0,-38.95328566265685,22.72274996988123,-1.2206376260636668e-12,-38.95328566265685,22.72274996988123,-1.2206376260636668e-12,95.76911507934845,51.306740561787706,67.68761538404694,138.78043790088967,2.1153983245649526,334.59521194239295,4.82607774032811,85.92439772994526,1.2056240161856164,269.4750408765836,3.7411794045109694,293.46668284819754,4.140878791390968,-183.55064314663832,-2.5355553883253528,-2.710679415763157,-2.60007476685507,95.76911507934845,51.306740561787706,67.68761538404694
experiment_2026_06_14_21_46,SEN_demand_OCC,2026-05-01,Labor Day,H2,F,observance_tier,True,2026-05-01,12,True,True,3,False,2,10,3,pearson,RidgeReg,,2,{},2026-04-30 10:00:00,2026-05-02,483.0608290283861,5.454743553238948,201.573343,2.859,,14,24,3,4,3,3,0.08253670357414576,10085.340462044269,9583.783054317655,483.0608290283861,5.454743553238948,-5.430708060925497,-480.54114125479504,134.02735996106654,1.2346520890498012,-1.169412895627577,-127.18820743274786,686.6636859843225,7.916463574015952,-7.916463574015952,-686.6636859843225,417.8532823660128,3.920805871469738,-3.3492389798697397,-353.94945567682834,556.4153373042735,6.5923096915121215,-6.571429780770235,-554.3862911752756,505.36615916912496,5.608071442022823,-5.384306854122684,-480.54114125479504,-127.18820743274786,-686.6636859843225,hourly_window_mean_factor_top_available_analogs,3,8168.164491491228,,8168.164491491228,0.0,226.7612482440805,-132.27739480904688,4.786814219857517e-14,226.7612482440805,-132.27739480904688,4.786814219857517e-14,353.94945567682834,554.3862911752756,480.5411412547951,134.02735996106654,1.2346520890498012,417.8532823660128,3.920805871469738,686.6636859843225,7.916463574015952,556.4153373042735,6.5923096915121215,505.36615916912496,5.608071442022823,130.24834868004893,1.3241538825038308,-2.686153782419937,-0.15332788878387493,353.94945567682834,554.3862911752756,480.5411412547951
experiment_2026_06_14_21_46,SEN_demand_ORI,2025-01-01,New Year's Day,H3,H,observance_tier,True,2025-01-01,12,True,True,5,False,2,6,5,euclidian,PCR,,3,{},2024-12-31 10:00:00,2025-01-02,250.56025603760673,4.735467478119823,219.419514,3.676,,14,24,4,4,5,4,0.10259513648973993,5038.963770741354,4727.175270878357,250.56025603760673,4.735467478119823,4.721920454025744,249.83666794285674,266.0974364649731,4.460153048115751,4.423382554146111,264.13341163636596,241.49690078830977,4.896067562288863,4.896067562288863,241.49690078830977,284.0835361665942,4.786707137699418,4.786707137699418,284.0835361665942,229.8593281456763,4.59585163048364,4.59585163048364,229.8593281456763,249.83666794285665,4.666166817352611,4.666166817352611,249.83666794285665,264.13341163636596,241.49690078830977,hourly_window_mean_factor_top_available_analogs,4,4993.291573157894,,4993.291573157894,0.0,-19.950124530228226,11.637572642633472,2.1540663989358825e-13,-19.950124530228226,11.637572642633472,2.1540663989358825e-13,-284.0835361665942,-229.8593281456763,-249.8366679428565,266.0974364649731,4.460153048115751,284.0835361665942,4.786707137699418,241.49690078830977,4.896067562288863,229.8593281456763,4.59585163048364,249.83666794285665,4.666166817352611,11.637572642633472,0.3002159318052229,-0.3265540895836665,0.06930066076721175,284.0835361665942,229.8593281456763,249.8366679428565
experiment_2026_06_14_21_46,SEN_demand_ORI,2025-02-03,Constitution Day,H2,H,observance_tier,True,2025-02-03,12,True,True,6,False,2,6,6,pearson,RidgeReg,standard,2,{},2025-02-02 10:00:00,2025-02-04,139.15100227104847,2.513740207265151,248.408541,4.279,,14,24,4,4,6,4,0.08935509013892075,5308.005155582475,5260.069543130212,139.15100227104847,2.513740207265151,2.2216691947040283,124.02531731226004,186.5262023564979,3.298544459193218,3.298544459193218,186.5262023564979,111.51546888786963,2.055937726973779,1.593491957085334,87.56646770312129,300.33853286832175,5.526746586239452,5.526746586239452,300.33853286832175,99.39760875346997,1.8986369162551469,0.47469879792341846,21.17594157122714,173.4284755326259,3.2353088999335746,2.3359795620398516,124.025317312262,186.5262023564979,87.56646770312129,hourly_window_mean_factor_top_available_analogs,4,4891.694749736842,,4891.694749736842,0.0,-113.81233051182387,66.39052613189415,-1.962593830141582e-12,-113.81233051182387,66.39052613189415,-1.962593830141582e-12,-300.33853286832175,-21.175941571227142,-124.025317312262,186.5262023564979,3.298544459193218,300.33853286832175,5.526746586239452,111.51546888786963,2.055937726973779,99.39760875346997,1.8986369162551469,173.4284755326259,3.2353088999335746,12.117860134399663,0.15730081071863222,-2.228202127046234,-0.7215686926684235,300.33853286832175,21.175941571227142,124.025317312262
experiment_2026_06_14_21_46,SEN_demand_ORI,2025-03-17,Benito Juarez's Birthday,H2,H,observance_tier,True,2025-03-17,12,True,True,6,False,2,6,6,pearson,RidgeReg,standard,2,{},2025-03-16 10:00:00,2025-03-18,409.47192814743863,6.847554274555392,224.535018,3.847,,14,24,4,4,6,4,0.07282151782978381,6285.66142420007,6097.324676288311,409.47192814743863,6.847554274555392,-6.847554274555392,-409.47192814743863,431.66315847737366,6.951772039978769,-6.951772039978769,-431.66315847737366,396.52704378830987,6.786760578058423,-6.786760578058423,-396.52704378830987,344.44370098671146,5.554005407170445,-5.554005407170445,-344.44370098671146,447.40506065786184,7.784282685819676,-7.784282685819676,-447.40506065786184,409.47192814743795,6.962601583159432,-6.962601583159432,-409.47192814743795,-431.66315847737366,-396.52704378830987,hourly_window_mean_factor_top_available_analogs,4,6365.733806381579,,6365.733806381579,0.0,-87.21945749066221,50.87801686955197,-6.222858485814772e-13,-87.21945749066221,50.87801686955197,-6.222858485814772e-13,344.44370098671146,447.40506065786184,409.471928147438,431.66315847737366,6.951772039978769,344.44370098671146,5.554005407170445,396.52704378830987,6.786760578058423,447.40506065786184,7.784282685819676,409.47192814743795,6.962601583159432,-50.87801686955197,-0.9975221077612533,1.3977666328083238,-0.11504730860403978,344.44370098671146,447.40506065786184,409.471928147438
experiment_2026_06_14_21_46,SEN_demand_ORI,2025-04-17,Maundy Thursday,H1,G,observance_tier,True,2025-04-17,12,True,True,6,False,2,6,6,pearson,RidgeReg,standard,2,{},2025-04-16 10:00:00,2025-04-18,147.9509244688241,2.1815157026715646,227.70295,3.892,,14,24,4,4,6,4,0.06829625490657898,6534.545278562021,6336.541378016813,147.9509244688241,2.1815157026715646,1.9812622308549435,135.1425714379802,70.69634440626591,1.0335912657000625,0.8469777586092305,57.1370105033393,193.01609617198304,2.85113829090494,2.6429281729982765,180.64581531652072,78.76608601555108,1.1622389709218268,-0.2480122330290208,-14.524451143146118,304.842665257515,4.539426865601297,3.2122485883590737,222.44833461030183,221.55129395784408,3.295199746508861,1.9374156541634595,135.14257143797892,57.1370105033393,180.64581531652072,hourly_window_mean_factor_top_available_analogs,4,6261.990922039473,,6261.990922039473,0.0,71.66146164648542,-41.80251929378111,1.2924398393615296e-12,71.66146164648542,-41.80251929378111,1.2924398393615296e-12,14.524451143146123,-222.44833461030183,-135.14257143797892,70.69634440626591,1.0335912657000625,78.76608601555108,1.1622389709218268,193.01609617198304,2.85113829090494,304.842665257515,4.539426865601297,221.55129395784408,3.295199746508861,-111.82656908553199,-1.6882885746963572,-0.12864770522176427,-1.1136840438372966,14.524451143146123,222.44833461030183,135.14257143797892
experiment_2026_06_14_21_46,SEN_demand_ORI,2025-04-18,Good Friday,H2,G,observance_tier,True,2025-04-18,12,True,True,6,False,2,6,6,pearson,RidgeReg,standard,2,{},2025-04-17 10:00:00,2025-04-19,255.90836164890194,3.9153620907536784,190.882458,3.279,,14,24,4,4,6,4,0.06700526317302265,6197.303793174232,5951.352446145583,255.90836164890194,3.9153620907536784,3.887613784616173,254.2313734047138,166.23963643944737,2.357412872273998,2.282096041329339,161.68781120522226,308.2151180210839,4.824165801533493,4.824165801533493,308.2151180210839,192.13032835877468,2.730695225023335,2.719534728797654,191.4558359815814,290.8504369015438,4.4705327031068505,4.4705327031068505,290.8504369015438,254.47987059631305,3.82953994802345,3.8254281862560937,254.23137340471553,161.68781120522226,308.2151180210839,hourly_window_mean_factor_top_available_analogs,4,6350.401540460526,,6350.401540460526,0.0,-29.768024776359134,17.364681119540137,-1.6993190480494186e-12,-29.768024776359134,17.364681119540137,-1.6993190480494186e-12,-191.4558359815814,-290.8504369015438,-254.2313734047155,166.23963643944737,2.357412872273998,192.13032835877468,2.730695225023335,308.2151180210839,4.824165801533493,290.8504369015438,4.4705327031068505,254.47987059631305,3.82953994802345,17.364681119540137,0.35363309842664226,-0.37328235274933697,0.08582214273022837,191.4558359815814,290.8504369015438,254.2313734047155
experiment_2026_06_14_21_46,SEN_demand_ORI,2025-04-19,Holy Saturday,H3,G,observance_tier,True,2025-04-19,12,True,True,7,False,2,7,7,pearson,RidgeReg,standard,2,{},2025-04-18 10:00:00,2025-04-20,353.2561310463119,5.31824613132101,191.675493,3.327,,14,24,4,4,7,4,0.06426949905761917,6091.713274800921,5973.947724731811,353.2561310463119,5.31824613132101,5.238274522253914,348.73353046223656,127.34570523737933,1.9293295064209792,1.7122637103817198,115.0700750806034,485.03721276818925,7.295114162512693,7.295114162512693,485.03721276818925,166.33447208741816,2.613557023823932,-0.6301307591139995,-24.874603427874263,566.6716085648021,8.442495625752988,8.442495625752988,566.6716085648021,419.17897933629223,6.294991930305441,5.099949062907255,348.73353046223707,115.0700750806034,485.03721276818925,hourly_window_mean_factor_top_available_analogs,4,6153.654938223684,,6153.654938223684,0.0,139.94467850847766,-81.63439579661292,-5.983517774821897e-13,139.94467850847766,-81.63439579661292,-5.983517774821897e-13,24.874603427874263,-566.6716085648022,-348.7335304622372,127.34570523737933,1.9293295064209792,166.33447208741816,2.613557023823932,485.03721276818925,7.295114162512693,566.6716085648021,8.442495625752988,419.17897933629223,6.294991930305441,-81.63439579661286,-1.1473814632402952,-0.6842275174029526,-0.9767457989844308,24.874603427874263,566.6716085648022,348.7335304622372
experiment_2026_06_14_21_46,SEN_demand_ORI,2025-05-01,Labor Day,H2,F,observance_tier,True,2025-05-01,12,True,True,7,False,2,8,7,pearson,RidgeReg,standard,2,{},2025-04-30 10:00:00,2025-05-02,74.95213469569724,1.0441836894793313,223.977784,3.798,,14,24,4,4,7,4,0.06960315485863976,7112.210036669031,6854.101655034242,74.95213469569724,1.0441836894793313,0.24055069297143178,17.819060962549287,91.02762761706506,1.1902115175049908,0.4953539671447457,35.20374909990479,65.57476382489934,0.9590007897976971,0.09191544970366528,7.677992882425239,174.92392352530098,2.3207031577647004,2.2194744054758684,166.92230513444306,135.43569314943045,2.0973943983475074,-1.173110504463743,-69.15783147105765,149.98398855106697,2.179666046553842,0.07678919919821908,17.819060962547873,35.20374909990479,7.677992882425239,hourly_window_mean_factor_top_available_analogs,4,6333.673184276316,,6333.673184276316,0.0,-131.71855603453827,76.83582435348289,1.4121101948579675e-12,-131.71855603453827,76.83582435348289,1.4121101948579675e-12,-166.92230513444306,69.15783147105765,-17.819060962547876,91.02762761706506,1.1902115175049908,174.92392352530098,2.3207031577647004,65.57476382489934,0.9590007897976971,135.43569314943045,2.0973943983475074,149.98398855106697,2.179666046553842,-69.86092932453111,-1.1383936085498103,-1.1304916402597096,-1.135482357074511,166.92230513444306,69.15783147105765,17.819060962547876
experiment_2026_06_14_21_46,SEN_demand_ORI,2025-09-16,Independence Day,H2,H,observance_tier,True,2025-09-16,12,True,True,7,False,2,8,7,pearson,RidgeReg,standard,2,{},2025-09-15 10:00:00,2025-09-17,674.5024663597083,10.532835551073745,208.910606,3.501,,14,24,4,4,7,4,0.08564616015342955,5830.88919890345,5455.783381107869,674.5024663597083,10.532835551073745,10.532835551073745,674.5024663597083,587.3468248755556,8.3061363251727,8.3061363251727,587.3468248755556,725.3432572254641,11.831743432849356,11.831743432849356,725.3432572254641,793.7088466407304,11.241535761053608,11.241535761053608,793.7088466407304,604.965411195778,9.76358179057126,9.76358179057126,604.965411195778,674.5024663597078,10.30809114811739,10.30809114811739,674.5024663597078,587.3468248755556,725.3432572254641,hourly_window_mean_factor_top_available_analogs,4,6008.73461381579,,6008.73461381579,0.0,-206.3620217651747,120.37784602968604,5.026154930850393e-13,-206.3620217651747,120.37784602968604,5.026154930850393e-13,-793.7088466407304,-604.9654111957781,-674.5024663597078,587.3468248755556,8.3061363251727,793.7088466407304,11.241535761053608,725.3432572254641,11.831743432849356,604.965411195778,9.76358179057126,674.5024663597078,10.30809114811739,120.37784602968611,2.0681616422780955,-2.9353994358809086,0.22474440295635567,793.7088466407304,604.9654111957781,674.5024663597078
experiment_2026_06_14_21_46,SEN_demand_ORI,2025-11-17,Mexican Revolution Day,H2,F,observance_tier,True,2025-11-17,12,True,True,7,False,2,8,7,pearson,RidgeReg,standard,2,{},2025-11-16 10:00:00,2025-11-18,92.67831166857177,1.4426163080746335,254.069117,4.139,,14,24,4,4,7,4,0.07683060361336423,6067.236213086221,5972.363146676081,92.67831166857177,1.4426163080746335,1.189934563960755,79.44760428219902,91.21615163925162,1.391786386530191,1.391786386530191,91.21615163925162,93.53123835234184,1.4722670956422252,1.0721876674619177,72.58261832391834,111.9144651872036,1.7488464343961032,1.7488464343961032,111.9144651872036,106.22869071058115,1.7221667694424163,0.8739265039625925,60.50860208761454,108.32344972828416,1.7319961196885114,1.1962654257012542,79.44760428219998,91.21615163925162,72.58261832391834,hourly_window_mean_factor_top_available_analogs,4,5669.03190506579,,5669.03190506579,0.0,-20.69831354795198,12.074016236303805,-9.573628439715034e-13,-20.69831354795198,12.074016236303805,-9.573628439715034e-13,-111.9144651872036,-60.508602087614534,-79.44760428219998,91.21615163925162,1.391786386530191,111.9144651872036,1.7488464343961032,93.53123835234184,1.4722670956422252,106.22869071058115,1.7221667694424163,108.32344972828416,1.7319961196885114,-12.697452358239303,-0.24989967380019107,-0.3570600478659123,-0.28937981161387794,111.9144651872036,60.508602087614534,79.44760428219998
experiment_2026_06_14_21_46,SEN_demand_ORI,2025-12-24,Christmas Eve,H1,G,observance_tier,True,2025-12-24,12,True,True,7,False,2,8,7,pearson,RidgeReg,standard,2,{},2025-12-23 10:00:00,2025-12-25,221.94020206308952,3.8115045360706117,249.975003,4.032,,14,24,4,4,7,4,0.06853156308392454,5869.559558370944,5647.603001648665,221.94020206308952,3.8115045360706117,2.279046264133447,128.81894005010955,62.377838625218565,0.9828904106568529,0.44040151860877,28.376198676577328,315.01824740184753,5.461529442561971,3.3515890323561752,187.41053918467,67.67431145271237,1.0667559720765987,0.3735102227493742,24.77415268903022,236.84980542719381,4.090992683270986,3.3109436570948945,189.51173267740464,174.52199185764803,2.9768002107256857,2.228731339178124,128.8189400501088,28.376198676577328,187.41053918467,hourly_window_mean_factor_top_available_analogs,4,5348.146820526315,,5348.146820526315,0.0,3.6020459875471067,-2.1011934927346374,7.419562040779151e-13,3.6020459875471067,-2.1011934927346374,7.419562040779151e-13,-24.77415268903022,-189.51173267740464,-128.8189400501088,62.377838625218565,0.9828904106568529,67.67431145271237,1.0667559720765987,315.01824740184753,5.461529442561971,236.84980542719381,4.090992683270986,174.52199185764803,2.9768002107256857,78.16844197465372,1.3705367592909843,-0.08386556141974577,0.834704325344926,24.77415268903022,189.51173267740464,128.8189400501088
experiment_2026_06_14_21_46,SEN_demand_ORI,2025-12-25,Christmas Day,H2,H,observance_tier,True,2025-12-25,12,True,True,8,False,2,8,8,pearson,LassoReg,standard,2,{},2025-12-24 10:00:00,2025-12-26,201.36600583369292,3.88291867738214,243.978793,3.866,,14,24,4,4,8,4,0.1060617114890309,5663.424145223071,5459.985816438769,201.36600583369292,3.88291867738214,-3.240971935022113,-161.4661952230704,105.9660322676068,1.7876341046570283,-0.9882536855971258,-55.404458853302,257.01599041390983,5.105168011471789,-4.555057580520022,-223.33554143876862,314.47700554388996,5.278723211277296,-5.278723211277296,-314.47700554388996,92.00236130584774,1.6880599434667996,-1.3237925816993645,-72.20988920259303,173.9667039198633,3.010935884239088,-2.7808722873333402,-161.46619522307086,-55.404458853302,-223.33554143876862,hourly_window_mean_factor_top_available_analogs,4,5319.5747264473675,,5319.5747264473675,0.0,259.07254669058796,-151.1256522361756,4.547473508864641e-13,259.07254669058796,-151.1256522361756,4.547473508864641e-13,314.47700554388996,72.20988920259302,161.46619522307086,105.9660322676068,1.7876341046570283,314.47700554388996,5.278723211277296,257.01599041390983,5.105168011471789,92.00236130584774,1.6880599434667996,173.9667039198633,3.010935884239088,165.0136291080621,3.417108068004989,-3.491089106620268,0.8719827931430517,314.47700554388996,72.20988920259302,161.46619522307086
experiment_2026_06_14_21_46,SEN_demand_ORI,2025-12-31,New Year's Eve,H1,G,observance_tier,True,2025-12-31,12,True,True,7,False,2,8,7,pearson,RidgeReg,standard,2,{},2025-12-30 10:00:00,2026-01-01,145.96299731526807,2.804508910675852,241.762733,3.854,,14,24,4,4,7,4,0.06764641149747684,5256.748241360217,4987.065039395925,145.96299731526807,2.804508910675852,0.35034265176355117,11.987013639782976,126.95350115614708,2.2621352497971503,-2.2621352497971503,-126.95350115614708,157.05187007475533,3.120893546188428,1.8742880943406268,93.03564727074217,45.1932335729585,0.8123243217533417,-0.2505519539420161,-12.759194787390177,129.1789139098662,2.5715513863611292,0.4466535602225223,26.422301888966633,98.23682115416337,1.9234150994003651,0.18978837079348185,11.987013639782546,-126.95350115614708,93.03564727074217,hourly_window_mean_factor_top_available_analogs,4,5511.80662,,5511.80662,0.0,-114.1943063687569,66.61334538177555,4.308132797871765e-13,-114.1943063687569,66.61334538177555,4.308132797871765e-13,12.759194787390186,-26.42230188896663,-11.987013639782544,126.95350115614708,2.2621352497971503,45.1932335729585,0.8123243217533417,157.05187007475533,3.120893546188428,129.1789139098662,2.5715513863611292,98.23682115416337,1.9234150994003651,27.872956164889132,0.5493421598272987,1.4498109280438087,0.8810938112754867,12.759194787390186,26.42230188896663,11.987013639782544
experiment_2026_06_14_21_46,SEN_demand_ORI,2026-01-01,New Year's Day,H3,H,observance_tier,True,2026-01-01,12,True,True,7,False,2,8,7,pearson,RidgeReg,standard,2,{},2025-12-31 10:00:00,2026-01-02,148.9107155119284,3.033047201459252,239.502855,3.828,,14,24,4,4,7,4,0.08553902596907362,4896.626459794313,4668.799975112809,148.9107155119284,3.033047201459252,-0.485844129298597,-27.91376768904876,159.95799097661185,3.048958256674009,0.6795970817702697,30.159019323112847,142.46647149086306,3.023765752583978,-1.1656848357554361,-61.7895601128097,360.13328064220286,6.88117325654884,6.3752407888329135,333.16652603415315,299.64412413906,6.674736979357763,-5.352726553026938,-238.54393902758446,321.9296028507442,6.7507924499018435,-1.0318964797101506,-27.913767689049564,30.159019323112847,-61.7895601128097,hourly_window_mean_factor_top_available_analogs,4,4875.024676052632,,4875.024676052632,0.0,-303.00750671104026,176.75437891477478,8.017913818261341e-13,-303.00750671104026,176.75437891477478,8.017913818261341e-13,-333.1665260341531,238.54393902758449,27.913767689049564,159.95799097661185,3.048958256674009,360.13328064220286,6.88117325654884,142.46647149086306,3.023765752583978,299.64412413906,6.674736979357763,321.9296028507442,6.7507924499018435,-157.17765264819695,-3.6509712267737853,-3.8322149998748314,-3.7177452484425912,333.1665260341531,238.54393902758449,27.913767689049564
experiment_2026_06_14_21_46,SEN_demand_ORI,2026-02-02,Constitution Day,H2,H,observance_tier,True,2026-02-02,12,True,True,8,False,2,8,8,pearson,RidgeReg,standard,2,{},2026-02-01 10:00:00,2026-02-03,153.91887913136884,3.046432127315991,225.75307,3.726,,14,24,4,4,8,4,0.08907970586354434,5181.844417520988,5014.384147645948,153.91887913136884,3.046432127315991,-0.15071878904068683,-9.52360515256719,87.68329666015254,1.5975274767648133,-1.5548647057026403,-85.22048587819849,192.55630223957834,3.891626506804178,0.6683663290121195,34.63290860405107,176.92639335816406,3.4329022429159046,3.1990517254028528,163.10347301708785,126.68787607485763,2.36565211885514,-2.0065024780004994,-110.2227340848654,145.19680349502315,2.7588495329827905,-0.08866671885189593,-9.523605152566832,-85.22048587819849,34.63290860405107,hourly_window_mean_factor_top_available_analogs,4,4857.569146973685,,4857.569146973685,0.0,-248.32395889528632,144.85564268891645,-3.590110664893138e-13,-248.32395889528632,144.85564268891645,-3.590110664893138e-13,-163.10347301708782,110.22273408486538,9.523605152566832,87.68329666015254,1.5975274767648133,176.92639335816406,3.4329022429159046,192.55630223957834,3.891626506804178,126.68787607485763,2.36565211885514,145.19680349502315,2.7588495329827905,65.86842616472072,1.5259743879490384,-1.8353747661510913,0.28758259433320044,163.10347301708782,110.22273408486538,9.523605152566832
experiment_2026_06_14_21_46,SEN_demand_ORI,2026-03-16,Benito Juarez's Birthday,H2,H,observance_tier,True,2026-03-16,12,True,True,8,False,2,8,8,pearson,RidgeReg,standard,2,{},2026-03-15 10:00:00,2026-03-17,210.95381728823097,3.3507004356509973,222.836757,3.743,,14,24,4,4,8,4,0.08586590404874164,6147.107389345742,5928.03547403127,210.95381728823097,3.3507004356509973,2.4422963760226817,155.17320539109983,202.61788614753095,2.9642016351179117,1.2042466701241143,98.49057725802037,215.81644378697263,3.5761580692952974,3.1644920377968457,188.23807180206288,319.8051322860025,4.8789978513085055,-0.8512187739050514,-23.108826565841746,290.82456582445656,4.813535584104355,4.325720657209968,259.1710573659821,301.5016166260787,4.837653261495359,2.4184271825886454,155.17320539109966,98.49057725802037,188.23807180206288,hourly_window_mean_factor_top_available_analogs,4,5666.270919144737,,5666.270919144737,0.0,121.5994038238621,-70.93298556391926,1.9147256879430067e-13,121.5994038238621,-70.93298556391926,1.9147256879430067e-13,23.10882656584174,-259.17105736598216,-155.17320539109963,202.61788614753095,2.9642016351179117,319.8051322860025,4.8789978513085055,215.81644378697263,3.5761580692952974,290.82456582445656,4.813535584104355,301.5016166260787,4.837653261495359,-75.00812203748393,-1.2373775148090576,-1.9147962161905938,-1.4869528258443618,23.10882656584174,259.17105736598216,155.17320539109963
experiment_2026_06_14_21_46,SEN_demand_ORI,2026-04-02,Maundy Thursday,H1,G,observance_tier,True,2026-04-02,12,True,True,8,False,2,8,8,pearson,RidgeReg,standard,2,{},2026-04-01 10:00:00,2026-04-03,211.57043771700543,3.4515959289682137,210.285115,3.569,,14,24,4,4,8,4,0.06589355764082871,6396.848347222532,6234.9135773217495,211.57043771700543,3.4515959289682137,-1.961820342175086,-109.71424222253216,144.5419577667313,2.2006250867764647,-2.2006250867764647,-144.5419577667313,250.67038435466534,4.1813289202467345,-1.8225175744909483,-89.39807482174933,149.85990336809851,2.271320061165056,-2.2623032930669775,-149.2599461266706,221.94229054770992,3.7250952668741326,-1.7136030727838676,-86.64591494511717,195.38562158680045,3.1894938752971047,-1.91575578551975,-109.71424222253158,-144.5419577667313,-89.39807482174933,hourly_window_mean_factor_top_available_analogs,4,6409.977354539473,,6409.977354539473,0.0,4.717988359939292,-2.752159876632163,-5.74417706382902e-13,4.717988359939292,-2.752159876632163,-5.74417706382902e-13,149.25994612667057,86.64591494511717,109.7142422225316,144.5419577667313,2.2006250867764647,149.85990336809851,2.271320061165056,250.67038435466534,4.1813289202467345,221.94229054770992,3.7250952668741326,195.38562158680045,3.1894938752971047,28.728093806955428,0.4562336533726019,-0.07069497438859118,0.26210205367110895,149.25994612667057,86.64591494511717,109.7142422225316
experiment_2026_06_14_21_46,SEN_demand_ORI,2026-04-03,Good Friday,H2,G,observance_tier,True,2026-04-03,12,True,True,8,False,2,8,8,pearson,RidgeReg,standard,2,{},2026-04-02 10:00:00,2026-04-04,435.142763737329,6.810102156520265,201.088075,3.459,,14,24,4,4,8,4,0.06692986388939562,5760.845773631092,5587.9889933042405,435.142763737329,6.810102156520265,6.810102156520265,435.142763737329,441.9358908085924,6.625525833600294,6.625525833600294,441.9358908085924,431.18010627909206,6.917771678223578,6.917771678223578,431.18010627909206,367.2407088940419,5.444050775812606,5.426403188244506,366.24487238984403,475.3332003566955,7.604437135651463,7.604437135651463,475.3332003566955,435.5096508704548,6.808505318868727,6.802003576080479,435.1427637373292,441.9358908085924,431.18010627909206,hourly_window_mean_factor_top_available_analogs,4,5983.851031776316,,5983.851031776316,0.0,75.69101841874837,-44.15309407760348,-1.6753849769501309e-13,75.69101841874837,-44.15309407760348,-1.6753849769501309e-13,-366.244872389844,-475.33320035669556,-435.1427637373292,441.9358908085924,6.625525833600294,367.2407088940419,5.444050775812606,431.18010627909206,6.917771678223578,475.3332003566955,7.604437135651463,435.5096508704548,6.808505318868727,-44.15309407760344,-0.6866654574278854,1.1814750577876882,0.0015968376515376193,366.244872389844,475.33320035669556,435.1427637373292
experiment_2026_06_14_21_46,SEN_demand_ORI,2026-04-04,Holy Saturday,H3,G,observance_tier,True,2026-04-04,12,True,True,3,False,2,9,3,pearson,RidgeReg,minmax,2,{},2026-04-03 10:00:00,2026-04-05,572.7651229631635,8.951234900319783,223.902712,3.837,,14,24,3,4,3,3,0.07125544994352659,5795.43320363489,5560.938287382606,572.7651229631635,8.951234900319783,7.398107315341919,486.0300084703743,224.3187092701958,3.6622712825070596,-0.5533607338614356,-11.10517292451797,776.025530950728,12.036463677377208,12.036463677377208,776.025530950728,257.3265989371884,4.169201093254484,-0.27108792548724103,10.098443907249864,763.656754465529,11.784211633120814,11.784211633120814,763.656754465529,577.1140655866666,8.978681434222693,7.342785479949424,486.03000847037356,-11.10517292451797,776.025530950728,hourly_window_mean_factor_top_available_analogs,3,6260.545259210526,,6260.545259210526,0.0,-21.203616831767835,12.36877648519904,7.180221329786276e-13,-21.203616831767835,12.36877648519904,7.180221329786276e-13,-10.098443907249866,-763.6567544655289,-486.03000847037356,224.3187092701958,3.6622712825070596,257.3265989371884,4.169201093254484,776.025530950728,12.036463677377208,763.656754465529,11.784211633120814,577.1140655866666,8.978681434222693,12.368776485198964,0.25225204425639447,-0.5069298107474247,-0.02744653390291063,10.098443907249866,763.6567544655289,486.03000847037356
experiment_2026_06_14_21_46,SEN_demand_ORI,2026-05-01,Labor Day,H2,F,observance_tier,True,2026-05-01,12,True,True,6,False,2,10,6,pearson,RidgeReg,minmax,2,{},2026-04-30 10:00:00,2026-05-02,224.04589412105398,3.1298821070611034,217.135421,3.827,,14,24,4,4,6,4,0.07201219661999896,7707.361319552449,7467.924510835665,224.04589412105398,3.1298821070611034,-3.029019062482358,-215.9592461313974,123.51740689600592,1.5023027324805427,-1.2285316114810911,-101.56793378122373,282.6875116689987,4.079303408899764,-4.079303408899764,-282.6875116689987,102.25774997375025,1.2675878762970239,-1.118136328174159,-90.12736348072296,289.3611776776218,4.223957847500439,-4.223957847500439,-289.3611776776218,220.42833589198494,3.1347689107412857,-3.0797078140644403,-215.9592461313959,-101.56793378122373,-282.6875116689987,hourly_window_mean_factor_top_available_analogs,4,6722.913177894737,,6722.913177894737,0.0,-11.440570300500765,6.673666008623134,-1.4599783370565428e-12,-11.440570300500765,6.673666008623134,-1.4599783370565428e-12,90.12736348072296,289.3611776776218,215.95924613139596,123.51740689600592,1.5023027324805427,102.25774997375025,1.2675878762970239,282.6875116689987,4.079303408899764,289.3611776776218,4.223957847500439,220.42833589198494,3.1347689107412857,-6.673666008623115,-0.14465443860067495,0.23471485618351884,-0.00488680368018235,90.12736348072296,289.3611776776218,215.95924613139596
experiment_2026_06_14_21_46,SEN_demand_PEN,2025-01-01,New Year's Day,H3,H,observance_tier,True,2025-01-01,12,True,True,6,False,2,6,6,pearson,RidgeReg,standard,2,{},2024-12-31 10:00:00,2025-01-02,26.820030761129896,1.699968307470207,95.527891,5.675,,14,24,4,4,6,4,0.07119776953480543,1594.2974871611693,1528.0308663414216,26.820030761129896,1.699968307470207,-0.8584112471620373,-13.415513740116497,15.17328988285031,0.8899903029023667,0.21339044219751718,4.125322862120876,33.61396294012632,2.172455476801447,-1.483628899288444,-23.647668424754965,38.30292493989032,2.2716935507917966,1.0594697221420524,17.896233906658058,44.08134848575825,2.9834482346522475,-2.1563214586972888,-31.680699867401984,41.95245560043848,2.7212228248089234,-0.9715562868091104,-13.415513740116706,4.125322862120876,-23.647668424754965,hourly_window_mean_factor_top_available_analogs,4,1334.5939683552633,,1334.5939683552633,0.0,-13.770911044537181,8.03303144264702,2.0942312211876637e-13,-13.770911044537181,8.03303144264702,2.0942312211876637e-13,-17.896233906658058,31.680699867401984,13.415513740116706,15.17328988285031,0.8899903029023667,38.30292493989032,2.2716935507917966,33.61396294012632,2.172455476801447,44.08134848575825,2.9834482346522475,41.95245560043848,2.7212228248089234,-10.467385545631927,-0.8109927578508005,-1.3817032478894298,-1.0212545173387164,17.896233906658058,31.680699867401984,13.415513740116706
experiment_2026_06_14_21_46,SEN_demand_PEN,2025-02-03,Constitution Day,H2,H,observance_tier,True,2025-02-03,12,True,True,6,False,2,6,6,pearson,RidgeReg,standard,2,{},2025-02-02 10:00:00,2025-02-04,78.87563158274567,4.610367118053452,83.83801,5.287,,14,24,4,4,6,4,0.07391899497764966,1569.249972832061,1556.9799775135577,78.87563158274567,4.610367118053452,3.829162481423756,67.63821032583341,78.11991872707848,4.573950316387072,2.5825847839137483,49.52046305050395,79.31646408188485,4.63161025235884,4.55633280497126,78.20689623644229,70.90150566859381,4.054040605653957,3.6481221513874575,65.08844270594508,69.63357660886219,4.0666166184310555,4.032043680893893,69.1255747707687,70.10070836771068,4.061983350565809,3.8905989068652067,67.63821032583368,49.52046305050395,78.20689623644229,hourly_window_mean_factor_top_available_analogs,4,1720.474300394737,,1720.474300394737,0.0,-15.567979655441134,9.081321465673597,-2.5130774654251967e-13,-15.567979655441134,9.081321465673597,-2.5130774654251967e-13,-65.08844270594508,-69.1255747707687,-67.63821032583367,78.11991872707848,4.573950316387072,70.90150566859381,4.054040605653957,79.31646408188485,4.63161025235884,69.63357660886219,4.0666166184310555,70.10070836771068,4.061983350565809,9.68288747302266,0.5649936339277843,0.5199097107331152,0.5483837674876426,65.08844270594508,69.1255747707687,67.63821032583367
experiment_2026_06_14_21_46,SEN_demand_PEN,2025-03-17,Benito Juarez's Birthday,H2,H,observance_tier,True,2025-03-17,12,True,True,6,False,2,6,6,pearson,RidgeReg,standard,2,{},2025-03-16 10:00:00,2025-03-18,192.37964860887237,11.24680548944505,67.481793,4.2,,14,24,4,4,6,4,0.07475677729071233,2011.3412638720301,1982.6966707640674,192.37964860887237,11.24680548944505,-11.24680548944505,-192.37964860887237,67.66238134282382,3.4819237271375676,-3.4819237271375676,-67.66238134282382,265.1313878474006,15.776319850791083,-15.776319850791083,-265.1313878474006,60.81571307944408,3.2336004969145797,-2.5640748404735705,-45.84541397646141,278.67887658545635,16.72785028309737,-16.6904285303178,-277.85795214444516,198.41350055692547,11.75628457239845,-11.485982434059398,-192.37964860887217,-67.66238134282382,-265.1313878474006,hourly_window_mean_factor_top_available_analogs,4,2022.9320319078952,,2022.9320319078952,0.0,-21.816967366362423,12.726564297044556,-1.1967035549643792e-13,-21.816967366362423,12.726564297044556,-1.1967035549643792e-13,45.8454139764614,277.85795214444516,192.37964860887226,67.66238134282382,3.4819237271375676,60.81571307944408,3.2336004969145797,265.1313878474006,15.776319850791083,278.67887658545635,16.72785028309737,198.41350055692547,11.75628457239845,-13.547488738055733,-0.9515304323062885,0.24832323022298786,-0.5094790829533995,45.8454139764614,277.85795214444516,192.37964860887226
experiment_2026_06_14_21_46,SEN_demand_PEN,2025-04-17,Maundy Thursday,H1,G,observance_tier,True,2025-04-17,12,True,True,6,False,2,6,6,pearson,RidgeReg,standard,2,{},2025-04-16 10:00:00,2025-04-18,80.36647310001547,4.356836606335495,71.4625,4.362,,14,24,4,4,6,4,0.07384558945096037,1759.2184508952923,1685.9922427628944,80.36647310001547,4.356836606335495,2.977825983785799,56.2222912099709,21.67342118332088,1.16581271982881,-0.2080561779216876,-2.5714484079741817,114.60408671808732,6.218267206797729,4.836257244781834,90.51863932043887,55.96043878694093,3.100368028842639,-1.1631117707583702,-17.218242259353133,119.91599015668508,6.3561929483841615,5.067343324460326,99.06260240040983,96.35341859941092,5.156678504342548,2.77191249990607,56.22229120997085,-2.5714484079741817,90.51863932043887,hourly_window_mean_factor_top_available_analogs,4,1789.407032236842,,1789.407032236842,0.0,14.64679385137895,-8.54396307997096,5.983517774821896e-14,14.64679385137895,-8.54396307997096,5.983517774821896e-14,17.218242259353133,-99.06260240040983,-56.22229120997084,21.67342118332088,1.16581271982881,55.96043878694093,3.100368028842639,114.60408671808732,6.218267206797729,119.91599015668508,6.3561929483841615,96.35341859941092,5.156678504342548,-5.311903438597767,-0.13792574158643234,-1.934555309013829,-0.7998418980070525,17.218242259353133,99.06260240040983,56.22229120997084
experiment_2026_06_14_21_46,SEN_demand_PEN,2025-04-18,Good Friday,H2,G,observance_tier,True,2025-04-18,12,True,True,6,False,2,6,6,pearson,RidgeReg,standard,2,{},2025-04-17 10:00:00,2025-04-19,51.97428152346052,2.7932746652033287,74.117676,4.486,,14,24,4,4,6,4,0.07002745969049917,1760.9215802945312,1723.3157440645182,51.97428152346052,2.7932746652033287,2.0440138345456487,40.241735758100084,28.949159008278325,1.489469634930886,1.390681696641792,27.292431168302592,65.40560299065014,3.5538275995289204,2.4251242483228985,47.79549676881529,48.0124984743136,2.677716754644684,-0.6067807091432869,-6.713963957910421,91.89141418668937,4.774838652855377,3.191775644828187,67.63256059244006,75.72549787160357,4.0022147956198575,1.7923075144176441,40.24173575810041,27.292431168302592,47.79549676881529,hourly_window_mean_factor_top_available_analogs,4,1869.8462690131578,,1869.8462690131578,0.0,34.006395126213015,-19.83706382362477,-3.231099598403824e-13,34.006395126213015,-19.83706382362477,-3.231099598403824e-13,6.713963957910423,-67.63256059244006,-40.241735758100404,28.949159008278325,1.489469634930886,48.0124984743136,2.677716754644684,65.40560299065014,3.5538275995289204,91.89141418668937,4.774838652855377,75.72549787160357,4.0022147956198575,-26.485811196039236,-1.2210110533264564,-1.1882471197137978,-1.2089401304165288,6.713963957910423,67.63256059244006,40.241735758100404
experiment_2026_06_14_21_46,SEN_demand_PEN,2025-04-19,Holy Saturday,H3,G,observance_tier,True,2025-04-19,12,True,True,6,False,2,7,6,pearson,RidgeReg,standard,2,{},2025-04-18 10:00:00,2025-04-20,151.54984085538644,8.178422551576892,74.679999,4.541,,14,24,4,4,6,4,0.07002745969049917,1682.838834969523,1642.529668362975,151.54984085538644,8.178422551576892,7.9067537732773285,147.37223081995057,86.0759823725774,4.380748858336186,3.643362174380234,74.73675513353722,189.74292497035842,10.3937322059673,10.3937322059673,189.74292497035842,116.65829683215648,6.208930836530986,1.9459886022595234,49.73115229159782,204.32952662815637,10.835694967560121,10.835694967560121,204.32952662815637,172.02959986120908,9.131097656128336,7.560539990870428,147.37223081995063,74.73675513353722,189.74292497035842,hourly_window_mean_factor_top_available_analogs,4,1869.8462690131576,,1869.8462690131576,0.0,25.005602841939385,-14.586601657797976,0.0,25.005602841939385,-14.586601657797976,0.0,-49.73115229159783,-204.3295266281564,-147.37223081995057,86.0759823725774,4.380748858336186,116.65829683215648,6.208930836530986,189.74292497035842,10.3937322059673,204.32952662815637,10.835694967560121,172.02959986120908,9.131097656128336,-14.586601657797956,-0.441962761592821,-1.8281819781948005,-0.9526751045514441,49.73115229159783,204.3295266281564,147.37223081995057
experiment_2026_06_14_21_46,SEN_demand_PEN,2025-05-01,Labor Day,H2,F,observance_tier,True,2025-05-01,12,True,True,7,False,2,8,7,pearson,RidgeReg,standard,2,{},2025-04-30 10:00:00,2025-05-02,59.49208413532081,2.7825587799502696,87.439708,5.262,,14,24,4,4,7,4,0.07023186977182283,2046.4396464051147,2016.4009516351596,59.49208413532081,2.7825587799502696,1.0946076494602253,24.723989384359008,68.22153827496209,3.031292219724347,3.031292219724347,68.22153827496209,54.3999025538634,2.6374642734153912,-0.03512501652717873,-0.6495808018261187,74.16258654321094,3.274643246311371,3.220270945637849,73.10575343902549,66.0505647646844,3.3455768948336613,-0.5552811961753741,-3.498706314196435,69.03920436729943,3.319443445378081,0.8357116981768657,24.723989384359008,68.22153827496209,-0.6495808018261187,hourly_window_mean_factor_top_available_analogs,4,1752.1114278289472,,1752.1114278289472,0.0,-4.8842151640633995,2.8491255123703163,0.0,-4.8842151640633995,2.8491255123703163,0.0,-73.10575343902549,3.498706314196435,-24.723989384359008,68.22153827496209,3.031292219724347,74.16258654321094,3.274643246311371,54.3999025538634,2.6374642734153912,66.0505647646844,3.3455768948336613,69.03920436729943,3.319443445378081,-11.650662210820997,-0.70811262141827,-0.24335102658702423,-0.5368846654278112,73.10575343902549,3.498706314196435,24.723989384359008
experiment_2026_06_14_21_46,SEN_demand_PEN,2025-09-16,Independence Day,H2,H,observance_tier,True,2025-09-16,12,True,True,7,False,2,8,7,pearson,RidgeReg,standard,2,{},2025-09-15 10:00:00,2025-09-17,127.54810394229462,6.453860844849078,85.263711,4.977,,14,24,4,4,7,4,0.07906909119544249,1806.6481384261267,1742.4673070149474,127.54810394229462,6.453860844849078,6.453860844849078,127.54810394229462,170.4917062975667,8.259038978631482,8.259038978631482,170.4917062975667,102.49766923505251,5.400840266809344,5.400840266809344,102.49766923505251,225.5868481514652,10.849485989647032,10.849485989647032,225.5868481514652,74.75956181251573,3.8436193653611945,3.5608590279229375,70.3588364869447,130.32750941107605,6.424728121677031,6.246142645400237,127.54810394229435,170.4917062975667,102.49766923505251,hourly_window_mean_factor_top_available_analogs,4,2019.634716907895,,2019.634716907895,0.0,-55.095141853898554,32.1388327481078,1.9745608656912259e-13,-55.095141853898554,32.1388327481078,1.9745608656912259e-13,-225.58684815146526,-70.35883648694471,-127.54810394229442,170.4917062975667,8.259038978631482,225.5868481514652,10.849485989647032,102.49766923505251,5.400840266809344,74.75956181251573,3.8436193653611945,130.32750941107605,6.424728121677031,27.738107422536785,1.5572209014481495,-2.5904470110155504,0.029132723172047292,225.58684815146526,70.35883648694471,127.54810394229442
experiment_2026_06_14_21_46,SEN_demand_PEN,2025-11-17,Mexican Revolution Day,H2,F,observance_tier,True,2025-11-17,12,True,True,8,False,2,8,8,pearson,RidgeReg,standard,2,{},2025-11-16 10:00:00,2025-11-18,33.68612201556132,2.0575447323446343,92.188246,5.254,,14,24,4,4,8,4,0.08557175999219786,1625.5434470771318,1636.033937602763,33.68612201556132,2.0575447323446343,0.8550530129347768,15.297769501815752,49.6203031936249,2.973290612490256,2.063104226513404,36.95276096680792,24.391182995024234,1.523359635593021,0.15035647168057678,2.665691147236989,39.9999284009314,2.512145909290457,-0.12377905484817621,3.124555434579309,29.215273953431176,1.6844273946594086,1.2203851012769356,22.398811041036794,33.188567697247045,1.9893763211024265,0.7251667279676838,15.297769501815615,36.95276096680792,2.665691147236989,hourly_window_mean_factor_top_available_analogs,4,1682.152084868421,,1682.152084868421,0.0,33.82820553222861,-19.733119893799806,1.3762090882090361e-13,33.82820553222861,-19.733119893799806,1.3762090882090361e-13,-3.124555434579314,-22.398811041036794,-15.297769501815615,49.6203031936249,2.973290612490256,39.9999284009314,2.512145909290457,24.391182995024234,1.523359635593021,29.215273953431176,1.6844273946594086,33.188567697247045,1.9893763211024265,-4.824090958406941,-0.1610677590663876,0.46114470319979883,0.06816841124220785,3.124555434579314,22.398811041036794,15.297769501815615
experiment_2026_06_14_21_46,SEN_demand_PEN,2025-12-24,Christmas Eve,H1,G,observance_tier,True,2025-12-24,12,True,True,8,False,2,8,8,pearson,RidgeReg,standard,2,{},2025-12-23 10:00:00,2025-12-25,43.91335700971519,2.604401491006831,89.584065,5.06,,14,24,4,4,8,4,0.06283953596892071,1767.7517024708995,1726.5158493989845,43.91335700971519,2.604401491006831,-2.2356506102043356,-37.6325966814257,29.827836209473162,1.7521317694733551,-1.5997863408406354,-26.908032737039612,52.129910809856376,3.101558828568025,-2.6065714339998274,-43.888592315650925,46.412971637760656,2.653239973914521,-2.2823407774196816,-39.26794764145812,52.935611331163784,3.179917896051078,-2.2061705355645955,-36.67864195474044,50.532533549383686,2.985878661579715,-2.234233256248048,-37.6325966814259,-26.908032737039612,-43.888592315650925,hourly_window_mean_factor_top_available_analogs,4,1727.1369384210527,,1727.1369384210527,0.0,12.359914904418506,-7.209950360910483,1.9745608656912259e-13,12.359914904418506,-7.209950360910483,1.9745608656912259e-13,39.26794764145812,36.67864195474044,37.6325966814259,29.827836209473162,1.7521317694733551,46.412971637760656,2.653239973914521,52.129910809856376,3.101558828568025,52.935611331163784,3.179917896051078,50.532533549383686,2.985878661579715,-0.8057005213074078,-0.07835906748305277,-0.901108204441166,-0.3814771705728841,39.26794764145812,36.67864195474044,37.6325966814259
experiment_2026_06_14_21_46,SEN_demand_PEN,2025-12-25,Christmas Day,H2,H,observance_tier,True,2025-12-25,12,True,True,8,False,2,8,8,pearson,RidgeReg,standard,2,{},2025-12-24 10:00:00,2025-12-26,184.87153895906772,12.516496263246902,87.617727,4.938,,14,24,4,4,8,4,0.0772613265093585,1745.0380668538048,1706.948718441706,184.87153895906772,12.516496263246902,-12.516496263246902,-184.87153895906772,94.6099419888303,5.54961927542339,-5.54961927542339,-94.6099419888303,237.52413719170622,16.58050783947729,-16.58050783947729,-237.52413719170622,147.90641566282798,8.586091749476507,-8.586091749476507,-147.90641566282798,206.43452754854138,14.352370775147401,-14.352370775147401,-206.43452754854138,184.871538959068,12.227952186742334,-12.227952186742334,-184.871538959068,-94.6099419888303,-237.52413719170622,hourly_window_mean_factor_top_available_analogs,4,1611.7007025657895,,1611.7007025657895,0.0,53.29647367399765,-31.089609643164817,3.051594065159167e-13,53.29647367399765,-31.089609643164817,3.051594065159167e-13,147.90641566282795,206.4345275485414,184.87153895906803,94.6099419888303,5.54961927542339,147.90641566282798,8.586091749476507,237.52413719170622,16.58050783947729,206.43452754854138,14.352370775147401,184.871538959068,12.227952186742334,31.089609643164835,2.2281370643298875,-3.0364724740531175,0.2885440765045679,147.90641566282795,206.4345275485414,184.87153895906803
experiment_2026_06_14_21_46,SEN_demand_PEN,2025-12-31,New Year's Eve,H1,G,observance_tier,True,2025-12-31,12,True,True,8,False,2,8,8,pearson,RidgeReg,standard,2,{},2025-12-30 10:00:00,2026-01-01,187.30270465184637,13.366241860819516,91.203549,5.236,,14,24,4,4,8,4,0.06483425496531406,1640.5065670202673,1590.022114720854,187.30270465184637,13.366241860819516,-13.366241860819516,-187.30270465184637,99.0692873906903,6.06628095159987,-6.06628095159987,-99.0692873906903,238.77219805418738,17.624552391197643,-17.624552391197643,-238.77219805418738,93.19479416791205,5.715766694416807,-5.715766694416807,-93.19479416791205,242.19898576747457,17.88478063478838,-17.88478063478838,-242.19898576747457,187.30270465184626,13.401459709388327,-13.401459709388327,-187.30270465184626,-99.0692873906903,-238.77219805418738,hourly_window_mean_factor_top_available_analogs,4,1489.679803881579,,1489.679803881579,0.0,-5.874493222778256,3.426787713287174,-8.975276662232845e-14,-5.874493222778256,3.426787713287174,-8.975276662232845e-14,93.19479416791205,242.19898576747457,187.30270465184628,99.0692873906903,6.06628095159987,93.19479416791205,5.715766694416807,238.77219805418738,17.624552391197643,242.19898576747457,17.88478063478838,187.30270465184626,13.401459709388327,-3.426787713287183,-0.2602282435907384,0.35051425718306284,-0.03521784856881105,93.19479416791205,242.19898576747457,187.30270465184628
experiment_2026_06_14_21_46,SEN_demand_PEN,2026-01-01,New Year's Day,H3,H,observance_tier,True,2026-01-01,12,True,True,4,False,2,8,4,euclidian,PCR,standard,2,{},2025-12-31 10:00:00,2026-01-02,232.3908556931123,20.157879596112526,104.162258,6.151,,14,24,4,4,4,4,0.060520074536837144,1461.0601693773226,1442.696812570357,232.3908556931123,20.157879596112526,-20.157879596112526,-232.3908556931123,115.80600676069244,8.50167931634081,-8.50167931634081,-115.80600676069244,300.39868423702393,26.9573297593127,-26.9573297593127,-300.39868423702393,119.81406644450976,8.897493100073445,-8.897493100073445,-119.81406644450976,298.06064942146344,26.849188695602077,-26.849188695602077,-298.06064942146344,232.39085569311212,20.235406107775738,-20.235406107775738,-232.39085569311212,-115.80600676069244,-300.39868423702393,hourly_window_mean_factor_top_available_analogs,4,1524.7941113157895,,1524.7941113157895,0.0,4.008059683817318,-2.338034815560538,-2.7524181764180723e-13,4.008059683817318,-2.338034815560538,-2.7524181764180723e-13,119.81406644450976,298.0606494214634,232.390855693112,115.80600676069244,8.50167931634081,119.81406644450976,8.897493100073445,300.39868423702393,26.9573297593127,298.06064942146344,26.849188695602077,232.39085569311212,20.235406107775738,2.3380348155604906,0.10814106371062238,-0.39581378373263476,-0.077526511663212,119.81406644450976,298.0606494214634,232.390855693112
experiment_2026_06_14_21_46,SEN_demand_PEN,2026-02-02,Constitution Day,H2,H,observance_tier,True,2026-02-02,12,True,True,8,False,2,8,8,pearson,RidgeReg,standard,2,{},2026-02-01 10:00:00,2026-02-03,107.97486144846526,10.327956885459717,96.43451,6.244,,14,24,4,4,8,4,0.09845810893610987,1183.75286092215,1177.476866561065,107.97486144846526,10.327956885459717,-10.327956885459717,-107.97486144846526,96.75563339829439,9.117293266227657,-9.117293266227657,-96.75563339829439,114.5194111443983,11.03417733001175,-11.03417733001175,-114.5194111443983,131.29239942564138,12.66308887051608,-12.66308887051608,-131.29239942564138,94.37296429511325,9.358671639082418,-9.358671639082418,-94.37296429511325,107.97486144846572,10.576088513821139,-10.576088513821139,-107.97486144846572,-96.75563339829439,-114.5194111443983,hourly_window_mean_factor_top_available_analogs,4,1224.0269742105263,,1224.0269742105263,0.0,34.53676602734698,-20.146446849285052,4.338050386745875e-13,34.53676602734698,-20.146446849285052,4.338050386745875e-13,131.29239942564138,94.37296429511325,107.9748614484657,96.75563339829439,9.117293266227657,131.29239942564138,12.66308887051608,114.5194111443983,11.03417733001175,94.37296429511325,9.358671639082418,107.97486144846572,10.576088513821139,20.146446849285056,1.6755056909293309,-3.5457956042884238,-0.24813162836142233,131.29239942564138,94.37296429511325,107.9748614484657
experiment_2026_06_14_21_46,SEN_demand_PEN,2026-03-16,Benito Juarez's Birthday,H2,H,observance_tier,True,2026-03-16,12,True,True,5,False,2,8,5,pearson,RidgeReg,minmax,2,{},2026-03-15 10:00:00,2026-03-17,158.09264098011457,7.957821264319862,98.59746,6.73,,14,24,4,4,5,4,0.08179982580033855,1789.894625448927,1769.5846247671832,158.09264098011457,7.957821264319862,5.2619851745355355,115.74912823528341,150.2308665469107,7.945906596312848,0.6286372097553843,35.29847481094047,162.67867606615013,7.964771487323955,7.964771487323955,162.67867606615013,122.21335665335053,6.260694240388574,2.1089206998592283,57.6597141808001,149.63461976706557,7.425673748878396,7.425673748878396,149.63461976706557,139.53204914622313,6.996470772066357,5.466869993976599,115.74912823528355,35.29847481094047,162.67867606615013,hourly_window_mean_factor_top_available_analogs,4,1974.116358881579,,1974.116358881579,0.0,-22.361239369859636,13.044056299084579,-1.3163739104608172e-13,-22.361239369859636,13.044056299084579,-1.3163739104608172e-13,-57.65971418080011,-149.63461976706554,-115.74912823528354,150.2308665469107,7.945906596312848,122.21335665335053,6.260694240388574,162.67867606615013,7.964771487323955,149.63461976706557,7.425673748878396,139.53204914622313,6.996470772066357,13.04405629908456,0.5390977384455589,1.685212355924274,0.961350492253505,57.65971418080011,149.63461976706554,115.74912823528354
experiment_2026_06_14_21_46,SEN_demand_PEN,2026-04-02,Maundy Thursday,H1,G,observance_tier,True,2026-04-02,12,True,True,5,False,2,8,5,pearson,RidgeReg,minmax,2,{},2026-04-01 10:00:00,2026-04-03,131.58528206075488,7.540205206846097,100.228292,6.77,,14,24,4,4,5,4,0.08984045125188095,1890.8370110530423,1869.7048782291865,131.58528206075488,7.540205206846097,-6.865030376128088,-119.04469842146385,52.56731434344355,2.6953978782928334,-0.8627804806296699,-18.528587322510766,177.67909656251982,10.366342815168833,-10.366342815168833,-177.67909656251982,60.06983343753033,3.0649583621276553,-1.7624399916808606,-36.344846432646186,168.23228793458523,9.751623666269143,-9.697016522993847,-167.2862787482733,128.382962593565,7.288115396322279,-6.773751485141695,-119.04469842146332,-18.528587322510766,-177.67909656251982,hourly_window_mean_factor_top_available_analogs,4,1821.4179290789473,,1821.4179290789473,0.0,17.816259110135416,-10.392817814246504,-5.325330819591488e-13,17.816259110135416,-10.392817814246504,-5.325330819591488e-13,36.34484643264618,167.2862787482733,119.04469842146332,52.56731434344355,2.6953978782928334,60.06983343753033,3.0649583621276553,177.67909656251982,10.366342815168833,168.23228793458523,9.751623666269143,128.382962593565,7.288115396322279,9.446808627934587,0.6147191488996899,-0.3695604838348219,0.2520898105238176,36.34484643264618,167.2862787482733,119.04469842146332
experiment_2026_06_14_21_46,SEN_demand_PEN,2026-04-03,Good Friday,H2,G,observance_tier,True,2026-04-03,12,True,True,4,False,2,8,4,pearson,PCR,minmax,2,{},2026-04-02 10:00:00,2026-04-04,60.84318710661158,3.683416162842357,103.652606,6.935,,14,24,4,4,4,4,0.0851632633666508,1647.1004769722895,1589.4841274522717,60.84318710661158,3.683416162842357,-1.216774509803475,-18.300206709131764,66.74389932396355,3.8366481720354355,-1.8892082506592136,-33.38341686374891,57.40110497982295,3.594030824146396,-0.8245214943042942,-9.50166745227176,62.177123081388004,3.578347246690179,-1.5565761467054124,-27.567696948013545,55.99057470084398,3.5198984634485377,-1.0649280360517543,-12.894170736450425,58.2698293673602,3.5414322256954582,-1.2460615505031019,-18.300206709131572,-33.38341686374891,-9.50166745227176,hourly_window_mean_factor_top_available_analogs,4,1706.4457782894735,,1706.4457782894735,0.0,-5.815719915735372,3.3925032841786638,-1.9147256879430067e-13,-5.815719915735372,3.3925032841786638,-1.9147256879430067e-13,27.56769694801354,12.894170736450425,18.300206709131572,66.74389932396355,3.8366481720354355,62.177123081388004,3.578347246690179,57.40110497982295,3.594030824146396,55.99057470084398,3.5198984634485377,58.2698293673602,3.5414322256954582,1.4105302789789675,0.07413236069785833,0.2583009253452566,0.14198393714689894,27.56769694801354,12.894170736450425,18.300206709131572
experiment_2026_06_14_21_46,SEN_demand_PEN,2026-04-04,Holy Saturday,H3,G,observance_tier,True,2026-04-04,12,True,True,5,False,2,9,5,pearson,RidgeReg,minmax,2,{},2026-04-03 10:00:00,2026-04-05,236.85204884722924,13.645159813036365,105.147192,7.144,,14,24,4,4,5,4,0.0743178091199887,1449.6218144726997,1417.6279745006175,236.85204884722924,13.645159813036365,13.197159673258751,230.79277473782656,168.72084101496634,9.63701314300492,8.421012763608536,152.2742398608734,276.5952534160493,15.98324537055471,15.98324537055471,276.5952534160493,156.33046300845425,8.960753520681406,7.707749993466562,139.38295445117754,284.11516990503856,16.593858862279635,16.593858862279635,284.11516990503856,237.03659367998117,13.781662157480289,13.320029279032715,230.7927747378266,152.2742398608734,276.5952534160493,hourly_window_mean_factor_top_available_analogs,4,1515.4718917105263,,1515.4718917105263,0.0,12.891285409695845,-7.519916488989272,-1.7950553324465688e-14,12.891285409695845,-7.519916488989272,-1.7950553324465688e-14,-139.38295445117754,-284.11516990503856,-230.7927747378266,168.72084101496634,9.63701314300492,156.33046300845425,8.960753520681406,276.5952534160493,15.98324537055471,284.11516990503856,16.593858862279635,237.03659367998117,13.781662157480289,-7.519916488989281,-0.6106134917249246,0.6762596223235136,-0.13650234444392417,139.38295445117754,284.11516990503856,230.7927747378266
experiment_2026_06_14_21_46,SEN_demand_PEN,2026-05-01,Labor Day,H2,F,observance_tier,True,2026-05-01,12,True,True,10,False,2,10,10,euclidian,RidgeReg,minmax,2,{},2026-04-30 10:00:00,2026-05-02,93.92304592779341,4.00193945921869,120.261771,8.087,,14,24,4,4,10,4,0.06300887237114412,2207.8003769959973,2163.52723107569,93.92304592779341,4.00193945921869,3.194808933419555,77.6251593197917,81.72903769552032,3.379013004299831,1.9153796523300965,51.60695356918882,101.03621739661939,4.365313224588025,3.9411426807217396,92.80244600764338,132.04522483093578,5.617340789768436,1.515007703653637,47.95498454949859,152.49750452751024,6.513389115764594,3.535004821589601,94.9327612691301,144.96245411298284,6.183266048292324,2.790795357086877,77.62515931979219,51.60695356918882,92.80244600764338,hourly_window_mean_factor_top_available_analogs,4,1402.211745394737,,1402.211745394737,0.0,3.6519690196902275,-2.1303152614867145,-4.726979042109298e-13,3.6519690196902275,-2.1303152614867145,-4.726979042109298e-13,-47.95498454949859,-94.9327612691301,-77.62515931979217,81.72903769552032,3.379013004299831,132.04522483093578,5.617340789768436,101.03621739661939,4.365313224588025,152.49750452751024,6.513389115764594,144.96245411298284,6.183266048292324,-51.46128713089085,-2.1480758911765685,-2.238327785468605,-2.1813265890736337,47.95498454949859,94.9327612691301,77.62515931979217
experiment_2026_06_14_21_46,SEN_demand_SIN,2025-01-01,New Year's Day,H3,H,observance_tier,True,2025-01-01,12,True,True,6,False,2,6,6,pearson,RidgeReg,standard,2,{},2024-12-31 10:00:00,2025-01-02,253.43418619454246,1.015307627509217,917.591834,3.12,,14,24,4,4,6,4,0.1031469184830445,26310.694513036706,24536.18529142147,253.43418619454246,1.015307627509217,-0.08105395246534217,-20.221634615652395,178.30595952904332,0.6096286674452729,-0.037019408065969976,-7.045647234258338,297.2589850827503,1.2519536875465178,-0.10674077003164266,-27.90762725479893,383.3949141521979,1.2910712922308318,-0.08663648003404409,-11.221154069800832,405.20104314109693,1.6993941310291005,-0.19775588887660087,-25.471914934065655,397.16720614518675,1.5489594009455276,-0.1568171593030273,-20.2216346156523,-7.045647234258338,-27.90762725479893,hourly_window_mean_factor_top_available_analogs,4,29113.46204953947,,29113.46204953947,0.0,4.175506835542494,-2.4357123207332734,-9.573628439715034e-14,4.175506835542494,-2.4357123207332734,-9.573628439715034e-14,11.221154069800832,25.471914934065655,20.2216346156523,178.30595952904332,0.6096286674452729,383.3949141521979,1.2910712922308318,297.2589850827503,1.2519536875465178,405.20104314109693,1.6993941310291005,397.16720614518675,1.5489594009455276,-107.94205805834662,-0.4474404434825827,-0.681442624785559,-0.5336517734363107,11.221154069800832,25.471914934065655,20.2216346156523
experiment_2026_06_14_21_46,SEN_demand_SIN,2025-02-03,Constitution Day,H2,H,observance_tier,True,2025-02-03,12,True,True,6,False,2,6,6,pearson,RidgeReg,standard,2,{},2025-02-02 10:00:00,2025-02-04,428.4156443717598,1.478990101837277,728.627762,2.347,,14,24,4,4,6,4,0.0635451104714594,29642.721478830164,29489.326976332173,428.4156443717598,1.478990101837277,-0.6181705227464205,-155.48960040911018,342.8091898742836,1.177879808829758,-0.21883687063285504,-49.33154525528854,478.35274282862093,1.6546377727583301,-0.8511151531460003,-217.4151325821728,761.0581340772104,2.6243958677546138,-2.4765986465471252,-714.5110034298092,350.4558790367293,1.1445519387517384,0.4825165209018813,170.6062180196303,501.7303940516434,1.68975759680543,-0.6076838039477529,-155.48960040911055,-49.33154525528854,-217.4151325821728,hourly_window_mean_factor_top_available_analogs,4,28340.80953631579,,28340.80953631579,0.0,665.1794581745206,-388.0213506018031,3.8294513758860134e-13,665.1794581745206,-388.0213506018031,3.8294513758860134e-13,714.5110034298092,-170.6062180196303,155.48960040911055,342.8091898742836,1.177879808829758,761.0581340772104,2.6243958677546138,478.35274282862093,1.6546377727583301,350.4558790367293,1.1445519387517384,501.7303940516434,1.68975759680543,127.89686379189163,0.5100858340065917,-1.4465160589248558,-0.21076749496815284,714.5110034298092,170.6062180196303,155.48960040911055
experiment_2026_06_14_21_46,SEN_demand_SIN,2025-03-17,Benito Juarez's Birthday,H2,H,observance_tier,True,2025-03-17,12,True,True,6,False,2,6,6,pearson,RidgeReg,standard,2,{},2025-03-16 10:00:00,2025-03-18,522.7591329093271,1.668650083183094,724.198332,2.323,,14,24,4,4,6,4,0.06874499152357003,31492.483154599548,31039.72851404078,522.7591329093271,1.668650083183094,-1.5664074956131018,-492.32287907322575,592.5387342993436,1.9102577838396166,-1.8390152530750754,-567.7203684145619,482.0543654318176,1.5277122578001219,-1.4073863037602834,-448.34101029077965,937.9428059669962,3.0257575312245826,-2.7371785160048736,-839.4388940545996,307.2326690466819,1.0186089481536273,-0.9635724683077869,-289.83853700076696,539.5995615962714,1.7580847419166108,-1.6170062753540815,-492.3228790732316,-567.7203684145619,-448.34101029077965,hourly_window_mean_factor_top_available_analogs,4,30764.84855605263,,30764.84855605263,0.0,271.7185256400376,-158.50247329001272,5.839913348226171e-12,271.7185256400376,-158.50247329001272,5.839913348226171e-12,839.4388940545996,289.8385370007669,492.3228790732316,592.5387342993436,1.9102577838396166,937.9428059669962,3.0257575312245826,482.0543654318176,1.5277122578001219,307.2326690466819,1.0186089481536273,539.5995615962714,1.7580847419166108,174.82169638513568,0.5091033096464945,-1.115499747384966,-0.08943465873351686,839.4388940545996,289.8385370007669,492.3228790732316
experiment_2026_06_14_21_46,SEN_demand_SIN,2025-04-17,Maundy Thursday,H1,G,observance_tier,True,2025-04-17,12,True,True,6,False,2,6,6,pearson,RidgeReg,standard,2,{},2025-04-16 10:00:00,2025-04-18,1232.616903077318,3.2263232687749728,725.527833,2.28,,14,24,4,4,6,4,0.0658579218145118,37142.58514579731,35311.42455629827,1232.616903077318,3.2263232687749728,3.0756162409813035,1175.1198273605883,721.8286812926059,1.736149173035177,1.327087240452362,565.7651900614821,1530.5766991183998,4.095591491289853,4.095591491289853,1530.5766991183998,792.8259230898537,1.9042624196400284,1.5540103629023325,659.0369938948008,1476.1681468822917,3.91001155177384,3.91001155177384,1476.1681468822917,1224.410485485078,3.1710513451982254,3.0420111137685475,1175.1198273605848,565.7651900614821,1530.5766991183998,hourly_window_mean_factor_top_available_analogs,4,33293.81682664473,,33293.81682664473,0.0,-93.2718038333187,54.40855223610803,3.446506238297412e-12,-93.2718038333187,54.40855223610803,3.446506238297412e-12,-659.0369938948008,-1476.1681468822917,-1175.1198273605848,721.8286812926059,1.736149173035177,792.8259230898537,1.9042624196400284,1530.5766991183998,4.095591491289853,1476.1681468822917,3.91001155177384,1224.410485485078,3.1710513451982254,54.40855223610811,0.18557993951601315,-0.16811324660485139,0.05527192357674737,659.0369938948008,1476.1681468822917,1175.1198273605848
experiment_2026_06_14_21_46,SEN_demand_SIN,2025-04-18,Good Friday,H2,G,observance_tier,True,2025-04-18,12,True,True,6,False,2,6,6,pearson,RidgeReg,standard,2,{},2025-04-17 10:00:00,2025-04-19,710.3416021317411,2.0116018004967158,796.902773,2.44,,14,24,4,4,6,4,0.06958101732608049,34752.03956924836,32663.25918108704,710.3416021317411,2.0116018004967158,0.6893419565438171,237.72083759375096,792.1483054654522,2.124018375334397,-0.9567458979034384,-331.7556832391726,662.6210251870763,1.946025465174735,1.6495598716380495,569.9154747462898,858.7924024101319,2.2583300685918712,0.5212646943922543,239.2376616857899,835.3105412518903,2.4813956512032918,0.5483037020803753,236.83602354005674,843.9617532575583,2.3992135944517154,0.5383419624058043,237.72083759374792,-331.7556832391726,569.9154747462898,hourly_window_mean_factor_top_available_analogs,4,33871.76160105263,,33871.76160105263,0.0,-570.9933449249626,333.079451206233,3.0635611007088107e-12,-570.9933449249626,333.079451206233,3.0635611007088107e-12,-239.23766168579,-236.83602354005677,-237.7208375937479,792.1483054654522,2.124018375334397,858.7924024101319,2.2583300685918712,662.6210251870763,1.946025465174735,835.3105412518903,2.4813956512032918,843.9617532575583,2.3992135944517154,-172.68951606481403,-0.5353701860285567,-0.13431169325747438,-0.3876117939549997,239.23766168579,236.83602354005677,237.7208375937479
experiment_2026_06_14_21_46,SEN_demand_SIN,2025-04-19,Holy Saturday,H3,G,observance_tier,True,2025-04-19,12,True,True,6,False,2,6,6,pearson,RidgeReg,standard,2,{},2025-04-18 10:00:00,2025-04-20,1210.4127495196713,3.6306101544750766,817.941844,2.49,,14,24,4,4,6,4,0.05101382111301154,33116.103951168625,32170.365723805426,1210.4127495196713,3.6306101544750766,1.4934668705729126,500.74608725242416,963.1190416484068,2.900408742438651,-2.900408742438651,-963.1190416484068,1354.6674124445756,4.056560978162992,4.056560978162992,1354.6674124445756,831.9653993920549,2.529045252916453,-0.9620924135194721,-266.2126343530584,959.6777388627597,2.7671418708848265,2.7314555711453194,948.13867485563,912.625824320921,2.6794220642648994,1.37067473468987,500.74608725242905,-963.1190416484068,1354.6674124445756,hourly_window_mean_factor_top_available_analogs,4,30470.020174144738,,30470.020174144738,0.0,-696.9064072953485,406.5287375889455,-4.882550504254667e-12,-696.9064072953485,406.5287375889455,-4.882550504254667e-12,266.2126343530583,-948.1386748556301,-500.74608725242905,963.1190416484068,2.900408742438651,831.9653993920549,2.529045252916453,1354.6674124445756,4.056560978162992,959.6777388627597,2.7671418708848265,912.625824320921,2.6794220642648994,394.98967358181585,1.289419107278165,0.371363489522198,0.9511880902101773,266.2126343530583,948.1386748556301,500.74608725242905
experiment_2026_06_14_21_46,SEN_demand_SIN,2025-05-01,Labor Day,H2,F,observance_tier,True,2025-05-01,12,True,True,6,False,2,6,6,pearson,RidgeReg,standard,2,{},2025-04-30 10:00:00,2025-05-02,1113.2805945553198,2.7493097645023408,876.751089,2.671,,14,24,4,4,6,4,0.06147948176187305,39813.946147578055,38377.38462731413,1113.2805945553198,2.7493097645023408,0.12155428077205084,114.95200557983021,1338.435836969484,3.0454955883156565,3.0454955883156565,1338.435836969484,981.9400364803909,2.576534700611238,-1.5840781486283861,-598.7468960641345,1817.010965342306,4.117982765174991,4.117982765174991,1817.010965342306,1456.700593214826,3.886250878835483,-2.3924562040403146,-877.9157209482664,1589.4465197881082,3.971625784328987,0.006126574091640244,114.95200557983921,1338.435836969484,-598.7468960641345,hourly_window_mean_factor_top_available_analogs,4,31686.700256118424,,31686.700256118424,0.0,-478.575128372822,279.16882488413194,-8.999210733332133e-12,-478.575128372822,279.16882488413194,-8.999210733332133e-12,-1817.010965342306,877.9157209482664,-114.95200557983921,1338.435836969484,3.0454955883156565,1817.010965342306,4.117982765174991,981.9400364803909,2.576534700611238,1456.700593214826,3.886250878835483,1589.4465197881082,3.971625784328987,-474.7605567344352,-1.309716178224245,-1.072487176859335,-1.2223160198266463,1817.010965342306,877.9157209482664,114.95200557983921
experiment_2026_06_14_21_46,SEN_demand_SIN,2025-09-16,Independence Day,H2,H,observance_tier,True,2025-09-16,12,True,True,6,False,2,6,6,pearson,RidgeReg,standard,2,{},2025-09-15 10:00:00,2025-09-17,5098.404544754967,13.894447068496348,906.321128,2.69,,14,24,4,4,6,4,0.07063070163037802,31492.400111034505,30486.51863738812,5098.404544754967,13.894447068496348,13.894447068496348,5098.404544754967,6320.019269857406,15.983750817503784,15.983750817503784,6320.019269857406,4385.795955111879,12.675686548242012,12.675686548242012,4385.795955111879,6888.74838434663,17.40737057662335,17.40737057662335,6888.74838434663,4054.037304993168,11.622396053527074,11.622396053527074,4054.037304993168,5098.40454475497,13.75370245677307,13.75370245677307,5098.40454475497,6320.019269857406,4385.795955111879,hourly_window_mean_factor_top_available_analogs,4,30864.599358486845,,30864.599358486845,0.0,-568.7291144892222,331.75865011871093,-1.2445716971629545e-12,-568.7291144892222,331.75865011871093,-1.2445716971629545e-12,-6888.748384346628,-4054.037304993168,-5098.404544754968,6320.019269857406,15.983750817503784,6888.74838434663,17.40737057662335,4385.795955111879,12.675686548242012,4054.037304993168,11.622396053527074,5098.40454475497,13.75370245677307,331.7586501187111,1.053290494714938,-1.4236197591195658,0.140744611723278,6888.748384346628,4054.037304993168,5098.404544754968
experiment_2026_06_14_21_46,SEN_demand_SIN,2025-11-17,Mexican Revolution Day,H2,F,observance_tier,True,2025-11-17,12,True,True,6,False,2,6,6,pearson,RidgeReg,standard,2,{},2025-11-16 10:00:00,2025-11-18,514.8138535738825,1.55085587510979,1198.273578,3.422,,14,24,4,4,6,4,0.07129839316207619,31701.932591529312,31289.555802811636,514.8138535738825,1.55085587510979,0.9060548040762249,323.19394768121964,609.4272273776252,1.873167608127401,0.1229932724648671,89.3160542403974,459.6227188550326,1.3628406975161838,1.3628406975161838,459.6227188550326,729.2544193695687,2.2293045481388285,0.7760478056714126,301.04707713417963,642.8107982698234,2.005614487698985,0.988154574298322,336.1129555003179,674.6584481486769,2.0880266152294538,0.9100099753305134,323.19394768121435,89.3160542403974,459.6227188550326,hourly_window_mean_factor_top_available_analogs,4,30165.718667499998,,30165.718667499998,0.0,-211.7310228937822,123.50976335471462,5.265495641843269e-12,-211.7310228937822,123.50976335471462,5.265495641843269e-12,-301.04707713417963,-336.112955500318,-323.19394768121435,609.4272273776252,1.873167608127401,729.2544193695687,2.2293045481388285,459.6227188550326,1.3628406975161838,642.8107982698234,2.005614487698985,674.6584481486769,2.0880266152294538,-183.18807941479082,-0.6427737901828015,-0.3561369400114276,-0.5371707401196637,301.04707713417963,336.112955500318,323.19394768121435
experiment_2026_06_14_21_46,SEN_demand_SIN,2025-12-24,Christmas Eve,H1,G,observance_tier,True,2025-12-24,12,True,True,6,False,2,7,6,pearson,RidgeReg,standard,2,{},2025-12-23 10:00:00,2025-12-25,877.1412699327752,2.7651148582214717,1096.341182,3.193,,14,24,4,4,6,4,0.07260384457613944,32667.26154451568,30977.902359097818,877.1412699327752,2.7651148582214717,-2.0100458957392,-618.6841618841064,940.2563606897222,2.7424287099421725,-1.816262389572881,-602.2835580891796,840.3241336578893,2.7783484447177305,-2.1230862743362198,-628.2511807644804,861.5740167698813,2.5103006178693223,-2.1865511756800866,-743.1673980156068,671.453184627494,2.221976165004533,-1.8220892450328996,-546.0689408073891,741.497701732584,2.3282009634284027,-1.9563646931660734,-618.684161884101,-602.2835580891796,-628.2511807644804,hourly_window_mean_factor_top_available_analogs,4,30744.53197861842,,30744.53197861842,0.0,140.88383992642724,-82.1822399570912,-5.4569682106375694e-12,140.88383992642724,-82.1822399570912,-5.4569682106375694e-12,743.1673980156068,546.0689408073893,618.684161884101,940.2563606897222,2.7424287099421725,861.5740167698813,2.5103006178693223,840.3241336578893,2.7783484447177305,671.453184627494,2.221976165004533,741.497701732584,2.3282009634284027,168.8709490303953,0.5563722797131976,0.23212809207285012,0.4369138947930691,743.1673980156068,546.0689408073893,618.684161884101
experiment_2026_06_14_21_46,SEN_demand_SIN,2025-12-25,Christmas Day,H2,H,observance_tier,True,2025-12-25,12,True,True,6,False,2,7,6,pearson,RidgeReg,standard,2,{},2025-12-24 10:00:00,2025-12-26,804.9286048442697,3.0032480221366695,1096.341182,3.193,,14,24,4,4,6,4,0.11003122031726055,28478.78874458111,26763.6339731062,804.9286048442697,3.0032480221366695,-3.0032480221366695,-804.9286048442697,720.8639613952455,2.3596122860610103,-2.3596122860610103,-720.8639613952455,853.9663135228672,3.3787022015141375,-3.3787022015141375,-853.9663135228672,1235.6626210981428,4.067341630603349,-4.058828053656535,-1232.9597630662017,612.9085428401999,2.435936812545602,-2.226443248258807,-555.2437625481392,842.3442558825999,3.036980692882666,-2.9015323870895493,-804.9286048442675,-720.8639613952455,-853.9663135228672,hourly_window_mean_factor_top_available_analogs,4,25528.44211980263,,25528.44211980263,0.0,512.0958016709563,-298.722550974728,-2.201934541134458e-12,512.0958016709563,-298.722550974728,-2.201934541134458e-12,1232.959763066202,555.2437625481391,804.9286048442675,720.8639613952455,2.3596122860610103,1235.6626210981428,4.067341630603349,853.9663135228672,3.3787022015141375,612.9085428401999,2.435936812545602,842.3442558825999,3.036980692882666,241.0577706826673,0.9427653889685357,-1.7077293445423387,-0.03373267074599662,1232.959763066202,555.2437625481391,804.9286048442675
experiment_2026_06_14_21_46,SEN_demand_SIN,2025-12-31,New Year's Eve,H1,G,observance_tier,True,2025-12-31,12,True,True,6,False,2,7,6,pearson,RidgeReg,standard,2,{},2025-12-30 10:00:00,2026-01-01,680.2475060926757,2.3068672407731765,1088.662546,3.228,,14,24,4,4,6,4,0.06560469395114278,30743.80588044047,29312.771263532588,680.2475060926757,2.3068672407731765,-1.795455911807748,-529.7325912299375,530.2968386700488,1.654744482438318,-1.384415992092356,-436.7351637111068,767.7187287558746,2.687272183135178,-2.035229198308393,-583.981090615922,654.516078325001,2.0433753338911944,-1.623379387608562,-509.4714708679593,692.6706923055302,2.42926126246984,-1.9129673479084557,-541.5515781077696,678.6137292600721,2.287092762467181,-1.8062770467453368,-529.7325912299448,-436.7351637111068,-583.981090615922,hourly_window_mean_factor_top_available_analogs,4,32001.941631776313,,32001.941631776313,0.0,72.73630715685249,-42.429512508152435,7.275957614183426e-12,72.73630715685249,-42.429512508152435,7.275957614183426e-12,509.4714708679593,541.5515781077695,529.7325912299448,530.2968386700488,1.654744482438318,654.516078325001,2.0433753338911944,767.7187287558746,2.687272183135178,692.6706923055302,2.42926126246984,678.6137292600721,2.287092762467181,75.0480364503444,0.2580109206653378,-0.38863085145287646,0.019774478305995657,509.4714708679593,541.5515781077695,529.7325912299448
experiment_2026_06_14_21_46,SEN_demand_SIN,2026-01-01,New Year's Day,H3,H,observance_tier,True,2026-01-01,12,True,True,2,False,2,8,2,pearson,LassoReg,,2,{},2025-12-31 10:00:00,2026-01-02,281.29523010218105,1.0882661106594587,1122.378196,3.332,,14,24,2,4,2,2,0.10968093174194134,26183.155486029893,24499.695927441197,281.29523010218105,1.0882661106594587,-0.045101761137373075,3.3733352859006502,301.906900482312,1.0382664083190716,0.19157041654909232,62.4718099609272,269.27175571377137,1.1174326036913516,-0.1831605314544779,-31.10077494119817,320.52213618566356,1.118214434196102,-0.5505852319593986,-151.59683363617998,346.6988218380346,1.440909907855712,0.3282792707655145,93.77260049044237,337.0547797555821,1.3220221017705927,0.0044870855510728645,3.373335285897299,62.4718099609272,-31.10077494119817,hourly_window_mean_factor_top_available_analogs,2,26892.35893618421,,26892.35893618421,0.0,214.06864359710718,-124.87337543164055,3.350769953900262e-12,214.06864359710718,-124.87337543164055,3.350769953900262e-12,151.59683363617998,-93.77260049044239,-3.3733352858972996,301.906900482312,1.0382664083190716,320.52213618566356,1.118214434196102,269.27175571377137,1.1174326036913516,346.6988218380346,1.440909907855712,337.0547797555821,1.3220221017705927,-77.4270661242632,-0.3234773041643604,-0.07994802587703043,-0.233755991111134,151.59683363617998,93.77260049044239,3.3733352858972996
experiment_2026_06_14_21_46,SEN_demand_SIN,2026-02-02,Constitution Day,H2,H,observance_tier,True,2026-02-02,12,True,True,3,False,2,8,3,pearson,LassoReg,,2,{},2026-02-01 10:00:00,2026-02-03,818.0026780755691,2.804538885814996,1099.482803,3.207,,14,24,3,4,3,3,0.07431978014258099,29943.356727636605,29869.365567513898,818.0026780755691,2.804538885814996,-2.6429463336433265,-765.2522534260698,658.735803324157,2.3026497768491225,-1.8640414209545906,-515.5560792755163,910.9083550138927,3.097307532711756,-3.097307532711756,-910.9083550138927,763.4259625183919,2.6471778882148653,-2.339279678991254,-676.8188835150696,886.9738831725573,2.9940643210803697,-2.7351045031329058,-816.8383858741653,841.4562281947069,2.866264056340447,-2.5892743047649294,-765.2522534260773,-515.5560792755163,-910.9083550138927,hourly_window_mean_factor_top_available_analogs,3,26881.81907394737,,26881.81907394737,0.0,161.26280423955333,-94.06996913972746,7.563166467374877e-12,161.26280423955333,-94.06996913972746,7.563166467374877e-12,676.8188835150696,816.8383858741652,765.2522534260775,658.735803324157,2.3026497768491225,763.4259625183919,2.6471778882148653,910.9083550138927,3.097307532711756,886.9738831725573,2.9940643210803697,841.4562281947069,2.866264056340447,23.93447184133538,0.10324321163138617,-0.3445281113657428,-0.06172517052545112,676.8188835150696,816.8383858741652,765.2522534260775
experiment_2026_06_14_21_46,SEN_demand_SIN,2026-03-16,Benito Juarez's Birthday,H2,H,observance_tier,True,2026-03-16,12,True,True,4,False,2,8,4,pearson,PLS,standard,3,{},2026-03-15 10:00:00,2026-03-17,1248.989056428109,3.7549600104772645,1120.98225,3.274,,14,24,4,4,4,4,0.07249282865703287,31914.392020570715,31183.456210150078,1248.989056428109,3.7549600104772645,3.198239348617175,1080.1211186398214,1366.140834847856,3.8476426092108613,2.336543669876334,907.7850037082181,1180.65051901659,3.7008951612159984,3.7008951612159984,1180.65051901659,1324.8820527898276,3.7328157845398175,2.26853535637757,880.7350758299266,1196.4296436122456,3.766152349042224,3.766152349042224,1196.4296436122456,1243.7542154145128,3.7538704568571277,3.214398720165772,1080.1211186398123,907.7850037082181,1180.65051901659,hourly_window_mean_factor_top_available_analogs,4,29991.704355,,29991.704355,0.0,27.049927878291523,-15.779124595655654,9.094947017729282e-12,27.049927878291523,-15.779124595655654,9.094947017729282e-12,-880.7350758299266,-1196.4296436122456,-1080.1211186398123,1366.140834847856,3.8476426092108613,1324.8820527898276,3.7328157845398175,1180.65051901659,3.7008951612159984,1196.4296436122456,3.766152349042224,1243.7542154145128,3.7538704568571277,-15.77912459565573,-0.06525718782622558,0.11482682467104377,0.0010895536201367406,880.7350758299266,1196.4296436122456,1080.1211186398123
experiment_2026_06_14_21_46,SEN_demand_SIN,2026-04-02,Maundy Thursday,H1,G,observance_tier,True,2026-04-02,12,True,True,2,False,2,8,2,pearson,LassoReg,,2,{},2026-04-01 10:00:00,2026-04-03,480.99857515069704,1.2430647371173589,1198.542194,3.525,,14,24,2,4,2,2,0.05891348297031645,38924.496778730994,37601.43109801248,480.99857515069704,1.2430647371173589,-1.1226909894335497,-433.7599366257288,627.4665171055785,1.5744039463565824,-1.5744039463565824,-627.4665171055785,395.5589423436829,1.049783531727812,-0.8591917645617807,-320.7644313458165,992.7151525763018,2.500646215420977,-2.500646215420977,-992.7151525763018,346.8747205250732,0.9330311020807897,-0.33741061924212495,-107.70272732122885,584.8159323334206,1.5105735122587536,-1.1343921546764388,-433.7599366257294,-627.4665171055785,-320.7644313458165,hourly_window_mean_factor_top_available_analogs,2,36770.843829342106,,36770.843829342106,0.0,365.2486354707232,-213.0617040245876,5.74417706382902e-13,365.2486354707232,-213.0617040245876,5.74417706382902e-13,992.7151525763018,107.70272732122888,433.7599366257294,627.4665171055785,1.5744039463565824,992.7151525763018,2.500646215420977,395.5589423436829,1.049783531727812,346.8747205250732,0.9330311020807897,584.8159323334206,1.5105735122587536,48.68422181860967,0.11675242964702226,-0.9262422690643948,-0.2675087751413947,992.7151525763018,107.70272732122888,433.7599366257294
experiment_2026_06_14_21_46,SEN_demand_SIN,2026-04-03,Good Friday,H2,G,observance_tier,True,2026-04-03,12,True,True,2,False,2,8,2,pearson,LassoReg,,2,{},2026-04-02 10:00:00,2026-04-04,518.617251545482,1.5491247125493885,1198.542194,3.525,,14,24,2,4,2,2,0.08044831523197146,35930.20871791694,34408.94599030361,518.617251545482,1.5491247125493885,-1.2951736563376528,-421.9192442327293,250.29847419530986,0.6519177092473003,-0.6374199949076959,-244.58767953979623,675.1365383330823,2.0724954644756064,-1.6788632921717943,-525.3626569702736,964.066185739185,2.5776471697689525,-2.5776471697689525,-964.066185739185,436.24161775104267,1.3083266000348348,-0.4112959164660248,-105.66686168729682,630.7033006940425,1.775971020463194,-1.2094253255776297,-421.9192442327293,-244.58767953979623,-525.3626569702736,hourly_window_mean_factor_top_available_analogs,2,33263.60858710527,,33263.60858710527,0.0,719.4785061993888,-419.6957952829768,0.0,719.4785061993888,-419.6957952829768,0.0,964.066185739185,105.66686168729683,421.9192442327293,250.29847419530986,0.6519177092473003,964.066185739185,2.5776471697689525,675.1365383330823,2.0724954644756064,436.24161775104267,1.3083266000348348,630.7033006940425,1.775971020463194,238.89492058203962,0.7641688644407716,-1.9257294605216522,-0.22684630791380545,964.066185739185,105.66686168729683,421.9192442327293
experiment_2026_06_14_21_46,SEN_demand_SIN,2026-04-04,Holy Saturday,H3,G,observance_tier,True,2026-04-04,12,True,True,2,False,2,8,2,pearson,LassoReg,,2,{},2026-04-03 10:00:00,2026-04-05,421.4630776226709,1.2322684892636173,1199.039058,3.514,,14,24,2,4,2,2,0.06507561338425397,34226.37769647371,34119.43339632013,421.4630776226709,1.2322684892636173,-0.0521424881114185,0.43809299997155904,571.4611582259028,1.6889167060397428,-0.29689933142669983,-57.35363959414254,333.96419727078563,0.9658903628108776,0.09063233715582912,34.149937013204784,604.6764155787953,1.7592310187578595,0.16431947988052595,101.05267502200617,630.1537228920906,1.8415524715737448,-0.1347171647995132,-58.25374651288106,620.7673465135082,1.8112235152731557,-0.024545769391077787,0.43809299997213347,-57.35363959414254,34.149937013204784,hourly_window_mean_factor_top_available_analogs,2,32040.751780394734,,32040.751780394734,0.0,-158.4063146161487,92.40368352608584,-5.74417706382902e-13,-158.4063146161487,92.40368352608584,-5.74417706382902e-13,-101.05267502200616,58.25374651288106,-0.43809299997213347,571.4611582259028,1.6889167060397428,604.6764155787953,1.7592310187578595,333.96419727078563,0.9658903628108776,630.1537228920906,1.8415524715737448,620.7673465135082,1.8112235152731557,-296.189525621305,-0.8756621087628672,-0.07031431271811672,-0.5789550260095384,101.05267502200616,58.25374651288106,0.43809299997213347
experiment_2026_06_14_21_46,SEN_demand_SIN,2026-05-01,Labor Day,H2,F,observance_tier,True,2026-05-01,12,True,True,2,False,2,8,2,pearson,LassoReg,,2,{},2026-04-30 10:00:00,2026-05-02,1493.054470044626,3.6437612209079617,1170.462307,3.453,,14,24,2,4,2,2,0.07663368257277703,43540.78921752344,41273.02238630248,1493.054470044626,3.6437612209079617,-3.578861089420157,-1463.4734280497462,1027.2466424736365,2.209426376741613,-2.209426376741613,-1027.2466424736365,1764.7757027943699,4.4804565466716655,-4.377698005149308,-1717.9390529691434,812.7392094320733,1.7573158449749162,-1.6696030189423514,-770.5142549799966,1919.242999409664,4.892744850748709,-4.779589145616954,-1867.699612340444,1511.5837083652884,3.737586795989943,-3.6338047831578892,-1463.4734280497528,-1027.2466424736365,-1717.9390529691434,hourly_window_mean_factor_top_available_analogs,2,35195.024286052634,,35195.024286052634,0.0,-256.73238749364,149.7605593713006,6.701539907800524e-12,-256.73238749364,149.7605593713006,6.701539907800524e-12,770.5142549799965,1867.699612340444,1463.4734280497528,1027.2466424736365,2.209426376741613,812.7392094320733,1.7573158449749162,1764.7757027943699,4.4804565466716655,1919.242999409664,4.892744850748709,1511.5837083652884,3.737586795989943,-154.46729661529412,-0.41228830407704375,0.4521105317666969,-0.09382557508198142,770.5142549799965,1867.699612340444,1463.4734280497528
