experiment_id,unique_id,target_date,holiday_label,holiday_day_type,analog_cluster,cluster_filter_label,filter_by_cluster,train_end,eligible_tuning_dates,target_exists,target_has_complete_profile,selected_analogs,fail,optuna_k_min,optuna_k_max,k,typedist,typereg,scale_method,n_components,regressor_params,forecast_start,forecast_end,mae_window,mape_window_pct,tuning_best_mean_mae,tuning_best_mean_mape_pct,error,bias_head_hours,bias_tail_hours,hourly_factor_analog_count,hourly_factor_requested_analogs,hourly_factor_available_neighbors,hourly_factor_selected_analogs,hourly_factor_mean_abs,forecast_window_mean_38,forecast_daily_mean_24,mae_38,mape_38_pct,mpe_38_pct,bias_38,mae_14,mape_14_pct,mpe_14_pct,bias_14,mae_24,mape_24_pct,mpe_24_pct,bias_24,mae_14_bias_adjusted,mape_14_bias_adjusted_pct,mpe_14_bias_adjusted_pct,bias_14_bias_adjusted,mae_24_bias_adjusted,mape_24_bias_adjusted_pct,mpe_24_bias_adjusted_pct,bias_24_bias_adjusted,mae_38_bias_adjusted,mape_38_bias_adjusted_pct,mpe_38_bias_adjusted_pct,bias_38_bias_adjusted,head_bias_mean,tail_bias_mean,bias_model_method,bias_train_samples,bias_train_window_mean,bias_train_head_tail_corr,bias_model_intercept,bias_model_slope,predicted_head_bias_mean,predicted_tail_bias_mean,predicted_full_bias_mean,predicted_bias_14,predicted_bias_24,predicted_bias_38,bias_14_prediction_error,bias_24_prediction_error,bias_38_prediction_error,mae_head14,mape_head14_pct,mae_head14_bias_adjusted,mape_head14_bias_adjusted_pct,mae_holiday24_raw,mape_holiday24_raw_pct,mae_holiday24_bias_adjusted,mape_holiday24_bias_adjusted_pct,mae_window_bias_adjusted,mape_window_bias_adjusted_pct,mae_holiday24_improvement,mape_holiday24_improvement_pct,mape_head14_improvement_pct,mape_window_improvement_pct,bias_14_prediction_abs_error,bias_24_prediction_abs_error,bias_38_prediction_abs_error
experiment_2026_06_25_14_18_best_matching_weekday_baseline_ercot,ERCOT_demand_COAST,2025-01-01,New Year's Day,H2,I,best_matching_weekday,True,2025-01-01,19.0,True,True,2,False,2.0,2.0,2.0,euclidian,LassoReg,standard,2.0,{},2024-12-31 10:00:00,2025-01-02,612.8090019579769,5.605560524323642,964.913672,7.362,,14.0,24.0,2.0,4.0,2.0,2.0,0.05451800900935728,11796.92284458772,11792.44408193534,612.8090019579769,5.605560524323642,-4.313666433145872,-455.17906277192753,342.0771804967818,2.8939749688035667,0.61259470725038,85.77551157963795,770.7358978103408,7.187318765043685,-7.187318765043685,-770.7358978103408,644.2717955969813,5.426789957047909,-5.426789957047909,-644.2717955969813,361.6803454169979,3.238797709275899,-3.078375558829935,-344.8749686239832,465.79298495699186,4.044900116349797,-3.943580863436556,-455.1790627719299,85.77551157963795,-770.7358978103408,hourly_window_mean_factor_top_available_analogs,2.0,11463.538581144738,,11463.538581144738,0.0,730.0473071766193,-425.8609291863576,2.297670825531608e-12,730.0473071766193,-425.8609291863576,2.297670825531608e-12,644.2717955969813,344.8749686239832,455.1790627719298,342.0771804967818,2.8939749688035667,644.2717955969813,5.426789957047909,770.7358978103408,7.187318765043685,361.6803454169979,3.238797709275899,465.79298495699186,4.044900116349797,409.0555523933429,3.948521055767786,-2.532814988244342,1.5606604079738453,644.2717955969813,344.8749686239832,455.1790627719298
experiment_2026_06_25_14_18_best_matching_weekday_baseline_ercot,ERCOT_demand_COAST,2025-01-20,Martin Luther King Jr. Day,H2,L,best_matching_weekday,True,2025-01-20,19.0,True,True,2,False,2.0,2.0,2.0,pearson,LassoReg,standard,2.0,{},2025-01-19 10:00:00,2025-01-21,3806.2644619662483,23.359607674604,972.600386,7.614,,14.0,24.0,2.0,4.0,2.0,2.0,0.04717771801563203,12173.69329424428,12181.721266588216,3806.2644619662483,23.359607674604,23.359607674604,3806.2644619662483,2575.0675148453292,17.301316315447274,17.301316315447274,2575.0675148453292,4524.462681120117,26.893610967445415,26.893610967445415,4524.462681120117,2642.236023829961,17.87994219314925,17.87994219314925,2642.236023829961,4485.281050879079,26.76593325800086,26.76593325800086,4485.281050879079,3806.264461966246,23.492147076213428,23.492147076213428,3806.264461966246,2575.0675148453292,4524.462681120117,hourly_window_mean_factor_top_available_analogs,2.0,11770.642535342105,,11770.642535342105,0.0,-67.16850898463119,39.18163024103789,1.9147256879430067e-12,-67.16850898463119,39.18163024103789,1.9147256879430067e-12,-2642.2360238299602,-4485.281050879079,-3806.2644619662465,2575.0675148453292,17.301316315447274,2642.236023829961,17.87994219314925,4524.462681120117,26.893610967445415,4485.281050879079,26.76593325800086,3806.264461966246,23.492147076213428,39.181630241037965,0.12767770944455492,-0.5786258777019775,-0.1325394016094279,2642.2360238299602,4485.281050879079,3806.2644619662465
experiment_2026_06_25_14_18_best_matching_weekday_baseline_ercot,ERCOT_demand_COAST,2025-02-17,Presidents' Day,H2,F,best_matching_weekday,True,2025-02-17,19.0,True,True,2,False,2.0,2.0,2.0,pearson,LassoReg,standard,2.0,{},2025-02-16 10:00:00,2025-02-18,797.5885495651911,6.084781033193658,1103.633438,8.226,,14.0,24.0,2.0,4.0,2.0,2.0,0.09392666343307461,12182.243697435077,12021.98345460195,797.5885495651911,6.084781033193658,3.9751296744155837,548.0992496965023,528.7350717802898,4.3607625309124805,-1.3654340143422943,-148.4501707204368,954.4197449397167,7.090458492857678,7.090458492857678,954.4197449397167,969.691622097821,8.018899185222597,-3.1109831163595083,-356.0468712782059,1518.1913461073266,11.657237085063576,8.172450488054869,1075.5178202650823,1316.112500419614,10.316796806174793,4.015396002217994,548.0992496965024,-148.4501707204368,954.4197449397167,hourly_window_mean_factor_top_available_analogs,2.0,13797.527511907898,,13797.527511907898,0.0,207.5967005577691,-121.09807532536554,-1.436044265957255e-13,207.5967005577691,-121.09807532536554,-1.436044265957255e-13,356.0468712782059,-1075.5178202650823,-548.0992496965024,528.7350717802898,4.3607625309124805,969.691622097821,8.018899185222597,954.4197449397167,7.090458492857678,1518.1913461073266,11.657237085063576,1316.112500419614,10.316796806174793,-563.7716011676099,-4.566778592205898,-3.658136654310117,-4.232015772981135,356.0468712782059,1075.5178202650823,548.0992496965024
experiment_2026_06_25_14_18_best_matching_weekday_baseline_ercot,ERCOT_demand_COAST,2025-03-02,Texas Independence Day,H2,L,best_matching_weekday,True,2025-03-02,19.0,True,True,2,False,2.0,2.0,2.0,euclidian,LassoReg,standard,2.0,{},2025-03-01 10:00:00,2025-03-03,713.6254608385867,5.91893024404633,1117.161654,8.243,,14.0,24.0,2.0,4.0,2.0,2.0,0.07502717952208543,11303.109846341784,11151.66768523294,713.6254608385867,5.91893024404633,3.596146548981434,470.90593410558284,869.5375785098032,6.8310026433740925,6.6927194868956175,853.7333807573398,622.6767255303772,5.386888011105135,1.7898123351981603,247.5899235587245,685.0017566740261,5.59289995769356,0.2591380043621584,50.87592623813244,726.1529088109438,6.364240569581658,6.267862925125982,715.923438694932,710.9919580236584,6.080062449412359,4.054122164844574,470.9059341055847,853.7333807573398,247.5899235587245,hourly_window_mean_factor_top_available_analogs,2.0,10606.757145828946,,10606.757145828946,0.0,802.8574545192074,-468.3335151362075,-2.0104619723401573e-12,802.8574545192074,-468.3335151362075,-2.0104619723401573e-12,-50.875926238132365,-715.923438694932,-470.90593410558483,869.5375785098032,6.8310026433740925,685.0017566740261,5.59289995769356,622.6767255303772,5.386888011105135,726.1529088109438,6.364240569581658,710.9919580236584,6.080062449412359,-103.4761832805666,-0.9773525584765226,1.2381026856805324,-0.16113220536602846,50.875926238132365,715.923438694932,470.90593410558483
experiment_2026_06_25_14_18_best_matching_weekday_baseline_ercot,ERCOT_demand_COAST,2025-04-21,San Jacinto Day,H2,J,best_matching_weekday,True,2025-04-21,,False,False,0,True,,,,,,,,{},,,,,,,At least 2 realizable analogs are required for target_date=2025-04-21 after applying the special-day filters.,,,,,,,,,,,,,,,,,,,,,,,,,,,,,,,,,,,,,,,,,,,,,,,,,,,,,,,,,,,,,,,,,,,
experiment_2026_06_25_14_18_best_matching_weekday_baseline_ercot,ERCOT_demand_COAST,2025-05-26,Memorial Day,H2,H,best_matching_weekday,True,2025-05-26,19.0,True,True,2,False,2.0,2.0,2.0,euclidian,LassoReg,standard,2.0,{},2025-05-25 10:00:00,2025-05-27,836.5897829522537,5.074894310719945,1120.092115,8.238,,14.0,24.0,2.0,4.0,2.0,2.0,0.09847848840428158,17353.6766084312,16663.984564890092,836.5897829522537,5.074894310719945,-2.658574275637492,-409.57429203646615,498.23122546710135,2.645548005649414,1.3332892101199312,253.82145542689054,1033.9656081519258,6.492012988677757,-4.987161308995989,-796.5551447234242,627.7014159080239,3.322157962695544,-0.8088774116977191,-162.10077242613053,1272.5577007693098,8.04389420230723,-3.3970130015341566,-553.9338451424904,1034.9790695046256,6.304307166660821,-2.443489363173364,-409.5742920364631,253.82145542689054,-796.5551447234242,hourly_window_mean_factor_top_available_analogs,2.0,15578.307391644736,,15578.307391644736,0.0,415.92222785302107,-242.62129958093382,-3.0635611007088107e-12,415.92222785302107,-242.62129958093382,-3.0635611007088107e-12,162.10077242613053,553.9338451424903,409.5742920364631,498.23122546710135,2.645548005649414,627.7014159080239,3.322157962695544,1033.9656081519258,6.492012988677757,1272.5577007693098,8.04389420230723,1034.9790695046256,6.304307166660821,-238.59209261738397,-1.551881213629473,-0.6766099570461299,-1.2294128559408755,162.10077242613053,553.9338451424903,409.5742920364631
experiment_2026_06_25_14_18_best_matching_weekday_baseline_ercot,ERCOT_demand_COAST,2025-06-19,Juneteenth National Independence Day,H2,G,best_matching_weekday,True,2025-06-19,19.0,True,True,2,False,2.0,2.0,2.0,euclidian,LassoReg,standard,2.0,{},2025-06-18 10:00:00,2025-06-20,1877.4348773473964,9.46364051646881,1126.514501,8.176,,14.0,24.0,2.0,4.0,2.0,2.0,0.09760601943691649,16961.43831097735,16586.41031833718,1877.4348773473964,9.46364051646881,9.449517077332157,1875.2904499700173,2209.137132139504,11.042000165419035,11.042000165419035,2209.137132139504,1683.9418953853337,8.542930721247851,8.520568609281481,1680.5465520378164,2132.542922585254,10.77715657101017,10.77715657101017,2132.542922585254,1725.2265076111278,9.396257989598157,9.396257989598157,1725.2265076111278,1875.2904499700157,9.905010098539426,9.905010098539426,1875.2904499700157,2209.137132139504,1680.5465520378164,hourly_window_mean_factor_top_available_analogs,2.0,17548.183702894734,,17548.183702894734,0.0,76.5942095542497,-44.67995557331119,7.180221329786276e-13,76.5942095542497,-44.67995557331119,7.180221329786276e-13,-2132.5429225852545,-1725.2265076111275,-1875.2904499700167,2209.137132139504,11.042000165419035,2132.542922585254,10.77715657101017,1683.9418953853337,8.542930721247851,1725.2265076111278,9.396257989598157,1875.2904499700157,9.905010098539426,-41.284612225794035,-0.8533272683503057,0.2648435944088643,-0.4413695820706156,2132.5429225852545,1725.2265076111275,1875.2904499700167
experiment_2026_06_25_14_18_best_matching_weekday_baseline_ercot,ERCOT_demand_COAST,2025-07-04,Independence Day,H2,I,best_matching_weekday,True,2025-07-04,19.0,True,True,2,False,2.0,2.0,2.0,euclidian,PLS,,2.0,{},2025-07-03 10:00:00,2025-07-05,2120.0803728755063,12.894487922514314,1183.525311,8.28,,14.0,24.0,2.0,4.0,2.0,2.0,0.11770939998954964,18507.293770075958,17947.18866883832,2120.0803728755063,12.894487922514314,-11.738611672984206,-1904.8470534443795,2478.067884653539,14.71917731935692,-11.581798927775205,-1893.863160483339,1911.2543243383207,11.830085774356126,-11.830085774356126,-1911.2543243383207,2591.267260501712,15.368004491146857,-12.064665111609884,-1979.0103059525097,1861.5851561479692,11.331651410335388,-11.331651410335388,-1861.5851561479692,2130.415405120401,12.818728861160668,-11.60170908975231,-1904.8470534443784,-1893.863160483339,-1911.2543243383207,hourly_window_mean_factor_top_available_analogs,2.0,18555.594812578947,,18555.594812578947,0.0,85.14714546917068,-49.669168190351456,-1.1967035549643793e-12,85.14714546917068,-49.669168190351456,-1.1967035549643793e-12,1979.0103059525097,1861.5851561479692,1904.8470534443784,2478.067884653539,14.71917731935692,2591.267260501712,15.368004491146857,1911.2543243383207,11.830085774356126,1861.5851561479692,11.331651410335388,2130.415405120401,12.818728861160668,49.669168190351456,0.4984343640207385,-0.6488271717899377,0.07575906135364541,1979.0103059525097,1861.5851561479692,1904.8470534443784
experiment_2026_06_25_14_18_best_matching_weekday_baseline_ercot,ERCOT_demand_COAST,2025-08-27,Lyndon B. Johnson Day,H2,I,best_matching_weekday,True,2025-08-27,19.0,True,True,2,False,2.0,2.0,2.0,pearson,LassoReg,standard,2.0,{},2025-08-26 10:00:00,2025-08-28,1778.044844895426,9.591023708059906,1199.720175,8.4,,14.0,24.0,2.0,4.0,2.0,2.0,0.11047595814242242,16392.3592243398,15293.69964823848,1778.044844895426,9.591023708059906,9.411607573312443,1747.075076239145,1468.6453601964079,7.288683528671057,6.801696877213656,1384.5845595579292,1958.52787763652,10.934055479370068,10.934055479370068,1958.52787763652,1012.9844169882421,5.0867315389208825,3.983990091327636,812.6711813468297,2292.1440149263303,12.853686773229867,12.853686773229867,2292.1440149263303,1820.8746893701923,9.9921769500634,9.585903785160625,1747.0750762391456,1384.5845595579292,1958.52787763652,hourly_window_mean_factor_top_available_analogs,2.0,15227.85646818421,,15227.85646818421,0.0,571.9133782110996,-333.61613728981024,-1.3403079815601047e-12,571.9133782110996,-333.61613728981024,-1.3403079815601047e-12,-812.6711813468296,-2292.1440149263303,-1747.0750762391463,1468.6453601964079,7.288683528671057,1012.9844169882421,5.0867315389208825,1958.52787763652,10.934055479370068,2292.1440149263303,12.853686773229867,1820.8746893701923,9.9921769500634,-333.61613728981024,-1.9196312938597995,2.2019519897501745,-0.40115324200349356,812.6711813468296,2292.1440149263303,1747.0750762391463
experiment_2026_06_25_14_18_best_matching_weekday_baseline_ercot,ERCOT_demand_COAST,2025-09-01,Labor Day,H2,I,best_matching_weekday,True,2025-09-01,19.0,True,True,2,False,2.0,2.0,2.0,euclidian,PLS,minmax,2.0,{},2025-08-31 10:00:00,2025-09-02,2004.2142397225862,13.07325823138783,1072.224902,7.447,,14.0,24.0,2.0,4.0,2.0,2.0,0.10338021967213802,17833.317256485745,16983.874882789143,2004.2142397225862,13.07325823138783,-13.07325823138783,-2004.2142397225862,3519.5649613227724,22.42401666517109,-22.42401666517109,-3519.5649613227724,1120.259652122477,7.618649145014259,-7.618649145014259,-1120.259652122477,3508.7466694864784,22.357509050079113,-22.357509050079113,-3508.7466694864784,1126.5703223603175,7.623547577761204,-7.623547577761204,-1126.5703223603175,2004.2142397225873,13.051849172825698,-13.051849172825698,-2004.2142397225873,-3519.5649613227724,-1120.259652122477,hourly_window_mean_factor_top_available_analogs,2.0,17749.267025605262,,17749.267025605262,0.0,-10.818291836294131,6.310670237840516,1.4360442659572551e-12,-10.818291836294131,6.310670237840516,1.4360442659572551e-12,3508.7466694864784,1126.5703223603175,2004.2142397225875,3519.5649613227724,22.42401666517109,3508.7466694864784,22.357509050079113,1120.259652122477,7.618649145014259,1126.5703223603175,7.623547577761204,2004.2142397225873,13.051849172825698,-6.310670237840441,-0.004898432746944792,0.06650761509197878,0.021409058562133154,3508.7466694864784,1126.5703223603175,2004.2142397225875
experiment_2026_06_25_14_18_best_matching_weekday_baseline_ercot,ERCOT_demand_COAST,2025-11-11,Veterans Day,H2,G,best_matching_weekday,True,2025-11-11,19.0,True,True,2,False,2.0,2.0,2.0,euclidian,RidgeReg,minmax,2.0,{},2025-11-10 10:00:00,2025-11-12,512.6010287606908,4.093094211992009,1124.533037,7.71,,14.0,24.0,2.0,4.0,2.0,2.0,0.06693467106742111,12635.576097881687,12532.308615107819,512.6010287606908,4.093094211992009,-1.8811316773627695,-228.89337080273924,393.47450896736063,3.1788304384830246,-2.6126159189730056,-322.25109770831307,582.0914986401336,4.6264147465389165,-1.4544325364234654,-174.43469677448783,514.2086006466451,4.149868531226126,-3.3088079498532643,-409.6762813396385,856.2874927768744,6.849043322731975,-0.9498390102225316,-123.4366729895484,730.2584272552109,5.854610504808768,-1.818932830086486,-228.89337080273947,-322.25109770831307,-174.43469677448783,hourly_window_mean_factor_top_available_analogs,2.0,12593.764503999999,,12593.764503999999,0.0,87.42518363132538,-50.99802378493943,2.3934071099287584e-13,87.42518363132538,-50.99802378493943,2.3934071099287584e-13,409.6762813396384,123.43667298954841,228.89337080273947,393.47450896736063,3.1788304384830246,514.2086006466451,4.149868531226126,582.0914986401336,4.6264147465389165,856.2874927768744,6.849043322731975,730.2584272552109,5.854610504808768,-274.19599413674075,-2.222628576193059,-0.9710380927431013,-1.7615162928167596,409.6762813396384,123.43667298954841,228.89337080273947
experiment_2026_06_25_14_18_best_matching_weekday_baseline_ercot,ERCOT_demand_COAST,2025-11-27,Thanksgiving Day,H1,F,best_matching_weekday,True,2025-11-27,19.0,True,True,2,False,2.0,2.0,2.0,pearson,RidgeReg,minmax,2.0,{},2025-11-26 10:00:00,2025-11-28,1731.6127122468854,14.946933069224718,1123.494121,7.824,,14.0,24.0,2.0,4.0,2.0,2.0,0.06101102376001352,13401.571714010044,13219.634795624916,1731.6127122468854,14.946933069224718,-14.946933069224718,-1731.6127122468854,1303.3304952416931,10.560947705135472,-10.560947705135472,-1303.3304952416931,1981.444005499914,17.505424531610114,-17.505424531610114,-1981.444005499914,1443.3931084892574,11.669984854222736,-11.669984854222736,-1443.3931084892574,1899.7408144388357,16.711646919853365,-16.711646919853365,-1899.7408144388357,1731.6127122468858,14.85419247462103,-14.85419247462103,-1731.6127122468858,-1303.3304952416931,-1981.444005499914,hourly_window_mean_factor_top_available_analogs,2.0,10313.979871868423,,10313.979871868423,0.0,140.06261324756412,-81.70319106107816,5.74417706382902e-13,140.06261324756412,-81.70319106107816,5.74417706382902e-13,1443.3931084892572,1899.740814438836,1731.612712246886,1303.3304952416931,10.560947705135472,1443.3931084892574,11.669984854222736,1981.444005499914,17.505424531610114,1899.7408144388357,16.711646919853365,1731.6127122468858,14.85419247462103,81.70319106107831,0.7937776117567488,-1.1090371490872641,0.09274059460368811,1443.3931084892572,1899.740814438836,1731.612712246886
experiment_2026_06_25_14_18_best_matching_weekday_baseline_ercot,ERCOT_demand_COAST,2025-11-28,Day after Thanksgiving,H2,G,best_matching_weekday,True,2025-11-28,19.0,True,True,2,False,2.0,2.0,2.0,pearson,RidgeReg,minmax,2.0,{},2025-11-27 10:00:00,2025-11-29,173.18032155243,1.5348701040145074,1100.424064,7.577,,14.0,24.0,2.0,4.0,2.0,2.0,0.0581944255096821,11644.877593140363,11562.466545164365,173.18032155243,1.5348701040145074,-1.1773852556559625,-131.0678496929942,161.12414873983886,1.386976054853743,-1.226412321675227,-142.43041238493035,180.2130890264415,1.6211416326916197,-1.1487861338113918,-124.43968812269812,278.2679643174562,2.3704219559250843,-2.162083582524521,-254.22205055919054,315.23346541245087,2.7487184556782407,-0.3891021127779937,-59.227899187713696,301.6145965879791,2.6093460610323413,-1.042305812158293,-131.06784969299463,-142.43041238493035,-124.43968812269812,hourly_window_mean_factor_top_available_analogs,2.0,10305.766315671051,,10305.766315671051,0.0,111.79163817426017,-65.21178893498443,4.308132797871765e-13,111.79163817426017,-65.21178893498443,4.308132797871765e-13,254.2220505591905,59.22789918771369,131.06784969299463,161.12414873983886,1.386976054853743,278.2679643174562,2.3704219559250843,180.2130890264415,1.6211416326916197,315.23346541245087,2.7487184556782407,301.6145965879791,2.6093460610323413,-135.02037638600936,-1.127576822986621,-0.9834459010713412,-1.074475957017834,254.2220505591905,59.22789918771369,131.06784969299463
experiment_2026_06_25_14_18_best_matching_weekday_baseline_ercot,ERCOT_demand_COAST,2025-12-24,Christmas Eve,H1,H,best_matching_weekday,True,2025-12-24,19.0,True,True,2,False,2.0,2.0,2.0,pearson,RidgeReg,minmax,2.0,{},2025-12-23 10:00:00,2025-12-25,698.6695987159488,4.992773295228669,1078.324727,7.471,,14.0,24.0,2.0,4.0,2.0,2.0,0.08351247091042013,12927.751270630708,12323.49805579558,698.6695987159488,4.992773295228669,3.846691749735206,565.4332756061361,287.2718887858304,1.984158404767123,1.8344722450826356,267.01755265193253,938.6515961751847,6.747798647997903,5.020486460782539,739.5091139960881,228.58801205305696,1.618897820395766,-1.0777364497994746,-156.17868463712952,989.7991432419254,7.075701551901289,7.0485208908227195,986.3735857480382,709.3529370144475,5.065300177136095,4.054636607435595,565.4332756061343,267.01755265193253,739.5091139960881,hourly_window_mean_factor_top_available_analogs,2.0,16763.619151881576,,16763.619151881576,0.0,423.1962372890621,-246.86447175195008,1.7711212613472814e-12,423.1962372890621,-246.86447175195008,1.7711212613472814e-12,156.17868463712955,-986.3735857480382,-565.4332756061343,287.2718887858304,1.984158404767123,228.58801205305696,1.618897820395766,938.6515961751847,6.747798647997903,989.7991432419254,7.075701551901289,709.3529370144475,5.065300177136095,-51.147547066740685,-0.32790290390338583,0.365260584371357,-0.07252688190742607,156.17868463712955,986.3735857480382,565.4332756061343
experiment_2026_06_25_14_18_best_matching_weekday_baseline_ercot,ERCOT_demand_COAST,2025-12-25,Christmas Day,H2,I,best_matching_weekday,True,2025-12-25,19.0,True,True,2,False,2.0,2.0,2.0,pearson,RidgeReg,minmax,2.0,{},2025-12-24 10:00:00,2025-12-26,527.7106646197676,3.8939106102639838,1071.658418,7.478,,14.0,24.0,2.0,4.0,2.0,2.0,0.10781407002111816,12536.484435722336,12032.896492466432,527.7106646197676,3.8939106102639838,3.8939106102639838,527.7106646197676,596.8954859818268,4.2147422148180524,4.2147422148180524,596.8954859818268,487.3528521585665,3.706758840940779,3.706758840940779,487.3528521585665,224.73078563386156,1.6092100637337865,-0.1722146882085617,-33.690875040191976,855.1948960880809,6.988638738209734,6.988638738209734,855.1948960880809,622.9186448681054,5.006743963402807,4.350429581108258,527.7106646197699,596.8954859818268,487.3528521585665,hourly_window_mean_factor_top_available_analogs,2.0,12395.362635289475,,12395.362635289475,0.0,630.5863610220188,-367.84204392951443,-2.201934541134458e-12,630.5863610220188,-367.84204392951443,-2.201934541134458e-12,33.69087504019194,-855.1948960880809,-527.7106646197698,596.8954859818268,4.2147422148180524,224.73078563386156,1.6092100637337865,487.3528521585665,3.706758840940779,855.1948960880809,6.988638738209734,622.9186448681054,5.006743963402807,-367.8420439295144,-3.281879897268955,2.605532151084266,-1.1128333531388228,33.69087504019194,855.1948960880809,527.7106646197698
experiment_2026_06_25_14_18_best_matching_weekday_baseline_ercot,ERCOT_demand_COAST,2026-01-01,New Year's Day,H2,I,best_matching_weekday,True,2026-01-01,19.0,True,True,2,False,2.0,2.0,2.0,pearson,RidgeReg,minmax,2.0,{},2025-12-31 10:00:00,2026-01-02,1655.1998411350517,14.117063727633443,1031.414288,7.28,,14.0,24.0,2.0,4.0,2.0,2.0,0.03646139875108841,13573.641277803614,13579.722574083806,1655.1998411350517,14.117063727633443,-13.972120544842099,-1635.0755434351913,1049.238251437187,8.510629804781098,-8.117212594347453,-994.6151576804225,2008.6774351254733,17.38748351596398,-17.38748351596398,-2008.6774351254733,1124.4988521327755,9.096406205366504,-8.701059711677106,-1069.6078915482071,1964.9316737026002,16.993269443680287,-16.993269443680287,-1964.9316737026002,1655.2985289137175,14.083898776933102,-13.93824480557385,-1635.0755434351925,-994.6151576804225,-2008.6774351254733,hourly_window_mean_factor_top_available_analogs,2.0,10725.204634157893,,10725.204634157893,0.0,74.99273386778454,-43.745761422872796,9.573628439715034e-13,74.99273386778454,-43.745761422872796,9.573628439715034e-13,1069.6078915482071,1964.9316737026004,1635.0755434351922,1049.238251437187,8.510629804781098,1124.4988521327755,9.096406205366504,2008.6774351254733,17.38748351596398,1964.9316737026002,16.993269443680287,1655.2985289137175,14.083898776933102,43.7457614228731,0.39421407228369176,-0.5857764005854058,0.03316495070034087,1069.6078915482071,1964.9316737026004,1635.0755434351922
experiment_2026_06_25_14_18_best_matching_weekday_baseline_ercot,ERCOT_demand_COAST,2026-01-19,Martin Luther King Jr. Day,H2,L,best_matching_weekday,True,2026-01-19,19.0,True,True,2,False,2.0,2.0,2.0,pearson,RidgeReg,minmax,2.0,{},2026-01-18 10:00:00,2026-01-20,313.6785513863533,2.315376220715879,1094.247172,7.865,,14.0,24.0,2.0,4.0,2.0,2.0,0.04717771801563203,12746.205536689356,12769.872565194504,313.6785513863533,2.315376220715879,2.1393409502707783,292.21758141590817,247.72390804376224,1.870094911385321,1.4683410475281082,198.9061513909003,352.1520933361981,2.575123651158704,2.5307575602040018,346.64924893049607,244.20011321830356,1.9383495664013157,1.930077756039655,243.07091281282672,320.8864714343697,2.486750766987259,2.486750766987259,320.8864714343697,292.6336026179243,2.284708219402964,2.281660710322352,292.2175814159065,198.9061513909003,346.64924893049607,hourly_window_mean_factor_top_available_analogs,2.0,11770.642535342105,,11770.642535342105,0.0,-44.164761421926414,25.762777496126393,1.675384976950131e-12,-44.164761421926414,25.762777496126393,1.675384976950131e-12,-243.07091281282672,-320.8864714343697,-292.2175814159065,247.72390804376224,1.870094911385321,244.20011321830356,1.9383495664013157,352.1520933361981,2.575123651158704,320.8864714343697,2.486750766987259,292.6336026179243,2.284708219402964,31.26562190182841,0.08837288417144507,-0.06825465501599481,0.030668001312915028,243.07091281282672,320.8864714343697,292.2175814159065
experiment_2026_06_25_14_18_best_matching_weekday_baseline_ercot,ERCOT_demand_COAST,2026-02-16,Presidents' Day,H2,F,best_matching_weekday,True,2026-02-16,19.0,True,True,3,False,2.0,3.0,3.0,pearson,PLS,standard,2.0,{},2026-02-15 10:00:00,2026-02-17,143.03602467251957,1.1172925296334544,1032.642314,7.436,,14.0,24.0,3.0,4.0,3.0,3.0,0.05382017042997133,12237.290047857781,12280.991489823557,143.03602467251957,1.1172925296334544,0.0006612403054638093,5.823721852744328,96.64099556018975,0.8047226515657371,-0.7830545024394601,-93.98273420216745,170.099791654712,1.2996249585062893,0.45782875690666947,64.04415455144287,202.39048092401794,1.6747625653253355,-1.6367749105548188,-197.91053874495668,235.06121765241005,1.890141232929577,1.0309220586416474,124.66870720140423,223.02463043668664,1.8107911974964352,0.04808633314821246,5.82372185274495,-93.98273420216745,64.04415455144287,hourly_window_mean_factor_top_available_analogs,3.0,10953.942013412283,,10953.942013412283,0.0,103.92780454278922,-60.624552649961366,-6.222858485814772e-13,103.92780454278922,-60.624552649961366,-6.222858485814772e-13,197.91053874495668,-124.66870720140423,-5.823721852744951,96.64099556018975,0.8047226515657371,202.39048092401794,1.6747625653253355,170.099791654712,1.2996249585062893,235.06121765241005,1.890141232929577,223.02463043668664,1.8107911974964352,-64.96142599769806,-0.5905162744232877,-0.8700399137595984,-0.6934986678629809,197.91053874495668,124.66870720140423,5.823721852744951
experiment_2026_06_25_14_18_best_matching_weekday_baseline_ercot,ERCOT_demand_COAST,2026-03-02,Texas Independence Day,H2,L,best_matching_weekday,True,2026-03-02,19.0,True,True,3,False,2.0,3.0,3.0,pearson,PLS,standard,2.0,{},2026-03-01 10:00:00,2026-03-03,1251.2956787731446,9.062603270528394,972.958114,6.915,,14.0,24.0,3.0,4.0,3.0,3.0,0.0826251589216798,12181.185858226854,11900.475920644376,1251.2956787731446,9.062603270528394,9.062603270528394,1251.2956787731446,999.4884979888909,7.15093640044573,7.15093640044573,999.4884979888909,1398.1832008972924,10.177742278076614,10.177742278076614,1398.1832008972924,792.512023804211,5.69565893083289,5.434954658781978,760.409743780168,1537.6458075190496,11.422876746661174,11.422876746661174,1537.6458075190496,1263.1228345714778,9.312849130303388,9.216800187968843,1251.2956787731462,999.4884979888909,1398.1832008972924,hourly_window_mean_factor_top_available_analogs,3.0,10314.799879850876,,10314.799879850876,0.0,239.07875420872293,-139.46260662175737,-1.4839124081558303e-12,239.07875420872293,-139.46260662175737,-1.4839124081558303e-12,-760.409743780168,-1537.6458075190499,-1251.2956787731462,999.4884979888909,7.15093640044573,792.512023804211,5.69565893083289,1398.1832008972924,10.177742278076614,1537.6458075190496,11.422876746661174,1263.1228345714778,9.312849130303388,-139.46260662175723,-1.2451344685845598,1.4552774696128399,-0.2502458597749939,760.409743780168,1537.6458075190499,1251.2956787731462
experiment_2026_06_25_14_18_best_matching_weekday_baseline_ercot,ERCOT_demand_EAST,2025-01-01,New Year's Day,H2,H,best_matching_weekday,True,2025-01-01,19.0,True,True,5,False,2.0,7.0,5.0,euclidian,PCR,minmax,2.0,{},2024-12-31 10:00:00,2025-01-02,66.09575429255136,4.079464554966389,177.492255,9.907,,14.0,24.0,4.0,4.0,5.0,4.0,0.04450366445138812,1529.147764950214,1542.7573328931187,66.09575429255136,4.079464554966389,3.1094534704934853,52.05777457610193,43.01784372098208,2.7602309052323935,2.0939069288561565,33.398387380480095,79.55786879263347,4.849017517311218,3.701855619781927,62.94241710688133,56.423271715353785,3.6124069869870437,3.6124069869870437,56.423271715353785,68.12972075144316,4.199270005558284,2.9285965086812182,49.51123457820481,63.816818474989184,3.983057314505722,3.1805266848991534,52.0577745761018,33.398387380480095,62.94241710688133,hourly_window_mean_factor_top_available_analogs,4.0,1531.460424348684,,1531.460424348684,0.0,-23.024884334873686,13.431182528676525,1.3163739104608172e-13,-23.024884334873686,13.431182528676525,1.3163739104608172e-13,-56.42327171535378,-49.51123457820481,-52.05777457610179,43.01784372098208,2.7602309052323935,56.423271715353785,3.6124069869870437,79.55786879263347,4.849017517311218,68.12972075144316,4.199270005558284,63.816818474989184,3.983057314505722,11.428148041190312,0.6497475117529339,-0.8521760817546502,0.09640724046066707,56.42327171535378,49.51123457820481,52.05777457610179
experiment_2026_06_25_14_18_best_matching_weekday_baseline_ercot,ERCOT_demand_EAST,2025-01-20,Martin Luther King Jr. Day,H2,I,best_matching_weekday,True,2025-01-20,19.0,True,True,6,False,2.0,7.0,6.0,euclidian,PCR,,3.0,{},2025-01-19 10:00:00,2025-01-21,918.8348314394735,35.398486303354,155.435651,8.94,,14.0,24.0,4.0,4.0,6.0,4.0,0.04602651178120425,1711.130838718421,1772.3147907004652,918.8348314394735,35.398486303354,35.398486303354,918.8348314394735,864.9057543222254,35.51655287404051,35.51655287404051,864.9057543222254,950.2934597578684,35.3296141371202,35.3296141371202,950.2934597578684,773.811415632835,31.17046109590066,31.17046109590066,773.811415632835,1003.4318239933464,36.83880286254753,36.83880286254753,1003.4318239933464,918.8348314394738,34.75046642220396,34.75046642220396,918.8348314394738,864.9057543222254,950.2934597578684,hourly_window_mean_factor_top_available_analogs,4.0,1724.6196499407895,,1724.6196499407895,0.0,91.09433868939053,-53.138364235477916,-6.581869552304086e-14,91.09433868939053,-53.138364235477916,-6.581869552304086e-14,-773.811415632835,-1003.4318239933463,-918.8348314394736,864.9057543222254,35.51655287404051,773.811415632835,31.17046109590066,950.2934597578684,35.3296141371202,1003.4318239933464,36.83880286254753,918.8348314394738,34.75046642220396,-53.13836423547798,-1.5091887254273288,4.346091778139847,0.6480198811500415,773.811415632835,1003.4318239933463,918.8348314394736
experiment_2026_06_25_14_18_best_matching_weekday_baseline_ercot,ERCOT_demand_EAST,2025-02-17,Presidents' Day,H2,F,best_matching_weekday,True,2025-02-17,19.0,True,True,5,False,2.0,7.0,5.0,pearson,RidgeReg,minmax,2.0,{},2025-02-16 10:00:00,2025-02-18,387.5182944710321,18.4510755731837,209.498492,11.198,,14.0,24.0,4.0,4.0,5.0,4.0,0.06157358113649805,1600.302255028968,1606.2956113789505,387.5182944710321,18.4510755731837,18.4510755731837,387.5182944710321,349.2725373567164,17.57454047175285,17.57454047175285,349.2725373567164,409.828319454383,18.96238771568503,18.96238771568503,409.828319454383,358.71740416893863,18.225931639152922,18.225931639152922,358.71740416893863,408.08971706219546,18.769797465093742,18.536887630341397,404.31881381392003,389.8999175752062,18.569425845010276,18.42232489674564,387.5182944710321,349.2725373567164,409.828319454383,hourly_window_mean_factor_top_available_analogs,4.0,1386.1379746184211,,1386.1379746184211,0.0,-9.444866812222228,5.509505640462938,-1.7950553324465688e-14,-9.444866812222228,5.509505640462938,-1.7950553324465688e-14,-358.71740416893863,-404.3188138139201,-387.5182944710321,349.2725373567164,17.57454047175285,358.71740416893863,18.225931639152922,409.828319454383,18.96238771568503,408.08971706219546,18.769797465093742,389.8999175752062,18.569425845010276,1.7386023921875449,0.19259025059128732,-0.651391167400071,-0.11835027182657498,358.71740416893863,404.3188138139201,387.5182944710321
experiment_2026_06_25_14_18_best_matching_weekday_baseline_ercot,ERCOT_demand_EAST,2025-03-02,Texas Independence Day,H2,L,best_matching_weekday,True,2025-03-02,19.0,True,True,5,False,2.0,7.0,5.0,euclidian,PCR,,2.0,{},2025-03-01 10:00:00,2025-03-03,149.0754298139078,10.180251901371198,226.19804,11.501,,14.0,24.0,4.0,4.0,5.0,4.0,0.057411949134360186,1290.4583383152549,1282.2640708240665,149.0754298139078,10.180251901371198,9.444183690082644,138.5351091321133,205.58014897900654,13.667411600250833,11.669512169610469,176.9707071284215,116.11434363426685,8.146075410358081,8.146075410358081,116.11434363426685,180.7596748487624,11.996981987030688,11.340487675487624,171.35301126026914,119.39133289068941,8.449313968378355,8.449313968378355,119.39133289068941,142.00072203313738,9.756349554197635,9.514483228892294,138.53510913211355,176.9707071284215,116.11434363426685,hourly_window_mean_factor_top_available_analogs,4.0,1306.85799275,,1306.85799275,0.0,5.617695868152331,-3.2769892564225622,-2.3335719321805397e-13,5.617695868152331,-3.2769892564225622,-2.3335719321805397e-13,-171.35301126026917,-119.39133289068941,-138.53510913211352,205.58014897900654,13.667411600250833,180.7596748487624,11.996981987030688,116.11434363426685,8.146075410358081,119.39133289068941,8.449313968378355,142.00072203313738,9.756349554197635,-3.276989256422567,-0.3032385580202739,1.6704296132201453,0.4239023471735628,171.35301126026917,119.39133289068941,138.53510913211352
experiment_2026_06_25_14_18_best_matching_weekday_baseline_ercot,ERCOT_demand_EAST,2025-04-21,San Jacinto Day,H2,I,best_matching_weekday,True,2025-04-21,19.0,True,True,5,False,2.0,7.0,5.0,pearson,RidgeReg,minmax,2.0,{},2025-04-20 10:00:00,2025-04-22,124.79963967067138,7.3725776648031,226.211438,11.904,,14.0,24.0,4.0,4.0,5.0,4.0,0.1257786523530516,1497.5802142010862,1453.6596374289336,124.79963967067138,7.3725776648031,5.350845577762984,100.94474158838746,64.61660026093799,3.9146470880021296,3.9146470880021296,64.61660026093799,159.9064126596825,9.389703834603667,6.188628030123482,122.13615736273299,38.21602425396874,2.3610607995296466,0.07498996273363263,-0.26805606364264023,159.98554021873844,9.42945546368211,9.42945546368211,159.98554021873844,115.12308696856014,6.825310061099624,5.983073437016881,100.94474158838753,64.61660026093799,122.13615736273299,hourly_window_mean_factor_top_available_analogs,4.0,1439.8965042039474,,1439.8965042039474,0.0,64.88465632458063,-37.84938285600546,-5.983517774821896e-14,64.88465632458063,-37.84938285600546,-5.983517774821896e-14,0.26805606364264634,-159.98554021873844,-100.94474158838752,64.61660026093799,3.9146470880021296,38.21602425396874,2.3610607995296466,159.9064126596825,9.389703834603667,159.98554021873844,9.42945546368211,115.12308696856014,6.825310061099624,-0.07912755905593372,-0.03975162907844343,1.553586288472483,0.5472676037034763,0.26805606364264634,159.98554021873844,100.94474158838752
experiment_2026_06_25_14_18_best_matching_weekday_baseline_ercot,ERCOT_demand_EAST,2025-05-26,Memorial Day,H2,I,best_matching_weekday,True,2025-05-26,19.0,True,True,6,False,2.0,7.0,6.0,pearson,RidgeReg,minmax,2.0,{},2025-05-25 10:00:00,2025-05-27,277.58783738507225,16.17560110908589,216.109153,11.312,,14.0,24.0,4.0,4.0,6.0,4.0,0.15143161536904895,2188.1011973832387,2098.5597256924925,277.58783738507225,16.17560110908589,-15.275854024428638,-261.8120944095546,27.434303830154622,1.1552527591752217,-0.860545691296592,-21.42107871023237,423.510731958774,24.93747097986711,-23.68478388542233,-402.04018690082586,71.81346176083741,2.9407126010114526,-2.9267531936042963,-71.54885326323502,404.0114484703586,23.690017709171926,-21.872908538193897,-372.79898507824095,281.62271652474544,16.045536879849646,-14.89274604281878,-261.8120944095545,-21.42107871023237,-402.04018690082586,hourly_window_mean_factor_top_available_analogs,4.0,1666.5858627828948,,1666.5858627828948,0.0,50.127774553002645,-29.241201822584987,-7.180221329786275e-14,50.127774553002645,-29.241201822584987,-7.180221329786275e-14,71.54885326323502,372.7989850782409,261.81209440955456,27.434303830154622,1.1552527591752217,71.81346176083741,2.9407126010114526,423.510731958774,24.93747097986711,404.0114484703586,23.690017709171926,281.62271652474544,16.045536879849646,19.499283488415415,1.2474532706951855,-1.7854598418362309,0.13006422923624328,71.54885326323502,372.7989850782409,261.81209440955456
experiment_2026_06_25_14_18_best_matching_weekday_baseline_ercot,ERCOT_demand_EAST,2025-06-19,Juneteenth National Independence Day,H2,J,best_matching_weekday,True,2025-06-19,19.0,True,True,6,False,2.0,7.0,6.0,pearson,RidgeReg,minmax,2.0,{},2025-06-18 10:00:00,2025-06-20,95.3940353893744,4.1279577655620985,184.148646,10.528,,14.0,24.0,4.0,4.0,6.0,4.0,0.14484080551657474,2179.592447034097,2069.809037952324,95.3940353893744,4.1279577655620985,3.8320496198931018,87.84939149221863,71.42144776085779,2.957088058735559,2.1539088062054237,50.943128611435,109.37804483934242,4.8109650945442475,4.8109650945442475,109.37804483934242,60.704675834800206,2.500374720550206,0.7802416752364472,16.827326939434197,129.27892914800987,5.967768127334472,5.967768127334472,129.27892914800987,104.01473055893261,4.690307398519217,4.056574171298358,87.84939149221883,50.943128611435,109.37804483934242,hourly_window_mean_factor_top_available_analogs,4.0,1967.9971324999997,,1967.9971324999997,0.0,34.115801672000806,-19.90088430866743,-1.8548905101947878e-13,34.115801672000806,-19.90088430866743,-1.8548905101947878e-13,-16.827326939434194,-129.27892914800987,-87.84939149221881,71.42144776085779,2.957088058735559,60.704675834800206,2.500374720550206,109.37804483934242,4.8109650945442475,129.27892914800987,5.967768127334472,104.01473055893261,4.690307398519217,-19.900884308667443,-1.1568030327902248,0.45671333818535276,-0.5623496329571189,16.827326939434194,129.27892914800987,87.84939149221881
experiment_2026_06_25_14_18_best_matching_weekday_baseline_ercot,ERCOT_demand_EAST,2025-07-04,Independence Day,H2,F,best_matching_weekday,True,2025-07-04,19.0,True,True,6,False,2.0,7.0,6.0,pearson,RidgeReg,minmax,2.0,{},2025-07-03 10:00:00,2025-07-05,310.5435476824197,15.40682059254422,177.767424,10.066,,14.0,24.0,4.0,4.0,6.0,4.0,0.14729340435235388,2300.9549593666306,2185.4201245063473,310.5435476824197,15.40682059254422,-15.40682059254422,-310.5435476824197,328.8359577699725,15.241512616657479,-15.241512616657479,-328.8359577699725,299.8729751313474,15.503250245144814,-15.503250245144814,-299.8729751313474,334.02795036719857,15.446799617567331,-15.446799617567331,-334.02795036719857,296.844312782966,15.28424148172198,-15.28424148172198,-296.844312782966,310.5435476824201,15.34413132124395,-15.34413132124395,-310.5435476824201,-328.8359577699725,-299.8729751313474,hourly_window_mean_factor_top_available_analogs,4.0,2106.1375959539473,,2106.1375959539473,0.0,5.191992597226139,-3.0286623483813933,3.290934776152043e-13,5.191992597226139,-3.0286623483813933,3.290934776152043e-13,334.0279503671986,296.844312782966,310.54354768242007,328.8359577699725,15.241512616657479,334.02795036719857,15.446799617567331,299.8729751313474,15.503250245144814,296.844312782966,15.28424148172198,310.5435476824201,15.34413132124395,3.028662348381374,0.21900876342283482,-0.20528700090985197,0.06268927130027002,334.0279503671986,296.844312782966,310.54354768242007
experiment_2026_06_25_14_18_best_matching_weekday_baseline_ercot,ERCOT_demand_EAST,2025-08-27,Lyndon B. Johnson Day,H2,F,best_matching_weekday,True,2025-08-27,19.0,True,True,6,False,2.0,7.0,6.0,pearson,RidgeReg,minmax,2.0,{},2025-08-26 10:00:00,2025-08-28,86.01377432745886,4.029015799823934,182.493657,10.05,,14.0,24.0,4.0,4.0,6.0,4.0,0.14394924335410725,2189.4200835684037,2059.7454854856037,86.01377432745886,4.029015799823934,2.2386201926122093,45.39154327370182,72.55260096470349,3.071927907185319,0.341331222269828,11.277679503939257,93.86612545573284,4.587317070529793,3.345372091978598,65.29129713939665,99.02288764801968,4.1847385775672805,1.1986877030593532,35.98634503056532,73.08232956297825,3.3669192505320087,2.323778453611261,50.877908915531094,82.63937727851982,3.668221107860793,1.9092713349868742,45.3915432737016,11.277679503939257,65.29129713939665,hourly_window_mean_factor_top_available_analogs,4.0,2082.9116244342104,,2082.9116244342104,0.0,-24.70866552662606,14.413388223865553,2.2139015766841017e-13,-24.70866552662606,14.413388223865553,2.2139015766841017e-13,-35.98634503056532,-50.877908915531094,-45.3915432737016,72.55260096470349,3.071927907185319,99.02288764801968,4.1847385775672805,93.86612545573284,4.587317070529793,73.08232956297825,3.3669192505320087,82.63937727851982,3.668221107860793,20.783795892754597,1.2203978199977845,-1.1128106703819616,0.3607946919631413,35.98634503056532,50.877908915531094,45.3915432737016
experiment_2026_06_25_14_18_best_matching_weekday_baseline_ercot,ERCOT_demand_EAST,2025-09-01,Labor Day,H2,I,best_matching_weekday,True,2025-09-01,19.0,True,True,6,False,2.0,7.0,6.0,pearson,RidgeReg,minmax,2.0,{},2025-08-31 10:00:00,2025-09-02,153.08203017698898,7.235416405469259,180.396285,9.778,,14.0,24.0,4.0,4.0,6.0,4.0,0.11835701074241134,1747.2694567637377,1698.1440421667182,153.08203017698898,7.235416405469259,5.222459772128958,119.31042097310453,89.35174021385112,4.834993163763635,0.09050058272920915,8.098129212800684,190.2580326554861,8.635663296464203,8.216102632612145,184.18425783328178,104.67220260471727,5.797218725507937,-2.053272708086222,-31.251635491864608,207.13828724433634,10.137819604233416,10.137819604233416,207.13828724433634,169.38762448237145,8.53865085943982,5.646364541799866,119.31042097310441,8.098129212800684,184.18425783328178,hourly_window_mean_factor_top_available_analogs,4.0,1487.9870750592106,,1487.9870750592106,0.0,39.34976470466529,-22.954029411054552,1.2565387327125983e-13,39.34976470466529,-22.954029411054552,1.2565387327125983e-13,31.251635491864604,-207.13828724433634,-119.3104209731044,89.35174021385112,4.834993163763635,104.67220260471727,5.797218725507937,190.2580326554861,8.635663296464203,207.13828724433634,10.137819604233416,169.38762448237145,8.53865085943982,-16.88025458885025,-1.5021563077692122,-0.9622255617443018,-1.3032344539705605,31.251635491864604,207.13828724433634,119.3104209731044
experiment_2026_06_25_14_18_best_matching_weekday_baseline_ercot,ERCOT_demand_EAST,2025-11-11,Veterans Day,H2,L,best_matching_weekday,True,2025-11-11,19.0,True,True,5,False,2.0,7.0,5.0,pearson,PLS,standard,4.0,{},2025-11-10 10:00:00,2025-11-12,340.67697278782276,19.314522026451314,179.739852,9.725,,14.0,24.0,4.0,4.0,5.0,4.0,0.06404619081228997,1371.207879554283,1329.0737382267973,340.67697278782276,19.314522026451314,19.314522026451314,340.67697278782276,284.9316627414573,16.120605958101294,16.120605958101294,284.9316627414573,373.19507031486927,21.17763973298883,21.17763973298883,373.19507031486927,256.82884323871167,14.46935015416471,14.46935015416471,256.82884323871167,389.5883816914702,22.145269584094013,22.145269584094013,389.5883816914702,340.67697278782225,19.317299267804273,19.317299267804273,340.67697278782225,284.9316627414573,373.19507031486927,hourly_window_mean_factor_top_available_analogs,4.0,1502.4940050131574,,1502.4940050131574,0.0,28.10281950274563,-16.393311376600895,4.547473508864641e-13,28.10281950274563,-16.393311376600895,4.547473508864641e-13,-256.82884323871167,-389.58838169147015,-340.6769727878223,284.9316627414573,16.120605958101294,256.82884323871167,14.46935015416471,373.19507031486927,21.17763973298883,389.5883816914702,22.145269584094013,340.67697278782225,19.317299267804273,-16.393311376600934,-0.9676298511051833,1.6512558039365839,-0.0027772413529589812,256.82884323871167,389.58838169147015,340.6769727878223
experiment_2026_06_25_14_18_best_matching_weekday_baseline_ercot,ERCOT_demand_EAST,2025-11-27,Thanksgiving Day,H1,H,best_matching_weekday,True,2025-11-27,19.0,True,True,6,False,2.0,8.0,6.0,euclidian,PCR,,2.0,{},2025-11-26 10:00:00,2025-11-28,193.31247753951791,13.246303682679857,180.106475,9.614,,14.0,24.0,4.0,4.0,6.0,4.0,0.03444068837718087,1680.24664427636,1650.406030685057,193.31247753951791,13.246303682679857,-13.246303682679857,-193.31247753951791,153.02360086145134,9.700557429777346,-9.700557429777346,-153.02360086145134,216.81432226839016,15.314655663539654,-15.314655663539654,-216.81432226839016,133.78824528959836,8.477683631880497,-8.477683631880497,-133.78824528959836,228.03494635197094,16.12304980582147,-16.12304980582147,-228.03494635197094,193.31247753951791,13.30633595226427,-13.30633595226427,-193.31247753951791,-153.02360086145134,-216.81432226839016,hourly_window_mean_factor_top_available_analogs,4.0,1567.947243980263,,1567.947243980263,0.0,-19.23535557185299,11.220624083580825,-5.3851659973397064e-14,-19.23535557185299,11.220624083580825,-5.3851659973397064e-14,133.78824528959836,228.03494635197097,193.31247753951786,153.02360086145134,9.700557429777346,133.78824528959836,8.477683631880497,216.81432226839016,15.314655663539654,228.03494635197094,16.12304980582147,193.31247753951791,13.30633595226427,-11.220624083580788,-0.8083941422818164,1.222873797896849,-0.0600322695844131,133.78824528959836,228.03494635197097,193.31247753951786
experiment_2026_06_25_14_18_best_matching_weekday_baseline_ercot,ERCOT_demand_EAST,2025-11-28,Day after Thanksgiving,H2,L,best_matching_weekday,True,2025-11-28,19.0,True,True,6,False,2.0,8.0,6.0,euclidian,PCR,,2.0,{},2025-11-27 10:00:00,2025-11-29,71.27476085194264,4.92104556047642,186.529498,10.157,,14.0,24.0,4.0,4.0,6.0,4.0,0.0678953446109056,1502.5812118523884,1491.7955176333082,71.27476085194264,4.92104556047642,-1.8078964677406422,-21.637902641862034,110.47426941657442,7.9941567884943465,-7.093991443216693,-96.08535808509681,48.40838085590744,3.128397344132632,1.2756589346203857,21.789779700024923,130.81746777839973,9.528984207742509,-9.462642799617983,-129.75023583467907,90.53314235725759,6.041559790990831,2.7858886732647092,41.427625053947814,105.37473593346787,7.326400365583555,-1.7267281851657565,-21.637902641862095,-96.08535808509681,21.789779700024923,hourly_window_mean_factor_top_available_analogs,4.0,1381.5558657697368,,1381.5558657697368,0.0,33.66487774958226,-19.637845353922888,5.983517774821896e-14,33.66487774958226,-19.637845353922888,5.983517774821896e-14,129.75023583467907,-41.42762505394781,21.637902641862095,110.47426941657442,7.9941567884943465,130.81746777839973,9.528984207742509,48.40838085590744,3.128397344132632,90.53314235725759,6.041559790990831,105.37473593346787,7.326400365583555,-42.12476150135015,-2.9131624468581996,-1.5348274192481624,-2.4053548051071347,129.75023583467907,41.42762505394781,21.637902641862095
experiment_2026_06_25_14_18_best_matching_weekday_baseline_ercot,ERCOT_demand_EAST,2025-12-24,Christmas Eve,H1,H,best_matching_weekday,True,2025-12-24,19.0,True,True,6,False,2.0,8.0,6.0,euclidian,PCR,,2.0,{},2025-12-23 10:00:00,2025-12-25,180.07408578468701,12.1090875213895,186.599457,10.248,,14.0,24.0,4.0,4.0,6.0,4.0,0.04101114336089753,1666.7959925654975,1657.7994514360496,180.07408578468701,12.1090875213895,-7.252364723451441,-95.4251821444448,108.5522699482794,6.252051246022215,1.6970306929088619,33.305762712591545,221.79514502259153,15.525692015353746,-12.472845382994953,-170.51823331104933,107.767683009219,6.156418154137062,3.257113379502098,60.171149157580466,235.2715571103073,16.539472853904048,-13.618412916303077,-186.18970873729293,188.29644559938006,12.714136911884633,-7.401113754690646,-95.42518214444485,33.305762712591545,-170.51823331104933,hourly_window_mean_factor_top_available_analogs,4.0,1559.8838934407893,,1559.8838934407893,0.0,-26.86538644498892,15.671475426243651,7.180221329786275e-14,-26.86538644498892,15.671475426243651,7.180221329786275e-14,-60.171149157580466,186.189708737293,95.42518214444488,108.5522699482794,6.252051246022215,107.767683009219,6.156418154137062,221.79514502259153,15.525692015353746,235.2715571103073,16.539472853904048,188.29644559938006,12.714136911884633,-13.476412087715772,-1.0137808385503018,0.09563309188515312,-0.6050493904951342,60.171149157580466,186.189708737293,95.42518214444488
experiment_2026_06_25_14_18_best_matching_weekday_baseline_ercot,ERCOT_demand_EAST,2025-12-25,Christmas Day,H2,H,best_matching_weekday,True,2025-12-25,19.0,True,True,2,False,2.0,8.0,2.0,pearson,PLS,minmax,2.0,{},2025-12-24 10:00:00,2025-12-26,124.36583887480542,8.835870460407,181.01548,10.35,,14.0,24.0,2.0,4.0,2.0,2.0,0.15057518120551916,1557.8217290615419,1509.2860812309555,124.36583887480542,8.835870460407,-8.579179371101269,-120.36958816680533,70.30476904997643,4.520926221864467,-3.8241932651774846,-59.45780284254761,155.90146293928902,11.352921266223476,-11.352921266223476,-155.90146293928902,134.8897400692653,8.431095015216828,-7.325151979890266,-117.73533551338349,170.41789548399586,12.006938354355754,-8.051010692573604,-121.90623554796763,157.32857506804248,10.689522387304567,-7.783589061585006,-120.36958816680506,-59.45780284254761,-155.90146293928902,hourly_window_mean_factor_top_available_analogs,2.0,1803.2038242763156,,1803.2038242763156,0.0,58.27753267083589,-33.9952273913214,-2.931923709662729e-13,58.27753267083589,-33.9952273913214,-2.931923709662729e-13,117.73533551338349,121.90623554796761,120.36958816680503,70.30476904997643,4.520926221864467,134.8897400692653,8.431095015216828,155.90146293928902,11.352921266223476,170.41789548399586,12.006938354355754,157.32857506804248,10.689522387304567,-14.516432544706845,-0.654017088132278,-3.9101687933523612,-1.8536519268975677,117.73533551338349,121.90623554796761,120.36958816680503
experiment_2026_06_25_14_18_best_matching_weekday_baseline_ercot,ERCOT_demand_EAST,2026-01-01,New Year's Day,H2,H,best_matching_weekday,True,2026-01-01,19.0,True,True,5,False,2.0,9.0,5.0,pearson,RidgeReg,minmax,2.0,{},2025-12-31 10:00:00,2026-01-02,499.5109540791768,30.771546433386344,182.201523,10.222,,14.0,24.0,4.0,4.0,5.0,4.0,0.04036839921800156,2164.127760394966,2143.4474410989064,499.5109540791768,30.771546433386344,-30.771546433386344,-499.5109540791768,459.485664973926,27.02478819995816,-27.02478819995816,-459.485664973926,522.8590393905731,32.95715540288612,-32.95715540288612,-522.8590393905731,454.84155901369064,26.548179920268957,-26.548179920268957,-454.84155901369064,525.5681012007101,33.14834816916719,-33.14834816916719,-525.5681012007101,499.51095407917666,30.71670723536258,-30.71670723536258,-499.51095407917666,-459.485664973926,-522.8590393905731,hourly_window_mean_factor_top_available_analogs,4.0,1800.004920236842,,1800.004920236842,0.0,-4.64410596023533,2.7090618101370105,-1.6753849769501309e-13,-4.64410596023533,2.7090618101370105,-1.6753849769501309e-13,454.8415590136907,525.5681012007101,499.51095407917666,459.485664973926,27.02478819995816,454.84155901369064,26.548179920268957,522.8590393905731,32.95715540288612,525.5681012007101,33.14834816916719,499.51095407917666,30.71670723536258,-2.709061810136973,-0.19119276628106974,0.47660827968920216,0.05483919802376391,454.8415590136907,525.5681012007101,499.51095407917666
experiment_2026_06_25_14_18_best_matching_weekday_baseline_ercot,ERCOT_demand_EAST,2026-01-19,Martin Luther King Jr. Day,H2,I,best_matching_weekday,True,2026-01-19,19.0,True,True,5,False,2.0,9.0,5.0,pearson,PLS,minmax,3.0,{},2026-01-18 10:00:00,2026-01-20,305.97141149750706,15.985682058259792,197.444903,11.056,,14.0,24.0,4.0,4.0,5.0,4.0,0.0687261005913446,2295.0440172869803,2335.6989432863234,305.97141149750706,15.985682058259792,-15.985682058259792,-305.97141149750706,256.78493085953636,13.582392431291042,-13.582392431291042,-256.78493085953636,334.66352520298994,17.387601007324893,-17.387601007324893,-334.66352520298994,250.87484685432835,13.033357331039097,-13.033357331039097,-250.87484685432835,338.11107420602724,17.346806800179696,-17.346806800179696,-338.11107420602724,305.9714114975066,15.75764120628579,-15.75764120628579,-305.9714114975066,-256.78493085953636,-334.66352520298994,hourly_window_mean_factor_top_available_analogs,4.0,1834.4613407631578,,1834.4613407631578,0.0,-5.9100840052079935,3.4475490030372384,-4.786814219857517e-13,-5.9100840052079935,3.4475490030372384,-4.786814219857517e-13,250.87484685432835,338.1110742060272,305.9714114975066,256.78493085953636,13.582392431291042,250.87484685432835,13.033357331039097,334.66352520298994,17.387601007324893,338.11107420602724,17.346806800179696,305.9714114975066,15.75764120628579,-3.4475490030372953,0.04079420714519699,0.5490351002519454,0.22804085197400248,250.87484685432835,338.1110742060272,305.9714114975066
experiment_2026_06_25_14_18_best_matching_weekday_baseline_ercot,ERCOT_demand_EAST,2026-02-16,Presidents' Day,H2,F,best_matching_weekday,True,2026-02-16,19.0,True,True,5,False,2.0,9.0,5.0,pearson,PLS,standard,3.0,{},2026-02-15 10:00:00,2026-02-17,149.24578856285416,9.13658848694304,206.77521,11.43,,14.0,24.0,4.0,4.0,5.0,4.0,0.12373416957324379,1465.5125995628393,1432.9570705391989,149.24578856285416,9.13658848694304,8.37622644161532,137.66744446347641,68.57728209494498,4.337016797230887,2.2731769599127842,37.150348110919694,196.30241733580115,11.936338639275128,11.936338639275128,196.30241733580115,101.79425083447886,6.518344894187825,-0.4743475954488648,-5.305352811888026,235.63329712642928,14.510016627293814,13.640237111318115,221.06824287410575,186.3241748083423,11.565716515096872,8.44012695619344,137.66744446347647,37.150348110919694,196.30241733580115,hourly_window_mean_factor_top_available_analogs,4.0,1844.8955558026316,,1844.8955558026316,0.0,42.455700922807715,-24.76582553830457,-4.188462442375327e-14,42.455700922807715,-24.76582553830457,-4.188462442375327e-14,5.305352811888021,-221.06824287410572,-137.66744446347644,68.57728209494498,4.337016797230887,101.79425083447886,6.518344894187825,196.30241733580115,11.936338639275128,235.63329712642928,14.510016627293814,186.3241748083423,11.565716515096872,-39.33087979062813,-2.5736779880186855,-2.181328096956938,-2.4291280281538317,5.305352811888021,221.06824287410572,137.66744446347644
experiment_2026_06_25_14_18_best_matching_weekday_baseline_ercot,ERCOT_demand_EAST,2026-03-02,Texas Independence Day,H2,L,best_matching_weekday,True,2026-03-02,19.0,True,True,5,False,2.0,9.0,5.0,pearson,PLS,standard,3.0,{},2026-03-01 10:00:00,2026-03-03,134.48499764876252,7.610217454923118,205.401231,11.214,,14.0,24.0,4.0,4.0,5.0,4.0,0.08611173671701895,1486.2366344231332,1458.9883565904213,134.48499764876252,7.610217454923118,6.690556580142106,122.02778241897249,128.66285670136554,7.4173347257686375,6.76354388971378,119.05897200650462,137.88124653474412,7.722732380263231,6.647980649558629,123.75958849291207,93.9588624418419,5.399153888058303,5.266972894079818,91.9967367336333,140.3645687762261,8.21561642413044,8.156339608442444,139.5458924020863,123.26772960040034,7.177972331893336,7.091836082098319,122.02778241897207,119.05897200650462,123.75958849291207,hourly_window_mean_factor_top_available_analogs,4.0,1379.7480716842106,,1379.7480716842106,0.0,27.062235272871312,-15.78630390917425,4.308132797871765e-13,27.062235272871312,-15.78630390917425,4.308132797871765e-13,-91.9967367336333,-139.54589240208634,-122.02778241897207,128.66285670136554,7.4173347257686375,93.9588624418419,5.399153888058303,137.88124653474412,7.722732380263231,140.3645687762261,8.21561642413044,123.26772960040034,7.177972331893336,-2.4833222414819716,-0.49288404386720863,2.018180837710334,0.4322451230297819,91.9967367336333,139.54589240208634,122.02778241897207
experiment_2026_06_25_14_18_best_matching_weekday_baseline_ercot,ERCOT_demand_ERCOT,2025-01-01,New Year's Day,H2,I,best_matching_weekday,True,2025-01-01,19.0,True,True,8,False,2.0,11.0,8.0,pearson,RidgeReg,minmax,2.0,{},2024-12-31 10:00:00,2025-01-02,1567.7378042001103,3.4768484023942765,3078.376623,5.663,,14.0,24.0,4.0,4.0,8.0,4.0,0.07672837920459352,45397.41891675398,44465.307682908635,1567.7378042001103,3.4768484023942765,0.8139711288003291,364.92124774602473,663.7457283631057,1.435423575279369,-0.9070040843870153,-420.8694897031325,2095.0665151050293,4.667679551544641,1.8178733364929467,823.2991779246998,1768.2576662357787,3.7989152896768372,-3.344637852558606,-1564.8340174850357,3342.5808931379283,7.508214529431644,3.3779975222764005,1490.6118191308026,2762.567072700294,6.141630598995663,0.9012371210213981,364.92124774602013,-420.8694897031325,823.2991779246998,hourly_window_mean_factor_top_available_analogs,4.0,37722.31263556579,,37722.31263556579,0.0,1143.9645277819031,-667.3126412061029,4.595341651063216e-12,1143.9645277819031,-667.3126412061029,4.595341651063216e-12,1564.8340174850357,-1490.6118191308028,-364.92124774602013,663.7457283631057,1.435423575279369,1768.2576662357787,3.7989152896768372,2095.0665151050293,4.667679551544641,3342.5808931379283,7.508214529431644,2762.567072700294,6.141630598995663,-1247.514378032899,-2.8405349778870033,-2.363491714397468,-2.6647821966013865,1564.8340174850357,1490.6118191308028,364.92124774602013
experiment_2026_06_25_14_18_best_matching_weekday_baseline_ercot,ERCOT_demand_ERCOT,2025-01-20,Martin Luther King Jr. Day,H2,F,best_matching_weekday,True,2025-01-20,19.0,True,True,8,False,2.0,11.0,8.0,pearson,RidgeReg,minmax,2.0,{},2025-01-19 10:00:00,2025-01-21,5445.49217959808,8.026793347221442,3094.932264,5.693,,14.0,24.0,4.0,4.0,8.0,4.0,0.05273682253823003,61605.68027548087,63130.92102900058,5445.49217959808,8.026793347221442,8.026793347221442,5445.49217959808,3402.1288686957823,5.418444955245543,5.418444955245543,3402.1288686957823,6637.454110957754,9.548329909207384,9.548329909207384,6637.454110957754,2577.0799839336105,4.115926006498959,4.115926006498959,2577.0799839336105,7118.732627069022,10.217246687625403,10.217246687625403,7118.732627069022,5445.492179598082,7.969391699841975,7.969391699841975,5445.492179598082,3402.1288686957823,6637.454110957754,hourly_window_mean_factor_top_available_analogs,4.0,49375.68821513816,,49375.68821513816,0.0,825.048884762172,-481.2785161112688,-1.148835412765804e-12,825.048884762172,-481.2785161112688,-1.148835412765804e-12,-2577.0799839336105,-7118.732627069023,-5445.492179598081,3402.1288686957823,5.418444955245543,2577.0799839336105,4.115926006498959,6637.454110957754,9.548329909207384,7118.732627069022,10.217246687625403,5445.492179598082,7.969391699841975,-481.2785161112679,-0.6689167784180192,1.3025189487465845,0.05740164737946696,2577.0799839336105,7118.732627069023,5445.492179598081
experiment_2026_06_25_14_18_best_matching_weekday_baseline_ercot,ERCOT_demand_ERCOT,2025-02-17,Presidents' Day,H2,F,best_matching_weekday,True,2025-02-17,19.0,True,True,8,False,2.0,12.0,8.0,pearson,RidgeReg,minmax,2.0,{},2025-02-16 10:00:00,2025-02-18,2248.624474850902,4.135057067198466,3275.640872,5.861,,14.0,24.0,4.0,4.0,8.0,4.0,0.03706124411516726,52586.00410920733,52899.56740405496,2248.624474850902,4.135057067198466,0.754525489425466,562.9191801347823,1303.4685700674386,2.5007637270988767,0.271721223041889,209.3553628172028,2799.9654193079236,5.088394848923227,1.0361613114825525,769.1647402367038,1159.3547126573644,2.298130196862379,-1.8018215476868342,-888.92954957319,2426.155972364593,4.361748690664153,2.3452462743401803,1409.830939131087,1959.4397187882453,3.6014681929477095,0.8173791820144382,562.9191801347745,209.3553628172028,769.1647402367038,hourly_window_mean_factor_top_available_analogs,4.0,47863.213471953946,,47863.213471953946,0.0,1098.2849123903927,-640.6661988943833,7.850375320566328e-12,1098.2849123903927,-640.6661988943833,7.850375320566328e-12,888.9295495731899,-1409.8309391310872,-562.9191801347745,1303.4685700674386,2.5007637270988767,1159.3547126573644,2.298130196862379,2799.9654193079236,5.088394848923227,2426.155972364593,4.361748690664153,1959.4397187882453,3.6014681929477095,373.80944694333084,0.726646158259074,0.20263353023649788,0.5335888742507566,888.9295495731899,1409.8309391310872,562.9191801347745
experiment_2026_06_25_14_18_best_matching_weekday_baseline_ercot,ERCOT_demand_ERCOT,2025-03-02,Texas Independence Day,H2,L,best_matching_weekday,True,2025-03-02,19.0,True,True,8,False,2.0,12.0,8.0,pearson,RidgeReg,minmax,2.0,{},2025-03-01 10:00:00,2025-03-03,1938.4846001705316,4.206516097235979,3336.025988,5.938,,14.0,24.0,4.0,4.0,8.0,4.0,0.056536553175448034,43755.74005327276,43212.06892363607,1938.4846001705316,4.206516097235979,2.363347623507875,1160.77846180618,2592.219952057182,5.455535479339294,4.207285719074272,2035.4990489928928,1557.138978236652,3.477921457675713,1.2877170677608112,650.5247859472644,2837.3876818990325,5.994264955255909,4.014456568332945,1952.2458083408153,1485.9587193104278,3.434483121046721,1.5962943576698008,699.089176327651,1983.8536002641245,4.3775606389132635,2.487196224756222,1160.7784618061853,2035.4990489928928,650.5247859472644,hourly_window_mean_factor_top_available_analogs,4.0,35287.27507983552,,35287.27507983552,0.0,83.25324065207731,-48.56439038038661,-5.169759357446118e-12,83.25324065207731,-48.56439038038661,-5.169759357446118e-12,-1952.2458083408155,-699.089176327651,-1160.7784618061853,2592.219952057182,5.455535479339294,2837.3876818990325,5.994264955255909,1557.138978236652,3.477921457675713,1485.9587193104278,3.434483121046721,1983.8536002641245,4.3775606389132635,71.18025892622427,0.043438336628992325,-0.5387294759166155,-0.17104454167728456,1952.2458083408155,699.089176327651,1160.7784618061853
experiment_2026_06_25_14_18_best_matching_weekday_baseline_ercot,ERCOT_demand_ERCOT,2025-04-21,San Jacinto Day,H2,H,best_matching_weekday,True,2025-04-21,19.0,True,True,8,False,2.0,12.0,8.0,pearson,RidgeReg,minmax,2.0,{},2025-04-20 10:00:00,2025-04-22,2250.6009474878147,4.462174679909871,3329.406869,5.909,,14.0,24.0,4.0,4.0,8.0,4.0,0.11608737377341717,50789.501222814724,49500.13175384209,2250.6009474878147,4.462174679909871,-0.9281023473607032,-217.98756563050196,1445.0399996883696,2.826258257993028,-2.813459107768439,-1438.9596949106283,2720.5115003708247,5.416459259361363,0.17168909621047637,494.2461764495717,3201.2083747880392,6.146363652206195,-5.387386763657902,-2838.29911607431,2039.724714174096,4.1023374901694565,2.6306170725613973,1310.5275054616995,2467.6397470318648,4.855399760393517,-0.3233843407825551,-217.9875656305144,-1438.9596949106283,494.2461764495717,hourly_window_mean_factor_top_available_analogs,4.0,53990.215345078956,,53990.215345078956,0.0,1399.3394211636817,-816.2813290121279,1.2445716971629544e-11,1399.3394211636817,-816.2813290121279,1.2445716971629544e-11,2838.29911607431,-1310.5275054616995,217.9875656305144,1445.0399996883696,2.826258257993028,3201.2083747880392,6.146363652206195,2720.5115003708247,5.416459259361363,2039.724714174096,4.1023374901694565,2467.6397470318648,4.855399760393517,680.7867861967286,1.3141217691919067,-3.320105394213167,-0.39322508048364657,2838.29911607431,1310.5275054616995,217.9875656305144
experiment_2026_06_25_14_18_best_matching_weekday_baseline_ercot,ERCOT_demand_ERCOT,2025-05-26,Memorial Day,H2,I,best_matching_weekday,True,2025-05-26,19.0,True,True,8,False,2.0,12.0,8.0,pearson,RidgeReg,minmax,2.0,{},2025-05-25 10:00:00,2025-05-27,4498.878132854902,7.4732543437418775,3321.390483,5.857,,14.0,24.0,4.0,4.0,8.0,4.0,0.12859435666089739,63877.7203278461,61557.843106946726,4498.878132854902,7.4732543437418775,-4.552785711867443,-2567.337355372421,1816.8642212824645,2.546238139951634,2.360658529861722,1699.385303397821,6063.3862479388235,10.347347129286186,-8.585628186209457,-5056.258906321728,1838.4241437816818,2.70691008790952,-0.9289160748518321,-611.3180892152284,6400.38234375793,11.044913707732833,-6.066710315251054,-3708.3485939641105,4719.6609016614175,7.973017637271614,-4.173838752998709,-2567.3373553724164,1699.385303397821,-5056.258906321728,hourly_window_mean_factor_top_available_analogs,4.0,49152.04133294737,,49152.04133294737,0.0,2310.7033926130493,-1347.9103123576185,-4.020923944680315e-12,2310.7033926130493,-1347.9103123576185,-4.020923944680315e-12,611.3180892152284,3708.3485939641096,2567.337355372417,1816.8642212824645,2.546238139951634,1838.4241437816818,2.70691008790952,6063.3862479388235,10.347347129286186,6400.38234375793,11.044913707732833,4719.6609016614175,7.973017637271614,-336.9960958191068,-0.6975665784466472,-0.16067194795788575,-0.49976329352973625,611.3180892152284,3708.3485939641096,2567.337355372417
experiment_2026_06_25_14_18_best_matching_weekday_baseline_ercot,ERCOT_demand_ERCOT,2025-06-19,Juneteenth National Independence Day,H2,F,best_matching_weekday,True,2025-06-19,19.0,True,True,8,False,2.0,12.0,8.0,pearson,RidgeReg,minmax,2.0,{},2025-06-18 10:00:00,2025-06-20,1696.3001965910148,2.479790242871881,2564.137599,4.846,,14.0,24.0,4.0,4.0,8.0,4.0,0.13902881971550335,66770.2389138174,64585.054449017574,1696.3001965910148,2.479790242871881,2.4582344221019032,1679.9505683404836,1524.881742134318,2.1462726608332647,2.087764004457609,1480.504179740019,1796.294295024088,2.67434216572774,2.67434216572774,1796.294295024088,2213.0094525599498,3.04527695122063,-0.8205159073465378,-698.032064958619,3574.4447810681872,5.821524128571363,5.162243880739363,3067.107104431639,3072.863344249363,4.798696221126357,2.9580692219708737,1679.9505683404914,1480.504179740019,1796.294295024088,hourly_window_mean_factor_top_available_analogs,4.0,54462.0543678421,,54462.0543678421,0.0,2178.536244698638,-1270.8128094075512,-7.850375320566328e-12,2178.536244698638,-1270.8128094075512,-7.850375320566328e-12,698.0320649586188,-3067.107104431639,-1679.9505683404916,1524.881742134318,2.1462726608332647,2213.0094525599498,3.04527695122063,1796.294295024088,2.67434216572774,3574.4447810681872,5.821524128571363,3072.863344249363,4.798696221126357,-1778.1504860440994,-3.1471819628436224,-0.8990042903873654,-2.3189059782544756,698.0320649586188,3067.107104431639,1679.9505683404916
experiment_2026_06_25_14_18_best_matching_weekday_baseline_ercot,ERCOT_demand_ERCOT,2025-07-04,Independence Day,H2,F,best_matching_weekday,True,2025-07-04,19.0,True,True,8,False,2.0,12.0,8.0,pearson,RidgeReg,minmax,2.0,{},2025-07-03 10:00:00,2025-07-05,3764.297528203607,6.172776628767586,2526.54767,4.697,,14.0,24.0,4.0,4.0,8.0,4.0,0.1433164888074315,63912.29767895927,61843.76189866587,3764.297528203607,6.172776628767586,-6.076333859458703,-3705.7706099329507,3688.1169497682945,5.760260626244782,-5.498487395263529,-3529.258171605086,3808.736198957538,6.413410963572555,-6.413410963572555,-3808.736198957538,6235.09092234079,9.626553139393431,-9.213147161181487,-5986.9445066337275,4713.454745955365,7.877130231926749,-3.270939474392465,-2375.085836857507,5274.0575477815755,8.521654460993418,-5.4601738853147355,-3705.770609932956,-3529.258171605086,-3808.736198957538,hourly_window_mean_factor_top_available_analogs,4.0,51756.615596190786,,51756.615596190786,0.0,2457.6863350286408,-1433.6503621000313,5.7441770638290205e-12,2457.6863350286408,-1433.6503621000313,5.7441770638290205e-12,5986.944506633727,2375.0858368575064,3705.7706099329566,3688.1169497682945,5.760260626244782,6235.09092234079,9.626553139393431,3808.736198957538,6.413410963572555,4713.454745955365,7.877130231926749,5274.0575477815755,8.521654460993418,-904.7185469978272,-1.4637192683541942,-3.8662925131486494,-2.3488778322258312,5986.944506633727,2375.0858368575064,3705.7706099329566
experiment_2026_06_25_14_18_best_matching_weekday_baseline_ercot,ERCOT_demand_ERCOT,2025-08-27,Lyndon B. Johnson Day,H2,F,best_matching_weekday,True,2025-08-27,19.0,True,True,8,False,2.0,13.0,8.0,pearson,RidgeReg,minmax,2.0,{},2025-08-26 10:00:00,2025-08-28,1636.8754969430315,2.436988621004416,2528.094203,4.559,,14.0,24.0,4.0,4.0,8.0,4.0,0.13902881971550335,68964.18538144317,66263.94921536242,1636.8754969430315,2.436988621004416,-2.0837441715805447,-1427.8540403642319,2395.6145635816165,3.387714177329091,-3.387714177329091,-2395.6145635816165,1194.2777080705237,1.8823987131483566,-1.3230950015605598,-863.3270684874242,3885.875332643552,5.381944454860992,-5.381944454860992,-3885.875332643552,1838.1082676520064,2.9070296374147477,0.39774531361670357,5.991713465392422,2592.548765280471,3.818840359631784,-1.731614074769816,-1427.854040364219,-2395.6145635816165,-863.3270684874242,hourly_window_mean_factor_top_available_analogs,4.0,54462.0543678421,,54462.0543678421,0.0,1490.260769061936,-869.3187819528166,-1.3020134678012446e-11,1490.260769061936,-869.3187819528166,-1.3020134678012446e-11,3885.8753326435526,-5.991713465392422,1427.854040364219,2395.6145635816165,3.387714177329091,3885.875332643552,5.381944454860992,1194.2777080705237,1.8823987131483566,1838.1082676520064,2.9070296374147477,2592.548765280471,3.818840359631784,-643.8305595814827,-1.0246309242663911,-1.9942302775319014,-1.3818517386273683,3885.8753326435526,5.991713465392422,1427.854040364219
experiment_2026_06_25_14_18_best_matching_weekday_baseline_ercot,ERCOT_demand_ERCOT,2025-09-01,Labor Day,H2,H,best_matching_weekday,True,2025-09-01,19.0,True,True,8,False,2.0,13.0,8.0,pearson,RidgeReg,minmax,2.0,{},2025-08-31 10:00:00,2025-09-02,2030.8969653680022,3.365857369427996,2517.536628,4.457,,14.0,24.0,4.0,4.0,8.0,4.0,0.12503596735449482,62472.90330418572,60451.27671534068,2030.8969653680022,3.365857369427996,-2.6423489096658344,-1524.8223095015046,3229.7092239914787,5.069431065527034,-5.069431065527034,-3229.7092239914787,1331.5898145043077,2.3721060467035575,-1.2265509854134666,-530.3049427156863,4124.226993856314,6.424824736766433,-6.243602646299661,-4023.7282402708383,816.3182392851477,1.4260972745941245,0.0831505379994435,-67.12718321939944,2035.0214646534725,3.2677337080260274,-2.247758529900226,-1524.8223095015085,-3229.7092239914787,-530.3049427156863,hourly_window_mean_factor_top_available_analogs,4.0,50135.92126746711,,50135.92126746711,0.0,794.0190162793598,-463.17775949628685,4.020923944680315e-12,794.0190162793598,-463.17775949628685,4.020923944680315e-12,4023.7282402708383,67.1271832193994,1524.8223095015087,3229.7092239914787,5.069431065527034,4124.226993856314,6.424824736766433,1331.5898145043077,2.3721060467035575,816.3182392851477,1.4260972745941245,2035.0214646534725,3.2677337080260274,515.27157521916,0.946008772109433,-1.3553936712393986,0.09812366140196849,4023.7282402708383,67.1271832193994,1524.8223095015087
experiment_2026_06_25_14_18_best_matching_weekday_baseline_ercot,ERCOT_demand_ERCOT,2025-11-11,Veterans Day,H2,L,best_matching_weekday,True,2025-11-11,19.0,True,True,8,False,2.0,13.0,8.0,pearson,RidgeReg,minmax,2.0,{},2025-11-10 10:00:00,2025-11-12,3217.2950078051767,6.436167749710109,2522.042608,4.483,,14.0,24.0,4.0,4.0,8.0,4.0,0.05096640579242285,46236.05285651062,45701.49337078949,3217.2950078051767,6.436167749710109,6.436167749710109,3217.2950078051767,2773.3664433960244,5.474656126545753,5.474656126545753,2773.3664433960244,3476.253337043849,6.997049529889316,6.997049529889316,3476.253337043849,2632.8632566025312,5.193260899571061,4.138282295143953,2116.7432090336847,3859.283557088533,7.884653517006211,7.884653517006211,3859.283557088533,3407.4444990147435,6.893087815845894,6.504411487899065,3217.2950078051686,2773.3664433960244,3476.253337043849,hourly_window_mean_factor_top_available_analogs,4.0,35540.99939635527,,35540.99939635527,0.0,656.6232343623394,-383.03022004468374,8.999210733332133e-12,656.6232343623394,-383.03022004468374,8.999210733332133e-12,-2116.743209033685,-3859.2835570885327,-3217.2950078051676,2773.3664433960244,5.474656126545753,2632.8632566025312,5.193260899571061,3476.253337043849,6.997049529889316,3859.283557088533,7.884653517006211,3407.4444990147435,6.893087815845894,-383.03022004468403,-0.8876039871168953,0.2813952269746922,-0.45692006613578506,2116.743209033685,3859.2835570885327,3217.2950078051676
experiment_2026_06_25_14_18_best_matching_weekday_baseline_ercot,ERCOT_demand_ERCOT,2025-11-27,Thanksgiving Day,H1,F,best_matching_weekday,True,2025-11-27,19.0,True,True,8,False,2.0,13.0,8.0,pearson,RidgeReg,minmax,2.0,{},2025-11-26 10:00:00,2025-11-28,2136.033791057607,4.512694367330274,2432.24503,4.39,,14.0,24.0,4.0,4.0,8.0,4.0,0.06127662530124971,48970.56181226358,47733.197373199066,2136.033791057607,4.512694367330274,-4.100958766441797,-1940.9891872372543,2134.1066690592443,4.345431101983939,-4.194939855846481,-2059.9565365169988,2137.157945556652,4.610264605448971,-4.046136464289064,-1871.5915668240698,2932.0018166414297,5.9690755716296575,-5.9690755716296575,-2932.0018166414297,2268.986502928598,4.935761238960162,-2.8456828013648,-1362.8984867514991,2513.2553027175354,5.316455993101555,-3.996406453567643,-1940.9891872372627,-2059.9565365169988,-1871.5915668240698,hourly_window_mean_factor_top_available_analogs,4.0,35151.14112753948,,35151.14112753948,0.0,872.0452801244309,-508.6930800725707,8.807738164537831e-12,872.0452801244309,-508.6930800725707,8.807738164537831e-12,2932.0018166414297,1362.8984867514991,1940.9891872372632,2134.1066690592443,4.345431101983939,2932.0018166414297,5.9690755716296575,2137.157945556652,4.610264605448971,2268.986502928598,4.935761238960162,2513.2553027175354,5.316455993101555,-131.82855737194586,-0.3254966335111913,-1.6236444696457184,-0.8037616257712807,2932.0018166414297,1362.8984867514991,1940.9891872372632
experiment_2026_06_25_14_18_best_matching_weekday_baseline_ercot,ERCOT_demand_ERCOT,2025-11-28,Day after Thanksgiving,H2,L,best_matching_weekday,True,2025-11-28,19.0,True,True,8,False,2.0,13.0,8.0,pearson,RidgeReg,minmax,2.0,{},2025-11-27 10:00:00,2025-11-29,703.0382401316489,1.5300953301933564,2501.358898,4.56,,14.0,24.0,4.0,4.0,8.0,4.0,0.059794851667577684,46787.63113053213,46237.0309522314,703.0382401316489,1.5300953301933564,-0.8068628133730531,-352.00777455845235,1044.6728516849191,2.250754236307784,-1.7553273857621143,-802.8008380476915,503.7513833922412,1.1097109682932738,-0.2535918128127675,-89.04515418972944,1756.3649540303074,3.7341411053001017,-3.681779138738921,-1732.9230828553493,1134.3454611950513,2.5585089001200614,1.1323953212155444,453.5261552814157,1363.5105375027772,2.9916365546600767,-0.6412479008729428,-352.0077745584451,-802.8008380476915,-89.04515418972944,hourly_window_mean_factor_top_available_analogs,4.0,35153.72317683553,,35153.72317683553,0.0,930.1222448076577,-542.5713094711451,-7.275957614183426e-12,930.1222448076577,-542.5713094711451,-7.275957614183426e-12,1732.923082855349,-453.5261552814157,352.0077745584451,1044.6728516849191,2.250754236307784,1756.3649540303074,3.7341411053001017,503.7513833922412,1.1097109682932738,1134.3454611950513,2.5585089001200614,1363.5105375027772,2.9916365546600767,-630.59407780281,-1.4487979318267876,-1.4833868689923175,-1.4615412244667203,1732.923082855349,453.5261552814157,352.0077745584451
experiment_2026_06_25_14_18_best_matching_weekday_baseline_ercot,ERCOT_demand_ERCOT,2025-12-24,Christmas Eve,H1,H,best_matching_weekday,True,2025-12-24,19.0,True,True,9,False,2.0,13.0,9.0,pearson,RidgeReg,minmax,2.0,{},2025-12-23 10:00:00,2025-12-25,1140.9451551643488,2.242870416667241,2356.098221,4.371,,14.0,24.0,4.0,4.0,9.0,4.0,0.10512772802564353,50430.923189283945,49117.228769318994,1140.9451551643488,2.242870416667241,0.5163077849681781,347.6314342423646,1259.2268799335616,2.3293408081215428,1.9922340696560557,1076.9710635618378,1071.9474823823082,2.192429354985565,-0.3446492144330837,-77.81668286066149,1970.7306896435657,3.6806475427351146,-0.09957896665134133,-80.62887865712972,2412.180794615579,5.07673190398848,1.6274510868886987,597.4499501004133,2249.541282257469,4.56238503405303,0.9911768566371052,347.6314342423711,1076.9710635618378,-77.81668286066149,hourly_window_mean_factor_top_available_analogs,4.0,41236.68769086842,,41236.68769086842,0.0,1157.5999422189675,-675.2666329610747,-6.510067339006223e-12,1157.5999422189675,-675.2666329610747,-6.510067339006223e-12,80.62887865712969,-597.4499501004133,-347.63143424237114,1259.2268799335616,2.3293408081215428,1970.7306896435657,3.6806475427351146,1071.9474823823082,2.192429354985565,2412.180794615579,5.07673190398848,2249.541282257469,4.56238503405303,-1340.233312233271,-2.884302549002915,-1.3513067346135719,-2.3195146173857886,80.62887865712969,597.4499501004133,347.63143424237114
experiment_2026_06_25_14_18_best_matching_weekday_baseline_ercot,ERCOT_demand_ERCOT,2025-12-25,Christmas Day,H2,I,best_matching_weekday,True,2025-12-25,19.0,True,True,9,False,2.0,13.0,9.0,pearson,RidgeReg,minmax,2.0,{},2025-12-24 10:00:00,2025-12-26,872.7516039859559,1.7885083347156656,2319.394004,4.332,,14.0,24.0,4.0,4.0,9.0,4.0,0.10532056893618305,49167.781316559645,47868.209513758135,872.7516039859559,1.7885083347156656,-0.5485324166609942,-204.34474234912494,964.4304098350191,1.7980665542494383,1.5605651743135884,846.5539659948871,819.2723005740023,1.782932706654299,-1.7788393447295006,-817.3689888831319,557.6256792895573,1.1025908880442747,0.6649005520768599,317.55456621267615,2628.9496137430247,5.5486914062463155,-0.6087865964514007,-508.7860056768338,1865.8302694706945,3.910654373224512,-0.13953343646730476,-204.34474234911957,846.5539659948871,-817.3689888831319,hourly_window_mean_factor_top_available_analogs,4.0,46316.57851498026,,46316.57851498026,0.0,528.999399782211,-308.5829832062982,-5.361231926240419e-12,528.999399782211,-308.5829832062982,-5.361231926240419e-12,-317.55456621267615,508.7860056768337,204.34474234911957,964.4304098350191,1.7980665542494383,557.6256792895573,1.1025908880442747,819.2723005740023,1.782932706654299,2628.9496137430247,5.5486914062463155,1865.8302694706945,3.910654373224512,-1809.6773131690225,-3.7657586995920163,0.6954756662051635,-2.122146038508846,317.55456621267615,508.7860056768337,204.34474234911957
experiment_2026_06_25_14_18_best_matching_weekday_baseline_ercot,ERCOT_demand_ERCOT,2026-01-01,New Year's Day,H2,I,best_matching_weekday,True,2026-01-01,19.0,True,True,8,False,2.0,13.0,8.0,pearson,RidgeReg,minmax,2.0,{},2025-12-31 10:00:00,2026-01-02,6798.102643169971,14.3356842216761,2184.222575,4.046,,14.0,24.0,4.0,4.0,8.0,4.0,0.05903888616871058,54833.62074190681,54912.436914107355,6798.102643169971,14.3356842216761,-14.3356842216761,-6798.102643169971,4762.632664991607,9.684109478984292,-9.684109478984292,-4762.632664991607,7985.460130440682,17.049102821579655,-17.049102821579655,-7985.460130440682,4932.897495810707,9.974989927042932,-9.974989927042932,-4932.897495810707,7886.138979129536,16.834366289945425,-16.834366289945425,-7886.138979129536,6798.1026431699665,14.307227629928718,-14.307227629928718,-6798.1026431699665,-4762.632664991607,-7985.460130440682,hourly_window_mean_factor_top_available_analogs,4.0,39008.57091565132,,39008.57091565132,0.0,170.26483081910035,-99.32115131114733,-3.446506238297412e-12,170.26483081910035,-99.32115131114733,-3.446506238297412e-12,4932.897495810707,7886.138979129535,6798.102643169967,4762.632664991607,9.684109478984292,4932.897495810707,9.974989927042932,7985.460130440682,17.049102821579655,7886.138979129536,16.834366289945425,6798.1026431699665,14.307227629928718,99.32115131114642,0.21473653163423023,-0.29088044805864044,0.02845659174738202,4932.897495810707,7886.138979129535,6798.102643169967
experiment_2026_06_25_14_18_best_matching_weekday_baseline_ercot,ERCOT_demand_ERCOT,2026-01-19,Martin Luther King Jr. Day,H2,F,best_matching_weekday,True,2026-01-19,19.0,True,True,9,False,2.0,13.0,9.0,pearson,RidgeReg,minmax,2.0,{},2026-01-18 10:00:00,2026-01-20,6639.743628965111,12.424924401830104,2426.119819,4.586,,14.0,24.0,4.0,4.0,9.0,4.0,0.056176656273150716,60743.29903980722,61828.064575842734,6639.743628965111,12.424924401830104,-12.424924401830104,-6639.743628965111,5651.77666874633,10.835288970017098,-10.835288970017098,-5651.77666874633,7216.057689092733,13.352211737054356,-13.352211737054356,-7216.057689092733,5393.431507971772,10.155783850796183,-10.155783850796183,-5393.431507971772,7366.759032877903,13.458930570944633,-13.458930570944633,-7366.759032877903,6639.743628965117,12.241981779310994,-12.241981779310994,-6639.743628965117,-5651.77666874633,-7216.057689092733,hourly_window_mean_factor_top_available_analogs,4.0,48554.085075657895,,48554.085075657895,0.0,-258.3451607745597,150.70134378516923,5.935649632623321e-12,-258.3451607745597,150.70134378516923,5.935649632623321e-12,5393.43150797177,7366.759032877902,6639.743628965118,5651.77666874633,10.835288970017098,5393.431507971772,10.155783850796183,7216.057689092733,13.352211737054356,7366.759032877903,13.458930570944633,6639.743628965117,12.241981779310994,-150.70134378517014,-0.1067188338902767,0.6795051192209147,0.18294262251911064,5393.43150797177,7366.759032877902,6639.743628965118
experiment_2026_06_25_14_18_best_matching_weekday_baseline_ercot,ERCOT_demand_ERCOT,2026-02-16,Presidents' Day,H2,F,best_matching_weekday,True,2026-02-16,19.0,True,True,5,False,2.0,14.0,5.0,pearson,RidgeReg,minmax,2.0,{},2026-02-15 10:00:00,2026-02-17,2369.260922492693,4.810614291901245,2623.612289,4.855,,14.0,24.0,4.0,4.0,5.0,4.0,0.11104858335924671,46213.503237434714,45232.0890384253,2369.260922492693,4.810614291901245,3.441805201937282,1739.7894760389743,1127.5780358718002,2.3568821687060644,-0.41731614796918326,-182.60756252226824,3093.5759396882145,6.241958030431768,5.692959322716054,2861.187748533032,2757.3317849402474,5.788063565068803,-4.823883474615832,-2312.8219214838314,4226.940970890707,9.049606236159116,8.80623436120946,4103.812791260602,3685.5060076458017,7.847985252073213,3.784612000642247,1739.7894760389693,-182.60756252226824,2861.187748533032,hourly_window_mean_factor_top_available_analogs,4.0,47878.453608125004,,47878.453608125004,0.0,2130.214358961563,-1242.6250427275702,5.169759357446118e-12,2130.214358961563,-1242.6250427275702,5.169759357446118e-12,2312.8219214838314,-4103.812791260602,-1739.789476038969,1127.5780358718002,2.3568821687060644,2757.3317849402474,5.788063565068803,3093.5759396882145,6.241958030431768,4226.940970890707,9.049606236159116,3685.5060076458017,7.847985252073213,-1133.3650312024924,-2.8076482057273484,-3.4311813963627382,-3.0373709601719687,2312.8219214838314,4103.812791260602,1739.789476038969
experiment_2026_06_25_14_18_best_matching_weekday_baseline_ercot,ERCOT_demand_ERCOT,2026-03-02,Texas Independence Day,H2,L,best_matching_weekday,True,2026-03-02,19.0,True,True,5,False,2.0,14.0,5.0,pearson,RidgeReg,minmax,2.0,{},2026-03-01 10:00:00,2026-03-03,3864.543042915442,7.038183565426637,2678.935657,4.952,,14.0,24.0,4.0,4.0,5.0,4.0,0.05053026107640844,47879.48901661012,46999.68275184784,3864.543042915442,7.038183565426637,6.475782175288816,3596.0518588372493,3867.724226566764,7.189498384929893,5.79464086766101,3201.156841868828,3862.687352452171,6.949916587383071,6.873114604738366,3826.4072854021615,3579.5712960287274,6.670808545193812,5.091956362337766,2822.512891759411,4120.021689737868,7.5580659349193065,7.404031610091388,4047.2829229659897,3920.9083867923955,7.231181633441493,6.55221441355058,3596.0518588372506,3201.156841868828,3826.4072854021615,hourly_window_mean_factor_top_available_analogs,4.0,40680.53445585527,,40680.53445585527,0.0,378.64395010941683,-220.8756375638283,-1.148835412765804e-12,378.64395010941683,-220.8756375638283,-1.148835412765804e-12,-2822.512891759411,-4047.2829229659897,-3596.0518588372506,3867.724226566764,7.189498384929893,3579.5712960287274,6.670808545193812,3862.687352452171,6.949916587383071,4120.021689737868,7.5580659349193065,3920.9083867923955,7.231181633441493,-257.3343372856966,-0.6081493475362354,0.5186898397360808,-0.1929980680148562,2822.512891759411,4047.2829229659897,3596.0518588372506
experiment_2026_06_25_14_18_best_matching_weekday_baseline_ercot,ERCOT_demand_FWEST,2025-01-01,New Year's Day,H2,K,best_matching_weekday,True,2025-01-01,19.0,True,True,5,False,2.0,5.0,5.0,pearson,RidgeReg,minmax,2.0,{},2024-12-31 10:00:00,2025-01-02,104.89613273938403,1.4679244006618575,151.267782,2.371,,14.0,24.0,4.0,4.0,5.0,4.0,0.013906228207097929,7140.660218133461,7135.726536693663,104.89613273938403,1.4679244006618575,0.16976927977920062,14.451717208646834,137.60942845392816,1.900085376200842,1.3728130141397288,101.35635725546217,85.81337690589994,1.2158304982641164,-0.5320062319311075,-36.24265615199545,100.3459257039467,1.3944330149264623,0.6012701209573653,45.47049783125866,123.24696095063325,1.7447463634573328,-0.06954087277411224,-3.642571487880597,114.8097374386961,1.6156835508406957,0.1776000196532742,14.451717208644391,101.35635725546217,-36.24265615199545,hourly_window_mean_factor_top_available_analogs,4.0,4144.631026052632,,4144.631026052632,0.0,55.88585942420351,-32.60008466411485,2.4412752521273336e-12,55.88585942420351,-32.60008466411485,2.4412752521273336e-12,-45.47049783125866,3.642571487880595,-14.451717208644393,137.60942845392816,1.900085376200842,100.3459257039467,1.3944330149264623,85.81337690589994,1.2158304982641164,123.24696095063325,1.7447463634573328,114.8097374386961,1.6156835508406957,-37.43358404473331,-0.5289158651932164,0.5056523612743797,-0.14775915017883823,45.47049783125866,3.642571487880595,14.451717208644393
experiment_2026_06_25_14_18_best_matching_weekday_baseline_ercot,ERCOT_demand_FWEST,2025-01-20,Martin Luther King Jr. Day,H2,I,best_matching_weekday,True,2025-01-20,19.0,True,True,5,False,2.0,5.0,5.0,pearson,RidgeReg,minmax,2.0,{},2025-01-19 10:00:00,2025-01-21,150.76153299636272,2.0855179202507768,148.795159,2.32,,14.0,24.0,4.0,4.0,5.0,4.0,0.01644936691090284,7320.634692775297,7324.303716311835,150.76153299636272,2.0855179202507768,-0.6531742834860742,-43.37871159108624,138.24209131215426,1.8530917553692936,1.2430685335821754,94.17805285876784,158.06454064548436,2.2210998497649763,-1.7593159267758864,-123.62015752016778,243.46204055029375,3.2656949533784956,2.5773973456513954,193.77058522480755,192.16187756308656,2.6931933006433506,-2.550519391821902,-181.71580140035746,211.061937611005,2.904114962177351,-0.6612869095948976,-43.378711591086144,94.17805285876784,-123.62015752016778,hourly_window_mean_factor_top_available_analogs,4.0,4116.849917131579,,4116.849917131579,0.0,-99.5925323660397,58.09564388018968,-9.573628439715034e-14,-99.5925323660397,58.09564388018968,-9.573628439715034e-14,-193.77058522480755,181.71580140035746,43.378711591086144,138.24209131215426,1.8530917553692936,243.46204055029375,3.2656949533784956,158.06454064548436,2.2210998497649763,192.16187756308656,2.6931933006433506,211.061937611005,2.904114962177351,-34.097336917602206,-0.4720934508783743,-1.412603198009202,-0.8185970419265742,193.77058522480755,181.71580140035746,43.378711591086144
experiment_2026_06_25_14_18_best_matching_weekday_baseline_ercot,ERCOT_demand_FWEST,2025-02-17,Presidents' Day,H2,H,best_matching_weekday,True,2025-02-17,19.0,True,True,5,False,2.0,5.0,5.0,pearson,RidgeReg,minmax,2.0,{},2025-02-16 10:00:00,2025-02-18,213.43518831061624,2.985573472135259,153.129657,2.37,,14.0,24.0,4.0,4.0,5.0,4.0,0.009989965085643898,7189.789645007107,7195.904956915714,213.43518831061624,2.985573472135259,-0.7326564247798302,-44.77380171763315,249.55686820187677,3.3511640654578962,2.763896491649695,208.2383239790773,192.3642083740476,2.7723122926970536,-2.7723122926970536,-192.3642083740476,286.72899299454883,3.843339553871728,3.264494850021627,245.98774681839794,217.13120629753294,3.122553241639096,-3.0840979859781625,-214.38470503031758,242.77249613327567,3.388106093514276,-0.7451427306098191,-44.77380171763291,208.2383239790773,-192.3642083740476,hourly_window_mean_factor_top_available_analogs,4.0,4267.444998092105,,4267.444998092105,0.0,-37.74942283932062,22.020496656269984,-2.3934071099287584e-13,-37.74942283932062,22.020496656269984,-2.3934071099287584e-13,-245.98774681839794,214.38470503031758,44.77380171763291,249.55686820187677,3.3511640654578962,286.72899299454883,3.843339553871728,192.3642083740476,2.7723122926970536,217.13120629753294,3.122553241639096,242.77249613327567,3.388106093514276,-24.76699792348535,-0.3502409489420426,-0.49217548841383163,-0.402532621379017,245.98774681839794,214.38470503031758,44.77380171763291
experiment_2026_06_25_14_18_best_matching_weekday_baseline_ercot,ERCOT_demand_FWEST,2025-03-02,Texas Independence Day,H2,G,best_matching_weekday,True,2025-03-02,19.0,True,True,5,False,2.0,5.0,5.0,pearson,RidgeReg,minmax,2.0,{},2025-03-01 10:00:00,2025-03-03,188.31265691920785,2.6498886577839436,159.134138,2.44,,14.0,24.0,4.0,4.0,5.0,4.0,0.013183889946255177,7140.410861306831,7138.6409816232745,188.31265691920785,2.6498886577839436,-0.25587045626493987,-10.922776017358357,263.1837366995502,3.626122807950274,1.2581071458519328,101.26354716421305,144.63786038067482,2.0804187368535842,-1.1390240574997825,-76.36479787327501,290.9549102623501,4.007715060938584,1.3845038774777865,111.11475741204751,132.0272543110418,1.9176798768043455,-1.2147407635469964,-82.11133718451019,190.57954860889222,2.687692839380118,-0.2571243168536553,-10.922776017357352,101.26354716421305,-76.36479787327501,hourly_window_mean_factor_top_available_analogs,4.0,4172.81243944079,,4172.81243944079,0.0,-9.851210247834453,5.746539311235172,-1.0052309861700787e-12,-9.851210247834453,5.746539311235172,-1.0052309861700787e-12,-111.11475741204751,82.11133718451018,10.922776017357352,263.1837366995502,3.626122807950274,290.9549102623501,4.007715060938584,144.63786038067482,2.0804187368535842,132.0272543110418,1.9176798768043455,190.57954860889222,2.687692839380118,12.610606069633036,0.16273886004923876,-0.38159225298831023,-0.03780418159617449,111.11475741204751,82.11133718451018,10.922776017357352
experiment_2026_06_25_14_18_best_matching_weekday_baseline_ercot,ERCOT_demand_FWEST,2025-04-21,San Jacinto Day,H2,I,best_matching_weekday,True,2025-04-21,19.0,True,True,5,False,2.0,5.0,5.0,pearson,RidgeReg,minmax,2.0,{},2025-04-20 10:00:00,2025-04-22,387.2113684764064,5.365480305374148,163.016171,2.479,,14.0,24.0,4.0,4.0,5.0,4.0,0.02040244989687014,7072.983355572816,7045.522778397749,387.2113684764064,5.365480305374148,1.1034046940743705,106.48461919034203,484.74459375130624,6.790995361704653,1.518881113301062,146.82714405563962,330.31698706604817,4.533929855848019,0.8610434495254663,82.95147968558508,460.82638950132457,6.547946180345714,0.29332542794102856,58.75034917897853,260.78952219473666,3.5451906991149564,1.6645849620322437,134.3296100303029,334.4873154129532,4.6514690343052365,1.1593840810512699,106.48461919034128,146.82714405563962,82.95147968558508,hourly_window_mean_factor_top_available_analogs,4.0,4205.335659598684,,4205.335659598684,0.0,88.0767948766611,-51.378130344717796,7.419562040779151e-13,88.0767948766611,-51.378130344717796,7.419562040779151e-13,-58.750349178978524,-134.3296100303029,-106.48461919034129,484.74459375130624,6.790995361704653,460.82638950132457,6.547946180345714,330.31698706604817,4.533929855848019,260.78952219473666,3.5451906991149564,334.4873154129532,4.6514690343052365,69.52746487131151,0.9887391567330623,0.2430491813589386,0.7140112710689115,58.750349178978524,134.3296100303029,106.48461919034129
experiment_2026_06_25_14_18_best_matching_weekday_baseline_ercot,ERCOT_demand_FWEST,2025-05-26,Memorial Day,H2,F,best_matching_weekday,True,2025-05-26,19.0,True,True,7,False,2.0,9.0,7.0,pearson,RidgeReg,minmax,2.0,{},2025-05-25 10:00:00,2025-05-27,139.6600685999548,1.8236004285318608,178.258122,2.682,,14.0,24.0,4.0,4.0,7.0,4.0,0.045898200123654774,7537.519604943961,7490.352568327876,139.6600685999548,1.8236004285318608,1.3067350733309004,102.27120297709364,127.72142685121857,1.6214368029500246,1.5446447881914038,121.96977678561136,146.62427628671762,1.9415292101212653,1.1679544063289404,90.7803682554583,64.85046307734034,0.8390175605711614,-0.4279288884896424,-33.88125964596423,285.54418307273045,3.823721744277408,2.429968068447583,181.69347284054098,204.2359704428499,2.724093887122475,1.377058663260184,102.2712029770917,121.96977678561136,90.7803682554583,hourly_window_mean_factor_top_available_analogs,4.0,3738.2041945197366,,3738.2041945197366,0.0,155.85103643157558,-90.91310458508269,1.9386597590422946e-12,155.85103643157558,-90.91310458508269,1.9386597590422946e-12,33.88125964596422,-181.693472840541,-102.2712029770917,127.72142685121857,1.6214368029500246,64.85046307734034,0.8390175605711614,146.62427628671762,1.9415292101212653,285.54418307273045,3.823721744277408,204.2359704428499,2.724093887122475,-138.91990678601283,-1.8821925341561427,0.7824192423788632,-0.9004934585906141,33.88125964596422,181.693472840541,102.2712029770917
experiment_2026_06_25_14_18_best_matching_weekday_baseline_ercot,ERCOT_demand_FWEST,2025-06-19,Juneteenth National Independence Day,H2,G,best_matching_weekday,True,2025-06-19,19.0,True,True,9,False,2.0,9.0,9.0,pearson,RidgeReg,minmax,2.0,{},2025-06-18 10:00:00,2025-06-20,187.86388980068455,2.449199526594105,174.555272,2.605,,14.0,24.0,4.0,4.0,9.0,4.0,0.013643303834459403,7427.254093245234,7420.5421301476645,187.86388980068455,2.449199526594105,1.7340926940646775,135.924370360031,235.73434320738787,3.0216342040204327,3.0091697293676987,234.80812765893617,159.93945864677428,2.115279298095413,0.9902977568045812,78.2421786023363,221.487223139586,2.856757947104351,2.2471176363205028,175.94650165904446,203.78793380907393,2.7122499015756154,1.4565462904060802,112.57812710227044,210.30872461505206,2.7654897078230447,1.7478094178482362,135.9243703600293,234.80812765893617,78.2421786023363,hourly_window_mean_factor_top_available_analogs,4.0,5758.182481453948,,5758.182481453948,0.0,58.86162599989172,-34.33594849993415,1.6993190480494186e-12,58.86162599989172,-34.33594849993415,1.6993190480494186e-12,-175.94650165904446,-112.57812710227044,-135.9243703600293,235.73434320738787,3.0216342040204327,221.487223139586,2.856757947104351,159.93945864677428,2.115279298095413,203.78793380907393,2.7122499015756154,210.30872461505206,2.7654897078230447,-43.84847516229965,-0.5969706034802025,0.16487625691608176,-0.3162901812289398,175.94650165904446,112.57812710227044,135.9243703600293
experiment_2026_06_25_14_18_best_matching_weekday_baseline_ercot,ERCOT_demand_FWEST,2025-07-04,Independence Day,H2,J,best_matching_weekday,True,2025-07-04,19.0,True,True,2,False,2.0,2.0,2.0,euclidian,RidgeReg,standard,2.0,{},2025-07-03 10:00:00,2025-07-05,609.642738380306,7.688653101003354,186.423406,2.765,,14.0,24.0,2.0,4.0,2.0,2.0,0.015888351144250978,7097.735970660672,7060.262838966485,609.642738380306,7.688653101003354,7.625981519266035,605.031779813012,273.91616568909075,3.6522234192395495,3.4821148402382573,261.40070672072125,805.4832391168483,10.04323708203224,10.04323708203224,805.4832391168483,331.43969225967413,4.417918682800856,4.392422500040967,329.5981580555263,765.7013925048794,9.555297802112056,9.555297802112056,765.7013925048794,605.7102397829616,7.662579179207929,7.6531858487174445,605.0317798130125,261.40070672072125,805.4832391168483,hourly_window_mean_factor_top_available_analogs,2.0,6353.526808644737,,6353.526808644737,0.0,-68.19745133480508,39.78184661196887,-4.786814219857517e-13,-68.19745133480508,39.78184661196887,-4.786814219857517e-13,-329.5981580555263,-765.7013925048794,-605.0317798130125,273.91616568909075,3.6522234192395495,331.43969225967413,4.417918682800856,805.4832391168483,10.04323708203224,765.7013925048794,9.555297802112056,605.7102397829616,7.662579179207929,39.78184661196883,0.4879392799201838,-0.7656952635613066,0.026073921795424226,329.5981580555263,765.7013925048794,605.0317798130125
experiment_2026_06_25_14_18_best_matching_weekday_baseline_ercot,ERCOT_demand_FWEST,2025-08-27,Lyndon B. Johnson Day,H2,F,best_matching_weekday,True,2025-08-27,19.0,True,True,2,False,2.0,2.0,2.0,euclidian,RidgeReg,standard,2.0,{},2025-08-26 10:00:00,2025-08-28,172.38913058861334,2.1059560379599778,192.56483,2.711,,14.0,24.0,2.0,4.0,2.0,2.0,0.029039418219933662,7908.405093753086,7871.609547330035,172.38913058861334,2.1059560379599778,1.6324594906037417,135.30635324691383,117.42820195693314,1.4504070662885462,0.8230368620226445,67.73150016453916,204.44967229042678,2.488359604768313,2.104622690609382,174.7250175449657,134.4350826894688,1.674044999061623,0.12901520141528713,11.085607169104021,218.49381652442855,2.697813447707192,2.5616469588983573,207.76845512563685,187.52480932207496,2.3206355982061924,1.6654142061414368,135.30635324691423,67.73150016453916,174.7250175449657,hourly_window_mean_factor_top_available_analogs,2.0,7314.230749815789,,7314.230749815789,0.0,56.64589299543513,-33.04343758067114,-4.0687920868788895e-13,56.64589299543513,-33.04343758067114,-4.0687920868788895e-13,-11.085607169104023,-207.76845512563685,-135.30635324691423,117.42820195693314,1.4504070662885462,134.4350826894688,1.674044999061623,204.44967229042678,2.488359604768313,218.49381652442855,2.697813447707192,187.52480932207496,2.3206355982061924,-14.044144234001777,-0.2094538429388786,-0.22363793277307686,-0.2146795602462146,11.085607169104023,207.76845512563685,135.30635324691423
experiment_2026_06_25_14_18_best_matching_weekday_baseline_ercot,ERCOT_demand_FWEST,2025-09-01,Labor Day,H2,F,best_matching_weekday,True,2025-09-01,19.0,True,True,2,False,2.0,2.0,2.0,euclidian,RidgeReg,standard,2.0,{},2025-08-31 10:00:00,2025-09-02,110.16600549650097,1.3862974165336457,189.751364,2.628,,14.0,24.0,2.0,4.0,2.0,2.0,0.02443132706370277,7962.008741766818,7926.612341051409,110.16600549650097,1.3862974165336457,0.19051783556480958,16.620576785815718,94.42641125148839,1.1709368418479549,0.4506097239952011,36.89002393534481,119.34743547275832,1.511924418433632,0.03879756731374787,4.79673261525708,74.9632220440235,0.931729245920754,0.5861715810933825,47.396395452356174,143.44936147421595,1.813036886137693,-0.025789122525100943,-1.3319841030033786,118.21762589467136,1.4883445976367156,0.1996700840711824,16.6205767858133,36.89002393534481,4.79673261525708,hourly_window_mean_factor_top_available_analogs,2.0,7841.751127460525,,7841.751127460525,0.0,-10.506371517011369,6.128716718260459,2.417341181028046e-12,-10.506371517011369,6.128716718260459,2.417341181028046e-12,-47.396395452356174,1.3319841030033786,-16.620576785813302,94.42641125148839,1.1709368418479549,74.9632220440235,0.931729245920754,119.34743547275832,1.511924418433632,143.44936147421595,1.813036886137693,118.21762589467136,1.4883445976367156,-24.101926001457628,-0.3011124677040611,0.23920759592720087,-0.10204718110306987,47.396395452356174,1.3319841030033786,16.620576785813302
experiment_2026_06_25_14_18_best_matching_weekday_baseline_ercot,ERCOT_demand_FWEST,2025-11-11,Veterans Day,H2,K,best_matching_weekday,True,2025-11-11,19.0,True,True,2,False,2.0,2.0,2.0,euclidian,RidgeReg,standard,2.0,{},2025-11-10 10:00:00,2025-11-12,140.4121663727131,1.8262940061537662,192.103582,2.647,,14.0,24.0,2.0,4.0,2.0,2.0,0.02146078064776202,7666.696211025683,7634.944546763174,140.4121663727131,1.8262940061537662,0.03093578446391284,5.1758157111585446,145.0970884042696,1.925040994560215,-1.925040994560215,-145.0970884042696,137.67929518763847,1.7686915962500045,1.171922238894654,92.83500977849162,117.0693822165609,1.5353071153596054,-1.1342278896517857,-87.3878140276082,106.57107155034832,1.3800151865990085,0.7487714011968943,59.17126639210744,110.43887021684769,1.4372280024581756,0.05503482035790695,5.175815711159574,-145.0970884042696,92.83500977849162,hourly_window_mean_factor_top_available_analogs,2.0,6991.607002552632,,6991.607002552632,0.0,-57.709274376661405,33.66374338638419,-1.0291650572693661e-12,-57.709274376661405,33.66374338638419,-1.0291650572693661e-12,87.38781402760821,-59.171266392107434,-5.175815711159574,145.0970884042696,1.925040994560215,117.0693822165609,1.5353071153596054,137.67929518763847,1.7686915962500045,106.57107155034832,1.3800151865990085,110.43887021684769,1.4372280024581756,31.108223637290152,0.38867640965099604,0.38973387920060953,0.38906600369559063,87.38781402760821,59.171266392107434,5.175815711159574
experiment_2026_06_25_14_18_best_matching_weekday_baseline_ercot,ERCOT_demand_FWEST,2025-11-27,Thanksgiving Day,H1,I,best_matching_weekday,True,2025-11-27,19.0,True,True,2,False,2.0,2.0,2.0,euclidian,RidgeReg,standard,2.0,{},2025-11-26 10:00:00,2025-11-28,422.5101057277492,5.307997364098967,192.216704,2.631,,14.0,24.0,2.0,4.0,2.0,2.0,0.016287643763801703,7434.994268125134,7287.922640604204,422.5101057277492,5.307997364098967,4.525484679739719,364.56358911170634,122.93000133705287,1.5959313187909527,0.25479054543103036,23.05068591041176,597.265166622322,7.473369223861975,7.016722924753118,563.7794493124616,181.13618101701573,2.311869346638607,1.4810006095468857,120.29192937054775,516.1689762019236,6.453881604016911,6.329196858436013,507.0553906273846,392.73584113379957,4.927877088140694,4.543019293055809,364.56358911170787,23.05068591041176,563.7794493124616,hourly_window_mean_factor_top_available_analogs,2.0,7152.983919539474,,7152.983919539474,0.0,-97.24124346013598,56.7240586850769,-1.5317805503544054e-12,-97.24124346013598,56.7240586850769,-1.5317805503544054e-12,-120.29192937054773,-507.05539062738467,-364.56358911170787,122.93000133705287,1.5959313187909527,181.13618101701573,2.311869346638607,597.265166622322,7.473369223861975,516.1689762019236,6.453881604016911,392.73584113379957,4.927877088140694,81.09619042039844,1.019487619845064,-0.7159380278476541,0.3801202759582729,120.29192937054773,507.05539062738467,364.56358911170787
experiment_2026_06_25_14_18_best_matching_weekday_baseline_ercot,ERCOT_demand_FWEST,2025-11-28,Day after Thanksgiving,H2,G,best_matching_weekday,True,2025-11-28,19.0,True,True,2,False,2.0,2.0,2.0,euclidian,RidgeReg,standard,2.0,{},2025-11-27 10:00:00,2025-11-29,194.5379901950985,2.563656803304569,200.504022,2.709,,14.0,24.0,2.0,4.0,2.0,2.0,0.019766564205502334,7752.005702963715,7722.4616144343745,194.5379901950985,2.563656803304569,-1.4942856785882568,-108.16735946371521,216.4353155706271,2.7969222042537565,0.10565656283337652,17.999253557413276,181.76455039270684,2.427585319417543,-2.427585319417543,-181.76455039270684,168.62537675853523,2.207490025135189,-0.735362028053655,-50.56724896094881,169.4861413116828,2.2562685467249923,-1.8925058124229193,-141.7674239236613,169.1690175289442,2.238297512455064,-1.466189681339506,-108.16735946371459,17.999253557413276,-181.76455039270684,hourly_window_mean_factor_top_available_analogs,2.0,7346.333274447369,,7346.333274447369,0.0,68.56650251836209,-39.99712646904553,-6.222858485814772e-13,68.56650251836209,-39.99712646904553,-6.222858485814772e-13,50.56724896094881,141.7674239236613,108.16735946371459,216.4353155706271,2.7969222042537565,168.62537675853523,2.207490025135189,181.76455039270684,2.427585319417543,169.4861413116828,2.2562685467249923,169.1690175289442,2.238297512455064,12.278409081024051,0.17131677269255086,0.5894321791185675,0.3253592908495051,50.56724896094881,141.7674239236613,108.16735946371459
experiment_2026_06_25_14_18_best_matching_weekday_baseline_ercot,ERCOT_demand_FWEST,2025-12-24,Christmas Eve,H1,I,best_matching_weekday,True,2025-12-24,19.0,True,True,2,False,2.0,2.0,2.0,euclidian,RidgeReg,standard,2.0,{},2025-12-23 10:00:00,2025-12-25,174.81767340652198,2.2841068261705795,200.209918,2.693,,14.0,24.0,2.0,4.0,2.0,2.0,0.015054927866484661,7614.398461086398,7607.739434175095,174.81767340652198,2.2841068261705795,0.3640089417897668,35.262374597812716,272.50529580511335,3.543383847905055,1.4854247153864961,129.6776712085123,117.83322700734368,1.549528563492135,-0.2901502594749919,-19.813215091762043,225.64318754481286,2.9554212377715783,1.3614080586515833,116.05296408925915,127.15029718155911,1.6724604625714716,-0.18465306005900883,-11.865469272197705,163.43715152591577,2.1451302218557218,0.384948404729104,35.262374597812716,129.6776712085123,-19.813215091762043,hourly_window_mean_factor_top_available_analogs,2.0,7538.406919210526,,7538.406919210526,0.0,13.624707119253149,-7.947745819564337,0.0,13.624707119253149,-7.947745819564337,0.0,-116.05296408925915,11.865469272197707,-35.262374597812716,272.50529580511335,3.543383847905055,225.64318754481286,2.9554212377715783,117.83322700734368,1.549528563492135,127.15029718155911,1.6724604625714716,163.43715152591577,2.1451302218557218,-9.31707017421543,-0.12293189907933666,0.5879626101334767,0.1389766043148577,116.05296408925915,11.865469272197707,35.262374597812716
experiment_2026_06_25_14_18_best_matching_weekday_baseline_ercot,ERCOT_demand_FWEST,2025-12-25,Christmas Day,H2,I,best_matching_weekday,True,2025-12-25,19.0,True,True,2,False,2.0,2.0,2.0,euclidian,RidgeReg,standard,2.0,{},2025-12-24 10:00:00,2025-12-26,177.6429293979592,2.339450230092494,204.848034,2.747,,14.0,24.0,2.0,4.0,2.0,2.0,0.015054927866484661,7658.298496722051,7621.518873176537,177.6429293979592,2.339450230092494,-0.7783561592987244,-54.831080827315084,108.20168943438661,1.42692122029568,-1.162509329228735,-87.47267944293455,218.15031937670986,2.8717588191406356,-0.5542668101728849,-35.790148301537066,97.61467574779545,1.2873740748378224,-0.6543865481631935,-49.60644465395022,186.40317581466692,2.4618390634747116,-0.825884397457335,-57.878785261775796,153.6916231584511,2.0291414360821736,-0.7627009792963356,-54.83108082731374,-87.47267944293455,-35.790148301537066,hourly_window_mean_factor_top_available_analogs,2.0,7538.406919210526,,7538.406919210526,0.0,-37.86623478898433,22.088636960238734,-1.3403079815601047e-12,-37.86623478898433,22.088636960238734,-1.3403079815601047e-12,49.60644465395022,57.8787852617758,54.83108082731374,108.20168943438661,1.42692122029568,97.61467574779545,1.2873740748378224,218.15031937670986,2.8717588191406356,186.40317581466692,2.4618390634747116,153.6916231584511,2.0291414360821736,31.747143562042936,0.409919755665924,0.13954714545785762,0.31030879401032063,49.60644465395022,57.8787852617758,54.83108082731374
experiment_2026_06_25_14_18_best_matching_weekday_baseline_ercot,ERCOT_demand_FWEST,2026-01-01,New Year's Day,H2,H,best_matching_weekday,True,2026-01-01,19.0,True,True,2,False,2.0,2.0,2.0,euclidian,RidgeReg,standard,2.0,{},2025-12-31 10:00:00,2026-01-02,119.63585531583469,1.557594453929128,203.017323,2.702,,14.0,24.0,2.0,4.0,2.0,2.0,0.021943592196420284,7738.659436709861,7660.933697404213,119.63585531583469,1.557594453929128,0.1962849431244509,18.8328468164534,66.55018399798148,0.8342689604968364,0.7038993522644102,56.30175212331005,150.60249691791572,1.979534325097965,-0.09982346220719189,-3.0240146125463148,114.9029270823586,1.443880881171321,-0.48479587884131703,-37.80039753228851,188.83885887030817,2.4664933867106824,0.6119154111414103,51.86890601988788,161.59930505369516,2.089741410985654,0.20786388325303728,18.832846816454477,56.30175212331005,-3.0240146125463148,hourly_window_mean_factor_top_available_analogs,2.0,6973.182210236842,,6973.182210236842,0.0,94.10214965559855,-54.8929206324342,-1.0770331994679412e-12,94.10214965559855,-54.8929206324342,-1.0770331994679412e-12,37.8003975322885,-51.86890601988788,-18.832846816454477,66.55018399798148,0.8342689604968364,114.9029270823586,1.443880881171321,150.60249691791572,1.979534325097965,188.83885887030817,2.4664933867106824,161.59930505369516,2.089741410985654,-38.23636195239246,-0.4869590616127175,-0.6096119206744847,-0.532146957056526,37.8003975322885,51.86890601988788,18.832846816454477
experiment_2026_06_25_14_18_best_matching_weekday_baseline_ercot,ERCOT_demand_FWEST,2026-01-19,Martin Luther King Jr. Day,H2,K,best_matching_weekday,True,2026-01-19,19.0,True,True,2,False,2.0,2.0,2.0,euclidian,RidgeReg,standard,2.0,{},2026-01-18 10:00:00,2026-01-20,238.1799115635063,3.106738370939823,203.505563,2.7,,14.0,24.0,2.0,4.0,2.0,2.0,0.01374103198915936,7992.392250763364,8004.126079353831,238.1799115635063,3.106738370939823,-2.7787666512524694,-211.67172086862678,118.34498415014852,1.5057935192061354,-0.769237805758302,-58.69142653684763,308.0836192212983,4.040622867784474,-3.9509918111240676,-300.91022589549794,152.7972911587337,1.9445686548474375,-1.0560983171273202,-82.14452920144049,287.9904979589831,3.7536373301225,-3.743931912512586,-287.2292493411529,238.18247440099645,3.0871383444948455,-2.753677430002225,-211.6717208686273,-58.69142653684763,-300.91022589549794,hourly_window_mean_factor_top_available_analogs,2.0,7413.491981039475,,7413.491981039475,0.0,23.453102664592866,-13.680976554345042,5.026154930850393e-13,23.453102664592866,-13.680976554345042,5.026154930850393e-13,82.14452920144049,287.2292493411529,211.6717208686273,118.34498415014852,1.5057935192061354,152.7972911587337,1.9445686548474375,308.0836192212983,4.040622867784474,287.9904979589831,3.7536373301225,238.18247440099645,3.0871383444948455,20.093121262315208,0.28698553766197454,-0.4387751356413021,0.01960002644497738,82.14452920144049,287.2292493411529,211.6717208686273
experiment_2026_06_25_14_18_best_matching_weekday_baseline_ercot,ERCOT_demand_FWEST,2026-02-16,Presidents' Day,H2,L,best_matching_weekday,True,2026-02-16,19.0,True,True,2,False,2.0,2.0,2.0,euclidian,RidgeReg,standard,2.0,{},2026-02-15 10:00:00,2026-02-17,224.19758188427602,3.047233083901492,211.002288,2.791,,14.0,24.0,2.0,4.0,2.0,2.0,0.0126130334619352,7611.707101244665,7619.527920197601,224.19758188427602,3.047233083901492,-2.039151169574845,-146.03357242887503,115.76932065874507,1.4970739005101772,1.166558736875832,90.82171524608468,287.4474009325024,3.951492607546426,-3.9091486150044066,-284.1991569059349,56.159197841250325,0.7317228708892699,-0.06048748593158441,-4.244338077763912,270.372556406885,3.7009968804139306,-3.156013865846369,-228.74395913369062,191.45184535638802,2.607053824273266,-2.0155567785093433,-146.03357242887552,90.82171524608468,-284.1991569059349,hourly_window_mean_factor_top_available_analogs,2.0,5363.682545223684,,5363.682545223684,0.0,95.06605332384859,-55.455197772244254,4.786814219857517e-13,95.06605332384859,-55.455197772244254,4.786814219857517e-13,4.2443380777639135,228.74395913369065,146.03357242887552,115.76932065874507,1.4970739005101772,56.159197841250325,0.7317228708892699,287.4474009325024,3.951492607546426,270.372556406885,3.7009968804139306,191.45184535638802,2.607053824273266,17.07484452561738,0.25049572713249546,0.7653510296209073,0.4401792596282257,4.2443380777639135,228.74395913369065,146.03357242887552
experiment_2026_06_25_14_18_best_matching_weekday_baseline_ercot,ERCOT_demand_FWEST,2026-03-02,Texas Independence Day,H2,G,best_matching_weekday,True,2026-03-02,19.0,True,True,2,False,2.0,2.0,2.0,euclidian,RidgeReg,standard,2.0,{},2026-03-01 10:00:00,2026-03-03,265.78700427092946,3.485440978140557,217.227717,2.874,,14.0,24.0,2.0,4.0,2.0,2.0,0.020509684890212196,7809.611883473428,7820.62957300433,265.78700427092946,3.485440978140557,-1.79523760413414,-129.73625942079684,248.5994468959536,3.1583225907322214,0.3680229431789041,36.53942765097515,275.81307940633195,3.676260037462086,-3.057139590066749,-226.73041021266383,217.79005141583548,2.791846192692374,-1.7047080954671843,-129.66557387194047,206.5432430871867,2.7399931959128327,-1.7661051658117444,-129.7774926576293,210.6868040503731,2.759096931568453,-1.7434851925269061,-129.73625942079656,36.53942765097515,-226.73041021266383,hourly_window_mean_factor_top_available_analogs,2.0,7603.508403552632,,7603.508403552632,0.0,166.2050015229156,-96.95291755503452,-2.6327478209216345e-13,166.2050015229156,-96.95291755503452,-2.6327478209216345e-13,129.66557387194047,129.7774926576293,129.73625942079659,248.5994468959536,3.1583225907322214,217.79005141583548,2.791846192692374,275.81307940633195,3.676260037462086,206.5432430871867,2.7399931959128327,210.6868040503731,2.759096931568453,69.26983631914524,0.9362668415492532,0.36647639803984733,0.726344046572104,129.66557387194047,129.7774926576293,129.73625942079659
experiment_2026_06_25_14_18_best_matching_weekday_baseline_ercot,ERCOT_demand_NCENT,2025-01-01,New Year's Day,H2,H,best_matching_weekday,True,2025-01-01,19.0,True,True,4,False,2.0,6.0,4.0,euclidian,PCR,standard,3.0,{},2024-12-31 10:00:00,2025-01-02,1962.2623203167716,15.252922416755924,1300.98448,8.422,,14.0,24.0,4.0,4.0,4.0,4.0,0.060766252418601056,10864.86703973586,10471.52143025632,1962.2623203167716,15.252922416755924,15.252922416755924,1962.2623203167716,1255.149691584928,9.774627931133741,9.774627931133741,1255.149691584928,2374.7446870770136,18.44859420003553,18.44859420003553,2374.7446870770136,1271.216428549848,9.909596549415266,9.909596549415266,1271.216428549848,2365.372423847477,18.356088256188446,18.356088256188446,2365.372423847477,1962.2623203167716,15.244222890535166,15.244222890535166,1962.2623203167716,1255.149691584928,2374.7446870770136,hourly_window_mean_factor_top_available_analogs,4.0,10738.186408019737,,10738.186408019737,0.0,-16.066736964919983,9.372263229536733,4.786814219857517e-14,-16.066736964919983,9.372263229536733,4.786814219857517e-14,-1271.216428549848,-2365.372423847477,-1962.2623203167716,1255.149691584928,9.774627931133741,1271.216428549848,9.909596549415266,2374.7446870770136,18.44859420003553,2365.372423847477,18.356088256188446,1962.2623203167716,15.244222890535166,9.372263229536657,0.09250594384708322,-0.1349686182815244,0.008699526220757647,1271.216428549848,2365.372423847477,1962.2623203167716
experiment_2026_06_25_14_18_best_matching_weekday_baseline_ercot,ERCOT_demand_NCENT,2025-01-20,Martin Luther King Jr. Day,H2,H,best_matching_weekday,True,2025-01-20,19.0,True,True,6,False,2.0,6.0,6.0,euclidian,PCR,,3.0,{},2025-01-19 10:00:00,2025-01-21,5770.447898101044,27.98788161922798,1262.362154,8.376,,14.0,24.0,4.0,4.0,6.0,4.0,0.0502769057369013,14736.431246372642,14520.590895663969,5770.447898101044,27.98788161922798,27.98788161922798,5770.447898101044,4343.791352841064,22.362458972819358,22.362458972819358,4343.791352841064,6602.664216169364,31.26937816296635,31.26937816296635,6602.664216169364,4662.117561666989,23.86764986217119,23.86764986217119,4662.117561666989,6416.973927687573,30.39138970725529,30.39138970725529,6416.973927687573,5770.447898101043,27.987906606434834,27.987906606434834,5770.447898101043,4343.791352841064,6602.664216169364,hourly_window_mean_factor_top_available_analogs,4.0,15016.768761749998,,15016.768761749998,0.0,-318.32620882592477,185.69028848179073,8.137584173757779e-13,-318.32620882592477,185.69028848179073,8.137584173757779e-13,-4662.117561666988,-6416.973927687573,-5770.447898101043,4343.791352841064,22.362458972819358,4662.117561666989,23.86764986217119,6602.664216169364,31.26937816296635,6416.973927687573,30.39138970725529,5770.447898101043,27.987906606434834,185.69028848179096,0.877988455711062,-1.5051908893518338,-2.4987206852955524e-05,4662.117561666988,6416.973927687573,5770.447898101043
experiment_2026_06_25_14_18_best_matching_weekday_baseline_ercot,ERCOT_demand_NCENT,2025-02-17,Presidents' Day,H2,F,best_matching_weekday,True,2025-02-17,19.0,True,True,2,False,2.0,7.0,2.0,euclidian,PLS,minmax,2.0,{},2025-02-16 10:00:00,2025-02-18,3074.861221761319,18.42887808040247,1412.508063,8.883,,14.0,24.0,2.0,4.0,2.0,2.0,0.050491807473379294,13181.465928080788,13099.653667333492,3074.861221761319,18.42887808040247,18.42887808040247,3074.861221761319,2698.7483037809952,16.660318288608803,16.660318288608803,2698.7483037809952,3294.260423916508,19.460537958948773,19.460537958948773,3294.260423916508,2518.22133679743,15.650731641149628,15.650731641149628,2518.22133679743,3399.5678213235847,20.14318372478392,20.14318372478392,3399.5678213235847,3074.8612217613168,18.488069799234445,18.488069799234445,3074.8612217613168,2698.7483037809952,3294.260423916508,hourly_window_mean_factor_top_available_analogs,2.0,12550.127165328948,,12550.127165328948,0.0,180.52696698356547,-105.3073974070766,2.0583301145387323e-12,180.52696698356547,-105.3073974070766,2.0583301145387323e-12,-2518.2213367974296,-3399.5678213235847,-3074.8612217613168,2698.7483037809952,16.660318288608803,2518.22133679743,15.650731641149628,3294.260423916508,19.460537958948773,3399.5678213235847,20.14318372478392,3074.8612217613168,18.488069799234445,-105.30739740707668,-0.6826457658351472,1.0095866474591748,-0.05919171883197549,2518.2213367974296,3399.5678213235847,3074.8612217613168
experiment_2026_06_25_14_18_best_matching_weekday_baseline_ercot,ERCOT_demand_NCENT,2025-03-02,Texas Independence Day,H2,F,best_matching_weekday,True,2025-03-02,19.0,True,True,2,False,2.0,7.0,2.0,euclidian,PLS,minmax,2.0,{},2025-03-01 10:00:00,2025-03-03,617.137212922235,5.402714981476326,1535.294865,9.473,,14.0,24.0,2.0,4.0,2.0,2.0,0.07273108956067022,11190.75947774929,10702.549418500339,617.137212922235,5.402714981476326,1.6878513618101574,192.0224965928112,340.81399015065796,2.9288526062860614,-1.6909591127308519,-195.45046746178963,778.3257595389887,6.84580136700398,3.6588241386257465,418.04839229132835,317.7643191307637,2.722592810980887,-1.0857532209735248,-122.98703613018162,680.127545087673,5.869392368404623,3.17695847774988,375.77805734789604,546.6253039456537,4.710045163037984,1.6064857466412572,192.0224965928148,-195.45046746178963,418.04839229132835,hourly_window_mean_factor_top_available_analogs,2.0,12007.809685842105,,12007.809685842105,0.0,-72.463431331608,42.27033494343232,-3.5901106648931376e-12,-72.463431331608,42.27033494343232,-3.5901106648931376e-12,122.98703613018162,-375.77805734789604,-192.02249659281478,340.81399015065796,2.9288526062860614,317.7643191307637,2.722592810980887,778.3257595389887,6.84580136700398,680.127545087673,5.869392368404623,546.6253039456537,4.710045163037984,98.19821445131572,0.9764089985993571,0.20625979530517435,0.6926698184383415,122.98703613018162,375.77805734789604,192.02249659281478
experiment_2026_06_25_14_18_best_matching_weekday_baseline_ercot,ERCOT_demand_NCENT,2025-04-21,San Jacinto Day,H2,I,best_matching_weekday,True,2025-04-21,19.0,True,True,4,False,2.0,7.0,4.0,pearson,LassoReg,,2.0,{},2025-04-20 10:00:00,2025-04-22,1752.983261293047,13.59513036605478,1502.743068,9.911,,14.0,24.0,4.0,4.0,4.0,4.0,0.12454420215288688,12369.746405161384,11443.347704234382,1752.983261293047,13.59513036605478,1.1172454739746671,323.51424710177326,1216.7138844676344,9.573049339152304,-9.145465037374233,-1164.263608821958,2065.807064441204,15.941344298414558,7.1038266055948585,1191.3846630572832,691.914298726726,5.432609930707692,-2.4511294535245,-324.72806060050686,784.432778533227,5.9375936127515265,5.084123426627055,701.6555932614374,750.3470228150425,5.751546993051166,2.307977628676482,323.5142471017737,-1164.263608821958,1191.3846630572832,hourly_window_mean_factor_top_available_analogs,4.0,16375.928420855264,,16375.928420855264,0.0,-839.5355482214511,489.7290697958458,-4.308132797871765e-13,-839.5355482214511,489.7290697958458,-4.308132797871765e-13,324.728060600507,-701.6555932614374,-323.5142471017737,1216.7138844676344,9.573049339152304,691.914298726726,5.432609930707692,2065.807064441204,15.941344298414558,784.432778533227,5.9375936127515265,750.3470228150425,5.751546993051166,1281.374285907977,10.003750685663032,4.140439408444612,7.843583373003614,324.728060600507,701.6555932614374,323.5142471017737
experiment_2026_06_25_14_18_best_matching_weekday_baseline_ercot,ERCOT_demand_NCENT,2025-05-26,Memorial Day,H2,I,best_matching_weekday,True,2025-05-26,19.0,True,True,3,False,2.0,7.0,3.0,pearson,LassoReg,,2.0,{},2025-05-25 10:00:00,2025-05-27,2650.4447321416505,19.405712919228773,1496.088352,9.943,,14.0,24.0,3.0,4.0,3.0,3.0,0.15091950104773558,17988.63404504385,17180.85408983606,2650.4447321416505,19.405712919228773,-17.05108935770437,-2192.9108209912183,495.21905731422277,2.419595915562895,2.419595915562895,495.21905731422277,3907.6597091243166,29.3142811713672,-28.408989100443602,-3760.9865833360595,851.4569518154104,4.309027788525532,4.309027788525532,851.4569518154104,4328.4481091633215,32.09094896640894,-29.85313163596885,-3968.792021795087,3047.451366982512,21.855504321925576,-17.267072900628815,-2192.910820991219,495.21905731422277,-3760.9865833360595,hourly_window_mean_factor_top_available_analogs,3.0,18177.335401298245,,18177.335401298245,0.0,-356.2378945011877,207.8054384590276,9.094947017729282e-13,-356.2378945011877,207.8054384590276,9.094947017729282e-13,-851.4569518154105,3968.7920217950873,2192.910820991219,495.21905731422277,2.419595915562895,851.4569518154104,4.309027788525532,3907.6597091243166,29.3142811713672,4328.4481091633215,32.09094896640894,3047.451366982512,21.855504321925576,-420.78840003900496,-2.776667795041739,-1.8894318729626374,-2.4497914026968033,851.4569518154105,3968.7920217950873,2192.910820991219
experiment_2026_06_25_14_18_best_matching_weekday_baseline_ercot,ERCOT_demand_NCENT,2025-06-19,Juneteenth National Independence Day,H2,H,best_matching_weekday,True,2025-06-19,19.0,True,True,2,False,2.0,7.0,2.0,euclidian,PLS,minmax,2.0,{},2025-06-18 10:00:00,2025-06-20,721.0143592950647,3.527126358424107,1186.366112,8.315,,14.0,24.0,2.0,4.0,2.0,2.0,0.13935145500197102,19394.773861893496,18381.512525946735,721.0143592950647,3.527126358424107,1.2618200676048745,310.3409262907151,513.4802468582428,2.471114058243816,-1.037344711375873,-212.63030608793972,842.0759248832106,4.1431335335292765,2.6029995220103106,615.4074785115971,727.2328775214044,3.4143815701066424,-2.374574792739947,-515.4790754182195,792.0692606209255,3.983776430437219,3.983776430437219,792.0692606209255,768.1821721105756,3.773999376631217,1.6412259797929998,310.3409262907142,-212.63030608793972,615.4074785115971,hourly_window_mean_factor_top_available_analogs,2.0,18668.580783947367,,18668.580783947367,0.0,302.8487693302798,-176.66178210932836,9.573628439715034e-13,302.8487693302798,-176.66178210932836,9.573628439715034e-13,515.4790754182195,-792.0692606209254,-310.34092629071415,513.4802468582428,2.471114058243816,727.2328775214044,3.4143815701066424,842.0759248832106,4.1431335335292765,792.0692606209255,3.983776430437219,768.1821721105756,3.773999376631217,50.006664262285085,0.15935710309205753,-0.9432675118628264,-0.24687301820711038,515.4790754182195,792.0692606209254,310.34092629071415
experiment_2026_06_25_14_18_best_matching_weekday_baseline_ercot,ERCOT_demand_NCENT,2025-07-04,Independence Day,H2,F,best_matching_weekday,True,2025-07-04,19.0,True,True,6,False,2.0,7.0,6.0,euclidian,PLS,minmax,6.0,{},2025-07-03 10:00:00,2025-07-05,967.0159286290567,6.2060348624010615,1233.512915,8.52,,14.0,24.0,4.0,4.0,6.0,4.0,0.05424910120099889,15828.240783514786,14985.914067668562,967.0159286290567,6.2060348624010615,4.329971048716092,659.8937421431101,594.8072940345453,3.325701193439713,3.325701193439713,594.8072940345453,1184.1376321425223,7.886229502628512,4.915795130960647,697.8608368731066,1494.8969849055259,8.110375576916827,7.204484448429831,1344.3839477180024,1255.3041115868311,7.73113366636198,0.46645838680792345,260.6077888910877,1343.575170177929,7.8708543702506075,2.948889041089679,659.8937421431089,594.8072940345453,697.8608368731066,hourly_window_mean_factor_top_available_analogs,4.0,14219.491132421053,,14219.491132421053,0.0,-749.5766536834572,437.2530479820188,1.3403079815601047e-12,-749.5766536834572,437.2530479820188,1.3403079815601047e-12,-1344.3839477180024,-260.60778889108775,-659.8937421431087,594.8072940345453,3.325701193439713,1494.8969849055259,8.110375576916827,1184.1376321425223,7.886229502628512,1255.3041115868311,7.73113366636198,1343.575170177929,7.8708543702506075,-71.16647944430883,0.15509583626653267,-4.784674383477114,-1.664819507849546,1344.3839477180024,260.60778889108775,659.8937421431087
experiment_2026_06_25_14_18_best_matching_weekday_baseline_ercot,ERCOT_demand_NCENT,2025-08-27,Lyndon B. Johnson Day,H2,J,best_matching_weekday,True,2025-08-27,,False,False,0,True,,,,,,,,{},,,,,,,No historical special days share analog cluster 'J' before target_date=2025-08-27.,,,,,,,,,,,,,,,,,,,,,,,,,,,,,,,,,,,,,,,,,,,,,,,,,,,,,,,,,,,,,,,,,,,
experiment_2026_06_25_14_18_best_matching_weekday_baseline_ercot,ERCOT_demand_NCENT,2025-09-01,Labor Day,H2,I,best_matching_weekday,True,2025-09-01,19.0,True,True,2,False,2.0,7.0,2.0,euclidian,PLS,minmax,2.0,{},2025-08-31 10:00:00,2025-09-02,2415.6743160921797,14.029249443786677,1193.684285,8.103,,14.0,24.0,2.0,4.0,2.0,2.0,0.10391288569956733,13888.332200697292,13704.124292913048,2415.6743160921797,14.029249443786677,14.029249443786677,2415.6743160921797,2585.6018963868532,14.893590863108425,14.893590863108425,2585.6018963868532,2316.5498942536196,13.525050282515656,13.525050282515656,2316.5498942536196,2413.125175055268,13.90258289803604,13.90258289803604,2413.125175055268,2417.1613150303806,14.53594856486959,14.53594856486959,2417.1613150303806,2415.6743160921815,14.302603319194072,14.302603319194072,2415.6743160921815,2585.6018963868532,2316.5498942536196,hourly_window_mean_factor_top_available_analogs,2.0,12737.214157355264,,12737.214157355264,0.0,172.4767213315859,-100.61142077676088,-1.5317805503544054e-12,172.4767213315859,-100.61142077676088,-1.5317805503544054e-12,-2413.1251750552674,-2417.1613150303806,-2415.674316092181,2585.6018963868532,14.893590863108425,2413.125175055268,13.90258289803604,2316.5498942536196,13.525050282515656,2417.1613150303806,14.53594856486959,2415.6743160921815,14.302603319194072,-100.61142077676095,-1.010898282353935,0.9910079650723844,-0.27335387540739475,2413.1251750552674,2417.1613150303806,2415.674316092181
experiment_2026_06_25_14_18_best_matching_weekday_baseline_ercot,ERCOT_demand_NCENT,2025-11-11,Veterans Day,H2,L,best_matching_weekday,True,2025-11-11,19.0,True,True,6,False,2.0,7.0,6.0,euclidian,PLS,minmax,6.0,{},2025-11-10 10:00:00,2025-11-12,1831.058369694877,13.176602694440975,1208.862039,7.987,,14.0,24.0,4.0,4.0,6.0,4.0,0.047467181723351445,11872.651399805121,11719.554477627791,1831.058369694877,13.176602694440975,13.176602694440975,1831.058369694877,1914.70837889088,13.44157105079589,13.44157105079589,1914.70837889088,1782.2625309972075,13.022037819900605,13.022037819900605,1782.2625309972075,1839.913308052497,12.939326146823594,12.939326146823594,1839.913308052497,1825.8929889862677,13.442581643872066,13.442581643872066,1825.8929889862677,1831.0583696948786,13.25717172390684,13.25717172390684,1831.0583696948786,1914.70837889088,1782.2625309972075,hourly_window_mean_factor_top_available_analogs,4.0,11568.57860844079,,11568.57860844079,0.0,74.795070838383,-43.630457989060005,-2.0583301145387323e-12,74.795070838383,-43.630457989060005,-2.0583301145387323e-12,-1839.913308052497,-1825.8929889862675,-1831.058369694879,1914.70837889088,13.44157105079589,1839.913308052497,12.939326146823594,1782.2625309972075,13.022037819900605,1825.8929889862677,13.442581643872066,1831.0583696948786,13.25717172390684,-43.63045798906023,-0.4205438239714603,0.5022449039722954,-0.08056902946586497,1839.913308052497,1825.8929889862675,1831.058369694879
experiment_2026_06_25_14_18_best_matching_weekday_baseline_ercot,ERCOT_demand_NCENT,2025-11-27,Thanksgiving Day,H1,F,best_matching_weekday,True,2025-11-27,19.0,True,True,6,False,2.0,7.0,6.0,euclidian,PLS,minmax,6.0,{},2025-11-26 10:00:00,2025-11-28,373.653249141978,3.1057845809595466,1210.40411,8.176,,14.0,24.0,4.0,4.0,6.0,4.0,0.05662485321422347,12311.73236716873,11938.450592578642,373.653249141978,3.1057845809595466,0.8397918640931034,100.53282512074269,202.27910233717208,1.5343519451705745,1.2956827908720683,171.49987417683263,473.6215014447815,4.022453618503113,0.5738554901387071,59.13537983802356,303.18456844600433,2.292559523870319,2.2067762913240387,292.2237827251728,504.5878853867078,4.285645229811746,-0.04145455340726049,-11.286900148506598,430.38666335592234,3.551350496043851,0.7868410209674286,100.5328251207437,171.49987417683263,59.13537983802356,hourly_window_mean_factor_top_available_analogs,4.0,11888.50679531579,,11888.50679531579,0.0,-120.72390854834013,70.42227998653016,-1.0052309861700787e-12,-120.72390854834013,70.42227998653016,-1.0052309861700787e-12,-292.2237827251728,11.286900148506597,-100.5328251207437,202.27910233717208,1.5343519451705745,303.18456844600433,2.292559523870319,473.6215014447815,4.022453618503113,504.5878853867078,4.285645229811746,430.38666335592234,3.551350496043851,-30.966383941926324,-0.263191611308633,-0.7582075786997444,-0.44556591508430454,292.2237827251728,11.286900148506597,100.5328251207437
experiment_2026_06_25_14_18_best_matching_weekday_baseline_ercot,ERCOT_demand_NCENT,2025-11-28,Day after Thanksgiving,H2,L,best_matching_weekday,True,2025-11-28,19.0,True,True,4,False,2.0,7.0,4.0,euclidian,PLS,minmax,3.0,{},2025-11-27 10:00:00,2025-11-29,354.76651945446355,2.814143470651062,1176.619306,7.893,,14.0,24.0,4.0,4.0,4.0,4.0,0.045651816429096194,12159.744634104865,11970.314260154177,354.76651945446355,2.814143470651062,0.8597380497371687,119.5161397635582,263.10073509175464,2.1455764135636355,-2.1455764135636355,-263.10073509175464,408.23822699937705,3.204140920618727,2.612838153329305,342.7093167624907,323.1841255131681,2.6104109460580722,-2.6104109460580722,-323.1841255131681,381.71607301378043,2.9853019423996634,2.9514648037457043,377.75796117497794,360.15167130302854,2.847184206905393,0.9023526853969442,119.5161397635557,-263.10073509175464,342.7093167624907,hourly_window_mean_factor_top_available_analogs,4.0,11825.23666613158,,11825.23666613158,0.0,60.083390421413505,-35.04864441248727,2.489143394325909e-12,60.083390421413505,-35.04864441248727,2.489143394325909e-12,323.18412551316817,-377.75796117497794,-119.51613976355571,263.10073509175464,2.1455764135636355,323.1841255131681,2.6104109460580722,408.23822699937705,3.204140920618727,381.71607301378043,2.9853019423996634,360.15167130302854,2.847184206905393,26.522153985596617,0.2188389782190634,-0.46483453249443674,-0.033040736254331016,323.18412551316817,377.75796117497794,119.51613976355571
experiment_2026_06_25_14_18_best_matching_weekday_baseline_ercot,ERCOT_demand_NCENT,2025-12-24,Christmas Eve,H1,I,best_matching_weekday,True,2025-12-24,19.0,True,True,4,False,2.0,7.0,4.0,euclidian,PLS,minmax,3.0,{},2025-12-23 10:00:00,2025-12-25,1424.809819023578,10.318987153985304,1176.115987,7.956,,14.0,24.0,4.0,4.0,4.0,4.0,0.08286230694942061,11898.554156608001,11418.761952525661,1424.809819023578,10.318987153985304,10.318987153985304,1424.809819023578,1740.9119432508471,11.952478744588259,11.952478744588259,1740.9119432508471,1240.416913224338,9.36611705946692,9.36611705946692,1240.416913224338,1578.0170471975757,10.84016178864401,10.84016178864401,1578.0170471975757,1335.4389359220793,10.310750950848176,10.310750950848176,1335.4389359220793,1424.8098190235778,10.505797048983485,10.505797048983485,1424.8098190235778,1740.9119432508471,1240.416913224338,hourly_window_mean_factor_top_available_analogs,4.0,11656.314421039475,,11656.314421039475,0.0,162.89489605327148,-95.02202269774118,3.3507699539002617e-13,162.89489605327148,-95.02202269774118,3.3507699539002617e-13,-1578.0170471975757,-1335.4389359220793,-1424.8098190235778,1740.9119432508471,11.952478744588259,1578.0170471975757,10.84016178864401,1240.416913224338,9.36611705946692,1335.4389359220793,10.310750950848176,1424.8098190235778,10.505797048983485,-95.02202269774125,-0.9446338913812564,1.112316955944248,-0.18680989499818068,1578.0170471975757,1335.4389359220793,1424.8098190235778
experiment_2026_06_25_14_18_best_matching_weekday_baseline_ercot,ERCOT_demand_NCENT,2025-12-25,Christmas Day,H2,I,best_matching_weekday,True,2025-12-25,19.0,True,True,6,False,2.0,7.0,6.0,euclidian,PLS,minmax,6.0,{},2025-12-24 10:00:00,2025-12-26,777.1483586370795,6.145706465471204,1223.702516,8.494,,14.0,24.0,4.0,4.0,6.0,4.0,0.10591048731934631,13308.830164531815,12778.883426892266,777.1483586370795,6.145706465471204,-6.145706465471204,-777.1483586370795,475.7215069853332,3.5001643716580437,-3.5001643716580437,-475.7215069853332,952.9806887672648,7.688939353528881,-7.688939353528881,-952.9806887672648,543.0942299604047,4.026101950675434,-4.026101950675434,-543.0942299604047,990.2052055578015,8.080441118608528,-7.3408585732251455,-913.679933698471,825.4801092850763,6.586737214633177,-6.119632449127883,-777.1483586370781,-475.7215069853332,-952.9806887672648,hourly_window_mean_factor_top_available_analogs,4.0,12679.67857413158,,12679.67857413158,0.0,67.37272297507154,-39.300755068793855,-1.3403079815601047e-12,67.37272297507154,-39.300755068793855,-1.3403079815601047e-12,543.0942299604047,913.679933698471,777.1483586370781,475.7215069853332,3.5001643716580437,543.0942299604047,4.026101950675434,952.9806887672648,7.688939353528881,990.2052055578015,8.080441118608528,825.4801092850763,6.586737214633177,-37.224516790536654,-0.3915017650796466,-0.5259375790173904,-0.44103074916197293,543.0942299604047,913.679933698471,777.1483586370781
experiment_2026_06_25_14_18_best_matching_weekday_baseline_ercot,ERCOT_demand_NCENT,2026-01-01,New Year's Day,H2,H,best_matching_weekday,True,2026-01-01,19.0,True,True,4,False,2.0,7.0,4.0,euclidian,PLS,minmax,3.0,{},2025-12-31 10:00:00,2026-01-02,2031.6477378698344,16.33287644209025,1200.995979,8.296,,14.0,24.0,4.0,4.0,4.0,4.0,0.07004259030368813,14609.813867486593,15052.449625595536,2031.6477378698344,16.33287644209025,-16.010691112445215,-1991.1016146971194,710.9484482686292,5.3154996534796854,-4.440996615871733,-600.8946853712616,2802.0556568038714,22.759679568779745,-22.759679568779745,-2802.0556568038714,738.0428613322272,5.552426885626381,-5.552426885626381,-738.0428613322272,2722.0525541599736,22.16790663534736,-22.16790663534736,-2722.0525541599736,1991.1016146971194,16.046414095976473,-16.046414095976473,-1991.1016146971194,-600.8946853712616,-2802.0556568038714,hourly_window_mean_factor_top_available_analogs,4.0,13342.684490105263,,13342.684490105263,0.0,137.1481759609655,-80.00310264389736,-5.265495641843269e-13,137.1481759609655,-80.00310264389736,-5.265495641843269e-13,738.0428613322272,2722.052554159974,1991.101614697119,710.9484482686292,5.3154996534796854,738.0428613322272,5.552426885626381,2802.0556568038714,22.759679568779745,2722.0525541599736,22.16790663534736,1991.1016146971194,16.046414095976473,80.00310264389782,0.5917729334323845,-0.2369272321466953,0.2864623461137761,738.0428613322272,2722.052554159974,1991.101614697119
experiment_2026_06_25_14_18_best_matching_weekday_baseline_ercot,ERCOT_demand_NCENT,2026-01-19,Martin Luther King Jr. Day,H2,H,best_matching_weekday,True,2026-01-19,19.0,True,True,6,False,2.0,7.0,6.0,euclidian,PLS,minmax,6.0,{},2026-01-18 10:00:00,2026-01-20,3909.423166477561,26.186285571207186,1275.876672,9.017,,14.0,24.0,4.0,4.0,6.0,4.0,0.055868592981566954,19373.360257582823,19384.20790047309,3909.423166477561,26.186285571207186,-26.186285571207186,-3909.423166477561,4405.929539270936,30.743039442788966,-30.743039442788966,-4405.929539270936,3619.7944490147565,23.528179146117807,-23.528179146117807,-3619.7944490147565,4289.0249608386,29.194830139342024,-29.194830139342024,-4289.0249608386,3687.9887864336197,23.658104487758834,-23.658104487758834,-3687.9887864336197,3909.4231664775593,25.69795078044737,-25.69795078044737,-3909.4231664775593,-4405.929539270936,-3619.7944490147565,hourly_window_mean_factor_top_available_analogs,4.0,15332.677286921053,,15332.677286921053,0.0,-116.90457843233578,68.19433741886239,-9.573628439715034e-14,-116.90457843233578,68.19433741886239,-9.573628439715034e-14,4289.0249608386,3687.9887864336188,3909.423166477561,4405.929539270936,30.743039442788966,4289.0249608386,29.194830139342024,3619.7944490147565,23.528179146117807,3687.9887864336197,23.658104487758834,3909.4231664775593,25.69795078044737,-68.19433741886314,-0.12992534164102665,1.5482093034469422,0.488334790759815,4289.0249608386,3687.9887864336188,3909.423166477561
experiment_2026_06_25_14_18_best_matching_weekday_baseline_ercot,ERCOT_demand_NCENT,2026-02-16,Presidents' Day,H2,F,best_matching_weekday,True,2026-02-16,19.0,True,True,6,False,2.0,7.0,6.0,pearson,PLS,,4.0,{},2026-02-15 10:00:00,2026-02-17,819.7960809362144,6.029796708005095,1382.829556,9.517,,14.0,24.0,4.0,4.0,6.0,4.0,0.0664237166530199,12515.606505922018,12261.060856714937,819.7960809362144,6.029796708005095,4.82749051479717,668.277892077981,355.7750826953347,2.7788080197091776,-0.48459450471233295,-55.48857277701284,1090.4749965767276,7.926206776177714,7.926206776177714,1090.4749965767276,336.8478448810192,2.6568787605917277,-2.245215676690676,-284.6300215264633,1224.140841680575,9.132730493879313,9.132730493879313,1224.140841680575,897.2434218070546,6.746890381615464,4.9408555889324735,668.2778920779818,-55.48857277701284,1090.4749965767276,hourly_window_mean_factor_top_available_analogs,4.0,12031.072368342106,,12031.072368342106,0.0,229.14144874945046,-133.66584510384732,-7.658902751772027e-13,229.14144874945046,-133.66584510384732,-7.658902751772027e-13,284.6300215264633,-1224.1408416805748,-668.2778920779818,355.7750826953347,2.7788080197091776,336.8478448810192,2.6568787605917277,1090.4749965767276,7.926206776177714,1224.140841680575,9.132730493879313,897.2434218070546,6.746890381615464,-133.66584510384746,-1.2065237177015993,0.1219292591174499,-0.7170936736103695,284.6300215264633,1224.1408416805748,668.2778920779818
experiment_2026_06_25_14_18_best_matching_weekday_baseline_ercot,ERCOT_demand_NCENT,2026-03-02,Texas Independence Day,H2,F,best_matching_weekday,True,2026-03-02,19.0,True,True,6,False,2.0,8.0,6.0,pearson,PLS,standard,2.0,{},2026-03-01 10:00:00,2026-03-03,681.7706199976766,4.723214409632146,1346.172498,9.219,,14.0,24.0,4.0,4.0,6.0,4.0,0.1212167771310634,12705.492541141182,12501.370688509109,681.7706199976766,4.723214409632146,4.42415298219075,651.3579862009243,711.7305540609799,4.953320156578586,4.953320156578586,711.7305540609799,664.2939917940831,4.5889860572467205,4.115472130464512,616.1406549492252,500.96815083641104,3.592412352435527,1.829531941174115,263.6609100390146,954.02485337223,7.312444645445264,6.776137159498916,877.5146139620359,787.1092261221913,5.941906432231149,4.953703658010831,651.3579862009228,711.7305540609799,616.1406549492252,hourly_window_mean_factor_top_available_analogs,4.0,14639.716941907895,,14639.716941907895,0.0,448.06964402196536,-261.37395901281064,1.5796486925529807e-12,448.06964402196536,-261.37395901281064,1.5796486925529807e-12,-263.66091003901454,-877.5146139620358,-651.3579862009227,711.7305540609799,4.953320156578586,500.96815083641104,3.592412352435527,664.2939917940831,4.5889860572467205,954.02485337223,7.312444645445264,787.1092261221913,5.941906432231149,-289.7308615781469,-2.723458588198543,1.3609078041430593,-1.2186920225990034,263.66091003901454,877.5146139620358,651.3579862009227
experiment_2026_06_25_14_18_best_matching_weekday_baseline_ercot,ERCOT_demand_NORTH,2025-01-01,New Year's Day,H2,H,best_matching_weekday,True,2025-01-01,19.0,True,True,2,False,2.0,7.0,2.0,pearson,RidgeReg,,2.0,{},2024-12-31 10:00:00,2025-01-02,141.35321569828125,9.79756468746962,109.612768,7.906,,14.0,24.0,2.0,4.0,2.0,2.0,0.03878624138530581,1279.1714003042114,1260.8794262276133,141.35321569828125,9.79756468746962,9.729519014119909,140.54030748526208,102.99009277876243,7.255180647480482,7.255180647480482,102.99009277876243,163.73170406800057,11.28062204412995,11.172883061326239,162.44459939738684,104.5793542987846,7.385009063235479,7.221922310532582,102.19996210959623,163.92297980074753,11.321042137460958,11.235873249086438,162.90550895440086,142.05953882634017,9.870924689062097,9.757049219092911,140.5403074852623,102.99009277876243,162.44459939738684,hourly_window_mean_factor_top_available_analogs,2.0,869.9379109210527,,869.9379109210527,0.0,0.7901306691661928,-0.4609095570140198,-2.5729126431734153e-13,0.7901306691661928,-0.4609095570140198,-2.5729126431734153e-13,-102.19996210959624,-162.90550895440086,-140.54030748526233,102.99009277876243,7.255180647480482,104.5793542987846,7.385009063235479,163.73170406800057,11.28062204412995,163.92297980074753,11.321042137460958,142.05953882634017,9.870924689062097,-0.1912757327469592,-0.040420093331007934,-0.12982841575499737,-0.07336000159247646,102.19996210959624,162.90550895440086,140.54030748526233
experiment_2026_06_25_14_18_best_matching_weekday_baseline_ercot,ERCOT_demand_NORTH,2025-01-20,Martin Luther King Jr. Day,H2,J,best_matching_weekday,True,2025-01-20,19.0,True,True,7,False,2.0,7.0,7.0,pearson,PLS,,7.0,{},2025-01-19 10:00:00,2025-01-21,153.67639855833636,7.747927306988679,111.809092,7.877,,14.0,24.0,4.0,4.0,7.0,4.0,0.05281992314834064,1824.811797178506,1835.8345141973616,153.67639855833636,7.747927306988679,7.747927306988679,153.67639855833636,101.6555703538186,5.345388054154642,5.345388054154642,101.6555703538186,184.02188167763836,9.149408537808531,9.149408537808531,184.02188167763836,118.92536483595856,6.261301147127221,6.261301147127221,118.92536483595856,175.34280152123176,8.759197001633225,8.692634994536172,173.94783489638985,154.55743011086795,7.838919581552064,7.796880419174978,153.67639855833625,101.6555703538186,184.02188167763836,hourly_window_mean_factor_top_available_analogs,4.0,942.6177835065789,,942.6177835065789,0.0,-17.26979448213995,10.074046781248512,1.3163739104608172e-13,-17.26979448213995,10.074046781248512,1.3163739104608172e-13,-118.92536483595856,-173.94783489638985,-153.67639855833622,101.6555703538186,5.345388054154642,118.92536483595856,6.261301147127221,184.02188167763836,9.149408537808531,175.34280152123176,8.759197001633225,154.55743011086795,7.838919581552064,8.679080156406599,0.3902115361753058,-0.9159130929725787,-0.09099227456338532,118.92536483595856,173.94783489638985,153.67639855833622
experiment_2026_06_25_14_18_best_matching_weekday_baseline_ercot,ERCOT_demand_NORTH,2025-02-17,Presidents' Day,H2,F,best_matching_weekday,True,2025-02-17,19.0,True,True,7,False,2.0,7.0,7.0,pearson,PLS,,7.0,{},2025-02-16 10:00:00,2025-02-18,161.84697855615363,9.108124486424936,116.618571,7.973,,14.0,24.0,4.0,4.0,7.0,4.0,0.056631669578643226,1592.2252301543729,1565.2606500660593,161.84697855615363,9.108124486424936,9.108124486424936,161.84697855615363,97.54496705137566,5.591002716150254,5.591002716150254,97.54496705137566,199.35648526727414,11.159778852418505,11.159778852418505,199.35648526727414,89.94173752943588,5.208083073577105,5.194810600429918,89.69116970038904,203.93786705534936,11.542688587370373,11.542688587370373,203.93786705534936,161.9392930194865,9.208886555972853,9.203996697444943,161.84697855615343,97.54496705137566,199.35648526727414,hourly_window_mean_factor_top_available_analogs,4.0,773.16763025,,773.16763025,0.0,7.853797350986627,-4.5813817880752294,1.9147256879430067e-13,7.853797350986627,-4.5813817880752294,1.9147256879430067e-13,-89.69116970038904,-203.93786705534936,-161.84697855615343,97.54496705137566,5.591002716150254,89.94173752943588,5.208083073577105,199.35648526727414,11.159778852418505,203.93786705534936,11.542688587370373,161.9392930194865,9.208886555972853,-4.58138178807522,-0.382909734951868,0.3829196425731496,-0.10076206954791722,89.69116970038904,203.93786705534936,161.84697855615343
experiment_2026_06_25_14_18_best_matching_weekday_baseline_ercot,ERCOT_demand_NORTH,2025-03-02,Texas Independence Day,H2,K,best_matching_weekday,True,2025-03-02,19.0,True,True,2,False,2.0,7.0,2.0,pearson,RidgeReg,,2.0,{},2025-03-01 10:00:00,2025-03-03,41.98787324605221,3.041042280747656,123.052254,8.454,,14.0,24.0,2.0,4.0,2.0,2.0,0.04344592005847844,1364.213626511463,1343.625082498291,41.98787324605221,3.041042280747656,1.5830890491815017,22.11650101485293,33.93274972022357,2.4627337016509694,-0.47662912681835795,-5.853193248328629,46.68669530278558,3.37838895188739,2.784591318514753,38.43215600170884,40.07832419960136,2.9069718548962493,-0.9022829313605893,-11.765691522482955,55.10721921298141,4.009120570641233,3.062379232481366,41.88111332829869,49.57025789226245,3.6030657806299224,1.6017142247501193,22.116501014852822,-5.853193248328629,38.43215600170884,hourly_window_mean_factor_top_available_analogs,2.0,823.7956469210526,,823.7956469210526,0.0,5.912498274154326,-3.4489573265898534,1.0770331994679413e-13,5.912498274154326,-3.4489573265898534,1.0770331994679413e-13,11.765691522482955,-41.881113328298696,-22.116501014852822,33.93274972022357,2.4627337016509694,40.07832419960136,2.9069718548962493,46.68669530278558,3.37838895188739,55.10721921298141,4.009120570641233,49.57025789226245,3.6030657806299224,-8.420523910195833,-0.6307316187538432,-0.44423815324527993,-0.5620234998822666,11.765691522482955,41.881113328298696,22.116501014852822
experiment_2026_06_25_14_18_best_matching_weekday_baseline_ercot,ERCOT_demand_NORTH,2025-04-21,San Jacinto Day,H2,F,best_matching_weekday,True,2025-04-21,19.0,True,True,7,False,2.0,7.0,7.0,pearson,PLS,minmax,7.0,{},2025-04-20 10:00:00,2025-04-22,92.75960439804348,6.9037865896160655,122.885341,8.166,,14.0,24.0,4.0,4.0,7.0,4.0,0.08948299555196929,1307.8441371502295,1280.9830374222952,92.75960439804348,6.9037865896160655,0.5040932073564681,15.35081500766522,64.99156427990395,5.08932462789217,-4.716890295700659,-60.13426618383114,108.95762780029156,7.962222733955003,3.5496669174731252,59.3837790360381,95.19063690603602,7.405993122278252,-6.619845845507089,-84.93881961395728,79.24038774923868,5.819083308721474,5.354918749778759,73.85310187027837,85.11679533332192,6.403734292663445,0.9431633725681835,15.350815007665238,-60.13426618383114,59.3837790360381,hourly_window_mean_factor_top_available_analogs,4.0,1251.4422970526316,,1251.4422970526316,0.0,24.804553430126134,-14.469322834240273,-1.7950553324465688e-14,24.804553430126134,-14.469322834240273,-1.7950553324465688e-14,84.93881961395726,-73.85310187027838,-15.350815007665238,64.99156427990395,5.08932462789217,95.19063690603602,7.405993122278252,108.95762780029156,7.962222733955003,79.24038774923868,5.819083308721474,85.11679533332192,6.403734292663445,29.717240051052883,2.143139425233529,-2.3166684943860822,0.5000522969526209,84.93881961395726,73.85310187027838,15.350815007665238
experiment_2026_06_25_14_18_best_matching_weekday_baseline_ercot,ERCOT_demand_NORTH,2025-05-26,Memorial Day,H2,J,best_matching_weekday,True,2025-05-26,19.0,True,True,6,False,2.0,7.0,6.0,pearson,RidgeReg,minmax,2.0,{},2025-05-25 10:00:00,2025-05-27,203.01192958952436,13.85438113009004,121.234758,7.975,,14.0,24.0,4.0,4.0,6.0,4.0,0.1207838024144278,1823.8192581003213,1754.4401608541557,203.01192958952436,13.85438113009004,-13.244325340566212,-190.00490438979494,119.22939435015667,7.837485381982195,-6.1816196675603825,-83.92461166517687,251.88507514582216,17.36423698315295,-17.36423698315295,-251.88507514582216,129.86469427447435,8.544347541772423,-7.980866166005664,-117.66302970943228,242.05309872611576,16.611963222107324,-15.929235149341508,-232.20433128667332,200.7205286649847,13.639683760931312,-13.000888681796726,-190.00490438979503,-83.92461166517687,-251.88507514582216,hourly_window_mean_factor_top_available_analogs,4.0,840.4246258421053,,840.4246258421053,0.0,33.738418044255404,-19.68074385914888,6.581869552304086e-14,33.738418044255404,-19.68074385914888,6.581869552304086e-14,117.66302970943227,232.20433128667327,190.004904389795,119.22939435015667,7.837485381982195,129.86469427447435,8.544347541772423,251.88507514582216,17.36423698315295,242.05309872611576,16.611963222107324,200.7205286649847,13.639683760931312,9.831976419706393,0.7522737610456254,-0.7068621597902274,0.21469736915872772,117.66302970943227,232.20433128667327,190.004904389795
experiment_2026_06_25_14_18_best_matching_weekday_baseline_ercot,ERCOT_demand_NORTH,2025-06-19,Juneteenth National Independence Day,H2,F,best_matching_weekday,True,2025-06-19,19.0,True,True,2,False,2.0,7.0,2.0,pearson,RidgeReg,,2.0,{},2025-06-18 10:00:00,2025-06-20,67.89112117157799,3.6903260019414814,125.929335,8.448,,14.0,24.0,2.0,4.0,2.0,2.0,0.1427586279440487,1995.6840956443982,1934.4627431579454,67.89112117157799,3.6903260019414814,-0.6685558187172981,-3.9577639601880095,97.36118212330041,5.762274644769641,-4.765443112275614,-76.19911062117544,50.70025228307323,2.4816892936250547,1.721295102525053,38.18302159205465,147.8240129433298,8.15575936823292,-5.831633218700515,-103.55761486839894,101.93153988317108,5.55581971865373,3.4468241351727844,54.142149069602276,118.83929311586112,6.513692221130272,0.028445110061569,-3.9577639601876506,-76.19911062117544,38.18302159205465,hourly_window_mean_factor_top_available_analogs,2.0,1163.644827881579,,1163.644827881579,0.0,27.358504247223518,-15.95912747754762,-3.590110664893138e-13,27.358504247223518,-15.95912747754762,-3.590110664893138e-13,103.55761486839896,-54.14214906960227,3.9577639601876506,97.36118212330041,5.762274644769641,147.8240129433298,8.15575936823292,50.70025228307323,2.4816892936250547,101.93153988317108,5.55581971865373,118.83929311586112,6.513692221130272,-51.23128760009785,-3.074130425028675,-2.3934847234632786,-2.8233662191887907,103.55761486839896,54.14214906960227,3.9577639601876506
experiment_2026_06_25_14_18_best_matching_weekday_baseline_ercot,ERCOT_demand_NORTH,2025-07-04,Independence Day,H2,I,best_matching_weekday,True,2025-07-04,19.0,True,True,5,False,2.0,7.0,5.0,pearson,RidgeReg,minmax,2.0,{},2025-07-03 10:00:00,2025-07-05,115.47783296594771,7.051852638584957,108.004282,7.341,,14.0,24.0,4.0,4.0,5.0,4.0,0.13697219123989798,1907.332694859099,1851.4353176856384,115.47783296594771,7.051852638584957,-5.807494668359031,-89.5096275696252,233.03769378665802,14.774291171551274,-14.425245499900765,-226.4656812278884,46.90124748720001,2.5470968276879367,-0.7804733499596864,-9.61859626897162,361.96729906537115,22.482885115172312,-21.006466577193084,-334.37332733161173,94.88741524394015,5.498790533278979,3.4933966655074467,53.32753062486666,193.28526717815163,11.75608853713442,-5.532868739698013,-89.50962756962542,-226.4656812278884,-9.61859626897162,hourly_window_mean_factor_top_available_analogs,4.0,1008.2827654276316,,1008.2827654276316,0.0,107.90764610372337,-62.94612689383828,2.2139015766841017e-13,107.90764610372337,-62.94612689383828,2.2139015766841017e-13,334.3733273316118,-53.32753062486666,89.50962756962542,233.03769378665802,14.774291171551274,361.96729906537115,22.482885115172312,46.90124748720001,2.5470968276879367,94.88741524394015,5.498790533278979,193.28526717815163,11.75608853713442,-47.986167756740144,-2.951693705591042,-7.708593943621038,-4.704235898549464,334.3733273316118,53.32753062486666,89.50962756962542
experiment_2026_06_25_14_18_best_matching_weekday_baseline_ercot,ERCOT_demand_NORTH,2025-08-27,Lyndon B. Johnson Day,H2,L,best_matching_weekday,True,2025-08-27,,False,False,0,True,,,,,,,,{},,,,,,,No historical special days share analog cluster 'L' before target_date=2025-08-27.,,,,,,,,,,,,,,,,,,,,,,,,,,,,,,,,,,,,,,,,,,,,,,,,,,,,,,,,,,,,,,,,,,,
experiment_2026_06_25_14_18_best_matching_weekday_baseline_ercot,ERCOT_demand_NORTH,2025-09-01,Labor Day,H2,I,best_matching_weekday,True,2025-09-01,19.0,True,True,5,False,2.0,7.0,5.0,pearson,RidgeReg,minmax,2.0,{},2025-08-31 10:00:00,2025-09-02,304.1142061823481,15.019697659100993,102.052758,6.69,,14.0,24.0,4.0,4.0,5.0,4.0,0.10273831659611932,1646.8542795281785,1580.4144983785525,304.1142061823481,15.019697659100993,15.019697659100993,304.1142061823481,243.48152814389186,11.799638047297467,11.799638047297467,243.48152814389186,339.48326837144754,16.898065765986388,16.898065765986388,339.48326837144754,145.68013365493792,7.239272582610274,7.239272582610274,145.68013365493792,396.534081823337,20.465693048536938,20.465693048536938,396.534081823337,304.1142061823478,15.592801297932375,15.592801297932375,304.1142061823478,243.48152814389186,339.48326837144754,hourly_window_mean_factor_top_available_analogs,4.0,1246.3971313289474,,1246.3971313289474,0.0,97.80139448895395,-57.05081345188945,2.2139015766841017e-13,97.80139448895395,-57.05081345188945,2.2139015766841017e-13,-145.68013365493792,-396.534081823337,-304.11420618234786,243.48152814389186,11.799638047297467,145.68013365493792,7.239272582610274,339.48326837144754,16.898065765986388,396.534081823337,20.465693048536938,304.1142061823478,15.592801297932375,-57.05081345188944,-3.56762728255055,4.560365464687193,-0.5731036388313822,145.68013365493792,396.534081823337,304.11420618234786
experiment_2026_06_25_14_18_best_matching_weekday_baseline_ercot,ERCOT_demand_NORTH,2025-11-11,Veterans Day,H2,,best_matching_weekday,True,2025-11-11,,False,False,0,True,,,,,,,,{},,,,,,,No selector analog cluster was found for target_date=2025-11-11.,,,,,,,,,,,,,,,,,,,,,,,,,,,,,,,,,,,,,,,,,,,,,,,,,,,,,,,,,,,,,,,,,,,
experiment_2026_06_25_14_18_best_matching_weekday_baseline_ercot,ERCOT_demand_NORTH,2025-11-27,Thanksgiving Day,H1,K,best_matching_weekday,True,2025-11-27,19.0,True,True,5,False,2.0,10.0,5.0,pearson,PLS,,3.0,{},2025-11-26 10:00:00,2025-11-28,28.469920980790263,1.713619544887786,103.459085,6.46,,14.0,24.0,4.0,4.0,5.0,4.0,0.060106016788449464,1643.9816121832773,1623.6247458586106,28.469920980790263,1.713619544887786,1.6116655520058496,26.774566448301435,28.940087236980975,1.7002816011894073,1.5858415132058095,26.90761504586489,28.195657331345682,1.7214000120451738,1.6267295746392059,26.69695476638942,27.590216162176375,1.5966356399035178,-1.1801201991873351,-20.70943111488665,60.32330202983985,3.7256009644394332,3.395252262195607,54.47356502682817,48.263744078595415,2.9412453185577805,1.7095887237913656,26.774566448301655,26.90761504586489,26.69695476638942,hourly_window_mean_factor_top_available_analogs,4.0,771.3373486184212,,771.3373486184212,0.0,47.61704616075154,-27.776610260438748,-2.2139015766841017e-13,47.61704616075154,-27.776610260438748,-2.2139015766841017e-13,20.70943111488665,-54.47356502682817,-26.774566448301655,28.940087236980975,1.7002816011894073,27.590216162176375,1.5966356399035178,28.195657331345682,1.7214000120451738,60.32330202983985,3.7256009644394332,48.263744078595415,2.9412453185577805,-32.127644698494166,-2.0042009523942594,0.10364596128588954,-1.2276257736699945,20.70943111488665,54.47356502682817,26.774566448301655
experiment_2026_06_25_14_18_best_matching_weekday_baseline_ercot,ERCOT_demand_NORTH,2025-11-28,Day after Thanksgiving,H2,H,best_matching_weekday,True,2025-11-28,19.0,True,True,5,False,2.0,10.0,5.0,pearson,PLS,,3.0,{},2025-11-27 10:00:00,2025-11-29,25.596399614456843,1.5622549853214729,101.037644,6.234,,14.0,24.0,4.0,4.0,5.0,4.0,0.041232817804594854,1621.8241110584927,1609.259037100207,25.596399614456843,1.5622549853214729,0.8254986452239017,13.954539546770548,17.693607669937382,1.1127573043692227,-0.8057835895544562,-12.661042558411038,30.206361582093194,1.8244619658769523,1.7770799488446105,29.480295774793138,44.86322605723404,2.6864214081438886,-2.325604429582076,-39.065261952167525,51.926939625139845,3.183569858598256,2.766224427947899,44.88275708781767,49.32451883696402,3.0004099031676996,0.8902874804368556,13.954539546770494,-12.661042558411038,29.480295774793138,hourly_window_mean_factor_top_available_analogs,4.0,810.8134421842104,,810.8134421842104,0.0,26.404219393756485,-15.402461313024531,5.3851659973397064e-14,26.404219393756485,-15.402461313024531,5.3851659973397064e-14,39.065261952167525,-44.882757087817666,-13.954539546770494,17.693607669937382,1.1127573043692227,44.86322605723404,2.6864214081438886,30.206361582093194,1.8244619658769523,51.926939625139845,3.183569858598256,49.32451883696402,3.0004099031676996,-21.72057804304665,-1.3591078927213036,-1.573664103774666,-1.4381549178462267,39.065261952167525,44.882757087817666,13.954539546770494
experiment_2026_06_25_14_18_best_matching_weekday_baseline_ercot,ERCOT_demand_NORTH,2025-12-24,Christmas Eve,H1,J,best_matching_weekday,True,2025-12-24,19.0,True,True,5,False,2.0,10.0,5.0,pearson,PLS,,3.0,{},2025-12-23 10:00:00,2025-12-25,107.20021760258332,6.5302703687207995,95.055709,5.882,,14.0,24.0,4.0,4.0,5.0,4.0,0.06785024058372265,1482.9048774424036,1481.793703186618,107.20021760258332,6.5302703687207995,5.926479804512948,97.85120111022839,203.5309684048221,11.960420431225044,11.960420431225044,203.5309684048221,51.00727963461068,3.3626828322599915,2.4066811055975608,36.204670188382075,189.872443613633,11.202818542854109,11.202818542854109,189.872443613633,90.30741696303677,6.077067510182313,3.127099952630681,44.172142983241656,126.98926888694062,7.965502101166661,6.102364696397208,97.85120111022793,203.5309684048221,36.204670188382075,hourly_window_mean_factor_top_available_analogs,4.0,919.9390638289474,,919.9390638289474,0.0,13.6585247911891,-7.967472794859579,4.60730868661286e-13,13.6585247911891,-7.967472794859579,4.60730868661286e-13,-189.87244361363298,-44.172142983241656,-97.85120111022793,203.5309684048221,11.960420431225044,189.872443613633,11.202818542854109,51.00727963461068,3.3626828322599915,90.30741696303677,6.077067510182313,126.98926888694062,7.965502101166661,-39.30013732842609,-2.7143846779223213,0.7576018883709352,-1.4352317324458612,189.87244361363298,44.172142983241656,97.85120111022793
experiment_2026_06_25_14_18_best_matching_weekday_baseline_ercot,ERCOT_demand_NORTH,2025-12-25,Christmas Day,H2,J,best_matching_weekday,True,2025-12-25,19.0,True,True,5,False,2.0,10.0,5.0,pearson,PLS,standard,3.0,{},2025-12-24 10:00:00,2025-12-26,23.850787010942824,1.562262789541188,97.854118,6.063,,14.0,24.0,4.0,4.0,5.0,4.0,0.1003505088491333,1527.7453060303396,1496.2889207797652,23.850787010942824,1.562262789541188,-1.0661976566567997,-16.6897253724447,20.583709700950845,1.3090104885387601,-0.8802093717408932,-13.876877459895402,25.756582108438142,1.7099932984592705,-1.1746908228577448,-18.33055332143179,62.317838949201686,3.9532109649540934,-2.8604713268845283,-45.505840312101,112.55908240230447,7.675016420654267,0.44222794223794715,0.11967500902115565,94.04915060379294,6.303824936975255,-0.7745559990177017,-16.6897253724449,-13.876877459895402,-18.33055332143179,hourly_window_mean_factor_top_available_analogs,4.0,867.7613406381579,,867.7613406381579,0.0,31.6289628522056,-18.450228330452944,2.0343960434394448e-13,31.6289628522056,-18.450228330452944,2.0343960434394448e-13,45.505840312101,-0.11967500902115447,16.6897253724449,20.583709700950845,1.3090104885387601,62.317838949201686,3.9532109649540934,25.756582108438142,1.7099932984592705,112.55908240230447,7.675016420654267,94.04915060379294,6.303824936975255,-86.80250029386633,-5.965023122194997,-2.6442004764153335,-4.741562147434067,45.505840312101,0.11967500902115447,16.6897253724449
experiment_2026_06_25_14_18_best_matching_weekday_baseline_ercot,ERCOT_demand_NORTH,2026-01-01,New Year's Day,H2,F,best_matching_weekday,True,2026-01-01,19.0,True,True,5,False,2.0,10.0,5.0,pearson,PLS,standard,3.0,{},2025-12-31 10:00:00,2026-01-02,140.08806405389765,8.648643945032408,94.771376,5.934,,14.0,24.0,4.0,4.0,5.0,4.0,0.04993257273890664,1768.6582421065293,1752.6940343395847,140.08806405389765,8.648643945032408,-8.648643945032408,-140.08806405389765,115.94634277843383,6.931533686898684,-6.931533686898684,-115.94634277843383,154.17073479791816,9.650291595610414,-9.650291595610414,-154.17073479791816,116.28966190215017,6.903157184508787,-6.903157184508787,-116.28966190215017,153.97046530908375,9.575495251616573,-9.575495251616573,-153.97046530908375,140.0880640538977,8.590949647945285,-8.590949647945285,-140.0880640538977,-115.94634277843383,-154.17073479791816,hourly_window_mean_factor_top_available_analogs,4.0,787.3408414868421,,787.3408414868421,0.0,0.34331912371633927,-0.20026948883441756,7.180221329786275e-14,0.34331912371633927,-0.20026948883441756,7.180221329786275e-14,116.28966190215017,153.97046530908375,140.08806405389774,115.94634277843383,6.931533686898684,116.28966190215017,6.903157184508787,154.17073479791816,9.650291595610414,153.97046530908375,9.575495251616573,140.0880640538977,8.590949647945285,0.2002694888344081,0.07479634399384061,0.02837650238989653,0.05769429708712259,116.28966190215017,153.97046530908375,140.08806405389774
experiment_2026_06_25_14_18_best_matching_weekday_baseline_ercot,ERCOT_demand_NORTH,2026-01-19,Martin Luther King Jr. Day,H2,J,best_matching_weekday,True,2026-01-19,19.0,True,True,5,False,2.0,10.0,5.0,pearson,PLS,standard,3.0,{},2026-01-18 10:00:00,2026-01-20,100.77269384160792,5.349791382985525,99.862112,6.262,,14.0,24.0,4.0,4.0,5.0,4.0,0.05602400193624877,1934.7285476650336,1954.9326998171139,100.77269384160792,5.349791382985525,-2.776038373731049,-47.42328587555999,61.177612863237755,3.378281602574049,-3.0677991138307634,-55.143954904324474,123.86982441232385,6.499838754892219,-2.605844608672882,-42.91956227544736,75.70552364886883,4.125254983866212,-1.3238130138466548,-24.845371298437435,146.3026800316493,7.651391544698266,-3.459361131609216,-60.59373604554799,120.29320136430911,6.352288601233826,-2.672580246117746,-47.423285875559884,-55.143954904324474,-42.91956227544736,hourly_window_mean_factor_top_available_analogs,4.0,1146.4704159473683,,1146.4704159473683,0.0,-30.298583605887043,17.674173770100634,-8.975276662232845e-14,-30.298583605887043,17.674173770100634,-8.975276662232845e-14,24.84537129843743,60.593736045548,47.4232858755599,61.177612863237755,3.378281602574049,75.70552364886883,4.125254983866212,123.86982441232385,6.499838754892219,146.3026800316493,7.651391544698266,120.29320136430911,6.352288601233826,-22.432855619325437,-1.151552789806047,-0.7469733812921624,-1.0024972182483012,24.84537129843743,60.593736045548,47.4232858755599
experiment_2026_06_25_14_18_best_matching_weekday_baseline_ercot,ERCOT_demand_NORTH,2026-02-16,Presidents' Day,H2,K,best_matching_weekday,True,2026-02-16,19.0,True,True,5,False,2.0,10.0,5.0,pearson,PLS,standard,4.0,{},2026-02-15 10:00:00,2026-02-17,102.91547489935186,6.2884432579402185,101.431313,6.308,,14.0,24.0,4.0,4.0,5.0,4.0,0.041569359300946664,1521.9479731006486,1510.5165447370443,102.91547489935186,6.2884432579402185,6.2884432579402185,102.91547489935186,94.99410149031624,5.770653141559862,5.770653141559862,94.99410149031624,107.53627605462263,6.590487492495427,6.590487492495427,107.53627605462263,84.32744221585926,5.128068545960084,5.128068545960084,84.32744221585926,116.06180852871813,7.1624394358105805,7.023384925472528,113.75849396472184,104.37019988713855,6.41293437112882,6.325110469862681,102.91547489935142,94.99410149031624,107.53627605462263,hourly_window_mean_factor_top_available_analogs,4.0,914.4768026578947,,914.4768026578947,0.0,10.666659274456979,-6.222217910099213,4.367967975619984e-13,10.666659274456979,-6.222217910099213,4.367967975619984e-13,-84.32744221585926,-113.75849396472185,-102.91547489935142,94.99410149031624,5.770653141559862,84.32744221585926,5.128068545960084,107.53627605462263,6.590487492495427,116.06180852871813,7.1624394358105805,104.37019988713855,6.41293437112882,-8.525532474095499,-0.5719519433151534,0.6425845955997778,-0.12449111318860151,84.32744221585926,113.75849396472185,102.91547489935142
experiment_2026_06_25_14_18_best_matching_weekday_baseline_ercot,ERCOT_demand_NORTH,2026-03-02,Texas Independence Day,H2,G,best_matching_weekday,True,2026-03-02,19.0,True,True,4,False,2.0,8.0,4.0,pearson,PLS,,2.0,{},2026-03-01 10:00:00,2026-03-03,73.1389067249876,4.454445646736915,102.956197,6.407,,14.0,24.0,4.0,4.0,4.0,4.0,0.04262598366290711,1608.7734682048963,1617.768750618238,73.1389067249876,4.454445646736915,0.3307113865856737,9.255251058261479,101.64735880175559,5.887297660277722,5.019666557922859,88.06956071797482,56.50897634687296,3.6186153055047803,-2.404512463361018,-36.71976290990464,103.2594112359384,5.972990166625327,5.1292203799708895,89.9833845765781,55.32991461891303,3.488042643599648,-2.4114638247424054,-37.836160160756435,72.98815021465921,4.403549625767003,0.36668298752038775,9.25525105826155,88.06956071797482,-36.71976290990464,hourly_window_mean_factor_top_available_analogs,4.0,797.5934181776316,,797.5934181776316,0.0,-1.9138238586032716,1.1163972508517948,-7.180221329786275e-14,-1.9138238586032716,1.1163972508517948,-7.180221329786275e-14,-89.98338457657809,37.836160160756435,-9.25525105826155,101.64735880175559,5.887297660277722,103.2594112359384,5.972990166625327,56.50897634687296,3.6186153055047803,55.32991461891303,3.488042643599648,72.98815021465921,4.403549625767003,1.1790617279599331,0.1305726619051324,-0.0856925063476055,0.05089602096991275,89.98338457657809,37.836160160756435,9.25525105826155
experiment_2026_06_25_14_18_best_matching_weekday_baseline_ercot,ERCOT_demand_SCENT,2025-01-01,New Year's Day,H2,I,best_matching_weekday,True,2025-01-01,19.0,True,True,2,False,2.0,5.0,2.0,pearson,RidgeReg,minmax,2.0,{},2024-12-31 10:00:00,2025-01-02,365.6369809494196,5.3586122791906785,875.738567,9.855,,14.0,24.0,2.0,4.0,2.0,2.0,0.08040141303701231,6576.999298123892,6503.925066130464,365.6369809494196,5.3586122791906785,3.737950208129655,257.28762069189713,239.89628972629836,3.389586861343685,2.8289855451689685,202.3032594588005,438.9857174962405,6.507210439601425,4.268179594856721,289.3618314112036,242.43650859738247,3.429342150413475,3.228235052405343,228.9487592831654,582.0245697547037,8.731752515396293,4.2299804012479285,273.81862318032466,456.9131788020064,6.778232907244728,3.8609163253585557,257.28762069189753,202.3032594588005,289.3618314112036,hourly_window_mean_factor_top_available_analogs,2.0,7309.02776356579,,7309.02776356579,0.0,-26.645499824364897,15.543208230878955,-3.590110664893138e-13,-26.645499824364897,15.543208230878955,-3.590110664893138e-13,-228.9487592831654,-273.8186231803246,-257.2876206918975,239.89628972629836,3.389586861343685,242.43650859738247,3.429342150413475,438.9857174962405,6.507210439601425,582.0245697547037,8.731752515396293,456.9131788020064,6.778232907244728,-143.03885225846324,-2.2245420757948677,-0.03975528906979031,-1.4196206280540498,228.9487592831654,273.8186231803246,257.2876206918975
experiment_2026_06_25_14_18_best_matching_weekday_baseline_ercot,ERCOT_demand_SCENT,2025-01-20,Martin Luther King Jr. Day,H2,J,best_matching_weekday,True,2025-01-20,19.0,True,True,2,False,2.0,5.0,2.0,pearson,RidgeReg,minmax,2.0,{},2025-01-19 10:00:00,2025-01-21,3205.0044194061484,26.80402155321836,874.135505,9.829,,14.0,24.0,2.0,4.0,2.0,2.0,0.0815105290584486,8508.931369278062,8598.09837253405,3205.0044194061484,26.80402155321836,26.80402155321836,3205.0044194061484,2039.9283380893453,19.46321882371534,19.46321882371534,2039.9283380893453,3884.632133507616,31.086156478761783,31.086156478761783,3884.632133507616,2095.593653760969,20.127247104900686,20.127247104900686,2095.593653760969,3852.1606993658374,30.877052119118275,30.877052119118275,3852.1606993658374,3205.0044194061493,26.916597640196006,26.916597640196006,3205.0044194061493,2039.9283380893453,3884.632133507616,hourly_window_mean_factor_top_available_analogs,2.0,6330.631089684211,,6330.631089684211,0.0,-55.6653156716235,32.47143414177837,-1.268505768262242e-12,-55.6653156716235,32.47143414177837,-1.268505768262242e-12,-2095.5936537609687,-3852.1606993658374,-3205.0044194061497,2039.9283380893453,19.46321882371534,2095.593653760969,20.127247104900686,3884.632133507616,31.086156478761783,3852.1606993658374,30.877052119118275,3205.0044194061493,26.916597640196006,32.471434141778445,0.20910435964350782,-0.6640282811853453,-0.1125760869776471,2095.5936537609687,3852.1606993658374,3205.0044194061497
experiment_2026_06_25_14_18_best_matching_weekday_baseline_ercot,ERCOT_demand_SCENT,2025-02-17,Presidents' Day,H2,F,best_matching_weekday,True,2025-02-17,19.0,True,True,5,False,2.0,5.0,5.0,pearson,RidgeReg,minmax,2.0,{},2025-02-16 10:00:00,2025-02-18,1203.3379688368445,13.611239257277566,917.57905,10.078,,14.0,24.0,4.0,4.0,5.0,4.0,0.0711932613935801,7114.062951150236,6914.503258868322,1203.3379688368445,13.611239257277566,13.217984168236967,1175.3285650339765,622.884135902845,7.428513958545813,6.36110728829276,546.8586112950599,1541.9360380483442,17.21782901487109,17.21782901487109,1541.9360380483442,550.5940638243134,6.733062264846048,2.835003803466528,268.62265068953263,1704.240348401566,19.169581708617702,19.169581708617702,1704.240348401566,1279.2127698731044,14.58770612407025,13.151579322509376,1175.3285650339744,546.8586112950599,1541.9360380483442,hourly_window_mean_factor_top_available_analogs,4.0,6086.760087006579,,6086.760087006579,0.0,278.23596060552717,-162.3043103532215,1.6993190480494186e-12,278.23596060552717,-162.3043103532215,1.6993190480494186e-12,-268.6226506895327,-1704.2403484015658,-1175.3285650339749,622.884135902845,7.428513958545813,550.5940638243134,6.733062264846048,1541.9360380483442,17.21782901487109,1704.240348401566,19.169581708617702,1279.2127698731044,14.58770612407025,-162.3043103532218,-1.951752693746613,0.6954516936997654,-0.9764668667926841,268.6226506895327,1704.2403484015658,1175.3285650339749
experiment_2026_06_25_14_18_best_matching_weekday_baseline_ercot,ERCOT_demand_SCENT,2025-03-02,Texas Independence Day,H2,G,best_matching_weekday,True,2025-03-02,19.0,True,True,5,False,2.0,5.0,5.0,pearson,RidgeReg,minmax,2.0,{},2025-03-01 10:00:00,2025-03-03,421.68163899902305,6.166015268618289,968.59229,10.613,,14.0,24.0,4.0,4.0,5.0,4.0,0.07810443505237509,6986.879864366728,6892.340436186964,421.68163899902305,6.166015268618289,-0.7824226444726516,2.3280233964295753,344.2629314636477,4.611993824434251,1.9168147172248473,167.56850339653238,466.84255172799203,7.072527777725644,-2.3569777721295257,-94.06225660363039,320.829075468143,4.466327915385308,-0.5912575175372873,-17.38617885994966,515.9557408998285,7.89239732078844,-0.3868904446091856,13.827974712651402,444.0669694249969,6.63016122406097,-0.4621835767405915,2.3280233964299586,167.56850339653238,-94.06225660363039,hourly_window_mean_factor_top_available_analogs,4.0,5459.235564585526,,5459.235564585526,0.0,184.95468225648204,-107.8902313162818,-3.8294513758860134e-13,184.95468225648204,-107.8902313162818,-3.8294513758860134e-13,17.386178859949666,-13.827974712651411,-2.328023396429958,344.2629314636477,4.611993824434251,320.829075468143,4.466327915385308,466.84255172799203,7.072527777725644,515.9557408998285,7.89239732078844,444.0669694249969,6.63016122406097,-49.11318917183644,-0.8198695430627962,0.14566590904894294,-0.4641459554426808,17.386178859949666,13.827974712651411,2.328023396429958
experiment_2026_06_25_14_18_best_matching_weekday_baseline_ercot,ERCOT_demand_SCENT,2025-04-21,San Jacinto Day,H2,H,best_matching_weekday,True,2025-04-21,19.0,True,True,5,False,2.0,5.0,5.0,pearson,RidgeReg,minmax,2.0,{},2025-04-20 10:00:00,2025-04-22,538.5418556630747,7.066203554643091,964.475372,10.558,,14.0,24.0,4.0,4.0,5.0,4.0,0.13672055273666872,8072.265855586107,7851.864399632589,538.5418556630747,7.066203554643091,-2.7109534437825658,-112.69732440189689,286.75885469152706,3.578752536013094,-2.6252504165339614,-200.19629593499727,685.4152728964776,9.100549982177256,-2.760946876344253,-61.656257674255016,439.2101344793044,5.277861744340217,-5.223958267867833,-435.4932544549775,482.84457103998193,6.007606913844577,-0.03873703342500349,75.60030146240058,466.7687259913112,5.738753430342971,-1.9490816987460458,-112.69732440189658,-200.19629593499727,-61.656257674255016,hourly_window_mean_factor_top_available_analogs,4.0,8704.289315671052,,8704.289315671052,0.0,235.29695851998025,-137.2565591366556,-2.87208853191451e-13,235.29695851998025,-137.2565591366556,-2.87208853191451e-13,435.49325445497755,-75.60030146240058,112.69732440189661,286.75885469152706,3.578752536013094,439.2101344793044,5.277861744340217,685.4152728964776,9.100549982177256,482.84457103998193,6.007606913844577,466.7687259913112,5.738753430342971,202.5707018564957,3.092943068332679,-1.6991092083271226,1.3274501243001202,435.49325445497755,75.60030146240058,112.69732440189661
experiment_2026_06_25_14_18_best_matching_weekday_baseline_ercot,ERCOT_demand_SCENT,2025-05-26,Memorial Day,H2,I,best_matching_weekday,True,2025-05-26,19.0,True,True,5,False,2.0,5.0,5.0,pearson,RidgeReg,minmax,2.0,{},2025-05-25 10:00:00,2025-05-27,523.8885450952163,5.171655073517745,934.782053,10.046,,14.0,24.0,4.0,4.0,5.0,4.0,0.14794998195515702,10899.96779913882,10427.103821228251,523.8885450952163,5.171655073517745,-3.2069565560152764,-350.38223082303006,42.412569061397335,0.36518013158402746,-0.12668615704226055,-11.817085914080312,804.7495311149441,7.9754321229790825,-5.003780955416203,-547.8785653532508,76.65118226559272,0.6606205810136946,-0.4154538602449281,-53.43127770056747,894.6186012439267,8.916951018062052,-4.634474896746302,-523.6036201444666,593.2621837255932,5.8751450675705525,-3.080098725403691,-350.38223082303006,-11.817085914080312,-547.8785653532508,hourly_window_mean_factor_top_available_analogs,4.0,9882.931083210526,,9882.931083210526,0.0,41.614191786487154,-24.274945208784214,-2.3934071099287584e-14,41.614191786487154,-24.274945208784214,-2.3934071099287584e-14,53.43127770056746,523.6036201444666,350.38223082303006,42.412569061397335,0.36518013158402746,76.65118226559272,0.6606205810136946,804.7495311149441,7.9754321229790825,894.6186012439267,8.916951018062052,593.2621837255932,5.8751450675705525,-89.86907012898257,-0.9415188950829698,-0.29544044942966713,-0.7034899940528074,53.43127770056746,523.6036201444666,350.38223082303006
experiment_2026_06_25_14_18_best_matching_weekday_baseline_ercot,ERCOT_demand_SCENT,2025-06-19,Juneteenth National Independence Day,H2,G,best_matching_weekday,True,2025-06-19,19.0,True,True,5,False,2.0,6.0,5.0,pearson,RidgeReg,minmax,2.0,{},2025-06-18 10:00:00,2025-06-20,554.9070129755379,4.7259833510945155,683.386308,8.268,,14.0,24.0,4.0,4.0,5.0,4.0,0.135737536191907,10721.049170357388,10121.263151872938,554.9070129755379,4.7259833510945155,4.512484766093607,527.6545233794542,151.39112307292686,1.322604801637866,0.7431086423496858,77.42007988355674,790.2912820853945,6.711287504944228,6.711287504944228,790.2912820853945,310.23711679230746,2.579174955401773,-1.422251716688796,-191.7898523775318,947.3304092376957,8.369579112350687,8.369579112350687,947.3304092376957,712.6118278104474,6.236272317685298,4.762062491125614,527.654523379454,77.42007988355674,790.2912820853945,hourly_window_mean_factor_top_available_analogs,4.0,8344.694840164473,,8344.694840164473,0.0,269.2099322610885,-157.03912715230118,2.87208853191451e-13,269.2099322610885,-157.03912715230118,2.87208853191451e-13,191.78985237753176,-947.3304092376957,-527.6545233794538,151.39112307292686,1.322604801637866,310.23711679230746,2.579174955401773,790.2912820853945,6.711287504944228,947.3304092376957,8.369579112350687,712.6118278104474,6.236272317685298,-157.03912715230115,-1.6582916074064586,-1.256570153763907,-1.5102889665907826,191.78985237753176,947.3304092376957,527.6545233794538
experiment_2026_06_25_14_18_best_matching_weekday_baseline_ercot,ERCOT_demand_SCENT,2025-07-04,Independence Day,H2,H,best_matching_weekday,True,2025-07-04,19.0,True,True,5,False,2.0,6.0,5.0,pearson,RidgeReg,minmax,2.0,{},2025-07-03 10:00:00,2025-07-05,545.2701422156046,5.864028194247848,670.245624,7.947,,14.0,24.0,4.0,4.0,5.0,4.0,0.13122541759305778,9708.621912652417,9381.957235192114,545.2701422156046,5.864028194247848,-4.315786442962853,-394.2438340997846,194.93057235344062,1.9018387584868317,1.4469892364444377,146.66394641563602,749.6348913018668,8.175305365108441,-7.677405589283772,-709.77337273378,282.0094908251432,2.7206477736340697,-0.6344921358946649,-79.39668939308818,861.2108769388009,9.599040617942672,-6.011792870706732,-577.9046685120263,647.8208925811375,7.064895885828977,-4.030682073670708,-394.24383409978594,146.66394641563602,-709.77337273378,hourly_window_mean_factor_top_available_analogs,4.0,8434.467385381578,,8434.467385381578,0.0,226.0606358087242,-131.86870422175357,1.38817612375868e-12,226.0606358087242,-131.86870422175357,1.38817612375868e-12,79.39668939308817,577.9046685120264,394.24383409978594,194.93057235344062,1.9018387584868317,282.0094908251432,2.7206477736340697,749.6348913018668,8.175305365108441,861.2108769388009,9.599040617942672,647.8208925811375,7.064895885828977,-111.57598563693409,-1.4237352528342306,-0.818809015147238,-1.200867691581129,79.39668939308817,577.9046685120264,394.24383409978594
experiment_2026_06_25_14_18_best_matching_weekday_baseline_ercot,ERCOT_demand_SCENT,2025-08-27,Lyndon B. Johnson Day,H2,F,best_matching_weekday,True,2025-08-27,19.0,True,True,5,False,2.0,6.0,5.0,pearson,RidgeReg,minmax,2.0,{},2025-08-26 10:00:00,2025-08-28,186.06011873708323,1.6578445925430851,654.917229,7.594,,14.0,24.0,4.0,4.0,5.0,4.0,0.1408066715049973,11387.040908182822,10794.184652420332,186.06011873708323,1.6578445925430851,-0.2023186173717249,-23.273699340717748,227.56035022426724,2.025344272748373,-1.93966555747738,-216.0835277042353,161.85165036955922,1.4434697790900008,0.811133764356574,89.19870053800082,366.5411644221275,3.1340889157811245,-3.1340889157811245,-366.5411644221275,244.36175485073076,2.230533920643033,1.665063593841882,176.9656552901059,289.37522153492955,2.5634226030623295,-0.10304522549290977,-23.273699340716934,-216.0835277042353,89.19870053800082,hourly_window_mean_factor_top_available_analogs,4.0,9524.979772842105,,9524.979772842105,0.0,150.4576367178922,-87.76695475210506,-8.137584173757779e-13,150.4576367178922,-87.76695475210506,-8.137584173757779e-13,366.5411644221275,-176.96565529010587,23.273699340716934,227.56035022426724,2.025344272748373,366.5411644221275,3.1340889157811245,161.85165036955922,1.4434697790900008,244.36175485073076,2.230533920643033,289.37522153492955,2.5634226030623295,-82.51010448117154,-0.787064141553032,-1.1087446430327517,-0.9055780105192444,366.5411644221275,176.96565529010587,23.273699340716934
experiment_2026_06_25_14_18_best_matching_weekday_baseline_ercot,ERCOT_demand_SCENT,2025-09-01,Labor Day,H2,H,best_matching_weekday,True,2025-09-01,19.0,True,True,5,False,2.0,6.0,5.0,pearson,RidgeReg,minmax,2.0,{},2025-08-31 10:00:00,2025-09-02,1251.2065781484785,12.580248054008655,609.28347,6.849,,14.0,24.0,4.0,4.0,5.0,4.0,0.14945844760845786,11363.098633095848,10984.786842874173,1251.2065781484785,12.580248054008655,-12.580248054008655,-1251.2065781484785,1160.7101214044287,10.705946375593685,-10.705946375593685,-1160.7101214044287,1303.9961779158407,13.673590699750719,-13.673590699750719,-1303.9961779158407,1208.8013683459935,11.08368604211324,-10.910231056582235,-1192.5665230879924,1285.4132769337627,12.994268821511264,-12.994268821511264,-1285.4132769337627,1257.1878369277426,12.290369902785676,-12.22646543443215,-1251.206578148479,-1160.7101214044287,-1303.9961779158407,hourly_window_mean_factor_top_available_analogs,4.0,9329.538431368419,,9329.538431368419,0.0,31.85640168356362,-18.58290098207787,5.74417706382902e-13,31.85640168356362,-18.58290098207787,5.74417706382902e-13,1192.5665230879924,1285.4132769337627,1251.2065781484791,1160.7101214044287,10.705946375593685,1208.8013683459935,11.08368604211324,1303.9961779158407,13.673590699750719,1285.4132769337627,12.994268821511264,1257.1878369277426,12.290369902785676,18.582900982077945,0.6793218782394543,-0.37773966651955426,0.2898781512229789,1192.5665230879924,1285.4132769337627,1251.2065781484791
experiment_2026_06_25_14_18_best_matching_weekday_baseline_ercot,ERCOT_demand_SCENT,2025-11-11,Veterans Day,H2,L,best_matching_weekday,True,2025-11-11,19.0,True,True,5,False,2.0,6.0,5.0,pearson,RidgeReg,minmax,2.0,{},2025-11-10 10:00:00,2025-11-12,353.6977410808457,4.824763883867877,643.008505,7.217,,14.0,24.0,4.0,4.0,5.0,4.0,0.062494973587300245,6835.012942843284,6735.9847292167715,353.6977410808457,4.824763883867877,3.477305645595293,261.28803036724133,386.5678512734142,5.2538608927586035,2.7894666942683153,217.32132308269334,334.52351013518074,4.574457295348284,3.878545033869363,286.93527628322767,420.0452562977917,5.7743239139731015,1.4431119506755086,121.3970675301014,421.60733733053166,6.0311117684725986,4.8839899057472165,342.89109202224154,421.03183379215375,5.93650571681489,3.616298027562903,261.2880303672426,217.32132308269334,286.93527628322767,hourly_window_mean_factor_top_available_analogs,4.0,5720.229612460527,,5720.229612460527,0.0,95.92425555259193,-55.95581573901393,-1.2445716971629545e-12,95.92425555259193,-55.95581573901393,-1.2445716971629545e-12,-121.39706753010141,-342.8910920222416,-261.2880303672426,386.5678512734142,5.2538608927586035,420.0452562977917,5.7743239139731015,334.52351013518074,4.574457295348284,421.60733733053166,6.0311117684725986,421.03183379215375,5.93650571681489,-87.08382719535092,-1.4566544731243143,-0.5204630212144981,-1.111741832947013,121.39706753010141,342.8910920222416,261.2880303672426
experiment_2026_06_25_14_18_best_matching_weekday_baseline_ercot,ERCOT_demand_SCENT,2025-11-27,Thanksgiving Day,H1,F,best_matching_weekday,True,2025-11-27,19.0,True,True,6,False,2.0,6.0,6.0,pearson,RidgeReg,minmax,2.0,{},2025-11-26 10:00:00,2025-11-28,610.1684146448246,8.794116728430772,593.594232,6.707,,14.0,24.0,4.0,4.0,6.0,4.0,0.12576319928693266,7368.597339118898,7073.1767693403135,610.1684146448246,8.794116728430772,-7.485681448044532,-522.1488567241612,687.6118877393286,9.549658767430758,-9.549658767430758,-687.6118877393286,564.993055339697,8.353383872347449,-6.281694678402567,-425.6287552986469,933.3758791952356,12.888042234156785,-12.888042234156785,-933.3758791952356,723.0510720758269,10.890415243132395,-3.91226673146936,-282.2664269493684,800.5391589092933,11.626383081930854,-7.2191313903542,-522.1488567241615,-687.6118877393286,-425.6287552986469,hourly_window_mean_factor_top_available_analogs,4.0,7652.044182394738,,7652.044182394738,0.0,245.76399145590682,-143.36232834927853,2.87208853191451e-13,245.76399145590682,-143.36232834927853,2.87208853191451e-13,933.3758791952355,282.2664269493684,522.1488567241615,687.6118877393286,9.549658767430758,933.3758791952356,12.888042234156785,564.993055339697,8.353383872347449,723.0510720758269,10.890415243132395,800.5391589092933,11.626383081930854,-158.05801673612996,-2.5370313707849466,-3.338383466726027,-2.8322663535000814,933.3758791952355,282.2664269493684,522.1488567241615
experiment_2026_06_25_14_18_best_matching_weekday_baseline_ercot,ERCOT_demand_SCENT,2025-11-28,Day after Thanksgiving,H2,L,best_matching_weekday,True,2025-11-28,19.0,True,True,6,False,2.0,6.0,6.0,pearson,RidgeReg,minmax,2.0,{},2025-11-27 10:00:00,2025-11-29,140.6432900216834,2.0578000000341974,618.838321,7.109,,14.0,24.0,4.0,4.0,6.0,4.0,0.06377549225591628,6789.046952307865,6682.973608809824,140.6432900216834,2.0578000000341974,-0.10425851025620209,0.3257627447667226,190.41889658381348,2.7544201365645997,-0.8521902369416642,-51.387193447365334,111.60751952710753,1.6514382537247958,0.3320349969769842,30.491653856843755,187.64241731065653,2.767823862351453,-2.4445924029064763,-163.74136375638227,122.29976499395434,1.9085229413739995,1.5232435073177844,96.03158653710427,146.37337374221303,2.2251074912077975,0.061409224603582925,0.3257627447671295,-51.387193447365334,30.491653856843755,hourly_window_mean_factor_top_available_analogs,4.0,5795.107731164475,,5795.107731164475,0.0,112.35417030901694,-65.53993268026052,-4.0687920868788895e-13,112.35417030901694,-65.53993268026052,-4.0687920868788895e-13,163.74136375638227,-96.03158653710427,-0.3257627447671295,190.41889658381348,2.7544201365645997,187.64241731065653,2.767823862351453,111.60751952710753,1.6514382537247958,122.29976499395434,1.9085229413739995,146.37337374221303,2.2251074912077975,-10.692245466846813,-0.25708468764920367,-0.013403725786853116,-0.1673074911736001,163.74136375638227,96.03158653710427,0.3257627447671295
experiment_2026_06_25_14_18_best_matching_weekday_baseline_ercot,ERCOT_demand_SCENT,2025-12-24,Christmas Eve,H1,H,best_matching_weekday,True,2025-12-24,19.0,True,True,6,False,2.0,6.0,6.0,pearson,RidgeReg,minmax,2.0,{},2025-12-23 10:00:00,2025-12-25,240.8688142224703,3.18306459052955,561.912924,6.555,,14.0,24.0,4.0,4.0,6.0,4.0,0.13511563568913254,7636.694912142335,7429.442282674536,240.8688142224703,3.18306459052955,0.38424524712284197,46.498436436613154,198.59192886766272,2.478312764376421,1.9851501226133497,157.170809770011,265.53033067944136,3.594169822452208,-0.5496159302466211,-18.06044800786894,533.6757492827486,6.532186697662719,-1.873767568002629,-169.53386038558457,509.154552152491,7.061701174603982,2.860727939783743,172.51727624956092,518.1886774110071,6.866616893625622,1.116440121125606,46.49843643661258,157.170809770011,-18.06044800786894,hourly_window_mean_factor_top_available_analogs,4.0,6827.677579875,,6827.677579875,0.0,326.7046701555956,-190.57772425742985,5.74417706382902e-13,326.7046701555956,-190.57772425742985,5.74417706382902e-13,169.53386038558457,-172.51727624956092,-46.49843643661258,198.59192886766272,2.478312764376421,533.6757492827486,6.532186697662719,265.53033067944136,3.594169822452208,509.154552152491,7.061701174603982,518.1886774110071,6.866616893625622,-243.62422147304966,-3.467531352151774,-4.053873933286297,-3.683552303096072,169.53386038558457,172.51727624956092,46.49843643661258
experiment_2026_06_25_14_18_best_matching_weekday_baseline_ercot,ERCOT_demand_SCENT,2025-12-25,Christmas Day,H2,H,best_matching_weekday,True,2025-12-25,19.0,True,True,6,False,2.0,6.0,6.0,pearson,RidgeReg,minmax,2.0,{},2025-12-24 10:00:00,2025-12-26,194.0398300895723,2.6999587830732645,555.593414,6.53,,14.0,24.0,4.0,4.0,6.0,4.0,0.13441934453290164,7445.860672277103,7191.457935321498,194.0398300895723,2.6999587830732645,-0.9136754434734128,-50.37977640868154,248.48524315362334,3.1267141235712477,1.2960087913146363,109.95308444186114,162.2800058022092,2.4510181677827725,-2.202657913766442,-143.9072785714981,394.3478931708996,4.926967941035975,-3.209253938713536,-266.06179806622004,444.9317426353088,6.478670523237764,1.6613791403466596,75.43473622488231,426.2955875694739,5.906990624531842,-0.13306462562288632,-50.379776408681714,109.95308444186114,-143.9072785714981,hourly_window_mean_factor_top_available_analogs,4.0,7495.774850447368,,7495.774850447368,0.0,376.01488250808114,-219.34201479638043,1.6753849769501309e-13,376.01488250808114,-219.34201479638043,1.6753849769501309e-13,266.06179806622004,-75.43473622488233,50.379776408681714,248.48524315362334,3.1267141235712477,394.3478931708996,4.926967941035975,162.2800058022092,2.4510181677827725,444.9317426353088,6.478670523237764,426.2955875694739,5.906990624531842,-282.6517368330996,-4.0276523554549915,-1.8002538174647271,-3.2070318414585772,266.06179806622004,75.43473622488233,50.379776408681714
experiment_2026_06_25_14_18_best_matching_weekday_baseline_ercot,ERCOT_demand_SCENT,2026-01-01,New Year's Day,H2,I,best_matching_weekday,True,2026-01-01,19.0,True,True,6,False,2.0,6.0,6.0,pearson,RidgeReg,minmax,2.0,{},2025-12-31 10:00:00,2026-01-02,2068.198031323809,28.444153655197983,510.963929,6.006,,14.0,24.0,4.0,4.0,6.0,4.0,0.06773458206538345,9428.172194902758,9604.485813804427,2068.198031323809,28.444153655197983,-28.444153655197983,-2068.198031323809,1533.1487087141793,20.562743352477295,-20.562743352477295,-1533.1487087141793,2380.3101361794265,33.04164299845173,-33.04164299845173,-2380.3101361794265,1582.9734026632443,21.12972870347595,-21.12972870347595,-1582.9734026632443,2351.2457313758073,32.58252209485337,-32.58252209485337,-2351.2457313758073,2068.1980313238105,28.36307189803011,-28.36307189803011,-2068.1980313238105,-1533.1487087141793,-2380.3101361794265,hourly_window_mean_factor_top_available_analogs,4.0,7027.183015111843,,7027.183015111843,0.0,49.82469394906483,-29.06440480361918,1.2445716971629545e-12,49.82469394906483,-29.06440480361918,1.2445716971629545e-12,1582.973402663244,2351.2457313758073,2068.1980313238105,1533.1487087141793,20.562743352477295,1582.9734026632443,21.12972870347595,2380.3101361794265,33.04164299845173,2351.2457313758073,32.58252209485337,2068.1980313238105,28.36307189803011,29.064404803619254,0.459120903598361,-0.5669853509986567,0.08108175716787258,1582.973402663244,2351.2457313758073,2068.1980313238105
experiment_2026_06_25_14_18_best_matching_weekday_baseline_ercot,ERCOT_demand_SCENT,2026-01-19,Martin Luther King Jr. Day,H2,J,best_matching_weekday,True,2026-01-19,19.0,True,True,3,False,2.0,6.0,3.0,euclidian,PLS,minmax,3.0,{},2026-01-18 10:00:00,2026-01-20,2152.925786078197,26.79049852464407,546.039621,6.434,,14.0,24.0,3.0,4.0,3.0,3.0,0.057194626945157756,10353.14246294662,10706.752341890862,2152.925786078197,26.79049852464407,-26.79049852464407,-2152.925786078197,1693.9419983279133,21.371417426841766,-21.371417426841766,-1693.9419983279133,2420.6663289325284,29.951629165028752,-29.951629165028752,-2420.6663289325284,1671.0245227209011,20.993351403613875,-20.993351403613875,-1671.0245227209011,2434.0348563699563,30.0335209678024,-30.0335209678024,-2434.0348563699563,2152.9257860781986,26.702932180996097,-26.702932180996097,-2152.9257860781986,-1693.9419983279133,-2420.6663289325284,hourly_window_mean_factor_top_available_analogs,3.0,10509.53274363158,,10509.53274363158,0.0,-22.91747560701242,13.368527437427625,2.3455389677301834e-12,-22.91747560701242,13.368527437427625,2.3455389677301834e-12,1671.024522720901,2434.034856369956,2152.925786078199,1693.9419983279133,21.371417426841766,1671.0245227209011,20.993351403613875,2420.6663289325284,29.951629165028752,2434.0348563699563,30.0335209678024,2152.9257860781986,26.702932180996097,-13.368527437427929,-0.08189180277364727,0.3780660232278912,0.08756634364797478,1671.024522720901,2434.034856369956,2152.925786078199
experiment_2026_06_25_14_18_best_matching_weekday_baseline_ercot,ERCOT_demand_SCENT,2026-02-16,Presidents' Day,H2,F,best_matching_weekday,True,2026-02-16,19.0,True,True,3,False,2.0,6.0,3.0,euclidian,PLS,minmax,3.0,{},2026-02-15 10:00:00,2026-02-17,541.9011592264251,7.439202102510854,618.435944,7.244,,14.0,24.0,3.0,4.0,3.0,3.0,0.07067815943576121,6550.519323185156,6251.682130538091,541.9011592264251,7.439202102510854,4.022792390278585,323.9290944727385,263.2207968421297,4.009816779134519,-3.6106603288975876,-233.79185572298326,704.4647039505976,9.439676874480384,8.47563980979802,649.2663154202429,280.90056455609977,4.275701734761669,-3.972556467465189,-258.56483235782116,705.138531945407,9.453286589328668,8.737402426837988,663.7172184572318,548.8403334335568,7.545755327119771,4.054785992094714,323.9290944727386,-233.79185572298326,649.2663154202429,hourly_window_mean_factor_top_available_analogs,3.0,6659.924141096492,,6659.924141096492,0.0,24.772976634837896,-14.450903036988885,-7.180221329786275e-14,24.772976634837896,-14.450903036988885,-7.180221329786275e-14,258.56483235782116,-663.7172184572318,-323.92909447273854,263.2207968421297,4.009816779134519,280.90056455609977,4.275701734761669,704.4647039505976,9.439676874480384,705.138531945407,9.453286589328668,548.8403334335568,7.545755327119771,-0.6738279948093577,-0.013609714848284327,-0.26588495562714964,-0.10655322460891714,258.56483235782116,663.7172184572318,323.92909447273854
experiment_2026_06_25_14_18_best_matching_weekday_baseline_ercot,ERCOT_demand_SCENT,2026-03-02,Texas Independence Day,H2,G,best_matching_weekday,True,2026-03-02,19.0,True,True,6,False,2.0,6.0,6.0,euclidian,PLS,minmax,6.0,{},2026-03-01 10:00:00,2026-03-03,602.5423696129812,7.248818703863118,634.518299,7.278,,14.0,24.0,4.0,4.0,6.0,4.0,0.1291626975589992,7576.679170408989,7244.663186823939,602.5423696129812,7.248818703863118,6.17212682529497,521.1149750910103,121.57672108465249,1.5642096951560482,-1.1214161707452404,-83.00782198336323,883.1056645878394,10.564840625608907,10.426693572985092,873.5199400510613,210.1421157429502,2.613218732596527,-1.9103050354428912,-161.57606939897136,922.6640745587792,11.24997337391205,11.202232196055958,919.3514177101671,660.155984468737,8.068011137637912,6.3712974265563815,521.1149750910108,-83.00782198336323,873.5199400510613,hourly_window_mean_factor_top_available_analogs,4.0,8116.795311822368,,8116.795311822368,0.0,78.56824741560811,-45.83147765910572,-6.222858485814772e-13,78.56824741560811,-45.83147765910572,-6.222858485814772e-13,161.57606939897136,-919.3514177101671,-521.1149750910108,121.57672108465249,1.5642096951560482,210.1421157429502,2.613218732596527,883.1056645878394,10.564840625608907,922.6640745587792,11.24997337391205,660.155984468737,8.068011137637912,-39.558409970939806,-0.6851327483031433,-1.0490090374404786,-0.819192433774794,161.57606939897136,919.3514177101671,521.1149750910108
experiment_2026_06_25_14_18_best_matching_weekday_baseline_ercot,ERCOT_demand_SOUTH,2025-01-01,New Year's Day,H2,I,best_matching_weekday,True,2025-01-01,19.0,True,True,6,False,2.0,7.0,6.0,pearson,PLS,standard,2.0,{},2024-12-31 10:00:00,2025-01-02,388.87432321674726,11.320449525900903,335.709971,8.614,,14.0,24.0,4.0,4.0,6.0,4.0,0.13381980897864687,3756.4585682789707,3584.0109907494,388.87432321674726,11.320449525900903,-11.07360616676485,-381.3985890421277,456.64529554394613,12.835788372481693,-12.835788372481693,-456.64529554394613,349.3412560258812,10.436501865395442,-10.045666546763359,-337.50467691606684,565.3784363669445,15.73996985751315,-15.73996985751315,-565.3784363669445,386.5523333888261,11.615088152773195,-7.8886655774633425,-274.07701143598587,452.4356344860276,13.13478141241423,-10.781251364850112,-381.3985890421286,-456.64529554394613,-337.50467691606684,hourly_window_mean_factor_top_available_analogs,4.0,4457.498793901316,,4457.498793901316,0.0,108.7331408229984,-63.427665480080975,8.975276662232844e-13,108.7331408229984,-63.427665480080975,8.975276662232844e-13,565.3784363669445,274.07701143598587,381.3985890421286,456.64529554394613,12.835788372481693,565.3784363669445,15.73996985751315,349.3412560258812,10.436501865395442,386.5523333888261,11.615088152773195,452.4356344860276,13.13478141241423,-37.211077362944934,-1.1785862873777528,-2.904181485031458,-1.814331886513326,565.3784363669445,274.07701143598587,381.3985890421286
experiment_2026_06_25_14_18_best_matching_weekday_baseline_ercot,ERCOT_demand_SOUTH,2025-01-20,Martin Luther King Jr. Day,H2,J,best_matching_weekday,True,2025-01-20,19.0,True,True,6,False,2.0,7.0,6.0,pearson,PLS,standard,2.0,{},2025-01-19 10:00:00,2025-01-21,1698.620357016618,30.874901304925558,343.315382,8.826,,14.0,24.0,4.0,4.0,6.0,4.0,0.06690372440165744,3567.984879220224,3587.33082320888,1698.620357016618,30.874901304925558,30.874901304925558,1698.620357016618,887.1331674031846,19.746419073038535,19.746419073038535,887.1331674031846,2171.9878842911207,37.36651594019299,37.36651594019299,2171.9878842911207,923.6126637980315,20.654172440024986,20.654172440024986,923.6126637980315,2150.7081780607937,37.02368520847853,37.02368520847853,2150.7081780607937,1698.6203570166183,30.9928120832588,30.9928120832588,1698.6203570166183,887.1331674031846,2171.9878842911207,hourly_window_mean_factor_top_available_analogs,4.0,3112.5410489342107,,3112.5410489342107,0.0,-36.479496394846784,21.27970623032665,-4.0687920868788895e-13,-36.479496394846784,21.27970623032665,-4.0687920868788895e-13,-923.6126637980315,-2150.708178060794,-1698.6203570166185,887.1331674031846,19.746419073038535,923.6126637980315,20.654172440024986,2171.9878842911207,37.36651594019299,2150.7081780607937,37.02368520847853,1698.6203570166183,30.9928120832588,21.279706230327065,0.3428307317144572,-0.9077533669864515,-0.11791077833324337,923.6126637980315,2150.708178060794,1698.6203570166185
experiment_2026_06_25_14_18_best_matching_weekday_baseline_ercot,ERCOT_demand_SOUTH,2025-02-17,Presidents' Day,H2,F,best_matching_weekday,True,2025-02-17,19.0,True,True,6,False,2.0,8.0,6.0,pearson,PLS,standard,2.0,{},2025-02-16 10:00:00,2025-02-18,310.5659667569479,8.42965006401217,424.372751,10.19,,14.0,24.0,4.0,4.0,6.0,4.0,0.07843600232556083,3607.1074044674247,3530.525108426415,310.5659667569479,8.42965006401217,0.29281340870149986,34.259435322048866,274.26436209555555,8.087909267842576,-6.618710064341848,-218.2152201091555,331.7419028094269,8.628998861777767,4.324535434643454,181.53631765691807,353.90822187635877,10.480833524048393,-10.048218157509243,-337.54066130790903,425.38204926867314,11.140397619753747,6.155391543544951,251.14282502285792,399.0495865451889,10.897400321335983,0.1856406010513001,34.25943532204904,-218.2152201091555,181.53631765691807,hourly_window_mean_factor_top_available_analogs,4.0,3546.1330205197373,,3546.1330205197373,0.0,119.32544119875352,-69.60650736593983,-1.795055332446569e-13,119.32544119875352,-69.60650736593983,-1.795055332446569e-13,337.54066130790903,-251.1428250228579,-34.25943532204904,274.26436209555555,8.087909267842576,353.90822187635877,10.480833524048393,331.7419028094269,8.628998861777767,425.38204926867314,11.140397619753747,399.0495865451889,10.897400321335983,-93.64014645924624,-2.5113987579759804,-2.3929242562058164,-2.4677502573238126,337.54066130790903,251.1428250228579,34.25943532204904
experiment_2026_06_25_14_18_best_matching_weekday_baseline_ercot,ERCOT_demand_SOUTH,2025-03-02,Texas Independence Day,H2,G,best_matching_weekday,True,2025-03-02,19.0,True,True,6,False,2.0,8.0,6.0,pearson,PLS,standard,2.0,{},2025-03-01 10:00:00,2025-03-03,212.36826491832858,5.426745776171763,434.997836,10.467,,14.0,24.0,4.0,4.0,6.0,4.0,0.1162964412074361,3558.922160327139,3440.8955866733727,212.36826491832858,5.426745776171763,4.213295030561293,174.99036001496677,155.2989706681899,3.8197446242928663,3.7769109766602833,153.80653890926405,245.65868656424277,6.364163114767787,4.467852395336882,187.34758899329327,80.1038574785838,2.090595396298118,-1.1876824385840334,-46.50335694604717,325.9770966971599,8.966864868513808,8.251515976990454,304.1950282422243,235.39221909031608,6.433502431381711,4.773916560726169,174.99036001496637,153.80653890926405,187.34758899329327,hourly_window_mean_factor_top_available_analogs,4.0,3267.5202260592105,,3267.5202260592105,0.0,200.30989585531123,-116.847439248931,3.4704403093967e-13,200.30989585531123,-116.847439248931,3.4704403093967e-13,46.50335694604718,-304.1950282422243,-174.99036001496643,155.2989706681899,3.8197446242928663,80.1038574785838,2.090595396298118,245.65868656424277,6.364163114767787,325.9770966971599,8.966864868513808,235.39221909031608,6.433502431381711,-80.31841013291711,-2.602701753746021,1.7291492279947485,-1.0067566552099478,46.50335694604718,304.1950282422243,174.99036001496643
experiment_2026_06_25_14_18_best_matching_weekday_baseline_ercot,ERCOT_demand_SOUTH,2025-04-21,San Jacinto Day,H2,F,best_matching_weekday,True,2025-04-21,19.0,True,True,6,False,2.0,8.0,6.0,pearson,PLS,standard,2.0,{},2025-04-20 10:00:00,2025-04-22,339.95631559624223,8.62891494166454,435.546096,10.411,,14.0,24.0,4.0,4.0,6.0,4.0,0.12513162627886815,4298.350969616756,4150.888628073288,339.95631559624223,8.62891494166454,-7.572918147431689,-292.4832076167564,586.6331203341314,14.680779205591422,-14.680779205591422,-586.6331203341314,196.06151283247377,5.09866078770719,-3.426665863505178,-120.89575853162101,642.8829106180325,16.03446898868819,-16.03446898868819,-642.8829106180325,178.8485450498603,4.48613184936341,-2.0841553859120237,-88.0833808660111,349.80857446971316,8.740782374377803,-7.223744607987455,-292.4832076167557,-586.6331203341314,-120.89575853162101,hourly_window_mean_factor_top_available_analogs,4.0,4448.392254960527,,4448.392254960527,0.0,56.249790283901085,-32.812377665609915,-5.983517774821897e-13,56.249790283901085,-32.812377665609915,-5.983517774821897e-13,642.8829106180325,88.0833808660111,292.48320761675575,586.6331203341314,14.680779205591422,642.8829106180325,16.03446898868819,196.06151283247377,5.09866078770719,178.8485450498603,4.48613184936341,349.80857446971316,8.740782374377803,17.212967782613475,0.6125289383437797,-1.3536897830967671,-0.11186743271326272,642.8829106180325,88.0833808660111,292.48320761675575
experiment_2026_06_25_14_18_best_matching_weekday_baseline_ercot,ERCOT_demand_SOUTH,2025-05-26,Memorial Day,H2,H,best_matching_weekday,True,2025-05-26,19.0,True,True,5,False,2.0,8.0,5.0,euclidian,PCR,standard,5.0,{},2025-05-25 10:00:00,2025-05-27,139.350105226676,2.764828120749691,422.758734,10.391,,14.0,24.0,4.0,4.0,5.0,4.0,0.10998519679196207,5368.553118286939,5306.8055621962385,139.350105226676,2.764828120749691,-0.3749901757654292,-5.6890187343070995,135.1169274861481,2.3942737117549777,2.3942737117549777,135.1169274861481,141.81945890865063,2.9809848593299413,-1.9903941101523337,-87.82582069623929,296.2265931866874,5.253113284735333,-4.954515021128076,-279.9865503588004,156.90088736704124,2.8684149690362344,2.809328510838522,154.31787471331336,208.23141056375297,3.74698803271485,-0.05103489567548814,-5.689018734307506,135.1169274861481,-87.82582069623929,hourly_window_mean_factor_top_available_analogs,4.0,4910.4414607960525,,4910.4414607960525,0.0,415.1034778449485,-242.14369540955263,4.0687920868788895e-13,415.1034778449485,-242.14369540955263,4.0687920868788895e-13,279.9865503588004,-154.31787471331336,5.689018734307506,135.1169274861481,2.3942737117549777,296.2265931866874,5.253113284735333,141.81945890865063,2.9809848593299413,156.90088736704124,2.8684149690362344,208.23141056375297,3.74698803271485,-15.081428458390604,0.1125698902937069,-2.8588395729803553,-0.9821599119651587,279.9865503588004,154.31787471331336,5.689018734307506
experiment_2026_06_25_14_18_best_matching_weekday_baseline_ercot,ERCOT_demand_SOUTH,2025-06-19,Juneteenth National Independence Day,H2,G,best_matching_weekday,True,2025-06-19,19.0,True,True,5,False,2.0,8.0,5.0,euclidian,PCR,standard,5.0,{},2025-06-18 10:00:00,2025-06-20,430.7914901722355,8.314178679701142,366.814225,9.33,,14.0,24.0,4.0,4.0,5.0,4.0,0.13407333922409556,4776.929271588302,4510.910336962222,430.7914901722355,8.314178679701142,8.173083417932986,423.5997253064355,389.0736635455913,6.791862427991894,6.408889574621187,369.5531589098484,455.1268890377781,9.202196493198203,9.202196493198203,455.1268890377781,545.5090971567083,9.87048125581982,9.87048125581982,545.5090971567083,368.78956687436204,8.055669585718439,7.764560274151144,352.48592506044184,433.8967622415422,8.724284411545261,8.540425898976444,423.5997253064347,369.5531589098484,455.1268890377781,hourly_window_mean_factor_top_available_analogs,4.0,4804.66445881579,,4804.66445881579,0.0,-175.9559382468599,102.64096397733618,7.898243462764903e-13,-175.9559382468599,102.64096397733618,7.898243462764903e-13,-545.5090971567083,-352.4859250604419,-423.5997253064347,389.0736635455913,6.791862427991894,545.5090971567083,9.87048125581982,455.1268890377781,9.202196493198203,368.78956687436204,8.055669585718439,433.8967622415422,8.724284411545261,86.33732216341605,1.146526907479764,-3.078618827827926,-0.41010573184411925,545.5090971567083,352.4859250604419,423.5997253064347
experiment_2026_06_25_14_18_best_matching_weekday_baseline_ercot,ERCOT_demand_SOUTH,2025-07-04,Independence Day,H2,I,best_matching_weekday,True,2025-07-04,19.0,True,True,5,False,2.0,8.0,5.0,euclidian,PCR,standard,5.0,{},2025-07-03 10:00:00,2025-07-05,604.256733154659,11.982387598831547,350.616184,8.626,,14.0,24.0,4.0,4.0,5.0,4.0,0.12122779744850452,4457.027945340033,4275.6553592028295,604.256733154659,11.982387598831547,8.267996503994501,454.0956148441772,484.09471935333113,9.350525819469913,9.350525819469913,484.09471935333113,674.3512412054337,13.517640303459165,7.636521069967174,436.5961372138374,240.13311461171367,4.548319270347446,4.548319270347446,240.13311461171367,578.9070733131153,12.42044608827633,12.42044608827633,578.9070733131153,454.095614844178,9.520188839565689,9.520188839565689,454.095614844178,484.09471935333113,436.5961372138374,hourly_window_mean_factor_top_available_analogs,4.0,4389.8718906842105,,4389.8718906842105,0.0,243.9616047416175,-142.31093609927802,-7.299891685282714e-13,243.9616047416175,-142.31093609927802,-7.299891685282714e-13,-240.13311461171364,-578.9070733131155,-454.09561484417793,484.09471935333113,9.350525819469913,240.13311461171367,4.548319270347446,674.3512412054337,13.517640303459165,578.9070733131153,12.42044608827633,454.095614844178,9.520188839565689,95.44416789231832,1.097194215182835,4.8022065491224675,2.462198759265858,240.13311461171364,578.9070733131155,454.09561484417793
experiment_2026_06_25_14_18_best_matching_weekday_baseline_ercot,ERCOT_demand_SOUTH,2025-08-27,Lyndon B. Johnson Day,H2,I,best_matching_weekday,True,2025-08-27,19.0,True,True,9,False,2.0,9.0,9.0,pearson,RidgeReg,standard,2.0,{},2025-08-26 10:00:00,2025-08-28,195.5291162676185,3.600389897575666,319.359317,7.817,,14.0,24.0,4.0,4.0,9.0,4.0,0.14624302166224692,5212.011391257346,4969.794975708711,195.5291162676185,3.600389897575666,2.2484336892054917,121.84532995318064,135.16048144132532,2.4571042897973614,-1.2124911329216839,-64.8383671264346,230.74415324962283,4.267306502113011,4.267306502113011,230.74415324962283,161.54392342851756,2.867273518086993,-1.1096226189948235,-68.49331941554308,238.6826548529742,5.135320385130221,5.041955327172413,232.876208751602,210.26312222291125,4.2997241709564,2.775584504900273,121.84532995318015,-64.8383671264346,230.74415324962283,hourly_window_mean_factor_top_available_analogs,4.0,4400.7297965986845,,4400.7297965986845,0.0,3.654952289108483,-2.1320555019791905,4.786814219857517e-13,3.654952289108483,-2.1320555019791905,4.786814219857517e-13,68.49331941554308,-232.876208751602,-121.84532995318015,135.16048144132532,2.4571042897973614,161.54392342851756,2.867273518086993,230.74415324962283,4.267306502113011,238.6826548529742,5.135320385130221,210.26312222291125,4.2997241709564,-7.938501603351369,-0.8680138830172099,-0.4101692282896314,-0.6993342733807335,68.49331941554308,232.876208751602,121.84532995318015
experiment_2026_06_25_14_18_best_matching_weekday_baseline_ercot,ERCOT_demand_SOUTH,2025-09-01,Labor Day,H2,I,best_matching_weekday,True,2025-09-01,19.0,True,True,9,False,2.0,9.0,9.0,pearson,RidgeReg,standard,2.0,{},2025-08-31 10:00:00,2025-09-02,373.3113936824049,7.131780975809882,288.396703,6.832,,14.0,24.0,4.0,4.0,9.0,4.0,0.13351510561593374,5797.536634656089,5629.6226572405385,373.3113936824049,7.131780975809882,-7.131780975809882,-373.3113936824049,252.17286729703457,4.304515256554533,-4.304515256554533,-252.17286729703457,443.9755340738709,8.78101931204217,-8.78101931204217,-443.9755340738709,337.00342392115266,5.7458915373298725,-5.7458915373298725,-337.00342392115266,394.49104270980115,7.345754870824464,-7.345754870824464,-394.49104270980115,373.31139368240434,6.756331537431718,-6.756331537431718,-373.31139368240434,-252.17286729703457,-443.9755340738709,hourly_window_mean_factor_top_available_analogs,4.0,4536.997392907894,,4536.997392907894,0.0,84.83055662411809,-49.48449136406979,-5.74417706382902e-13,84.83055662411809,-49.48449136406979,-5.74417706382902e-13,337.00342392115266,394.4910427098011,373.31139368240434,252.17286729703457,4.304515256554533,337.00342392115266,5.7458915373298725,443.9755340738709,8.78101931204217,394.49104270980115,7.345754870824464,373.31139368240434,6.756331537431718,49.484491364069754,1.435264441217706,-1.4413762807753399,0.3754494383781637,337.00342392115266,394.4910427098011,373.31139368240434
experiment_2026_06_25_14_18_best_matching_weekday_baseline_ercot,ERCOT_demand_SOUTH,2025-11-11,Veterans Day,H2,L,best_matching_weekday,True,2025-11-11,19.0,True,True,9,False,2.0,9.0,9.0,pearson,RidgeReg,standard,2.0,{},2025-11-10 10:00:00,2025-11-12,284.55723630419783,7.623745649900033,301.131827,7.076,,14.0,24.0,4.0,4.0,9.0,4.0,0.083016069162377,3951.895262402041,3976.4654275890075,284.55723630419783,7.623745649900033,-5.580545521016241,-204.9888842178308,247.25577715416475,6.837249832058554,-5.541104735811952,-195.38050279581398,306.3164208083838,8.082534876974231,-5.60355264571874,-210.59377338067392,429.29332839886854,12.097353616158504,-11.401582955222725,-401.5890779176064,331.11468789300875,8.845657875382598,-2.3811256243466423,-90.3054378929616,367.28576597411495,10.04365104303688,-5.7044520094062525,-204.98888421783073,-195.38050279581398,-210.59377338067392,hourly_window_mean_factor_top_available_analogs,4.0,2900.0725439276316,,2900.0725439276316,0.0,206.20857512179236,-120.28833548771229,-4.786814219857517e-14,206.20857512179236,-120.28833548771229,-4.786814219857517e-14,401.58907791760635,90.30543789296163,204.98888421783073,247.25577715416475,6.837249832058554,429.29332839886854,12.097353616158504,306.3164208083838,8.082534876974231,331.11468789300875,8.845657875382598,367.28576597411495,10.04365104303688,-24.798267084624968,-0.7631229984083667,-5.260103784099949,-2.4199053931368466,401.58907791760635,90.30543789296163,204.98888421783073
experiment_2026_06_25_14_18_best_matching_weekday_baseline_ercot,ERCOT_demand_SOUTH,2025-11-27,Thanksgiving Day,H1,F,best_matching_weekday,True,2025-11-27,19.0,True,True,9,False,2.0,9.0,9.0,pearson,RidgeReg,standard,2.0,{},2025-11-26 10:00:00,2025-11-28,676.1593287236341,17.261139564658826,287.652172,6.812,,14.0,24.0,4.0,4.0,9.0,4.0,0.10998545661859363,4523.968442749949,4361.005556869907,676.1593287236341,17.261139564658826,-17.261139564658826,-676.1593287236341,790.9962707585955,19.63867730806731,-19.63867730806731,-790.9962707585955,609.1711125365733,15.874242547670542,-15.874242547670542,-609.1711125365733,760.9643733062057,18.880652261917827,-18.880652261917827,-760.9643733062057,626.689719383799,16.17369544276268,-16.17369544276268,-626.689719383799,676.159328723633,17.17099532350405,-17.17099532350405,-676.159328723633,-790.9962707585955,-609.1711125365733,hourly_window_mean_factor_top_available_analogs,4.0,3714.0145180460527,,3714.0145180460527,0.0,-30.031897452389654,17.518606847225538,-1.1129343061168726e-12,-30.031897452389654,17.518606847225538,-1.1129343061168726e-12,760.9643733062059,626.6897193837989,676.1593287236329,790.9962707585955,19.63867730806731,760.9643733062057,18.880652261917827,609.1711125365733,15.874242547670542,626.689719383799,16.17369544276268,676.159328723633,17.17099532350405,-17.51860684722567,-0.299452895092136,0.7580250461494842,0.09014424115477482,760.9643733062059,626.6897193837989,676.1593287236329
experiment_2026_06_25_14_18_best_matching_weekday_baseline_ercot,ERCOT_demand_SOUTH,2025-11-28,Day after Thanksgiving,H2,L,best_matching_weekday,True,2025-11-28,19.0,True,True,9,False,2.0,9.0,9.0,pearson,RidgeReg,standard,2.0,{},2025-11-27 10:00:00,2025-11-29,84.78600289092986,2.213025579468676,317.1339,7.601,,14.0,24.0,4.0,4.0,9.0,4.0,0.07458973564210056,3866.323227990665,3777.6860735906207,84.78600289092986,2.213025579468676,-1.7454740546927965,-66.7371727538233,77.53675281186322,1.9701846176551883,-1.2588578210065684,-47.44337553359992,89.01473210371874,2.354682807193211,-2.029333524343096,-77.99188779895361,63.744185923868535,1.5931440716401717,-0.3453842917650984,-11.105499796968843,160.06277730573888,4.236244446137142,-2.4390706828811504,-99.18898197865467,124.57698048083928,3.2624706239540475,-1.6677125387857628,-66.73717275382305,-47.44337553359992,-77.99188779895361,hourly_window_mean_factor_top_available_analogs,4.0,3175.6741482828947,,3175.6741482828947,0.0,-36.33787573663108,21.197094179701043,-2.6327478209216345e-13,-36.33787573663108,21.197094179701043,-2.6327478209216345e-13,11.105499796968843,99.18898197865465,66.73717275382303,77.53675281186322,1.9701846176551883,63.744185923868535,1.5931440716401717,89.01473210371874,2.354682807193211,160.06277730573888,4.236244446137142,124.57698048083928,3.2624706239540475,-71.04804520202013,-1.8815616389439307,0.3770405460150166,-1.0494450444853713,11.105499796968843,99.18898197865465,66.73717275382303
experiment_2026_06_25_14_18_best_matching_weekday_baseline_ercot,ERCOT_demand_SOUTH,2025-12-24,Christmas Eve,H1,H,best_matching_weekday,True,2025-12-24,19.0,True,True,9,False,2.0,9.0,9.0,pearson,RidgeReg,standard,2.0,{},2025-12-23 10:00:00,2025-12-25,246.11042133890527,5.750556426541699,307.552238,7.431,,14.0,24.0,4.0,4.0,9.0,4.0,0.11790211314581697,4007.6573724546847,3879.477883548127,246.11042133890527,5.750556426541699,3.400235873826272,166.20663486110487,177.6358501340736,3.921462338694154,3.921462338694154,177.6358501340736,286.0539212083905,6.817527977786099,3.09618710265334,159.53959261853979,113.88776771267264,2.660103589592014,1.0533765061732079,39.53644705220355,240.09757774963035,6.092989070538912,6.092989070538912,240.09757774963035,193.59922668338277,4.828241788084791,4.236289704719968,166.20663486110467,177.6358501340736,159.53959261853979,hourly_window_mean_factor_top_available_analogs,4.0,4269.337724184211,,4269.337724184211,0.0,138.09940308187007,-80.55798513109058,1.795055332446569e-13,138.09940308187007,-80.55798513109058,1.795055332446569e-13,-39.53644705220353,-240.09757774963037,-166.2066348611047,177.6358501340736,3.921462338694154,113.88776771267264,2.660103589592014,286.0539212083905,6.817527977786099,240.09757774963035,6.092989070538912,193.59922668338277,4.828241788084791,45.95634345876013,0.7245389072471875,1.2613587491021399,0.9223146384569079,39.53644705220353,240.09757774963037,166.2066348611047
experiment_2026_06_25_14_18_best_matching_weekday_baseline_ercot,ERCOT_demand_SOUTH,2025-12-25,Christmas Day,H2,H,best_matching_weekday,True,2025-12-25,19.0,True,True,9,False,2.0,9.0,9.0,pearson,RidgeReg,standard,2.0,{},2025-12-24 10:00:00,2025-12-26,395.3950498022353,9.197246172501902,309.924217,7.525,,14.0,24.0,4.0,4.0,9.0,4.0,0.12747939093171512,3737.068605846732,3590.01938558321,395.3950498022353,9.197246172501902,9.17833725038182,394.74741775853,413.8360744872267,9.110965512892571,9.110965512892571,413.8360744872267,384.6377854026571,9.247576557274014,9.217637430583878,383.6123680001236,225.26722031211966,5.184875913198523,5.184875913198523,225.26722031211966,493.61086626893757,12.78834965336717,12.78834965336717,493.61086626893757,394.7474177585309,9.987069854357669,9.987069854357669,394.7474177585309,413.8360744872267,383.6123680001236,hourly_window_mean_factor_top_available_analogs,4.0,4085.6906536578945,,4085.6906536578945,0.0,188.56885417510702,-109.99849826881395,-9.573628439715034e-13,188.56885417510702,-109.99849826881395,-9.573628439715034e-13,-225.2672203121197,-493.6108662689375,-394.74741775853096,413.8360744872267,9.110965512892571,225.26722031211966,5.184875913198523,384.6377854026571,9.247576557274014,493.61086626893757,12.78834965336717,394.7474177585309,9.987069854357669,-108.9730808662805,-3.5407730960931563,3.9260895996940484,-0.7898236818557667,225.2672203121197,493.6108662689375,394.74741775853096
experiment_2026_06_25_14_18_best_matching_weekday_baseline_ercot,ERCOT_demand_SOUTH,2026-01-01,New Year's Day,H2,I,best_matching_weekday,True,2026-01-01,19.0,True,True,9,False,2.0,9.0,9.0,pearson,RidgeReg,standard,2.0,{},2025-12-31 10:00:00,2026-01-02,462.08815885322207,12.617574985907618,318.944323,7.726,,14.0,24.0,4.0,4.0,9.0,4.0,0.05231709163445888,4183.11632261638,4230.3084545234515,462.08815885322207,12.617574985907618,-12.617574985907618,-462.08815885322207,291.7189156328289,7.7020275560097415,-7.7020275560097415,-291.7189156328289,561.4702173984514,15.484977653348047,-15.484977653348047,-561.4702173984514,547.2390642697984,14.464200176270282,-14.464200176270282,-547.2390642697984,412.41679736021905,11.291730415435195,-11.291730415435195,-412.41679736021905,462.08815885322207,12.460535064163912,-12.460535064163912,-462.08815885322207,-291.7189156328289,-561.4702173984514,hourly_window_mean_factor_top_available_analogs,4.0,2942.8597913618423,,2942.8597913618423,0.0,255.52014863696965,-149.05342003823233,-2.3934071099287584e-14,255.52014863696965,-149.05342003823233,-2.3934071099287584e-14,547.2390642697985,412.41679736021905,462.08815885322207,291.7189156328289,7.7020275560097415,547.2390642697984,14.464200176270282,561.4702173984514,15.484977653348047,412.41679736021905,11.291730415435195,462.08815885322207,12.460535064163912,149.05342003823233,4.193247237912852,-6.76217262026054,0.1570399217437064,547.2390642697985,412.41679736021905,462.08815885322207
experiment_2026_06_25_14_18_best_matching_weekday_baseline_ercot,ERCOT_demand_SOUTH,2026-01-19,Martin Luther King Jr. Day,H2,J,best_matching_weekday,True,2026-01-19,19.0,True,True,9,False,2.0,9.0,9.0,pearson,RidgeReg,standard,2.0,{},2026-01-18 10:00:00,2026-01-20,127.06944833726361,3.150204446150924,325.678104,7.941,,14.0,24.0,4.0,4.0,9.0,4.0,0.06683891720226398,4242.962577399749,4371.395373115178,127.06944833726361,3.150204446150924,-2.1316913944173477,-84.76329226817057,69.12723511390696,1.7185459540673331,0.8011573192368759,35.19617032669927,160.869072717555,3.9853385665330188,-3.8425198107156437,-154.7396454485113,63.82017635893057,1.6039920975582163,1.1227373529107632,45.60552919125497,229.15717637618664,5.716684616077155,-4.151538843225413,-160.81177145283397,168.24354479088177,4.201482109254388,-2.208384455175243,-84.76329226816962,35.19617032669927,-154.7396454485113,hourly_window_mean_factor_top_available_analogs,4.0,3687.9070259736845,,3687.9070259736845,0.0,-10.409358864555704,6.072126004322645,-9.573628439715034e-13,-10.409358864555704,6.072126004322645,-9.573628439715034e-13,-45.60552919125497,160.81177145283397,84.76329226816962,69.12723511390696,1.7185459540673331,63.82017635893057,1.6039920975582163,160.869072717555,3.9853385665330188,229.15717637618664,5.716684616077155,168.24354479088177,4.201482109254388,-68.28810365863163,-1.7313460495441366,0.11455385650911687,-1.051277663103464,45.60552919125497,160.81177145283397,84.76329226816962
experiment_2026_06_25_14_18_best_matching_weekday_baseline_ercot,ERCOT_demand_SOUTH,2026-02-16,Presidents' Day,H2,F,best_matching_weekday,True,2026-02-16,19.0,True,True,9,False,2.0,9.0,9.0,pearson,RidgeReg,standard,2.0,{},2026-02-15 10:00:00,2026-02-17,214.38722903376197,6.458900607343644,291.372776,6.877,,14.0,24.0,4.0,4.0,9.0,4.0,0.1045209526362417,3742.812183292934,3685.265795005551,214.38722903376197,6.458900607343644,-4.608628028700859,-138.06282774030248,152.84255840717054,4.209537647114572,-3.8784506823042206,-139.3585341427345,250.28828689927366,7.771029000810604,-5.034564814098896,-137.30699900555044,164.09201177330098,4.604157947168202,-4.464115048095729,-158.39103400649375,128.31373294613044,3.7715393402866932,-3.723057843392269,-126.20470741835781,141.49520409298273,4.078293563874617,-3.996078918809333,-138.06282774030262,-139.3585341427345,-137.30699900555044,hourly_window_mean_factor_top_available_analogs,4.0,3623.6563850000002,,3623.6563850000002,0.0,19.03249986375925,-11.10229158719263,1.6753849769501309e-13,19.03249986375925,-11.10229158719263,1.6753849769501309e-13,158.39103400649375,126.20470741835781,138.06282774030265,152.84255840717054,4.209537647114572,164.09201177330098,4.604157947168202,250.28828689927366,7.771029000810604,128.31373294613044,3.7715393402866932,141.49520409298273,4.078293563874617,121.97455395314321,3.999489660523911,-0.3946203000536306,2.380607043469027,158.39103400649375,126.20470741835781,138.06282774030265
experiment_2026_06_25_14_18_best_matching_weekday_baseline_ercot,ERCOT_demand_SOUTH,2026-03-02,Texas Independence Day,H2,G,best_matching_weekday,True,2026-03-02,19.0,True,True,9,False,2.0,9.0,9.0,pearson,RidgeReg,standard,2.0,{},2026-03-01 10:00:00,2026-03-03,92.76999062357008,2.202306599847074,293.829684,6.991,,14.0,24.0,4.0,4.0,9.0,4.0,0.13407333922409556,4373.690451437443,4265.932959154237,92.76999062357008,2.202306599847074,-0.9028651905288643,-35.31237038481158,89.85302877071594,2.0168402994337318,-0.8575985402548554,-36.66235592293879,94.47155170440168,2.3104952750881895,-0.9292707365220357,-34.52487882090404,133.30797865846756,2.917362707126522,-2.3232121013818405,-108.3694199816645,162.31867885382945,4.001423864796382,0.6611217282117997,7.30424188001994,151.63052615027507,3.6020329119706433,-0.4383696826911205,-35.312370384811175,-36.66235592293879,-34.52487882090404,hourly_window_mean_factor_top_available_analogs,4.0,4804.664458815791,,4804.664458815791,0.0,71.70706405872572,-41.82912070092399,-4.0687920868788895e-13,71.70706405872572,-41.82912070092399,-4.0687920868788895e-13,108.3694199816645,-7.304241880019944,35.312370384811175,89.85302877071594,2.0168402994337318,133.30797865846756,2.917362707126522,94.47155170440168,2.3104952750881895,162.31867885382945,4.001423864796382,151.63052615027507,3.6020329119706433,-67.84712714942778,-1.6909285897081925,-0.9005224076927902,-1.3997263121235695,108.3694199816645,7.304241880019944,35.312370384811175
experiment_2026_06_25_14_18_best_matching_weekday_baseline_ercot,ERCOT_demand_WEST,2025-01-01,New Year's Day,H2,K,best_matching_weekday,True,2025-01-01,19.0,True,True,2,False,2.0,2.0,2.0,euclidian,RidgeReg,standard,2.0,{},2024-12-31 10:00:00,2025-01-02,207.43607994963628,16.726409104125235,88.288003,6.461,,14.0,24.0,2.0,4.0,2.0,2.0,0.03497739322331534,1020.6548618924688,1011.9428050966945,207.43607994963628,16.726409104125235,16.726409104125235,207.43607994963628,150.9455543147748,12.72588822690858,12.72588822690858,150.9455543147748,240.3888865699721,19.060046282501617,19.060046282501617,240.3888865699721,150.6311789843375,12.6868867329825,12.6868867329825,150.6311789843375,240.57227217939416,19.04532952110013,19.04532952110013,240.57227217939416,207.43607994963645,16.70274533600416,16.70274533600416,207.43607994963645,150.9455543147748,240.3888865699721,hourly_window_mean_factor_top_available_analogs,2.0,1037.074052881579,,1037.074052881579,0.0,0.31437533043729055,-0.18338560942203705,-1.795055332446569e-13,0.31437533043729055,-0.18338560942203705,-1.795055332446569e-13,-150.6311789843375,-240.57227217939413,-207.43607994963645,150.9455543147748,12.72588822690858,150.6311789843375,12.6868867329825,240.3888865699721,19.060046282501617,240.57227217939416,19.04532952110013,207.43607994963645,16.70274533600416,-0.18338560942206072,0.014716761401487588,0.039001493926079434,0.02366376812107518,150.6311789843375,240.57227217939413,207.43607994963645
experiment_2026_06_25_14_18_best_matching_weekday_baseline_ercot,ERCOT_demand_WEST,2025-01-20,Martin Luther King Jr. Day,H2,I,best_matching_weekday,True,2025-01-20,19.0,True,True,2,False,2.0,2.0,2.0,euclidian,RidgeReg,standard,2.0,{},2025-01-19 10:00:00,2025-01-21,466.15588640769744,27.45262191899846,96.235081,7.097,,14.0,24.0,2.0,4.0,2.0,2.0,0.07692912108257928,1231.9287961186183,1228.5661883353903,466.15588640769744,27.45262191899846,27.45262191899846,466.15588640769744,364.9845941101332,22.918810549014076,22.918810549014076,364.9845941101332,525.1724735812766,30.09734521815601,30.09734521815601,525.1724735812766,371.3445324963286,23.170394509620046,23.170394509620046,371.3445324963286,521.4625095226628,29.80774043680596,29.80774043680596,521.4625095226628,466.15588640769744,27.362402463632204,27.362402463632204,466.15588640769744,364.9845941101332,525.1724735812766,hourly_window_mean_factor_top_available_analogs,2.0,1240.1809769605263,,1240.1809769605263,0.0,-6.359938386195316,3.7099640586137688,-1.0471156105938318e-13,-6.359938386195316,3.7099640586137688,-1.0471156105938318e-13,-371.3445324963285,-521.4625095226628,-466.15588640769755,364.9845941101332,22.918810549014076,371.3445324963286,23.170394509620046,525.1724735812766,30.09734521815601,521.4625095226628,29.80774043680596,466.15588640769744,27.362402463632204,3.709964058613764,0.2896047813500502,-0.25158396060597,0.09021945536625608,371.3445324963285,521.4625095226628,466.15588640769755
experiment_2026_06_25_14_18_best_matching_weekday_baseline_ercot,ERCOT_demand_WEST,2025-02-17,Presidents' Day,H2,I,best_matching_weekday,True,2025-02-17,19.0,True,True,2,False,2.0,2.0,2.0,pearson,LassoReg,standard,2.0,{},2025-02-16 10:00:00,2025-02-18,94.06872369345268,7.298075207927981,101.159115,7.376,,14.0,24.0,2.0,4.0,2.0,2.0,0.05511482209054549,1394.1324489302697,1418.5791482713084,94.06872369345268,7.298075207927981,-4.364258223861273,-49.5462142197431,53.70393495812094,4.025500791875858,-0.9477139427867333,-9.430868631345723,117.6148504557295,9.207076950625053,-6.3572423878214215,-72.94683247964157,49.336849046848116,3.6976419948455304,0.10460415797595027,2.482225771097368,94.99191912794548,7.54268456029336,-6.529387770109548,-79.89613754773386,78.17163015069907,6.1260899309178445,-4.085285480814892,-49.546214219743405,-9.430868631345723,-72.94683247964157,hourly_window_mean_factor_top_available_analogs,2.0,1488.7304243684212,,1488.7304243684212,0.0,-11.913094402443091,6.949305068092286,3.051594065159167e-13,-11.913094402443091,6.949305068092286,3.051594065159167e-13,-2.4822257710973687,79.89613754773386,49.546214219743405,53.70393495812094,4.025500791875858,49.336849046848116,3.6976419948455304,117.6148504557295,9.207076950625053,94.99191912794548,7.54268456029336,78.17163015069907,6.1260899309178445,22.622931327784016,1.6643923903316935,0.32785879703032794,1.1719852770101369,2.4822257710973687,79.89613754773386,49.546214219743405
experiment_2026_06_25_14_18_best_matching_weekday_baseline_ercot,ERCOT_demand_WEST,2025-03-02,Texas Independence Day,H2,F,best_matching_weekday,True,2025-03-02,19.0,True,True,2,False,2.0,2.0,2.0,pearson,LassoReg,standard,2.0,{},2025-03-01 10:00:00,2025-03-03,51.60368878808863,4.935624124734499,103.634528,7.54,,14.0,24.0,2.0,4.0,2.0,2.0,0.04363077512539524,1116.8847173684208,1116.884717368421,51.60368878808863,4.935624124734499,-2.6570404160935013,-25.09602549999993,24.352662909774445,2.146482284625596,0.49191113488753657,6.247278203007584,67.50012055043858,6.562623531464692,-4.493928820832441,-43.379619326754316,15.191551627200852,1.3310094279378373,-0.46786357157523845,-5.096442250018787,38.76996416549872,3.684518037036231,-3.498237079565225,-36.76244906248858,30.0831805987574,2.817435917894718,-2.381783681884704,-25.09602549999971,6.247278203007584,-43.379619326754316,hourly_window_mean_factor_top_available_analogs,2.0,1090.289800763158,,1090.289800763158,0.0,11.34372045302637,-6.6171702642657335,-2.2139015766841017e-13,11.34372045302637,-6.6171702642657335,-2.2139015766841017e-13,5.096442250018786,36.762449062488585,25.09602549999971,24.352662909774445,2.146482284625596,15.191551627200852,1.3310094279378373,67.50012055043858,6.562623531464692,38.76996416549872,3.684518037036231,30.0831805987574,2.817435917894718,28.73015638493986,2.878105494428461,0.8154728566877589,2.118188206839781,5.096442250018786,36.762449062488585,25.09602549999971
experiment_2026_06_25_14_18_best_matching_weekday_baseline_ercot,ERCOT_demand_WEST,2025-04-21,San Jacinto Day,H2,L,best_matching_weekday,True,2025-04-21,19.0,True,True,2,False,2.0,2.0,2.0,pearson,LassoReg,standard,2.0,{},2025-04-20 10:00:00,2025-04-22,92.97106476376278,7.65976198173322,103.330395,7.554,,14.0,24.0,2.0,4.0,2.0,2.0,0.04108308419530633,1139.1561520901382,1132.6927902423697,92.97106476376278,7.65976198173322,1.7301531492502165,31.255096146703874,54.22339658100014,4.706853975191671,-0.3221619529799028,-0.3898432577414204,115.57387120370767,9.38229165221579,2.927336958884453,49.7146441326303,40.774568519537446,3.5702065812666066,-1.462429537438689,-14.823974573868927,75.45946923244985,5.83426927115627,4.1444444099661,58.13455406703806,62.68082160137685,5.0001409117232365,2.078754008290652,31.255096146703906,-0.3898432577414204,49.7146441326303,hourly_window_mean_factor_top_available_analogs,2.0,1143.4504922236843,,1143.4504922236843,0.0,14.434131316127507,-8.41990993440776,-2.991758887410948e-14,14.434131316127507,-8.41990993440776,-2.991758887410948e-14,14.823974573868927,-58.13455406703806,-31.255096146703902,54.22339658100014,4.706853975191671,40.774568519537446,3.5702065812666066,115.57387120370767,9.38229165221579,75.45946923244985,5.83426927115627,62.68082160137685,5.0001409117232365,40.11440197125782,3.5480223810595195,1.1366473939250645,2.659621070009983,14.823974573868927,58.13455406703806,31.255096146703902
experiment_2026_06_25_14_18_best_matching_weekday_baseline_ercot,ERCOT_demand_WEST,2025-05-26,Memorial Day,H2,H,best_matching_weekday,True,2025-05-26,19.0,True,True,2,False,2.0,2.0,2.0,pearson,LassoReg,standard,2.0,{},2025-05-25 10:00:00,2025-05-27,153.10390773748182,11.146493769343296,103.560159,7.557,,14.0,24.0,2.0,4.0,2.0,2.0,0.11264705783601892,1596.9017973361554,1560.3162048666225,153.10390773748182,11.146493769343296,-10.347025464314575,-138.6882977045762,30.81091094466938,1.8588915297816133,0.3110938695820574,8.317173430360185,224.44148919995573,16.564261742420946,-16.564261742420946,-224.44148919995573,56.00001186152651,3.393206615373584,-3.393206615373584,-56.00001186152651,186.92313111302224,13.650432158128277,-13.650432158128277,-186.92313111302224,138.68829770457646,9.871454326587074,-9.871454326587074,-138.68829770457646,8.317173430360185,-224.44148919995573,hourly_window_mean_factor_top_available_analogs,2.0,1581.0188913815791,,1581.0188913815791,0.0,64.3171852918867,-37.51835808693346,2.8122533541662914e-13,64.3171852918867,-37.51835808693346,2.8122533541662914e-13,56.00001186152652,186.92313111302227,138.68829770457648,30.81091094466938,1.8588915297816133,56.00001186152651,3.393206615373584,224.44148919995573,16.564261742420946,186.92313111302224,13.650432158128277,138.68829770457646,9.871454326587074,37.51835808693349,2.913829584292669,-1.5343150855919705,1.2750394427562224,56.00001186152652,186.92313111302227,138.68829770457648
experiment_2026_06_25_14_18_best_matching_weekday_baseline_ercot,ERCOT_demand_WEST,2025-06-19,Juneteenth National Independence Day,H2,I,best_matching_weekday,True,2025-06-19,19.0,True,True,2,False,2.0,2.0,2.0,pearson,RidgeReg,minmax,2.0,{},2025-06-18 10:00:00,2025-06-20,42.378447077136755,2.5476123701063424,85.697701,6.651,,14.0,24.0,2.0,4.0,2.0,2.0,0.11787276095142173,1661.492081420308,1599.9660714214322,42.378447077136755,2.5476123701063424,-1.4025335575111266,-24.725472946624024,64.78682684901116,3.69976797642954,-2.675342782935894,-48.7639662040959,29.30689221021002,1.875521599751144,-0.660061509346679,-10.703018546432096,72.41273803674872,4.141304951235461,-2.9012194327792815,-53.114317205057354,32.97508953308601,2.0599694492932845,-0.39107870533159006,-8.16531379587092,47.504749508119644,2.8267772657982975,-1.3158673943912658,-24.725472946623814,-48.7639662040959,-10.703018546432096,hourly_window_mean_factor_top_available_analogs,2.0,1661.2572275000002,,1661.2572275000002,0.0,4.350351000961447,-2.5377047505611756,-2.0942312211876637e-13,4.350351000961447,-2.5377047505611756,-2.0942312211876637e-13,53.11431720505735,8.16531379587092,24.725472946623814,64.78682684901116,3.69976797642954,72.41273803674872,4.141304951235461,29.30689221021002,1.875521599751144,32.97508953308601,2.0599694492932845,47.504749508119644,2.8267772657982975,-3.6681973228759936,-0.18444784954214044,-0.441536974805921,-0.279164895691955,53.11431720505735,8.16531379587092,24.725472946623814
experiment_2026_06_25_14_18_best_matching_weekday_baseline_ercot,ERCOT_demand_WEST,2025-07-04,Independence Day,H2,I,best_matching_weekday,True,2025-07-04,19.0,True,True,2,False,2.0,2.0,2.0,pearson,RidgeReg,minmax,2.0,{},2025-07-03 10:00:00,2025-07-05,42.74768534968853,3.0728714970055013,82.546082,6.335,,14.0,24.0,2.0,4.0,2.0,2.0,0.11787276095142173,1355.8053710310564,1327.3067540016477,42.74768534968853,3.0728714970055013,1.450706564736813,23.636587232101466,46.21749934710015,3.1746711356786155,3.1746711356786155,46.21749934710015,40.72362718453175,3.0134883744461836,0.445060565020761,10.464388498352236,49.28375995570117,3.4780399321657103,0.5836291498228482,5.454446706653341,55.63623727252476,4.37525003725128,2.9451095048053406,34.24283587194623,53.295850892642385,4.044698945903964,2.0750904266538965,23.63658723210148,46.21749934710015,10.464388498352236,hourly_window_mean_factor_top_available_analogs,2.0,1661.2572275000002,,1661.2572275000002,0.0,40.76305264044681,-23.77844737359399,-1.1967035549643792e-14,40.76305264044681,-23.77844737359399,-1.1967035549643792e-14,-5.454446706653343,-34.24283587194623,-23.636587232101476,46.21749934710015,3.1746711356786155,49.28375995570117,3.4780399321657103,40.72362718453175,3.0134883744461836,55.63623727252476,4.37525003725128,53.295850892642385,4.044698945903964,-14.91261008799301,-1.3617616628050961,-0.3033687964870948,-0.9718274488984631,5.454446706653343,34.24283587194623,23.636587232101476
experiment_2026_06_25_14_18_best_matching_weekday_baseline_ercot,ERCOT_demand_WEST,2025-08-27,Lyndon B. Johnson Day,H2,H,best_matching_weekday,True,2025-08-27,19.0,True,True,2,False,2.0,2.0,2.0,pearson,RidgeReg,minmax,2.0,{},2025-08-26 10:00:00,2025-08-28,67.21627017239217,4.014257935619273,76.756222,5.764,,14.0,24.0,2.0,4.0,2.0,2.0,0.13776062072647377,1708.3829377250238,1642.6623470883758,67.21627017239217,4.014257935619273,-4.014257935619273,-67.21627017239217,51.723789602134765,2.967767320671332,-2.967767320671332,-51.723789602134765,76.25355050504234,4.624710794338906,-4.624710794338906,-76.25355050504234,64.06429860925225,3.5928426734134002,-3.5928426734134002,-64.06429860925225,72.5898456871626,4.2193361186490685,-3.9529815662897914,-69.05492025089055,69.44885465845877,3.9885227440885593,-3.8202988162827,-67.21627017239223,-51.723789602134765,-76.25355050504234,hourly_window_mean_factor_top_available_analogs,2.0,1519.1252849210528,,1519.1252849210528,0.0,12.340509007117491,-7.198630254151794,4.786814219857517e-14,12.340509007117491,-7.198630254151794,4.786814219857517e-14,64.06429860925226,69.05492025089055,67.21627017239221,51.723789602134765,2.967767320671332,64.06429860925225,3.5928426734134002,76.25355050504234,4.624710794338906,72.5898456871626,4.2193361186490685,69.44885465845877,3.9885227440885593,3.663704817879747,0.40537467568983754,-0.6250753527420683,0.02573519153071402,64.06429860925226,69.05492025089055,67.21627017239221
experiment_2026_06_25_14_18_best_matching_weekday_baseline_ercot,ERCOT_demand_WEST,2025-09-01,Labor Day,H2,H,best_matching_weekday,True,2025-09-01,19.0,True,True,2,False,2.0,2.0,2.0,pearson,RidgeReg,minmax,2.0,{},2025-08-31 10:00:00,2025-09-02,69.83938796171515,4.67775026389222,72.697552,5.304,,14.0,24.0,2.0,4.0,2.0,2.0,0.11199481501507724,1519.0569112736052,1437.62225023846,69.83938796171515,4.67775026389222,-2.6664167892096233,-36.38042840518402,97.01060690528253,6.179211813219965,-6.179211813219965,-97.01060690528253,53.98951024463417,3.8018976934510342,-0.6172863585369249,-1.012824280126561,109.40223117004186,6.929719535933901,-6.929719535933901,-109.40223117004186,41.44430435650349,2.846694035024624,0.035989212472136156,6.215623207649467,66.48143528780709,4.350966587991198,-2.530324536940614,-36.380428405184176,-97.01060690528253,-1.012824280126561,hourly_window_mean_factor_top_available_analogs,2.0,1510.0427035526318,,1510.0427035526318,0.0,12.391624264759328,-7.228447487776028,1.555714621453693e-13,12.391624264759328,-7.228447487776028,1.555714621453693e-13,109.40223117004186,-6.215623207649466,36.380428405184176,97.01060690528253,6.179211813219965,109.40223117004186,6.929719535933901,53.98951024463417,3.8018976934510342,41.44430435650349,2.846694035024624,66.48143528780709,4.350966587991198,12.545205888130681,0.9552036584264103,-0.7505077227139365,0.3267836759010221,109.40223117004186,6.215623207649466,36.380428405184176
experiment_2026_06_25_14_18_best_matching_weekday_baseline_ercot,ERCOT_demand_WEST,2025-11-11,Veterans Day,H2,L,best_matching_weekday,True,2025-11-11,19.0,True,True,2,False,2.0,2.0,2.0,pearson,RidgeReg,minmax,2.0,{},2025-11-10 10:00:00,2025-11-12,45.2828031829996,3.2615611578008052,73.60962,5.366,,14.0,24.0,2.0,4.0,2.0,2.0,0.054419983723117474,1363.7141262336638,1354.7144873646635,45.2828031829996,3.2615611578008052,1.0424738277617278,15.678491187388778,28.471016919478384,1.9804768813285025,1.9804768813285025,28.471016919478384,55.08967850338698,4.008860319076316,0.49530537984777606,8.21618451033651,15.733144026486652,1.1397634170626294,0.8252800622494713,11.301445473551098,94.5875448164848,6.848884949283492,1.2435623520618497,18.23176785379414,65.53592347280129,4.74552438478107,1.0894583505520261,15.678491187388808,28.471016919478384,8.21618451033651,hourly_window_mean_factor_top_available_analogs,2.0,1126.6895405789473,,1126.6895405789473,0.0,17.169571445927286,-10.01558334345763,-2.991758887410948e-14,17.169571445927286,-10.01558334345763,-2.991758887410948e-14,-11.301445473551098,-18.23176785379414,-15.678491187388808,28.471016919478384,1.9804768813285025,15.733144026486652,1.1397634170626294,55.08967850338698,4.008860319076316,94.5875448164848,6.848884949283492,65.53592347280129,4.74552438478107,-39.497866313097816,-2.840024630207176,0.8407134642658731,-1.4839632269802645,11.301445473551098,18.23176785379414,15.678491187388808
experiment_2026_06_25_14_18_best_matching_weekday_baseline_ercot,ERCOT_demand_WEST,2025-11-27,Thanksgiving Day,H1,H,best_matching_weekday,True,2025-11-27,19.0,True,True,2,False,2.0,2.0,2.0,pearson,RidgeReg,minmax,2.0,{},2025-11-26 10:00:00,2025-11-28,40.47724418974052,3.113369480669975,69.438447,5.107,,14.0,24.0,2.0,4.0,2.0,2.0,0.11638515936070502,1295.7176282238045,1285.5338500218352,40.47724418974052,3.113369480669975,-0.07626768177248833,0.12500377619517167,22.20753610784243,1.7100113940286128,-0.684959936707503,-8.74168121289571,51.134573904181075,3.931995031210769,0.278802800272937,5.297236686498185,99.04969394687419,7.616323515834151,-5.671226232995322,-73.65370464003429,187.68991781689374,14.569427657071126,3.1541598574250433,43.162583685662945,155.03299323320232,12.00775771029961,-0.09729817588772238,0.12500377619554565,-8.74168121289571,5.297236686498185,hourly_window_mean_factor_top_available_analogs,2.0,1314.2556086842105,,1314.2556086842105,0.0,64.91202342713858,-37.865346999164764,-3.739698609263685e-13,64.91202342713858,-37.865346999164764,-3.739698609263685e-13,73.65370464003429,-43.16258368566295,-0.12500377619554565,22.20753610784243,1.7100113940286128,99.04969394687419,7.616323515834151,51.134573904181075,3.931995031210769,187.68991781689374,14.569427657071126,155.03299323320232,12.00775771029961,-136.55534391271266,-10.637432625860356,-5.906312121805538,-8.894388229629634,73.65370464003429,43.16258368566295,0.12500377619554565
experiment_2026_06_25_14_18_best_matching_weekday_baseline_ercot,ERCOT_demand_WEST,2025-11-28,Day after Thanksgiving,H2,L,best_matching_weekday,True,2025-11-28,19.0,True,True,2,False,2.0,2.0,2.0,pearson,RidgeReg,minmax,2.0,{},2025-11-27 10:00:00,2025-11-29,31.7901374886843,2.504151457675672,69.4832,5.152,,14.0,24.0,2.0,4.0,2.0,2.0,0.044769820670675954,1306.0562575444371,1297.4196947065186,31.7901374886843,2.504151457675672,-1.1249612067971808,-13.022492518121382,38.79779953102296,3.0377862533570865,-1.9522294894588264,-23.92023940944021,27.70233463065342,2.1928644935281802,-0.6423880419112203,-6.6654734981853965,50.931156803216645,4.001630962891868,-3.979460154451936,-50.64815645956391,27.07888906354931,2.1218076095666003,0.7532665919339337,8.925811447720235,35.8665666518478,2.8143741081601203,-0.9903695777871762,-13.022492518121291,-23.92023940944021,-6.6654734981853965,hourly_window_mean_factor_top_available_analogs,2.0,1117.3357893552632,,1117.3357893552632,0.0,26.727917050123697,-15.591284945905633,-8.975276662232845e-14,26.727917050123697,-15.591284945905633,-8.975276662232845e-14,50.64815645956391,-8.925811447720235,13.022492518121291,38.79779953102296,3.0377862533570865,50.931156803216645,4.001630962891868,27.70233463065342,2.1928644935281802,27.07888906354931,2.1218076095666003,35.8665666518478,2.8143741081601203,0.6234455671041133,0.07105688396157994,-0.9638447095347815,-0.3102226504844485,50.64815645956391,8.925811447720235,13.022492518121291
experiment_2026_06_25_14_18_best_matching_weekday_baseline_ercot,ERCOT_demand_WEST,2025-12-24,Christmas Eve,H1,J,best_matching_weekday,True,2025-12-24,19.0,True,True,2,False,2.0,2.0,2.0,pearson,RidgeReg,minmax,2.0,{},2025-12-23 10:00:00,2025-12-25,47.02548772743841,3.5793207074186206,65.673508,4.937,,14.0,24.0,2.0,4.0,2.0,2.0,0.030172309046222437,1283.9150885804606,1274.150945663244,47.02548772743841,3.5793207074186206,1.2584720490745311,19.245932524802896,55.35600906523786,4.01228648471086,3.8416556516666343,53.147559061455226,42.1660169470554,3.3267573373314807,-0.24838505243752917,-0.5300162882442976,46.515534247603746,3.3764332460070614,2.8170194906703045,39.25623882604931,25.37709378129664,1.9363983359466055,0.49101915104469335,7.573253849075201,33.16494026888347,2.4669375133373,1.3479666445909713,19.245932524802505,53.147559061455226,-0.5300162882442976,hourly_window_mean_factor_top_available_analogs,2.0,1046.4807713684208,,1046.4807713684208,0.0,13.89132023540591,-8.103270137319498,3.8892865536342326e-13,13.89132023540591,-8.103270137319498,3.8892865536342326e-13,-39.25623882604931,-7.573253849075201,-19.24593252480251,55.35600906523786,4.01228648471086,46.515534247603746,3.3764332460070614,42.1660169470554,3.3267573373314807,25.37709378129664,1.9363983359466055,33.16494026888347,2.4669375133373,16.788923165758757,1.3903590013848752,0.635853238703799,1.1123831940813207,39.25623882604931,7.573253849075201,19.24593252480251
experiment_2026_06_25_14_18_best_matching_weekday_baseline_ercot,ERCOT_demand_WEST,2025-12-25,Christmas Day,H2,J,best_matching_weekday,True,2025-12-25,19.0,True,True,2,False,2.0,2.0,2.0,pearson,RidgeReg,minmax,2.0,{},2025-12-24 10:00:00,2025-12-26,50.97762680750608,3.870316234319456,64.864372,4.89,,14.0,24.0,2.0,4.0,2.0,2.0,0.030172309046222437,1253.3961511609893,1246.9531084147877,50.97762680750608,3.870316234319456,2.515170467653675,34.891459628484405,61.98359167894955,4.612411188824054,4.559134493071612,61.309026274093995,44.55748063249738,3.43742751085844,1.3228581194932112,19.48121241854547,47.70338635252075,3.5454786342719093,3.1313552642168427,42.45246959569273,34.782457409587515,2.657085222773278,2.3157628142790783,30.480870480946084,39.54279965172081,2.984388058588564,2.616244243203518,34.89145962848433,61.309026274093995,19.48121241854547,hourly_window_mean_factor_top_available_analogs,2.0,1046.4807713684208,,1046.4807713684208,0.0,18.85655667840126,-10.999658062400613,7.778573107268465e-14,18.85655667840126,-10.999658062400613,7.778573107268465e-14,-42.45246959569273,-30.480870480946084,-34.89145962848433,61.98359167894955,4.612411188824054,47.70338635252075,3.5454786342719093,44.55748063249738,3.43742751085844,34.782457409587515,2.657085222773278,39.54279965172081,2.984388058588564,9.775023222909866,0.780342288085162,1.0669325545521446,0.8859281757308923,42.45246959569273,30.480870480946084,34.89145962848433
experiment_2026_06_25_14_18_best_matching_weekday_baseline_ercot,ERCOT_demand_WEST,2026-01-01,New Year's Day,H2,K,best_matching_weekday,True,2026-01-01,19.0,True,True,2,False,2.0,2.0,2.0,pearson,RidgeReg,minmax,2.0,{},2025-12-31 10:00:00,2026-01-02,86.20720287430997,6.485614879964827,63.532699,4.76,,14.0,24.0,2.0,4.0,2.0,2.0,0.044945711612267424,1432.5812119500295,1440.8807520573157,86.20720287430997,6.485614879964827,-6.473836742524368,-86.02269573950319,53.34233634629977,3.963039912836078,-3.931070682640545,-52.841531266109946,105.37837501564928,7.957116944123267,-7.957116944123267,-105.37837501564928,46.046702517968114,3.303606444152645,-2.939957431650673,-41.34195314465722,112.08646225316318,8.420636578025364,-8.420636578025364,-112.08646225316318,87.75602445598605,6.535414949756468,-6.401438997782058,-86.02269573950309,-52.841531266109946,-105.37837501564928,hourly_window_mean_factor_top_available_analogs,2.0,1223.724765223684,,1223.724765223684,0.0,-11.49957812145273,6.708087237513904,-1.1967035549643792e-13,-11.49957812145273,6.708087237513904,-1.1967035549643792e-13,41.34195314465722,112.08646225316319,86.02269573950308,53.34233634629977,3.963039912836078,46.046702517968114,3.303606444152645,105.37837501564928,7.957116944123267,112.08646225316318,8.420636578025364,87.75602445598605,6.535414949756468,-6.708087237513894,-0.4635196339020977,0.6594334686834329,-0.0498000697916412,41.34195314465722,112.08646225316319,86.02269573950308
experiment_2026_06_25_14_18_best_matching_weekday_baseline_ercot,ERCOT_demand_WEST,2026-01-19,Martin Luther King Jr. Day,H2,I,best_matching_weekday,True,2026-01-19,19.0,True,True,2,False,2.0,2.0,2.0,pearson,RidgeReg,minmax,2.0,{},2026-01-18 10:00:00,2026-01-20,178.93572770892908,11.572320933807658,64.649904,4.817,,14.0,24.0,2.0,4.0,2.0,2.0,0.05747786276322269,1764.6165697615606,1790.9287852584002,178.93572770892908,11.572320933807658,-11.572320933807658,-178.93572770892908,179.05986583840715,11.814461649103155,-11.814461649103155,-179.05986583840715,178.86331380006686,11.431072183218616,-11.431072183218616,-178.86331380006686,161.0686460346701,10.416969368450156,-10.416969368450156,-161.0686460346701,189.35819201891346,11.880331046954652,-11.880331046954652,-189.35819201891346,178.93572770892908,11.34119779697931,-11.34119779697931,-178.93572770892908,-179.05986583840715,-178.86331380006686,hourly_window_mean_factor_top_available_analogs,2.0,1460.0165691842108,,1460.0165691842108,0.0,-17.991219803737035,10.494878218846566,-2.3934071099287584e-14,-17.991219803737035,10.494878218846566,-2.3934071099287584e-14,161.0686460346701,189.35819201891343,178.93572770892905,179.05986583840715,11.814461649103155,161.0686460346701,10.416969368450156,178.86331380006686,11.431072183218616,189.35819201891346,11.880331046954652,178.93572770892908,11.34119779697931,-10.494878218846594,-0.44925886373603596,1.3974922806529992,0.23112313682834795,161.0686460346701,189.35819201891343,178.93572770892905
experiment_2026_06_25_14_18_best_matching_weekday_baseline_ercot,ERCOT_demand_WEST,2026-02-16,Presidents' Day,H2,I,best_matching_weekday,True,2026-02-16,19.0,True,True,2,False,2.0,2.0,2.0,pearson,PLS,minmax,2.0,{},2026-02-15 10:00:00,2026-02-17,72.31328462920386,5.292063855349352,69.512606,5.085,,14.0,24.0,2.0,4.0,2.0,2.0,0.09181794283244228,1339.8083618089483,1313.7349116472813,72.31328462920386,5.292063855349352,0.8077903696008553,13.571389980525462,62.63003110138829,4.8203552697543675,-3.9866115810262834,-51.315479086091514,77.9618491870963,5.5672271969464235,3.604524840800019,51.4220636027187,92.1583353937691,7.0046336539411564,-5.70959864323099,-74.63974223157409,122.2024680387323,8.826183391181969,4.676303396351296,65.0278837709166,111.13357706427213,8.155086119566933,0.8499184343999271,13.5713899805253,-51.315479086091514,51.4220636027187,hourly_window_mean_factor_top_available_analogs,2.0,1508.104283368421,,1508.104283368421,0.0,23.32426314548257,-13.605820168197909,1.615549799201912e-13,23.32426314548257,-13.605820168197909,1.615549799201912e-13,74.63974223157408,-65.02788377091662,-13.5713899805253,62.63003110138829,4.8203552697543675,92.1583353937691,7.0046336539411564,77.9618491870963,5.5672271969464235,122.2024680387323,8.826183391181969,111.13357706427213,8.155086119566933,-44.240618851636,-3.2589561942355454,-2.184278384186789,-2.863022264217581,74.63974223157408,65.02788377091662,13.5713899805253
experiment_2026_06_25_14_18_best_matching_weekday_baseline_ercot,ERCOT_demand_WEST,2026-03-02,Texas Independence Day,H2,I,best_matching_weekday,True,2026-03-02,19.0,True,True,2,False,2.0,3.0,2.0,pearson,PLS,minmax,2.0,{},2026-03-01 10:00:00,2026-03-03,82.8132967721017,6.243063656505788,70.675318,5.135,,14.0,24.0,2.0,4.0,2.0,2.0,0.11787276095142173,1426.6811211668385,1394.9189842965188,82.8132967721017,6.243063656505788,-6.243063656505788,-82.8132967721017,66.57315130167248,4.6873247912548655,-4.6873247912548655,-66.57315130167248,92.28671496318542,7.1505779945688275,-7.1505779945688275,-92.28671496318542,117.13382928466199,8.138612511341234,-7.3111256557333695,-106.42643799611959,99.76325357020919,7.3846631556988775,-4.829537703892551,-69.03896439142441,106.16293935974443,7.662433970935536,-5.74380694930759,-82.81329677210158,-66.57315130167248,-92.28671496318542,hourly_window_mean_factor_top_available_analogs,2.0,1661.2572275000002,,1661.2572275000002,0.0,39.85328669444711,-23.247750571760992,-1.1368683772161603e-13,39.85328669444711,-23.247750571760992,-1.1368683772161603e-13,106.42643799611959,69.03896439142443,82.81329677210158,66.57315130167248,4.6873247912548655,117.13382928466199,8.138612511341234,92.28671496318542,7.1505779945688275,99.76325357020919,7.3846631556988775,106.16293935974443,7.662433970935536,-7.47653860702377,-0.23408516113005007,-3.451287720086369,-1.4193703144297478,106.42643799611959,69.03896439142443,82.81329677210158
