experiment_id,unique_id,target_date,holiday_label,holiday_day_type,analog_cluster,cluster_filter_label,filter_by_cluster,train_end,eligible_tuning_dates,target_exists,target_has_complete_profile,selected_analogs,fail,optuna_k_min,optuna_k_max,k,typedist,typereg,scale_method,n_components,regressor_params,forecast_start,forecast_end,mae_window,mape_window_pct,tuning_best_mean_mae,tuning_best_mean_mape_pct,error,bias_head_hours,bias_tail_hours,hourly_factor_analog_count,hourly_factor_requested_analogs,hourly_factor_available_neighbors,hourly_factor_selected_analogs,hourly_factor_mean_abs,forecast_window_mean_38,forecast_daily_mean_24,mae_38,mape_38_pct,mpe_38_pct,bias_38,mae_14,mape_14_pct,mpe_14_pct,bias_14,mae_24,mape_24_pct,mpe_24_pct,bias_24,mae_14_bias_adjusted,mape_14_bias_adjusted_pct,mpe_14_bias_adjusted_pct,bias_14_bias_adjusted,mae_24_bias_adjusted,mape_24_bias_adjusted_pct,mpe_24_bias_adjusted_pct,bias_24_bias_adjusted,mae_38_bias_adjusted,mape_38_bias_adjusted_pct,mpe_38_bias_adjusted_pct,bias_38_bias_adjusted,head_bias_mean,tail_bias_mean,bias_model_method,bias_train_samples,predicted_head_bias_mean,predicted_tail_bias_mean,predicted_full_bias_mean,predicted_bias_14,predicted_bias_24,predicted_bias_38,bias_14_prediction_error,bias_24_prediction_error,bias_38_prediction_error,mae_head14,mape_head14_pct,mae_head14_bias_adjusted,mape_head14_bias_adjusted_pct,mae_holiday24_raw,mape_holiday24_raw_pct,mae_holiday24_bias_adjusted,mape_holiday24_bias_adjusted_pct,mae_window_bias_adjusted,mape_window_bias_adjusted_pct,mae_holiday24_improvement,mape_holiday24_improvement_pct,mape_window_improvement_pct
experiment_2026_06_16_09_31_kcap_H4,SEN_demand_CEL,2025-01-01,New Year's Day,H3,H,observance_tier,True,2025-01-01,19,True,True,2,False,2,4,2,pearson,LassoReg,,2,{},2024-12-31 10:00:00,2025-01-02,98.66105423118593,1.9512752297510882,257.838618,4.407,,14,24,2,4,2,2,0.14025972564932526,5091.75991375327,4653.5498499703945,98.66105423118593,1.9512752297510882,1.420121709324602,71.4817336151506,102.30754571338814,1.7390611208572342,1.6064148251688801,94.625091190372,96.5339341999013,2.075066793272503,1.311450725082106,57.98144169627145,96.23657759964519,1.6301427267599637,1.5425350584057065,91.11823448282777,92.18459972133759,1.9903348037038093,1.3402039311375535,60.02710810900663,93.67743367650355,1.857632459566603,1.4147469780258206,71.48173361515126,94.625091190372,57.98144169627145,hourly_window_mean_factor_top_available_analogs,2,3.5068567075442325,-2.045666412735178,-6.581869552304086e-13,3.5068567075442325,-2.045666412735178,-6.581869552304086e-13,-91.11823448282777,-60.02710810900663,-71.48173361515126,102.30754571338814,1.7390611208572342,96.23657759964519,1.6301427267599637,96.5339341999013,2.075066793272503,92.18459972133759,1.9903348037038093,93.67743367650355,1.857632459566603,4.349334478563705,0.08473198956869354,0.0936427701844853
experiment_2026_06_16_09_31_kcap_H4,SEN_demand_CEL,2025-02-03,Constitution Day,H2,H,observance_tier,True,2025-02-03,19,True,True,4,False,2,4,4,pearson,PCR,,3,{},2025-02-02 10:00:00,2025-02-04,131.69159451445216,2.291306518518146,217.678159,3.62,,14,24,4,4,4,4,0.08804346788813104,6066.595824930839,5969.154111812603,131.69159451445216,2.291306518518146,-1.4963198195481882,-81.96436940452217,104.0191946095317,1.6569691692527713,0.09537681351949288,7.611999009331806,147.8338277923224,2.661336638922948,-2.4248095221710027,-134.21725097927035,106.2324402624967,1.6901951654901806,-0.09653556502986094,-5.414193253435379,151.5333624412717,2.659493363454431,-2.1993517979845705,-126.61863882599062,134.84354900698617,2.30238350104655,-1.4246300279486248,-81.9643694045229,7.611999009331806,-134.21725097927035,hourly_window_mean_factor_top_available_analogs,4,13.026192262767186,-7.5986121532797215,7.180221329786276e-13,13.026192262767186,-7.5986121532797215,7.180221329786276e-13,5.414193253435379,126.61863882599063,81.9643694045229,104.0191946095317,1.6569691692527713,106.2324402624967,1.6901951654901806,147.8338277923224,2.661336638922948,151.5333624412717,2.659493363454431,134.84354900698617,2.30238350104655,-3.6995346489492817,0.001843275468516925,-0.011076982528404056
experiment_2026_06_16_09_31_kcap_H4,SEN_demand_CEL,2025-03-17,Benito Juarez's Birthday,H2,H,observance_tier,True,2025-03-17,19,True,True,3,False,2,4,3,euclidian,PCR,,2,{},2025-03-16 10:00:00,2025-03-18,89.23925667393311,1.4846219721897937,205.359991,3.443,,14,24,3,4,3,3,0.08749168106397287,6075.014187653055,5907.926966449202,89.23925667393311,1.4846219721897937,0.13467297053227403,3.9492815574717737,79.4816347101531,1.2357966321441425,0.0732736127288647,6.5511417117704696,94.93120281947147,1.6297700872164238,0.1704892625842628,2.4315298007975343,105.08861862497899,1.6458369515490916,-0.47976621299502353,-26.340116860809434,81.88648557911513,1.3659610055611726,0.4063662968799561,21.61809730146797,90.43463985917025,1.4690731961883006,0.07989642482075295,3.9492815574710316,6.5511417117704696,2.4315298007975343,hourly_window_mean_factor_top_available_analogs,3,32.8912585725799,-19.186567500670435,7.419562040779151e-13,32.8912585725799,-19.186567500670435,7.419562040779151e-13,26.34011686080943,-21.61809730146797,-3.9492815574710316,79.4816347101531,1.2357966321441425,105.08861862497899,1.6458369515490916,94.93120281947147,1.6297700872164238,81.88648557911513,1.3659610055611726,90.43463985917025,1.4690731961883006,13.044717240356334,0.2638090816552512,0.01554877600149318
experiment_2026_06_16_09_31_kcap_H4,SEN_demand_CEL,2025-04-17,Maundy Thursday,H1,G,observance_tier,True,2025-04-17,19,True,True,4,False,2,6,4,euclidian,PCR,standard,3,{},2025-04-16 10:00:00,2025-04-18,182.00552356403549,2.7360768921016616,176.244148,2.928,,14,24,4,4,4,4,0.0868453517832088,6499.973185621298,6098.741739406534,182.00552356403549,2.7360768921016616,2.5693755307435593,170.35215911554363,92.45454079929628,1.2475819367002488,0.7951068130139708,60.823980153389776,234.2435968434667,3.6043656160858197,3.6043656160858197,234.2435968434667,88.49913414588134,1.1984257910795315,0.590665343781646,45.854951242320176,245.56266062024133,3.7605575249009546,3.7174647670006133,242.9755303749238,187.69715086652977,2.8166142545456934,2.5654860321304676,170.35215911554351,60.823980153389776,234.2435968434667,hourly_window_mean_factor_top_available_analogs,4,14.969028911069602,-8.731933531457116,9.573628439715034e-14,14.969028911069602,-8.731933531457116,9.573628439715034e-14,-45.854951242320176,-242.9755303749238,-170.35215911554354,92.45454079929628,1.2475819367002488,88.49913414588134,1.1984257910795315,234.2435968434667,3.6043656160858197,245.56266062024133,3.7605575249009546,187.69715086652977,2.8166142545456934,-11.319063776774641,-0.1561919088151349,-0.08053736244403176
experiment_2026_06_16_09_31_kcap_H4,SEN_demand_CEL,2025-04-18,Good Friday,H2,G,observance_tier,True,2025-04-18,19,True,True,4,False,2,6,4,euclidian,PCR,standard,3,{},2025-04-17 10:00:00,2025-04-19,155.16507889535438,2.4906607160053027,180.050244,2.955,,14,24,4,4,4,4,0.08852345776489787,6045.780125712904,5643.049749035079,155.16507889535438,2.4906607160053027,1.833157366856936,114.00097402393766,100.9073790588008,1.5085395705783742,-0.024663627462759415,2.5454549822516777,186.8154038000106,3.063564717504344,2.916886280210092,179.01669346492113,112.53233033122031,1.666714961079876,0.5438461657179,41.17877741101659,160.90223646477523,2.6289797499118155,2.5480903540622966,156.4805887148092,143.08174473136026,2.2744611435000484,1.8096846004617297,114.00097402393823,2.5454549822516777,179.01669346492113,hourly_window_mean_factor_top_available_analogs,4,-38.63332242876491,22.536104750111956,-5.74417706382902e-13,-38.63332242876491,22.536104750111956,-5.74417706382902e-13,-41.17877741101659,-156.4805887148092,-114.00097402393823,100.9073790588008,1.5085395705783742,112.53233033122031,1.666714961079876,186.8154038000106,3.063564717504344,160.90223646477523,2.6289797499118155,143.08174473136026,2.2744611435000484,25.913167335235386,0.4345849675925284,0.21619957250525434
experiment_2026_06_16_09_31_kcap_H4,SEN_demand_CEL,2025-04-19,Holy Saturday,H3,G,observance_tier,True,2025-04-19,19,True,True,6,False,2,6,6,pearson,RidgeReg,standard,2,{},2025-04-18 10:00:00,2025-04-20,78.78879791509333,1.3361523211227446,182.97062,3.023,,14,24,4,4,6,4,0.07512102354683049,5989.387015994115,5833.019118287292,78.78879791509333,1.3361523211227446,0.036413361819586765,2.222484005886001,91.76949286582463,1.5194012421354919,-1.4421868852892537,-86.55730563438101,71.21672586050006,1.2292571171986417,0.8989301726330771,54.01069462937509,83.7814603636559,1.3726988772850197,-0.3937864551491018,-20.28871170491389,57.4469276142543,0.9884701101948181,0.24110655143623808,15.35401483718393,67.14912389034963,1.1300280770175237,0.007198601641639137,2.2224840058847324,-86.55730563438101,54.01069462937509,hourly_window_mean_factor_top_available_analogs,4,-66.26859392946712,38.65667979219116,1.268505768262242e-12,-66.26859392946712,38.65667979219116,1.268505768262242e-12,20.288711704913894,-15.354014837183925,-2.222484005884733,91.76949286582463,1.5194012421354919,83.7814603636559,1.3726988772850197,71.21672586050006,1.2292571171986417,57.4469276142543,0.9884701101948181,67.14912389034963,1.1300280770175237,13.769798246245763,0.2407870070038236,0.2061242441052209
experiment_2026_06_16_09_31_kcap_H4,SEN_demand_CEL,2025-05-01,Labor Day,H2,F,observance_tier,True,2025-05-01,19,True,True,4,False,2,6,4,euclidian,PCR,minmax,3,{},2025-04-30 10:00:00,2025-05-02,148.23483500866686,2.2028968060602256,174.244016,2.859,,14,24,4,4,4,4,0.08485248169709306,6922.9823030761345,6471.877620160137,148.23483500866686,2.2028968060602256,-1.390965912193332,-84.49399176034433,132.38271955947806,1.7033708044276188,0.43246012351618185,36.71147906787155,157.48190235402697,2.4942869736792472,-2.454631099690548,-155.1971830768036,315.1990195415377,4.0618197874526265,2.9868853132308213,234.37797769352287,272.12819965383454,4.2520736861843895,-4.224241357857973,-270.50264060843455,287.9963964545673,4.181980144546372,-1.5675104790357857,-84.49399176034498,36.71147906787155,-155.1971830768036,hourly_window_mean_factor_top_available_analogs,4,-197.66649862565131,115.30545753163096,6.462199196807648e-13,-197.66649862565131,115.30545753163096,6.462199196807648e-13,-234.37797769352287,270.5026406084346,84.49399176034497,132.38271955947806,1.7033708044276188,315.1990195415377,4.0618197874526265,157.48190235402697,2.4942869736792472,272.12819965383454,4.2520736861843895,287.9963964545673,4.181980144546372,-114.64629729980757,-1.7577867125051423,-1.979083338486146
experiment_2026_06_16_09_31_kcap_H4,SEN_demand_CEL,2025-09-16,Independence Day,H2,H,observance_tier,True,2025-09-16,19,True,True,4,False,2,4,4,pearson,PLS,standard,2,{},2025-09-15 10:00:00,2025-09-17,393.8213938854795,6.228493350406425,182.753156,2.981,,14,24,4,4,4,4,0.09602988892411761,5450.866403416995,5250.4324776883395,393.8213938854795,6.228493350406425,6.09843893372499,387.7589963198481,741.3928674767404,11.259522961621498,11.259522961621498,741.3928674767404,191.07136762391076,3.293726077197633,3.087806584118693,181.47257147832764,686.5561006481161,10.429163882134743,10.429163882134743,686.5561006481161,213.46068546168988,3.8563610976478913,3.8563610976478913,213.46068546168988,387.75899631984686,6.277920018248311,6.277920018248311,387.75899631984686,741.3928674767404,181.47257147832764,hourly_window_mean_factor_top_available_analogs,4,54.83676682862454,-31.98811398336223,1.3163739104608172e-12,54.83676682862454,-31.98811398336223,1.3163739104608172e-12,-686.556100648116,-213.46068546168988,-387.7589963198468,741.3928674767404,11.259522961621498,686.5561006481161,10.429163882134743,191.07136762391076,3.293726077197633,213.46068546168988,3.8563610976478913,387.75899631984686,6.277920018248311,-22.389317837779117,-0.5626350204502581,-0.04942666784188621
experiment_2026_06_16_09_31_kcap_H4,SEN_demand_CEL,2025-11-17,Mexican Revolution Day,H2,F,observance_tier,True,2025-11-17,19,True,True,4,False,2,6,4,pearson,PLS,minmax,3,{},2025-11-16 10:00:00,2025-11-18,80.082583437502,1.3231156021218993,198.605261,3.228,,14,24,4,4,4,4,0.0866534462124275,6198.877695589637,6073.087538267042,80.082583437502,1.3231156021218993,-0.8730443881252544,-52.46965032648016,68.13258082963979,1.06128554363373,-0.35867985763828447,-22.91615028551509,87.05341829208828,1.475849802906664,-1.1730903642426533,-69.70919201704312,76.00286769749871,1.1717315293829118,-0.5434295189819949,-36.2561018608474,91.52023290313552,1.502657477482746,-0.9513001571384733,-61.92755359809803,85.80330888000617,1.3807373913407015,-0.8010320272913498,-52.469650326479375,-22.91615028551509,-69.70919201704312,hourly_window_mean_factor_top_available_analogs,4,13.339951575332309,-7.781638418945097,-7.898243462764903e-13,13.339951575332309,-7.781638418945097,-7.898243462764903e-13,36.2561018608474,61.92755359809802,52.469650326479375,68.13258082963979,1.06128554363373,76.00286769749871,1.1717315293829118,87.05341829208828,1.475849802906664,91.52023290313552,1.502657477482746,85.80330888000617,1.3807373913407015,-4.466814611047241,-0.026807674576081908,-0.05762178921880223
experiment_2026_06_16_09_31_kcap_H4,SEN_demand_CEL,2025-12-24,Christmas Eve,H1,G,observance_tier,True,2025-12-24,19,True,True,4,False,2,6,4,euclidian,PCR,minmax,3,{},2025-12-23 10:00:00,2025-12-25,209.99700440078587,3.264311508669972,198.279823,3.241,,14,24,4,4,4,4,0.08722962618317757,6485.162597486817,6143.773833115406,209.99700440078587,3.264311508669972,-0.373340137367404,-10.016105644710885,186.73199719275058,2.5492964341632134,2.398893931276745,176.17047359076534,223.56825860547315,3.6814036354655815,-1.9904766774098246,-118.62494353207201,108.32257492604329,1.481595180835203,0.8015359913088799,60.25120369497784,164.10244432163304,2.7163633565791634,-0.8578416335250229,-51.00536942619692,143.55196612325787,2.2614487655155986,-0.24649198227042698,-10.016105644711484,176.17047359076534,-118.62494353207201,hourly_window_mean_factor_top_available_analogs,4,115.9192698957875,-67.61957410587509,5.983517774821897e-13,115.9192698957875,-67.61957410587509,5.983517774821897e-13,-60.251203694977846,51.00536942619692,10.016105644711484,186.73199719275058,2.5492964341632134,108.32257492604329,1.481595180835203,223.56825860547315,3.6814036354655815,164.10244432163304,2.7163633565791634,143.55196612325787,2.2614487655155986,59.4658142838401,0.9650402788864181,1.0028627431543735
experiment_2026_06_16_09_31_kcap_H4,SEN_demand_CEL,2025-12-25,Christmas Day,H2,H,observance_tier,True,2025-12-25,19,True,True,4,False,2,4,4,pearson,PLS,standard,2,{},2025-12-24 10:00:00,2025-12-26,147.1653450834048,2.7786702006106463,197.494911,3.197,,14,24,4,4,4,4,0.1370454971102479,5590.849003683437,5136.226124734777,147.1653450834048,2.7786702006106463,-2.1580433226875484,-109.19855473606759,170.7617061828462,2.763865536461797,-1.595724902754934,-96.31478330970926,133.40080110873063,2.7873062546974743,-2.486062400981574,-116.71408806810997,193.10642118161235,3.1200341472950015,-2.28172126930496,-139.81181387620967,111.03961751826843,2.245628897496808,-1.8781997122926988,-91.3408202376533,141.27475571002674,2.5677782000540375,-2.0268655490866903,-109.19855473606879,-96.31478330970926,-116.71408806810997,hourly_window_mean_factor_top_available_analogs,4,43.497030566500406,-25.373267830456673,1.1967035549643793e-12,43.497030566500406,-25.373267830456673,1.1967035549643793e-12,139.81181387620967,91.3408202376533,109.19855473606879,170.7617061828462,2.763865536461797,193.10642118161235,3.1200341472950015,133.40080110873063,2.7873062546974743,111.03961751826843,2.245628897496808,141.27475571002674,2.5677782000540375,22.361183590462204,0.5416773572006663,0.21089200055660884
experiment_2026_06_16_09_31_kcap_H4,SEN_demand_CEL,2025-12-31,New Year's Eve,H1,G,observance_tier,True,2025-12-31,19,True,True,3,False,2,7,3,pearson,LassoReg,,2,{},2025-12-30 10:00:00,2026-01-01,113.12351336535781,1.783544625456589,170.918721,2.817,,14,24,3,4,3,3,0.0933048851691628,6120.950352286073,5709.721423724278,113.12351336535781,1.783544625456589,1.5925501169804808,101.331670345505,139.24885758567325,1.9884419511130063,1.6098190099186136,114.66922446513165,97.88372923684047,1.6640211854903455,1.5824765960999034,93.55143044238946,144.92128826830913,2.0682291455340716,1.5874666650109945,113.66415216039286,95.79182287139827,1.6287457765297504,1.595794466179686,94.137722620155,113.8921522281549,1.7906607019523948,1.5927263289070102,101.3316703455058,114.66922446513165,93.55143044238946,hourly_window_mean_factor_top_available_analogs,3,1.005072304738795,-0.5862921777655478,-7.898243462764903e-13,1.005072304738795,-0.5862921777655478,-7.898243462764903e-13,-113.66415216039286,-94.137722620155,-101.3316703455058,139.24885758567325,1.9884419511130063,144.92128826830913,2.0682291455340716,97.88372923684047,1.6640211854903455,95.79182287139827,1.6287457765297504,113.8921522281549,1.7906607019523948,2.091906365442199,0.03527540896059511,-0.007116076495805812
experiment_2026_06_16_09_31_kcap_H4,SEN_demand_CEL,2026-01-01,New Year's Day,H3,H,observance_tier,True,2026-01-01,19,True,True,3,False,2,4,3,pearson,RidgeReg,,2,{},2025-12-31 10:00:00,2026-01-02,64.7508012348161,1.2358326997952889,172.134041,2.831,,14,24,3,4,3,3,0.1369653993683878,5320.159517376448,4867.173396559102,64.7508012348161,1.2358326997952889,0.5875564731053659,29.16652920249983,49.93426477578331,0.8276548538972621,-0.29224232543302325,-17.014445206181076,73.39378083591856,1.4739364432358044,1.1007724389194264,56.10543094089703,63.10149740178018,1.0426182368856838,-0.32996628453310606,-19.442166840270602,73.42734116176422,1.4787255829662598,1.1333443111739827,57.521601894114895,69.62308293440168,1.3180544554628897,0.5942298811766343,29.166529202499184,-17.014445206181076,56.10543094089703,hourly_window_mean_factor_top_available_analogs,3,2.4277216340895262,-1.4161709532178672,6.462199196807648e-13,2.4277216340895262,-1.4161709532178672,6.462199196807648e-13,19.442166840270602,-57.521601894114895,-29.166529202499184,49.93426477578331,0.8276548538972621,63.10149740178018,1.0426182368856838,73.39378083591856,1.4739364432358044,73.42734116176422,1.4787255829662598,69.62308293440168,1.3180544554628897,-0.033560325845655825,-0.004789139730455361,-0.08222175566760082
experiment_2026_06_16_09_31_kcap_H4,SEN_demand_CEL,2026-02-02,Constitution Day,H2,H,observance_tier,True,2026-02-02,19,True,True,3,False,2,4,3,pearson,RidgeReg,,2,{},2026-02-01 10:00:00,2026-02-03,108.21111617515805,1.8173178351318482,156.22993,2.577,,14,24,3,4,3,3,0.08737745363961036,6127.550019347877,5977.553249838795,108.21111617515805,1.8173178351318482,-0.45712937653950303,-30.497185926823644,137.71057618134748,2.2728776867410607,-1.752749652026417,-101.6292292205876,91.00309783821422,1.5515745883598078,0.2986491174945301,10.996505994538666,99.27871140475268,1.6344489831687228,-1.0265185699123176,-58.11127571836089,129.65379632215604,2.1887857724518227,-0.04722303966583922,-14.388966881762144,118.46297556311269,1.984556429031733,-0.40801612975664703,-30.49718592682484,-101.6292292205876,10.996505994538666,hourly_window_mean_factor_top_available_analogs,3,-43.51795350222671,25.38547287630081,1.1967035549643793e-12,-43.51795350222671,25.38547287630081,1.1967035549643793e-12,58.11127571836089,14.388966881762144,30.49718592682484,137.71057618134748,2.2728776867410607,99.27871140475268,1.6344489831687228,91.00309783821422,1.5515745883598078,129.65379632215604,2.1887857724518227,118.46297556311269,1.984556429031733,-38.650698483941824,-0.6372111840920149,-0.16723859389988482
experiment_2026_06_16_09_31_kcap_H4,SEN_demand_CEL,2026-03-16,Benito Juarez's Birthday,H2,H,observance_tier,True,2026-03-16,19,True,True,3,False,2,4,3,pearson,RidgeReg,,2,{},2026-03-15 10:00:00,2026-03-17,183.12505850715962,2.882066695799423,138.77609,2.295,,14,24,3,4,3,3,0.08512450604001298,6221.688606573829,6024.9088986434,183.12505850715962,2.882066695799423,2.1244226648224687,135.89686105775064,118.67710505097726,1.8046237996225183,-0.2518385701720722,-9.513716597418547,220.719698023266,3.510575051902618,3.510575051902618,220.719698023266,97.9220666679862,1.4928744261142683,-0.21953375904527017,-8.89302166276184,220.36303805136086,3.6089297580369077,3.6088477784645048,220.35762597804828,175.25320648906495,2.829330425223304,2.1983914225398506,135.89686105774982,-9.513716597418547,220.719698023266,hourly_window_mean_factor_top_available_analogs,3,-0.6206949346567073,0.362072045217739,8.376924884750655e-13,-0.6206949346567073,0.362072045217739,8.376924884750655e-13,8.89302166276184,-220.35762597804828,-135.89686105774982,118.67710505097726,1.8046237996225183,97.9220666679862,1.4928744261142683,220.719698023266,3.510575051902618,220.36303805136086,3.6089297580369077,175.25320648906495,2.829330425223304,0.3566599719051453,-0.09835470613428976,0.05273627057611918
experiment_2026_06_16_09_31_kcap_H4,SEN_demand_CEL,2026-04-02,Maundy Thursday,H1,G,observance_tier,True,2026-04-02,19,True,True,3,False,2,8,3,pearson,RidgeReg,,2,{},2026-04-01 10:00:00,2026-04-03,65.4658208028576,0.9583742971863346,142.075251,2.341,,14,24,3,4,3,3,0.08028144311702794,6786.469009065112,6448.567404813407,65.4658208028576,0.9583742971863346,-0.213447450859349,-15.114827749322917,85.73890039476477,1.188072078896294,-0.5613747243775443,-38.62556206803453,53.639857707578436,0.8243839245221919,-0.01048987464040163,-1.4002327300744735,82.37712633543113,1.1522979980044161,-0.9928445405942824,-70.71762607773424,73.41945621325499,1.1514075439837959,0.3336655854263702,17.32013794225107,76.71965046879356,1.151735605991393,-0.15504867152860718,-15.114827749322462,-38.62556206803453,-1.4002327300744735,hourly_window_mean_factor_top_available_analogs,3,32.0920640096997,-18.720370672325544,-4.547473508864641e-13,32.0920640096997,-18.720370672325544,-4.547473508864641e-13,70.71762607773422,-17.32013794225107,15.114827749322462,85.73890039476477,1.188072078896294,82.37712633543113,1.1522979980044161,53.639857707578436,0.8243839245221919,73.41945621325499,1.1514075439837959,76.71965046879356,1.151735605991393,-19.779598505676553,-0.32702361946160396,-0.19336130880505842
experiment_2026_06_16_09_31_kcap_H4,SEN_demand_CEL,2026-04-03,Good Friday,H2,G,observance_tier,True,2026-04-03,19,True,True,3,False,2,8,3,pearson,RidgeReg,,2,{},2026-04-02 10:00:00,2026-04-04,67.0102195477296,1.0797353779881926,140.152585,2.285,,14,24,3,4,3,3,0.08916960232795662,6272.154751109104,5933.750334049703,67.0102195477296,1.0797353779881926,-0.4176456648256024,-24.367087951209886,64.77521511080957,0.9523753405740992,-0.4737091134768515,-31.877045353792386,68.31397213593296,1.1540287331464139,-0.3849419864457071,-19.986279466370092,99.7768765467544,1.459422192137691,-1.3714784993893925,-93.68615127421195,74.68128817762454,1.2890555190653388,0.2846420220238414,16.06903232054242,83.92703126098817,1.3518221880919945,-0.3255076437599816,-24.36708795120919,-31.877045353792386,-19.986279466370092,hourly_window_mean_factor_top_available_analogs,3,61.80910592041956,-36.05531178691251,-6.9408806187934e-13,61.80910592041956,-36.05531178691251,-6.9408806187934e-13,93.68615127421195,-16.06903232054242,24.367087951209193,64.77521511080957,0.9523753405740992,99.7768765467544,1.459422192137691,68.31397213593296,1.1540287331464139,74.68128817762454,1.2890555190653388,83.92703126098817,1.3518221880919945,-6.367316041691581,-0.13502678591892492,-0.27208681010380187
experiment_2026_06_16_09_31_kcap_H4,SEN_demand_CEL,2026-04-04,Holy Saturday,H3,G,observance_tier,True,2026-04-04,19,True,True,3,False,2,8,3,pearson,LassoReg,,2,{},2026-04-03 10:00:00,2026-04-05,89.01666348969131,1.4463851485937027,125.636648,2.042,,14,24,3,4,3,3,0.07626305418591471,6050.585904229182,5957.159422896676,89.01666348969131,1.4463851485937027,0.39926664984311927,24.798134455028887,63.194276551468384,1.0125439647462922,0.21151483700678098,14.878689915095492,104.07972253698802,1.6994591725046917,0.5087885406643166,30.584477103323366,62.6874541926905,1.0284053475976527,-0.3801042119746536,-21.844209771186406,137.15565007580872,2.2845386475068157,0.9582780499825315,52.00616858698694,109.7199989609757,1.8217526949087026,0.4651898482088318,24.798134455028336,14.878689915095492,30.584477103323366,hourly_window_mean_factor_top_available_analogs,3,36.7228996862819,-21.42169148366357,5.504836352836145e-13,36.7228996862819,-21.42169148366357,5.504836352836145e-13,21.844209771186406,-52.00616858698693,-24.798134455028336,63.194276551468384,1.0125439647462922,62.6874541926905,1.0284053475976527,104.07972253698802,1.6994591725046917,137.15565007580872,2.2845386475068157,109.7199989609757,1.8217526949087026,-33.07592753882071,-0.585079475002124,-0.3753675463149999
experiment_2026_06_16_09_31_kcap_H4,SEN_demand_CEL,2026-05-01,Labor Day,H2,F,observance_tier,True,2026-05-01,19,True,True,3,False,2,8,3,pearson,LassoReg,,2,{},2026-04-30 10:00:00,2026-05-02,164.49612791005734,2.316553718304982,124.504544,2.021,,14,24,3,4,3,3,0.10848797292178362,7232.548173966175,6669.940576890633,164.49612791005734,2.316553718304982,-1.1839359360374284,-91.81675791354375,172.6748058855375,2.1609873068346257,-1.9963974552148647,-159.04086180996234,159.7252324243606,2.4073007916626894,-0.7100000498505906,-52.60269730729957,220.86557452979235,2.763270062929724,-2.2354499538356927,-175.89691157863112,135.41488052857858,2.05240757006109,-0.6174907676980007,-42.77000160890998,166.8967151606047,2.3143042779600598,-1.2135809941697822,-91.8167579135441,-159.04086180996234,-52.60269730729957,hourly_window_mean_factor_top_available_analogs,3,16.856049768668786,-9.832695698389594,3.3507699539002617e-13,16.856049768668786,-9.832695698389594,3.3507699539002617e-13,175.89691157863112,42.77000160890998,91.8167579135441,172.6748058855375,2.1609873068346257,220.86557452979235,2.763270062929724,159.7252324243606,2.4073007916626894,135.41488052857858,2.05240757006109,166.8967151606047,2.3143042779600598,24.31035189578202,0.3548932216015994,0.002249440344922249
experiment_2026_06_16_09_31_kcap_H4,SEN_demand_NES,2025-01-01,New Year's Day,H3,H,observance_tier,True,2025-01-01,19,True,True,2,False,2,4,2,pearson,PLS,minmax,2,{},2024-12-31 10:00:00,2025-01-02,111.36961839486776,2.838966075236985,358.950399,6.945,,14,24,2,4,2,2,0.09929739332739594,4016.883997741874,3736.6936213208405,111.36961839486776,2.838966075236985,2.229348546444038,84.75144646865272,83.63366793809658,1.867607397696051,0.31388865504218794,15.408737679213345,127.5489228279843,3.4055919704691964,3.3467001497617836,125.20135992915903,90.18945094610707,2.0085406925102083,1.0572058364755803,49.703836010206906,106.95662607679078,2.797577937412408,2.7533541028752886,105.19588590274543,100.77924576548627,2.5068800050800193,2.128457373149081,84.75144646865229,15.408737679213345,125.20135992915903,hourly_window_mean_factor_top_available_analogs,2,-34.29509833099356,20.005474026413594,4.308132797871765e-13,-34.29509833099356,20.005474026413594,4.308132797871765e-13,-49.703836010206906,-105.19588590274543,-84.75144646865229,83.63366793809658,1.867607397696051,90.18945094610707,2.0085406925102083,127.5489228279843,3.4055919704691964,106.95662607679078,2.797577937412408,100.77924576548627,2.5068800050800193,20.592296751193516,0.6080140330567883,0.3320860701569659
experiment_2026_06_16_09_31_kcap_H4,SEN_demand_NES,2025-02-03,Constitution Day,H2,H,observance_tier,True,2025-02-03,19,True,True,2,False,2,4,2,pearson,PLS,minmax,2,{},2025-02-02 10:00:00,2025-02-04,261.61202650296383,5.192487008686274,334.462532,6.287,,14,24,2,4,2,2,0.05838234520651097,4587.371288309105,4510.679170785741,261.61202650296383,5.192487008686274,4.515435713905544,231.11386063826305,123.80715685502881,2.5840416041627217,0.7463309469007403,41.026420936555304,341.99820046425924,6.714080161325012,6.714080161325012,341.99820046425924,116.65052353372734,2.4546355292751403,0.38548430395801586,22.20458691730541,352.9776036421559,7.01931456209194,7.01931456209194,352.9776036421559,265.90973202326114,5.337590707896276,4.575271835411019,231.11386063826362,41.026420936555304,341.99820046425924,hourly_window_mean_factor_top_available_analogs,2,18.821834019249895,-10.97940317789668,-5.74417706382902e-13,18.821834019249895,-10.97940317789668,-5.74417706382902e-13,-22.20458691730541,-352.97760364215594,-231.11386063826362,123.80715685502881,2.5840416041627217,116.65052353372734,2.4546355292751403,341.99820046425924,6.714080161325012,352.9776036421559,7.01931456209194,265.90973202326114,5.337590707896276,-10.979403177896643,-0.30523440076692765,-0.14510369921000255
experiment_2026_06_16_09_31_kcap_H4,SEN_demand_NES,2025-03-17,Benito Juarez's Birthday,H2,H,observance_tier,True,2025-03-17,19,True,True,2,False,2,4,2,pearson,PLS,minmax,2,{},2025-03-16 10:00:00,2025-03-18,301.2960492356495,5.605563661377988,329.112848,6.161,,14,24,2,4,2,2,0.04559679662470909,4926.9479360151045,4808.020828976616,301.2960492356495,5.605563661377988,5.031881095179879,272.8158592480539,248.13348117096135,4.548102080523323,2.9909636865570266,170.83010834748762,332.30754727338433,6.222416250209876,6.222416250209876,332.30754727338433,271.1996636021113,4.91865109975214,3.8772595548073716,219.78562627301406,303.83644369822315,5.480681734148607,5.478798213827641,303.7501618168266,291.81236682070823,5.273617816213067,4.888757655241226,272.8158592480536,170.83010834748762,332.30754727338433,hourly_window_mean_factor_top_available_analogs,2,-48.95551792552643,28.55738545655773,4.0687920868788895e-13,-48.95551792552643,28.55738545655773,4.0687920868788895e-13,-219.78562627301406,-303.7501618168266,-272.8158592480535,248.13348117096135,4.548102080523323,271.1996636021113,4.91865109975214,332.30754727338433,6.222416250209876,303.83644369822315,5.480681734148607,291.81236682070823,5.273617816213067,28.47110357516118,0.7417345160612685,0.3319458451649213
experiment_2026_06_16_09_31_kcap_H4,SEN_demand_NES,2025-04-17,Maundy Thursday,H1,G,observance_tier,True,2025-04-17,19,True,True,5,False,2,6,5,pearson,RidgeReg,standard,2,{},2025-04-16 10:00:00,2025-04-18,697.491030433441,9.635615465714462,307.877911,5.806,,14,24,4,4,5,4,0.058664882711432186,6575.541035916787,6103.594253173396,697.491030433441,9.635615465714462,9.419090508537282,682.0093082937397,310.2792651880194,3.9801460532382893,3.3924354551859386,268.25744795168697,923.3645601599368,12.934639289658897,12.934639289658897,923.3645601599368,609.5320120542484,7.888800906354261,7.888800906354261,609.5320120542484,724.2877311001085,10.204206725803713,10.204206725803713,724.2877311001085,682.0093082937391,9.351162476532862,9.351162476532862,682.0093082937391,268.25744795168697,923.3645601599368,hourly_window_mean_factor_top_available_analogs,4,-341.27456410256156,199.07682905982833,4.786814219857517e-13,-341.27456410256156,199.07682905982833,4.786814219857517e-13,-609.5320120542485,-724.2877311001084,-682.0093082937392,310.2792651880194,3.9801460532382893,609.5320120542484,7.888800906354261,923.3645601599368,12.934639289658897,724.2877311001085,10.204206725803713,682.0093082937391,9.351162476532862,199.07682905982824,2.7304325638551834,0.28445298918160056
experiment_2026_06_16_09_31_kcap_H4,SEN_demand_NES,2025-04-18,Good Friday,H2,G,observance_tier,True,2025-04-18,19,True,True,5,False,2,6,5,pearson,RidgeReg,standard,2,{},2025-04-17 10:00:00,2025-04-19,576.0459759227168,8.388443664017299,324.084854,5.779,,14,24,4,4,5,4,0.06816933926364226,6397.132262571033,5935.472033627199,576.0459759227168,8.388443664017299,6.8346070072188025,471.4463116394937,321.3400008654312,4.489855232614649,0.2722985927330149,37.42662638239712,724.6244613728,10.662620249002181,10.662620249002181,724.6244613728,350.94260945154645,4.75626944568316,3.235569379080513,250.83159811074438,600.1382278645974,8.78623118685242,8.78623118685242,600.1382278645974,508.3293158176838,7.301508440105851,6.7412505208311915,471.44631163949356,37.42662638239712,724.6244613728,hourly_window_mean_factor_top_available_analogs,4,-213.40497172834725,124.48623350820269,7.180221329786275e-14,-213.40497172834725,124.48623350820269,7.180221329786275e-14,-250.83159811074438,-600.1382278645974,-471.4463116394936,321.3400008654312,4.489855232614649,350.94260945154645,4.75626944568316,724.6244613728,10.662620249002181,600.1382278645974,8.78623118685242,508.3293158176838,7.301508440105851,124.48623350820264,1.8763890621497605,1.0869352239114471
experiment_2026_06_16_09_31_kcap_H4,SEN_demand_NES,2025-04-19,Holy Saturday,H3,G,observance_tier,True,2025-04-19,19,True,True,6,False,2,6,6,pearson,RidgeReg,standard,2,{},2025-04-18 10:00:00,2025-04-20,269.28308530263627,4.102296101800416,339.065982,5.794,,14,24,4,4,6,4,0.058949823824129055,6660.549507593724,6567.128925727263,269.28308530263627,4.102296101800416,-1.3568401416884803,-92.55714838319629,76.93277493104395,1.1482235600528532,-0.08652210460070209,-0.8347336505097311,381.4874330193984,5.825505084486493,-2.0978589966563512,-146.0618903105968,243.34064731817867,3.730825438528583,-3.3052471250756073,-212.90539062213324,132.6949809798974,2.0306987193381363,-0.3343710528407358,-22.35400707715227,173.45917384136942,2.657061194829353,-1.428904342611478,-92.5571483831979,-0.8347336505097311,-146.0618903105968,hourly_window_mean_factor_top_available_analogs,4,212.07065697162352,-123.70788323344452,1.6035827636522681e-12,212.07065697162352,-123.70788323344452,1.6035827636522681e-12,212.90539062213324,22.354007077152275,92.5571483831979,76.93277493104395,1.1482235600528532,243.34064731817867,3.730825438528583,381.4874330193984,5.825505084486493,132.6949809798974,2.0306987193381363,173.45917384136942,2.657061194829353,248.792452039501,3.794806365148357,1.4452349069710628
experiment_2026_06_16_09_31_kcap_H4,SEN_demand_NES,2025-05-01,Labor Day,H2,F,observance_tier,True,2025-05-01,19,True,True,3,False,2,6,3,pearson,RidgeReg,minmax,2,{},2025-04-30 10:00:00,2025-05-02,522.7796111060597,6.4988724863671425,326.29346,5.806,,14,24,3,4,3,3,0.05792365031089098,7642.451347122441,7584.805756440517,522.7796111060597,6.4988724863671425,1.552558037812981,167.34438919334832,785.752560279974,9.059890395949795,9.059890395949795,785.752560279974,369.378724087943,5.004945372443929,-2.8267191711001587,-193.3937106071833,724.9633123692166,8.39739405008018,8.39739405008018,724.9633123692166,426.9913428680614,5.652752246154743,-2.208686866526802,-157.93331599257408,536.7704895263818,6.663936068653588,1.6988166290652444,167.3443891933488,785.752560279974,-193.3937106071833,hourly_window_mean_factor_top_available_analogs,3,60.78924791075724,-35.46039461460922,-5.265495641843269e-13,60.78924791075724,-35.46039461460922,-5.265495641843269e-13,-724.9633123692167,157.93331599257408,-167.34438919334886,785.752560279974,9.059890395949795,724.9633123692166,8.39739405008018,369.378724087943,5.004945372443929,426.9913428680614,5.652752246154743,536.7704895263818,6.663936068653588,-57.612618780118396,-0.647806873710814,-0.1650635822864457
experiment_2026_06_16_09_31_kcap_H4,SEN_demand_NES,2025-09-16,Independence Day,H2,H,observance_tier,True,2025-09-16,19,True,True,4,False,2,4,4,pearson,PLS,standard,2,{},2025-09-15 10:00:00,2025-09-17,548.4819645718114,7.5937029566598016,358.406365,6.065,,14,24,4,4,4,4,0.07435412651688696,6774.154943686438,6976.2351713279495,548.4819645718114,7.5937029566598016,4.797262835020788,366.23536841882486,948.3370701275807,12.787316067815997,12.787316067815997,948.3370701275807,315.2331529976127,4.564095308485354,0.1363984492235836,26.676042422050767,910.4872375231304,12.301877552682894,12.301877552682894,910.4872375231304,273.98304189004676,4.019946098544865,0.5975146946977891,48.75511144131398,508.4845876496038,7.071184002700981,4.909648379218617,366.23536841882515,948.3370701275807,26.676042422050767,hourly_window_mean_factor_top_available_analogs,4,37.84983260445025,-22.079069019263216,-3.590110664893138e-13,37.84983260445025,-22.079069019263216,-3.590110664893138e-13,-910.4872375231304,-48.755111441313986,-366.2353684188252,948.3370701275807,12.787316067815997,910.4872375231304,12.301877552682894,315.2331529976127,4.564095308485354,273.98304189004676,4.019946098544865,508.4845876496038,7.071184002700981,41.25011110756594,0.544149209940489,0.5225189539588202
experiment_2026_06_16_09_31_kcap_H4,SEN_demand_NES,2025-11-17,Mexican Revolution Day,H2,F,observance_tier,True,2025-11-17,19,True,True,5,False,2,6,5,pearson,RidgeReg,standard,2,{},2025-11-16 10:00:00,2025-11-18,326.06475462718976,5.4470257659373935,365.046355,6.032,,14,24,4,4,5,4,0.06356673686789346,5496.795859042775,5466.801161477934,326.06475462718976,5.4470257659373935,4.749204163832288,290.8795693782763,288.8486493788295,4.91460640830382,3.020519202589964,193.34600370320726,347.7741493553999,5.757603724556977,5.757603724556977,347.7741493553999,315.6325251492132,5.3102263117429755,4.273803298259298,263.5837501617681,306.802130587908,5.078488124787551,5.078488124787551,306.802130587908,310.0554338473363,5.1638653515606014,4.782025293961353,290.87956937827755,193.34600370320726,347.7741493553999,hourly_window_mean_factor_top_available_analogs,4,-70.23774645856085,40.972018767491896,-1.2206376260636668e-12,-70.23774645856085,40.972018767491896,-1.2206376260636668e-12,-263.5837501617681,-306.80213058790804,-290.8795693782775,288.8486493788295,4.91460640830382,315.6325251492132,5.3102263117429755,347.7741493553999,5.757603724556977,306.802130587908,5.078488124787551,310.0554338473363,5.1638653515606014,40.97201876749193,0.6791155997694256,0.28316041437679207
experiment_2026_06_16_09_31_kcap_H4,SEN_demand_NES,2025-12-24,Christmas Eve,H1,G,observance_tier,True,2025-12-24,19,True,True,3,False,2,6,3,pearson,RidgeReg,minmax,2,{},2025-12-23 10:00:00,2025-12-25,181.0552532560916,3.588604629600163,359.914296,6.114,,14,24,3,4,3,3,0.09402357323866246,5389.065793013916,5141.877829513945,181.0552532560916,3.588604629600163,-2.447893773045732,-115.2199343297048,120.99292834178972,2.0689760031842,0.19068815535750888,14.348205986134547,216.091609456101,4.475054661676141,-3.9870665646142895,-190.80134951394442,228.4070574202911,3.9609395566482446,-3.9609395566482446,-228.4070574202911,154.75610870856357,3.127172545867264,-1.0651252562523654,-49.19411252686359,181.89066876025265,3.4343498656286777,-2.132004209029794,-115.21993432970531,14.348205986134547,-190.80134951394442,hourly_window_mean_factor_top_available_analogs,3,242.75526340642566,-141.60723698708082,5.026154930850393e-13,242.75526340642566,-141.60723698708082,5.026154930850393e-13,228.4070574202911,49.19411252686359,115.2199343297053,120.99292834178972,2.0689760031842,228.4070574202911,3.9609395566482446,216.091609456101,4.475054661676141,154.75610870856357,3.127172545867264,181.89066876025265,3.4343498656286777,61.335500747537424,1.3478821158088765,0.15425476397148508
experiment_2026_06_16_09_31_kcap_H4,SEN_demand_NES,2025-12-25,Christmas Day,H2,H,observance_tier,True,2025-12-25,19,True,True,4,False,2,4,4,pearson,RidgeReg,standard,2,{},2025-12-24 10:00:00,2025-12-26,102.6866648148095,2.4358106087447426,341.545105,5.528,,14,24,4,4,4,4,0.08253219342587756,4575.803100148612,4332.350372342859,102.6866648148095,2.4358106087447426,-1.7619102725317461,-69.8890462012439,80.0278888301235,1.6471519237594927,-0.9928841494485553,-46.65093781561687,115.90428413920966,2.8958615083194723,-2.210508844330274,-83.444609426193,96.54997632482537,1.9752674548173936,-0.7161734134093459,-32.38838510220181,121.20154380961311,3.0177421845475134,-2.379322294428947,-91.76443184235198,112.1193873678492,2.6336725472785227,-1.766583233000673,-69.88904620124401,-46.65093781561687,-83.444609426193,hourly_window_mean_factor_top_available_analogs,4,-14.262552713415062,8.319822416158976,1.1967035549643792e-13,-14.262552713415062,8.319822416158976,1.1967035549643792e-13,32.38838510220181,91.76443184235197,69.88904620124401,80.0278888301235,1.6471519237594927,96.54997632482537,1.9752674548173936,115.90428413920966,2.8958615083194723,121.20154380961311,3.0177421845475134,112.1193873678492,2.6336725472785227,-5.297259670403449,-0.12188067622804111,-0.1978619385337801
experiment_2026_06_16_09_31_kcap_H4,SEN_demand_NES,2025-12-31,New Year's Eve,H1,G,observance_tier,True,2025-12-31,19,True,True,7,False,2,7,7,pearson,RidgeReg,standard,2,{},2025-12-30 10:00:00,2026-01-01,246.37057657828433,5.352761728335151,275.494342,4.675,,14,24,4,4,7,4,0.05257560159958463,4878.659138251793,4679.865345328671,246.37057657828433,5.352761728335151,-2.6100257228675705,-111.1087803570551,193.18796182828055,3.8364148158732854,-2.000944799176858,-95.06796326285719,277.39376851578646,6.23729742727124,-2.9653229283538196,-120.46592366200389,174.50130442988615,3.4499354999108363,-1.2076897168408156,-56.189050639467624,341.21713337058594,7.670897445696137,-3.5207329372906098,-143.14528935898227,279.7955121819071,6.115806202512078,-2.668559119230159,-111.10878035705582,-95.06796326285719,-120.46592366200389,hourly_window_mean_factor_top_available_analogs,4,-38.87891262338956,22.67936569697838,7.180221329786276e-13,-38.87891262338956,22.67936569697838,7.180221329786276e-13,56.18905063946763,143.14528935898227,111.10878035705582,193.18796182828055,3.8364148158732854,174.50130442988615,3.4499354999108363,277.39376851578646,6.23729742727124,341.21713337058594,7.670897445696137,279.7955121819071,6.115806202512078,-63.82336485479948,-1.4336000184248974,-0.7630444741769269
experiment_2026_06_16_09_31_kcap_H4,SEN_demand_NES,2026-01-01,New Year's Day,H3,H,observance_tier,True,2026-01-01,19,True,True,4,False,2,4,4,pearson,PLS,,4,{},2025-12-31 10:00:00,2026-01-02,544.8728817288611,13.943180697392584,291.78457,5.137,,14,24,4,4,4,4,0.08489472699506968,4604.32139567623,4488.617322391845,544.8728817288611,13.943180697392584,-13.943180697392584,-544.8728817288611,408.45523844946035,9.431317283586992,-9.431317283586992,-408.45523844946035,624.4498403085114,16.575101022112513,-16.575101022112513,-624.4498403085114,610.8343852042416,13.98162901724274,-13.98162901724274,-610.8343852042416,506.3953380348903,13.153134556379735,-13.153134556379735,-506.3953380348903,544.8728817288618,13.458369357750318,-13.458369357750318,-544.8728817288618,-408.45523844946035,-624.4498403085114,hourly_window_mean_factor_top_available_analogs,4,202.37914675478123,-118.0545022736211,8.137584173757779e-13,202.37914675478123,-118.0545022736211,8.137584173757779e-13,610.8343852042416,506.3953380348903,544.8728817288619,408.45523844946035,9.431317283586992,610.8343852042416,13.98162901724274,624.4498403085114,16.575101022112513,506.3953380348903,13.153134556379735,544.8728817288618,13.458369357750318,118.0545022736211,3.421966465732778,0.48481133964226686
experiment_2026_06_16_09_31_kcap_H4,SEN_demand_NES,2026-02-02,Constitution Day,H2,H,observance_tier,True,2026-02-02,19,True,True,4,False,2,4,4,pearson,RidgeReg,standard,2,{},2026-02-01 10:00:00,2026-02-03,335.72136128440576,6.714018277189275,313.864687,5.617,,14,24,4,4,4,4,0.06426639524178371,5403.519283408301,5432.154369372719,335.72136128440576,6.714018277189275,-6.629684460232846,-331.31174998724714,203.0333145615826,4.026061470920898,-3.797155396324872,-191.06436961215195,413.1227218727193,8.281993080845831,-8.281993080845831,-413.1227218727193,130.0281351333676,2.5035735166491464,-1.188027482663992,-61.59507985401667,488.64647423163325,9.706865958440515,-9.706865958440515,-488.64647423163325,356.5239282480617,7.053021374622642,-6.568346519996532,-331.3117499872482,-191.06436961215195,-413.1227218727193,hourly_window_mean_factor_top_available_analogs,4,-129.4692897581353,75.52375235891391,1.0530991283686538e-12,-129.4692897581353,75.52375235891391,1.0530991283686538e-12,61.59507985401666,488.6464742316332,331.3117499872482,203.0333145615826,4.026061470920898,130.0281351333676,2.5035735166491464,413.1227218727193,8.281993080845831,488.64647423163325,9.706865958440515,356.5239282480617,7.053021374622642,-75.52375235891395,-1.4248728775946837,-0.3390030974333662
experiment_2026_06_16_09_31_kcap_H4,SEN_demand_NES,2026-03-16,Benito Juarez's Birthday,H2,H,observance_tier,True,2026-03-16,19,True,True,4,False,2,4,4,pearson,RidgeReg,standard,2,{},2026-03-15 10:00:00,2026-03-17,465.63578617656566,7.850146005878007,318.402684,5.696,,14,24,4,4,4,4,0.09569338363867826,5402.834428473983,4997.8553069036,465.63578617656566,7.850146005878007,2.985682579457644,217.08493468391293,629.1482989667933,9.630046038966244,3.6627458076406043,296.61778097679206,370.25348704893275,6.811870986576537,2.5907290296842507,170.6907743464001,632.9236250472771,9.615883054003874,4.678309577881909,359.77084043230155,394.82137942440045,7.19810254416359,1.8622749956262856,133.8514896640172,482.54325939072345,8.088863784631064,2.899761420667831,217.08493468391143,296.61778097679206,170.6907743464001,hourly_window_mean_factor_top_available_analogs,4,-63.15305945550946,36.8392846823829,1.507846479255118e-12,-63.15305945550946,36.8392846823829,1.507846479255118e-12,-359.7708404323015,-133.8514896640172,-217.08493468391143,629.1482989667933,9.630046038966244,632.9236250472771,9.615883054003874,370.25348704893275,6.811870986576537,394.82137942440045,7.19810254416359,482.54325939072345,8.088863784631064,-24.567892375467693,-0.3862315575870534,-0.238717778753057
experiment_2026_06_16_09_31_kcap_H4,SEN_demand_NES,2026-04-02,Maundy Thursday,H1,G,observance_tier,True,2026-04-02,19,True,True,8,False,2,8,8,pearson,RidgeReg,standard,2,{},2026-04-01 10:00:00,2026-04-03,504.0703555590601,6.743906953062435,321.299945,5.957,,14,24,4,4,8,4,0.06250034346284672,6973.393403666725,6589.542499750397,504.0703555590601,6.743906953062435,6.738613401403648,503.66407791222235,236.93392894669907,2.9371761562172867,2.922807944572008,235.83117533385362,659.8999377496042,8.964499917888771,8.964499917888771,659.8999377496042,371.97371412090837,4.666345194616075,4.666345194616075,371.97371412090837,580.4834567904887,7.866964071729309,7.866964071729309,580.4834567904887,503.66407791222235,6.68778869595075,6.68778869595075,503.66407791222235,235.83117533385362,659.8999377496042,hourly_window_mean_factor_top_available_analogs,4,-136.14253878705475,79.41648095911539,7.180221329786275e-14,-136.14253878705475,79.41648095911539,7.180221329786275e-14,-371.97371412090837,-580.4834567904888,-503.6640779122223,236.93392894669907,2.9371761562172867,371.97371412090837,4.666345194616075,659.8999377496042,8.964499917888771,580.4834567904887,7.866964071729309,503.66407791222235,6.68778869595075,79.41648095911546,1.0975358461594622,0.05611825711168539
experiment_2026_06_16_09_31_kcap_H4,SEN_demand_NES,2026-04-03,Good Friday,H2,G,observance_tier,True,2026-04-03,19,True,True,8,False,2,8,8,pearson,RidgeReg,standard,2,{},2026-04-02 10:00:00,2026-04-04,144.34662198226792,2.099590991301974,340.686433,6.131,,14,24,4,4,8,4,0.06061087184109065,7160.94778904585,6936.92029546311,144.34662198226792,2.099590991301974,-2.0287284227103752,-139.29578115111505,117.94122356812854,1.622245118858631,-1.5775452130830725,-114.48412661626662,159.74977105718256,2.3780427502272574,-2.2919186283263016,-153.7692462964433,255.87209012708212,3.5671803329432428,-3.5671803329432428,-255.87209012708212,80.95499860351788,1.2270150515138427,-1.0871652074053786,-71.29293424846476,145.39813758588366,2.0891812078299377,-2.0008549904982758,-139.29578115111326,-114.48412661626662,-153.7692462964433,hourly_window_mean_factor_top_available_analogs,4,141.3879635108155,-82.47631204797854,-1.7950553324465688e-12,141.3879635108155,-82.47631204797854,-1.7950553324465688e-12,255.87209012708212,71.29293424846476,139.29578115111326,117.94122356812854,1.622245118858631,255.87209012708212,3.5671803329432428,159.74977105718256,2.3780427502272574,80.95499860351788,1.2270150515138427,145.39813758588366,2.0891812078299377,78.79477245366468,1.1510276987134147,0.01040978347203625
experiment_2026_06_16_09_31_kcap_H4,SEN_demand_NES,2026-04-04,Holy Saturday,H3,G,observance_tier,True,2026-04-04,19,True,True,8,False,2,8,8,pearson,RidgeReg,standard,2,{},2026-04-03 10:00:00,2026-04-05,379.82673181545323,5.961296199595529,337.482324,6.012,,14,24,4,4,8,4,0.06318688879961444,6822.526639447031,6681.295450784025,379.82673181545323,5.961296199595529,-5.961296199595529,-379.82673181545323,258.9337885836164,3.805320390062758,-3.805320390062758,-258.9337885836164,450.34761536735806,7.2189487551563145,-7.2189487551563145,-450.34761536735806,468.6017119059339,6.968008570801411,-6.968008570801411,-468.6017119059339,328.0413267626709,5.25346978110661,-5.25346978110661,-328.0413267626709,379.826731815452,5.8851419667836415,-5.8851419667836415,-379.826731815452,-258.9337885836164,-450.34761536735806,hourly_window_mean_factor_top_available_analogs,4,209.66792332231748,-122.30628860468721,-1.268505768262242e-12,209.66792332231748,-122.30628860468721,-1.268505768262242e-12,468.6017119059338,328.04132676267085,379.826731815452,258.9337885836164,3.805320390062758,468.6017119059339,6.968008570801411,450.34761536735806,7.2189487551563145,328.0413267626709,5.25346978110661,379.826731815452,5.8851419667836415,122.30628860468715,1.965478974049705,0.07615423281188782
experiment_2026_06_16_09_31_kcap_H4,SEN_demand_NES,2026-05-01,Labor Day,H2,F,observance_tier,True,2026-05-01,19,True,True,8,False,2,8,8,pearson,RidgeReg,standard,2,{},2026-04-30 10:00:00,2026-05-02,1130.40781420586,15.122672527049946,381.93216,6.816,,14,24,4,4,8,4,0.06337270434956653,8997.422555784808,8575.89398213981,1130.40781420586,15.122672527049946,-15.122672527049946,-1130.40781420586,761.4142263190848,8.444430315122847,-8.444430315122847,-761.4142263190848,1345.6540738064787,19.018313817340758,-19.018313817340758,-1345.6540738064787,416.6949299135153,4.654026639141352,-4.654026639141352,-416.6949299135153,1546.7403300430615,22.059680542386786,-22.059680542386786,-1546.7403300430615,1130.40781420586,15.647071209612148,-15.647071209612148,-1130.40781420586,-761.4142263190848,-1345.6540738064787,hourly_window_mean_factor_top_available_analogs,4,-344.7192964055695,201.08625623658293,4.547473508864641e-13,-344.7192964055695,201.08625623658293,4.547473508864641e-13,416.69492991351535,1546.7403300430615,1130.4078142058604,761.4142263190848,8.444430315122847,416.6949299135153,4.654026639141352,1345.6540738064787,19.018313817340758,1546.7403300430615,22.059680542386786,1130.40781420586,15.647071209612148,-201.0862562365828,-3.0413667250460286,-0.524398682562202
experiment_2026_06_16_09_31_kcap_H4,SEN_demand_NOR,2025-01-01,New Year's Day,H3,H,observance_tier,True,2025-01-01,19,True,True,2,False,2,4,2,pearson,LassoReg,,2,{},2024-12-31 10:00:00,2025-01-02,34.71814995429789,1.8337820213020892,80.228019,3.78,,14,24,2,4,2,2,0.09551917728693611,1843.1980574921904,1724.9930902459937,34.71814995429789,1.8337820213020892,0.7888441189156583,17.280499613072745,40.32121042778236,1.8963760013528825,1.4617038825643165,31.565100085757845,31.449698011431952,1.7972688662724596,0.39634259012060785,8.947816004006436,40.75960564553312,1.9509400610066547,0.5423886408698149,12.440696249809823,34.654756607838884,1.9686407746267491,1.057724515739492,20.10371824164279,36.903911516463076,1.962119459082504,0.86786393026119,17.28049961307275,31.565100085757845,8.947816004006436,hourly_window_mean_factor_top_available_analogs,2,19.12440383594802,-11.155902237636354,-5.983517774821896e-15,19.12440383594802,-11.155902237636354,-5.983517774821896e-15,-12.440696249809825,-20.103718241642788,-17.280499613072752,40.32121042778236,1.8963760013528825,40.75960564553312,1.9509400610066547,31.449698011431952,1.7972688662724596,34.654756607838884,1.9686407746267491,36.903911516463076,1.962119459082504,-3.205058596406932,-0.1713719083542895,-0.12833743778041473
experiment_2026_06_16_09_31_kcap_H4,SEN_demand_NOR,2025-02-03,Constitution Day,H2,H,observance_tier,True,2025-02-03,19,True,True,2,False,2,4,2,pearson,LassoReg,,2,{},2025-02-02 10:00:00,2025-02-04,24.06234948406324,1.207408863461301,67.800657,3.121,,14,24,2,4,2,2,0.0632666559953959,1947.1562915094564,1930.224214543888,24.06234948406324,1.207408863461301,-0.019165142332140003,0.5841374379113787,29.88032331609848,1.5461192345391621,-1.4229191355598751,-27.446747021860997,20.66853141537602,1.0098278136658816,0.7996913537173723,16.93548670611193,26.250988461352318,1.3405581424401027,-1.1946353706671433,-23.392795205312805,16.569003898180416,0.8105293245363678,0.7023755517962748,14.570681479793175,20.136050842506908,1.0058030995535334,0.003476790888699589,0.5841374379120249,-27.446747021860997,16.93548670611193,hourly_window_mean_factor_top_available_analogs,2,-4.053951816548192,2.364805226318756,-6.462199196807648e-13,-4.053951816548192,2.364805226318756,-6.462199196807648e-13,23.392795205312805,-14.570681479793175,-0.584137437912025,29.88032331609848,1.5461192345391621,26.250988461352318,1.3405581424401027,20.66853141537602,1.0098278136658816,16.569003898180416,0.8105293245363678,20.136050842506908,1.0058030995535334,4.099527517195604,0.19929848912951376,0.20160576390776752
experiment_2026_06_16_09_31_kcap_H4,SEN_demand_NOR,2025-03-17,Benito Juarez's Birthday,H2,H,observance_tier,True,2025-03-17,19,True,True,2,False,2,4,2,pearson,LassoReg,,2,{},2025-03-16 10:00:00,2025-03-18,52.941095419215664,2.418028972731008,66.464534,3.059,,14,24,2,4,2,2,0.06384725623713501,2068.0149191117584,2065.43143326324,52.941095419215664,2.418028972731008,2.33807763569298,51.384238782978244,34.64107000399032,1.621822831813505,1.4279572752066216,30.841209433637864,63.61611024476378,2.8824825549328836,2.868981179310022,63.36767257009347,31.150423496952175,1.4672704851002496,1.2848012223396288,27.572555826031184,65.40535095519279,2.9634051433240494,2.956287900747812,65.27438717453099,52.7851145232094,2.4121976376626493,2.340477019229007,51.38423878297843,30.841209433637864,63.36767257009347,hourly_window_mean_factor_top_available_analogs,2,3.2686536076066823,-1.906714604437525,-1.8548905101947878e-13,3.2686536076066823,-1.906714604437525,-1.8548905101947878e-13,-27.57255582603118,-65.274387174531,-51.38423878297843,34.64107000399032,1.621822831813505,31.150423496952175,1.4672704851002496,63.61611024476378,2.8824825549328836,65.40535095519279,2.9634051433240494,52.7851145232094,2.4121976376626493,-1.7892407104290058,-0.08092258839116573,0.005831335068358534
experiment_2026_06_16_09_31_kcap_H4,SEN_demand_NOR,2025-04-17,Maundy Thursday,H1,G,observance_tier,True,2025-04-17,19,True,True,2,False,2,6,2,pearson,LassoReg,,2,{},2025-04-16 10:00:00,2025-04-18,132.65941578012408,4.3742940289434085,67.564104,3.102,,14,24,2,4,2,2,0.054317913629685494,3117.0151084158515,3013.4666838486537,132.65941578012408,4.3742940289434085,-2.3984506085837407,-66.5633244684836,97.96019198912794,2.861742711468247,1.2797624144786754,46.459777326093864,152.90062965820513,5.25661563080392,-4.544074872036817,-132.49346718198714,149.42874286159199,4.3170675103075595,3.615826179946233,128.87622970096066,197.50752969193385,7.073011596294464,-6.5516249199779955,-180.56973106732525,179.79429243865002,6.057663775141394,-2.8057218831638058,-66.56332446848307,46.459777326093864,-132.49346718198714,hourly_window_mean_factor_top_available_analogs,2,-82.4164523748668,48.07626388533811,-5.385165997339706e-13,-82.4164523748668,48.07626388533811,-5.385165997339706e-13,-128.87622970096066,180.56973106732525,66.56332446848306,97.96019198912794,2.861742711468247,149.42874286159199,4.3170675103075595,152.90062965820513,5.25661563080392,197.50752969193385,7.073011596294464,179.79429243865002,6.057663775141394,-44.60690003372872,-1.8163959654905435,-1.683369746197986
experiment_2026_06_16_09_31_kcap_H4,SEN_demand_NOR,2025-04-18,Good Friday,H2,G,observance_tier,True,2025-04-18,19,True,True,2,False,2,6,2,pearson,LassoReg,,2,{},2025-04-17 10:00:00,2025-04-19,426.2237746091107,16.257526949414423,70.621221,3.109,,14,24,2,4,2,2,0.06132570182048191,3086.050993293321,2977.3322562218823,426.2237746091107,16.257526949414423,-16.257526949414423,-426.2237746091107,340.3550068443591,11.601631558430011,-11.601631558430011,-340.3550068443591,476.31388913854926,18.973465927488657,-18.973465927488657,-476.31388913854926,274.52083459780073,9.53810985919496,-9.53810985919496,-274.52083459780073,514.7171562823743,20.80817651061288,-20.80817651061288,-514.7171562823743,426.22377460911036,16.656046691669435,-16.656046691669435,-426.22377460911036,-340.3550068443591,-476.31388913854926,hourly_window_mean_factor_top_available_analogs,2,-65.83417224655831,38.403267143825076,-3.8294513758860134e-13,-65.83417224655831,38.403267143825076,-3.8294513758860134e-13,274.5208345978008,514.7171562823744,426.2237746091103,340.3550068443591,11.601631558430011,274.52083459780073,9.53810985919496,476.31388913854926,18.973465927488657,514.7171562823743,20.80817651061288,426.22377460911036,16.656046691669435,-38.40326714382502,-1.8347105831242239,-0.3985197422550115
experiment_2026_06_16_09_31_kcap_H4,SEN_demand_NOR,2025-04-19,Holy Saturday,H3,G,observance_tier,True,2025-04-19,19,True,True,2,False,2,6,2,pearson,RidgeReg,,2,{},2025-04-18 10:00:00,2025-04-20,195.57324813153645,7.883849552026582,88.924589,3.748,,14,24,2,4,2,2,0.05625584976540841,2622.033896260572,2520.9266377785866,195.57324813153645,7.883849552026582,-7.511178210420185,-187.04861836583532,320.7137565154044,12.852411955504092,-12.852411955504092,-320.7137565154044,122.57461824094678,4.985521483331369,-4.395458525787908,-109.07728777858672,252.91130395715004,10.2248898436622,-10.2248898436622,-252.91130395715004,152.91915417993,6.529017762086146,-6.369310774827354,-148.62871843756815,189.7583672557479,7.890654844772061,-7.789787273871772,-187.04861836583518,-320.7137565154044,-109.07728777858672,hourly_window_mean_factor_top_available_analogs,2,-67.80245255825434,39.55143065898144,-1.6753849769501309e-13,-67.80245255825434,39.55143065898144,-1.6753849769501309e-13,252.91130395715004,148.62871843756815,187.04861836583515,320.7137565154044,12.852411955504092,252.91130395715004,10.2248898436622,122.57461824094678,4.985521483331369,152.91915417993,6.529017762086146,189.7583672557479,7.890654844772061,-30.344535938983213,-1.5434962787547768,-0.006805292745478475
experiment_2026_06_16_09_31_kcap_H4,SEN_demand_NOR,2025-05-01,Labor Day,H2,F,observance_tier,True,2025-05-01,19,True,True,2,False,2,6,2,pearson,RidgeReg,,2,{},2025-04-30 10:00:00,2025-05-02,136.81711567220847,4.7027207215542175,101.412733,4.223,,14,24,2,4,2,2,0.06945787699374333,2814.0140243227543,2791.0571273152914,136.81711567220847,4.7027207215542175,1.2346857613944002,52.04300462461461,214.4216022358818,6.708628430508093,6.708628430508093,214.4216022358818,91.54783184339908,3.532607891331123,-1.9584474622552535,-42.67784398195791,175.946440574749,5.43088361671704,5.270353973913579,171.8753170437514,118.68308939129548,4.492643239952475,-1.242833583876245,-17.859177619882626,139.78011351151517,4.838310747181526,1.1567618321515851,52.04300462461412,214.4216022358818,-42.67784398195791,hourly_window_mean_factor_top_available_analogs,2,42.54628519213039,-24.818666362075287,4.906484575353955e-13,42.54628519213039,-24.818666362075287,4.906484575353955e-13,-171.8753170437514,17.859177619882626,-52.04300462461412,214.4216022358818,6.708628430508093,175.946440574749,5.43088361671704,91.54783184339908,3.532607891331123,118.68308939129548,4.492643239952475,139.78011351151517,4.838310747181526,-27.1352575478964,-0.9600353486213518,-0.13559002562730882
experiment_2026_06_16_09_31_kcap_H4,SEN_demand_NOR,2025-09-16,Independence Day,H2,H,observance_tier,True,2025-09-16,19,True,True,2,False,2,4,2,pearson,RidgeReg,,2,{},2025-09-15 10:00:00,2025-09-17,150.4461383092611,3.6941839226176496,104.381229,4.291,,14,24,2,4,2,2,0.09159264999715855,4166.767673185861,4049.3457190499284,150.4461383092611,3.6941839226176496,-1.3671031182979292,-64.9675797648079,75.73725647602721,1.814496906651036,0.9216258964639935,35.041241152541325,194.02631937864757,4.790668015264842,-2.7021950435757183,-123.3060586332616,91.18170964971425,2.0291491380049895,1.7939975572057278,81.023439432861,150.1290076301156,3.7402077747974887,-3.7402077747974887,-150.1290076301156,128.41158205838877,3.109817750716042,-1.7012900209015664,-64.96757976480843,35.041241152541325,-123.3060586332616,hourly_window_mean_factor_top_available_analogs,2,-45.98219828031967,26.822948996854013,5.504836352836145e-13,-45.98219828031967,26.822948996854013,5.504836352836145e-13,-81.023439432861,150.1290076301156,64.96757976480845,75.73725647602721,1.814496906651036,91.18170964971425,2.0291491380049895,194.02631937864757,4.790668015264842,150.1290076301156,3.7402077747974887,128.41158205838877,3.109817750716042,43.89731174853196,1.0504602404673533,0.5843661719016078
experiment_2026_06_16_09_31_kcap_H4,SEN_demand_NOR,2025-11-17,Mexican Revolution Day,H2,F,observance_tier,True,2025-11-17,19,True,True,2,False,2,6,2,pearson,RidgeReg,,2,{},2025-11-16 10:00:00,2025-11-18,91.25611026732594,3.4196516851982226,110.441759,4.401,,14,24,2,4,2,2,0.07549017871138904,2662.4787744675145,2646.416131405879,91.25611026732594,3.4196516851982226,-2.6289528221662413,-73.62132420435647,49.90108444971789,1.822993050354846,-1.26277817219564,-36.66882900174645,115.37987532759729,4.351035888856859,-3.425888034649091,-95.17694640587898,90.06958921236358,3.510115338299254,-3.510115338299254,-90.06958921236358,71.10271788913515,2.9662094915407327,-2.721071148538657,-64.02650294968589,78.09051258716669,3.166595856135977,-3.011771639503087,-73.62132420435663,-36.66882900174645,-95.17694640587898,hourly_window_mean_factor_top_available_analogs,2,53.400760210617136,-31.150443456193084,1.555714621453693e-13,53.400760210617136,-31.150443456193084,1.555714621453693e-13,90.06958921236358,64.02650294968589,73.62132420435663,49.90108444971789,1.822993050354846,90.06958921236358,3.510115338299254,115.37987532759729,4.351035888856859,71.10271788913515,2.9662094915407327,78.09051258716669,3.166595856135977,44.27715743846214,1.3848263973161261,0.2530558290622458
experiment_2026_06_16_09_31_kcap_H4,SEN_demand_NOR,2025-12-24,Christmas Eve,H1,G,observance_tier,True,2025-12-24,19,True,True,2,False,2,6,2,pearson,LassoReg,,2,{},2025-12-23 10:00:00,2025-12-25,77.07701345726713,3.3815481911736627,113.345372,4.49,,14,24,2,4,2,2,0.06411017033655877,2334.7834481034074,2250.405348230241,77.07701345726713,3.3815481911736627,-1.3724246693386184,-31.958379156039175,75.07390500422814,3.1707184692427575,-2.3154212953715563,-53.19816217169302,78.24549338820653,3.5045321956333573,-0.8223433041527383,-19.5685057302411,69.41057928717503,2.9402818537703617,-1.8381487662671012,-41.27540058581111,68.97855004541093,3.064651700562656,-1.168229600099612,-26.523449988671995,69.1377187134293,3.0188312306918106,-1.4150419244771082,-31.95837915603904,-53.19816217169302,-19.5685057302411,hourly_window_mean_factor_top_available_analogs,2,-11.922761585881906,6.954944258430895,-1.3762090882090361e-13,-11.922761585881906,6.954944258430895,-1.3762090882090361e-13,41.27540058581111,26.523449988671995,31.958379156039037,75.07390500422814,3.1707184692427575,69.41057928717503,2.9402818537703617,78.24549338820653,3.5045321956333573,68.97855004541093,3.064651700562656,69.1377187134293,3.0188312306918106,9.2669433427956,0.43988049507070137,0.3627169604818521
experiment_2026_06_16_09_31_kcap_H4,SEN_demand_NOR,2025-12-25,Christmas Day,H2,H,observance_tier,True,2025-12-25,19,True,True,2,False,2,4,2,pearson,LassoReg,,2,{},2025-12-24 10:00:00,2025-12-26,51.893707120713486,2.458669428671499,113.333877,4.48,,14,24,2,4,2,2,0.09550212748492472,2083.936888921154,1936.3394422756812,51.893707120713486,2.458669428671499,1.0699906162774995,20.522345815688396,40.5701241959385,1.779221411360999,-1.6419707194074886,-37.41000959910626,58.4991304934989,2.855014105435956,2.6519680620937427,54.31621980765195,33.03304108238909,1.459003465761324,-1.2129008739870746,-27.346153981326843,52.508410546333806,2.5285393738144006,2.3295290144285086,48.44563736394659,45.333274428038386,2.1344998287422143,1.0244232660648727,20.522345815687956,-37.41000959910626,54.31621980765195,hourly_window_mean_factor_top_available_analogs,2,-10.063855617779414,5.870582443705359,4.4278031533682034e-13,-10.063855617779414,5.870582443705359,4.4278031533682034e-13,27.346153981326847,-48.44563736394659,-20.522345815687952,40.5701241959385,1.779221411360999,33.03304108238909,1.459003465761324,58.4991304934989,2.855014105435956,52.508410546333806,2.5285393738144006,45.333274428038386,2.1344998287422143,5.990719947165097,0.3264747316215555,0.32416959992928485
experiment_2026_06_16_09_31_kcap_H4,SEN_demand_NOR,2025-12-31,New Year's Eve,H1,G,observance_tier,True,2025-12-31,19,True,True,2,False,2,7,2,pearson,LassoReg,,2,{},2025-12-30 10:00:00,2026-01-01,42.34698017910791,1.8206495352379313,110.841791,4.518,,14,24,2,4,2,2,0.06655316860939135,2284.5768851936505,2211.0530863787867,42.34698017910791,1.8206495352379313,1.6255447164378385,37.97150243792899,50.34075826658496,2.025638478301507,2.025638478301507,50.34075826658496,37.68394296141296,1.7010726517841785,1.3921566886840313,30.75610320454634,30.38693608993312,1.2190451580320054,1.1408637852031813,28.648554560357884,60.393911959410595,2.724990015991466,1.9910648144891727,43.40988869984469,49.338710323287316,2.1701682262169273,1.677832856331176,37.9715024379285,50.34075826658496,30.75610320454634,hourly_window_mean_factor_top_available_analogs,2,21.692203706227083,-12.653785495298356,4.906484575353955e-13,21.692203706227083,-12.653785495298356,4.906484575353955e-13,-28.64855456035788,-43.40988869984469,-37.9715024379285,50.34075826658496,2.025638478301507,30.38693608993312,1.2190451580320054,37.68394296141296,1.7010726517841785,60.393911959410595,2.724990015991466,49.338710323287316,2.1701682262169273,-22.709968997997635,-1.0239173642072874,-0.349518690978996
experiment_2026_06_16_09_31_kcap_H4,SEN_demand_NOR,2026-01-01,New Year's Day,H3,H,observance_tier,True,2026-01-01,19,True,True,2,False,2,4,2,pearson,LassoReg,,2,{},2025-12-31 10:00:00,2026-01-02,73.40567839394153,3.703080086793218,100.403573,4.011,,14,24,2,4,2,2,0.09051208951164946,2138.647778657099,2022.8594430112007,73.40567839394153,3.703080086793218,-3.703080086793218,-73.40567839394153,46.1279669072113,2.0100130930394355,-2.0100130930394355,-46.1279669072113,89.31767676120084,4.690702499816255,-4.690702499816255,-89.31767676120084,71.44165765552007,3.108032567181504,-3.108032567181504,-71.44165765552007,74.55135715802002,3.9051893669342714,-3.9051893669342714,-74.55135715802002,73.40567839394109,3.611500019656935,-3.611500019656935,-73.40567839394109,-46.1279669072113,-89.31767676120084,hourly_window_mean_factor_top_available_analogs,2,25.313690748308773,-14.76631960318081,-4.367967975619984e-13,25.313690748308773,-14.76631960318081,-4.367967975619984e-13,71.44165765552007,74.55135715802004,73.40567839394109,46.1279669072113,2.0100130930394355,71.44165765552007,3.108032567181504,89.31767676120084,4.690702499816255,74.55135715802002,3.9051893669342714,73.40567839394109,3.611500019656935,14.766319603180818,0.7855131328819835,0.09158006713628275
experiment_2026_06_16_09_31_kcap_H4,SEN_demand_NOR,2026-02-02,Constitution Day,H2,H,observance_tier,True,2026-02-02,19,True,True,2,False,2,4,2,pearson,LassoReg,,2,{},2026-02-01 10:00:00,2026-02-03,51.01546315294267,2.4866382843296257,99.677552,3.969,,14,24,2,4,2,2,0.0666500340372174,2020.2137911118748,1994.6661288453276,51.01546315294267,2.4866382843296257,0.8835038058800152,19.848221519704104,46.75300670702906,2.3688641953279217,-1.7668213320414332,-33.502642854527025,53.50189607972561,2.555339836247286,2.42952680300086,50.96955907133893,74.89697252283588,3.737472507101312,-3.424060794173812,-68.03435912492964,71.11306022907395,3.43637634150373,3.43637634150373,71.11306022907395,72.50713317940729,3.5473065077765233,0.9088468704646351,19.848221519704207,-33.502642854527025,50.96955907133893,hourly_window_mean_factor_top_available_analogs,2,34.53171627040261,-20.143501157735017,-1.0171980217197224e-13,34.53171627040261,-20.143501157735017,-1.0171980217197224e-13,68.03435912492964,-71.11306022907394,-19.848221519704207,46.75300670702906,2.3688641953279217,74.89697252283588,3.737472507101312,53.50189607972561,2.555339836247286,71.11306022907395,3.43637634150373,72.50713317940729,3.5473065077765233,-17.61116414934834,-0.8810365052564437,-1.0606682234468976
experiment_2026_06_16_09_31_kcap_H4,SEN_demand_NOR,2026-03-16,Benito Juarez's Birthday,H2,H,observance_tier,True,2026-03-16,19,True,True,2,False,2,4,2,pearson,LassoReg,,2,{},2026-03-15 10:00:00,2026-03-17,175.52941403210653,7.228214736024007,97.784244,3.875,,14,24,2,4,2,2,0.09401571401715891,2627.4779482364734,2559.498928594734,175.52941403210653,7.228214736024007,-6.663654524047604,-162.58316718384125,305.4260011937396,12.704064155827398,-12.704064155827398,-305.4260011937396,99.7564048544873,4.0339692411386965,-3.1400822388427265,-79.25818067806722,337.3064212485161,14.113733898750837,-14.113733898750837,-337.3064212485161,110.14873781623214,4.392384515365467,-2.69719911646108,-60.66126897944844,193.83841065970518,7.973934288191657,-6.903290878357308,-162.5831671838418,-305.4260011937396,-79.25818067806722,hourly_window_mean_factor_top_available_analogs,2,31.88042005477655,-18.596911698618783,5.504836352836145e-13,31.88042005477655,-18.596911698618783,5.504836352836145e-13,337.30642124851613,60.66126897944844,162.5831671838418,305.4260011937396,12.704064155827398,337.3064212485161,14.113733898750837,99.7564048544873,4.0339692411386965,110.14873781623214,4.392384515365467,193.83841065970518,7.973934288191657,-10.392332961744842,-0.3584152742267701,-0.7457195521676496
experiment_2026_06_16_09_31_kcap_H4,SEN_demand_NOR,2026-04-02,Maundy Thursday,H1,G,observance_tier,True,2026-04-02,19,True,True,2,False,2,8,2,pearson,LassoReg,,2,{},2026-04-01 10:00:00,2026-04-03,91.15677186612189,2.928514521606813,104.815521,4.15,,14,24,2,4,2,2,0.08851863610602946,3028.4448517876262,2853.0980865677543,91.15677186612189,2.928514521606813,-0.2088158978648286,-4.6890367876261205,80.17899787883441,2.4278569036915414,-2.4278569036915414,-80.17899787883441,97.56047335870625,3.220564798724054,1.0856246888674204,39.34677384891205,78.79048453948742,2.3908088653047086,-2.3908088653047086,-78.79048453948742,106.56531444042037,3.5383420548943953,1.0296656316628494,38.53680773429274,96.3324823716556,3.1155666692560895,-0.2305091830094087,-4.689036787626264,-80.17899787883441,39.34677384891205,hourly_window_mean_factor_top_available_analogs,2,-1.388513339346998,0.8099661146193095,1.436044265957255e-13,-1.388513339346998,0.8099661146193095,1.436044265957255e-13,78.79048453948741,-38.53680773429274,4.689036787626264,80.17899787883441,2.4278569036915414,78.79048453948742,2.3908088653047086,97.56047335870625,3.220564798724054,106.56531444042037,3.5383420548943953,96.3324823716556,3.1155666692560895,-9.004841081714119,-0.31777725617034136,-0.18705214764927636
experiment_2026_06_16_09_31_kcap_H4,SEN_demand_NOR,2026-04-03,Good Friday,H2,G,observance_tier,True,2026-04-03,19,True,True,2,False,2,8,2,pearson,LassoReg,,2,{},2026-04-02 10:00:00,2026-04-04,127.10755758928201,4.457437337377337,107.785975,4.208,,14,24,2,4,2,2,0.05621789282995786,2725.2050078535917,2688.1965202244273,127.10755758928201,4.457437337377337,1.8913648774321759,66.43612372535524,190.789767156274,6.077674570149204,5.868838197767485,185.4197033535538,89.95960200853669,3.512298951593749,-0.42882789276342254,-2.97096439109392,200.0698386152929,6.382812401058506,5.905270211663441,187.89648155168013,108.34656263397652,4.1793806461529535,-0.6194598948954669,-4.415751673333621,142.13934852182993,4.9911712926971035,1.7843880390999205,66.43612372535566,185.4197033535538,-2.97096439109392,hourly_window_mean_factor_top_available_analogs,2,-2.4767781981263073,1.4447872822397017,-4.0687920868788895e-13,-2.4767781981263073,1.4447872822397017,-4.0687920868788895e-13,-187.89648155168013,4.415751673333622,-66.43612372535566,190.789767156274,6.077674570149204,200.0698386152929,6.382812401058506,89.95960200853669,3.512298951593749,108.34656263397652,4.1793806461529535,142.13934852182993,4.9911712926971035,-18.386960625439826,-0.6670816945592044,-0.5337339553197662
experiment_2026_06_16_09_31_kcap_H4,SEN_demand_NOR,2026-04-04,Holy Saturday,H3,G,observance_tier,True,2026-04-04,19,True,True,7,False,2,8,7,pearson,PCR,,4,{},2026-04-03 10:00:00,2026-04-05,141.3345423145531,5.181765078751727,107.57712,4.267,,14,24,4,4,7,4,0.061111560904119566,2621.8786200334844,2553.9437955212065,141.3345423145531,5.181765078751727,3.3518322735884225,97.21167101914727,109.07109074728396,4.148230099505227,-0.8187303716523117,-10.69098848310328,160.15488906212676,5.784660483312184,5.784660483312184,160.15488906212676,134.45128058106872,5.189526821522458,-1.7417775830240632,-32.21469072384116,185.1709338097199,6.3169166971608846,5.764796708127615,172.71038203589038,166.48474577811152,5.90156253245199,2.999216706124365,97.2116710191472,-10.69098848310328,160.15488906212676,hourly_window_mean_factor_top_available_analogs,4,21.52370224073788,-12.555492973763648,7.180221329786275e-14,21.52370224073788,-12.555492973763648,7.180221329786275e-14,32.21469072384116,-172.7103820358904,-97.2116710191472,109.07109074728396,4.148230099505227,134.45128058106872,5.189526821522458,160.15488906212676,5.784660483312184,185.1709338097199,6.3169166971608846,166.48474577811152,5.90156253245199,-25.016044747593156,-0.5322562138487008,-0.7197974537002629
experiment_2026_06_16_09_31_kcap_H4,SEN_demand_NOR,2026-05-01,Labor Day,H2,F,observance_tier,True,2026-05-01,19,True,True,7,False,2,8,7,pearson,PCR,,4,{},2026-04-30 10:00:00,2026-05-02,158.7897264344204,5.006650792532947,115.656711,4.415,,14,24,4,4,7,4,0.08759372958504562,3388.035413313197,3296.4502510887287,158.7897264344204,5.006650792532947,-4.373165596088674,-138.2745814710919,113.24240774132058,3.2362173741022846,-1.5167575551821142,-57.55844284085752,185.35899567206195,6.039403619950833,-6.039403619950833,-185.35899567206195,71.72054151781978,2.0231130016214283,-1.628130587984759,-58.28476529838612,184.93530757183643,6.216844234694097,-6.216844234694097,-184.93530757183643,143.22460428877767,4.671785359351535,-4.5262655227485515,-138.2745814710916,-57.55844284085752,-185.35899567206195,hourly_window_mean_factor_top_available_analogs,4,0.7263224575286001,-0.42368810022550935,-3.111429242907386e-13,0.7263224575286001,-0.42368810022550935,-3.111429242907386e-13,58.28476529838613,184.93530757183643,138.27458147109158,113.24240774132058,3.2362173741022846,71.72054151781978,2.0231130016214283,185.35899567206195,6.039403619950833,184.93530757183643,6.216844234694097,143.22460428877767,4.671785359351535,0.42368810022551884,-0.1774406147432641,0.33486543318141226
experiment_2026_06_16_09_31_kcap_H4,SEN_demand_NTE,2025-01-01,New Year's Day,H3,H,observance_tier,True,2025-01-01,19,True,True,2,False,2,4,2,pearson,LassoReg,,2,{},2024-12-31 10:00:00,2025-01-02,54.27735123510655,2.3451133941262343,131.085066,4.85,,14,24,2,4,2,2,0.08054979692761956,2185.2904312880864,2083.623221512093,54.27735123510655,2.3451133941262343,2.264683234242963,52.505632922439375,74.51978390761194,3.0629142888369523,2.9745084538364597,72.29522338163754,42.46926550947839,1.9263962055449824,1.8506185228134242,40.961705154573785,63.216590748213385,2.5368696972155393,2.376366282504651,59.569919603297976,56.01824755983048,2.5327965124665783,2.122340516080723,48.384799025272606,58.67026873449786,2.5342971594793537,2.2159289563421702,52.50563292243985,72.29522338163754,40.961705154573785,hourly_window_mean_factor_top_available_analogs,2,12.725303778339562,-7.423093870698826,-4.726979042109298e-13,12.725303778339562,-7.423093870698826,-4.726979042109298e-13,-59.569919603297976,-48.38479902527261,-52.50563292243985,74.51978390761194,3.0629142888369523,63.216590748213385,2.5368696972155393,42.46926550947839,1.9263962055449824,56.01824755983048,2.5327965124665783,58.67026873449786,2.5342971594793537,-13.548982050352087,-0.606400306921596,-0.18918376535311943
experiment_2026_06_16_09_31_kcap_H4,SEN_demand_NTE,2025-02-03,Constitution Day,H2,H,observance_tier,True,2025-02-03,19,True,True,2,False,2,4,2,pearson,LassoReg,,2,{},2025-02-02 10:00:00,2025-02-04,90.41849533995351,3.558021945923752,123.002768,4.49,,14,24,2,4,2,2,0.056435380481658214,2669.1939474452165,2674.305267363992,90.41849533995351,3.558021945923752,-3.558021945923752,-90.41849533995351,89.24213472731594,3.582238178203228,-3.582238178203228,-89.24213472731594,91.10470569732541,3.54389581042739,-3.54389581042739,-91.10470569732541,139.65315684366914,5.574252683742128,-5.574252683742128,-139.65315684366914,62.62315817132926,2.4488548163434567,-2.413074022115873,-61.698276129452346,91.00263136640184,3.600317188542967,-3.5777187921887035,-90.41849533995327,-89.24213472731594,-91.10470569732541,hourly_window_mean_factor_top_available_analogs,2,50.41102211635319,-29.406429567873072,-2.3934071099287584e-13,50.41102211635319,-29.406429567873072,-2.3934071099287584e-13,139.65315684366914,61.69827612945234,90.41849533995327,89.24213472731594,3.582238178203228,139.65315684366914,5.574252683742128,91.10470569732541,3.54389581042739,62.62315817132926,2.4488548163434567,91.00263136640184,3.600317188542967,28.481547525996156,1.0950409940839334,-0.042295242619215134
experiment_2026_06_16_09_31_kcap_H4,SEN_demand_NTE,2025-03-17,Benito Juarez's Birthday,H2,H,observance_tier,True,2025-03-17,19,True,True,2,False,2,4,2,pearson,LassoReg,,2,{},2025-03-16 10:00:00,2025-03-18,153.57092891678752,5.539806138078753,115.439349,4.203,,14,24,2,4,2,2,0.056435380481658214,2669.0781770448643,2632.689900801633,153.57092891678752,5.539806138078753,2.099225635118687,65.9303440077673,130.22145129122205,5.059374053326012,-4.279344454708453,-107.66013631897574,167.19145753170073,5.820058187517852,5.820058187517852,167.19145753170073,112.90843895380064,4.3844735603586775,-3.489239976351164,-86.92718716309494,155.09723719077024,5.396222409542422,5.396222409542422,155.09723719077024,139.55399573504465,5.023472833527357,2.1226310042132055,65.93034400776729,-107.66013631897574,167.19145753170073,hourly_window_mean_factor_top_available_analogs,2,-20.732949155880792,12.094220340930482,1.1967035549643792e-14,-20.732949155880792,12.094220340930482,1.1967035549643792e-14,86.92718716309496,-155.09723719077024,-65.93034400776729,130.22145129122205,5.059374053326012,112.90843895380064,4.3844735603586775,167.19145753170073,5.820058187517852,155.09723719077024,5.396222409542422,139.55399573504465,5.023472833527357,12.094220340930491,0.42383577797543026,0.516333304551396
experiment_2026_06_16_09_31_kcap_H4,SEN_demand_NTE,2025-04-17,Maundy Thursday,H1,G,observance_tier,True,2025-04-17,19,True,True,2,False,2,6,2,pearson,LassoReg,,2,{},2025-04-16 10:00:00,2025-04-18,102.60188940192606,2.5713195944855656,117.696843,4.262,,14,24,2,4,2,2,0.044407743287326315,3934.9924744039845,3801.195146005973,102.60188940192606,2.5713195944855656,1.195179043456335,49.67638770127937,115.19351586840568,2.789684480053648,0.14233722609531366,12.387606913712066,95.25677396314627,2.4439400779041853,1.8093367702502636,71.42817649402696,119.32967475462826,2.878478381419274,0.3448549867410267,20.95460309496064,93.74919078429514,2.4022472440151343,1.6739597297542048,66.43076205496436,103.1735796154705,2.577700820953502,1.1842895612756656,49.67638770127878,12.387606913712066,71.42817649402696,hourly_window_mean_factor_top_available_analogs,2,-8.566996181248571,4.997414439062595,5.863847419325458e-13,-8.566996181248571,4.997414439062595,5.863847419325458e-13,-20.95460309496064,-66.43076205496436,-49.67638770127878,115.19351586840568,2.789684480053648,119.32967475462826,2.878478381419274,95.25677396314627,2.4439400779041853,93.74919078429514,2.4022472440151343,103.1735796154705,2.577700820953502,1.5075831788511351,0.041692833889050984,-0.006381226467936596
experiment_2026_06_16_09_31_kcap_H4,SEN_demand_NTE,2025-04-18,Good Friday,H2,G,observance_tier,True,2025-04-18,19,True,True,2,False,2,6,2,pearson,LassoReg,,2,{},2025-04-17 10:00:00,2025-04-19,95.18609470020945,3.0094721794115036,118.986104,4.212,,14,24,2,4,2,2,0.10857554952758974,3400.105082660282,3066.5528459693937,95.18609470020945,3.0094721794115036,-1.8824728227503666,-55.679832133965895,80.07598120720051,2.0620827476907793,-1.156285970657674,-43.03054270180409,104.00032757113132,3.562116014581927,-2.306081819804437,-63.058584302726956,80.74765986546802,2.0263862269199384,0.9092388187952596,38.19478524162927,138.1206980456113,4.78261636151857,-3.948558394699349,-110.44002560306336,116.98326292661113,3.7671631540348627,-2.158843631832914,-55.67983213396608,-43.03054270180409,-63.058584302726956,hourly_window_mean_factor_top_available_analogs,2,-81.22532794343336,47.381441300336405,1.795055332446569e-13,-81.22532794343336,47.381441300336405,1.795055332446569e-13,-38.19478524162927,110.44002560306336,55.67983213396607,80.07598120720051,2.0620827476907793,80.74765986546802,2.0263862269199384,104.00032757113132,3.562116014581927,138.1206980456113,4.78261636151857,116.98326292661113,3.7671631540348627,-34.120370474479984,-1.2205003469366429,-0.7576909746233591
experiment_2026_06_16_09_31_kcap_H4,SEN_demand_NTE,2025-04-19,Holy Saturday,H3,G,observance_tier,True,2025-04-19,19,True,True,2,False,2,6,2,pearson,LassoReg,,2,{},2025-04-18 10:00:00,2025-04-20,222.16323424543253,7.261337196632186,120.772699,4.239,,14,24,2,4,2,2,0.0715835212385856,3293.0213068770117,3400.7358831927504,222.16323424543253,7.261337196632186,-7.261337196632186,-222.16323424543253,215.471072478602,7.504446428417607,-7.504446428417607,-215.471072478602,226.0669952760837,7.119523478090692,-7.119523478090692,-226.0669952760837,226.20231745060934,7.902099627082239,-7.902099627082239,-226.20231745060934,219.80710237574658,6.957181844814374,-6.957181844814374,-219.80710237574658,222.16323424543288,7.305309448807798,-7.305309448807798,-222.16323424543288,-215.471072478602,-226.0669952760837,hourly_window_mean_factor_top_available_analogs,2,10.731244972007355,-6.259892900337093,3.3507699539002617e-13,10.731244972007355,-6.259892900337093,3.3507699539002617e-13,226.20231745060934,219.8071023757466,222.16323424543288,215.471072478602,7.504446428417607,226.20231745060934,7.902099627082239,226.0669952760837,7.119523478090692,219.80710237574658,6.957181844814374,222.16323424543288,7.305309448807798,6.259892900337121,0.16234163327631812,-0.04397225217561207
experiment_2026_06_16_09_31_kcap_H4,SEN_demand_NTE,2025-05-01,Labor Day,H2,F,observance_tier,True,2025-05-01,19,True,True,2,False,2,6,2,pearson,LassoReg,,2,{},2025-04-30 10:00:00,2025-05-02,281.27313644574156,7.540687961791906,120.68428,4.175,,14,24,2,4,2,2,0.05606432100881888,4129.782462077724,4065.3082838905816,281.27313644574156,7.540687961791906,-7.44283590692017,-277.0205391829867,152.70186725458672,3.776666932693263,-3.5110684980414097,-141.15910325568066,356.2730434739153,9.736366895432779,-9.736366895432779,-356.2730434739153,312.242498706517,7.814170799257279,-7.814170799257279,-312.242498706517,256.4743961275944,7.065064317713062,-7.065064317713062,-256.4743961275944,277.02053918298697,7.3410509161767195,-7.3410509161767195,-277.02053918298697,-141.15910325568066,-356.2730434739153,hourly_window_mean_factor_top_available_analogs,2,171.08339545083635,-99.79864734632093,1.6753849769501309e-13,171.08339545083635,-99.79864734632093,1.6753849769501309e-13,312.24249870651704,256.4743961275944,277.02053918298685,152.70186725458672,3.776666932693263,312.242498706517,7.814170799257279,356.2730434739153,9.736366895432779,256.4743961275944,7.065064317713062,277.02053918298697,7.3410509161767195,99.79864734632093,2.6713025777197172,0.19963704561518636
experiment_2026_06_16_09_31_kcap_H4,SEN_demand_NTE,2025-09-16,Independence Day,H2,H,observance_tier,True,2025-09-16,19,True,True,2,False,2,4,2,pearson,PLS,minmax,2,{},2025-09-15 10:00:00,2025-09-17,339.4276960775007,9.228127162951228,126.156049,4.228,,14,24,2,4,2,2,0.11269796975325497,3470.627093034896,3615.9675769814185,339.4276960775007,9.228127162951228,3.4376623305529055,138.8888167019452,578.1280944448547,15.115340315539514,15.115340315539514,578.1280944448547,200.18579702987736,5.793919490608059,-3.374316494022617,-117.33409531475193,662.6588911869873,17.398502433212585,17.398502433212585,662.6588911869873,295.33272355729105,8.444674365406655,-4.6479780688424,-166.6437267476612,430.6634168945476,11.743453127229891,3.474409484546278,138.88881670194615,578.1280944448547,-117.33409531475193,hourly_window_mean_factor_top_available_analogs,2,-84.53079674213258,49.30963143290925,-8.975276662232844e-13,-84.53079674213258,49.30963143290925,-8.975276662232844e-13,-662.6588911869873,166.6437267476612,-138.8888167019461,578.1280944448547,15.115340315539514,662.6588911869873,17.398502433212585,200.18579702987736,5.793919490608059,295.33272355729105,8.444674365406655,430.6634168945476,11.743453127229891,-95.14692652741368,-2.6507548747985963,-2.515325964278663
experiment_2026_06_16_09_31_kcap_H4,SEN_demand_NTE,2025-11-17,Mexican Revolution Day,H2,F,observance_tier,True,2025-11-17,19,True,True,2,False,2,6,2,pearson,LassoReg,,2,{},2025-11-16 10:00:00,2025-11-18,68.9481878548607,2.9469582646637598,119.921857,3.938,,14,24,2,4,2,2,0.06640010034224375,2434.300266644657,2438.3668188977153,68.9481878548607,2.9469582646637598,-1.745778572580098,-38.516786644657465,99.35281885057336,4.349199108327974,-1.8007343362374169,-33.970165639415264,51.212153107361665,2.1289844391929686,-1.7137210437799955,-41.168982231048744,71.35323510109798,3.147034341443198,-1.6155147849062568,-31.9892297376343,46.19584297368137,1.9645506762780018,-1.8156112149909653,-42.3245281737534,55.4643558627296,2.400202552917811,-1.7418914775913361,-38.51678664465689,-33.970165639415264,-41.168982231048744,hourly_window_mean_factor_top_available_analogs,2,-1.980935901780965,1.1555459427046533,-5.74417706382902e-13,-1.980935901780965,1.1555459427046533,-5.74417706382902e-13,31.9892297376343,42.3245281737534,38.51678664465689,99.35281885057336,4.349199108327974,71.35323510109798,3.147034341443198,51.212153107361665,2.1289844391929686,46.19584297368137,1.9645506762780018,55.4643558627296,2.400202552917811,5.016310133680292,0.1644337629149668,0.546755711745949
experiment_2026_06_16_09_31_kcap_H4,SEN_demand_NTE,2025-12-24,Christmas Eve,H1,G,observance_tier,True,2025-12-24,19,True,True,2,False,2,6,2,pearson,LassoReg,,2,{},2025-12-23 10:00:00,2025-12-25,119.3187726063753,4.779104087442922,119.668878,3.957,,14,24,2,4,2,2,0.052039099535521466,2631.8102811824047,2588.0820603370275,119.3187726063753,4.779104087442922,-2.355131231864848,-50.493882761352204,80.45995964256478,2.837874519543847,2.097445560286743,61.87951879694833,141.98641350193142,5.911488002050715,-4.952467693953276,-116.04503367036085,112.5067189929039,4.20164817548748,-1.599870714047334,-36.23219267421219,125.56330045431939,5.227069741571515,-2.6319059120736648,-58.813201978850124,120.75298096853471,4.849282848803713,-2.2516824180639636,-50.49388276135194,61.87951879694833,-116.04503367036085,hourly_window_mean_factor_top_available_analogs,2,98.11171147116053,-57.23183169151073,-2.6327478209216345e-13,98.11171147116053,-57.23183169151073,-2.6327478209216345e-13,36.2321926742122,58.813201978850124,50.49388276135194,80.45995964256478,2.837874519543847,112.5067189929039,4.20164817548748,141.98641350193142,5.911488002050715,125.56330045431939,5.227069741571515,120.75298096853471,4.849282848803713,16.423113047612034,0.6844182604792,-0.0701787613607916
experiment_2026_06_16_09_31_kcap_H4,SEN_demand_NTE,2025-12-25,Christmas Day,H2,H,observance_tier,True,2025-12-25,19,True,True,2,False,2,4,2,pearson,LassoReg,,2,{},2025-12-24 10:00:00,2025-12-26,182.24676057715345,8.658477016138212,120.679397,4.015,,14,24,2,4,2,2,0.05850597607039889,2391.630795716524,2344.452470138942,182.24676057715345,8.658477016138212,-8.412493618933299,-176.00482255862957,72.61738204265907,3.025045480560968,-2.3573762595762022,-55.674978849522795,246.19723138894187,11.944645411891607,-11.944645411891607,-246.19723138894187,77.16849018437873,3.174360857273651,-1.1277371195333263,-25.682230358606667,263.69300134197584,12.79962660706817,-12.79962660706817,-263.69300134197584,194.97344459970319,9.25347606767019,-8.499456795871124,-176.0048225586293,-55.674978849522795,-246.19723138894187,hourly_window_mean_factor_top_available_analogs,2,-29.992748490916124,17.49576995303401,-2.5130774654251967e-13,-29.992748490916124,17.49576995303401,-2.5130774654251967e-13,25.68223035860667,263.6930013419759,176.00482255862931,72.61738204265907,3.025045480560968,77.16849018437873,3.174360857273651,246.19723138894187,11.944645411891607,263.69300134197584,12.79962660706817,194.97344459970319,9.25347606767019,-17.49576995303397,-0.8549811951765633,-0.5949990515319783
experiment_2026_06_16_09_31_kcap_H4,SEN_demand_NTE,2025-12-31,New Year's Eve,H1,G,observance_tier,True,2025-12-31,19,True,True,2,False,2,7,2,pearson,LassoReg,,2,{},2025-12-30 10:00:00,2026-01-01,212.41553635471018,7.81692718301066,121.651742,4.337,,14,24,2,4,2,2,0.04680075509062768,2522.2855839084477,2399.261519997224,212.41553635471018,7.81692718301066,7.81692718301066,212.41553635471018,215.84285581516846,7.408955369092803,7.408955369092803,215.84285581516846,210.41626666944288,8.05491074112941,8.05491074112941,210.41626666944288,287.84795061097924,9.756021594712234,9.756021594712234,287.84795061097924,168.41329470521984,6.340405870466846,6.340405870466846,168.41329470521984,212.41553635471016,7.598790610978305,7.598790610978305,212.41553635471016,215.84285581516846,210.41626666944288,hourly_window_mean_factor_top_available_analogs,2,-72.00509479581079,42.00297196422306,5.983517774821896e-14,-72.00509479581079,42.00297196422306,5.983517774821896e-14,-287.84795061097924,-168.4132947052198,-212.41553635471013,215.84285581516846,7.408955369092803,287.84795061097924,9.756021594712234,210.41626666944288,8.05491074112941,168.41329470521984,6.340405870466846,212.41553635471016,7.598790610978305,42.002971964223036,1.714504870662564,0.21813657203235426
experiment_2026_06_16_09_31_kcap_H4,SEN_demand_NTE,2026-01-01,New Year's Day,H3,H,observance_tier,True,2026-01-01,19,True,True,2,False,2,4,2,pearson,PLS,standard,2,{},2025-12-31 10:00:00,2026-01-02,103.44908857570898,4.481280112765313,125.420877,4.576,,14,24,2,4,2,2,0.08413461714348418,2424.839522509281,2293.1236052795643,103.44908857570898,4.481280112765313,-4.390919169347714,-101.42991461454358,83.12525807744,3.275715664311292,-3.1929369030151555,-80.97547561736512,115.3046563663659,5.184526041030158,-5.089742158041706,-113.361670696231,67.36754209683866,2.6807285805573327,-2.40826086280376,-60.184655011276845,125.48964938311654,5.723029954981446,-5.723029954981446,-125.48964938311654,104.07624143554048,4.602182080193616,-4.5017992368107205,-101.42991461454402,-80.97547561736512,-113.361670696231,hourly_window_mean_factor_top_available_analogs,2,-20.790820606088282,12.127978686885532,4.4278031533682034e-13,-20.790820606088282,12.127978686885532,4.4278031533682034e-13,60.18465501127684,125.48964938311653,101.42991461454402,83.12525807744,3.275715664311292,67.36754209683866,2.6807285805573327,115.3046563663659,5.184526041030158,125.48964938311654,5.723029954981446,104.07624143554048,4.602182080193616,-10.184993016750639,-0.5385039139512884,-0.12090196742830361
experiment_2026_06_16_09_31_kcap_H4,SEN_demand_NTE,2026-02-02,Constitution Day,H2,H,observance_tier,True,2026-02-02,19,True,True,2,False,2,4,2,pearson,PLS,standard,2,{},2026-02-01 10:00:00,2026-02-03,166.10961593436485,6.70015130743099,127.201791,4.646,,14,24,2,4,2,2,0.08109764067023519,2704.8323064443584,2781.9109445309914,166.10961593436485,6.70015130743099,-6.227151312507794,-153.80349828646368,69.1960770569632,2.9998863905731286,-2.9527244482159274,-67.86174115298822,222.64251361284923,8.858639175598077,-8.137233650011382,-203.9361899476578,57.67373574616262,2.4851910328229523,-2.3673985546369196,-54.56967709884241,238.44782871057805,9.456785957683687,-8.414572811344454,-211.6898939792427,171.8468470921092,6.888303616945524,-6.186666506241678,-153.80349828646365,-67.86174115298822,-203.9361899476578,hourly_window_mean_factor_top_available_analogs,2,-13.292064054145808,7.753704031584903,-9.573628439715034e-14,-13.292064054145808,7.753704031584903,-9.573628439715034e-14,54.569677098842405,211.6898939792427,153.8034982864636,69.1960770569632,2.9998863905731286,57.67373574616262,2.4851910328229523,222.64251361284923,8.858639175598077,238.44782871057805,9.456785957683687,171.8468470921092,6.888303616945524,-15.805315097728823,-0.5981467820856103,-0.18815230951453366
experiment_2026_06_16_09_31_kcap_H4,SEN_demand_NTE,2026-03-16,Benito Juarez's Birthday,H2,H,observance_tier,True,2026-03-16,19,True,True,2,False,2,4,2,pearson,LassoReg,,2,{},2026-03-15 10:00:00,2026-03-17,245.6731077848357,9.090693407987045,132.260451,4.714,,14,24,2,4,2,2,0.08554265267475243,2948.910194467711,3073.5534533168357,245.6731077848357,9.090693407987045,-8.70912557039037,-235.0578965729738,86.06283830140774,3.388636846403305,-2.352952715783761,-57.25012215492526,338.7790983168354,12.41689306891089,-12.41689306891089,-338.7790983168354,100.5774350932176,4.003481596691626,-3.334472505580798,-81.65760289305896,324.5414012195911,11.929011394541533,-11.929011394541533,-324.5414012195911,242.02836106776923,9.009079363754726,-8.76260233018758,-235.05789657297396,-57.25012215492526,-338.7790983168354,hourly_window_mean_factor_top_available_analogs,2,24.4074807381337,-14.237697097244336,2.0343960434394448e-13,24.4074807381337,-14.237697097244336,2.0343960434394448e-13,81.65760289305896,324.5414012195911,235.057896572974,86.06283830140774,3.388636846403305,100.5774350932176,4.003481596691626,338.7790983168354,12.41689306891089,324.5414012195911,11.929011394541533,242.02836106776923,9.009079363754726,14.237697097244336,0.4878816743693566,0.08161404423231922
experiment_2026_06_16_09_31_kcap_H4,SEN_demand_NTE,2026-04-02,Maundy Thursday,H1,G,observance_tier,True,2026-04-02,19,True,True,2,False,2,8,2,pearson,PLS,minmax,2,{},2026-04-01 10:00:00,2026-04-03,227.41220783247738,6.206667143233678,141.114816,5.16,,14,24,2,4,2,2,0.08556441766037115,3496.3894633334903,3282.124475775843,227.41220783247738,6.206667143233678,5.856624608535105,214.55776771914063,47.11637687531187,1.2109146421949437,0.2607991908702493,12.225753710540696,332.5847758908239,9.120856102172938,9.120856102172938,332.5847758908239,49.39322919261713,1.2974234242160316,-0.3297459320681659,-10.238067608420026,345.68867166021863,9.479499239629307,9.479499239629307,345.68867166021863,236.52719285636545,6.465050255003365,5.865566807951292,214.55776771914125,12.225753710540696,332.5847758908239,hourly_window_mean_factor_top_available_analogs,2,22.463821318960722,-13.103895769394759,-6.34252884131121e-13,22.463821318960722,-13.103895769394759,-6.34252884131121e-13,10.238067608420026,-345.68867166021863,-214.55776771914125,47.11637687531187,1.2109146421949437,49.39322919261713,1.2974234242160316,332.5847758908239,9.120856102172938,345.68867166021863,9.479499239629307,236.52719285636545,6.465050255003365,-13.10389576939474,-0.3586431374563688,-0.2583831117696871
experiment_2026_06_16_09_31_kcap_H4,SEN_demand_NTE,2026-04-03,Good Friday,H2,G,observance_tier,True,2026-04-03,19,True,True,2,False,2,8,2,pearson,LassoReg,,2,{},2026-04-02 10:00:00,2026-04-04,438.4329537310809,14.472296352194839,142.851737,5.032,,14,24,2,4,2,2,0.08556441766037115,3673.5073971521333,3526.964205453692,438.4329537310809,14.472296352194839,-14.472296352194839,-438.4329537310809,257.6702522066045,7.072867526139538,-7.072867526139538,-257.6702522066045,543.877862953692,18.788629834060433,-18.788629834060433,-543.877862953692,415.97357304281684,11.435291588575966,-11.435291588575966,-415.97357304281684,451.53425913256797,15.541346159964036,-15.541346159964036,-451.53425913256797,438.43295373108066,14.028589212610537,-14.028589212610537,-438.43295373108066,-257.6702522066045,-543.877862953692,hourly_window_mean_factor_top_available_analogs,2,158.30332083621238,-92.34360382112402,-8.376924884750654e-14,158.30332083621238,-92.34360382112402,-8.376924884750654e-14,415.9735730428169,451.53425913256797,438.43295373108083,257.6702522066045,7.072867526139538,415.97357304281684,11.435291588575966,543.877862953692,18.788629834060433,451.53425913256797,15.541346159964036,438.43295373108066,14.028589212610537,92.34360382112402,3.2472836740963977,0.4437071395843013
experiment_2026_06_16_09_31_kcap_H4,SEN_demand_NTE,2026-04-04,Holy Saturday,H3,G,observance_tier,True,2026-04-04,19,True,True,7,False,2,8,7,pearson,RidgeReg,standard,2,{},2026-04-03 10:00:00,2026-04-05,286.6769605982634,9.096798205858631,144.979231,5.064,,14,24,4,4,7,4,0.0686059698028952,2801.584555305934,2811.4608862929854,286.6769605982634,9.096798205858631,8.964885708612481,283.1387846940663,163.53357526897585,5.243006208562891,4.884958001751913,153.92995495758376,358.5106020403479,11.344843537614475,11.344843537614475,358.5106020403479,281.73202170305996,9.140161490071236,9.140161490071236,281.73202170305996,283.95939643881957,8.975648742041704,8.975648742041704,283.95939643881957,283.138784694066,9.036258701842057,9.036258701842057,283.138784694066,153.92995495758376,358.5106020403479,hourly_window_mean_factor_top_available_analogs,4,-127.8020667454762,74.55120560152828,3.111429242907386e-13,-127.8020667454762,74.55120560152828,3.111429242907386e-13,-281.73202170305996,-283.9593964388196,-283.13878469406603,163.53357526897585,5.243006208562891,281.73202170305996,9.140161490071236,358.5106020403479,11.344843537614475,283.95939643881957,8.975648742041704,283.138784694066,9.036258701842057,74.55120560152835,2.3691947955727706,0.0605395040165746
experiment_2026_06_16_09_31_kcap_H4,SEN_demand_NTE,2026-05-01,Labor Day,H2,F,observance_tier,True,2026-05-01,19,True,True,7,False,2,8,7,pearson,RidgeReg,standard,2,{},2026-04-30 10:00:00,2026-05-02,217.37428621327953,6.073323780410084,161.405288,5.547,,14,24,4,4,7,4,0.04631349759093075,3929.8238805741535,3792.010016257438,217.37428621327953,6.073323780410084,-5.064497249766996,-175.87239662678587,107.4912525661496,2.5820263820816436,0.15621705823531135,5.156733454333205,281.4727225074387,8.109913929435008,-8.109913929435008,-281.4727225074387,107.08061058162217,2.5518433369581017,2.2462576838538633,94.38497128998026,333.6066474344522,9.76792148549155,-9.765664124243278,-333.52252791156485,250.14968648867273,7.109366378137122,-5.340219247575909,-175.87239662678508,5.156733454333205,-281.4727225074387,hourly_window_mean_factor_top_available_analogs,4,-89.22823783564705,52.0498054041262,-7.898243462764903e-13,-89.22823783564705,52.0498054041262,-7.898243462764903e-13,-94.38497128998026,333.52252791156485,175.87239662678508,107.4912525661496,2.5820263820816436,107.08061058162217,2.5518433369581017,281.4727225074387,8.109913929435008,333.6066474344522,9.76792148549155,250.14968648867273,7.109366378137122,-52.13392492701354,-1.6580075560565426,-1.0360425977270378
experiment_2026_06_16_09_31_kcap_H4,SEN_demand_OCC,2025-01-01,New Year's Day,H3,H,observance_tier,True,2025-01-01,19,True,True,3,False,2,4,3,pearson,PLS,minmax,3,{},2024-12-31 10:00:00,2025-01-02,232.93258338241796,3.7969417629669913,358.494455,5.237,,14,24,3,4,3,3,0.11432788692947111,5877.765556134495,5359.918293765871,232.93258338241796,3.7969417629669913,2.9501877304133437,179.87319728655854,192.24665351921365,2.7926603057764816,0.9651028501492327,71.0525726621528,256.6660424692871,4.382772612994789,4.1081539105674105,243.35189498412853,196.08358510114027,2.8241167933709312,1.9165610176974521,136.13300503243798,232.76179502865304,3.953695443027504,3.392393515176314,205.3883094347949,219.2487703185168,3.537534887890872,2.848665752947259,179.87319728655814,71.0525726621528,243.35189498412853,hourly_window_mean_factor_top_available_analogs,3,-65.08043237028518,37.96358554933363,3.8294513758860134e-13,-65.08043237028518,37.96358554933363,3.8294513758860134e-13,-136.13300503243798,-205.3883094347949,-179.87319728655817,192.24665351921365,2.7926603057764816,196.08358510114027,2.8241167933709312,256.6660424692871,4.382772612994789,232.76179502865304,3.953695443027504,219.2487703185168,3.537534887890872,23.904247440634066,0.42907716996728507,0.25940687507611937
experiment_2026_06_16_09_31_kcap_H4,SEN_demand_OCC,2025-02-03,Constitution Day,H2,H,observance_tier,True,2025-02-03,19,True,True,3,False,2,4,3,euclidian,PCR,standard,2,{},2025-02-02 10:00:00,2025-02-04,111.43493833776189,1.616053436865667,337.630258,4.79,,14,24,3,4,3,3,0.06748852089992537,6996.583080962298,6959.774926897131,111.43493833776189,1.616053436865667,1.3257404534224324,92.09765587980753,100.26565944020292,1.406210838048102,0.7808877529124212,59.11157349741617,117.95035102800462,1.738461619509246,1.6435711953866061,111.33953726953582,161.34226941592675,2.235506133488342,0.8284640877140419,68.8003735599133,184.2765597392394,2.6718207798228004,1.5377971269978534,105.68773723307929,175.8270843569663,2.511073278541684,1.2764639019985542,92.0976558798076,59.11157349741617,111.33953726953582,hourly_window_mean_factor_top_available_analogs,3,-9.688800062497128,5.651800036456545,-7.180221329786275e-14,-9.688800062497128,5.651800036456545,-7.180221329786275e-14,-68.8003735599133,-105.68773723307928,-92.0976558798076,100.26565944020292,1.406210838048102,161.34226941592675,2.235506133488342,117.95035102800462,1.738461619509246,184.2765597392394,2.6718207798228004,175.8270843569663,2.511073278541684,-66.32620871123477,-0.9333591603135545,-0.8950198416760171
experiment_2026_06_16_09_31_kcap_H4,SEN_demand_OCC,2025-03-17,Benito Juarez's Birthday,H2,H,observance_tier,True,2025-03-17,19,True,True,2,False,2,4,2,euclidian,PCR,standard,2,{},2025-03-16 10:00:00,2025-03-18,184.1758541283186,2.5336003244699876,306.732016,4.294,,14,24,2,4,2,2,0.06866235745667196,7108.645764166758,7018.952654657529,184.1758541283186,2.5336003244699876,0.7318595113847814,63.228456622716365,200.41229490405567,2.9036570456737674,-1.9867823041289367,-127.8734983254361,174.70459700913864,2.3177339037677838,2.3177339037677838,174.70459700913864,188.8959385117792,2.7346444302670387,-1.8824141282989004,-121.50010141976223,170.98678214749376,2.2796067517955882,2.2796067517955882,170.98678214749376,177.58489238696734,2.4472522122850693,0.7462306380765661,63.22845662271524,-127.8734983254361,174.70459700913864,hourly_window_mean_factor_top_available_analogs,2,-6.3733969056738715,3.717814861644873,1.1249013416665166e-12,-6.3733969056738715,3.717814861644873,1.1249013416665166e-12,121.50010141976223,-170.98678214749376,-63.22845662271524,200.41229490405567,2.9036570456737674,188.8959385117792,2.7346444302670387,174.70459700913864,2.3177339037677838,170.98678214749376,2.2796067517955882,177.58489238696734,2.4472522122850693,3.7178148616448823,0.03812715197219552,0.08634811218491834
experiment_2026_06_16_09_31_kcap_H4,SEN_demand_OCC,2025-04-17,Maundy Thursday,H1,G,observance_tier,True,2025-04-17,19,True,True,6,False,2,6,6,pearson,RidgeReg,standard,2,{},2025-04-16 10:00:00,2025-04-18,200.0838866443127,2.27623979369773,264.689453,3.647,,14,24,4,4,6,4,0.08054907852934831,8669.496159408318,8227.573107029737,200.0838866443127,2.27623979369773,2.27623979369773,200.0838866443127,187.90303365696997,1.9602007175499832,1.9602007175499832,187.90303365696997,207.18938422026267,2.460595921450582,2.460595921450582,207.18938422026267,79.56622230064113,0.8219193045774641,0.4662490041962278,45.728817898530515,290.124343412687,3.4285606667926074,3.4285606667926074,290.124343412687,212.55029879245959,2.4682191122922914,2.3371826858360465,200.08388664431357,187.90303365696997,207.18938422026267,hourly_window_mean_factor_top_available_analogs,4,142.17421575843946,-82.93495919242434,-8.376924884750655e-13,142.17421575843946,-82.93495919242434,-8.376924884750655e-13,-45.72881789853051,-290.12434341268704,-200.08388664431354,187.90303365696997,1.9602007175499832,79.56622230064113,0.8219193045774641,207.18938422026267,2.460595921450582,290.124343412687,3.4285606667926074,212.55029879245959,2.4682191122922914,-82.93495919242432,-0.9679647453420253,-0.1919793185945613
experiment_2026_06_16_09_31_kcap_H4,SEN_demand_OCC,2025-04-18,Good Friday,H2,G,observance_tier,True,2025-04-18,19,True,True,6,False,2,6,6,pearson,RidgeReg,standard,2,{},2025-04-17 10:00:00,2025-04-19,193.18492331364544,2.5653393149609287,264.191261,3.566,,14,24,4,4,6,4,0.0927380065434082,7529.282709889699,6989.204017242133,193.18492331364544,2.5653393149609287,2.3453811547742953,175.16707116293418,135.87404783783683,1.5626710544784685,0.9656417625433209,86.96844914304913,226.61626734120046,3.150229133575697,3.150229133575697,226.61626734120046,151.12361135545734,1.734847847474919,1.4243005913754039,125.70928687406929,205.57584886470886,2.765647578498482,2.742196728262144,204.01744533143673,185.51449820340568,2.3858792565424327,2.25665604625124,175.16707116293293,86.96844914304913,226.61626734120046,hourly_window_mean_factor_top_available_analogs,4,-38.740837731020164,22.598822009763733,1.2445716971629545e-12,-38.740837731020164,22.598822009763733,1.2445716971629545e-12,-125.70928687406929,-204.01744533143673,-175.16707116293293,135.87404783783683,1.5626710544784685,151.12361135545734,1.734847847474919,226.61626734120046,3.150229133575697,205.57584886470886,2.765647578498482,185.51449820340568,2.3858792565424327,21.040418476491595,0.38458155507721514,0.179460058418496
experiment_2026_06_16_09_31_kcap_H4,SEN_demand_OCC,2025-04-19,Holy Saturday,H3,G,observance_tier,True,2025-04-19,19,True,True,6,False,2,6,6,pearson,RidgeReg,standard,2,{},2025-04-18 10:00:00,2025-04-20,69.44235580898822,0.936241855435589,233.784864,3.151,,14,24,4,4,6,4,0.06027077641637386,7245.868710058493,7282.73669048423,69.44235580898822,0.936241855435589,0.4501053772070304,34.878247573086405,57.52119514453599,0.800177940501895,-0.06425590254206714,-2.0570343286574695,76.39636619658536,1.015612472480244,0.7501494570606709,56.423828682437,220.17302507080376,3.04813014675937,0.14900524149071964,26.393047989559495,186.0719547886017,2.534270238661172,0.49681770065039066,39.82794733014297,198.63550699783403,2.7235870469078765,0.36867626832840655,34.8782475730859,-2.0570343286574695,56.423828682437,hourly_window_mean_factor_top_available_analogs,4,-28.450082318216964,16.595881352294025,5.026154930850393e-13,-28.450082318216964,16.595881352294025,5.026154930850393e-13,-26.393047989559495,-39.827947330142976,-34.8782475730859,57.52119514453599,0.800177940501895,220.17302507080376,3.04813014675937,76.39636619658536,1.015612472480244,186.0719547886017,2.534270238661172,198.63550699783403,2.7235870469078765,-109.67558859201633,-1.518657766180928,-1.7873451914722875
experiment_2026_06_16_09_31_kcap_H4,SEN_demand_OCC,2025-05-01,Labor Day,H2,F,observance_tier,True,2025-05-01,19,True,True,6,False,2,6,6,pearson,RidgeReg,standard,2,{},2025-04-30 10:00:00,2025-05-02,204.26131175291331,2.078552787748373,234.24917,3.157,,14,24,4,4,6,4,0.06993776283766129,9217.474092142093,8732.017819083363,204.26131175291331,2.078552787748373,1.3447993778360923,143.12832812106433,382.3507990429385,3.6658176007951466,3.6658176007951466,382.3507990429385,100.37577750039861,1.1526483134710899,-0.009127918890022485,3.5818867499710527,416.43788617412935,3.955103487106573,3.955103487106573,416.43788617412935,299.1970165971157,3.473171025235222,-0.3212891878580428,-16.30224740988884,342.39102117812075,3.6507250901351935,1.2542239029183948,143.12832812106524,382.3507990429385,3.5818867499710527,hourly_window_mean_factor_top_available_analogs,4,-34.087087131190856,19.884134159859894,-9.094947017729282e-13,-34.087087131190856,19.884134159859894,-9.094947017729282e-13,-416.43788617412935,16.302247409888842,-143.12832812106524,382.3507990429385,3.6658176007951466,416.43788617412935,3.955103487106573,100.37577750039861,1.1526483134710899,299.1970165971157,3.473171025235222,342.39102117812075,3.6507250901351935,-198.82123909671708,-2.3205227117641325,-1.5721723023868206
experiment_2026_06_16_09_31_kcap_H4,SEN_demand_OCC,2025-09-16,Independence Day,H2,H,observance_tier,True,2025-09-16,19,True,True,2,False,2,4,2,pearson,PLS,minmax,2,{},2025-09-15 10:00:00,2025-09-17,1242.9180776466937,16.892633039546727,278.459305,3.762,,14,24,2,4,2,2,0.1678945844581992,7771.72360820782,8209.26058744305,1242.9180776466937,16.892633039546727,-5.648513105603956,-310.8385750499246,1252.0558926240046,15.084625555223253,15.084625555223253,1252.0558926240046,1237.5876855765955,17.94730407206875,-17.742843991086495,-1222.5270145263833,1610.2110697004941,19.45618481492263,19.45618481492263,1610.2110697004941,1593.0595632297063,22.824164378890803,-20.48464445957429,-1431.450867821003,1599.3785392978914,21.583329802692,-5.7696020952859515,-310.83857504992494,1252.0558926240046,-1222.5270145263833,hourly_window_mean_factor_top_available_analogs,2,-358.1551770764897,208.92385329461948,3.111429242907386e-13,-358.1551770764897,208.92385329461948,3.111429242907386e-13,-1610.2110697004944,1431.4508678210027,310.8385750499249,1252.0558926240046,15.084625555223253,1610.2110697004941,19.45618481492263,1237.5876855765955,17.94730407206875,1593.0595632297063,22.824164378890803,1599.3785392978914,21.583329802692,-355.4718776531108,-4.876860306822053,-4.690696763145272
experiment_2026_06_16_09_31_kcap_H4,SEN_demand_OCC,2025-11-17,Mexican Revolution Day,H2,F,observance_tier,True,2025-11-17,19,True,True,6,False,2,6,6,pearson,RidgeReg,standard,2,{},2025-11-16 10:00:00,2025-11-18,112.53976875763044,1.5172276714724635,267.575897,3.58,,14,24,4,4,6,4,0.06377505503842182,7305.339166688133,7257.105928940818,112.53976875763044,1.5172276714724635,0.05285116168099593,13.537934627656389,149.23853095307004,2.0480291458780835,-0.6500842764017978,-35.31678354067416,91.13215747695733,1.207593478069185,0.462896833895959,42.03652022584921,233.46173331716358,3.269419991235558,-1.1484612345800806,-62.97990201738224,156.97342376315746,2.1395587682976758,0.7302859159857822,58.17333933726203,185.15332728305444,2.555823429380054,0.03811591314572756,13.537934627656245,-35.31678354067416,42.03652022584921,hourly_window_mean_factor_top_available_analogs,4,27.66311847670808,-16.13681911141282,1.436044265957255e-13,27.66311847670808,-16.13681911141282,1.436044265957255e-13,62.979902017382244,-58.17333933726203,-13.537934627656245,149.23853095307004,2.0480291458780835,233.46173331716358,3.269419991235558,91.13215747695733,1.207593478069185,156.97342376315746,2.1395587682976758,185.15332728305444,2.555823429380054,-65.84126628620012,-0.9319652902284907,-1.0385957579075904
experiment_2026_06_16_09_31_kcap_H4,SEN_demand_OCC,2025-12-24,Christmas Eve,H1,G,observance_tier,True,2025-12-24,19,True,True,6,False,2,6,6,pearson,RidgeReg,standard,2,{},2025-12-23 10:00:00,2025-12-25,619.4628751277351,8.66025449937569,263.908364,3.525,,14,24,4,4,6,4,0.0700053433108282,8267.515382837224,8022.5781464340325,619.4628751277351,8.66025449937569,-8.202509124783987,-580.5694223109085,190.541510031226,2.22752968534851,-0.9850779543138922,-84.97356667126789,869.6670047673655,12.412677307558207,-12.412677307558207,-869.6670047673655,434.60825316273974,5.147851099556633,-5.105368938161889,-430.73224248366375,667.9744438768006,9.517070588361433,-9.517070588361433,-667.9744438768006,581.9974262453044,7.907358145117559,-7.891706822498442,-580.569422310908,-84.97356667126789,-869.6670047673655,hourly_window_mean_factor_top_available_analogs,4,345.75867581239584,-201.69256089056486,-3.8294513758860134e-13,345.75867581239584,-201.69256089056486,-3.8294513758860134e-13,430.73224248366375,667.9744438768006,580.5694223109082,190.541510031226,2.22752968534851,434.60825316273974,5.147851099556633,869.6670047673655,12.412677307558207,667.9744438768006,9.517070588361433,581.9974262453044,7.907358145117559,201.6925608905649,2.895606719196774,0.7528963542581302
experiment_2026_06_16_09_31_kcap_H4,SEN_demand_OCC,2025-12-25,Christmas Day,H2,H,observance_tier,True,2025-12-25,19,True,True,3,False,2,4,3,pearson,PLS,minmax,3,{},2025-12-24 10:00:00,2025-12-26,351.7284164997451,5.930603586055933,341.513013,4.554,,14,24,3,4,3,3,0.12023749716028777,6649.240857447153,6146.528049293504,351.7284164997451,5.930603586055933,-5.842102851152464,-345.1549063945206,435.0214003670704,6.288467959968685,-6.12126223944576,-422.1108378534057,303.14084257713876,5.721849367940162,-5.679259874648042,-300.2639463768376,505.6413674262899,7.291897079889528,-7.291897079889528,-505.6413674262899,256.7282251174261,4.823886394701865,-4.743593745369402,-251.53780412598962,348.4330670206918,5.733153489244687,-5.682442342297869,-345.15490639452145,-422.1108378534057,-300.2639463768376,hourly_window_mean_factor_top_available_analogs,3,83.5305295728842,-48.72614225084802,6.9408806187934e-13,83.5305295728842,-48.72614225084802,6.9408806187934e-13,505.6413674262899,251.5378041259896,345.1549063945213,435.0214003670704,6.288467959968685,505.6413674262899,7.291897079889528,303.14084257713876,5.721849367940162,256.7282251174261,4.823886394701865,348.4330670206918,5.733153489244687,46.412617459712635,0.8979629732382968,0.19745009681124603
experiment_2026_06_16_09_31_kcap_H4,SEN_demand_OCC,2025-12-31,New Year's Eve,H1,G,observance_tier,True,2025-12-31,19,True,True,6,False,2,7,6,pearson,RidgeReg,standard,2,{},2025-12-30 10:00:00,2026-01-01,134.70443513467976,1.8769041717895225,273.178021,3.775,,14,24,4,4,6,4,0.07333903013201615,7351.102987878506,6905.824335726441,134.70443513467976,1.8769041717895225,1.356338685913967,93.94929554254786,61.269845139059726,0.776622583106331,-0.6342777826872851,-49.205023710613204,177.54127929879144,2.5187350985213843,2.517531625931364,177.45598177355848,225.596565619034,2.7962327718559186,-0.015397264958478976,11.257087665063539,174.5107126853362,2.4309101983504156,1.9545192689836421,142.18641680441223,193.33181639775117,2.565502725431391,1.228760545952334,93.94929554254692,-49.205023710613204,177.45598177355848,hourly_window_mean_factor_top_available_analogs,4,-60.46211137567674,35.269564969146245,9.334287728722159e-13,-60.46211137567674,35.269564969146245,9.334287728722159e-13,-11.257087665063537,-142.18641680441223,-93.94929554254692,61.269845139059726,0.776622583106331,225.596565619034,2.7962327718559186,177.54127929879144,2.5187350985213843,174.5107126853362,2.4309101983504156,193.33181639775117,2.565502725431391,3.0305666134552496,0.08782490017096878,-0.6885985536418684
experiment_2026_06_16_09_31_kcap_H4,SEN_demand_OCC,2026-01-01,New Year's Day,H3,H,observance_tier,True,2026-01-01,19,True,True,2,False,2,4,2,pearson,PLS,minmax,2,{},2025-12-31 10:00:00,2026-01-02,173.85536058227362,2.756681758421999,343.998116,4.79,,14,24,2,4,2,2,0.10531762276904973,6245.600265079512,5918.489363405402,173.85536058227362,2.756681758421999,0.3599863532821666,46.12028176259271,296.53121847915634,4.198733205431071,4.198733205431071,296.53121847915634,102.29444347575868,1.91548508100004,-1.8792826438046948,-99.95276465540273,249.91059044716252,3.5600268274144455,3.5600268274144455,249.91059044716252,82.49730257455288,1.4727867540680901,-1.3023909472419637,-72.7573983034052,144.17588231709328,2.2417699389851684,0.4890261276314503,46.12028176259343,296.53121847915634,-99.95276465540273,hourly_window_mean_factor_top_available_analogs,2,46.62062803199381,-27.195366351997524,-7.180221329786276e-13,46.62062803199381,-27.195366351997524,-7.180221329786276e-13,-249.91059044716252,72.75739830340521,-46.12028176259343,296.53121847915634,4.198733205431071,249.91059044716252,3.5600268274144455,102.29444347575868,1.91548508100004,82.49730257455288,1.4727867540680901,144.17588231709328,2.2417699389851684,19.797140901205807,0.44269832693194977,0.5149118194368305
experiment_2026_06_16_09_31_kcap_H4,SEN_demand_OCC,2026-02-02,Constitution Day,H2,H,observance_tier,True,2026-02-02,19,True,True,4,False,2,4,4,pearson,RidgeReg,standard,2,{},2026-02-01 10:00:00,2026-02-03,157.91830808077478,2.226468429801292,325.320503,4.535,,14,24,4,4,4,4,0.11186431600217392,7286.818910419968,7384.547955374414,157.91830808077478,2.226468429801292,-1.660574287198002,-117.16443568312633,122.09621209601826,1.8149196001257641,-0.5069872743714277,-27.86272478377571,178.8145307385494,2.466538580445349,-2.33350004468017,-169.2571003744142,324.82001178388583,4.609465886731925,4.609465886731925,324.82001178388583,526.7453266896605,7.275798942503769,-5.046864999333139,-374.9886967055492,452.35178961911197,6.293465711429932,-1.4892694097302208,-117.1644356831258,-27.86272478377571,-169.2571003744142,hourly_window_mean_factor_top_available_analogs,4,-352.6827365676615,205.73159633113505,-5.265495641843269e-13,-352.6827365676615,205.73159633113505,-5.265495641843269e-13,-324.8200117838858,374.9886967055493,117.1644356831258,122.09621209601826,1.8149196001257641,324.82001178388583,4.609465886731925,178.8145307385494,2.466538580445349,526.7453266896605,7.275798942503769,452.35178961911197,6.293465711429932,-347.9307959511111,-4.809260362058421,-4.06699728162864
experiment_2026_06_16_09_31_kcap_H4,SEN_demand_OCC,2026-03-16,Benito Juarez's Birthday,H2,H,observance_tier,True,2026-03-16,19,True,True,4,False,2,4,4,pearson,RidgeReg,standard,2,{},2026-03-15 10:00:00,2026-03-17,142.58899632228403,1.9670507784262166,283.636911,3.93,,14,24,4,4,4,4,0.07142439190714252,7649.835738726482,7615.588650211386,142.58899632228403,1.9670507784262166,-0.3620344508047848,-19.498857673850747,241.7534715628187,3.395213249400514,-2.6090809289260837,-174.28224475235947,84.74305243197216,1.1339560036912089,0.9487426614326394,70.79145145527934,357.550779378197,5.059120231642831,-4.619846013970373,-320.3434095213077,155.9937975704993,2.0337188797055776,2.0337188797055776,155.9937975704993,230.2516329733353,3.1483404304193034,-0.417594502175036,-19.498857673850626,-174.28224475235947,70.79145145527934,hourly_window_mean_factor_top_available_analogs,4,146.0611647689482,-85.20234611521998,-1.1967035549643792e-13,146.0611647689482,-85.20234611521998,-1.1967035549643792e-13,320.34340952130765,-155.99379757049934,19.498857673850626,241.7534715628187,3.395213249400514,357.550779378197,5.059120231642831,84.74305243197216,1.1339560036912089,155.9937975704993,2.0337188797055776,230.2516329733353,3.1483404304193034,-71.25074513852715,-0.8997628760143688,-1.1812896519930869
experiment_2026_06_16_09_31_kcap_H4,SEN_demand_OCC,2026-04-02,Maundy Thursday,H1,G,observance_tier,True,2026-04-02,19,True,True,8,False,2,8,8,pearson,RidgeReg,standard,2,{},2026-04-01 10:00:00,2026-04-03,86.96276071560672,0.964959851734217,241.247837,3.333,,14,24,4,4,8,4,0.07446706886353376,8816.03071459649,8460.378346024423,86.96276071560672,0.964959851734217,0.04954493138128688,8.720648824563412,137.29077489679665,1.4454438621278436,0.21595265738511538,27.93922927996976,57.60475244324592,0.6846775123379351,-0.04752624212094642,-2.4901897744236217,214.62198465083682,2.360036183728623,-2.0166499488043366,-180.3847978721599,119.96839003784885,1.4213996183422954,1.4096755888250065,119.03215939764975,154.84076700052864,1.767213089800416,0.14734512759314317,8.720648824561977,27.93922927996976,-2.4901897744236217,hourly_window_mean_factor_top_available_analogs,4,208.32402715212967,-121.52234917207336,1.4360442659572551e-12,208.32402715212967,-121.52234917207336,1.4360442659572551e-12,180.3847978721599,-119.03215939764974,-8.720648824561977,137.29077489679665,1.4454438621278436,214.62198465083682,2.360036183728623,57.60475244324592,0.6846775123379351,119.96839003784885,1.4213996183422954,154.84076700052864,1.767213089800416,-62.36363759460293,-0.7367221060043604,-0.802253238066199
experiment_2026_06_16_09_31_kcap_H4,SEN_demand_OCC,2026-04-03,Good Friday,H2,G,observance_tier,True,2026-04-03,19,True,True,8,False,2,8,8,pearson,RidgeReg,standard,2,{},2026-04-02 10:00:00,2026-04-04,562.3340621724647,7.683425893666348,241.242238,3.311,,14,24,4,4,8,4,0.0821363831684984,8279.068961119834,7968.634445739978,562.3340621724647,7.683425893666348,-7.683425893666348,-562.3340621724647,307.76702177101373,3.5892315177817045,-3.5892315177817045,-307.76702177101373,710.8315024066445,10.071705946265723,-10.071705946265723,-710.8315024066445,611.1584386104262,7.285887920650921,-7.285887920650921,-611.1584386104262,533.8531759169883,7.680198693053474,-7.680198693053474,-533.8531759169883,562.3340621724655,7.5349263032209555,-7.5349263032209555,-562.3340621724655,-307.76702177101373,-710.8315024066445,hourly_window_mean_factor_top_available_analogs,4,303.39141683941256,-176.97832648965615,7.419562040779151e-13,303.39141683941256,-176.97832648965615,7.419562040779151e-13,611.1584386104263,533.8531759169883,562.3340621724655,307.76702177101373,3.5892315177817045,611.1584386104262,7.285887920650921,710.8315024066445,10.071705946265723,533.8531759169883,7.680198693053474,562.3340621724655,7.5349263032209555,176.97832648965618,2.391507253212249,0.1484995904453923
experiment_2026_06_16_09_31_kcap_H4,SEN_demand_OCC,2026-04-04,Holy Saturday,H3,G,observance_tier,True,2026-04-04,19,True,True,8,False,2,8,8,pearson,RidgeReg,standard,2,{},2026-04-03 10:00:00,2026-04-05,105.39767568766162,1.5408040245358978,236.103398,3.251,,14,24,4,4,8,4,0.06269023953578728,7390.531369594573,7422.786980175241,105.39767568766162,1.5408040245358978,-1.0173749234477552,-67.68761538404816,138.78043790088967,2.1153983245649526,-2.0656869243886136,-134.7224007420053,85.92439772994526,1.2056240161856164,-0.40585958956558815,-28.583990591906474,334.59521194239295,4.82607774032811,-1.829646363045102,-95.76911507934847,269.4750408765836,3.7411794045109694,-0.8425204921990949,-51.306740561787706,293.46668284819754,4.140878791390968,-1.206198444616045,-67.68761538404694,-134.7224007420053,-28.583990591906474,hourly_window_mean_factor_top_available_analogs,4,-38.95328566265685,22.72274996988123,-1.2206376260636668e-12,-38.95328566265685,22.72274996988123,-1.2206376260636668e-12,95.76911507934845,51.306740561787706,67.68761538404694,138.78043790088967,2.1153983245649526,334.59521194239295,4.82607774032811,85.92439772994526,1.2056240161856164,269.4750408765836,3.7411794045109694,293.46668284819754,4.140878791390968,-183.55064314663832,-2.5355553883253528,-2.60007476685507
experiment_2026_06_16_09_31_kcap_H4,SEN_demand_OCC,2026-05-01,Labor Day,H2,F,observance_tier,True,2026-05-01,19,True,True,8,False,2,8,8,pearson,RidgeReg,standard,2,{},2026-04-30 10:00:00,2026-05-02,239.88456115290873,2.731933665306103,234.277241,3.228,,14,24,4,4,8,4,0.06929009302453996,9780.95277135179,9214.881804104996,239.88456115290873,2.731933665306103,-2.1256619770481135,-176.1534505623128,68.31994980783917,0.6371893249664909,0.6218646749349119,66.60480979657314,339.963917770866,3.953867863837543,-3.728385857371545,-317.7624357716629,258.32790276268224,2.3481867681188135,1.7971282263558288,200.52559973616437,600.3609116936078,6.993407978496291,-4.8348309859820615,-395.88289656976184,474.34875050853,5.282010690462484,-2.3914775919628384,-176.15345056231533,66.60480979657314,-317.7624357716629,hourly_window_mean_factor_top_available_analogs,4,-133.92078993959123,78.1204607980989,2.537011536524484e-12,-133.92078993959123,78.1204607980989,2.537011536524484e-12,-200.52559973616437,395.88289656976184,176.15345056231533,68.31994980783917,0.6371893249664909,258.32790276268224,2.3481867681188135,339.963917770866,3.953867863837543,600.3609116936078,6.993407978496291,474.34875050853,5.282010690462484,-260.39699392274184,-3.0395401146587475,-2.5500770251563813
experiment_2026_06_16_09_31_kcap_H4,SEN_demand_ORI,2025-01-01,New Year's Day,H3,H,observance_tier,True,2025-01-01,19,True,True,4,False,2,4,4,pearson,RidgeReg,standard,2,{},2024-12-31 10:00:00,2025-01-02,171.00675162760345,3.293362037348339,240.205965,4.293,,14,24,4,4,4,4,0.10660522977377707,5118.614877116859,4801.484865109444,171.00675162760345,3.293362037348339,3.2779877082061684,170.1855615673521,177.55437174825738,3.00485575465358,2.9631254326962604,175.32542729900374,167.187306557222,3.4616573689202816,3.4616573689202816,167.187306557222,197.4968497592516,3.327793504783829,3.1584013390157373,188.4490947953192,159.53183385103696,3.2495102939135108,3.2495102939135108,159.53183385103696,173.51894497511606,3.2783514768657334,3.2159438368459106,170.18556156735147,175.32542729900374,167.187306557222,hourly_window_mean_factor_top_available_analogs,4,-13.123667496315452,7.6554727061850185,6.34252884131121e-13,-13.123667496315452,7.6554727061850185,6.34252884131121e-13,-188.44909479531918,-159.531833851037,-170.18556156735147,177.55437174825738,3.00485575465358,197.4968497592516,3.327793504783829,167.187306557222,3.4616573689202816,159.53183385103696,3.2495102939135108,173.51894497511606,3.2783514768657334,7.655472706185037,0.21214707500677088,0.01501056048260585
experiment_2026_06_16_09_31_kcap_H4,SEN_demand_ORI,2025-02-03,Constitution Day,H2,H,observance_tier,True,2025-02-03,19,True,True,4,False,2,4,4,pearson,RidgeReg,standard,2,{},2025-02-02 10:00:00,2025-02-04,145.02755522205604,2.6236071543166783,230.99027,4.1,,14,24,4,4,4,4,0.08935509013892075,5294.399728488353,5232.513198370946,145.02755522205604,2.6236071543166783,2.480713573528952,137.63074440638465,176.2157705960945,3.112627749125481,3.112627749125481,176.2157705960945,126.83442958720025,2.338345140678211,2.1120969710976447,115.12281246238724,313.8628683254368,5.768899508851751,5.768899508851751,313.8628683254368,100.7739321320726,1.9364901862132093,0.7298010802000866,34.8286721202702,179.28038230857518,3.348430462974777,2.586311027598067,137.6307444063842,176.2157705960945,115.12281246238724,hourly_window_mean_factor_top_available_analogs,4,-137.64709772934228,80.29414034211705,4.547473508864641e-13,-137.64709772934228,80.29414034211705,4.547473508864641e-13,-313.8628683254368,-34.8286721202702,-137.6307444063842,176.2157705960945,3.112627749125481,313.8628683254368,5.768899508851751,126.83442958720025,2.338345140678211,100.7739321320726,1.9364901862132093,179.28038230857518,3.348430462974777,26.060497455127646,0.40185495446500186,-0.7248233086580989
experiment_2026_06_16_09_31_kcap_H4,SEN_demand_ORI,2025-03-17,Benito Juarez's Birthday,H2,H,observance_tier,True,2025-03-17,19,True,True,4,False,2,4,4,pearson,RidgeReg,standard,2,{},2025-03-16 10:00:00,2025-03-18,395.3534000260609,6.600908169084261,228.040269,4.039,,14,24,4,4,4,4,0.07282151782978381,6271.542896078693,6078.095459513282,395.3534000260609,6.600908169084261,-6.600908169084261,-395.3534000260609,426.3058109051106,6.860940210954782,-6.860940210954782,-426.3058109051106,377.29782701328185,6.449222811326457,-6.449222811326457,-377.29782701328185,329.795882516003,5.3169154506660306,-5.3169154506660306,-329.795882516003,433.59528524026217,7.542183195655706,-7.542183195655706,-433.59528524026217,395.3534000260615,6.72234771065951,-6.72234771065951,-395.3534000260615,-426.3058109051106,-377.29782701328185,hourly_window_mean_factor_top_available_analogs,4,-96.50992838910757,56.29745822698029,5.504836352836145e-13,-96.50992838910757,56.29745822698029,5.504836352836145e-13,329.795882516003,433.5952852402621,395.3534000260615,426.3058109051106,6.860940210954782,329.795882516003,5.3169154506660306,377.29782701328185,6.449222811326457,433.59528524026217,7.542183195655706,395.3534000260615,6.72234771065951,-56.297458226980325,-1.092960384329249,-0.12143954157524917
experiment_2026_06_16_09_31_kcap_H4,SEN_demand_ORI,2025-04-17,Maundy Thursday,H1,G,observance_tier,True,2025-04-17,19,True,True,4,False,2,6,4,pearson,RidgeReg,standard,2,{},2025-04-16 10:00:00,2025-04-18,122.22503854630929,1.8056200388773762,234.472609,4.092,,14,24,4,4,4,4,0.06829625490657898,6628.135091098983,6449.52854563676,122.22503854630929,1.8056200388773762,0.5591215877342745,41.552758901017235,60.62696002903048,0.8513116442871869,-0.019174733268916198,-3.2001933199355466,158.15725101472194,2.3622999357216536,0.896461108319469,67.65864769657303,123.96413358498292,1.8263872701557717,-1.6837957913544275,-114.00212018632159,278.3093483423516,4.176480633792104,1.8260239737393806,132.2931050352975,221.4453218527947,3.3106567629787182,0.5329324813363987,41.55275890101678,-3.2001933199355466,67.65864769657303,hourly_window_mean_factor_top_available_analogs,4,110.80192686638604,-64.63445733872447,4.547473508864641e-13,110.80192686638604,-64.63445733872447,4.547473508864641e-13,114.00212018632159,-132.29310503529751,-41.55275890101678,60.62696002903048,0.8513116442871869,123.96413358498292,1.8263872701557717,158.15725101472194,2.3622999357216536,278.3093483423516,4.176480633792104,221.4453218527947,3.3106567629787182,-120.15209732762966,-1.8141806980704502,-1.505036724101342
experiment_2026_06_16_09_31_kcap_H4,SEN_demand_ORI,2025-04-18,Good Friday,H2,G,observance_tier,True,2025-04-18,19,True,True,4,False,2,6,4,pearson,RidgeReg,standard,2,{},2025-04-17 10:00:00,2025-04-19,247.83253235338591,3.7888537613446247,225.741687,3.824,,14,24,4,4,4,4,0.06700526317302265,6205.313788913809,5961.797500911481,247.83253235338591,3.7888537613446247,3.7621947709317163,246.22137766513825,162.2253365217277,2.30017984172824,2.2278197248932043,157.85220236791278,297.77006325518647,4.657246881120849,4.657246881120849,297.77006325518647,184.73062217183457,2.623439194262685,2.5938000321664143,182.93935872833916,283.1358887116049,4.3470611658723906,4.3470611658723906,283.1358887116049,246.8813168285316,3.7120425447530248,3.7011228534543985,246.22137766513856,157.85220236791278,297.77006325518647,hourly_window_mean_factor_top_available_analogs,4,-25.08715636042637,14.634174543581594,-2.87208853191451e-13,-25.08715636042637,14.634174543581594,-2.87208853191451e-13,-182.93935872833916,-283.1358887116049,-246.22137766513853,162.2253365217277,2.30017984172824,184.73062217183457,2.623439194262685,297.77006325518647,4.657246881120849,283.1358887116049,4.3470611658723906,246.8813168285316,3.7120425447530248,14.634174543581594,0.3101857152484584,0.07681121659159995
experiment_2026_06_16_09_31_kcap_H4,SEN_demand_ORI,2025-04-19,Holy Saturday,H3,G,observance_tier,True,2025-04-19,19,True,True,6,False,2,6,6,pearson,RidgeReg,standard,2,{},2025-04-18 10:00:00,2025-04-20,448.62981434428355,6.785543125309328,235.084143,3.97,,14,24,4,4,6,4,0.06426949905761917,5996.456170343497,5846.53306341959,448.62981434428355,6.785543125309328,6.703425989112642,443.9906349196608,167.79199765378047,2.5360491866258816,2.3131598169491605,155.1999392155187,612.4518740804102,9.264414589541337,9.264414589541337,612.4518740804102,166.2122330298343,2.5109629402225893,0.9434388501021126,75.72772816454646,658.8106638601438,9.874195110710064,9.874195110710064,658.8106638601438,477.3270314489771,7.1614253636883625,6.58391648838082,443.99063491966064,155.1999392155187,612.4518740804102,hourly_window_mean_factor_top_available_analogs,4,79.47221105097222,-46.35878977973357,1.436044265957255e-13,79.47221105097222,-46.35878977973357,1.436044265957255e-13,-75.72772816454648,-658.8106638601438,-443.99063491966064,167.79199765378047,2.5360491866258816,166.2122330298343,2.5109629402225893,612.4518740804102,9.264414589541337,658.8106638601438,9.874195110710064,477.3270314489771,7.1614253636883625,-46.35878977973357,-0.6097805211687266,-0.37588223837903456
experiment_2026_06_16_09_31_kcap_H4,SEN_demand_ORI,2025-05-01,Labor Day,H2,F,observance_tier,True,2025-05-01,19,True,True,6,False,2,6,6,pearson,RidgeReg,standard,2,{},2025-04-30 10:00:00,2025-05-02,81.81013456049205,1.1317476609638195,263.779062,4.376,,14,24,4,4,6,4,0.06960315485863976,7128.885512435821,6876.992777729858,81.81013456049205,1.1317476609638195,0.01800645280125631,1.1435851957583891,100.83202523448303,1.321882804994959,0.43059121825329055,29.183668068244383,70.71403166733064,1.0208354936123207,-0.2226679937124304,-15.213129813191776,162.8187300046196,2.158671021944362,1.9902155989152146,149.51822976928614,139.23144713046952,2.1607148630952455,-1.4103236553366119,-85.40829080546628,147.9214987156827,2.159961868987026,-0.15749340377014956,1.1435851957582934,29.183668068244383,-15.213129813191776,hourly_window_mean_factor_top_available_analogs,4,-120.33456170104175,70.19516099227451,9.573628439715034e-14,-120.33456170104175,70.19516099227451,9.573628439715034e-14,-149.51822976928614,85.40829080546628,-1.1435851957582934,100.83202523448303,1.321882804994959,162.8187300046196,2.158671021944362,70.71403166733064,1.0208354936123207,139.23144713046952,2.1607148630952455,147.9214987156827,2.159961868987026,-68.51741546313887,-1.1398793694829248,-1.0282142080232064
experiment_2026_06_16_09_31_kcap_H4,SEN_demand_ORI,2025-09-16,Independence Day,H2,H,observance_tier,True,2025-09-16,19,True,True,4,False,2,4,4,pearson,RidgeReg,standard,2,{},2025-09-15 10:00:00,2025-09-17,482.59062014203073,7.579016303670478,253.730259,4.16,,14,24,4,4,4,4,0.08564616015342955,6022.801045121128,5694.966517751728,482.59062014203073,7.579016303670478,7.579016303670478,482.59062014203073,476.47147653133226,6.793511628143577,6.793511628143577,476.47147653133226,486.1601205816049,8.037227364394505,8.037227364394505,486.1601205816049,587.4246817465402,8.320231623985583,8.320231623985583,587.4246817465402,421.43741753939935,6.793633807697805,6.793633807697805,421.43741753939935,482.5906201420302,7.3560645821196164,7.3560645821196164,482.5906201420302,476.47147653133226,486.1601205816049,hourly_window_mean_factor_top_available_analogs,4,-110.953205215208,64.72270304220554,5.504836352836145e-13,-110.953205215208,64.72270304220554,5.504836352836145e-13,-587.4246817465403,-421.43741753939935,-482.59062014203016,476.47147653133226,6.793511628143577,587.4246817465402,8.320231623985583,486.1601205816049,8.037227364394505,421.43741753939935,6.793633807697805,482.5906201420302,7.3560645821196164,64.72270304220552,1.2435935566967,0.22295172155086185
experiment_2026_06_16_09_31_kcap_H4,SEN_demand_ORI,2025-11-17,Mexican Revolution Day,H2,F,observance_tier,True,2025-11-17,19,True,True,4,False,2,6,4,pearson,RidgeReg,standard,2,{},2025-11-16 10:00:00,2025-11-18,113.8419323113097,1.8080035613606666,251.363008,4.057,,14,24,4,4,4,4,0.07683060361336423,6035.979293399056,5955.717729255531,113.8419323113097,1.8080035613606666,1.7481202503905882,110.70452396936567,147.52136092632924,2.298510531372599,2.298510531372599,147.52136092632924,94.19559895254831,1.5218744955203725,1.427059253151082,89.22803574447023,143.90263143132702,2.255012390082425,2.255012390082425,143.90263143132702,118.18282658628073,1.8872028832559913,1.3845998335235745,91.33896128322128,127.65854416077146,2.022711648928888,1.7052781438347302,110.7045239693655,147.52136092632924,89.22803574447023,hourly_window_mean_factor_top_available_analogs,4,3.618729495002234,-2.110925538751038,1.6753849769501309e-13,3.618729495002234,-2.110925538751038,1.6753849769501309e-13,-143.902631431327,-91.33896128322127,-110.7045239693655,147.52136092632924,2.298510531372599,143.90263143132702,2.255012390082425,94.19559895254831,1.5218744955203725,118.18282658628073,1.8872028832559913,127.65854416077146,2.022711648928888,-23.987227633732417,-0.3653283877356188,-0.21470808756822146
experiment_2026_06_16_09_31_kcap_H4,SEN_demand_ORI,2025-12-24,Christmas Eve,H1,G,observance_tier,True,2025-12-24,19,True,True,4,False,2,6,4,pearson,RidgeReg,standard,2,{},2025-12-23 10:00:00,2025-12-25,217.06980213528033,3.6902539762523294,237.704888,3.822,,14,24,4,4,4,4,0.06853156308392454,5875.72284813364,5667.362486389982,217.06980213528033,3.6902539762523294,2.1620245107302427,122.65565028741335,83.07180278152047,1.3158459662783102,0.74956494294626,45.5206717343773,295.2353017583069,5.075325315403839,2.985959258604233,167.65105444335106,66.76520485909226,1.0540115726094361,0.2688981273389523,18.207542470465146,233.6415079743106,4.034035894689395,3.209415993017768,183.58371318063226,172.16076472133543,2.936132197080989,2.126067305662415,122.6556502874128,45.5206717343773,167.65105444335106,hourly_window_mean_factor_top_available_analogs,4,27.313129263912156,-15.932658737281221,5.504836352836145e-13,27.313129263912156,-15.932658737281221,5.504836352836145e-13,-18.207542470465146,-183.5837131806323,-122.6556502874128,83.07180278152047,1.3158459662783102,66.76520485909226,1.0540115726094361,295.2353017583069,5.075325315403839,233.6415079743106,4.034035894689395,172.16076472133543,2.936132197080989,61.59379378399629,1.0412894207144445,0.7541217791713404
experiment_2026_06_16_09_31_kcap_H4,SEN_demand_ORI,2025-12-25,Christmas Day,H2,H,observance_tier,True,2025-12-25,19,True,True,4,False,2,4,4,pearson,RidgeReg,standard,2,{},2025-12-24 10:00:00,2025-12-26,71.53264823222133,1.253093773882209,227.275784,3.679,,14,24,4,4,4,4,0.1060617114890309,5476.393764094206,5188.653218890652,71.53264823222133,1.253093773882209,0.45510382257671994,25.564185905794385,87.08764979026546,1.473280759185968,-0.22841000775649042,-12.892163014582366,62.45889732336226,1.1246513657883497,0.853820223604426,47.99705610934749,115.26658815885905,1.9321614345671907,-1.8019714755674308,-107.37368878828453,116.11929458844266,2.247456716663875,2.022350503833366,103.11127947734003,115.80513958806975,2.131295296944044,0.6133897745804409,25.564185905794147,-12.892163014582366,47.99705610934749,hourly_window_mean_factor_top_available_analogs,4,94.48152577370216,-55.114223367992544,2.3934071099287584e-13,94.48152577370216,-55.114223367992544,2.3934071099287584e-13,107.37368878828453,-103.11127947734003,-25.564185905794147,87.08764979026546,1.473280759185968,115.26658815885905,1.9321614345671907,62.45889732336226,1.1246513657883497,116.11929458844266,2.247456716663875,115.80513958806975,2.131295296944044,-53.6603972650804,-1.1228053508755254,-0.8782015230618352
experiment_2026_06_16_09_31_kcap_H4,SEN_demand_ORI,2025-12-31,New Year's Eve,H1,G,observance_tier,True,2025-12-31,19,True,True,4,False,2,7,4,pearson,LassoReg,,2,{},2025-12-30 10:00:00,2026-01-01,132.3247867845341,2.520198382215017,220.47452,3.68,,14,24,4,4,4,4,0.06764641149747684,5298.146257310737,5052.455385090497,132.3247867845341,2.520198382215017,-0.48746144253157636,-29.411002310737068,127.22180897400683,2.25036699311059,-2.25036699311059,-127.22180897400683,135.301523840675,2.677600025859267,0.5409001286395144,27.645301576170294,59.364889913923435,1.0807906600092416,-1.0400464776066796,-56.898728207065425,124.76466296464366,2.5071475818771565,-0.3373503210010382,-13.376495537879427,100.67000973543095,1.9816476632942408,-0.5962383786978535,-29.411002310737427,-127.22180897400683,27.645301576170294,hourly_window_mean_factor_top_available_analogs,4,-70.3230807669414,41.02179711404972,3.590110664893138e-13,-70.3230807669414,41.02179711404972,3.590110664893138e-13,56.89872820706543,13.376495537879425,29.411002310737427,127.22180897400683,2.25036699311059,59.364889913923435,1.0807906600092416,135.301523840675,2.677600025859267,124.76466296464366,2.5071475818771565,100.67000973543095,1.9816476632942408,10.53686087603134,0.17045244398211068,0.5385507189207763
experiment_2026_06_16_09_31_kcap_H4,SEN_demand_ORI,2026-01-01,New Year's Day,H3,H,observance_tier,True,2026-01-01,19,True,True,4,False,2,4,4,pearson,RidgeReg,standard,2,{},2025-12-31 10:00:00,2026-01-02,137.26093623600892,2.854592944792852,209.78027,3.483,,14,24,4,4,4,4,0.08553902596907362,4783.073800284714,4541.117890404487,137.26093623600892,2.854592944792852,1.897117741043089,85.63889182054965,181.08241989233127,3.4852052637537314,2.348616689697663,119.48980706346954,111.69840410315419,2.486735758732339,1.633743354327921,65.89252459551305,448.7495186957184,8.546396888173279,8.546396888173279,448.7495186957184,243.57358503904538,5.458774423497359,-2.909599149923731,-126.17564052329938,319.16471849150395,6.5963195420621705,1.3110309693751678,85.63889182054926,119.48980706346954,65.89252459551305,hourly_window_mean_factor_top_available_analogs,4,-329.25971163224887,192.06816511881243,3.8294513758860134e-13,-329.25971163224887,192.06816511881243,3.8294513758860134e-13,-448.7495186957184,126.17564052329938,-85.63889182054926,181.08241989233127,3.4852052637537314,448.7495186957184,8.546396888173279,111.69840410315419,2.486735758732339,243.57358503904538,5.458774423497359,319.16471849150395,6.5963195420621705,-131.8751809358912,-2.97203866476502,-3.7417265972693183
experiment_2026_06_16_09_31_kcap_H4,SEN_demand_ORI,2026-02-02,Constitution Day,H2,H,observance_tier,True,2026-02-02,19,True,True,4,False,2,4,4,pearson,RidgeReg,standard,2,{},2026-02-01 10:00:00,2026-02-03,156.36679759764928,3.030082387974954,215.821811,3.606,,14,24,4,4,4,4,0.08907970586354434,5318.429052802,5261.47771095324,156.36679759764928,3.030082387974954,-2.8271549335758017,-146.10824043357863,60.2058997023507,1.0785691727982858,-0.5277660822862987,-32.36124454273035,212.46065470324012,4.168465096828012,-4.168465096828012,-212.46065470324012,147.7233497276176,2.7469991435093983,0.6475428128162405,25.497432610979168,246.21154970957127,4.695220975634345,-4.695220975634345,-246.21154970957127,209.92642340043045,3.977455037483048,-2.7268343167314977,-146.108240433579,-32.36124454273035,-212.46065470324012,hourly_window_mean_factor_top_available_analogs,4,-57.858677153709515,33.750895006331156,3.8294513758860134e-13,-57.858677153709515,33.750895006331156,3.8294513758860134e-13,-25.497432610979168,246.21154970957127,146.108240433579,60.2058997023507,1.0785691727982858,147.7233497276176,2.7469991435093983,212.46065470324012,4.168465096828012,246.21154970957127,4.695220975634345,209.92642340043045,3.977455037483048,-33.75089500633115,-0.5267558788063331,-0.9473726495080941
experiment_2026_06_16_09_31_kcap_H4,SEN_demand_ORI,2026-03-16,Benito Juarez's Birthday,H2,H,observance_tier,True,2026-03-16,19,True,True,4,False,2,4,4,pearson,RidgeReg,standard,2,{},2026-03-15 10:00:00,2026-03-17,256.7856594597747,4.136625014303799,208.555895,3.483,,14,24,4,4,4,4,0.08586590404874164,6110.978867863569,5851.182534854347,256.7856594597747,4.136625014303799,3.05254746038254,191.30172687327527,214.83816435896122,3.1937769167718497,0.6675859984454409,64.80581126348586,281.25503160191585,4.686619737864101,4.443774979845849,265.09101097898576,315.24791511687926,4.766360692025723,-0.2584838185516495,15.941612298011089,313.4483164287482,5.196196454522473,4.888029079301058,293.59512704217633,314.1113264717438,5.037835910444722,2.9919453800921656,191.30172687327337,64.80581126348586,265.09101097898576,hourly_window_mean_factor_top_available_analogs,4,48.86419896547477,-28.504116063190583,1.9147256879430067e-12,48.86419896547477,-28.504116063190583,1.9147256879430067e-12,-15.941612298011094,-293.59512704217633,-191.30172687327337,214.83816435896122,3.1937769167718497,315.24791511687926,4.766360692025723,281.25503160191585,4.686619737864101,313.4483164287482,5.196196454522473,314.1113264717438,5.037835910444722,-32.19328482683238,-0.5095767166583718,-0.9012108961409231
experiment_2026_06_16_09_31_kcap_H4,SEN_demand_ORI,2026-04-02,Maundy Thursday,H1,G,observance_tier,True,2026-04-02,19,True,True,4,False,2,8,4,pearson,RidgeReg,standard,2,{},2026-04-01 10:00:00,2026-04-03,202.0674419454031,3.295248313590034,216.277578,3.601,,14,24,4,4,4,4,0.06589355764082871,6407.839203549696,6242.710508845305,202.0674419454031,3.295248313590034,-2.0931116420482936,-120.70509854969445,161.00811375721975,2.4368246522088337,-2.4368246522088337,-161.00811375721975,226.01871672184336,3.795995449395734,-1.8926123861213116,-97.1950063453047,160.735876250688,2.4380070493811403,-2.4380070493811403,-160.735876250688,223.21696879141044,3.760131727566001,-1.88836407026423,-97.35381155745104,200.19761890798637,3.273033161918947,-2.0908641152020393,-120.70509854969623,-161.00811375721975,-97.1950063453047,hourly_window_mean_factor_top_available_analogs,4,-0.2722375065317725,0.15880521214633822,1.7711212613472814e-12,-0.2722375065317725,0.15880521214633822,1.7711212613472814e-12,160.73587625068797,97.35381155745104,120.70509854969623,161.00811375721975,2.4368246522088337,160.735876250688,2.4380070493811403,226.01871672184336,3.795995449395734,223.21696879141044,3.760131727566001,200.19761890798637,3.273033161918947,2.8017479304329242,0.03586372182973285,0.022215151671086897
experiment_2026_06_16_09_31_kcap_H4,SEN_demand_ORI,2026-04-03,Good Friday,H2,G,observance_tier,True,2026-04-03,19,True,True,8,False,2,8,8,pearson,RidgeReg,standard,2,{},2026-04-02 10:00:00,2026-04-04,435.142763737329,6.810102156520265,223.722746,3.737,,14,24,4,4,8,4,0.06692986388939562,5760.845773631092,5587.9889933042405,435.142763737329,6.810102156520265,6.810102156520265,435.142763737329,441.9358908085924,6.625525833600294,6.625525833600294,441.9358908085924,431.18010627909206,6.917771678223578,6.917771678223578,431.18010627909206,367.2407088940419,5.444050775812606,5.426403188244506,366.24487238984403,475.3332003566955,7.604437135651463,7.604437135651463,475.3332003566955,435.5096508704548,6.808505318868727,6.802003576080479,435.1427637373292,441.9358908085924,431.18010627909206,hourly_window_mean_factor_top_available_analogs,4,75.69101841874837,-44.15309407760348,-1.6753849769501309e-13,75.69101841874837,-44.15309407760348,-1.6753849769501309e-13,-366.244872389844,-475.33320035669556,-435.1427637373292,441.9358908085924,6.625525833600294,367.2407088940419,5.444050775812606,431.18010627909206,6.917771678223578,475.3332003566955,7.604437135651463,435.5096508704548,6.808505318868727,-44.15309407760344,-0.6866654574278854,0.0015968376515376193
experiment_2026_06_16_09_31_kcap_H4,SEN_demand_ORI,2026-04-04,Holy Saturday,H3,G,observance_tier,True,2026-04-04,19,True,True,4,False,2,8,4,pearson,RidgeReg,standard,2,{},2026-04-03 10:00:00,2026-04-05,579.4381629344766,9.099832956409807,236.770925,3.87,,14,24,4,4,4,4,0.07163412499998027,5784.905885592777,5538.087219398192,579.4381629344766,9.099832956409807,7.618391903783386,496.55732651248593,203.25798693333692,3.337716805986672,-0.6833374797136157,-21.70428335492365,798.8765989351414,12.461067377489968,12.461067377489968,798.8765989351414,241.5435319275466,3.8634535578550158,0.2853899911763419,42.57066880627034,761.3828768411122,11.792379794932822,11.792379794932822,761.3828768411122,569.8631181887458,8.871196444430472,7.552962498812015,496.5573265124862,-21.70428335492365,798.8765989351414,hourly_window_mean_factor_top_available_analogs,4,-64.27495216119398,37.49372209402918,-4.0687920868788895e-13,-64.27495216119398,37.49372209402918,-4.0687920868788895e-13,-42.570668806270334,-761.3828768411122,-496.5573265124863,203.25798693333692,3.337716805986672,241.5435319275466,3.8634535578550158,798.8765989351414,12.461067377489968,761.3828768411122,11.792379794932822,569.8631181887458,8.871196444430472,37.49372209402918,0.6686875825571459,0.2286365119793352
experiment_2026_06_16_09_31_kcap_H4,SEN_demand_ORI,2026-05-01,Labor Day,H2,F,observance_tier,True,2026-05-01,19,True,True,7,False,2,8,7,pearson,RidgeReg,standard,2,{},2026-04-30 10:00:00,2026-05-02,145.86842582572578,2.048842000339814,243.32514,3.967,,14,24,4,4,7,4,0.07201219661999896,7630.000448301177,7365.530559186117,145.86842582572578,2.048842000339814,-1.9582845341402064,-138.59837488012496,86.85391006505564,1.0692477557986921,-0.8234489189711854,-67.120914641282,180.29356001945004,2.620271976322135,-2.620271976322135,-180.29356001945004,79.61856998377932,0.9833834338251892,-0.10318623029725936,-8.761395112882903,214.33661307768213,3.1778337785685546,-3.1778337785685546,-214.33661307768213,164.70364983256005,2.3693520726104733,-2.045068892363341,-138.5983748801245,-67.120914641282,-180.29356001945004,hourly_window_mean_factor_top_available_analogs,4,-58.359519528399105,34.04305305823209,-4.547473508864641e-13,-58.359519528399105,34.04305305823209,-4.547473508864641e-13,8.761395112882894,214.33661307768213,138.5983748801245,86.85391006505564,1.0692477557986921,79.61856998377932,0.9833834338251892,180.29356001945004,2.620271976322135,214.33661307768213,3.1778337785685546,164.70364983256005,2.3693520726104733,-34.04305305823209,-0.5575618022464197,-0.3205100722706593
experiment_2026_06_16_09_31_kcap_H4,SEN_demand_PEN,2025-01-01,New Year's Day,H3,H,observance_tier,True,2025-01-01,19,True,True,4,False,2,4,4,pearson,RidgeReg,standard,2,{},2024-12-31 10:00:00,2025-01-02,20.430695821168527,1.2937007667078715,94.391915,6.27,,14,24,4,4,4,4,0.07119776953480543,1585.792733829791,1513.9391125658901,20.430695821168527,1.2937007667078715,-0.30242911620471763,-4.910760408738281,15.764887802750422,0.9281160534926612,0.1457056090106484,3.0523611463793094,23.152417165245755,1.506958516083411,-0.5638410392470145,-9.555914649223544,43.28628820817926,2.5644028569998745,1.5872663292779534,26.933523427342966,40.5604583755457,2.747309504193842,-1.6113702671889574,-23.48659264645239,41.56471147177912,2.679922844701328,-0.43292520533272744,-4.910760408738311,3.0523611463793094,-9.555914649223544,hourly_window_mean_factor_top_available_analogs,4,-23.881162280963654,13.930677997228846,2.991758887410948e-14,-23.881162280963654,13.930677997228846,2.991758887410948e-14,-26.933523427342962,23.48659264645239,4.910760408738311,15.764887802750422,0.9281160534926612,43.28628820817926,2.5644028569998745,23.152417165245755,1.506958516083411,40.5604583755457,2.747309504193842,41.56471147177912,2.679922844701328,-17.408041210299945,-1.2403509881104309,-1.3862220779934564
experiment_2026_06_16_09_31_kcap_H4,SEN_demand_PEN,2025-02-03,Constitution Day,H2,H,observance_tier,True,2025-02-03,19,True,True,4,False,2,4,4,pearson,RidgeReg,standard,2,{},2025-02-02 10:00:00,2025-02-04,87.11073918473366,5.09393088259452,94.376896,6.207,,14,24,4,4,4,4,0.07391899497764966,1562.0459351445113,1545.6004781541105,87.11073918473366,5.09393088259452,4.240475147739361,74.84224801338327,82.6887437631749,4.847435566895642,2.5430278386044303,49.56656644337233,89.69023651397627,5.2377198167521986,5.230652744734736,89.58639559588966,74.71545616243361,4.257979274753234,4.090449741831763,72.31757481294741,76.31497404697113,4.47260878275097,4.47260878275097,76.31497404697113,75.72567798424679,4.393534753488646,4.331813346622841,74.84224801338345,49.56656644337233,89.58639559588966,hourly_window_mean_factor_top_available_analogs,4,-22.75100836957508,13.27142154891852,-1.73522015469835e-13,-22.75100836957508,13.27142154891852,-1.73522015469835e-13,-72.31757481294741,-76.31497404697113,-74.84224801338344,82.6887437631749,4.847435566895642,74.71545616243361,4.257979274753234,89.69023651397627,5.2377198167521986,76.31497404697113,4.47260878275097,75.72567798424679,4.393534753488646,13.375262467005143,0.7651110340012286,0.700396129105874
experiment_2026_06_16_09_31_kcap_H4,SEN_demand_PEN,2025-03-17,Benito Juarez's Birthday,H2,H,observance_tier,True,2025-03-17,19,True,True,4,False,2,4,4,pearson,RidgeReg,standard,2,{},2025-03-16 10:00:00,2025-03-18,210.8010073880903,12.37415811180274,94.210835,6.174,,14,24,4,4,4,4,0.07475677729071233,2015.4016816555393,2000.3493012941792,210.8010073880903,12.37415811180274,-11.729933377496781,-196.44006639238088,79.90380764902726,4.185283470963938,-2.7784577152602776,-48.421862989298006,287.15770723587707,17.15100165229204,-16.95162751380141,-282.7840183775125,62.5492429359043,3.3333399726450375,-2.7711272193571514,-49.96091981638896,282.3397689911036,16.946672932522077,-16.925998644490104,-281.88623522837685,201.36431202339858,11.93123447362001,-11.711046014177965,-196.44006639238134,-48.421862989298006,-282.7840183775125,hourly_window_mean_factor_top_available_analogs,4,1.5390568270909495,-0.8977831491356388,4.726979042109298e-13,1.5390568270909495,-0.8977831491356388,4.726979042109298e-13,49.96091981638896,281.88623522837685,196.44006639238137,79.90380764902726,4.185283470963938,62.5492429359043,3.3333399726450375,287.15770723587707,17.15100165229204,282.3397689911036,16.946672932522077,201.36431202339858,11.93123447362001,4.817938244773472,0.2043287197699648,0.4429236381827302
experiment_2026_06_16_09_31_kcap_H4,SEN_demand_PEN,2025-04-17,Maundy Thursday,H1,G,observance_tier,True,2025-04-17,19,True,True,6,False,2,6,6,pearson,RidgeReg,standard,2,{},2025-04-16 10:00:00,2025-04-18,80.36647310001547,4.356836606335495,97.771943,6.166,,14,24,4,4,6,4,0.07384558945096037,1759.2184508952923,1685.9922427628944,80.36647310001547,4.356836606335495,2.977825983785799,56.2222912099709,21.67342118332088,1.16581271982881,-0.2080561779216876,-2.5714484079741817,114.60408671808732,6.218267206797729,4.836257244781834,90.51863932043887,55.96043878694093,3.100368028842639,-1.1631117707583702,-17.218242259353133,119.91599015668508,6.3561929483841615,5.067343324460326,99.06260240040983,96.35341859941092,5.156678504342548,2.77191249990607,56.22229120997085,-2.5714484079741817,90.51863932043887,hourly_window_mean_factor_top_available_analogs,4,14.64679385137895,-8.54396307997096,5.983517774821896e-14,14.64679385137895,-8.54396307997096,5.983517774821896e-14,17.218242259353133,-99.06260240040983,-56.22229120997084,21.67342118332088,1.16581271982881,55.96043878694093,3.100368028842639,114.60408671808732,6.218267206797729,119.91599015668508,6.3561929483841615,96.35341859941092,5.156678504342548,-5.311903438597767,-0.13792574158643234,-0.7998418980070525
experiment_2026_06_16_09_31_kcap_H4,SEN_demand_PEN,2025-04-18,Good Friday,H2,G,observance_tier,True,2025-04-18,19,True,True,6,False,2,6,6,pearson,RidgeReg,standard,2,{},2025-04-17 10:00:00,2025-04-19,51.97428152346052,2.7932746652033287,99.307756,6.145,,14,24,4,4,6,4,0.07002745969049917,1760.9215802945312,1723.3157440645182,51.97428152346052,2.7932746652033287,2.0440138345456487,40.241735758100084,28.949159008278325,1.489469634930886,1.390681696641792,27.292431168302592,65.40560299065014,3.5538275995289204,2.4251242483228985,47.79549676881529,48.0124984743136,2.677716754644684,-0.6067807091432869,-6.713963957910421,91.89141418668937,4.774838652855377,3.191775644828187,67.63256059244006,75.72549787160357,4.0022147956198575,1.7923075144176441,40.24173575810041,27.292431168302592,47.79549676881529,hourly_window_mean_factor_top_available_analogs,4,34.006395126213015,-19.83706382362477,-3.231099598403824e-13,34.006395126213015,-19.83706382362477,-3.231099598403824e-13,6.713963957910423,-67.63256059244006,-40.241735758100404,28.949159008278325,1.489469634930886,48.0124984743136,2.677716754644684,65.40560299065014,3.5538275995289204,91.89141418668937,4.774838652855377,75.72549787160357,4.0022147956198575,-26.485811196039236,-1.2210110533264564,-1.2089401304165288
experiment_2026_06_16_09_31_kcap_H4,SEN_demand_PEN,2025-04-19,Holy Saturday,H3,G,observance_tier,True,2025-04-19,19,True,True,6,False,2,6,6,pearson,RidgeReg,standard,2,{},2025-04-18 10:00:00,2025-04-20,151.54984085538644,8.178422551576892,99.52055,6.075,,14,24,4,4,6,4,0.07002745969049917,1682.838834969523,1642.529668362975,151.54984085538644,8.178422551576892,7.9067537732773285,147.37223081995057,86.0759823725774,4.380748858336186,3.643362174380234,74.73675513353722,189.74292497035842,10.3937322059673,10.3937322059673,189.74292497035842,116.65829683215648,6.208930836530986,1.9459886022595234,49.73115229159782,204.32952662815637,10.835694967560121,10.835694967560121,204.32952662815637,172.02959986120908,9.131097656128336,7.560539990870428,147.37223081995063,74.73675513353722,189.74292497035842,hourly_window_mean_factor_top_available_analogs,4,25.005602841939385,-14.586601657797976,0.0,25.005602841939385,-14.586601657797976,0.0,-49.73115229159783,-204.3295266281564,-147.37223081995057,86.0759823725774,4.380748858336186,116.65829683215648,6.208930836530986,189.74292497035842,10.3937322059673,204.32952662815637,10.835694967560121,172.02959986120908,9.131097656128336,-14.586601657797956,-0.441962761592821,-0.9526751045514441
experiment_2026_06_16_09_31_kcap_H4,SEN_demand_PEN,2025-05-01,Labor Day,H2,F,observance_tier,True,2025-05-01,19,True,True,6,False,2,6,6,pearson,RidgeReg,standard,2,{},2025-04-30 10:00:00,2025-05-02,62.187666526434654,2.9309770075909363,92.307985,5.526,,14,24,4,4,6,4,0.07023186977182283,2068.290764130273,2042.6256777163342,62.187666526434654,2.9309770075909363,0.0022109300524256457,2.8728716592003978,57.87776443546102,2.5724549268632657,2.366299652367783,53.86803487440256,64.70177607950262,3.140114888015411,-1.3768408246315331,-26.874306883000866,61.1841397501305,2.721043055420848,2.186893168437976,50.756944184270324,69.03069655975642,3.572702693450045,-1.628972908102396,-25.059503980423482,66.13985984042056,3.258933353123499,-0.22312751148225907,2.872871659200553,53.86803487440256,-26.874306883000866,hourly_window_mean_factor_top_available_analogs,4,3.1110906901322357,-1.8148029025773837,-1.555714621453693e-13,3.1110906901322357,-1.8148029025773837,-1.555714621453693e-13,-50.756944184270324,25.059503980423482,-2.872871659200553,57.87776443546102,2.5724549268632657,61.1841397501305,2.721043055420848,64.70177607950262,3.140114888015411,69.03069655975642,3.572702693450045,66.13985984042056,3.258933353123499,-4.3289204802537995,-0.43258780543463393,-0.3279563455325629
experiment_2026_06_16_09_31_kcap_H4,SEN_demand_PEN,2025-09-16,Independence Day,H2,H,observance_tier,True,2025-09-16,19,True,True,4,False,2,4,4,pearson,RidgeReg,standard,2,{},2025-09-15 10:00:00,2025-09-17,109.71164931519503,5.5215090191838065,101.870371,5.982,,14,24,4,4,4,4,0.07906909119544249,1824.4845930532263,1763.6407941941313,109.71164931519503,5.5215090191838065,5.5215090191838065,109.71164931519503,158.37587890261167,7.666733662821864,7.666733662821864,158.37587890261167,81.32418205586866,4.270127977061605,4.270127977061605,81.32418205586866,207.2080958281184,9.96933170597256,9.96933170597256,207.2080958281184,62.873436134981546,3.2486626273601105,2.6087464800289024,52.83872218265602,116.04936339034775,5.724698603691014,5.320541036955513,109.71164931519476,158.37587890261167,81.32418205586866,hourly_window_mean_factor_top_available_analogs,4,-48.832216925506714,28.485459873212637,2.4532422876769775e-13,-48.832216925506714,28.485459873212637,2.4532422876769775e-13,-207.2080958281184,-52.83872218265603,-109.71164931519479,158.37587890261167,7.666733662821864,207.2080958281184,9.96933170597256,81.32418205586866,4.270127977061605,62.873436134981546,3.2486626273601105,116.04936339034775,5.724698603691014,18.450745920887115,1.021465349701495,-0.20318958450720714
experiment_2026_06_16_09_31_kcap_H4,SEN_demand_PEN,2025-11-17,Mexican Revolution Day,H2,F,observance_tier,True,2025-11-17,19,True,True,6,False,2,6,6,pearson,RidgeReg,standard,2,{},2025-11-16 10:00:00,2025-11-18,50.690303048052385,3.0536367414136807,83.153754,4.843,,14,24,4,4,6,4,0.08557175999219786,1597.5896641043146,1607.6251777786802,50.690303048052385,3.0536367414136807,2.5669819064594446,43.25155247463298,73.25828197487677,4.2793885690409725,3.6244463176501838,64.1265836231694,37.525648674071505,2.3386148419644273,1.9501276665981795,31.074450971320072,54.73906539368592,3.2803809634895806,1.5980072161678822,31.350809699649663,50.63463957233734,2.9491579172790328,2.9190563499490967,50.19365242670626,52.14679645388682,3.071187460619761,2.432354037503386,43.251552474632774,64.1265836231694,31.074450971320072,hourly_window_mean_factor_top_available_analogs,4,32.775773923519736,-19.11920145538619,2.0343960434394448e-13,32.775773923519736,-19.11920145538619,2.0343960434394448e-13,-31.35080969964966,-50.193652426706265,-43.251552474632774,73.25828197487677,4.2793885690409725,54.73906539368592,3.2803809634895806,37.525648674071505,2.3386148419644273,50.63463957233734,2.9491579172790328,52.14679645388682,3.071187460619761,-13.108990898265837,-0.6105430753146055,-0.017550719206080423
experiment_2026_06_16_09_31_kcap_H4,SEN_demand_PEN,2025-12-24,Christmas Eve,H1,G,observance_tier,True,2025-12-24,19,True,True,6,False,2,6,6,pearson,RidgeReg,standard,2,{},2025-12-23 10:00:00,2025-12-25,54.99787826331751,3.2620701670965815,78.210551,4.514,,14,24,4,4,6,4,0.06283953596892071,1783.6433202795704,1749.7338769417358,54.99787826331751,3.2620701670965815,-3.173655984751059,-53.52421449009675,31.882409963403706,1.8537546873371906,-1.768311869325094,-30.240091001572655,68.48190143826723,4.083587530289559,-3.993440052082871,-67.10661985840248,58.156387424274286,3.319215762107388,-3.2018318269483075,-55.906162408622954,62.10220767148103,3.7227765856245583,-3.124976834870516,-52.13474487095646,60.64848442251014,3.5740962822234956,-3.1532918319518077,-53.524214490096746,-30.240091001572655,-67.10661985840248,hourly_window_mean_factor_top_available_analogs,4,25.666071407050303,-14.97187498744602,-5.983517774821896e-15,25.666071407050303,-14.97187498744602,-5.983517774821896e-15,55.90616240862296,52.13474487095646,53.524214490096746,31.882409963403706,1.8537546873371906,58.156387424274286,3.319215762107388,68.48190143826723,4.083587530289559,62.10220767148103,3.7227765856245583,60.64848442251014,3.5740962822234956,6.379693766786197,0.3608109446650003,-0.31202611512691414
experiment_2026_06_16_09_31_kcap_H4,SEN_demand_PEN,2025-12-25,Christmas Day,H2,H,observance_tier,True,2025-12-25,19,True,True,4,False,2,4,4,pearson,RidgeReg,standard,2,{},2025-12-24 10:00:00,2025-12-26,160.46263495973255,10.82432126960199,85.785564,4.868,,14,24,4,4,4,4,0.0772613265093585,1720.6291628544695,1667.3281711604966,160.46263495973255,10.82432126960199,-10.82432126960199,-160.46263495973255,96.27814075842275,5.652470761247272,-5.652470761247272,-96.27814075842275,197.9035899104966,13.841234066142242,-13.841234066142242,-197.9035899104966,121.83868656913548,7.067232339174581,-7.067232339174581,-121.83868656913548,182.9932715209145,12.752854928837328,-12.752854928837328,-182.9932715209145,160.46263495973272,10.658151869487893,-10.658151869487893,-160.46263495973272,-96.27814075842275,-197.9035899104966,hourly_window_mean_factor_top_available_analogs,4,25.56054581071273,-14.910318389582102,2.0343960434394448e-13,25.56054581071273,-14.910318389582102,2.0343960434394448e-13,121.83868656913548,182.9932715209145,160.46263495973275,96.27814075842275,5.652470761247272,121.83868656913548,7.067232339174581,197.9035899104966,13.841234066142242,182.9932715209145,12.752854928837328,160.46263495973272,10.658151869487893,14.910318389582102,1.0883791373049139,0.16616940011409653
experiment_2026_06_16_09_31_kcap_H4,SEN_demand_PEN,2025-12-31,New Year's Eve,H1,G,observance_tier,True,2025-12-31,19,True,True,6,False,2,7,6,pearson,RidgeReg,standard,2,{},2025-12-30 10:00:00,2026-01-01,162.50335495837794,11.630074574030164,88.972528,5.31,,14,24,4,4,6,4,0.06483425496531406,1615.7072173267989,1559.7709044799442,162.50335495837794,11.630074574030164,-11.630074574030164,-162.50335495837794,83.61598434997872,5.109802759282205,-5.109802759282205,-83.61598434997872,208.52098781327757,15.433566465966477,-15.433566465966477,-208.52098781327757,67.17596106787366,4.117673569358575,-4.117673569358575,-67.17596106787366,218.11100139450522,16.102729921142064,-16.102729921142064,-218.11100139450522,162.5033549583778,11.687182844169202,-11.687182844169202,-162.5033549583778,-83.61598434997872,-208.52098781327757,hourly_window_mean_factor_top_available_analogs,4,-16.440023282105066,9.590013581227643,-1.9745608656912259e-13,-16.440023282105066,9.590013581227643,-1.9745608656912259e-13,67.17596106787366,218.11100139450522,162.50335495837774,83.61598434997872,5.109802759282205,67.17596106787366,4.117673569358575,208.52098781327757,15.433566465966477,218.11100139450522,16.102729921142064,162.5033549583778,11.687182844169202,-9.590013581227652,-0.6691634551755872,-0.05710827013903774
experiment_2026_06_16_09_31_kcap_H4,SEN_demand_PEN,2026-01-01,New Year's Day,H3,H,observance_tier,True,2026-01-01,19,True,True,4,False,2,4,4,pearson,RidgeReg,standard,2,{},2025-12-31 10:00:00,2026-01-02,84.67606777592577,7.5286414238733315,98.663425,5.997,,14,24,4,4,4,4,0.07888923521543856,1295.163471855939,1257.0093750657918,84.67606777592577,7.5286414238733315,-6.213607872350472,-66.49415817172834,33.18718956472706,2.415979205658677,1.153397577046223,16.16370793238023,114.71124673245833,10.51102771783188,-10.51102771783188,-114.71124673245833,48.912068439527516,3.5607512791950526,2.426262881651632,33.75448033090712,124.9931045741763,11.468301706111001,-11.466476670658507,-124.97253063159913,96.96324915614781,8.554993654089339,-6.348098940860034,-66.4941581717284,16.16370793238023,-114.71124673245833,hourly_window_mean_factor_top_available_analogs,4,-17.590772398526887,10.261283899140787,6.581869552304086e-14,-17.590772398526887,10.261283899140787,6.581869552304086e-14,-33.754480330907114,124.97253063159913,66.49415817172842,33.18718956472706,2.415979205658677,48.912068439527516,3.5607512791950526,114.71124673245833,10.51102771783188,124.9931045741763,11.468301706111001,96.96324915614781,8.554993654089339,-10.281857841717965,-0.9572739882791215,-1.0263522302160073
experiment_2026_06_16_09_31_kcap_H4,SEN_demand_PEN,2026-02-02,Constitution Day,H2,H,observance_tier,True,2026-02-02,19,True,True,4,False,2,4,4,pearson,RidgeReg,standard,2,{},2026-02-01 10:00:00,2026-02-03,101.23759505483115,9.842319649094197,99.517542,6.145,,14,24,4,4,4,4,0.09845810893610987,1177.0155945285153,1183.3679836856625,101.23759505483115,9.842319649094197,-9.842319649094197,-101.23759505483115,68.36970954483459,6.594664609291586,-6.594664609291586,-68.36970954483459,120.41052826899578,11.736785088979053,-11.736785088979053,-120.41052826899578,124.29733545895722,12.02187289756451,-12.02187289756451,-124.29733545895722,87.78607981909083,8.736262580900663,-8.736262580900663,-87.78607981909083,101.23759505483108,9.946750592303134,-9.946750592303134,-101.23759505483108,-68.36970954483459,-120.41052826899578,hourly_window_mean_factor_top_available_analogs,4,55.92762591412263,-32.62444844990495,-5.3851659973397064e-14,55.92762591412263,-32.62444844990495,-5.3851659973397064e-14,124.29733545895722,87.78607981909082,101.23759505483109,68.36970954483459,6.594664609291586,124.29733545895722,12.02187289756451,120.41052826899578,11.736785088979053,87.78607981909083,8.736262580900663,101.23759505483108,9.946750592303134,32.624448449904946,3.00052250807839,-0.10443094320893742
experiment_2026_06_16_09_31_kcap_H4,SEN_demand_PEN,2026-03-16,Benito Juarez's Birthday,H2,H,observance_tier,True,2026-03-16,19,True,True,4,False,2,4,4,pearson,RidgeReg,standard,2,{},2026-03-15 10:00:00,2026-03-17,159.19077440718831,7.986089794976281,102.4,6.498,,14,24,4,4,4,4,0.08179982580033855,1769.3562390350226,1755.8005672086001,159.19077440718831,7.986089794976281,6.51163760073201,136.28751464918815,129.58170146282552,6.582762270999616,2.580677743765162,67.41571069111079,176.46273362473326,8.804697517296004,8.804697517296004,176.46273362473326,126.6792393152997,6.352778411337404,3.232185044337712,78.34102754656082,170.08963212572047,8.487930296006423,8.487930296006423,170.08963212572047,154.0963295113549,7.701295391128366,6.551603098023215,136.28751464918793,67.41571069111079,176.46273362473326,hourly_window_mean_factor_top_available_analogs,4,-10.925316855450044,6.37310149901279,1.6753849769501309e-13,-10.925316855450044,6.37310149901279,1.6753849769501309e-13,-78.34102754656084,-170.08963212572047,-136.28751464918798,129.58170146282552,6.582762270999616,126.6792393152997,6.352778411337404,176.46273362473326,8.804697517296004,170.08963212572047,8.487930296006423,154.0963295113549,7.701295391128366,6.37310149901279,0.3167672212895809,0.2847944038479149
experiment_2026_06_16_09_31_kcap_H4,SEN_demand_PEN,2026-04-02,Maundy Thursday,H1,G,observance_tier,True,2026-04-02,19,True,True,4,False,2,8,4,euclidian,PCR,standard,2,{},2026-04-01 10:00:00,2026-04-03,81.7362866344154,4.616112166832536,103.528337,6.598,,14,24,4,4,4,4,0.07867362694026024,1837.4949686601713,1794.920456810878,81.7362866344154,4.616112166832536,-3.7442730245485194,-65.70265602859189,36.526287647525365,1.886065774783681,-0.035997997805963876,-1.944908973244034,108.10878604343459,6.208639228861034,-5.907433456815011,-102.89467514421146,33.21421231755088,1.7138437880128286,0.24859584450805977,3.8669964107625026,110.09746881509962,6.364542790120356,-6.144470316395761,-106.28495328488259,81.77205852652905,4.651127368291266,-3.789130151852248,-65.70265602859229,-1.944908973244034,-102.89467514421146,hourly_window_mean_factor_top_available_analogs,4,-5.811905384006536,3.3902781406711333,4.1286272646271087e-13,-5.811905384006536,3.3902781406711333,4.1286272646271087e-13,-3.8669964107625026,106.28495328488259,65.7026560285923,36.526287647525365,1.886065774783681,33.21421231755088,1.7138437880128286,108.10878604343459,6.208639228861034,110.09746881509962,6.364542790120356,81.77205852652905,4.651127368291266,-1.988682771665026,-0.15590356125932203,-0.03501520145873016
experiment_2026_06_16_09_31_kcap_H4,SEN_demand_PEN,2026-04-03,Good Friday,H2,G,observance_tier,True,2026-04-03,19,True,True,4,False,2,8,4,euclidian,PCR,standard,2,{},2026-04-02 10:00:00,2026-04-04,136.35949001544364,8.528236509212611,104.415449,6.624,,14,24,4,4,4,4,0.0820138628693702,1763.130368107504,1722.4386459780064,136.35949001544364,8.528236509212611,-8.411092499775542,-134.3300978443463,125.90801122247885,7.243554274029854,-6.925591962700664,-120.39966104378607,142.45618597800646,9.27763447973589,-9.27763447973589,-142.45618597800646,118.14120272658047,6.803584959196213,-6.510960158862415,-113.07179728519212,146.73077317051923,9.607327500091396,-9.607327500091396,-146.73077317051923,136.19777353327862,8.574369721866859,-8.466560584901774,-134.33009784434606,-120.39966104378607,-142.45618597800646,hourly_window_mean_factor_top_available_analogs,4,-7.327863758593951,4.274587192512769,-2.3335719321805397e-13,-7.327863758593951,4.274587192512769,-2.3335719321805397e-13,113.07179728519212,146.73077317051923,134.33009784434608,125.90801122247885,7.243554274029854,118.14120272658047,6.803584959196213,142.45618597800646,9.27763447973589,146.73077317051923,9.607327500091396,136.19777353327862,8.574369721866859,-4.274587192512769,-0.3296930203555064,-0.0461332126542473
experiment_2026_06_16_09_31_kcap_H4,SEN_demand_PEN,2026-04-04,Holy Saturday,H3,G,observance_tier,True,2026-04-04,19,True,True,7,False,2,8,7,pearson,RidgeReg,standard,2,{},2026-04-03 10:00:00,2026-04-05,240.5333716495596,13.985545558818336,102.834273,6.445,,14,24,4,4,7,4,0.0743178091199887,1443.3672674256625,1421.3824599643879,240.5333716495596,13.985545558818336,13.726307982381869,237.04732178486435,185.14926370204077,10.550597527940846,9.846952677613288,175.68712835501088,272.84076795227884,15.989265243496872,15.989265243496872,272.84076795227884,161.12003113290743,9.230277545589088,8.105954693464652,145.92976371406434,290.1992306594969,16.953723503215283,16.953723503215283,290.1992306594969,242.6437360970691,14.108243413563526,13.694019204886104,237.04732178486378,175.68712835501088,272.84076795227884,hourly_window_mean_factor_top_available_analogs,4,29.757364640946598,-17.358462707218013,5.265495641843269e-13,29.757364640946598,-17.358462707218013,5.265495641843269e-13,-145.92976371406428,-290.19923065949683,-237.0473217848638,185.14926370204077,10.550597527940846,161.12003113290743,9.230277545589088,272.84076795227884,15.989265243496872,290.1992306594969,16.953723503215283,242.6437360970691,14.108243413563526,-17.358462707218052,-0.9644582597184108,-0.12269785474519068
experiment_2026_06_16_09_31_kcap_H4,SEN_demand_PEN,2026-05-01,Labor Day,H2,F,observance_tier,True,2026-05-01,19,True,True,4,False,2,8,4,euclidian,PCR,standard,2,{},2026-04-30 10:00:00,2026-05-02,63.24204798976661,2.800928480258209,107.909745,6.781,,14,24,4,4,4,4,0.08561401761332474,2247.7898332238597,2195.1051950407596,63.24204798976661,2.800928480258209,1.5724598300412225,37.635703091929926,52.41298897047417,2.283086197135826,-0.33860762073916434,-2.802203680602247,69.55899908435389,3.1030031454129325,2.687249176329781,61.2244820425737,82.01933185150816,3.399935190394394,1.8194142926041492,49.71616192897401,92.02426439115055,4.1271318334275335,1.0237484766666438,30.58876877032077,88.33823661338756,3.8592172807311136,1.3168885141173037,37.635703091929855,-2.802203680602247,61.2244820425737,hourly_window_mean_factor_top_available_analogs,4,-52.51836560957626,30.63571327225293,7.180221329786275e-14,-52.51836560957626,30.63571327225293,7.180221329786275e-14,-49.71616192897401,-30.58876877032077,-37.635703091929855,52.41298897047417,2.283086197135826,82.01933185150816,3.399935190394394,69.55899908435389,3.1030031454129325,92.02426439115055,4.1271318334275335,88.33823661338756,3.8592172807311136,-22.465265306796667,-1.024128688014601,-1.0582888004729045
experiment_2026_06_16_09_31_kcap_H4,SEN_demand_SIN,2025-01-01,New Year's Day,H3,H,observance_tier,True,2025-01-01,19,True,True,2,False,2,4,2,pearson,LassoReg,,2,{},2024-12-31 10:00:00,2025-01-02,563.8462073500017,2.1525362721041295,992.29754,3.19,,14,24,2,4,2,2,0.11072153467951576,25726.62667107105,23995.874651937353,563.8462073500017,2.1525362721041295,2.1525362721041295,563.8462073500017,652.0345418426126,2.210541781946289,2.210541781946289,652.0345418426126,512.403012229312,2.118699724696203,2.118699724696203,512.403012229312,548.1014448196646,1.8452848363702135,1.8431779648988529,547.4994478275845,573.3818170714121,2.3458012270028674,2.3458012270028674,573.3818170714121,564.0679957155052,2.1614004515066263,2.1606242357013885,563.8462073500019,652.0345418426126,512.403012229312,hourly_window_mean_factor_top_available_analogs,2,104.5350940150282,-60.97880484210009,-1.9147256879430067e-13,104.5350940150282,-60.97880484210009,-1.9147256879430067e-13,-547.4994478275844,-573.3818170714121,-563.8462073500019,652.0345418426126,2.210541781946289,548.1014448196646,1.8452848363702135,512.403012229312,2.118699724696203,573.3818170714121,2.3458012270028674,564.0679957155052,2.1614004515066263,-60.97880484210009,-0.22710150230666448,-0.008864179402496841
experiment_2026_06_16_09_31_kcap_H4,SEN_demand_SIN,2025-02-03,Constitution Day,H2,H,observance_tier,True,2025-02-03,19,True,True,2,False,2,4,2,pearson,LassoReg,,2,{},2025-02-02 10:00:00,2025-02-04,898.2836682107495,2.9765557788100776,997.060511,3.223,,14,24,2,4,2,2,0.06615992020144261,28879.566660858312,28210.490370687374,898.2836682107495,2.9765557788100776,1.9472505619691567,607.6652175627487,618.6188598932466,2.096943254158298,-0.6968851915527713,-170.20264900846945,1061.421473062626,3.4896630848569483,3.4896630848569483,1061.421473062626,738.9923661520799,2.5074418838952304,-1.279106654173879,-346.50551217585,1164.2648099102519,3.8472258394832664,3.8472258394832664,1164.2648099102519,1007.5854885256623,3.3536212242666212,1.9585770260306337,607.6652175627406,-170.20264900846945,1061.421473062626,hourly_window_mean_factor_top_available_analogs,2,176.30286316738056,-102.84333684762578,8.13758417375778e-12,176.30286316738056,-102.84333684762578,8.13758417375778e-12,346.50551217585,-1164.2648099102519,-607.6652175627405,618.6188598932466,2.096943254158298,738.9923661520799,2.5074418838952304,1061.421473062626,3.4896630848569483,1164.2648099102519,3.8472258394832664,1007.5854885256623,3.3536212242666212,-102.84333684762578,-0.35756275462631804,-0.37706544545654364
experiment_2026_06_16_09_31_kcap_H4,SEN_demand_SIN,2025-03-17,Benito Juarez's Birthday,H2,H,observance_tier,True,2025-03-17,19,True,True,4,False,2,4,4,pearson,RidgeReg,standard,2,{},2025-03-16 10:00:00,2025-03-18,535.1086876523394,1.7139985175747043,966.975318,3.12,,14,24,4,4,4,4,0.06874499152357003,31491.220770044125,31037.749452016596,535.1086876523394,1.7139985175747043,-1.5784563052933547,-491.0604945178052,655.2506813904765,2.116458938096332,-1.8628765524843511,-567.6865738055951,465.0258579717594,1.4792299389370882,-1.4125444944319394,-446.3619482665943,937.2271577292415,3.0233456563173946,-2.733060268904779,-838.1345053783238,306.30649820620164,1.0155617220143072,-0.9595253166773929,-288.6006548491758,538.75095171469,1.7552715925470237,-1.6129329306559033,-491.0604945178093,-567.6865738055951,-446.3619482665943,hourly_window_mean_factor_top_available_analogs,4,270.44793157272863,-157.76129341741853,4.1166602290774645e-12,270.44793157272863,-157.76129341741853,4.1166602290774645e-12,838.1345053783238,288.6006548491758,491.0604945178093,655.2506813904765,2.116458938096332,937.2271577292415,3.0233456563173946,465.0258579717594,1.4792299389370882,306.30649820620164,1.0155617220143072,538.75095171469,1.7552715925470237,158.71935976555778,0.46366821692278104,-0.04127307497231936
experiment_2026_06_16_09_31_kcap_H4,SEN_demand_SIN,2025-04-17,Maundy Thursday,H1,G,observance_tier,True,2025-04-17,19,True,True,3,False,2,4,3,pearson,RidgeReg,standard,2,{},2025-04-16 10:00:00,2025-04-18,1231.3401756638696,3.1966524251498534,953.110037,3.113,,14,24,3,4,3,3,0.0666485277518609,37119.455694736884,35344.51873797196,1231.3401756638696,3.1966524251498534,3.1097495915628115,1198.2492784210099,775.0961611824356,1.85795951804869,1.6220803983124337,685.2780115232454,1497.4825174447058,3.977556620958866,3.977556620958866,1497.4825174447058,861.5566851941383,2.0741414305645747,1.5469441623475533,660.4224103389435,1511.9816181355527,4.015209053450671,4.015209053450671,1511.9816181355527,1272.351379683453,3.3000788765978983,3.1058483040968907,1198.2492784210126,685.2780115232454,1497.4825174447058,hourly_window_mean_factor_top_available_analogs,3,24.8556011843019,-14.49910069084702,-2.6806159631202094e-12,24.8556011843019,-14.49910069084702,-2.6806159631202094e-12,-660.4224103389435,-1511.9816181355527,-1198.2492784210126,775.0961611824356,1.85795951804869,861.5566851941383,2.0741414305645747,1497.4825174447058,3.977556620958866,1511.9816181355527,4.015209053450671,1272.351379683453,3.3000788765978983,-14.499100690846944,-0.037652432491805055,-0.10342645144804496
experiment_2026_06_16_09_31_kcap_H4,SEN_demand_SIN,2025-04-18,Good Friday,H2,G,observance_tier,True,2025-04-18,19,True,True,5,False,2,5,5,pearson,RidgeReg,standard,2,{},2025-04-17 10:00:00,2025-04-19,636.5124414733568,1.813247653917701,936.58347,3.018,,14,24,4,4,5,4,0.06958101732608049,34733.158307107864,32658.31691151777,636.5124414733568,1.813247653917701,0.7435225224854377,256.60209973424645,636.3330621568851,1.721495173630382,-0.8394274009644155,-288.9790052622952,636.6170794079653,1.8667699340853041,1.6669099778311856,574.8577443155624,862.1293500948512,2.264864712229562,0.5753128625570987,259.7541750045597,838.7568422416422,2.489102704484098,0.6023371795796197,254.7633891598904,847.3677661875613,2.40648870733769,0.592380852255533,256.60209973424224,-288.9790052622952,574.8577443155624,hourly_window_mean_factor_top_available_analogs,4,-548.7331802668549,320.094355155672,4.212396513474615e-12,-548.7331802668549,320.094355155672,4.212396513474615e-12,-259.7541750045597,-254.76338915989038,-256.60209973424224,636.3330621568851,1.721495173630382,862.1293500948512,2.264864712229562,636.6170794079653,1.8667699340853041,838.7568422416422,2.489102704484098,847.3677661875613,2.40648870733769,-202.13976283367685,-0.622332770398794,-0.5932410534199892
experiment_2026_06_16_09_31_kcap_H4,SEN_demand_SIN,2025-04-19,Holy Saturday,H3,G,observance_tier,True,2025-04-19,19,True,True,5,False,2,5,5,pearson,RidgeReg,standard,2,{},2025-04-18 10:00:00,2025-04-20,1443.2505978840582,4.280230671531999,914.42361,2.968,,14,24,4,4,5,4,0.05101382111301154,32218.792580096004,31531.932917042646,1443.2505978840582,4.280230671531999,4.133685197556852,1398.0574583250561,500.651247044129,1.444380085183078,1.0466137986791038,377.9841539554101,1993.10021920735,5.9344768469022044,5.9344768469022044,1993.10021920735,989.5260572911726,2.8475069596957505,1.7735685719491663,656.1450995203912,1830.839667627768,5.367036468354509,5.367036468354509,1830.839667627768,1520.8820217142857,4.438788754638123,4.043127243363067,1398.0574583250502,377.9841539554101,1993.10021920735,hourly_window_mean_factor_top_available_analogs,4,-278.1609455649811,162.26055157958172,5.935649632623321e-12,-278.1609455649811,162.26055157958172,5.935649632623321e-12,-656.1450995203911,-1830.8396676277682,-1398.0574583250502,500.651247044129,1.444380085183078,989.5260572911726,2.8475069596957505,1993.10021920735,5.9344768469022044,1830.839667627768,5.367036468354509,1520.8820217142857,4.438788754638123,162.26055157958194,0.5674403785476958,-0.15855808310612396
experiment_2026_06_16_09_31_kcap_H4,SEN_demand_SIN,2025-05-01,Labor Day,H2,F,observance_tier,True,2025-05-01,19,True,True,6,False,2,6,6,pearson,RidgeReg,standard,2,{},2025-04-30 10:00:00,2025-05-02,1113.2805945553198,2.7493097645023408,838.751274,2.761,,14,24,4,4,6,4,0.06147948176187305,39813.946147578055,38377.38462731413,1113.2805945553198,2.7493097645023408,0.12155428077205084,114.95200557983021,1338.435836969484,3.0454955883156565,3.0454955883156565,1338.435836969484,981.9400364803909,2.576534700611238,-1.5840781486283861,-598.7468960641345,1817.010965342306,4.117982765174991,4.117982765174991,1817.010965342306,1456.700593214826,3.886250878835483,-2.3924562040403146,-877.9157209482664,1589.4465197881082,3.971625784328987,0.006126574091640244,114.95200557983921,1338.435836969484,-598.7468960641345,hourly_window_mean_factor_top_available_analogs,4,-478.575128372822,279.16882488413194,-8.999210733332133e-12,-478.575128372822,279.16882488413194,-8.999210733332133e-12,-1817.010965342306,877.9157209482664,-114.95200557983921,1338.435836969484,3.0454955883156565,1817.010965342306,4.117982765174991,981.9400364803909,2.576534700611238,1456.700593214826,3.886250878835483,1589.4465197881082,3.971625784328987,-474.7605567344352,-1.309716178224245,-1.2223160198266463
experiment_2026_06_16_09_31_kcap_H4,SEN_demand_SIN,2025-09-16,Independence Day,H2,H,observance_tier,True,2025-09-16,19,True,True,2,False,2,4,2,pearson,LassoReg,,2,{},2025-09-15 10:00:00,2025-09-17,4189.370469013843,11.206300914074061,985.749265,3.066,,14,24,2,4,2,2,0.07814725956209838,32401.434186775634,31748.037941926315,4189.370469013843,11.206300914074061,11.206300914074061,4189.370469013843,6015.245586339831,15.182117475851745,15.182117475851745,6015.245586339831,3124.2766505736836,8.887074586370415,8.887074586370415,3124.2766505736836,5546.146022122251,14.01836737493241,14.01836737493241,5546.146022122251,3397.918063033936,9.778622990729476,9.778622990729476,3397.918063033936,4189.370469013842,11.340634079646344,11.340634079646344,4189.370469013842,6015.245586339831,3124.2766505736836,hourly_window_mean_factor_top_available_analogs,2,469.0995642175793,-273.6414124602529,1.0530991283686538e-12,469.0995642175793,-273.6414124602529,1.0530991283686538e-12,-5546.146022122251,-3397.9180630339365,-4189.370469013842,6015.245586339831,15.182117475851745,5546.146022122251,14.01836737493241,3124.2766505736836,8.887074586370415,3397.918063033936,9.778622990729476,4189.370469013842,11.340634079646344,-273.64141246025247,-0.8915484043590602,-0.1343331655722828
experiment_2026_06_16_09_31_kcap_H4,SEN_demand_SIN,2025-11-17,Mexican Revolution Day,H2,F,observance_tier,True,2025-11-17,19,True,True,6,False,2,6,6,pearson,RidgeReg,standard,2,{},2025-11-16 10:00:00,2025-11-18,514.8138535738825,1.55085587510979,1003.14549,2.991,,14,24,4,4,6,4,0.07129839316207619,31701.932591529312,31289.555802811636,514.8138535738825,1.55085587510979,0.9060548040762249,323.19394768121964,609.4272273776252,1.873167608127401,0.1229932724648671,89.3160542403974,459.6227188550326,1.3628406975161838,1.3628406975161838,459.6227188550326,729.2544193695687,2.2293045481388285,0.7760478056714126,301.04707713417963,642.8107982698234,2.005614487698985,0.988154574298322,336.1129555003179,674.6584481486769,2.0880266152294538,0.9100099753305134,323.19394768121435,89.3160542403974,459.6227188550326,hourly_window_mean_factor_top_available_analogs,4,-211.7310228937822,123.50976335471462,5.265495641843269e-12,-211.7310228937822,123.50976335471462,5.265495641843269e-12,-301.04707713417963,-336.112955500318,-323.19394768121435,609.4272273776252,1.873167608127401,729.2544193695687,2.2293045481388285,459.6227188550326,1.3628406975161838,642.8107982698234,2.005614487698985,674.6584481486769,2.0880266152294538,-183.18807941479082,-0.6427737901828015,-0.5371707401196637
experiment_2026_06_16_09_31_kcap_H4,SEN_demand_SIN,2025-12-24,Christmas Eve,H1,G,observance_tier,True,2025-12-24,19,True,True,6,False,2,6,6,pearson,RidgeReg,standard,2,{},2025-12-23 10:00:00,2025-12-25,877.1412699327752,2.7651148582214717,1004.89523,2.979,,14,24,4,4,6,4,0.07260384457613944,32667.26154451568,30977.902359097818,877.1412699327752,2.7651148582214717,-2.0100458957392,-618.6841618841064,940.2563606897222,2.7424287099421725,-1.816262389572881,-602.2835580891796,840.3241336578893,2.7783484447177305,-2.1230862743362198,-628.2511807644804,861.5740167698813,2.5103006178693223,-2.1865511756800866,-743.1673980156068,671.453184627494,2.221976165004533,-1.8220892450328996,-546.0689408073891,741.497701732584,2.3282009634284027,-1.9563646931660734,-618.684161884101,-602.2835580891796,-628.2511807644804,hourly_window_mean_factor_top_available_analogs,4,140.88383992642724,-82.1822399570912,-5.4569682106375694e-12,140.88383992642724,-82.1822399570912,-5.4569682106375694e-12,743.1673980156068,546.0689408073893,618.684161884101,940.2563606897222,2.7424287099421725,861.5740167698813,2.5103006178693223,840.3241336578893,2.7783484447177305,671.453184627494,2.221976165004533,741.497701732584,2.3282009634284027,168.8709490303953,0.5563722797131976,0.4369138947930691
experiment_2026_06_16_09_31_kcap_H4,SEN_demand_SIN,2025-12-25,Christmas Day,H2,H,observance_tier,True,2025-12-25,19,True,True,4,False,2,4,4,pearson,PLS,standard,2,{},2025-12-24 10:00:00,2025-12-26,753.450334387436,2.8344055995985316,1076.852334,3.183,,14,24,4,4,4,4,0.11003122031726055,28308.928444449288,26523.274203528985,753.450334387436,2.8344055995985316,-2.4426987071997113,-635.0683047124506,845.4192398728262,2.786375548767912,-2.2429054253259815,-671.8598945983916,699.8018061876251,2.862423129249727,-2.55924478829272,-613.6065439456517,1082.663538053441,3.5653152021760803,-3.438174418311068,-1042.5080290086112,502.9823959078205,2.0001437459238125,-1.6167187797326648,-397.39513220634745,716.549132487786,2.576785861385174,-2.2877813834194445,-635.0683047124446,-671.8598945983916,-613.6065439456517,hourly_window_mean_factor_top_available_analogs,4,370.6481344102194,-216.21141173930422,-6.031385917020472e-12,370.6481344102194,-216.21141173930422,-6.031385917020472e-12,1042.5080290086112,397.3951322063474,635.0683047124446,845.4192398728262,2.786375548767912,1082.663538053441,3.5653152021760803,699.8018061876251,2.862423129249727,502.9823959078205,2.0001437459238125,716.549132487786,2.576785861385174,196.81941027980457,0.8622793833259146,0.2576197382133576
experiment_2026_06_16_09_31_kcap_H4,SEN_demand_SIN,2025-12-31,New Year's Eve,H1,G,observance_tier,True,2025-12-31,19,True,True,6,False,2,6,6,pearson,RidgeReg,standard,2,{},2025-12-30 10:00:00,2026-01-01,680.2475060926757,2.3068672407731765,1020.585939,3.022,,14,24,4,4,6,4,0.06560469395114278,30743.80588044047,29312.771263532588,680.2475060926757,2.3068672407731765,-1.795455911807748,-529.7325912299375,530.2968386700488,1.654744482438318,-1.384415992092356,-436.7351637111068,767.7187287558746,2.687272183135178,-2.035229198308393,-583.981090615922,654.516078325001,2.0433753338911944,-1.623379387608562,-509.4714708679593,692.6706923055302,2.42926126246984,-1.9129673479084557,-541.5515781077696,678.6137292600721,2.287092762467181,-1.8062770467453368,-529.7325912299448,-436.7351637111068,-583.981090615922,hourly_window_mean_factor_top_available_analogs,4,72.73630715685249,-42.429512508152435,7.275957614183426e-12,72.73630715685249,-42.429512508152435,7.275957614183426e-12,509.4714708679593,541.5515781077695,529.7325912299448,530.2968386700488,1.654744482438318,654.516078325001,2.0433753338911944,767.7187287558746,2.687272183135178,692.6706923055302,2.42926126246984,678.6137292600721,2.287092762467181,75.0480364503444,0.2580109206653378,0.019774478305995657
experiment_2026_06_16_09_31_kcap_H4,SEN_demand_SIN,2026-01-01,New Year's Day,H3,H,observance_tier,True,2026-01-01,19,True,True,4,False,2,4,4,pearson,PLS,standard,2,{},2025-12-31 10:00:00,2026-01-02,470.6316887968859,1.9007705119023224,1055.484721,3.049,,14,24,4,4,4,4,0.10896169419314318,26548.66527716173,24856.90076267566,470.6316887968859,1.9007705119023224,-1.5356114028084187,-362.13645584594127,485.3726537678852,1.6910505212162008,-1.144041615323535,-317.2750484235608,462.032792563803,2.023107173135893,-1.7640271121746007,-388.30561017566316,606.1580275463532,2.121421788487627,-1.9948407526074412,-567.6078565947815,350.8371479224488,1.5309812467359698,-1.0893318305801192,-242.278138742449,444.90273515230837,1.7485119726444749,-1.4229403808007115,-362.1364558459399,-317.2750484235608,-388.30561017566316,hourly_window_mean_factor_top_available_analogs,4,250.33280817122068,-146.02747143321417,-1.3403079815601047e-12,250.33280817122068,-146.02747143321417,-1.3403079815601047e-12,567.6078565947814,242.278138742449,362.1364558459399,485.3726537678852,1.6910505212162008,606.1580275463532,2.121421788487627,462.032792563803,2.023107173135893,350.8371479224488,1.5309812467359698,444.90273515230837,1.7485119726444749,111.19564464135419,0.49212592639992336,0.1522585392578475
experiment_2026_06_16_09_31_kcap_H4,SEN_demand_SIN,2026-02-02,Constitution Day,H2,H,observance_tier,True,2026-02-02,19,True,True,4,False,2,4,4,pearson,PLS,standard,2,{},2026-02-01 10:00:00,2026-02-03,678.0992496197308,2.3946508684596934,1058.379015,3.082,,14,24,4,4,4,4,0.0716125141189738,29824.348307881468,29572.04396451019,678.0992496197308,2.3946508684596934,-2.291867171970458,-646.2438336709426,772.3393634546758,2.732568383041818,-2.5137085685437577,-702.2274022322339,623.1258498826796,2.1975323182867874,-2.162459690636034,-613.5867520101893,766.938308864722,2.671171609802149,-2.458836524581143,-707.1724083353935,711.1215748418311,2.4173837828589257,-2.0448196525039135,-610.7021651166766,731.6856347450015,2.510884561206429,-2.19735218432184,-646.2438336709407,-702.2274022322339,-613.5867520101893,hourly_window_mean_factor_top_available_analogs,4,4.945006103159487,-2.884586893512733,-1.9147256879430067e-12,4.945006103159487,-2.884586893512733,-1.9147256879430067e-12,707.1724083353934,610.7021651166766,646.2438336709407,772.3393634546758,2.732568383041818,766.938308864722,2.671171609802149,623.1258498826796,2.1975323182867874,711.1215748418311,2.4173837828589257,731.6856347450015,2.510884561206429,-87.99572495915152,-0.21985146457213833,-0.11623369274673578
experiment_2026_06_16_09_31_kcap_H4,SEN_demand_SIN,2026-03-16,Benito Juarez's Birthday,H2,H,observance_tier,True,2026-03-16,19,True,True,4,False,2,4,4,pearson,PLS,,4,{},2026-03-15 10:00:00,2026-03-17,1248.9890564281116,3.754960010477272,1068.630884,3.136,,14,24,4,4,4,4,0.07249282865703287,31914.392020570707,31183.456210150074,1248.9890564281116,3.754960010477272,3.198239348617185,1080.1211186398245,1366.1408348478578,3.8476426092108658,2.3365436698763467,907.7850037082226,1180.6505190165926,3.700895161216007,3.700895161216007,1180.6505190165926,1324.8820527898301,3.7328157845398233,2.2685353563775927,880.7350758299344,1196.429643612253,3.766152349042246,3.766152349042246,1196.429643612253,1243.7542154145183,3.7538704568571433,3.214398720165795,1080.1211186398198,907.7850037082226,1180.6505190165926,hourly_window_mean_factor_top_available_analogs,4,27.049927878288145,-15.779124595660202,4.978286788651818e-12,27.049927878288145,-15.779124595660202,4.978286788651818e-12,-880.7350758299344,-1196.429643612253,-1080.1211186398195,1366.1408348478578,3.8476426092108658,1324.8820527898301,3.7328157845398233,1180.6505190165926,3.700895161216007,1196.429643612253,3.766152349042246,1243.7542154145183,3.7538704568571433,-15.779124595660278,-0.06525718782623935,0.001089553620128747
experiment_2026_06_16_09_31_kcap_H4,SEN_demand_SIN,2026-04-02,Maundy Thursday,H1,G,observance_tier,True,2026-04-02,19,True,True,6,False,2,6,6,pearson,RidgeReg,standard,2,{},2026-04-01 10:00:00,2026-04-03,523.9877005637295,1.3540718274799368,1098.332325,3.306,,14,24,4,4,6,4,0.06101662095956076,38293.730105495764,36713.05122112908,523.9877005637295,1.3540718274799368,0.5155586053510062,197.0067366094981,449.19728060853805,1.1509024295972716,-1.125062030466968,-438.3224786958043,567.6154455375912,1.4725873095781579,1.4725873095781579,567.6154455375912,641.4570571058555,1.646029138806826,-1.5269739795618202,-591.6863735522804,826.5746069926148,2.1489978246843697,1.6668934977143464,657.0777175372041,758.373404402756,1.9636935719926427,0.49020547977049556,197.00673660949926,-438.3224786958043,567.6154455375912,hourly_window_mean_factor_top_available_analogs,4,153.36389485647618,-89.46227199961292,-1.148835412765804e-12,153.36389485647618,-89.46227199961292,-1.148835412765804e-12,591.6863735522804,-657.0777175372041,-197.00673660949923,449.19728060853805,1.1509024295972716,641.4570571058555,1.646029138806826,567.6154455375912,1.4725873095781579,826.5746069926148,2.1489978246843697,758.373404402756,1.9636935719926427,-258.9591614550236,-0.6764105151062119,-0.6096217445127059
experiment_2026_06_16_09_31_kcap_H4,SEN_demand_SIN,2026-04-03,Good Friday,H2,G,observance_tier,True,2026-04-03,19,True,True,6,False,2,6,6,pearson,RidgeReg,standard,2,{},2026-04-02 10:00:00,2026-04-04,1730.1842310466047,5.162970807970959,1098.332325,3.306,,14,24,4,4,6,4,0.06669289621637005,37209.51152056103,36413.1090045816,1730.1842310466047,5.162970807970959,-5.0889011341039225,-1701.2220468768162,316.79846071476067,0.8180519350816626,-0.726953004577328,-281.2729765257635,2554.6592637401804,7.6975068171563805,-7.633370876327768,-2529.5256712482637,1296.634780348131,3.4083714808743957,-3.4083714808743957,-1296.634780348131,1946.6335888252318,5.8629862644526165,-5.838993452520353,-1937.231285685216,1707.1603435968264,4.958654502081693,-4.943501147177105,-1701.2220468768164,-281.2729765257635,-2529.5256712482637,hourly_window_mean_factor_top_available_analogs,4,1015.3618038223675,-592.2943855630475,9.573628439715034e-14,1015.3618038223675,-592.2943855630475,9.573628439715034e-14,1296.634780348131,1937.2312856852163,1701.2220468768162,316.79846071476067,0.8180519350816626,1296.634780348131,3.4083714808743957,2554.6592637401804,7.6975068171563805,1946.6335888252318,5.8629862644526165,1707.1603435968264,4.958654502081693,608.0256749149487,1.834520552703764,0.2043163058892663
experiment_2026_06_16_09_31_kcap_H4,SEN_demand_SIN,2026-04-04,Holy Saturday,H3,G,observance_tier,True,2026-04-04,19,True,True,4,False,2,6,4,pearson,PLS,standard,2,{},2026-04-03 10:00:00,2026-04-05,978.6041816305777,2.8600722918307024,1056.818538,3.068,,14,24,4,4,4,4,0.05887630754783964,33621.60801462301,33112.01987076743,978.6041816305777,2.8600722918307024,1.678995060530584,605.2077748506721,870.6739857414403,2.581459872040042,-0.624321184345992,-142.83054694687522,1041.563462565908,3.022596203375253,3.022596203375253,1041.563462565908,852.9490297203962,2.5242458069925235,-0.5327110728745651,-113.14853461329507,1024.2489553713247,2.9790348729351117,2.9790348729351117,1024.2489553713247,961.1384564472983,2.8114810065352107,1.6852337350052309,605.2077748506753,-142.83054694687522,1041.563462565908,hourly_window_mean_factor_top_available_analogs,4,-29.682012333580133,17.31450719458341,-3.1592973851059614e-12,-29.682012333580133,17.31450719458341,-3.1592973851059614e-12,113.14853461329508,-1024.2489553713244,-605.2077748506753,870.6739857414403,2.581459872040042,852.9490297203962,2.5242458069925235,1041.563462565908,3.022596203375253,1024.2489553713247,2.9790348729351117,961.1384564472983,2.8114810065352107,17.314507194583257,0.04356133044014143,0.048591285295491726
experiment_2026_06_16_09_31_kcap_H4,SEN_demand_SIN,2026-05-01,Labor Day,H2,F,observance_tier,True,2026-05-01,19,True,True,4,False,2,7,4,pearson,PLS,minmax,3,{},2026-04-30 10:00:00,2026-05-02,1310.7592686998978,3.2444174914659074,966.441258,2.878,,14,24,4,4,4,4,0.07012747284781316,42711.67243841742,40790.89806746555,1310.7592686998978,3.2444174914659074,-1.709769483384624,-634.3566489437281,454.3679393097326,0.9683822150767659,0.8460663456099125,396.7143542365312,1810.3208775108276,4.57210473602624,-3.2006737169647703,-1235.8147341322128,728.6079839002424,1.5644102693569768,1.514013547022062,704.8534888276803,1970.000691946868,4.987384256807253,-3.678442687289079,-1415.5625626437334,1512.6454837191638,3.7262885772203087,-1.7654324957007639,-634.356648943739,396.7143542365312,-1235.8147341322128,hourly_window_mean_factor_top_available_analogs,4,-308.1391345911491,179.74782851152062,1.0722463852480838e-11,-308.1391345911491,179.74782851152062,1.0722463852480838e-11,-704.8534888276804,1415.5625626437334,634.3566489437388,454.3679393097326,0.9683822150767659,728.6079839002424,1.5644102693569768,1810.3208775108276,4.57210473602624,1970.000691946868,4.987384256807253,1512.6454837191638,3.7262885772203087,-159.6798144360405,-0.41527952078101293,-0.4818710857544013
