experiment_id,unique_id,target_date,holiday_label,holiday_day_type,analog_cluster,cluster_filter_label,filter_by_cluster,train_end,eligible_tuning_dates,target_exists,target_has_complete_profile,selected_analogs,fail,optuna_k_min,optuna_k_max,k,typedist,typereg,scale_method,n_components,regressor_params,forecast_start,forecast_end,mae_window,mape_window_pct,tuning_best_mean_mae,tuning_best_mean_mape_pct,error,bias_head_hours,bias_tail_hours,hourly_factor_analog_count,hourly_factor_requested_analogs,hourly_factor_available_neighbors,hourly_factor_selected_analogs,hourly_factor_mean_abs,forecast_window_mean_38,forecast_daily_mean_24,mae_38,mape_38_pct,mpe_38_pct,bias_38,mae_14,mape_14_pct,mpe_14_pct,bias_14,mae_24,mape_24_pct,mpe_24_pct,bias_24,mae_14_bias_adjusted,mape_14_bias_adjusted_pct,mpe_14_bias_adjusted_pct,bias_14_bias_adjusted,mae_24_bias_adjusted,mape_24_bias_adjusted_pct,mpe_24_bias_adjusted_pct,bias_24_bias_adjusted,mae_38_bias_adjusted,mape_38_bias_adjusted_pct,mpe_38_bias_adjusted_pct,bias_38_bias_adjusted,head_bias_mean,tail_bias_mean,bias_model_method,bias_train_samples,bias_train_window_mean,bias_train_head_tail_corr,bias_model_intercept,bias_model_slope,predicted_head_bias_mean,predicted_tail_bias_mean,predicted_full_bias_mean,predicted_bias_14,predicted_bias_24,predicted_bias_38,bias_14_prediction_error,bias_24_prediction_error,bias_38_prediction_error,mae_head14,mape_head14_pct,mae_head14_bias_adjusted,mape_head14_bias_adjusted_pct,mae_holiday24_raw,mape_holiday24_raw_pct,mae_holiday24_bias_adjusted,mape_holiday24_bias_adjusted_pct,mae_window_bias_adjusted,mape_window_bias_adjusted_pct,mae_holiday24_improvement,mape_holiday24_improvement_pct,mape_head14_improvement_pct,mape_window_improvement_pct,bias_14_prediction_abs_error,bias_24_prediction_abs_error,bias_38_prediction_abs_error
experiment_2026_06_15_08_57,SEN_demand_CEL,2025-01-01,New Year's Day,H3,I,observance_tier_depth,True,2025-01-01,12,True,True,3,False,2,6,3,euclidian,PCR,standard,3,{},2024-12-31 10:00:00,2025-01-02,96.63261641887144,1.8977450179889523,182.260574,3.011,,14,24,3,4,3,3,0.13809191147521496,5097.292909327124,4659.809792377163,96.63261641887144,1.8977450179889523,1.3010357435628497,65.9487380412969,105.59042896038669,1.7962063323596873,1.5328560994740947,90.33829018722749,91.4072257696542,1.956975917939357,1.1658072026146231,51.72149928950406,94.55648651126863,1.5952879240836644,1.5833275114504506,93.78558866168669,88.55228281520827,1.9060885696452317,1.102670770754487,49.710575179403065,90.76435786112525,1.7915830686488647,1.2797548331161577,65.94873804129703,90.33829018722749,51.72149928950406,hourly_window_mean_factor_top_available_analogs,3,5245.209792631579,,5245.209792631579,0.0,-3.4472984744592003,2.010924110100992,-1.3163739104608172e-13,-3.4472984744592003,2.010924110100992,-1.3163739104608172e-13,-93.78558866168669,-49.710575179403065,-65.94873804129703,105.59042896038669,1.7962063323596873,94.55648651126863,1.5952879240836644,91.4072257696542,1.956975917939357,88.55228281520827,1.9060885696452317,90.76435786112525,1.7915830686488647,2.8549429544459315,0.050887348294125445,0.20091840827602292,0.1061619493400876,93.78558866168669,49.710575179403065,65.94873804129703
experiment_2026_06_15_08_57,SEN_demand_CEL,2025-02-03,Constitution Day,H2,H,observance_tier_depth,True,2025-02-03,12,True,True,3,False,2,6,3,euclidian,PCR,standard,3,{},2025-02-02 10:00:00,2025-02-04,102.73889555045923,1.730694041654152,198.035803,3.31,,14,24,3,4,3,3,0.08522456155193416,6014.395072422085,5845.100648203916,102.73889555045923,1.730694041654152,-0.5926313099651344,-29.763616895768624,109.88213245551313,1.7900542615963406,-1.0714200352532548,-63.363324653230585,98.57200735584445,1.696067246687875,-0.31333788688039743,-10.163787370582478,113.84542492761479,1.8692519829227445,-1.5143473733183348,-90.97838049285772,93.91205050820865,1.5759479029303243,-0.06605490076391872,5.944995202532557,101.25592529430564,1.6840073008222685,-0.599636338020809,-29.763616895769125,-63.363324653230585,-10.163787370582478,hourly_window_mean_factor_top_available_analogs,3,6002.521333157895,,6002.521333157895,0.0,27.61505583962714,-16.108782573115036,5.026154930850393e-13,27.61505583962714,-16.108782573115036,5.026154930850393e-13,90.97838049285772,-5.944995202532558,29.763616895769125,109.88213245551313,1.7900542615963406,113.84542492761479,1.8692519829227445,98.57200735584445,1.696067246687875,93.91205050820865,1.5759479029303243,101.25592529430564,1.6840073008222685,4.659956847635797,0.12011934375755073,-0.0791977213264039,0.04668674083188362,90.97838049285772,5.944995202532558,29.763616895769125
experiment_2026_06_15_08_57,SEN_demand_CEL,2025-03-17,Benito Juarez's Birthday,H2,H,observance_tier_depth,True,2025-03-17,12,True,True,3,False,2,6,3,euclidian,PCR,standard,3,{},2025-03-16 10:00:00,2025-03-18,93.80964844363615,1.5363781900408384,199.504107,3.334,,14,24,3,4,3,3,0.08749168106397287,6122.013777573018,5974.48602519112,93.80964844363615,1.5363781900408384,-0.638144777009796,-43.05030836249218,60.49367223624112,0.952195074831504,-0.12186601921372876,-6.917930227701488,113.24396789794991,1.8771516739129508,-0.9393073857241684,-64.12752894112009,125.72664497260861,1.9901360324427555,-1.257131937813017,-75.81018896374697,77.22467934113952,1.2748214965727602,-0.36414382838017917,-23.94037801175989,95.09382457378604,1.5383584308406533,-0.6931394476449088,-43.05030836249197,-6.917930227701488,-64.12752894112009,hourly_window_mean_factor_top_available_analogs,3,5993.584018596492,,5993.584018596492,0.0,68.89225873604548,-40.1871509293602,-2.1540663989358825e-13,68.89225873604548,-40.1871509293602,-2.1540663989358825e-13,75.81018896374697,23.94037801175989,43.05030836249197,60.49367223624112,0.952195074831504,125.72664497260861,1.9901360324427555,113.24396789794991,1.8771516739129508,77.22467934113952,1.2748214965727602,95.09382457378604,1.5383584308406533,36.019288556810395,0.6023301773401906,-1.0379409576112515,-0.0019802407998148475,75.81018896374697,23.94037801175989,43.05030836249197
experiment_2026_06_15_08_57,SEN_demand_CEL,2025-04-17,Maundy Thursday,H1,G,observance_tier_depth,True,2025-04-17,12,True,True,3,False,2,6,3,euclidian,PCR,standard,3,{},2025-04-16 10:00:00,2025-04-18,186.55417300779177,2.803506656010208,196.119236,3.268,,14,24,3,4,3,3,0.09180938954072931,6501.294502739322,6093.033742714896,186.55417300779177,2.803506656010208,2.5548450115426506,169.03084199752143,90.72219298339996,1.2245227109715728,0.6135319711883117,47.45241079023702,242.45616135535366,3.724580623949412,3.687277618416015,239.95159353510402,82.55025679863671,1.1305346302185704,-0.06625378756954191,-1.992819345206044,275.2489140873591,4.195100710874697,4.090844789060712,268.79464444744434,204.25467192835612,3.066050049580335,2.5592821555653558,169.0308419975205,47.45241079023702,239.95159353510402,hourly_window_mean_factor_top_available_analogs,3,6441.214782894737,,6441.214782894737,0.0,49.44523013544306,-28.843050912340306,9.334287728722159e-13,49.44523013544306,-28.843050912340306,9.334287728722159e-13,1.992819345206044,-268.79464444744434,-169.0308419975205,90.72219298339996,1.2245227109715728,82.55025679863671,1.1305346302185704,242.45616135535366,3.724580623949412,275.2489140873591,4.195100710874697,204.25467192835612,3.066050049580335,-32.792752732005425,-0.4705200869252848,0.09398808075300247,-0.2625433935701271,1.992819345206044,268.79464444744434,169.0308419975205
experiment_2026_06_15_08_57,SEN_demand_CEL,2025-04-18,Good Friday,H2,G,observance_tier_depth,True,2025-04-18,12,True,True,5,False,2,6,5,euclidian,PCR,standard,4,{},2025-04-17 10:00:00,2025-04-19,161.29560952403065,2.5873439446920115,209.721631,3.452,,14,24,4,4,5,4,0.08852345776489787,6027.4382192826915,5643.164210521917,161.29560952403065,2.5873439446920115,2.1256042818077634,132.3428804541505,121.42626259117658,1.797725336375257,0.7248608012891119,52.52684927026621,184.55272856819553,3.0479547995434526,2.942704645443643,178.90223197808302,120.30642939258983,1.773776590421416,0.8455798426967832,61.49802178585365,176.43961229584883,2.8941211934955553,2.8437434825261003,173.6690480106572,155.7589659630692,2.481362655520872,2.1075779310100358,132.34288045415065,52.52684927026621,178.90223197808302,hourly_window_mean_factor_top_available_analogs,4,6258.87488125,,6258.87488125,0.0,-8.971172515587439,5.233183967425816,-1.1967035549643792e-13,-8.971172515587439,5.233183967425816,-1.1967035549643792e-13,-61.49802178585365,-173.6690480106572,-132.34288045415062,121.42626259117658,1.797725336375257,120.30642939258983,1.773776590421416,184.55272856819553,3.0479547995434526,176.43961229584883,2.8941211934955553,155.7589659630692,2.481362655520872,8.113116272346701,0.1538336060478973,0.023948745953841,0.10598128917113936,61.49802178585365,173.6690480106572,132.34288045415062
experiment_2026_06_15_08_57,SEN_demand_CEL,2025-04-19,Holy Saturday,H3,G,observance_tier_depth,True,2025-04-19,12,True,True,6,False,2,7,6,pearson,PCR,,4,{},2025-04-18 10:00:00,2025-04-20,81.12868802527768,1.3738294017364785,180.5943,3.017,,14,24,4,4,6,4,0.07512102354683049,5982.647131478533,5820.90396904193,81.12868802527768,1.3738294017364785,0.16528941272078998,8.96236852146699,95.10630133228422,1.57789118701762,-1.4858763123207945,-89.03216065556522,72.9750802628572,1.254793360322479,1.1284694189950477,66.12584387473578,83.8976836403048,1.3711541729800782,-0.2808128695412893,-13.321751240448455,59.119850938614526,1.015490394251864,0.3533656890491692,21.96143838258426,68.24852614450042,1.1465244179938376,0.119720956936895,8.962368521466942,-89.03216065556522,66.12584387473578,hourly_window_mean_factor_top_available_analogs,4,5758.6324263157885,,5758.6324263157885,0.0,-75.71040941511676,44.16440549215152,4.786814219857517e-14,-75.71040941511676,44.16440549215152,4.786814219857517e-14,13.321751240448464,-21.961438382584255,-8.962368521466942,95.10630133228422,1.57789118701762,83.8976836403048,1.3711541729800782,72.9750802628572,1.254793360322479,59.119850938614526,1.015490394251864,68.24852614450042,1.1465244179938376,13.855229324242679,0.23930296607061496,0.20673701403754174,0.22730498374264085,13.321751240448464,21.961438382584255,8.962368521466942
experiment_2026_06_15_08_57,SEN_demand_CEL,2025-05-01,Labor Day,H2,F,observance_tier_depth,True,2025-05-01,12,True,True,5,False,2,8,5,pearson,RidgeReg,minmax,2,{},2025-04-30 10:00:00,2025-05-02,179.21328471490173,2.6194296037691958,176.513428,2.916,,14,24,4,4,5,4,0.09788934821915334,6898.265930017579,6472.241980144078,179.21328471490173,2.6194296037691958,-1.0470123747618114,-59.777618701790196,189.16497232167265,2.4316557068117737,1.3095249577915873,104.42339448499024,173.40813361095204,2.7289643769943583,-2.421659152084627,-155.56154306074544,196.54201279363224,2.5292106125176557,0.9620021060726612,77.81336172887157,166.43665498373943,2.6236929781061864,-2.1682269286303932,-140.03902395300852,177.52810259791045,2.5888836855209383,-1.0149846526871629,-59.77761870178955,104.42339448499024,-155.56154306074544,hourly_window_mean_factor_top_available_analogs,4,6262.643355328948,,6262.643355328948,0.0,26.610032756118667,-15.522519107736912,-6.462199196807648e-13,26.610032756118667,-15.522519107736912,-6.462199196807648e-13,-77.81336172887157,140.03902395300852,59.77761870178955,189.16497232167265,2.4316557068117737,196.54201279363224,2.5292106125176557,173.40813361095204,2.7289643769943583,166.43665498373943,2.6236929781061864,177.52810259791045,2.5888836855209383,6.971478627212605,0.10527139888817194,-0.09755490570588199,0.030545918248257475,77.81336172887157,140.03902395300852,59.77761870178955
experiment_2026_06_15_08_57,SEN_demand_CEL,2025-09-16,Independence Day,H2,H,observance_tier_depth,True,2025-09-16,12,True,True,4,False,2,8,4,pearson,PCR,minmax,3,{},2025-09-15 10:00:00,2025-09-17,383.4792237581861,6.403486829838873,156.108237,2.561,,14,24,4,4,4,4,0.08158682307426769,5660.673601649066,5529.252783234246,383.4792237581861,6.403486829838873,2.2983323367303945,177.95179808777672,668.3667079918736,10.133978289368743,9.819305032969663,649.8938532112435,217.29485795520176,4.227366811779785,-2.088901736075845,-97.34773406757888,690.5517621227773,10.494522232887997,9.684232191239513,641.6714901742198,177.18270057464758,3.441497554544554,-1.899219675577231,-92.55135562931594,366.31867061869553,6.0399803307763476,2.368367854302622,177.9517980877762,649.8938532112435,-97.34773406757888,hourly_window_mean_factor_top_available_analogs,4,6023.034671907895,,6023.034671907895,0.0,8.222363037023635,-4.796378438262953,5.265495641843269e-13,8.222363037023635,-4.796378438262953,5.265495641843269e-13,-641.6714901742198,92.55135562931594,-177.95179808777618,668.3667079918736,10.133978289368743,690.5517621227773,10.494522232887997,217.29485795520176,4.227366811779785,177.18270057464758,3.441497554544554,366.31867061869553,6.0399803307763476,40.11215738055418,0.7858692572352308,-0.3605439435192537,0.36350649906252563,641.6714901742198,92.55135562931594,177.95179808777618
experiment_2026_06_15_08_57,SEN_demand_CEL,2025-11-17,Mexican Revolution Day,H2,F,observance_tier_depth,True,2025-11-17,12,True,True,5,False,2,8,5,euclidian,PCR,,2,{},2025-11-16 10:00:00,2025-11-18,86.87452141079177,1.431926474321137,175.122607,2.881,,14,24,4,4,5,4,0.0827958414913244,6204.060107787952,6076.060665859502,86.87452141079177,1.431926474321137,-0.9529477004391749,-57.65206252479316,72.90680736475777,1.134937176073272,-0.49701640646997985,-31.88590752243746,95.02235460431162,1.605170231632392,-1.2189076219212056,-72.68231960950065,98.85139989054655,1.5315428893246572,-0.7743572089055617,-48.89834649194511,87.55746488429247,1.449585585781579,-1.030893770186806,-62.75839687728918,91.71838830764924,1.479780381823766,-0.9363803002410844,-57.652062524794,-31.88590752243746,-72.68231960950065,hourly_window_mean_factor_top_available_analogs,4,6034.5774412499995,,6034.5774412499995,0.0,17.012438969507652,-9.923922732211471,8.376924884750655e-13,17.012438969507652,-9.923922732211471,8.376924884750655e-13,48.89834649194511,62.75839687728918,57.652062524794,72.90680736475777,1.134937176073272,98.85139989054655,1.5315428893246572,95.02235460431162,1.605170231632392,87.55746488429247,1.449585585781579,91.71838830764924,1.479780381823766,7.464889720019144,0.155584645850813,-0.39660571325138516,-0.04785390750262897,48.89834649194511,62.75839687728918,57.652062524794
experiment_2026_06_15_08_57,SEN_demand_CEL,2025-12-24,Christmas Eve,H1,G,observance_tier_depth,True,2025-12-24,12,True,True,3,False,2,8,3,euclidian,PCR,standard,2,{},2025-12-23 10:00:00,2025-12-25,175.15695667634455,2.6986896263758275,144.759786,2.387,,14,24,3,4,3,3,0.08382796305151854,6426.8161475226825,6052.092262065162,175.15695667634455,2.6986896263758275,0.5914958984238726,48.330344319422814,181.97978013750193,2.48050390696351,2.4149745777906033,177.3710016929966,171.17697632400277,2.825964629366346,-0.47219999787338685,-26.943372481828572,175.5959664782233,2.3963330263305687,2.2689830006896434,166.65519184014798,200.10915681920503,3.31583428726058,-0.34444138188810564,-20.69248340100046,191.07798143042228,2.977070664812681,0.6183991801142228,48.33034431942264,177.3710016929966,-26.943372481828572,hourly_window_mean_factor_top_available_analogs,3,6522.886180350877,,6522.886180350877,0.0,10.715809852848647,-6.250889080828112,1.6753849769501309e-13,10.715809852848647,-6.250889080828112,1.6753849769501309e-13,-166.65519184014795,20.69248340100046,-48.33034431942264,181.97978013750193,2.48050390696351,175.5959664782233,2.3963330263305687,171.17697632400277,2.825964629366346,200.10915681920503,3.31583428726058,191.07798143042228,2.977070664812681,-28.93218049520226,-0.48986965789423387,0.08417088063294154,-0.27838103843685325,166.65519184014795,20.69248340100046,48.33034431942264
experiment_2026_06_15_08_57,SEN_demand_CEL,2025-12-25,Christmas Day,H2,I,observance_tier_depth,True,2025-12-25,12,True,True,3,False,2,8,3,pearson,RidgeReg,minmax,2,{},2025-12-24 10:00:00,2025-12-26,147.10520205553897,2.837740034875699,163.859892,2.683,,14,24,3,4,3,3,0.13814190177133243,5587.4413179229305,5148.399249598348,147.10520205553897,2.837740034875699,-2.1782669366754486,-105.79086897556088,155.46124353984993,2.5050569029615746,-1.1112455809901427,-66.19713647935234,142.23084452302422,3.031805195158937,-2.8006960608252105,-128.88721293168254,185.039051542897,2.9827009785423795,-2.335531321720709,-143.84136688550188,97.97877753958488,1.9819967033663193,-1.7167818013127214,-83.59474519476375,130.0536153302788,2.3506772257996045,-1.944742150936717,-105.790868975562,-66.19713647935234,-128.88721293168254,hourly_window_mean_factor_top_available_analogs,3,5323.159002807018,,5323.159002807018,0.0,77.64423040614955,-45.29246773691879,1.1249013416665166e-12,77.64423040614955,-45.29246773691879,1.1249013416665166e-12,143.84136688550188,83.59474519476376,105.790868975562,155.46124353984993,2.5050569029615746,185.039051542897,2.9827009785423795,142.23084452302422,3.031805195158937,97.97877753958488,1.9819967033663193,130.0536153302788,2.3506772257996045,44.252066983439335,1.0498084917926176,-0.4776440755808049,0.48706280907609445,143.84136688550188,83.59474519476376,105.790868975562
experiment_2026_06_15_08_57,SEN_demand_CEL,2025-12-31,New Year's Eve,H1,G,observance_tier_depth,True,2025-12-31,12,True,True,3,False,2,8,3,pearson,RidgeReg,,2,{},2025-12-30 10:00:00,2026-01-01,113.12356595137877,1.783545624463683,141.487179,2.32,,14,24,3,4,3,3,0.0933048851691628,6120.950302209491,5709.721266572553,113.12356595137877,1.783545624463683,1.5925511735941404,101.33172042208925,139.24877826398804,1.9884408463931287,1.6098171022951127,114.66909098433078,97.88385876902335,1.664023411671507,1.582479381851907,93.55158759411502,144.92132054285406,2.068229596109384,1.5874674701414069,113.66420801263205,95.79186270197249,1.6287464449694902,1.595795271241965,94.1377693276033,113.89218927492885,1.790661290126293,1.5927271339943911,101.33172042208757,114.66909098433078,93.55158759411502,hourly_window_mean_factor_top_available_analogs,3,6255.729466842106,,6255.729466842106,0.0,1.0048829716987322,-0.5861817334882744,1.675384976950131e-12,1.0048829716987322,-0.5861817334882744,1.675384976950131e-12,-113.66420801263205,-94.1377693276033,-101.33172042208757,139.24877826398804,1.9884408463931287,144.92132054285406,2.068229596109384,97.88385876902335,1.664023411671507,95.79186270197249,1.6287464449694902,113.89218927492885,1.790661290126293,2.0919960670508573,0.03527696670201674,-0.07978874971625549,-0.007115665662610127,113.66420801263205,94.1377693276033,101.33172042208757
experiment_2026_06_15_08_57,SEN_demand_CEL,2026-01-01,New Year's Day,H3,I,observance_tier_depth,True,2026-01-01,12,True,True,3,False,2,8,3,pearson,LassoReg,,2,{},2025-12-31 10:00:00,2026-01-02,64.75136220044762,1.2358445137225136,139.591167,2.274,,14,24,3,4,3,3,0.1369653993683878,5320.157743654717,4867.171680399354,64.75136220044762,1.2358445137225136,0.5875905640173639,29.168302924231178,49.93384518569577,0.8276467210807403,-0.29221153293970026,-17.012572806766133,73.39491379238619,1.4739598927635484,1.1008084539089842,56.10714710064627,63.10061067509722,1.042603600865843,-0.32993283488917896,-19.44013341100338,73.4282868270032,1.4787445380846116,1.1333772729555103,57.52322411978357,69.62335350787994,1.3180610348987494,0.5942630226969405,29.16830292423048,-17.012572806766133,56.10714710064627,hourly_window_mean_factor_top_available_analogs,3,5296.393024736842,,5296.393024736842,0.0,2.427560604237247,-1.4160770191372951,6.9408806187934e-13,2.427560604237247,-1.4160770191372951,6.9408806187934e-13,19.44013341100338,-57.52322411978357,-29.168302924230485,49.93384518569577,0.8276467210807403,63.10061067509722,1.042603600865843,73.39491379238619,1.4739598927635484,73.4282868270032,1.4787445380846116,69.62335350787994,1.3180610348987494,-0.03337303461701424,-0.004784645321063152,-0.2149568797851027,-0.08221652117623579,19.44013341100338,57.52322411978357,29.168302924230485
experiment_2026_06_15_08_57,SEN_demand_CEL,2026-02-02,Constitution Day,H2,H,observance_tier_depth,True,2026-02-02,12,True,True,3,False,2,8,3,pearson,LassoReg,,2,{},2026-02-01 10:00:00,2026-02-03,108.21104044397592,1.8173163713105998,130.622308,2.168,,14,24,3,4,3,3,0.08737745363961036,6127.55006952162,5977.553448589232,108.21104044397592,1.8173163713105998,-0.45713050162807756,-30.497236100567772,137.71053618236107,2.272876895779743,-1.752746430883384,-101.62902469142735,91.00300126325124,1.5515727320369332,0.2986454571041844,10.996307244100308,99.27872447891352,1.634449230501167,-1.0265193971399176,-58.11132764126595,129.6538009530517,2.1887857903740873,-0.047223858874748004,-14.389016035159216,118.462983304685,1.9845565314735383,-0.40801695191981063,-30.49723610056696,-101.62902469142735,10.996307244100308,hourly_window_mean_factor_top_available_analogs,3,5951.4171176315795,,5951.4171176315795,0.0,-43.517697050161395,25.385323279259524,-8.137584173757779e-13,-43.517697050161395,25.385323279259524,-8.137584173757779e-13,58.11132764126595,14.389016035159216,30.49723610056696,137.71053618236107,2.272876895779743,99.27872447891352,1.634449230501167,91.00300126325124,1.5515727320369332,129.6538009530517,2.1887857903740873,118.462983304685,1.9845565314735383,-38.650799689800465,-0.637213058337154,0.6384276652785759,-0.16724016016293852,58.11132764126595,14.389016035159216,30.49723610056696
experiment_2026_06_15_08_57,SEN_demand_CEL,2026-03-16,Benito Juarez's Birthday,H2,H,observance_tier_depth,True,2026-03-16,12,True,True,3,False,2,8,3,pearson,LassoReg,,2,{},2026-03-15 10:00:00,2026-03-17,183.1253869592228,2.8820715959071666,128.2218,2.137,,14,24,3,4,3,3,0.08512450604001298,6221.6883247335945,6024.90848537438,183.1253869592228,2.8820715959071666,2.1244268288056,135.89714289798462,118.67728810254077,1.8046264791647175,-0.2518378886823923,-9.513660063677175,220.72011129228733,3.510581247340261,3.510581247340261,220.72011129228733,97.9220351378636,1.4928737113499306,-0.21952921913678658,-8.892724569417298,220.36328607235657,3.6089337470204135,3.6088521449486977,220.35789892063528,175.25335151754336,2.829332681247078,2.1983958529172036,135.8971428979843,-9.513660063677175,220.72011129228733,hourly_window_mean_factor_top_available_analogs,3,6025.0280231578945,,6025.0280231578945,0.0,-0.620935494259876,0.3622123716520491,2.87208853191451e-13,-0.620935494259876,0.3622123716520491,2.87208853191451e-13,8.892724569417298,-220.35789892063528,-135.89714289798434,118.67728810254077,1.8046264791647175,97.9220351378636,1.4928737113499306,220.72011129228733,3.510581247340261,220.36328607235657,3.6089337470204135,175.25335151754336,2.829332681247078,0.3568252199307551,-0.09835249968015258,0.3117527678147869,0.05273891466008873,8.892724569417298,220.35789892063528,135.89714289798434
experiment_2026_06_15_08_57,SEN_demand_CEL,2026-04-02,Maundy Thursday,H1,G,observance_tier_depth,True,2026-04-02,12,True,True,3,False,2,8,3,pearson,LassoReg,,2,{},2026-04-01 10:00:00,2026-04-03,65.46650266498469,0.9583832062221392,133.512396,2.211,,14,24,3,4,3,3,0.08028144311702794,6786.468189963918,6448.565448627531,65.46650266498469,0.9583832062221392,-0.21343452256289333,-15.114008648127742,85.74051083699707,1.1880938292401457,-0.5613902271292855,-38.626692254867,53.63999789797746,0.8243853427949691,-0.010460361565831263,-1.3982765441965057,82.37662035586884,1.1522909619992288,-0.992832351139145,-70.71673318866677,73.41954093707018,1.1514094166170106,0.33367761477674285,17.32091400051858,76.71951756504863,1.1517341964946697,-0.15503658319226843,-15.114008648128651,-38.626692254867,-1.3982765441965057,hourly_window_mean_factor_top_available_analogs,3,6659.020606754387,,6659.020606754387,0.0,32.090040933799756,-18.719190544715087,9.094947017729282e-13,32.090040933799756,-18.719190544715087,9.094947017729282e-13,70.71673318866675,-17.32091400051858,15.114008648128651,85.74051083699707,1.1880938292401457,82.37662035586884,1.1522909619992288,53.63999789797746,0.8243853427949691,73.41954093707018,1.1514094166170106,76.71951756504863,1.1517341964946697,-19.779543039092722,-0.32702407382204146,0.03580286724091697,-0.19335099027253044,70.71673318866675,17.32091400051858,15.114008648128651
experiment_2026_06_15_08_57,SEN_demand_CEL,2026-04-03,Good Friday,H2,G,observance_tier_depth,True,2026-04-03,12,True,True,3,False,2,8,3,euclidian,PCR,standard,2,{},2026-04-02 10:00:00,2026-04-04,98.68109480429557,1.596004954949775,134.760234,2.21,,14,24,3,4,3,3,0.0841075456540165,6327.920126126583,5985.960780643575,98.68109480429557,1.596004954949775,-1.306026172351019,-80.13246296868893,100.18457171759299,1.4721425291358723,-1.3790403320160105,-93.73658338316929,97.80406660487206,1.6682580366745512,-1.263434579213107,-72.19672606024206,123.30318465274642,1.8034885105732055,-1.7286529082879694,-118.12028773449707,105.30747490201126,1.7804781347316208,-0.9678644832355365,-57.97289852196718,111.93747323122948,1.7889556416206258,-1.248154955623275,-80.13246296868871,-93.73658338316929,-72.19672606024206,hourly_window_mean_factor_top_available_analogs,3,6320.591921929824,,6320.591921929824,0.0,24.383704351327783,-14.22382753827488,-2.1540663989358825e-13,24.383704351327783,-14.22382753827488,-2.1540663989358825e-13,118.12028773449707,57.972898521967174,80.13246296868871,100.18457171759299,1.4721425291358723,123.30318465274642,1.8034885105732055,97.80406660487206,1.6682580366745512,105.30747490201126,1.7804781347316208,111.93747323122948,1.7889556416206258,-7.503408297139202,-0.11222009805706956,-0.3313459814373332,-0.1929506866708508,118.12028773449707,57.972898521967174,80.13246296868871
experiment_2026_06_15_08_57,SEN_demand_CEL,2026-04-04,Holy Saturday,H3,G,observance_tier_depth,True,2026-04-04,12,True,True,2,False,2,9,2,pearson,LassoReg,,2,{},2026-04-03 10:00:00,2026-04-05,86.87804160035061,1.4126550299130836,127.028396,2.101,,14,24,2,4,2,2,0.07655650385302928,6058.322071412422,5968.32621990683,86.87804160035061,1.4126550299130836,0.2705589978992425,17.061967271788657,61.546502104367455,0.9886471826363515,0.18771479814120617,13.023602435135542,101.65477297300747,1.6599929408245107,0.31888478109143015,19.41768009316964,57.33465517963993,0.9399600250083683,-0.04477369918885606,-2.919802786607501,119.92744442144067,1.9791702940724052,0.559834615650837,28.717999805853044,96.86694312182988,1.5963033528382862,0.33708418386779226,17.06196727178863,13.023602435135542,19.41768009316964,hourly_window_mean_factor_top_available_analogs,2,5886.49911118421,,5886.49911118421,0.0,15.943405221743044,-9.300319712683404,2.3934071099287584e-14,15.943405221743044,-9.300319712683404,2.3934071099287584e-14,2.9198027866075016,-28.717999805853044,-17.06196727178863,61.546502104367455,0.9886471826363515,57.33465517963993,0.9399600250083683,101.65477297300747,1.6599929408245107,119.92744442144067,1.9791702940724052,96.86694312182988,1.5963033528382862,-18.2726714484332,-0.31917735324789454,0.04868715762798326,-0.1836483229252026,2.9198027866075016,28.717999805853044,17.06196727178863
experiment_2026_06_15_08_57,SEN_demand_CEL,2026-05-01,Labor Day,H2,F,observance_tier_depth,True,2026-05-01,12,True,True,2,False,2,10,2,pearson,LassoReg,,2,{},2026-04-30 10:00:00,2026-05-02,154.61197815719598,2.171465085350939,105.454725,1.74,,14,24,2,4,2,2,0.1112089979526006,7229.996368353801,6673.688377101923,154.61197815719598,2.171465085350939,-1.1793884259422895,-89.26495230116889,174.74259868554893,2.1849207302171356,-1.838499030217419,-145.68973192844942,142.8691161823234,2.163615959178992,-0.7949072401151306,-56.35049751858859,197.78414773062255,2.4771504165822873,-2.3224024151466662,-184.55161867704263,150.846888227542,2.2859764219729635,-0.42162807844912226,-33.68106358190975,168.1395627813085,2.356408946302714,-1.121913360390323,-89.26495230116923,-145.68973192844942,-56.35049751858859,hourly_window_mean_factor_top_available_analogs,2,6287.366837763158,,6287.366837763158,0.0,38.861886748593214,-22.669433936678843,3.3507699539002617e-13,38.861886748593214,-22.669433936678843,3.3507699539002617e-13,184.55161867704263,33.68106358190975,89.26495230116923,174.74259868554893,2.1849207302171356,197.78414773062255,2.4771504165822873,142.8691161823234,2.163615959178992,150.846888227542,2.2859764219729635,168.1395627813085,2.356408946302714,-7.977772045218586,-0.12236046279397161,-0.2922296863651517,-0.18494386095177484,184.55161867704263,33.68106358190975,89.26495230116923
experiment_2026_06_15_08_57,SEN_demand_NES,2025-01-01,New Year's Day,H3,I,observance_tier_depth,True,2025-01-01,12,True,True,3,False,2,6,3,pearson,PLS,minmax,3,{},2024-12-31 10:00:00,2025-01-02,100.72011760143252,2.51136057719112,349.192681,6.121,,14,24,3,4,3,3,0.08924462084582964,4008.2597366114487,3762.9557275178327,100.72011760143252,2.51136057719112,2.3381241301511135,93.37570759907834,101.82999499948149,2.223195369733507,1.798116721363718,83.83819994235407,100.0726891192373,2.679456948208061,2.6531284519437617,98.9392537321675,133.83101617404836,2.911610151482524,2.660846391932817,123.42516806788889,78.74384463994356,2.0435689151010634,1.9633528331153185,75.84685565893763,99.0391183630348,2.3633735811363383,2.2203241442586075,93.37570759907757,83.83819994235407,98.9392537321675,hourly_window_mean_factor_top_available_analogs,3,4197.857527192982,,4197.857527192982,0.0,-39.58696812553483,23.092398073229862,7.658902751772027e-13,-39.58696812553483,23.092398073229862,7.658902751772027e-13,-123.4251680678889,-75.84685565893764,-93.37570759907757,101.82999499948149,2.223195369733507,133.83101617404836,2.911610151482524,100.0726891192373,2.679456948208061,78.74384463994356,2.0435689151010634,99.0391183630348,2.3633735811363383,21.328844479293736,0.6358880331069976,-0.6884147817490169,0.14798699605478172,123.4251680678889,75.84685565893764,93.37570759907757
experiment_2026_06_15_08_57,SEN_demand_NES,2025-02-03,Constitution Day,H2,H,observance_tier_depth,True,2025-02-03,12,True,True,5,False,2,6,5,pearson,RidgeReg,standard,2,{},2025-02-02 10:00:00,2025-02-04,167.7382430917382,3.310538674187864,304.661293,5.587,,14,24,4,4,5,4,0.03990544681712924,4728.880852629267,4697.654547612517,167.7382430917382,3.310538674187864,1.5582925092612165,89.60429631810128,141.2689357751435,3.0165892047216043,-0.6510671042090654,-22.54175051512519,183.1786723597518,3.482009198043183,2.8470856171188808,155.02282363748338,143.8654619554149,3.105386203229659,-1.3505833908225091,-55.239280968315406,203.31070753736358,3.8555402176849576,3.2016276786471303,174.0963830685116,181.40982758611935,3.579167686043532,1.524497284632,89.60429631810166,-22.54175051512519,155.02282363748338,hourly_window_mean_factor_top_available_analogs,4,4915.9849984868415,,4915.9849984868415,0.0,32.69753045319021,-19.07355943102823,-3.8294513758860134e-13,32.69753045319021,-19.07355943102823,-3.8294513758860134e-13,55.2392809683154,-174.0963830685116,-89.60429631810166,141.2689357751435,3.0165892047216043,143.8654619554149,3.105386203229659,183.1786723597518,3.482009198043183,203.31070753736358,3.8555402176849576,181.40982758611935,3.579167686043532,-20.132035177611783,-0.3735310196417747,-0.08879699850805478,-0.26862901185566823,55.2392809683154,174.0963830685116,89.60429631810166
experiment_2026_06_15_08_57,SEN_demand_NES,2025-03-17,Benito Juarez's Birthday,H2,H,observance_tier_depth,True,2025-03-17,12,True,True,6,False,2,6,6,euclidian,RidgeReg,standard,2,{},2025-03-16 10:00:00,2025-03-18,205.96548413181225,3.8396013047533954,312.488592,5.53,,14,24,4,4,6,4,0.045931621744475216,5142.447000685125,5009.502012248838,205.96548413181225,3.8396013047533954,0.7381392038209388,57.31679457803358,112.12941458524776,2.2024177768840505,-1.43565205271932,-68.6996101473295,260.7031913673082,4.7946250293438455,2.006184103469423,130.82636400116203,262.6533574588516,4.914293548710266,0.863251405737518,62.97196429706472,207.38596049599906,3.934752021124385,0.6651243648249058,54.017945575264015,227.7476330612605,4.2956357418139195,0.7381185377927103,57.3167945780327,-68.6996101473295,130.82636400116203,hourly_window_mean_factor_top_available_analogs,4,5533.002233552632,,5533.002233552632,0.0,-131.67157444439422,76.80841842589803,8.855606306736407e-13,-131.67157444439422,76.80841842589803,8.855606306736407e-13,-62.97196429706473,-54.01794557526401,-57.31679457803269,112.12941458524776,2.2024177768840505,262.6533574588516,4.914293548710266,260.7031913673082,4.7946250293438455,207.38596049599906,3.934752021124385,227.7476330612605,4.2956357418139195,53.317230871309135,0.8598730082194606,-2.711875771826216,-0.45603443706052404,62.97196429706473,54.01794557526401,57.31679457803269
experiment_2026_06_15_08_57,SEN_demand_NES,2025-04-17,Maundy Thursday,H1,G,observance_tier_depth,True,2025-04-17,12,True,True,6,False,2,6,6,euclidian,RidgeReg,standard,2,{},2025-04-16 10:00:00,2025-04-18,779.8942033364822,10.80458598410097,277.71263,4.896,,14,24,4,4,6,4,0.06275828063849895,6509.200908781223,5990.3968937882955,779.8942033364822,10.80458598410097,10.364206762774142,748.3494354293025,339.89240412181516,4.384557202255709,3.189242172940028,254.27089123089914,1036.561919545038,14.549602773510708,14.549602773510708,1036.561919545038,600.0336920286035,7.669330571597705,7.669330571597705,600.0336920286035,834.8669524130449,11.599134825725239,11.599134825725239,834.8669524130449,748.3494354293033,10.151312205783517,10.151312205783517,748.3494354293033,254.27089123089914,1036.561919545038,hourly_window_mean_factor_top_available_analogs,4,5618.75830263158,,5618.75830263158,0.0,-345.7628007977044,201.69496713199314,-6.9408806187934e-13,-345.7628007977044,201.69496713199314,-6.9408806187934e-13,-600.0336920286036,-834.8669524130449,-748.3494354293032,339.89240412181516,4.384557202255709,600.0336920286035,7.669330571597705,1036.561919545038,14.549602773510708,834.8669524130449,11.599134825725239,748.3494354293033,10.151312205783517,201.69496713199317,2.9504679477854694,-3.2847733693419956,0.6532737783174536,600.0336920286036,834.8669524130449,748.3494354293032
experiment_2026_06_15_08_57,SEN_demand_NES,2025-04-18,Good Friday,H2,G,observance_tier_depth,True,2025-04-18,12,True,True,5,False,2,6,5,pearson,RidgeReg,standard,2,{},2025-04-17 10:00:00,2025-04-19,576.0459759227168,8.388443664017299,264.043006,4.657,,14,24,4,4,5,4,0.06816933926364226,6397.132262571033,5935.472033627199,576.0459759227168,8.388443664017299,6.8346070072188025,471.4463116394937,321.3400008654312,4.489855232614649,0.2722985927330149,37.42662638239712,724.6244613728,10.662620249002181,10.662620249002181,724.6244613728,350.94260945154645,4.75626944568316,3.235569379080513,250.83159811074438,600.1382278645974,8.78623118685242,8.78623118685242,600.1382278645974,508.3293158176838,7.301508440105851,6.7412505208311915,471.44631163949356,37.42662638239712,724.6244613728,hourly_window_mean_factor_top_available_analogs,4,5686.924035328948,,5686.924035328948,0.0,-213.40497172834725,124.48623350820269,7.180221329786275e-14,-213.40497172834725,124.48623350820269,7.180221329786275e-14,-250.83159811074438,-600.1382278645974,-471.4463116394936,321.3400008654312,4.489855232614649,350.94260945154645,4.75626944568316,724.6244613728,10.662620249002181,600.1382278645974,8.78623118685242,508.3293158176838,7.301508440105851,124.48623350820264,1.8763890621497605,-0.26641421306851143,1.0869352239114471,250.83159811074438,600.1382278645974,471.4463116394936
experiment_2026_06_15_08_57,SEN_demand_NES,2025-04-19,Holy Saturday,H3,G,observance_tier_depth,True,2025-04-19,12,True,True,7,False,2,7,7,pearson,RidgeReg,standard,2,{},2025-04-18 10:00:00,2025-04-20,271.49121309295543,4.13819928430206,278.672675,4.956,,14,24,4,4,7,4,0.058949823824129055,6653.417186838157,6557.63547566662,271.49121309295543,4.13819928430206,-1.2433958413995168,-85.42482762762994,76.09939655545688,1.1329213316478972,-0.03974651021224825,2.2499368677821883,385.46977273982947,5.891278090016988,-1.9455246179254235,-136.56844024995368,238.69190312692146,3.660426933616048,-3.194624697092885,-205.37448502912932,132.02093768315694,2.02168527340621,-0.22692993010137838,-15.454194143423441,171.32076705717546,2.6254322008519395,-1.3202911600456178,-85.42482762763086,2.2499368677821883,-136.56844024995368,hourly_window_mean_factor_top_available_analogs,4,6117.239038289474,,6117.239038289474,0.0,207.6244218969115,-121.11424610653023,9.334287728722159e-13,207.6244218969115,-121.11424610653023,9.334287728722159e-13,205.37448502912932,15.45419414342345,85.42482762763088,76.09939655545688,1.1329213316478972,238.69190312692146,3.660426933616048,385.46977273982947,5.891278090016988,132.02093768315694,2.02168527340621,171.32076705717546,2.6254322008519395,253.44883505667252,3.8695928166107785,-2.527505601968151,1.5127670834501208,205.37448502912932,15.45419414342345,85.42482762763088
experiment_2026_06_15_08_57,SEN_demand_NES,2025-05-01,Labor Day,H2,F,observance_tier_depth,True,2025-05-01,12,True,True,6,False,2,8,6,pearson,PLS,minmax,3,{},2025-04-30 10:00:00,2025-05-02,568.9349026528747,6.887018907688249,244.91071,4.628,,14,24,4,4,6,4,0.05499436151280496,7380.8156183846995,7292.447880245935,568.9349026528747,6.887018907688249,5.001080904943209,428.98011793108975,994.7217505202768,11.522502624903124,11.522502624903124,994.7217505202768,320.5592413968903,4.182986739312905,1.1969182349665897,98.96416558739718,835.3801109342345,9.651250546559906,9.651250546559906,835.3801109342345,359.09948525435567,4.737252179751452,2.511247499893812,191.91345534592242,534.5712947153637,6.547672630680882,5.141774938139214,428.98011793109,994.7217505202768,98.96416558739718,hourly_window_mean_factor_top_available_analogs,4,5493.328904078948,,5493.328904078948,0.0,159.34163958604236,-92.94928975852524,-3.3507699539002617e-13,159.34163958604236,-92.94928975852524,-3.3507699539002617e-13,-835.3801109342345,-191.91345534592242,-428.9801179310901,994.7217505202768,11.522502624903124,835.3801109342345,9.651250546559906,320.5592413968903,4.182986739312905,359.09948525435567,4.737252179751452,534.5712947153637,6.547672630680882,-38.540243857465384,-0.554265440438547,1.8712520783432183,0.3393462770073672,835.3801109342345,191.91345534592242,428.9801179310901
experiment_2026_06_15_08_57,SEN_demand_NES,2025-09-16,Independence Day,H2,H,observance_tier_depth,True,2025-09-16,12,True,True,6,False,2,8,6,pearson,PLS,minmax,3,{},2025-09-15 10:00:00,2025-09-17,854.7942058278828,11.733875301637019,262.53835,4.59,,14,24,4,4,6,4,0.04810817636049157,6285.59610627738,6245.991503110185,854.7942058278828,11.733875301637019,11.733875301637019,854.7942058278828,1022.5790547217124,13.785049556332709,13.785049556332709,1022.5790547217124,756.9197106398155,10.537356986397866,10.537356986397866,756.9197106398155,931.8293646967362,12.574799017380114,12.574799017380114,931.8293646967362,809.8570298210516,11.398406941779916,11.398406941779916,809.8570298210516,854.7942058278828,11.831814548579988,11.831814548579988,854.7942058278828,1022.5790547217124,756.9197106398155,hourly_window_mean_factor_top_available_analogs,4,5563.5131480921045,,5563.5131480921045,0.0,90.74969002497619,-52.937319181236035,4.786814219857517e-14,90.74969002497619,-52.937319181236035,4.786814219857517e-14,-931.8293646967362,-809.8570298210516,-854.7942058278828,1022.5790547217124,13.785049556332709,931.8293646967362,12.574799017380114,756.9197106398155,10.537356986397866,809.8570298210516,11.398406941779916,854.7942058278828,11.831814548579988,-52.937319181236035,-0.8610499553820503,1.2102505389525948,-0.0979392469429694,931.8293646967362,809.8570298210516,854.7942058278828
experiment_2026_06_15_08_57,SEN_demand_NES,2025-11-17,Mexican Revolution Day,H2,F,observance_tier_depth,True,2025-11-17,12,True,True,6,False,2,8,6,pearson,PLS,minmax,3,{},2025-11-16 10:00:00,2025-11-18,426.195073318463,7.150533106660148,321.251019,5.279,,14,24,4,4,6,4,0.06356673686789346,5411.922741737432,5298.947719203769,426.195073318463,7.150533106660148,6.1587679119902745,375.75268668362037,272.88218478514733,4.689106517427815,1.9971724176095882,135.96713534771712,515.6275916295639,8.586365283712341,8.586365283712341,515.6275916295639,366.1981189582111,6.110546547310132,5.751860866741751,348.16630459250274,391.84474290343906,6.544120980505126,6.544120980505126,391.84474290343906,382.39598671309193,6.384383031433287,6.252235675434409,375.7526866836204,135.96713534771712,515.6275916295639,hourly_window_mean_factor_top_available_analogs,4,5263.518139144737,,5263.518139144737,0.0,-212.19916924478562,123.78284872612475,-1.1967035549643792e-13,-212.19916924478562,123.78284872612475,-1.1967035549643792e-13,-348.16630459250274,-391.8447429034391,-375.7526866836205,272.88218478514733,4.689106517427815,366.1981189582111,6.110546547310132,515.6275916295639,8.586365283712341,391.84474290343906,6.544120980505126,382.39598671309193,6.384383031433287,123.78284872612483,2.042244303207215,-1.4214400298823167,0.7661500752268608,348.16630459250274,391.8447429034391,375.7526866836205
experiment_2026_06_15_08_57,SEN_demand_NES,2025-12-24,Christmas Eve,H1,G,observance_tier_depth,True,2025-12-24,12,True,True,6,False,2,8,6,pearson,PLS,standard,2,{},2025-12-23 10:00:00,2025-12-25,107.32790070389942,2.0910695675137494,330.460061,5.323,,14,24,4,4,6,4,0.08602969568351614,5203.633395522783,4832.890029069116,107.32790070389942,2.0910695675137494,1.4149661149687254,70.2124631614278,70.9567472977221,1.222362547212922,-0.21723184561456882,-12.02865872906867,128.54440685750285,2.5978153293558983,2.3670815919756465,118.18645093088408,96.8185698287288,1.6576655774448343,0.5627282520487016,34.27814082243997,109.49893480799842,2.186797093387844,1.7861580062869968,91.17415119250386,104.8272213945833,1.9918539033035778,1.3354207284097301,70.21246316142769,-12.02865872906867,118.18645093088408,hourly_window_mean_factor_top_available_analogs,4,5068.205883618421,,5068.205883618421,0.0,-46.30679955150864,27.012299738380232,1.1967035549643792e-13,-46.30679955150864,27.012299738380232,1.1967035549643792e-13,-34.278140822439966,-91.17415119250384,-70.21246316142769,70.9567472977221,1.222362547212922,96.8185698287288,1.6576655774448343,128.54440685750285,2.5978153293558983,109.49893480799842,2.186797093387844,104.8272213945833,1.9918539033035778,19.045472049504426,0.4110182359680543,-0.4353030302319123,0.09921566421017158,34.278140822439966,91.17415119250384,70.21246316142769
experiment_2026_06_15_08_57,SEN_demand_NES,2025-12-25,Christmas Day,H2,I,observance_tier_depth,True,2025-12-25,12,True,True,6,False,2,8,6,pearson,PLS,minmax,3,{},2025-12-24 10:00:00,2025-12-26,265.8876341148019,6.32493677982326,309.385647,4.861,,14,24,4,4,6,4,0.08253219342587756,4754.160790875133,4607.429435218032,265.8876341148019,6.32493677982326,-5.976134794388702,-248.24673692776454,107.0829972235504,2.2279372443321144,-1.2811889981525975,-59.2005620015918,358.52367230136537,8.714853175526429,-8.714853175526429,-358.52367230136537,226.45770168870123,4.641933267071769,-4.641933267071769,-226.45770168870123,260.9570074838849,6.3699091057337185,-6.3699091057337185,-260.9570074838849,248.24673692776463,5.733286428331947,-5.733286428331947,-248.24673692776463,-59.2005620015918,-358.52367230136537,hourly_window_mean_factor_top_available_analogs,4,4154.84264125,,4154.84264125,0.0,167.25713968710943,-97.56666481748043,4.786814219857517e-14,167.25713968710943,-97.56666481748043,4.786814219857517e-14,226.45770168870123,260.9570074838849,248.2467369277646,107.0829972235504,2.2279372443321144,226.45770168870123,4.641933267071769,358.52367230136537,8.714853175526429,260.9570074838849,6.3699091057337185,248.24673692776463,5.733286428331947,97.56666481748044,2.34494406979271,-2.4139960227396546,0.591650351491313,226.45770168870123,260.9570074838849,248.2467369277646
experiment_2026_06_15_08_57,SEN_demand_NES,2025-12-31,New Year's Eve,H1,G,observance_tier_depth,True,2025-12-31,12,True,True,6,False,2,8,6,pearson,PLS,standard,2,{},2025-12-30 10:00:00,2026-01-01,306.8281734455202,6.846449702281413,313.997749,4.981,,14,24,4,4,6,4,0.05257560159958463,5028.743005445772,4910.309725443113,306.8281734455202,6.846449702281413,-5.945530242222678,-261.19264755103455,181.16663704088504,3.605515536697474,-2.2072301457533716,-107.39095116461418,380.130736348224,8.736994632205379,-8.126205298496442,-350.91030377644637,250.12075914444026,4.977482779420289,-4.321176646758778,-215.56069262954387,363.7135352491332,8.301788958715647,-6.705376810473993,-287.8112879219047,321.86356510529896,7.077044576869989,-5.826987276473652,-261.19264755103495,-107.39095116461418,-350.91030377644637,hourly_window_mean_factor_top_available_analogs,4,5017.81144743421,,5017.81144743421,0.0,108.16974146492969,-63.09901585454164,4.308132797871765e-13,108.16974146492969,-63.09901585454164,4.308132797871765e-13,215.56069262954387,287.81128792190475,261.192647551035,181.16663704088504,3.605515536697474,250.12075914444026,4.977482779420289,380.130736348224,8.736994632205379,363.7135352491332,8.301788958715647,321.86356510529896,7.077044576869989,16.41720109909079,0.4352056734897314,-1.3719672427228153,-0.23059487458857575,215.56069262954387,287.81128792190475,261.192647551035
experiment_2026_06_15_08_57,SEN_demand_NES,2026-01-01,New Year's Day,H3,I,observance_tier_depth,True,2026-01-01,12,True,True,6,False,2,8,6,pearson,PLS,standard,2,{},2025-12-31 10:00:00,2026-01-02,521.5945841132576,13.342541816675544,324.675492,5.256,,14,24,4,4,6,4,0.08489472699506968,4581.043098060628,4457.839817013192,521.5945841132576,13.342541816675544,-13.342541816675544,-521.5945841132576,398.032725570513,9.189310362272662,-9.189310362272662,-398.032725570513,593.6723349298586,15.765260165077224,-15.765260165077224,-593.6723349298586,585.5301020386986,13.405366403284868,-13.405366403284868,-585.5301020386986,484.2988653234201,12.581060603241882,-12.581060603241882,-484.2988653234201,521.5945841132595,12.884752213784031,-12.884752213784031,-521.5945841132595,-398.032725570513,-593.6723349298586,hourly_window_mean_factor_top_available_analogs,4,4262.173024605263,,4262.173024605263,0.0,187.49737646818554,-109.37346960643852,1.9147256879430067e-12,187.49737646818554,-109.37346960643852,1.9147256879430067e-12,585.5301020386985,484.2988653234201,521.5945841132595,398.032725570513,9.189310362272662,585.5301020386986,13.405366403284868,593.6723349298586,15.765260165077224,484.2988653234201,12.581060603241882,521.5945841132595,12.884752213784031,109.3734696064385,3.1841995618353423,-4.216056041012205,0.4577896028915127,585.5301020386985,484.2988653234201,521.5945841132595
experiment_2026_06_15_08_57,SEN_demand_NES,2026-02-02,Constitution Day,H2,H,observance_tier_depth,True,2026-02-02,12,True,True,8,False,2,8,8,pearson,RidgeReg,,2,{},2026-02-01 10:00:00,2026-02-03,424.67198061804504,8.520188844395493,333.68242,6.314,,14,24,4,4,8,4,0.04959617604680664,5475.8174374913915,5466.852797114083,424.67198061804504,8.520188844395493,-8.128503662003494,-403.6099040703374,367.1584132768675,7.315895510367625,-6.596438989201543,-327.81919742391716,458.2215615670654,9.22269328924508,-9.0222080544713,-447.8211496140827,339.9043527715948,6.714485934884151,-6.714485934884151,-339.9043527715948,440.7714756612729,8.809737412498954,-8.809737412498954,-440.7714756612729,403.60990407033887,8.037802657588236,-8.037802657588236,-403.60990407033887,-327.81919742391716,-447.8211496140827,hourly_window_mean_factor_top_available_analogs,4,4843.449218157895,,4843.449218157895,0.0,12.085155347677626,-7.049673952809788,1.3642420526593924e-12,12.085155347677626,-7.049673952809788,1.3642420526593924e-12,339.9043527715948,440.7714756612729,403.60990407033876,367.1584132768675,7.315895510367625,339.9043527715948,6.714485934884151,458.2215615670654,9.22269328924508,440.7714756612729,8.809737412498954,403.60990407033887,8.037802657588236,17.45008590579249,0.41295587674612655,0.6014095754834736,0.48238618680725764,339.9043527715948,440.7714756612729,403.60990407033876
experiment_2026_06_15_08_57,SEN_demand_NES,2026-03-16,Benito Juarez's Birthday,H2,H,observance_tier_depth,True,2026-03-16,12,True,True,5,False,2,8,5,pearson,RidgeReg,,2,{},2026-03-15 10:00:00,2026-03-17,547.8984298848684,9.579051582859211,305.724182,5.695,,14,24,4,4,5,4,0.05310293777988915,5519.385117736149,5268.410615450172,547.8984298848684,9.579051582859211,0.46812867494223265,100.53424542174595,634.3201649640139,9.478767487519727,6.036547802488623,444.0750104878913,497.48575108870017,9.63755063847391,-2.780115816126495,-99.86453420017217,727.8932441613797,10.686178820578794,9.638136338492941,671.0644474136072,637.1360559026652,12.363373693351463,-5.671652049028914,-232.27503907350737,670.5729147348233,11.74545979285627,-0.031203695731389106,100.5342454217454,444.0750104878913,-99.86453420017217,hourly_window_mean_factor_top_available_analogs,4,6226.121540526316,,6226.121540526316,0.0,-226.98943692571598,132.41050487333519,5.504836352836145e-13,-226.98943692571598,132.41050487333519,5.504836352836145e-13,-671.0644474136072,232.27503907350734,-100.5342454217454,634.3201649640139,9.478767487519727,727.8932441613797,10.686178820578794,497.48575108870017,9.63755063847391,637.1360559026652,12.363373693351463,670.5729147348233,11.74545979285627,-139.65030481396508,-2.7258230548775533,-1.207411333059067,-2.1664082099970585,671.0644474136072,232.27503907350734,100.5342454217454
experiment_2026_06_15_08_57,SEN_demand_NES,2026-04-02,Maundy Thursday,H1,G,observance_tier_depth,True,2026-04-02,12,True,True,5,False,2,8,5,pearson,RidgeReg,,2,{},2026-04-01 10:00:00,2026-04-03,234.83377393655093,3.0518608525139617,308.759512,5.857,,14,24,4,4,5,4,0.06250034346284672,7252.54297893463,7018.076075006873,234.83377393655093,3.0518608525139617,2.9117702207250615,224.51450264431898,212.76845718921984,2.698354369419436,2.698354369419436,212.76845718921984,247.7052087058274,3.2580729676524363,3.036262800653344,231.3663624931268,121.20062238764955,1.5143768595165443,0.8500755957050539,71.93263188086401,324.47244844898165,4.331050302220796,4.1788173748864255,313.5205939229986,249.58282832112252,3.2933285075402825,2.95243882466171,224.51450264431745,212.76845718921984,231.3663624931268,hourly_window_mean_factor_top_available_analogs,4,6480.754960855263,,6480.754960855263,0.0,140.83582530835585,-82.15423142987181,1.5317805503544054e-12,140.83582530835585,-82.15423142987181,1.5317805503544054e-12,-71.932631880864,-313.5205939229986,-224.51450264431745,212.76845718921984,2.698354369419436,121.20062238764955,1.5143768595165443,247.7052087058274,3.2580729676524363,324.47244844898165,4.331050302220796,249.58282832112252,3.2933285075402825,-76.76723974315425,-1.07297733456836,1.1839775099028917,-0.24146765502632084,71.932631880864,313.5205939229986,224.51450264431745
experiment_2026_06_15_08_57,SEN_demand_NES,2026-04-03,Good Friday,H2,G,observance_tier_depth,True,2026-04-03,12,True,True,5,False,2,8,5,pearson,RidgeReg,,2,{},2026-04-02 10:00:00,2026-04-04,265.19384586740927,3.819341305461692,292.318565,5.493,,14,24,4,4,5,4,0.06061087184109065,7283.955178597165,7138.260418808325,265.19384586740927,3.819341305461692,-3.77530497196888,-262.3031707024284,107.62015094530794,1.4246068270577876,-1.3594109614463583,-103.20682966374645,357.11183457196836,5.216269751197303,-5.184576478107016,-355.1093696416596,387.90515635748204,5.346208594458206,-5.346208594458206,-387.90515635748204,189.03534573698036,2.8235929367523984,-2.8235929367523984,-189.03534573698036,262.3031707024283,3.7529776527492764,-3.7529776527492764,-262.3031707024283,-103.20682966374645,-355.1093696416596,hourly_window_mean_factor_top_available_analogs,4,6752.282475131578,,6752.282475131578,0.0,284.69832669373557,-166.07402390467925,-9.573628439715034e-14,284.69832669373557,-166.07402390467925,-9.573628439715034e-14,387.90515635748204,189.03534573698036,262.3031707024283,107.62015094530794,1.4246068270577876,387.90515635748204,5.346208594458206,357.11183457196836,5.216269751197303,189.03534573698036,2.8235929367523984,262.3031707024283,3.7529776527492764,168.076488834988,2.3926768144449047,-3.9216017674004187,0.06636365271241562,387.90515635748204,189.03534573698036,262.3031707024283
experiment_2026_06_15_08_57,SEN_demand_NES,2026-04-04,Holy Saturday,H3,G,observance_tier_depth,True,2026-04-04,12,True,True,5,False,2,9,5,pearson,LassoReg,,2,{},2026-04-03 10:00:00,2026-04-05,353.8975453719711,5.562661997658582,276.166021,5.328,,14,24,4,4,5,4,0.06318688879961444,6796.59745300355,6642.69297570316,353.8975453719711,5.562661997658582,-5.562661997658582,-353.8975453719711,254.73023980421854,3.7311634669835034,-3.7311634669835034,-254.73023980421854,411.7451402864934,6.631036140552378,-6.631036140552378,-411.7451402864934,440.9555296310908,6.561473926922767,-6.561473926922767,-440.9555296310908,303.11372122081815,4.853451285612866,-4.853451285612866,-303.11372122081815,353.89754537197115,5.48272278504283,-5.48272278504283,-353.89754537197115,-254.73023980421854,-411.7451402864934,hourly_window_mean_factor_top_available_analogs,4,6110.189575986842,,6110.189575986842,0.0,186.22528982687228,-108.6314190656753,1.1967035549643792e-13,186.22528982687228,-108.6314190656753,1.1967035549643792e-13,440.9555296310908,303.1137212208181,353.8975453719712,254.73023980421854,3.7311634669835034,440.9555296310908,6.561473926922767,411.7451402864934,6.631036140552378,303.11372122081815,4.853451285612866,353.89754537197115,5.48272278504283,108.63141906567523,1.7775848549395112,-2.830310459939264,0.0799392126157521,440.9555296310908,303.1137212208181,353.8975453719712
experiment_2026_06_15_08_57,SEN_demand_NES,2026-05-01,Labor Day,H2,F,observance_tier_depth,True,2026-05-01,12,True,True,3,False,2,10,3,pearson,LassoReg,,2,{},2026-04-30 10:00:00,2026-05-02,1097.416950177421,14.340037924470682,331.262106,6.46,,14,24,3,4,3,3,0.060292975330968786,8964.43169175637,8394.704824945098,1097.416950177421,14.340037924470682,-14.340037924470682,-1097.416950177421,982.4775791471177,10.900832498457913,-10.900832498457913,-982.4775791471177,1164.464916611765,16.346241089644796,-16.346241089644796,-1164.464916611765,531.632009511196,5.944223484713731,-5.944223484713731,-531.632009511196,1427.458165566055,20.323696993240926,-20.323696993240926,-1427.458165566055,1097.4169501774224,15.025996226941428,-15.025996226941428,-1097.4169501774224,-982.4775791471177,-1164.464916611765,hourly_window_mean_factor_top_available_analogs,3,6045.138209298246,,6045.138209298246,0.0,-450.8455696359218,262.99324895429027,1.6275168347515558e-12,-450.8455696359218,262.99324895429027,1.6275168347515558e-12,531.632009511196,1427.4581655660552,1097.4169501774227,982.4775791471177,10.900832498457913,531.632009511196,5.944223484713731,1164.464916611765,16.346241089644796,1427.458165566055,20.323696993240926,1097.4169501774224,15.025996226941428,-262.99324895429004,-3.9774559035961303,4.956609013744181,-0.6859583024707465,531.632009511196,1427.4581655660552,1097.4169501774227
experiment_2026_06_15_08_57,SEN_demand_NOR,2025-01-01,New Year's Day,H3,I,observance_tier_depth,True,2025-01-01,12,True,True,3,False,2,6,3,pearson,RidgeReg,standard,2,{},2024-12-31 10:00:00,2025-01-02,40.52079304746848,2.1180677918097066,75.619731,3.27,,14,24,3,4,3,3,0.0930418878438851,1835.7662172227954,1720.732036520848,40.52079304746848,2.1180677918097066,1.1613976753889288,24.712339882467937,50.72853052059991,2.381464589058344,2.068755495098505,44.43257443100962,34.566279521475145,1.9644196600813346,0.6321056138916759,13.208869729151957,49.01030247974789,2.3190331356889047,1.386313168897613,30.240184269782876,34.459071150868255,1.953983021877627,1.1444870829665705,21.487763989867336,39.8200511141397,2.0884751690712555,1.23358090409906,24.7123398824678,44.43257443100962,13.208869729151957,hourly_window_mean_factor_top_available_analogs,3,1851.8308731578948,,1851.8308731578948,0.0,14.19239016122674,-8.278894260715381,1.3762090882090361e-13,14.19239016122674,-8.278894260715381,1.3762090882090361e-13,-30.24018426978288,-21.48776398986734,-24.7123398824678,50.72853052059991,2.381464589058344,49.01030247974789,2.3190331356889047,34.566279521475145,1.9644196600813346,34.459071150868255,1.953983021877627,39.8200511141397,2.0884751690712555,0.10720837060689092,0.010436638203707549,0.06243145336943945,0.02959262273845109,30.24018426978288,21.48776398986734,24.7123398824678
experiment_2026_06_15_08_57,SEN_demand_NOR,2025-02-03,Constitution Day,H2,H,observance_tier_depth,True,2025-02-03,12,True,True,2,False,2,6,2,pearson,LassoReg,,2,{},2025-02-02 10:00:00,2025-02-04,24.06234948406324,1.207408863461301,76.235499,3.393,,14,24,2,4,2,2,0.0632666559953959,1947.1562915094564,1930.224214543888,24.06234948406324,1.207408863461301,-0.019165142332140003,0.5841374379113787,29.88032331609848,1.5461192345391621,-1.4229191355598751,-27.446747021860997,20.66853141537602,1.0098278136658816,0.7996913537173723,16.93548670611193,26.250988461352318,1.3405581424401027,-1.1946353706671433,-23.392795205312805,16.569003898180416,0.8105293245363678,0.7023755517962748,14.570681479793175,20.136050842506908,1.0058030995535334,0.003476790888699589,0.5841374379120249,-27.446747021860997,16.93548670611193,hourly_window_mean_factor_top_available_analogs,2,1997.683383815789,,1997.683383815789,0.0,-4.053951816548192,2.364805226318756,-6.462199196807648e-13,-4.053951816548192,2.364805226318756,-6.462199196807648e-13,23.392795205312805,-14.570681479793175,-0.584137437912025,29.88032331609848,1.5461192345391621,26.250988461352318,1.3405581424401027,20.66853141537602,1.0098278136658816,16.569003898180416,0.8105293245363678,20.136050842506908,1.0058030995535334,4.099527517195604,0.19929848912951376,0.20556109209905937,0.20160576390776752,23.392795205312805,14.570681479793175,0.584137437912025
experiment_2026_06_15_08_57,SEN_demand_NOR,2025-03-17,Benito Juarez's Birthday,H2,H,observance_tier_depth,True,2025-03-17,12,True,True,2,False,2,6,2,pearson,LassoReg,,2,{},2025-03-16 10:00:00,2025-03-18,52.941095419215664,2.418028972731008,75.29941,3.359,,14,24,2,4,2,2,0.06384725623713501,2068.0149191117584,2065.43143326324,52.941095419215664,2.418028972731008,2.33807763569298,51.384238782978244,34.64107000399032,1.621822831813505,1.4279572752066216,30.841209433637864,63.61611024476378,2.8824825549328836,2.868981179310022,63.36767257009347,31.150423496952175,1.4672704851002496,1.2848012223396288,27.572555826031184,65.40535095519279,2.9634051433240494,2.956287900747812,65.27438717453099,52.7851145232094,2.4121976376626493,2.340477019229007,51.38423878297843,30.841209433637864,63.36767257009347,hourly_window_mean_factor_top_available_analogs,2,1978.9961899999998,,1978.9961899999998,0.0,3.2686536076066823,-1.906714604437525,-1.8548905101947878e-13,3.2686536076066823,-1.906714604437525,-1.8548905101947878e-13,-27.57255582603118,-65.274387174531,-51.38423878297843,34.64107000399032,1.621822831813505,31.150423496952175,1.4672704851002496,63.61611024476378,2.8824825549328836,65.40535095519279,2.9634051433240494,52.7851145232094,2.4121976376626493,-1.7892407104290058,-0.08092258839116573,0.15455234671325546,0.005831335068358534,27.57255582603118,65.274387174531,51.38423878297843
experiment_2026_06_15_08_57,SEN_demand_NOR,2025-04-17,Maundy Thursday,H1,G,observance_tier_depth,True,2025-04-17,12,True,True,2,False,2,6,2,pearson,LassoReg,,2,{},2025-04-16 10:00:00,2025-04-18,132.65941578012408,4.3742940289434085,76.705368,3.417,,14,24,2,4,2,2,0.054317913629685494,3117.0151084158515,3013.4666838486537,132.65941578012408,4.3742940289434085,-2.3984506085837407,-66.5633244684836,97.96019198912794,2.861742711468247,1.2797624144786754,46.459777326093864,152.90062965820513,5.25661563080392,-4.544074872036817,-132.49346718198714,149.42874286159199,4.3170675103075595,3.615826179946233,128.87622970096066,197.50752969193385,7.073011596294464,-6.5516249199779955,-180.56973106732525,179.79429243865002,6.057663775141394,-2.8057218831638058,-66.56332446848307,46.459777326093864,-132.49346718198714,hourly_window_mean_factor_top_available_analogs,2,2156.6688634210527,,2156.6688634210527,0.0,-82.4164523748668,48.07626388533811,-5.385165997339706e-13,-82.4164523748668,48.07626388533811,-5.385165997339706e-13,-128.87622970096066,180.56973106732525,66.56332446848306,97.96019198912794,2.861742711468247,149.42874286159199,4.3170675103075595,152.90062965820513,5.25661563080392,197.50752969193385,7.073011596294464,179.79429243865002,6.057663775141394,-44.60690003372872,-1.8163959654905435,-1.4553247988393125,-1.683369746197986,128.87622970096066,180.56973106732525,66.56332446848306
experiment_2026_06_15_08_57,SEN_demand_NOR,2025-04-18,Good Friday,H2,G,observance_tier_depth,True,2025-04-18,12,True,True,2,False,2,6,2,pearson,RidgeReg,,2,{},2025-04-17 10:00:00,2025-04-19,426.2040843166002,16.25676986743138,81.319021,3.483,,14,24,2,4,2,2,0.06132570182048191,3086.0313030008106,2977.3100798723485,426.2040843166002,16.25676986743138,-16.25676986743138,-426.2040843166002,340.33957836388834,11.601110236818968,-11.601110236818968,-340.33957836388834,476.2917127890153,18.972571318621956,-18.972571318621956,-476.2917127890153,274.5003752046739,9.537410960366374,-9.537410960366374,-274.5003752046739,514.6979146318903,20.807405704058386,-20.807405704058386,-514.6979146318903,426.2040843166,16.65530237743501,-16.65530237743501,-426.2040843166,-340.33957836388834,-476.2917127890153,hourly_window_mean_factor_top_available_analogs,2,2117.2952134210527,,2117.2952134210527,0.0,-65.83920315921442,38.40620184287485,-1.436044265957255e-13,-65.83920315921442,38.40620184287485,-1.436044265957255e-13,274.5003752046739,514.6979146318902,426.2040843166,340.33957836388834,11.601110236818968,274.5003752046739,9.537410960366374,476.2917127890153,18.972571318621956,514.6979146318903,20.807405704058386,426.2040843166,16.65530237743501,-38.406201842874964,-1.8348343854364302,2.063699276452594,-0.3985325100036299,274.5003752046739,514.6979146318902,426.2040843166
experiment_2026_06_15_08_57,SEN_demand_NOR,2025-04-19,Holy Saturday,H3,G,observance_tier_depth,True,2025-04-19,12,True,True,7,False,2,7,7,euclidian,PCR,,3,{},2025-04-18 10:00:00,2025-04-20,121.11349766898907,4.926827024115471,95.05763,3.975,,14,24,4,4,7,4,0.0639966065136525,2465.971991616307,2365.676665666364,121.11349766898907,4.926827024115471,-1.1446222327398914,-30.986713721570187,163.25996753049503,6.587540666345157,-6.587540666345157,-163.25996753049503,96.52805691644396,3.9580773994814877,2.0304135201965137,46.17268433363597,154.37378709728296,6.270371427363092,-6.270371427363092,-154.37378709728296,56.24276082803484,2.1955614537796717,1.5416079997777477,40.989079080928754,92.39629682196835,3.696807233520932,-1.33648968390572,-30.986713721570297,-163.25996753049503,46.17268433363597,hourly_window_mean_factor_top_available_analogs,4,2430.7261612499997,,2430.7261612499997,0.0,-8.886180433212076,5.183605252707214,1.0770331994679413e-13,-8.886180433212076,5.183605252707214,1.0770331994679413e-13,154.37378709728296,-40.989079080928754,30.986713721570293,163.25996753049503,6.587540666345157,154.37378709728296,6.270371427363092,96.52805691644396,3.9580773994814877,56.24276082803484,2.1955614537796717,92.39629682196835,3.696807233520932,40.28529608840912,1.762515945701816,0.31716923898206417,1.2300197905945387,154.37378709728296,40.989079080928754,30.986713721570293
experiment_2026_06_15_08_57,SEN_demand_NOR,2025-05-01,Labor Day,H2,F,observance_tier_depth,True,2025-05-01,12,True,True,2,False,2,8,2,pearson,RidgeReg,,2,{},2025-04-30 10:00:00,2025-05-02,136.81711567220847,4.7027207215542175,105.907798,4.41,,14,24,2,4,2,2,0.06945787699374333,2814.0140243227543,2791.0571273152914,136.81711567220847,4.7027207215542175,1.2346857613944002,52.04300462461461,214.4216022358818,6.708628430508093,6.708628430508093,214.4216022358818,91.54783184339908,3.532607891331123,-1.9584474622552535,-42.67784398195791,175.946440574749,5.43088361671704,5.270353973913579,171.8753170437514,118.68308939129548,4.492643239952475,-1.242833583876245,-17.859177619882626,139.78011351151517,4.838310747181526,1.1567618321515851,52.04300462461412,214.4216022358818,-42.67784398195791,hourly_window_mean_factor_top_available_analogs,2,2608.6187492105264,,2608.6187492105264,0.0,42.54628519213039,-24.818666362075287,4.906484575353955e-13,42.54628519213039,-24.818666362075287,4.906484575353955e-13,-171.8753170437514,17.859177619882626,-52.04300462461412,214.4216022358818,6.708628430508093,175.946440574749,5.43088361671704,91.54783184339908,3.532607891331123,118.68308939129548,4.492643239952475,139.78011351151517,4.838310747181526,-27.1352575478964,-0.9600353486213518,1.2777448137910534,-0.13559002562730882,171.8753170437514,17.859177619882626,52.04300462461412
experiment_2026_06_15_08_57,SEN_demand_NOR,2025-09-16,Independence Day,H2,H,observance_tier_depth,True,2025-09-16,12,True,True,2,False,2,8,2,pearson,RidgeReg,,2,{},2025-09-15 10:00:00,2025-09-17,150.4461383092611,3.6941839226176496,110.945084,4.504,,14,24,2,4,2,2,0.09159264999715855,4166.767673185861,4049.3457190499284,150.4461383092611,3.6941839226176496,-1.3671031182979292,-64.9675797648079,75.73725647602721,1.814496906651036,0.9216258964639935,35.041241152541325,194.02631937864757,4.790668015264842,-2.7021950435757183,-123.3060586332616,91.18170964971425,2.0291491380049895,1.7939975572057278,81.023439432861,150.1290076301156,3.7402077747974887,-3.7402077747974887,-150.1290076301156,128.41158205838877,3.109817750716042,-1.7012900209015664,-64.96757976480843,35.041241152541325,-123.3060586332616,hourly_window_mean_factor_top_available_analogs,2,3861.0872624999997,,3861.0872624999997,0.0,-45.98219828031967,26.822948996854013,5.504836352836145e-13,-45.98219828031967,26.822948996854013,5.504836352836145e-13,-81.023439432861,150.1290076301156,64.96757976480845,75.73725647602721,1.814496906651036,91.18170964971425,2.0291491380049895,194.02631937864757,4.790668015264842,150.1290076301156,3.7402077747974887,128.41158205838877,3.109817750716042,43.89731174853196,1.0504602404673533,-0.21465223135395362,0.5843661719016078,81.023439432861,150.1290076301156,64.96757976480845
experiment_2026_06_15_08_57,SEN_demand_NOR,2025-11-17,Mexican Revolution Day,H2,F,observance_tier_depth,True,2025-11-17,12,True,True,2,False,2,8,2,pearson,RidgeReg,,2,{},2025-11-16 10:00:00,2025-11-18,91.25611026732594,3.4196516851982226,118.176215,4.536,,14,24,2,4,2,2,0.07549017871138904,2662.4787744675145,2646.416131405879,91.25611026732594,3.4196516851982226,-2.6289528221662413,-73.62132420435647,49.90108444971789,1.822993050354846,-1.26277817219564,-36.66882900174645,115.37987532759729,4.351035888856859,-3.425888034649091,-95.17694640587898,90.06958921236358,3.510115338299254,-3.510115338299254,-90.06958921236358,71.10271788913515,2.9662094915407327,-2.721071148538657,-64.02650294968589,78.09051258716669,3.166595856135977,-3.011771639503087,-73.62132420435663,-36.66882900174645,-95.17694640587898,hourly_window_mean_factor_top_available_analogs,2,2472.405771710526,,2472.405771710526,0.0,53.400760210617136,-31.150443456193084,1.555714621453693e-13,53.400760210617136,-31.150443456193084,1.555714621453693e-13,90.06958921236358,64.02650294968589,73.62132420435663,49.90108444971789,1.822993050354846,90.06958921236358,3.510115338299254,115.37987532759729,4.351035888856859,71.10271788913515,2.9662094915407327,78.09051258716669,3.166595856135977,44.27715743846214,1.3848263973161261,-1.6871222879444079,0.2530558290622458,90.06958921236358,64.02650294968589,73.62132420435663
experiment_2026_06_15_08_57,SEN_demand_NOR,2025-12-24,Christmas Eve,H1,G,observance_tier_depth,True,2025-12-24,12,True,True,4,False,2,8,4,euclidian,LassoReg,,2,{},2025-12-23 10:00:00,2025-12-25,154.03080733617404,6.667370705986576,112.339263,4.396,,14,24,4,4,4,4,0.061309405568605625,2438.2017853397733,2337.323291621249,154.03080733617404,6.667370705986576,-5.795081078823661,-135.3767163924049,184.90288885724337,7.759902458398913,-7.759902458398913,-184.90288885724337,136.02209311555032,6.03006051707938,-4.648935274071432,-106.4864491212491,153.22025390058667,6.441423242638529,-6.441423242638529,-153.22025390058667,125.4466588409561,5.635071999139387,-5.6157947775758,-124.96798617929882,135.67903596818843,5.932148773060123,-5.919973685756806,-135.3767163924049,-184.90288885724337,-106.4864491212491,hourly_window_mean_factor_top_available_analogs,4,2272.5189789473684,,2272.5189789473684,0.0,-31.68263495665669,18.481537058049735,0.0,-31.68263495665669,18.481537058049735,0.0,153.22025390058667,124.96798617929883,135.3767163924049,184.90288885724337,7.759902458398913,153.22025390058667,6.441423242638529,136.02209311555032,6.03006051707938,125.4466588409561,5.635071999139387,135.67903596818843,5.932148773060123,10.575434274594215,0.3949885179399928,1.3184792157603837,0.7352219329264527,153.22025390058667,124.96798617929883,135.3767163924049
experiment_2026_06_15_08_57,SEN_demand_NOR,2025-12-25,Christmas Day,H2,I,observance_tier_depth,True,2025-12-25,12,True,True,4,False,2,8,4,euclidian,PCR,,2,{},2025-12-24 10:00:00,2025-12-26,57.91088133404025,2.770931781474668,114.964842,4.57,,14,24,4,4,4,4,0.08794941004815164,2051.9831175483614,1916.2366053275175,57.91088133404025,2.770931781474668,2.5219943628456227,52.476117188481204,26.947406601608886,1.1616394830079135,0.6151220300242749,14.859649358765248,75.97290826129188,3.709685622246942,3.634336556991409,74.41905675581552,33.81887762880735,1.4507417738200161,1.189670375463349,28.076894777017287,68.50194942956195,3.285036955396567,3.198093451125805,66.70899692850095,55.72397560823131,2.6092439937631005,2.4581481074606892,52.47611718848065,14.859649358765248,74.41905675581552,hourly_window_mean_factor_top_available_analogs,4,1890.1806767105265,,1890.1806767105265,0.0,-13.21724541825204,7.710059827314571,5.564671530584363e-13,-13.21724541825204,7.710059827314571,5.564671530584363e-13,-28.076894777017287,-66.70899692850095,-52.47611718848065,26.947406601608886,1.1616394830079135,33.81887762880735,1.4507417738200161,75.97290826129188,3.709685622246942,68.50194942956195,3.285036955396567,55.72397560823131,2.6092439937631005,7.470958831729931,0.42464866685037483,-0.2891022908121026,0.16168778771156767,28.076894777017287,66.70899692850095,52.47611718848065
experiment_2026_06_15_08_57,SEN_demand_NOR,2025-12-31,New Year's Eve,H1,G,observance_tier_depth,True,2025-12-31,12,True,True,7,False,2,8,7,pearson,RidgeReg,standard,2,{},2025-12-30 10:00:00,2026-01-01,50.406655587129954,2.177625975128505,125.115723,4.836,,14,24,4,4,7,4,0.06313628690755999,2279.1906987059056,2202.3974699430587,50.406655587129954,2.177625975128505,1.8525214397018908,43.357688925674125,51.163484298446065,2.0334553348190227,1.9861658602182768,50.12220770064515,49.96517217219556,2.261725515309035,1.774562194400666,39.41171964027436,48.80216269370716,1.9627579216354627,1.3457705754285334,34.93977782351645,63.05198587955706,2.8610767346600117,2.1902836280523066,48.268137068598264,57.80205102161236,2.5301171719667566,1.879147240243548,43.357688925673386,50.12220770064515,39.41171964027436,hourly_window_mean_factor_top_available_analogs,4,2179.101051381579,,2179.101051381579,0.0,15.182429877128698,-8.8564174283239,7.419562040779151e-13,15.182429877128698,-8.8564174283239,7.419562040779151e-13,-34.93977782351645,-48.268137068598264,-43.357688925673386,51.163484298446065,2.0334553348190227,48.80216269370716,1.9627579216354627,49.96517217219556,2.261725515309035,63.05198587955706,2.8610767346600117,57.80205102161236,2.5301171719667566,-13.0868137073615,-0.5993512193509765,0.07069741318356004,-0.3524911968382516,34.93977782351645,48.268137068598264,43.357688925673386
experiment_2026_06_15_08_57,SEN_demand_NOR,2026-01-01,New Year's Day,H3,I,observance_tier_depth,True,2026-01-01,12,True,True,7,False,2,8,7,pearson,RidgeReg,standard,2,{},2025-12-31 10:00:00,2026-01-02,56.200004164849155,2.8726183847750577,126.926836,4.894,,14,24,4,4,7,4,0.09110651023379976,2121.4421044280075,2001.1222108165257,56.200004164849155,2.8726183847750577,-2.8726183847750577,-56.200004164849155,36.690677761975266,1.6058375844829211,-1.6058375844829211,-36.690677761975266,67.5804445665256,3.6115738516121367,-3.6115738516121367,-67.5804445665256,57.938381968787,2.536238989880254,-2.536238989880254,-57.938381968787,57.72023234314792,3.0551212119857483,-2.9349418201568547,-55.18595044588603,57.80060325785705,2.863954077525829,-2.78805130373916,-56.20000416484954,-36.690677761975266,-67.5804445665256,hourly_window_mean_factor_top_available_analogs,4,1931.5995036842107,,1931.5995036842107,0.0,21.247704206811736,-12.394494120639573,3.8294513758860134e-13,21.247704206811736,-12.394494120639573,3.8294513758860134e-13,57.938381968787,55.18595044588603,56.20000416484954,36.690677761975266,1.6058375844829211,57.938381968787,2.536238989880254,67.5804445665256,3.6115738516121367,57.72023234314792,3.0551212119857483,57.80060325785705,2.863954077525829,9.86021222337768,0.5564526396263885,-0.9304014053973331,0.008664307249228731,57.938381968787,55.18595044588603,56.20000416484954
experiment_2026_06_15_08_57,SEN_demand_NOR,2026-02-02,Constitution Day,H2,H,observance_tier_depth,True,2026-02-02,12,True,True,8,False,2,8,8,euclidian,RidgeReg,standard,2,{},2026-02-01 10:00:00,2026-02-03,46.74059079087533,2.3342299681223384,110.850845,4.42,,14,24,4,4,8,4,0.06530036626791653,2045.8000500805351,2042.8150320836382,46.74059079087533,2.3342299681223384,-0.3612987431543289,-5.738037448956065,46.294474791419006,2.339601822182216,-1.1626741239892797,-20.410083075215134,47.000825123891524,2.3310963865874093,0.10617022899939259,2.820655833028392,50.720582108776384,2.559115078540601,-1.1227950284481731,-19.345093778832943,60.63931342694002,3.0402723847478206,0.11298577822394466,2.199412076805269,56.98504399393237,2.863003903513582,-0.34230188739209894,-5.738037448956178,-20.410083075215134,2.820655833028392,hourly_window_mean_factor_top_available_analogs,4,2043.820882236842,,2043.820882236842,0.0,-1.064989296382188,0.621243756223123,1.1368683772161603e-13,-1.064989296382188,0.621243756223123,1.1368683772161603e-13,19.345093778832947,-2.199412076805269,5.738037448956178,46.294474791419006,2.339601822182216,50.720582108776384,2.559115078540601,47.000825123891524,2.3310963865874093,60.63931342694002,3.0402723847478206,56.98504399393237,2.863003903513582,-13.638488303048497,-0.7091759981604113,-0.2195132563583848,-0.5287739353912437,19.345093778832947,2.199412076805269,5.738037448956178
experiment_2026_06_15_08_57,SEN_demand_NOR,2026-03-16,Benito Juarez's Birthday,H2,H,observance_tier_depth,True,2026-03-16,12,True,True,2,False,2,8,2,pearson,LassoReg,,2,{},2026-03-15 10:00:00,2026-03-17,175.52941403210653,7.228214736024007,92.05084,3.628,,14,24,2,4,2,2,0.09401571401715891,2627.4779482364734,2559.498928594734,175.52941403210653,7.228214736024007,-6.663654524047604,-162.58316718384125,305.4260011937396,12.704064155827398,-12.704064155827398,-305.4260011937396,99.7564048544873,4.0339692411386965,-3.1400822388427265,-79.25818067806722,337.3064212485161,14.113733898750837,-14.113733898750837,-337.3064212485161,110.14873781623214,4.392384515365467,-2.69719911646108,-60.66126897944844,193.83841065970518,7.973934288191657,-6.903290878357308,-162.5831671838418,-305.4260011937396,-79.25818067806722,hourly_window_mean_factor_top_available_analogs,2,3929.2570219736845,,3929.2570219736845,0.0,31.88042005477655,-18.596911698618783,5.504836352836145e-13,31.88042005477655,-18.596911698618783,5.504836352836145e-13,337.30642124851613,60.66126897944844,162.5831671838418,305.4260011937396,12.704064155827398,337.3064212485161,14.113733898750837,99.7564048544873,4.0339692411386965,110.14873781623214,4.392384515365467,193.83841065970518,7.973934288191657,-10.392332961744842,-0.3584152742267701,-1.4096697429234393,-0.7457195521676496,337.30642124851613,60.66126897944844,162.5831671838418
experiment_2026_06_15_08_57,SEN_demand_NOR,2026-04-02,Maundy Thursday,H1,G,observance_tier_depth,True,2026-04-02,12,True,True,7,False,2,8,7,pearson,RidgeReg,standard,2,{},2026-04-01 10:00:00,2026-04-03,99.17607950644748,3.241455510593422,77.223605,3.125,,14,24,4,4,7,4,0.06999736957121383,3079.6547690648763,2910.240641455425,99.17607950644748,3.241455510593422,-1.8872172475355253,-55.89895406487629,121.2186792525073,3.6896680453902166,-3.6896680453902166,-121.2186792525073,86.31789632124593,2.979998198628625,-0.8357876154536221,-17.795781038758207,29.549909699058748,0.9344124464514455,-0.6625016018104114,-20.43347351404389,92.20559790713975,3.4641687837167736,-2.9778441257763255,-76.58715105286177,69.12192330416254,2.5321532910400735,-2.1248231958941464,-55.898954064876236,-121.2186792525073,-17.795781038758207,hourly_window_mean_factor_top_available_analogs,4,2536.839840460526,,2536.839840460526,0.0,-100.78520573846342,58.79137001410356,-5.983517774821896e-14,-100.78520573846342,58.79137001410356,-5.983517774821896e-14,20.433473514043882,76.58715105286177,55.898954064876236,121.2186792525073,3.6896680453902166,29.549909699058748,0.9344124464514455,86.31789632124593,2.979998198628625,92.20559790713975,3.4641687837167736,69.12192330416254,2.5321532910400735,-5.887701585893822,-0.4841705850881488,2.755255598938771,0.7093022195533485,20.433473514043882,76.58715105286177,55.898954064876236
experiment_2026_06_15_08_57,SEN_demand_NOR,2026-04-03,Good Friday,H2,G,observance_tier_depth,True,2026-04-03,12,True,True,5,False,2,8,5,euclidian,PCR,,2,{},2026-04-02 10:00:00,2026-04-04,73.07717534639265,2.6771806962093483,69.909457,2.771,,14,24,4,4,5,4,0.0762199116496465,2797.079304993839,2713.2652133873053,73.07717534639265,2.6771806962093483,-0.48111658255788986,-5.43817341489166,100.76187637273844,3.408899413069002,0.811421957093777,33.30722796638871,56.9277664143576,2.250344778041216,-1.2350973973546957,-28.039657553971875,93.73726121862725,3.2308599858613856,-0.07542881125157612,7.055957619398051,55.21592291962696,2.169216894521133,-0.7301269843620212,-12.72641651822704,69.4079949245218,2.5603485597517524,-0.4889223942686993,-5.43817341489148,33.30722796638871,-28.039657553971875,hourly_window_mean_factor_top_available_analogs,4,2645.384529342105,,2645.384529342105,0.0,26.251270346990655,-15.313241035744833,-1.795055332446569e-13,26.251270346990655,-15.313241035744833,-1.795055332446569e-13,-7.055957619398054,12.726416518227042,5.43817341489148,100.76187637273844,3.408899413069002,93.73726121862725,3.2308599858613856,56.9277664143576,2.250344778041216,55.21592291962696,2.169216894521133,69.4079949245218,2.5603485597517524,1.711843494730637,0.08112788352008282,0.17803942720761645,0.11683213645759594,7.055957619398054,12.726416518227042,5.43817341489148
experiment_2026_06_15_08_57,SEN_demand_NOR,2026-04-04,Holy Saturday,H3,G,observance_tier_depth,True,2026-04-04,12,True,True,6,False,2,9,6,euclidian,PCR,,2,{},2026-04-03 10:00:00,2026-04-05,178.17391667755876,6.446726451125985,69.177049,2.764,,14,24,4,4,6,4,0.0762199116496465,2578.5895574850515,2490.1413428916067,178.17391667755876,6.446726451125985,4.867759481925411,140.50073356757977,99.68804522469934,3.780276427110437,-0.5054910607196906,-2.567737502386438,223.95734169172673,8.00215563180172,8.00215563180172,223.95734169172673,106.61145269226388,4.048019164001518,-0.7142883125886791,-7.600763525588393,226.89327353859503,7.983937031171468,7.983937031171468,226.89327353859503,182.5789184899467,6.5338620274772765,4.779327693996677,140.50073356758003,-2.567737502386438,223.95734169172673,hourly_window_mean_factor_top_available_analogs,4,2645.3845293421055,,2645.3845293421055,0.0,5.0330260232019555,-2.9359318468682623,-2.87208853191451e-13,5.0330260232019555,-2.9359318468682623,-2.87208853191451e-13,7.600763525588393,-226.893273538595,-140.50073356758006,99.68804522469934,3.780276427110437,106.61145269226388,4.048019164001518,223.95734169172673,8.00215563180172,226.89327353859503,7.983937031171468,182.5789184899467,6.5338620274772765,-2.9359318468683,0.01821860063025227,-0.2677427368910812,-0.0871355763512911,7.600763525588393,226.893273538595,140.50073356758006
experiment_2026_06_15_08_57,SEN_demand_NOR,2026-05-01,Labor Day,H2,F,observance_tier_depth,True,2026-05-01,12,True,True,9,False,2,10,9,euclidian,PCR,standard,4,{},2026-04-30 10:00:00,2026-05-02,165.06554520594594,5.1821357934187695,82.363708,3.316,,14,24,4,4,9,4,0.09158399649043655,3396.1043669250375,3302.930259870638,165.06554520594594,5.1821357934187695,-4.602965168293867,-146.3435350829321,119.16818649504457,3.393511712732811,-1.8214771588223615,-68.35130187543561,191.8390044539717,6.22549984048558,-6.22549984048558,-191.8390044539717,91.9601082445153,2.5976625595973752,-1.499222798555007,-55.21898106391969,199.49952492735633,6.630711534954771,-6.630711534954771,-199.49952492735633,159.8797398336781,5.144851386138889,-4.74016305312328,-146.34353508293233,-68.35130187543561,-191.8390044539717,hourly_window_mean_factor_top_available_analogs,4,2829.6036015131576,,2829.6036015131576,0.0,-13.13232081151591,7.6605204733846035,2.0343960434394448e-13,-13.13232081151591,7.6605204733846035,2.0343960434394448e-13,55.2189810639197,199.4995249273563,146.3435350829323,119.16818649504457,3.393511712732811,91.9601082445153,2.5976625595973752,191.8390044539717,6.22549984048558,199.49952492735633,6.630711534954771,159.8797398336781,5.144851386138889,-7.660520473384622,-0.40521169446919103,0.7958491531354359,0.03728440727988058,55.2189810639197,199.4995249273563,146.3435350829323
experiment_2026_06_15_08_57,SEN_demand_NTE,2025-01-01,New Year's Day,H3,I,observance_tier_depth,True,2025-01-01,12,True,True,2,False,2,6,2,pearson,LassoReg,,2,{},2024-12-31 10:00:00,2025-01-02,54.27735123510655,2.3451133941262343,126.318478,4.399,,14,24,2,4,2,2,0.08054979692761956,2185.2904312880864,2083.623221512093,54.27735123510655,2.3451133941262343,2.264683234242963,52.505632922439375,74.51978390761194,3.0629142888369523,2.9745084538364597,72.29522338163754,42.46926550947839,1.9263962055449824,1.8506185228134242,40.961705154573785,63.216590748213385,2.5368696972155393,2.376366282504651,59.569919603297976,56.01824755983048,2.5327965124665783,2.122340516080723,48.384799025272606,58.67026873449786,2.5342971594793537,2.2159289563421702,52.50563292243985,72.29522338163754,40.961705154573785,hourly_window_mean_factor_top_available_analogs,2,2282.093094868421,,2282.093094868421,0.0,12.725303778339562,-7.423093870698826,-4.726979042109298e-13,12.725303778339562,-7.423093870698826,-4.726979042109298e-13,-59.569919603297976,-48.38479902527261,-52.50563292243985,74.51978390761194,3.0629142888369523,63.216590748213385,2.5368696972155393,42.46926550947839,1.9263962055449824,56.01824755983048,2.5327965124665783,58.67026873449786,2.5342971594793537,-13.548982050352087,-0.606400306921596,0.5260445916214129,-0.18918376535311943,59.569919603297976,48.38479902527261,52.50563292243985
experiment_2026_06_15_08_57,SEN_demand_NTE,2025-02-03,Constitution Day,H2,H,observance_tier_depth,True,2025-02-03,12,True,True,2,False,2,6,2,pearson,LassoReg,,2,{},2025-02-02 10:00:00,2025-02-04,91.63272203565828,3.5982608060852117,114.841559,4.147,,14,24,2,4,2,2,0.053552146146175546,2670.408174140921,2685.378586215332,91.63272203565828,3.5982608060852117,-3.5982608060852117,-91.63272203565828,73.55506058478922,2.9626236994910706,-2.9626236994910706,-73.55506058478922,102.17802454866522,3.969049118265128,-3.969049118265128,-102.17802454866522,69.50290033085419,2.787905928752863,-2.7623844103981336,-68.81541049475553,104.94282043451749,4.07353813829556,-4.07353813829556,-104.94282043451749,91.8860077647468,3.5998841663587777,-3.5904815017017717,-91.63272203565782,-73.55506058478922,-102.17802454866522,hourly_window_mean_factor_top_available_analogs,2,2592.0155060526317,,2592.0155060526317,0.0,-4.73965009003369,2.7647958858522657,-4.547473508864641e-13,-4.73965009003369,2.7647958858522657,-4.547473508864641e-13,68.81541049475553,104.94282043451749,91.63272203565782,73.55506058478922,2.9626236994910706,69.50290033085419,2.787905928752863,102.17802454866522,3.969049118265128,104.94282043451749,4.07353813829556,91.8860077647468,3.5998841663587777,-2.7647958858522657,-0.10448902003043203,0.1747177707382077,-0.0016233602735660213,68.81541049475553,104.94282043451749,91.63272203565782
experiment_2026_06_15_08_57,SEN_demand_NTE,2025-03-17,Benito Juarez's Birthday,H2,H,observance_tier_depth,True,2025-03-17,12,True,True,2,False,2,6,2,pearson,LassoReg,,2,{},2025-03-16 10:00:00,2025-03-18,91.41446295502324,3.2841271168496937,85.826459,3.136,,14,24,2,4,2,2,0.05574386478453801,2672.1497855843577,2685.460243260517,91.41446295502324,3.2841271168496937,2.1529407301500973,62.85873546827352,51.97448789594926,2.001825833907002,-1.0685372157061863,-25.533915282371417,114.4211150728164,4.032136198566263,4.032136198566263,114.4211150728164,53.2345059410706,2.057067734450098,-1.301467254620341,-31.33100661601179,117.8027516841071,4.099199642134771,4.099199642134771,117.8027516841071,94.01445062088312,3.34683525509305,2.1094802591197297,62.85873546827382,-25.533915282371417,114.4211150728164,hourly_window_mean_factor_top_available_analogs,2,2580.162310131579,,2580.162310131579,0.0,5.797091333640375,-3.3816366112906926,-2.9917588874109484e-13,5.797091333640375,-3.3816366112906926,-2.9917588874109484e-13,31.33100661601179,-117.8027516841071,-62.85873546827382,51.97448789594926,2.001825833907002,53.2345059410706,2.057067734450098,114.4211150728164,4.032136198566263,117.8027516841071,4.099199642134771,94.01445062088312,3.34683525509305,-3.3816366112906877,-0.06706344356850735,-0.05524190054309619,-0.06270813824335608,31.33100661601179,117.8027516841071,62.85873546827382
experiment_2026_06_15_08_57,SEN_demand_NTE,2025-04-17,Maundy Thursday,H1,G,observance_tier_depth,True,2025-04-17,12,True,True,2,False,2,6,2,pearson,RidgeReg,,2,{},2025-04-16 10:00:00,2025-04-18,102.59644485560014,2.5711891499397934,87.297792,3.194,,14,24,2,4,2,2,0.044407743287326315,3935.0059462656095,3801.2092125757586,102.59644485560014,2.5711891499397934,1.1948374078373742,49.66291583965351,115.187741504712,2.7895578539536037,0.14204110342508597,12.375154551788,95.25152181028488,2.4438074059317376,1.8089685854112088,71.41410992424171,119.32534025116463,2.8783904188953437,0.3445138068448587,20.940375301760405,93.74267073657965,2.4020842880900695,1.6736231001882587,66.41773115342487,103.16786476826886,2.577565494176223,1.183951255272269,49.66291583965375,12.375154551788,71.41410992424171,hourly_window_mean_factor_top_available_analogs,2,3060.4024928947365,,3060.4024928947365,0.0,-8.565220749972402,4.9963787708168566,-2.3934071099287584e-13,-8.565220749972402,4.9963787708168566,-2.3934071099287584e-13,-20.940375301760405,-66.41773115342485,-49.66291583965375,115.187741504712,2.7895578539536037,119.32534025116463,2.8783904188953437,95.25152181028488,2.4438074059317376,93.74267073657965,2.4020842880900695,103.16786476826886,2.577565494176223,1.5088510737052303,0.041723117841668156,-0.08883256494174008,-0.006376344236429521,20.940375301760405,66.41773115342485,49.66291583965375
experiment_2026_06_15_08_57,SEN_demand_NTE,2025-04-18,Good Friday,H2,G,observance_tier_depth,True,2025-04-18,12,True,True,2,False,2,6,2,pearson,RidgeReg,,2,{},2025-04-17 10:00:00,2025-04-19,95.18946845602586,3.009599986949396,87.504001,3.103,,14,24,2,4,2,2,0.10857554952758974,3400.1124789779265,3066.5628290970076,95.18946845602586,3.009599986949396,-1.8827150000246313,-55.68722845161053,80.07488164231447,2.0620550946797294,-1.156360995207473,-43.03350448807266,104.00631076402418,3.5623345074400348,-2.3064215028346404,-63.068567430340956,80.74641202514447,2.026359558954616,0.9090232646498649,38.18632175859573,138.1239441217513,4.782735531256609,-3.948784516109686,-110.44679940756443,116.98485334931719,3.767228594092716,-2.1590658600403776,-55.687228451610686,-43.03350448807266,-63.068567430340956,hourly_window_mean_factor_top_available_analogs,2,2912.4286523684214,,2912.4286523684214,0.0,-81.21982624666839,47.37823197722347,1.555714621453693e-13,-81.21982624666839,47.37823197722347,1.555714621453693e-13,-38.18632175859573,110.44679940756443,55.687228451610686,80.07488164231447,2.0620550946797294,80.74641202514447,2.026359558954616,104.00631076402418,3.5623345074400348,138.1239441217513,4.782735531256609,116.98485334931719,3.767228594092716,-34.117633357727115,-1.2204010238165743,0.03569553572511319,-0.75762860714332,38.18632175859573,110.44679940756443,55.687228451610686
experiment_2026_06_15_08_57,SEN_demand_NTE,2025-04-19,Holy Saturday,H3,G,observance_tier_depth,True,2025-04-19,12,True,True,2,False,2,7,2,pearson,PLS,,2,{},2025-04-18 10:00:00,2025-04-20,227.9764200308853,7.452263354164669,83.310862,3.08,,14,24,2,4,2,2,0.0715835212385856,3298.834492662464,3406.644639257013,227.9764200308853,7.452263354164669,-7.452263354164669,-227.9764200308853,221.12042350038092,7.708870970211351,-7.708870970211351,-221.12042350038092,231.9757513403462,7.302575578137435,-7.302575578137435,-231.9757513403462,231.7084773677854,8.09257970398387,-8.09257970398387,-231.7084773677854,225.79938658436012,7.145993853972605,-7.145993853972605,-225.79938658436012,227.9764200308852,7.4947360092399125,-7.4947360092399125,-227.9764200308852,-221.12042350038092,-231.9757513403462,hourly_window_mean_factor_top_available_analogs,2,2849.4785069736845,,2849.4785069736845,0.0,10.588053867404467,-6.17636475598611,-1.0770331994679413e-13,10.588053867404467,-6.17636475598611,-1.0770331994679413e-13,231.70847736778538,225.7993865843601,227.97642003088518,221.12042350038092,7.708870970211351,231.7084773677854,8.09257970398387,231.9757513403462,7.302575578137435,225.79938658436012,7.145993853972605,227.9764200308852,7.4947360092399125,6.1763647559860715,0.15658172416482952,-0.3837087337725178,-0.04247265507524389,231.70847736778538,225.7993865843601,227.97642003088518
experiment_2026_06_15_08_57,SEN_demand_NTE,2025-05-01,Labor Day,H2,F,observance_tier_depth,True,2025-05-01,12,True,True,2,False,2,8,2,pearson,RidgeReg,,2,{},2025-04-30 10:00:00,2025-05-02,281.2892233158074,7.541115984087891,96.949087,3.53,,14,24,2,4,2,2,0.05606432100881888,4129.8003152411775,4065.331268858657,281.2892233158074,7.541115984087891,-7.443304547711611,-277.0383923464398,152.70612881378014,3.776769743915669,-3.5112815594657625,-141.16815903978224,356.2960284419901,9.736984624188352,-9.736984624188352,-356.2960284419901,312.261569280178,7.814636882890396,-7.814636882890396,-312.261569280178,256.49153913509394,7.065527162938206,-7.065527162938206,-256.49153913509394,277.0383923464408,7.341514954499539,-7.341514954499539,-277.0383923464408,-141.16815903978224,-356.2960284419901,hourly_window_mean_factor_top_available_analogs,2,3320.2094925,,3320.2094925,0.0,171.09341024039577,-99.80448930689607,9.21461737322572e-13,171.09341024039577,-99.80448930689607,9.21461737322572e-13,312.26156928017804,256.491539135094,277.03839234644073,152.70612881378014,3.776769743915669,312.261569280178,7.814636882890396,356.2960284419901,9.736984624188352,256.49153913509394,7.065527162938206,277.0383923464408,7.341514954499539,99.80448930689613,2.671457461250146,-4.037867138974727,0.19960102958835169,312.26156928017804,256.491539135094,277.03839234644073
experiment_2026_06_15_08_57,SEN_demand_NTE,2025-09-16,Independence Day,H2,H,observance_tier_depth,True,2025-09-16,12,True,True,7,False,2,8,7,pearson,RidgeReg,standard,2,{},2025-09-15 10:00:00,2025-09-17,449.3134504546254,12.133164843059333,111.472747,3.74,,14,24,4,4,7,4,0.057079237585799907,3160.2024592822163,3222.763545876811,449.3134504546254,12.133164843059333,12.133164843059333,449.3134504546254,746.6451898799451,19.51038118141715,19.51038118141715,746.6451898799451,275.8699357898556,7.829788645683945,7.829788645683945,275.8699357898556,687.5550784927682,17.897929298342643,17.897929298342643,687.5550784927682,310.339167432376,8.871612893714746,8.871612893714746,310.339167432376,449.3134504546258,12.197097884893447,12.197097884893447,449.3134504546258,746.6451898799451,275.8699357898556,hourly_window_mean_factor_top_available_analogs,4,2619.5725857236844,,2619.5725857236844,0.0,59.09011138717707,-34.46923164252038,-2.6327478209216345e-13,59.09011138717707,-34.46923164252038,-2.6327478209216345e-13,-687.555078492768,-310.339167432376,-449.3134504546257,746.6451898799451,19.51038118141715,687.5550784927682,17.897929298342643,275.8699357898556,7.829788645683945,310.339167432376,8.871612893714746,449.3134504546258,12.197097884893447,-34.469231642520356,-1.0418242480308004,1.612451883074506,-0.06393304183411352,687.555078492768,310.339167432376,449.3134504546257
experiment_2026_06_15_08_57,SEN_demand_NTE,2025-11-17,Mexican Revolution Day,H2,F,observance_tier_depth,True,2025-11-17,12,True,True,7,False,2,8,7,pearson,RidgeReg,standard,2,{},2025-11-16 10:00:00,2025-11-18,41.087067580149956,1.7932245710731067,144.359296,4.551,,14,24,4,4,7,4,0.06836864342906725,2425.0288692842655,2417.8039024860464,41.087067580149956,1.7932245710731067,-1.3293339432612772,-29.245389284265467,64.01502018088756,2.8610900191444455,-2.080486487411404,-44.05565808121274,27.71242856305302,1.1703030596981596,-0.8911616258403693,-20.606065819379562,82.42392363656943,3.4986658448589236,-0.16509077138930772,3.0310239511813637,71.47143270509191,3.0950566044498955,-2.074604377608768,-48.073297004942866,75.50656094300469,3.2437547456532214,-1.3710993647910719,-29.245389284265517,-44.05565808121274,-20.606065819379562,hourly_window_mean_factor_top_available_analogs,4,2413.163099078947,,2413.163099078947,0.0,-47.0866820323941,27.467231185563303,4.786814219857517e-14,-47.0866820323941,27.467231185563303,4.786814219857517e-14,-3.0310239511813606,48.073297004942866,29.245389284265514,64.01502018088756,2.8610900191444455,82.42392363656943,3.4986658448589236,27.71242856305302,1.1703030596981596,71.47143270509191,3.0950566044498955,75.50656094300469,3.2437547456532214,-43.75900414203889,-1.9247535447517359,-0.6375758257144781,-1.4505301745801147,3.0310239511813606,48.073297004942866,29.245389284265514
experiment_2026_06_15_08_57,SEN_demand_NTE,2025-12-24,Christmas Eve,H1,G,observance_tier_depth,True,2025-12-24,12,True,True,7,False,2,8,7,pearson,RidgeReg,standard,2,{},2025-12-23 10:00:00,2025-12-25,90.88489998707163,3.5854742288392623,142.119417,4.457,,14,24,4,4,7,4,0.06847056888323826,2600.220532872285,2532.153590073844,90.88489998707163,3.5854742288392623,-1.036700810539,-18.904134451231954,83.91671095732626,2.9723656551938133,1.6992626757270177,51.745743758960124,94.94967692108976,3.943120896799108,-2.632679510860844,-60.11656340717733,114.47461400200427,4.316233419475812,-2.5801324096103206,-63.37052267658159,85.47865282837931,3.4846331861649946,0.11513470133690928,7.034592013554932,96.16137536603061,3.7910122194900326,-0.8778584448015437,-18.904134451232206,51.745743758960124,-60.11656340717733,hourly_window_mean_factor_top_available_analogs,4,2938.322894013158,,2938.322894013158,0.0,115.1162664355417,-67.15115542073227,2.5130774654251967e-13,115.1162664355417,-67.15115542073227,2.5130774654251967e-13,63.37052267658158,-7.034592013554935,18.904134451232206,83.91671095732626,2.9723656551938133,114.47461400200427,4.316233419475812,94.94967692108976,3.943120896799108,85.47865282837931,3.4846331861649946,96.16137536603061,3.7910122194900326,9.47102409271045,0.4584877106341132,-1.3438677642819985,-0.20553799065077039,63.37052267658158,7.034592013554935,18.904134451232206
experiment_2026_06_15_08_57,SEN_demand_NTE,2025-12-25,Christmas Day,H2,I,observance_tier_depth,True,2025-12-25,12,True,True,7,False,2,8,7,pearson,RidgeReg,standard,2,{},2025-12-24 10:00:00,2025-12-26,248.0931065970599,11.718188831307364,145.517709,4.588,,14,24,4,4,7,4,0.07451246283639502,2462.8116521578063,2446.692517932084,248.0931065970599,11.718188831307364,-11.68209388920308,-247.18567899991126,76.07452502273392,3.1105211384674134,-3.01254915275578,-73.61150725904476,348.43727918208333,16.739328318797337,-16.739328318797337,-348.43727918208333,209.52131837784555,8.686381348830228,-8.686381348830228,-209.52131837784555,269.15655602945003,12.877765015044446,-12.877765015044446,-269.15655602945003,247.18567899991157,11.333571032754998,-11.333571032754998,-247.18567899991157,-73.61150725904476,-348.43727918208333,hourly_window_mean_factor_top_available_analogs,4,2259.791323881579,,2259.791323881579,0.0,135.90981111880077,-79.28072315263331,2.9917588874109484e-13,135.90981111880077,-79.28072315263331,2.9917588874109484e-13,209.52131837784555,269.15655602945003,247.18567899991157,76.07452502273392,3.1105211384674134,209.52131837784555,8.686381348830228,348.43727918208333,16.739328318797337,269.15655602945003,12.877765015044446,247.18567899991157,11.333571032754998,79.2807231526333,3.8615633037528916,-5.575860210362814,0.384617798552366,209.52131837784555,269.15655602945003,247.18567899991157
experiment_2026_06_15_08_57,SEN_demand_NTE,2025-12-31,New Year's Eve,H1,G,observance_tier_depth,True,2025-12-31,12,True,True,2,False,2,8,2,pearson,PLS,minmax,2,{},2025-12-30 10:00:00,2026-01-01,198.7090205731466,7.27096805524094,152.293337,5.111,,14,24,2,4,2,2,0.04680075509062768,2535.9920996900114,2418.5838414428895,198.7090205731466,7.27096805524094,7.27096805524094,198.7090205731466,211.76343545778033,7.253242815378772,7.253242815378772,211.76343545778033,191.09394522377693,7.281307778493871,7.281307778493871,191.09394522377693,273.38666573144513,9.265620935050823,9.265620935050823,273.38666573144513,155.14706089747224,5.831444191733368,5.831444191733368,155.14706089747224,198.70902057314652,7.096667202429272,7.096667202429272,198.70902057314652,211.76343545778033,191.09394522377693,hourly_window_mean_factor_top_available_analogs,2,3002.8698623684213,,3002.8698623684213,0.0,-61.623230273664795,35.94688432630468,1.3163739104608172e-13,-61.623230273664795,35.94688432630468,1.3163739104608172e-13,-273.38666573144513,-155.14706089747224,-198.70902057314646,211.76343545778033,7.253242815378772,273.38666573144513,9.265620935050823,191.09394522377693,7.281307778493871,155.14706089747224,5.831444191733368,198.70902057314652,7.096667202429272,35.946884326304684,1.449863586760503,-2.012378119672051,0.17430085281166807,273.38666573144513,155.14706089747224,198.70902057314646
experiment_2026_06_15_08_57,SEN_demand_NTE,2026-01-01,New Year's Day,H3,I,observance_tier_depth,True,2026-01-01,12,True,True,2,False,2,8,2,pearson,PLS,minmax,2,{},2025-12-31 10:00:00,2026-01-02,103.44908857570867,4.4812801127652975,157.340343,5.269,,14,24,2,4,2,2,0.08413461714348418,2424.8395225092804,2293.123605279564,103.44908857570867,4.4812801127652975,-4.390919169347694,-101.42991461454318,83.12525807743984,3.2757156643112864,-3.1929369030151475,-80.97547561736489,115.30465636636548,5.184526041030138,-5.089742158041681,-113.36167069623052,67.36754209683833,2.68072858055732,-2.4082608628037394,-60.18465501127633,125.4896493831161,5.7230299549814285,-5.7230299549814285,-125.4896493831161,104.0762414355401,4.602182080193598,-4.5017992368107,-101.42991461454356,-80.97547561736489,-113.36167069623052,hourly_window_mean_factor_top_available_analogs,2,2248.34125368421,,2248.34125368421,0.0,-20.790820606088573,12.127978686885607,3.8294513758860134e-13,-20.790820606088573,12.127978686885607,3.8294513758860134e-13,60.18465501127632,125.48964938311613,101.42991461454356,83.12525807743984,3.2757156643112864,67.36754209683833,2.68072858055732,115.30465636636548,5.184526041030138,125.4896493831161,5.7230299549814285,104.0762414355401,4.602182080193598,-10.184993016750624,-0.5385039139512902,0.5949870837539661,-0.12090196742830095,60.18465501127632,125.48964938311613,101.42991461454356
experiment_2026_06_15_08_57,SEN_demand_NTE,2026-02-02,Constitution Day,H2,H,observance_tier_depth,True,2026-02-02,12,True,True,2,False,2,8,2,pearson,PLS,minmax,2,{},2026-02-01 10:00:00,2026-02-03,96.61603178055127,3.861931556159134,159.428594,5.562,,14,24,2,4,2,2,0.06156716381786954,2543.7731387080166,2574.819787123122,96.61603178055127,3.861931556159134,0.0843823610033065,7.255669449877646,70.23849643928325,2.7637610910092625,0.2833099660170496,14.285444289305067,112.00292739629094,4.502530994163225,-0.03165874192137704,3.154967460211651,68.24511567529053,2.6776223275778714,0.3823586207316314,16.521381254936614,114.22289209758401,4.586648789711416,-0.07725157084809993,1.8506708969274541,97.28371131042326,3.883323251030637,0.09207849973390642,7.255669449878197,14.285444289305067,3.154967460211651,hourly_window_mean_factor_top_available_analogs,2,2656.8919865789476,,2656.8919865789476,0.0,-2.235936965631546,1.304296563284197,-5.504836352836145e-13,-2.235936965631546,1.304296563284197,-5.504836352836145e-13,-16.521381254936614,-1.8506708969274541,-7.255669449878197,70.23849643928325,2.7637610910092625,68.24511567529053,2.6776223275778714,112.00292739629094,4.502530994163225,114.22289209758401,4.586648789711416,97.28371131042326,3.883323251030637,-2.2199647012930654,-0.08411779554819088,0.08613876343139104,-0.021391694871502942,16.521381254936614,1.8506708969274541,7.255669449878197
experiment_2026_06_15_08_57,SEN_demand_NTE,2026-03-16,Benito Juarez's Birthday,H2,H,observance_tier_depth,True,2026-03-16,12,True,True,6,False,2,8,6,euclidian,PCR,,2,{},2026-03-15 10:00:00,2026-03-17,105.4436258322679,3.8717649109935435,165.204852,5.998,,14,24,4,4,6,4,0.05812790784460944,2661.7297556025214,2690.83390836277,105.4436258322679,3.8717649109935435,1.7108271137245141,52.12254229221529,150.6498771218813,5.569276891763466,2.063656827673433,66.1489919864762,79.0733125799934,2.8815495888777556,1.5050097805876452,43.94044663722976,149.9762411848522,5.529807163966778,1.724490026398125,58.37460645507765,82.21769354584605,2.9479245110454215,1.6260456718692158,48.47550486387905,107.1813689917957,3.8991444358059213,1.6623146445903927,52.12254229221538,66.1489919864762,43.94044663722976,hourly_window_mean_factor_top_available_analogs,4,2662.5831678289474,,2662.5831678289474,0.0,7.77438553139856,-4.535058226649293,-8.376924884750654e-14,7.77438553139856,-4.535058226649293,-8.376924884750654e-14,-58.37460645507765,-48.47550486387905,-52.12254229221538,150.6498771218813,5.569276891763466,149.9762411848522,5.529807163966778,79.0733125799934,2.8815495888777556,82.21769354584605,2.9479245110454215,107.1813689917957,3.8991444358059213,-3.1443809658526476,-0.06637492216766594,0.039469727796688225,-0.02737952481237782,58.37460645507765,48.47550486387905,52.12254229221538
experiment_2026_06_15_08_57,SEN_demand_NTE,2026-04-02,Maundy Thursday,H1,G,observance_tier_depth,True,2026-04-02,12,True,True,2,False,2,8,2,pearson,PLS,minmax,2,{},2026-04-01 10:00:00,2026-04-03,227.41220783247738,6.206667143233678,148.346538,5.305,,14,24,2,4,2,2,0.08556441766037115,3496.3894633334903,3282.124475775843,227.41220783247738,6.206667143233678,5.856624608535105,214.55776771914063,47.11637687531187,1.2109146421949437,0.2607991908702493,12.225753710540696,332.5847758908239,9.120856102172938,9.120856102172938,332.5847758908239,49.39322919261713,1.2974234242160316,-0.3297459320681659,-10.238067608420026,345.68867166021863,9.479499239629307,9.479499239629307,345.68867166021863,236.52719285636545,6.465050255003365,5.865566807951292,214.55776771914125,12.225753710540696,332.5847758908239,hourly_window_mean_factor_top_available_analogs,2,3664.547056315789,,3664.547056315789,0.0,22.463821318960722,-13.103895769394759,-6.34252884131121e-13,22.463821318960722,-13.103895769394759,-6.34252884131121e-13,10.238067608420026,-345.68867166021863,-214.55776771914125,47.11637687531187,1.2109146421949437,49.39322919261713,1.2974234242160316,332.5847758908239,9.120856102172938,345.68867166021863,9.479499239629307,236.52719285636545,6.465050255003365,-13.10389576939474,-0.3586431374563688,-0.08650878202108792,-0.2583831117696871,10.238067608420026,345.68867166021863,214.55776771914125
experiment_2026_06_15_08_57,SEN_demand_NTE,2026-04-03,Good Friday,H2,G,observance_tier_depth,True,2026-04-03,12,True,True,2,False,2,8,2,pearson,LassoReg,,2,{},2026-04-02 10:00:00,2026-04-04,438.4329537310809,14.472296352194839,156.79313,5.39,,14,24,2,4,2,2,0.08556441766037115,3673.5073971521333,3526.964205453692,438.4329537310809,14.472296352194839,-14.472296352194839,-438.4329537310809,257.6702522066045,7.072867526139538,-7.072867526139538,-257.6702522066045,543.877862953692,18.788629834060433,-18.788629834060433,-543.877862953692,415.97357304281684,11.435291588575966,-11.435291588575966,-415.97357304281684,451.53425913256797,15.541346159964036,-15.541346159964036,-451.53425913256797,438.43295373108066,14.028589212610537,-14.028589212610537,-438.43295373108066,-257.6702522066045,-543.877862953692,hourly_window_mean_factor_top_available_analogs,2,3664.547056315789,,3664.547056315789,0.0,158.30332083621238,-92.34360382112402,-8.376924884750654e-14,158.30332083621238,-92.34360382112402,-8.376924884750654e-14,415.9735730428169,451.53425913256797,438.43295373108083,257.6702522066045,7.072867526139538,415.97357304281684,11.435291588575966,543.877862953692,18.788629834060433,451.53425913256797,15.541346159964036,438.43295373108066,14.028589212610537,92.34360382112402,3.2472836740963977,-4.362424062436428,0.4437071395843013,415.9735730428169,451.53425913256797,438.43295373108083
experiment_2026_06_15_08_57,SEN_demand_NTE,2026-04-04,Holy Saturday,H3,G,observance_tier_depth,True,2026-04-04,12,True,True,8,False,2,9,8,euclidian,PLS,minmax,8,{},2026-04-03 10:00:00,2026-04-05,342.4566308698118,11.285828513290083,164.287167,5.837,,14,24,4,4,8,4,0.04604448273086537,2979.213343662405,2816.6557171882328,342.4566308698118,11.285828513290083,2.7484486900649534,105.50999633759545,323.84096182646005,11.655971940335263,-11.516916151275808,-319.2999033324127,353.3157711451002,11.069911514180395,11.069911514180395,353.3157711451002,215.58894155358118,7.828990968313818,-6.280248754711778,-164.95701001228025,263.28241670835564,8.19279345465093,8.19279345465093,263.28241670835564,245.71113638817565,8.058760959684626,2.8606200090962464,105.50999633759507,-319.2999033324127,353.3157711451002,hourly_window_mean_factor_top_available_analogs,4,2969.131396644737,,2969.131396644737,0.0,-154.34289332013253,90.03335443674457,3.8294513758860134e-13,-154.34289332013253,90.03335443674457,3.8294513758860134e-13,164.9570100122802,-263.28241670835564,-105.50999633759507,323.84096182646005,11.655971940335263,215.58894155358118,7.828990968313818,353.3157711451002,11.069911514180395,263.28241670835564,8.19279345465093,245.71113638817565,8.058760959684626,90.03335443674456,2.877118059529465,3.8269809720214454,3.2270675536054565,164.9570100122802,263.28241670835564,105.50999633759507
experiment_2026_06_15_08_57,SEN_demand_NTE,2026-05-01,Labor Day,H2,F,observance_tier_depth,True,2026-05-01,12,True,True,2,False,2,10,2,pearson,RidgeReg,,2,{},2026-04-30 10:00:00,2026-05-02,191.68586352746183,5.288659918784343,154.622853,5.642,,14,24,2,4,2,2,0.05698800244938151,3904.1357443958013,3745.379603064184,191.68586352746183,5.288659918784343,-4.280459396953113,-150.18426044843306,117.70338503593833,2.820505842397877,-0.08396156885596609,-5.0561766785746,234.8423093141839,6.728416463343116,-6.728416463343116,-234.8423093141839,81.63624727662848,1.9746233152563748,1.1495918116286528,47.29879590438132,265.3827099875746,7.705320209578052,-7.705320209578052,-265.3827099875746,197.6866447782787,5.594010827459539,-4.442984201765055,-150.18426044843295,-5.0561766785746,-234.8423093141839,hourly_window_mean_factor_top_available_analogs,2,3577.5265400000003,,3577.5265400000003,0.0,-52.35497258295592,30.540400673390707,-1.555714621453693e-13,-52.35497258295592,30.540400673390707,-1.555714621453693e-13,-47.298795904381315,265.3827099875746,150.18426044843292,117.70338503593833,2.820505842397877,81.63624727662848,1.9746233152563748,234.8423093141839,6.728416463343116,265.3827099875746,7.705320209578052,197.6866447782787,5.594010827459539,-30.54040067339068,-0.9769037462349361,0.8458825271415022,-0.3053509086751962,47.298795904381315,265.3827099875746,150.18426044843292
experiment_2026_06_15_08_57,SEN_demand_OCC,2025-01-01,New Year's Day,H3,I,observance_tier_depth,True,2025-01-01,12,True,True,6,False,2,6,6,pearson,RidgeReg,standard,2,{},2024-12-31 10:00:00,2025-01-02,65.83490505791826,1.0829272481023502,219.690063,2.944,,14,24,4,4,6,4,0.1211195423110129,6048.998698223428,5644.437811349545,65.83490505791826,1.0829272481023502,0.015178180665939811,8.640055197626177,94.02464570706213,1.3844515585307247,1.3844515585307247,94.02464570706213,49.39088967925102,0.9070380670191317,-0.7835646230885179,-41.16762259954479,198.57727390995245,2.9258552046326423,-1.0305126939746918,-65.84738614211619,138.4164263810445,2.5094538924286405,0.749000407912891,52.091062645807064,160.58094915485268,2.6628649021880086,0.09339031774378143,8.640055197624813,94.02464570706213,-41.16762259954479,hourly_window_mean_factor_top_available_analogs,4,5980.5371674342105,,5980.5371674342105,0.0,159.8720318491783,-93.25868524535186,1.3642420526593924e-12,159.8720318491783,-93.25868524535186,1.3642420526593924e-12,65.84738614211618,-52.091062645807064,-8.640055197624813,94.02464570706213,1.3844515585307247,198.57727390995245,2.9258552046326423,49.39088967925102,0.9070380670191317,138.4164263810445,2.5094538924286405,160.58094915485268,2.6628649021880086,-89.02553670179347,-1.6024158254095089,-1.5414036461019176,-1.5799376540856584,65.84738614211618,52.091062645807064,8.640055197624813
experiment_2026_06_15_08_57,SEN_demand_OCC,2025-02-03,Constitution Day,H2,H,observance_tier_depth,True,2025-02-03,12,True,True,6,False,2,6,6,pearson,RidgeReg,standard,2,{},2025-02-02 10:00:00,2025-02-04,147.25972953014187,2.0983296523013015,241.973097,3.297,,14,24,4,4,6,4,0.06600325565765017,6955.329275319449,6890.566277758478,147.25972953014187,2.0983296523013015,1.885965677043324,133.35146152265588,90.19380345349087,1.233345896292415,0.6569293920207633,52.4427902903146,180.5481864081883,2.602903509973152,2.602903509973152,180.5481864081883,133.8673591724105,1.8342942677152734,0.7152959504494932,60.22335301255881,176.79949715569595,2.528785504752367,2.5172282954570817,176.00952482021287,160.98239368816974,2.2729203121597537,1.8533584841384965,133.3514615226561,52.4427902903146,180.5481864081883,hourly_window_mean_factor_top_available_analogs,4,7092.525889473684,,7092.525889473684,0.0,-7.780562722244213,4.538661587975412,-2.3934071099287584e-13,-7.780562722244213,4.538661587975412,-2.3934071099287584e-13,-60.22335301255881,-176.00952482021287,-133.3514615226561,90.19380345349087,1.233345896292415,133.8673591724105,1.8342942677152734,180.5481864081883,2.602903509973152,176.79949715569595,2.528785504752367,160.98239368816974,2.2729203121597537,3.7486892524923405,0.07411800522078504,-0.6009483714228583,-0.17459065985845212,60.22335301255881,176.00952482021287,133.3514615226561
experiment_2026_06_15_08_57,SEN_demand_OCC,2025-03-17,Benito Juarez's Birthday,H2,H,observance_tier_depth,True,2025-03-17,12,True,True,6,False,2,6,6,pearson,RidgeReg,standard,2,{},2025-03-16 10:00:00,2025-03-18,248.8070704273751,3.413247997797827,245.823175,3.357,,14,24,4,4,6,4,0.06699169165941982,7009.610400908362,6890.189547941751,248.8070704273751,3.413247997797827,2.1353647922108943,162.26381988111316,155.10312763158942,2.2110097312131107,-1.2575303982371349,-79.79998099397861,303.4677037249167,4.1145536533055775,4.1145536533055775,303.4677037249167,161.77926320587792,2.2484433709518585,-0.04353608993189389,10.630910271219038,250.71635048688233,3.412392271406873,3.412392271406873,250.71635048688233,217.9500551728281,2.9835689922918682,2.1391555067031174,162.26381988111166,-79.79998099397861,303.4677037249167,hourly_window_mean_factor_top_available_analogs,4,7100.686506513158,,7100.686506513158,0.0,-90.43089126519764,52.75135323803435,1.507846479255118e-12,-90.43089126519764,52.75135323803435,1.507846479255118e-12,-10.630910271219037,-250.71635048688236,-162.26381988111166,155.10312763158942,2.2110097312131107,161.77926320587792,2.2484433709518585,303.4677037249167,4.1145536533055775,250.71635048688233,3.412392271406873,217.9500551728281,2.9835689922918682,52.75135323803437,0.7021613818987045,-0.037433639738747804,0.42967900550595894,10.630910271219037,250.71635048688236,162.26381988111166
experiment_2026_06_15_08_57,SEN_demand_OCC,2025-04-17,Maundy Thursday,H1,G,observance_tier_depth,True,2025-04-17,12,True,True,6,False,2,6,6,pearson,RidgeReg,standard,2,{},2025-04-16 10:00:00,2025-04-18,200.0838866443127,2.27623979369773,251.371857,3.427,,14,24,4,4,6,4,0.08054907852934831,8669.496159408318,8227.573107029737,200.0838866443127,2.27623979369773,2.27623979369773,200.0838866443127,187.90303365696997,1.9602007175499832,1.9602007175499832,187.90303365696997,207.18938422026267,2.460595921450582,2.460595921450582,207.18938422026267,79.56622230064113,0.8219193045774641,0.4662490041962278,45.728817898530515,290.124343412687,3.4285606667926074,3.4285606667926074,290.124343412687,212.55029879245959,2.4682191122922914,2.3371826858360465,200.08388664431357,187.90303365696997,207.18938422026267,hourly_window_mean_factor_top_available_analogs,4,7385.91421368421,,7385.91421368421,0.0,142.17421575843946,-82.93495919242434,-8.376924884750655e-13,142.17421575843946,-82.93495919242434,-8.376924884750655e-13,-45.72881789853051,-290.12434341268704,-200.08388664431354,187.90303365696997,1.9602007175499832,79.56622230064113,0.8219193045774641,207.18938422026267,2.460595921450582,290.124343412687,3.4285606667926074,212.55029879245959,2.4682191122922914,-82.93495919242432,-0.9679647453420253,1.138281412972519,-0.1919793185945613,45.72881789853051,290.12434341268704,200.08388664431354
experiment_2026_06_15_08_57,SEN_demand_OCC,2025-04-18,Good Friday,H2,G,observance_tier_depth,True,2025-04-18,12,True,True,6,False,2,6,6,pearson,RidgeReg,standard,2,{},2025-04-17 10:00:00,2025-04-19,193.18492331364544,2.5653393149609287,253.815496,3.419,,14,24,4,4,6,4,0.0927380065434082,7529.282709889699,6989.204017242133,193.18492331364544,2.5653393149609287,2.3453811547742953,175.16707116293418,135.87404783783683,1.5626710544784685,0.9656417625433209,86.96844914304913,226.61626734120046,3.150229133575697,3.150229133575697,226.61626734120046,151.12361135545734,1.734847847474919,1.4243005913754039,125.70928687406929,205.57584886470886,2.765647578498482,2.742196728262144,204.01744533143673,185.51449820340568,2.3858792565424327,2.25665604625124,175.16707116293293,86.96844914304913,226.61626734120046,hourly_window_mean_factor_top_available_analogs,4,7044.299828552632,,7044.299828552632,0.0,-38.740837731020164,22.598822009763733,1.2445716971629545e-12,-38.740837731020164,22.598822009763733,1.2445716971629545e-12,-125.70928687406929,-204.01744533143673,-175.16707116293293,135.87404783783683,1.5626710544784685,151.12361135545734,1.734847847474919,226.61626734120046,3.150229133575697,205.57584886470886,2.765647578498482,185.51449820340568,2.3858792565424327,21.040418476491595,0.38458155507721514,-0.1721767929964504,0.179460058418496,125.70928687406929,204.01744533143673,175.16707116293293
experiment_2026_06_15_08_57,SEN_demand_OCC,2025-04-19,Holy Saturday,H3,G,observance_tier_depth,True,2025-04-19,12,True,True,6,False,2,7,6,pearson,RidgeReg,standard,2,{},2025-04-18 10:00:00,2025-04-20,69.44235580898822,0.936241855435589,224.061716,3.133,,14,24,4,4,6,4,0.06027077641637386,7245.868710058493,7282.73669048423,69.44235580898822,0.936241855435589,0.4501053772070304,34.878247573086405,57.52119514453599,0.800177940501895,-0.06425590254206714,-2.0570343286574695,76.39636619658536,1.015612472480244,0.7501494570606709,56.423828682437,220.17302507080376,3.04813014675937,0.14900524149071964,26.393047989559495,186.0719547886017,2.534270238661172,0.49681770065039066,39.82794733014297,198.63550699783403,2.7235870469078765,0.36867626832840655,34.8782475730859,-2.0570343286574695,56.423828682437,hourly_window_mean_factor_top_available_analogs,4,6806.886343881579,,6806.886343881579,0.0,-28.450082318216964,16.595881352294025,5.026154930850393e-13,-28.450082318216964,16.595881352294025,5.026154930850393e-13,-26.393047989559495,-39.827947330142976,-34.8782475730859,57.52119514453599,0.800177940501895,220.17302507080376,3.04813014675937,76.39636619658536,1.015612472480244,186.0719547886017,2.534270238661172,198.63550699783403,2.7235870469078765,-109.67558859201633,-1.518657766180928,-2.247952206257475,-1.7873451914722875,26.393047989559495,39.827947330142976,34.8782475730859
experiment_2026_06_15_08_57,SEN_demand_OCC,2025-05-01,Labor Day,H2,F,observance_tier_depth,True,2025-05-01,12,True,True,6,False,2,8,6,euclidian,PCR,,5,{},2025-04-30 10:00:00,2025-05-02,195.34318758924496,2.023516178456657,233.992182,3.426,,14,24,4,4,6,4,0.06294630121733631,9228.702868164044,8714.752170900525,195.34318758924496,2.023516178456657,1.2549409852497682,131.89955209911238,322.27443866992064,3.094154508570533,3.094154508570533,322.27443866992064,121.29995779218416,1.3989771525568961,0.1820664299793224,20.847534932807548,578.7971073862055,5.531432545750424,5.531432545750424,578.7971073862055,321.65363946313636,3.716000838743985,-1.5692751104188385,-128.79068848502342,416.39070659268816,4.38484409922004,1.0467750786961527,131.89955209911358,322.27443866992064,20.847534932807548,hourly_window_mean_factor_top_available_analogs,4,8065.243604342104,,8065.243604342104,0.0,-256.5226687162849,149.63822341783097,-1.1967035549643793e-12,-256.5226687162849,149.63822341783097,-1.1967035549643793e-12,-578.7971073862055,128.79068848502342,-131.89955209911358,322.27443866992064,3.094154508570533,578.7971073862055,5.531432545750424,121.29995779218416,1.3989771525568961,321.65363946313636,3.716000838743985,416.39070659268816,4.38484409922004,-200.3536816709522,-2.317023686187089,-2.437278037179891,-2.3613279207633835,578.7971073862055,128.79068848502342,131.89955209911358
experiment_2026_06_15_08_57,SEN_demand_OCC,2025-09-16,Independence Day,H2,H,observance_tier_depth,True,2025-09-16,12,True,True,6,False,2,8,6,euclidian,PCR,minmax,5,{},2025-09-15 10:00:00,2025-09-17,1467.9141453106365,19.798187461265265,214.419789,3.095,,14,24,4,4,6,4,0.06713815066551757,5992.970887847258,5638.3746020229955,1467.9141453106365,19.798187461265265,19.798187461265265,1467.9141453106365,1672.8658728825774,20.245976344913675,20.245976344913675,1672.8658728825774,1348.3589708936713,19.53697727913703,19.53697727913703,1348.3589708936713,2215.550643733125,26.709091817399745,26.709091817399745,2215.550643733125,1031.7928545641844,14.709535786086528,14.709535786086528,1031.7928545641844,1467.9141453106363,19.130424850254556,19.130424850254556,1467.9141453106363,1672.8658728825774,1348.3589708936713,hourly_window_mean_factor_top_available_analogs,4,6850.022542171054,,6850.022542171054,0.0,-542.6847708505483,316.56611632948676,1.9147256879430067e-13,-542.6847708505483,316.56611632948676,1.9147256879430067e-13,-2215.5506437331255,-1031.7928545641846,-1467.9141453106363,1672.8658728825774,20.245976344913675,2215.550643733125,26.709091817399745,1348.3589708936713,19.53697727913703,1031.7928545641844,14.709535786086528,1467.9141453106363,19.130424850254556,316.56611632948693,4.827441493050502,-6.46311547248607,0.6677626110107084,2215.5506437331255,1031.7928545641846,1467.9141453106363
experiment_2026_06_15_08_57,SEN_demand_OCC,2025-11-17,Mexican Revolution Day,H2,F,observance_tier_depth,True,2025-11-17,12,True,True,6,False,2,8,6,pearson,RidgeReg,,2,{},2025-11-16 10:00:00,2025-11-18,112.82554964301919,1.522641029947237,259.888933,3.451,,14,24,4,4,6,4,0.06377505503842182,7300.392838108297,7263.358835005325,112.82554964301919,1.522641029947237,0.12722294264843728,18.484263207493672,135.40359244961448,1.8316534761731373,-0.2985210122124307,-11.171766999103186,99.65502467250526,1.3423837696487955,0.37557358298394367,35.78361416134184,233.70181185541767,3.2672063191290155,-1.0799752254851864,-57.95885811464613,159.4290380287355,2.171964309355569,0.7974998553638423,63.07608397874026,186.79269154382894,2.575474523482629,0.10579850978788431,18.484263207492642,-11.171766999103186,35.78361416134184,hourly_window_mean_factor_top_available_analogs,4,7130.512497697368,,7130.512497697368,0.0,46.787091115542935,-27.292469817398416,1.0291650572693661e-12,46.787091115542935,-27.292469817398416,1.0291650572693661e-12,57.95885811464612,-63.07608397874026,-18.484263207492642,135.40359244961448,1.8316534761731373,233.70181185541767,3.2672063191290155,99.65502467250526,1.3423837696487955,159.4290380287355,2.171964309355569,186.79269154382894,2.575474523482629,-59.77401335623024,-0.8295805397067737,-1.4355528429558782,-1.052833493535392,57.95885811464612,63.07608397874026,18.484263207492642
experiment_2026_06_15_08_57,SEN_demand_OCC,2025-12-24,Christmas Eve,H1,G,observance_tier_depth,True,2025-12-24,12,True,True,6,False,2,8,6,pearson,RidgeReg,,2,{},2025-12-23 10:00:00,2025-12-25,935.4754175813441,12.928047674628518,247.729891,3.246,,14,24,4,4,6,4,0.0700053433108282,8558.337211195509,8408.425193515735,935.4754175813441,12.928047674628518,-12.15742430472394,-871.3912506691925,386.83775883667346,4.465379299476704,-2.373687295449991,-212.89502007511874,1255.5140518490687,17.86460422680041,-17.86460422680041,-1255.5140518490687,748.4869565968362,8.802602526420229,-8.802602526420229,-748.4869565968362,943.0854222114007,13.369492172126352,-13.369492172126352,-943.0854222114007,871.3912506691928,11.686953881603042,-11.686953881603042,-871.3912506691928,-212.89502007511874,-1255.5140518490687,hourly_window_mean_factor_top_available_analogs,4,8118.776223026316,,8118.776223026316,0.0,535.5919365217175,-312.428629637668,3.111429242907386e-13,535.5919365217175,-312.428629637668,3.111429242907386e-13,748.4869565968362,943.0854222114007,871.3912506691928,386.83775883667346,4.465379299476704,748.4869565968362,8.802602526420229,1255.5140518490687,17.86460422680041,943.0854222114007,13.369492172126352,871.3912506691928,11.686953881603042,312.428629637668,4.495112054674058,-4.337223226943524,1.2410937930254757,748.4869565968362,943.0854222114007,871.3912506691928
experiment_2026_06_15_08_57,SEN_demand_OCC,2025-12-25,Christmas Day,H2,I,observance_tier_depth,True,2025-12-25,12,True,True,4,False,2,8,4,pearson,RidgeReg,standard,2,{},2025-12-24 10:00:00,2025-12-26,259.22879455709995,4.328245584371237,288.510771,3.757,,14,24,4,4,4,4,0.12239403219533758,6542.8386240396285,6033.92880230748,259.22879455709995,4.328245584371237,-4.041603198932301,-238.75267298699595,359.24632096385255,5.18846074790367,-4.758043469272607,-326.33205629474,200.88523748649436,3.8264534056439836,-3.6236797079004557,-187.66469939081193,421.054113137277,6.081792358483753,-5.814719156701543,-400.63024736132445,208.55007257734994,3.9596063840489477,-2.8912296706852305,-144.32408793530587,286.8410348889021,4.741464374630191,-3.968304744480713,-238.75267298699697,-326.33205629474,-187.66469939081193,hourly_window_mean_factor_top_available_analogs,4,5932.4009125,,5932.4009125,0.0,74.29819106658442,-43.340611455506064,9.573628439715034e-13,74.29819106658442,-43.340611455506064,9.573628439715034e-13,400.63024736132445,144.32408793530587,238.7526729869969,359.24632096385255,5.18846074790367,421.054113137277,6.081792358483753,200.88523748649436,3.8264534056439836,208.55007257734994,3.9596063840489477,286.8410348889021,4.741464374630191,-7.664835090855576,-0.1331529784049641,-0.8933316105800833,-0.4132187902589548,400.63024736132445,144.32408793530587,238.7526729869969
experiment_2026_06_15_08_57,SEN_demand_OCC,2025-12-31,New Year's Eve,H1,G,observance_tier_depth,True,2025-12-31,12,True,True,2,False,2,8,2,pearson,PLS,minmax,2,{},2025-12-30 10:00:00,2026-01-01,168.56182121724964,2.2826952244282905,254.831728,3.415,,14,24,2,4,2,2,0.07487141949824233,7356.060217835159,6903.7438627511465,168.56182121724964,2.2826952244282905,1.2451944323033908,88.99206558589482,145.52179854678408,1.8420008367850202,-0.9131108103534442,-66.2268872648917,182.00183444168786,2.5397669505535316,2.5042058238532103,179.53645474885363,152.72926160036863,1.900442293731335,-0.21874405787567416,-9.028519860821818,151.00605913853812,2.0909252539781544,2.020132283038031,146.17074042981042,151.64092320342306,2.020747321255642,1.1952831048066659,88.99206558589329,-66.2268872648917,179.53645474885363,hourly_window_mean_factor_top_available_analogs,2,8075.698482894737,,8075.698482894737,0.0,-57.19836740406988,33.365714319043185,1.5317805503544054e-12,-57.19836740406988,33.365714319043185,1.5317805503544054e-12,9.028519860821824,-146.17074042981045,-88.99206558589329,145.52179854678408,1.8420008367850202,152.72926160036863,1.900442293731335,182.00183444168786,2.5397669505535316,151.00605913853812,2.0909252539781544,151.64092320342306,2.020747321255642,30.995775303149742,0.4488416965753772,-0.05844145694631475,0.2619479031726484,9.028519860821824,146.17074042981045,88.99206558589329
experiment_2026_06_15_08_57,SEN_demand_OCC,2026-01-01,New Year's Day,H3,I,observance_tier_depth,True,2026-01-01,12,True,True,2,False,2,8,2,pearson,PLS,minmax,2,{},2025-12-31 10:00:00,2026-01-02,173.85536058227362,2.756681758421999,248.958651,3.324,,14,24,2,4,2,2,0.10531762276904973,6245.600265079512,5918.489363405402,173.85536058227362,2.756681758421999,0.3599863532821666,46.12028176259271,296.53121847915634,4.198733205431071,4.198733205431071,296.53121847915634,102.29444347575868,1.91548508100004,-1.8792826438046948,-99.95276465540273,249.91059044716252,3.5600268274144455,3.5600268274144455,249.91059044716252,82.49730257455288,1.4727867540680901,-1.3023909472419637,-72.7573983034052,144.17588231709328,2.2417699389851684,0.4890261276314503,46.12028176259343,296.53121847915634,-99.95276465540273,hourly_window_mean_factor_top_available_analogs,2,5957.0426698684205,,5957.0426698684205,0.0,46.62062803199381,-27.195366351997524,-7.180221329786276e-13,46.62062803199381,-27.195366351997524,-7.180221329786276e-13,-249.91059044716252,72.75739830340521,-46.12028176259343,296.53121847915634,4.198733205431071,249.91059044716252,3.5600268274144455,102.29444347575868,1.91548508100004,82.49730257455288,1.4727867540680901,144.17588231709328,2.2417699389851684,19.797140901205807,0.44269832693194977,0.6387063780166256,0.5149118194368305,249.91059044716252,72.75739830340521,46.12028176259343
experiment_2026_06_15_08_57,SEN_demand_OCC,2026-02-02,Constitution Day,H2,H,observance_tier_depth,True,2026-02-02,12,True,True,2,False,2,8,2,pearson,PLS,minmax,2,{},2026-02-01 10:00:00,2026-02-03,168.70437248968005,2.4166180561660706,247.062023,3.376,,14,24,2,4,2,2,0.07521454366874285,7148.952050768065,7131.64374267208,168.70437248968005,2.4166180561660706,0.14995299506104784,20.702423968777424,197.6911929266475,2.924630823097644,-1.5149719386822507,-87.20275607546591,151.79539390144907,2.1202772754559867,1.1211592064113052,83.64711232791937,180.7747375254888,2.6928416516352334,-1.5212915070173572,-89.63079600811417,150.55780483151023,2.134339027812952,1.1745255130788808,85.06346895529687,161.6903589819234,2.3401031523790556,0.18132976883289825,20.702423968777016,-87.20275607546591,83.64711232791937,hourly_window_mean_factor_top_available_analogs,2,7014.034750657895,,7014.034750657895,0.0,2.428039932648257,-1.4163566273775057,4.0687920868788895e-13,2.428039932648257,-1.4163566273775057,4.0687920868788895e-13,89.63079600811417,-85.06346895529688,-20.702423968777016,197.6911929266475,2.924630823097644,180.7747375254888,2.6928416516352334,151.79539390144907,2.1202772754559867,150.55780483151023,2.134339027812952,161.6903589819234,2.3401031523790556,1.2375890699388492,-0.014061752356965496,0.23178917146241051,0.07651490378701498,89.63079600811417,85.06346895529688,20.702423968777016
experiment_2026_06_15_08_57,SEN_demand_OCC,2026-03-16,Benito Juarez's Birthday,H2,H,observance_tier_depth,True,2026-03-16,12,True,True,2,False,2,8,2,pearson,PLS,minmax,2,{},2026-03-15 10:00:00,2026-03-17,218.3761919949896,2.9421730507170265,249.653293,3.426,,14,24,2,4,2,2,0.07308502684227276,7569.182170279756,7500.23532784422,218.3761919949896,2.9421730507170265,0.6716479153399638,61.154710772875994,273.63005171934583,3.787819470791491,-2.375034468089107,-153.11396874067682,186.14477382244846,2.448879305673589,2.448879305673589,186.14477382244846,273.6922828466009,3.7918670877882428,-2.4131357508010356,-156.0711387044243,187.8697896346338,2.4748880498176207,2.4748880498176207,187.8697896346338,219.48860292325327,2.960090853280482,0.6740371759054844,61.15471077287557,-153.11396874067682,186.14477382244846,hourly_window_mean_factor_top_available_analogs,2,7087.6638815789465,,7087.6638815789465,0.0,2.957169963747479,-1.7250158121853474,4.308132797871765e-13,2.957169963747479,-1.7250158121853474,4.308132797871765e-13,156.0711387044243,-187.8697896346338,-61.15471077287556,273.63005171934583,3.787819470791491,273.6922828466009,3.7918670877882428,186.14477382244846,2.448879305673589,187.8697896346338,2.4748880498176207,219.48860292325327,2.960090853280482,-1.7250158121853474,-0.02600874414403176,-0.004047616996751824,-0.01791780256345543,156.0711387044243,187.8697896346338,61.15471077287556
experiment_2026_06_15_08_57,SEN_demand_OCC,2026-04-02,Maundy Thursday,H1,G,observance_tier_depth,True,2026-04-02,12,True,True,2,False,2,8,2,pearson,PLS,minmax,2,{},2026-04-01 10:00:00,2026-04-03,186.1228536379496,2.116689175901662,257.393097,3.529,,14,24,2,4,2,2,0.06310045175740409,8858.82558106951,8483.761864367038,186.1228536379496,2.116689175901662,-0.4786976955020923,-34.07421764845984,243.5660788916748,2.6048989435646397,-0.6496615549115645,-48.13223398804218,152.61430557327654,1.8319001447649246,-0.37896877751323355,-25.873708117036813,244.05778164570373,2.637415377434078,-1.34180530110965,-114.809209251942,156.46862953219036,1.8779914946198772,0.0992378708733872,13.021194120242512,188.73831715295844,2.157779240919846,-0.4316727714361531,-34.074217648457044,-48.13223398804218,-25.873708117036813,hourly_window_mean_factor_top_available_analogs,2,8667.015525657895,,8667.015525657895,0.0,66.67697526389982,-38.894902237279325,-2.8002863186166475e-12,66.67697526389982,-38.894902237279325,-2.8002863186166475e-12,114.80920925194201,-13.021194120242512,34.074217648457044,243.5660788916748,2.6048989435646397,244.05778164570373,2.637415377434078,152.61430557327654,1.8319001447649246,156.46862953219036,1.8779914946198772,188.73831715295844,2.157779240919846,-3.854323958913824,-0.04609134985495267,-0.032516433869438366,-0.0410900650181838,114.80920925194201,13.021194120242512,34.074217648457044
experiment_2026_06_15_08_57,SEN_demand_OCC,2026-04-03,Good Friday,H2,G,observance_tier_depth,True,2026-04-03,12,True,True,2,False,2,8,2,pearson,PLS,minmax,2,{},2026-04-02 10:00:00,2026-04-04,286.990008495402,3.952210709455622,263.800021,3.579,,14,24,2,4,2,2,0.08705553617331219,7983.789942253675,7539.579300666685,286.990008495402,3.952210709455622,-3.704130757553319,-267.05504330630885,241.8185049742349,2.914565998783189,-2.914565998783189,-241.8185049742349,313.34005221608277,4.557503457347873,-4.164710200169228,-281.776357333352,307.4079517559523,3.6707607485100717,-3.6707607485100717,-307.4079517559523,274.4877171496846,3.970554658733743,-3.584294406070908,-243.51584671067917,286.6162246362044,3.8601042707566005,-3.6161504269695475,-267.0550433063061,-241.8185049742349,-281.776357333352,hourly_window_mean_factor_top_available_analogs,2,7059.565358684211,,7059.565358684211,0.0,65.5894467817174,-38.260510622672804,-2.7284841053187847e-12,65.5894467817174,-38.260510622672804,-2.7284841053187847e-12,307.4079517559523,243.5158467106792,267.0550433063061,241.8185049742349,2.914565998783189,307.4079517559523,3.6707607485100717,313.34005221608277,4.557503457347873,274.4877171496846,3.970554658733743,286.6162246362044,3.8601042707566005,38.852335066398155,0.58694879861413,-0.7561947497268826,0.09210643869902135,307.4079517559523,243.5158467106792,267.0550433063061
experiment_2026_06_15_08_57,SEN_demand_OCC,2026-04-04,Holy Saturday,H3,G,observance_tier_depth,True,2026-04-04,12,True,True,3,False,2,9,3,pearson,LassoReg,,2,{},2026-04-03 10:00:00,2026-04-05,107.17387927759292,1.520839809781263,259.346029,3.572,,14,24,3,4,3,3,0.06271505155897433,7384.004091295369,7457.616549116449,107.17387927759292,1.520839809781263,-0.9037725005665268,-61.160337084842205,106.5586043279978,1.567664558434597,-0.9568802784122241,-57.2976700306599,107.53278966485675,1.493525373066818,-0.8727929634898701,-63.41355953311521,287.8542350461313,4.164826794032094,-1.6891221568253887,-90.40994530735614,222.04778289073207,3.070129199796522,-0.735166095711906,-44.098065621709644,246.29226526377388,3.4734388397780482,-1.08662359191161,-61.16033708484256,-57.2976700306599,-63.41355953311521,hourly_window_mean_factor_top_available_analogs,3,7123.049404824561,,7123.049404824561,0.0,33.112275276696245,-19.31549391140557,3.590110664893138e-13,33.112275276696245,-19.31549391140557,3.590110664893138e-13,90.40994530735614,44.09806562170964,61.16033708484257,106.5586043279978,1.567664558434597,287.8542350461313,4.164826794032094,107.53278966485675,1.493525373066818,222.04778289073207,3.070129199796522,246.29226526377388,3.4734388397780482,-114.51499322587532,-1.576603826729704,-2.597162235597497,-1.9525990299967853,90.40994530735614,44.09806562170964,61.16033708484257
experiment_2026_06_15_08_57,SEN_demand_OCC,2026-05-01,Labor Day,H2,F,observance_tier_depth,True,2026-05-01,12,True,True,3,False,2,10,3,pearson,LassoReg,,2,{},2026-04-30 10:00:00,2026-05-02,483.05106258357006,5.454634804754076,186.092687,2.647,,14,24,3,4,3,3,0.08253670357414576,10085.33085096079,9583.76898818217,483.05106258357006,5.454634804754076,-5.430600794444172,-480.53153017131586,134.02496441454437,1.2346304863911501,-1.1693953155499808,-127.18623358128272,686.6496198488352,7.916303990465784,-7.916303990465784,-686.6496198488352,417.8471285806546,3.920747679288227,-3.3491404905656816,-353.9388091148797,556.4078792514266,6.59222399456761,-6.571328220796936,-554.3772841209046,505.35918163587905,5.607995878412048,-5.38420642544858,-480.53153017131643,-127.18623358128272,-686.6496198488352,hourly_window_mean_factor_top_available_analogs,3,8168.164491491228,,8168.164491491228,0.0,226.75257553359694,-132.27233572793057,6.222858485814772e-13,226.75257553359694,-132.27233572793057,6.222858485814772e-13,353.93880911487963,554.3772841209046,480.5315301713165,134.02496441454437,1.2346304863911501,417.8471285806546,3.920747679288227,686.6496198488352,7.916303990465784,556.4078792514266,6.59222399456761,505.35918163587905,5.607995878412048,130.24174059740858,1.324079995898174,-2.686117192897077,-0.15336107365797158,353.93880911487963,554.3772841209046,480.5315301713165
experiment_2026_06_15_08_57,SEN_demand_ORI,2025-01-01,New Year's Day,H3,I,observance_tier_depth,True,2025-01-01,12,True,True,3,False,2,6,3,euclidian,PLS,minmax,3,{},2024-12-31 10:00:00,2025-01-02,343.57880907215355,6.575198541556374,234.805062,3.845,,14,24,3,4,3,3,0.11312282638675851,4946.789190376622,4607.527299950795,343.57880907215355,6.575198541556374,6.545850652058777,342.01124830758806,313.46555882578025,5.2723521839103125,5.1926936267025505,309.2107510362456,361.1448717158712,7.335192250183244,7.335192250183244,361.1448717158712,323.18967024077523,5.4329502845413415,5.374039632979995,320.04307170904394,354.82601799007244,7.184377453782602,7.184377453782602,354.82601799007244,343.17052145085773,6.539114812483191,6.517410888223747,342.01124830758835,309.2107510362456,361.1448717158712,hourly_window_mean_factor_top_available_analogs,3,4832.452815789474,,4832.452815789474,0.0,-10.832320672798362,6.318853725798685,-2.2737367544323206e-13,-10.832320672798362,6.318853725798685,-2.2737367544323206e-13,-320.04307170904394,-354.8260179900725,-342.0112483075883,313.46555882578025,5.2723521839103125,323.18967024077523,5.4329502845413415,361.1448717158712,7.335192250183244,354.82601799007244,7.184377453782602,343.17052145085773,6.539114812483191,6.3188537257987605,0.15081479640064188,-0.16059810063102908,0.03608372907318369,320.04307170904394,354.8260179900725,342.0112483075883
experiment_2026_06_15_08_57,SEN_demand_ORI,2025-02-03,Constitution Day,H2,H,observance_tier_depth,True,2025-02-03,12,True,True,4,False,2,6,4,pearson,RidgeReg,standard,2,{},2025-02-02 10:00:00,2025-02-04,187.06790729406822,3.3916679107112233,239.666695,4.049,,14,24,4,4,4,4,0.07726503893847497,5248.281978283412,5174.998698108098,187.06790729406822,3.3916679107112233,3.3275703438519857,183.74849461132476,202.79623498747839,3.5623416186167502,3.5623416186167502,202.79623498747839,177.89304947291228,3.292108247766334,3.1906204335725405,172.63731272523512,206.6600194095385,3.784466480995573,3.784466480995573,206.6600194095385,171.77106793943142,3.187748017586493,3.1609530147909357,170.38343847903323,184.62489216526035,3.4075916620003652,3.3906685023400125,183.74849461132465,202.79623498747839,172.63731272523512,hourly_window_mean_factor_top_available_analogs,4,5211.542790855263,,5211.542790855263,0.0,-3.8637844220601045,2.2538742462018795,9.573628439715034e-14,-3.8637844220601045,2.2538742462018795,9.573628439715034e-14,-206.66001940953848,-170.38343847903323,-183.74849461132467,202.79623498747839,3.5623416186167502,206.6600194095385,3.784466480995573,177.89304947291228,3.292108247766334,171.77106793943142,3.187748017586493,184.62489216526035,3.4075916620003652,6.121981533480863,0.10436023017984075,-0.22212486237882256,-0.01592375128914192,206.66001940953848,170.38343847903323,183.74849461132467
experiment_2026_06_15_08_57,SEN_demand_ORI,2025-03-17,Benito Juarez's Birthday,H2,H,observance_tier_depth,True,2025-03-17,12,True,True,4,False,2,6,4,pearson,LassoReg,,2,{},2025-03-16 10:00:00,2025-03-18,395.14838553228265,6.595191783996476,225.521648,3.848,,14,24,4,4,4,4,0.07282151782978381,6271.337881584915,6077.279565569949,395.14838553228265,6.595191783996476,-6.595191783996476,-395.14838553228265,427.1480183248542,6.86750670938479,-6.86750670938479,-427.1480183248542,376.48193306994926,6.436341410853295,-6.436341410853295,-376.48193306994926,329.5831822215449,5.313472678374552,-5.313472678374552,-329.5831822215449,433.3947541302136,7.538667680157684,-7.538667680157684,-433.3947541302136,395.14838553228304,6.718858995290216,-6.718858995290216,-395.14838553228304,-427.1480183248542,-376.48193306994926,hourly_window_mean_factor_top_available_analogs,4,6365.733806381579,,6365.733806381579,0.0,-97.56483610330932,56.91282106026434,3.590110664893138e-13,-97.56483610330932,56.91282106026434,3.590110664893138e-13,329.5831822215449,433.3947541302136,395.148385532283,427.1480183248542,6.86750670938479,329.5831822215449,5.313472678374552,376.48193306994926,6.436341410853295,433.3947541302136,7.538667680157684,395.14838553228304,6.718858995290216,-56.91282106026432,-1.1023262693043892,1.5540340310102376,-0.12366721129373914,329.5831822215449,433.3947541302136,395.148385532283
experiment_2026_06_15_08_57,SEN_demand_ORI,2025-04-17,Maundy Thursday,H1,G,observance_tier_depth,True,2025-04-17,12,True,True,4,False,2,6,4,pearson,RidgeReg,,2,{},2025-04-16 10:00:00,2025-04-18,128.9013723737736,1.983456032654471,227.132913,3.872,,14,24,4,4,4,4,0.06829625490657898,6773.610903607996,6627.052498222532,128.9013723737736,1.983456032654471,-1.6344025662418444,-103.9230536079946,97.92359365160337,1.3689724919719535,-1.3086049086435234,-93.73633712592957,146.97174329503957,2.341904764719273,-1.8244511998408652,-109.86530488919921,268.6300047634305,3.9155748073875998,-3.9155748073875998,-268.6300047634305,254.14100345237105,3.90696859865875,-0.32872072192019547,-7.843998767326222,259.47905656697196,3.9101393071378014,-1.6501932797239762,-103.92305360799624,-93.73633712592957,-109.86530488919921,hourly_window_mean_factor_top_available_analogs,4,6261.990922039473,,6261.990922039473,0.0,174.89366763750098,-102.021306121873,1.6275168347515558e-12,174.89366763750098,-102.021306121873,1.6275168347515558e-12,268.6300047634305,7.843998767326212,103.92305360799624,97.92359365160337,1.3689724919719535,268.6300047634305,3.9155748073875998,146.97174329503957,2.341904764719273,254.14100345237105,3.90696859865875,259.47905656697196,3.9101393071378014,-107.16926015733148,-1.5650638339394773,-2.5466023154156465,-1.9266832744833304,268.6300047634305,7.843998767326212,103.92305360799624
experiment_2026_06_15_08_57,SEN_demand_ORI,2025-04-18,Good Friday,H2,G,observance_tier_depth,True,2025-04-18,12,True,True,4,False,2,6,4,pearson,RidgeReg,,2,{},2025-04-17 10:00:00,2025-04-19,300.08254824840475,4.624895787995676,203.393694,3.477,,14,24,4,4,4,4,0.06700526317302265,6152.8095410032765,5903.336690935789,300.08254824840475,4.624895787995676,4.6024434506829754,298.7256255756707,203.82827684987873,2.894683291181348,2.8337412327611595,200.14520102388627,356.2308732308784,5.634186411137368,5.634186411137368,356.2308732308784,238.76351239415058,3.417970967771787,3.417970967771787,238.76351239415058,333.70352493155764,5.156397451636129,5.156397451636129,333.70352493155764,298.7256255756708,4.515924536528213,4.515924536528213,298.7256255756708,200.14520102388627,356.2308732308784,hourly_window_mean_factor_top_available_analogs,4,6350.401540460526,,6350.401540460526,0.0,-38.6183113702643,22.52734829932073,-7.180221329786275e-14,-38.6183113702643,22.52734829932073,-7.180221329786275e-14,-238.76351239415058,-333.70352493155764,-298.72562557567073,203.82827684987873,2.894683291181348,238.76351239415058,3.417970967771787,356.2308732308784,5.634186411137368,333.70352493155764,5.156397451636129,298.7256255756708,4.515924536528213,22.52734829932075,0.4777889595012397,-0.5232876765904391,0.10897125146746323,238.76351239415058,333.70352493155764,298.72562557567073
experiment_2026_06_15_08_57,SEN_demand_ORI,2025-04-19,Holy Saturday,H3,G,observance_tier_depth,True,2025-04-19,12,True,True,4,False,2,7,4,pearson,LassoReg,,2,{},2025-04-18 10:00:00,2025-04-20,572.686462806784,8.712430460927964,198.564747,3.449,,14,24,4,4,4,4,0.06426949905761917,5872.775370805317,5671.743970432629,572.686462806784,8.712430460927964,8.623812191195366,567.6714344578417,204.87874121720512,3.07119344184946,2.8306581382895466,191.2665214129331,787.2409670673716,12.003152055390425,12.003152055390425,787.2409670673716,229.20913909011298,3.391268406133193,2.986544700373046,206.34871310449034,778.4430219139623,11.733098318050759,11.733098318050759,778.4430219139623,576.0936966630703,8.6597925610285,8.510683827327393,567.671434457841,191.2665214129331,787.2409670673716,hourly_window_mean_factor_top_available_analogs,4,6153.654938223684,,6153.654938223684,0.0,-15.08219169155726,8.79794515340931,5.74417706382902e-13,-15.08219169155726,8.79794515340931,5.74417706382902e-13,-206.34871310449034,-778.4430219139623,-567.6714344578411,204.87874121720512,3.07119344184946,229.20913909011298,3.391268406133193,787.2409670673716,12.003152055390425,778.4430219139623,11.733098318050759,576.0936966630703,8.6597925610285,8.797945153409273,0.27005373733966564,-0.32007496428373283,0.0526378998994641,206.34871310449034,778.4430219139623,567.6714344578411
experiment_2026_06_15_08_57,SEN_demand_ORI,2025-05-01,Labor Day,H2,F,observance_tier_depth,True,2025-05-01,12,True,True,7,False,2,8,7,pearson,RidgeReg,standard,2,{},2025-04-30 10:00:00,2025-05-02,74.95213469569724,1.0441836894793313,241.801563,4.12,,14,24,4,4,7,4,0.06960315485863976,7112.210036669031,6854.101655034242,74.95213469569724,1.0441836894793313,0.24055069297143178,17.819060962549287,91.02762761706506,1.1902115175049908,0.4953539671447457,35.20374909990479,65.57476382489934,0.9590007897976971,0.09191544970366528,7.677992882425239,174.92392352530098,2.3207031577647004,2.2194744054758684,166.92230513444306,135.43569314943045,2.0973943983475074,-1.173110504463743,-69.15783147105765,149.98398855106697,2.179666046553842,0.07678919919821908,17.819060962547873,35.20374909990479,7.677992882425239,hourly_window_mean_factor_top_available_analogs,4,6333.673184276316,,6333.673184276316,0.0,-131.71855603453827,76.83582435348289,1.4121101948579675e-12,-131.71855603453827,76.83582435348289,1.4121101948579675e-12,-166.92230513444306,69.15783147105765,-17.819060962547876,91.02762761706506,1.1902115175049908,174.92392352530098,2.3207031577647004,65.57476382489934,0.9590007897976971,135.43569314943045,2.0973943983475074,149.98398855106697,2.179666046553842,-69.86092932453111,-1.1383936085498103,-1.1304916402597096,-1.135482357074511,166.92230513444306,69.15783147105765,17.819060962547876
experiment_2026_06_15_08_57,SEN_demand_ORI,2025-09-16,Independence Day,H2,H,observance_tier_depth,True,2025-09-16,12,True,True,7,False,2,8,7,pearson,RidgeReg,standard,2,{},2025-09-15 10:00:00,2025-09-17,323.04675359648394,5.040287666705396,226.734385,3.823,,14,24,4,4,7,4,0.07314510728573725,6182.344911666674,5890.373690403695,323.04675359648394,5.040287666705396,5.040287666705396,323.04675359648394,378.4075633110751,5.366797911236934,5.366797911236934,378.4075633110751,290.752947929639,4.849823357395333,4.849823357395333,290.752947929639,580.0147673113016,8.2387746498976,8.2387746498976,580.0147673113016,173.14874559617286,2.708016402713086,2.708016402713086,173.14874559617286,323.0467535964836,4.745664177991593,4.745664177991593,323.0467535964836,378.4075633110751,290.752947929639,hourly_window_mean_factor_top_available_analogs,4,6372.762863947369,,6372.762863947369,0.0,-201.60720400022657,117.60420233346615,4.0687920868788895e-13,-201.60720400022657,117.60420233346615,4.0687920868788895e-13,-580.0147673113016,-173.14874559617283,-323.04675359648354,378.4075633110751,5.366797911236934,580.0147673113016,8.2387746498976,290.752947929639,4.849823357395333,173.14874559617286,2.708016402713086,323.0467535964836,4.745664177991593,117.60420233346613,2.1418069546822465,-2.871976738660666,0.2946234887138033,580.0147673113016,173.14874559617283,323.04675359648354
experiment_2026_06_15_08_57,SEN_demand_ORI,2025-11-17,Mexican Revolution Day,H2,F,observance_tier_depth,True,2025-11-17,12,True,True,7,False,2,8,7,pearson,RidgeReg,standard,2,{},2025-11-16 10:00:00,2025-11-18,92.67831166857177,1.4426163080746335,242.127326,3.998,,14,24,4,4,7,4,0.07683060361336423,6067.236213086221,5972.363146676081,92.67831166857177,1.4426163080746335,1.189934563960755,79.44760428219902,91.21615163925162,1.391786386530191,1.391786386530191,91.21615163925162,93.53123835234184,1.4722670956422252,1.0721876674619177,72.58261832391834,111.9144651872036,1.7488464343961032,1.7488464343961032,111.9144651872036,106.22869071058115,1.7221667694424163,0.8739265039625925,60.50860208761454,108.32344972828416,1.7319961196885114,1.1962654257012542,79.44760428219998,91.21615163925162,72.58261832391834,hourly_window_mean_factor_top_available_analogs,4,5669.03190506579,,5669.03190506579,0.0,-20.69831354795198,12.074016236303805,-9.573628439715034e-13,-20.69831354795198,12.074016236303805,-9.573628439715034e-13,-111.9144651872036,-60.508602087614534,-79.44760428219998,91.21615163925162,1.391786386530191,111.9144651872036,1.7488464343961032,93.53123835234184,1.4722670956422252,106.22869071058115,1.7221667694424163,108.32344972828416,1.7319961196885114,-12.697452358239303,-0.24989967380019107,-0.3570600478659123,-0.28937981161387794,111.9144651872036,60.508602087614534,79.44760428219998
experiment_2026_06_15_08_57,SEN_demand_ORI,2025-12-24,Christmas Eve,H1,G,observance_tier_depth,True,2025-12-24,12,True,True,7,False,2,8,7,pearson,RidgeReg,standard,2,{},2025-12-23 10:00:00,2025-12-25,221.94020206308952,3.8115045360706117,222.659588,3.618,,14,24,4,4,7,4,0.06853156308392454,5869.559558370944,5647.603001648665,221.94020206308952,3.8115045360706117,2.279046264133447,128.81894005010955,62.377838625218565,0.9828904106568529,0.44040151860877,28.376198676577328,315.01824740184753,5.461529442561971,3.3515890323561752,187.41053918467,67.67431145271237,1.0667559720765987,0.3735102227493742,24.77415268903022,236.84980542719381,4.090992683270986,3.3109436570948945,189.51173267740464,174.52199185764803,2.9768002107256857,2.228731339178124,128.8189400501088,28.376198676577328,187.41053918467,hourly_window_mean_factor_top_available_analogs,4,5348.146820526315,,5348.146820526315,0.0,3.6020459875471067,-2.1011934927346374,7.419562040779151e-13,3.6020459875471067,-2.1011934927346374,7.419562040779151e-13,-24.77415268903022,-189.51173267740464,-128.8189400501088,62.377838625218565,0.9828904106568529,67.67431145271237,1.0667559720765987,315.01824740184753,5.461529442561971,236.84980542719381,4.090992683270986,174.52199185764803,2.9768002107256857,78.16844197465372,1.3705367592909843,-0.08386556141974577,0.834704325344926,24.77415268903022,189.51173267740464,128.8189400501088
experiment_2026_06_15_08_57,SEN_demand_ORI,2025-12-25,Christmas Day,H2,I,observance_tier_depth,True,2025-12-25,12,True,True,7,False,2,8,7,pearson,RidgeReg,standard,2,{},2025-12-24 10:00:00,2025-12-26,169.5988720989649,3.1163008371967456,229.930012,3.744,,14,24,4,4,7,4,0.11040153839659712,5342.491391385054,5022.613898929944,169.5988720989649,3.1163008371967456,2.9442667241567158,159.46655861494497,93.42029386280981,1.5674553352647203,1.1005055998703528,65.91830012047,214.03637607005535,4.019794046657093,4.019794046657093,214.03637607005535,84.17869286095129,1.4061613083907452,0.23250443361769557,13.377433439082065,244.68521496753283,4.75016788610824,4.75016788610824,244.68521496753283,185.55123313879227,3.518165462738638,3.0857655615064608,159.4665586149457,65.91830012047,214.03637607005535,hourly_window_mean_factor_top_available_analogs,4,4946.539721513157,,4946.539721513157,0.0,52.540866681387925,-30.648838897477464,-7.419562040779151e-13,52.540866681387925,-30.648838897477464,-7.419562040779151e-13,-13.377433439082068,-244.68521496753283,-159.4665586149457,93.42029386280981,1.5674553352647203,84.17869286095129,1.4061613083907452,214.03637607005535,4.019794046657093,244.68521496753283,4.75016788610824,185.55123313879227,3.518165462738638,-30.648838897477475,-0.730373839451147,0.1612940268739751,-0.4018646255418923,13.377433439082068,244.68521496753283,159.4665586149457
experiment_2026_06_15_08_57,SEN_demand_ORI,2025-12-31,New Year's Eve,H1,G,observance_tier_depth,True,2025-12-31,12,True,True,7,False,2,8,7,pearson,RidgeReg,standard,2,{},2025-12-30 10:00:00,2026-01-01,145.96299731526807,2.804508910675852,217.036466,3.484,,14,24,4,4,7,4,0.06764641149747684,5256.748241360217,4987.065039395925,145.96299731526807,2.804508910675852,0.35034265176355117,11.987013639782976,126.95350115614708,2.2621352497971503,-2.2621352497971503,-126.95350115614708,157.05187007475533,3.120893546188428,1.8742880943406268,93.03564727074217,45.1932335729585,0.8123243217533417,-0.2505519539420161,-12.759194787390177,129.1789139098662,2.5715513863611292,0.4466535602225223,26.422301888966633,98.23682115416337,1.9234150994003651,0.18978837079348185,11.987013639782546,-126.95350115614708,93.03564727074217,hourly_window_mean_factor_top_available_analogs,4,5511.80662,,5511.80662,0.0,-114.1943063687569,66.61334538177555,4.308132797871765e-13,-114.1943063687569,66.61334538177555,4.308132797871765e-13,12.759194787390186,-26.42230188896663,-11.987013639782544,126.95350115614708,2.2621352497971503,45.1932335729585,0.8123243217533417,157.05187007475533,3.120893546188428,129.1789139098662,2.5715513863611292,98.23682115416337,1.9234150994003651,27.872956164889132,0.5493421598272987,1.4498109280438087,0.8810938112754867,12.759194787390186,26.42230188896663,11.987013639782544
experiment_2026_06_15_08_57,SEN_demand_ORI,2026-01-01,New Year's Day,H3,I,observance_tier_depth,True,2026-01-01,12,True,True,7,False,2,8,7,pearson,RidgeReg,standard,2,{},2025-12-31 10:00:00,2026-01-02,194.13948754613526,4.000480307808864,214.831383,3.457,,14,24,4,4,7,4,0.0928328109509781,5020.271543988682,4811.378670503041,194.13948754613526,4.000480307808864,-3.1684310774250264,-151.55885188341858,176.60445676286872,3.265738662890206,-1.0073193232769315,-61.028445678352,204.36825550304073,4.429079600678082,-4.429079600678082,-204.36825550304073,440.79078463651194,8.473926891398122,7.743405568695997,402.19946519899315,479.0068737092549,10.735058955227872,-10.641674178761129,-474.58453684815987,464.9272619456127,9.9020103001327,-3.868223745487451,-151.55885188341927,-61.028445678352,-204.36825550304073,hourly_window_mean_factor_top_available_analogs,4,4963.099529868421,,4963.099529868421,0.0,-463.22791087734515,270.2162813451191,6.9408806187934e-13,-463.22791087734515,270.2162813451191,6.9408806187934e-13,-402.19946519899315,474.5845368481598,151.55885188341927,176.60445676286872,3.265738662890206,440.79078463651194,8.473926891398122,204.36825550304073,4.429079600678082,479.0068737092549,10.735058955227872,464.9272619456127,9.9020103001327,-274.6386182062141,-6.30597935454979,-5.208188228507916,-5.901529992323836,402.19946519899315,474.5845368481598,151.55885188341927
experiment_2026_06_15_08_57,SEN_demand_ORI,2026-02-02,Constitution Day,H2,H,observance_tier_depth,True,2026-02-02,12,True,True,7,False,2,8,7,pearson,RidgeReg,standard,2,{},2026-02-01 10:00:00,2026-02-03,121.56868898443537,2.416148180645075,212.98061,3.563,,14,24,4,4,7,4,0.07586998626290807,5266.10403312425,5179.068821952558,121.56868898443537,2.416148180645075,-1.9361436507263707,-93.78322075582858,103.53106695503,1.9348652562239026,-0.6946515851847552,-31.608572275720626,132.09063516825518,2.6968965532240925,-2.6603473556256465,-130.0517657025582,53.03587802116681,0.9536413232799322,-0.12716450692648276,-7.700402042887682,143.9981983383783,2.7440218291296516,-2.7440218291296516,-143.9981983383783,110.48576453730038,2.0844079585534385,-1.779916499896905,-93.78322075582912,-31.608572275720626,-130.0517657025582,hourly_window_mean_factor_top_available_analogs,4,5194.8848114473685,,5194.8848114473685,0.0,-23.90817023283294,13.946432635820088,5.504836352836145e-13,-23.90817023283294,13.946432635820088,5.504836352836145e-13,7.700402042887685,143.9981983383783,93.78322075582913,103.53106695503,1.9348652562239026,53.03587802116681,0.9536413232799322,132.09063516825518,2.6968965532240925,143.9981983383783,2.7440218291296516,110.48576453730038,2.0844079585534385,-11.907563170123126,-0.04712527590555915,0.9812239329439704,0.33174022209163656,7.700402042887685,143.9981983383783,93.78322075582913
experiment_2026_06_15_08_57,SEN_demand_ORI,2026-03-16,Benito Juarez's Birthday,H2,H,observance_tier_depth,True,2026-03-16,12,True,True,7,False,2,8,7,pearson,RidgeReg,standard,2,{},2026-03-15 10:00:00,2026-03-17,273.85304682717515,4.405314449442801,203.329805,3.462,,14,24,4,4,7,4,0.07295584869490813,6086.417236263907,5831.549174434779,273.85304682717515,4.405314449442801,3.4510506470411704,215.86335847293566,222.049500092434,3.2514680600628045,1.15919492212471,97.81590774330289,304.07178242244083,5.078391509914466,4.787966486575773,284.7243713985548,287.6956624449821,4.157117621599761,3.272359607054075,236.54877153826925,244.9977725574397,4.04112872912824,3.4188581500297652,203.79686751815612,260.7285740949553,4.083861478986169,3.364885002617669,215.86335847293466,97.81590774330289,284.7243713985548,hourly_window_mean_factor_top_available_analogs,4,5899.64701243421,,5899.64701243421,0.0,-138.73286379496636,80.92750388039867,1.0291650572693661e-12,-138.73286379496636,80.92750388039867,1.0291650572693661e-12,-236.54877153826925,-203.79686751815615,-215.86335847293464,222.049500092434,3.2514680600628045,287.6956624449821,4.157117621599761,304.07178242244083,5.078391509914466,244.9977725574397,4.04112872912824,260.7285740949553,4.083861478986169,59.07400986500113,1.037262780786226,-0.9056495615369569,0.32145297045663224,236.54877153826925,203.79686751815615,215.86335847293464
experiment_2026_06_15_08_57,SEN_demand_ORI,2026-04-02,Maundy Thursday,H1,G,observance_tier_depth,True,2026-04-02,12,True,True,7,False,2,8,7,pearson,RidgeReg,standard,2,{},2026-04-01 10:00:00,2026-04-03,224.34361787818,3.6601653294260568,196.712881,3.386,,14,24,4,4,7,4,0.06589355764082871,6415.295531506988,6251.9899362969445,224.34361787818,3.6601653294260568,-2.254089650787331,-128.16142650698816,165.33912829563673,2.5135730803536256,-2.5135730803536256,-165.33912829563673,258.762903467997,4.329010808051642,-2.1027243168736596,-106.47443379694319,168.5212840544588,2.5572065722762183,-2.5572065722762183,-168.5212840544588,224.08172570771754,3.7839008801783955,-2.0069240143275784,-104.61817627096259,203.61208930914853,3.331960872003909,-2.209659693571814,-128.1614265069875,-165.33912829563673,-106.47443379694319,hourly_window_mean_factor_top_available_analogs,4,6409.977354539473,,6409.977354539473,0.0,3.182155758822059,-1.8562575259805953,-6.701539907800523e-13,3.182155758822059,-1.8562575259805953,-6.701539907800523e-13,168.5212840544588,104.61817627096259,128.16142650698748,165.33912829563673,2.5135730803536256,168.5212840544588,2.5572065722762183,258.762903467997,4.329010808051642,224.08172570771754,3.7839008801783955,203.61208930914853,3.331960872003909,34.68117776027944,0.5451099278732463,-0.04363349192259269,0.32820445742214766,168.5212840544588,104.61817627096259,128.16142650698748
experiment_2026_06_15_08_57,SEN_demand_ORI,2026-04-03,Good Friday,H2,G,observance_tier_depth,True,2026-04-03,12,True,True,7,False,2,8,7,pearson,RidgeReg,standard,2,{},2026-04-02 10:00:00,2026-04-04,410.54792306994017,6.41099316865323,189.585793,3.308,,14,24,4,4,7,4,0.06692986388939562,5785.440614298481,5622.579294591316,410.54792306994017,6.41099316865323,6.41099316865323,410.54792306994017,434.47612548923655,6.499775653539788,6.499775653539788,434.47612548923655,396.58980499201726,6.359203385802736,6.359203385802736,396.58980499201726,344.50347997482146,5.101352200599536,5.022639116730249,340.0617758624293,451.6648422743221,7.209971767836208,7.209971767836208,451.6648422743221,412.18434037450606,6.433111927275329,6.404112370060329,410.5479230699405,434.47612548923655,396.58980499201726,hourly_window_mean_factor_top_available_analogs,4,5983.851031776316,,5983.851031776316,0.0,94.41434962680731,-55.075037282304834,-3.590110664893138e-13,94.41434962680731,-55.075037282304834,-3.590110664893138e-13,-340.0617758624293,-451.6648422743221,-410.5479230699405,434.47612548923655,6.499775653539788,344.50347997482146,5.101352200599536,396.58980499201726,6.359203385802736,451.6648422743221,7.209971767836208,412.18434037450606,6.433111927275329,-55.075037282304834,-0.8507683820334719,1.3984234529402517,-0.022118758622098333,340.0617758624293,451.6648422743221,410.5479230699405
experiment_2026_06_15_08_57,SEN_demand_ORI,2026-04-04,Holy Saturday,H3,G,observance_tier_depth,True,2026-04-04,12,True,True,8,False,2,9,8,pearson,RidgeReg,minmax,2,{},2026-04-03 10:00:00,2026-04-05,465.438231792305,7.351778489592603,212.670146,3.729,,14,24,4,4,8,4,0.07163412499998027,5904.0091493277,5720.632806374327,465.438231792305,7.351778489592603,5.792211641377608,377.45406277756285,206.76489436367203,3.379919822867378,-0.8531901937161764,-32.04927867634212,616.3310119590075,9.668696045182317,9.668696045182317,616.3310119590075,246.5230411779375,4.115418889047514,-1.7675968212251731,-83.92067433487715,646.589326093154,9.976306092009048,9.976306092009048,646.589326093154,499.1964842822848,7.817031859339009,5.64960501871223,377.45406277756365,-32.04927867634212,616.3310119590075,hourly_window_mean_factor_top_available_analogs,4,6308.292736052632,,6308.292736052632,0.0,51.87139565853503,-30.258314134146605,-7.419562040779151e-13,51.87139565853503,-30.258314134146605,-7.419562040779151e-13,83.92067433487715,-646.5893260931541,-377.4540627775636,206.76489436367203,3.379919822867378,246.5230411779375,4.115418889047514,616.3310119590075,9.668696045182317,646.589326093154,9.976306092009048,499.1964842822848,7.817031859339009,-30.25831413414653,-0.3076100468267313,-0.7354990661801359,-0.46525336974640563,83.92067433487715,646.5893260931541,377.4540627775636
experiment_2026_06_15_08_57,SEN_demand_ORI,2026-05-01,Labor Day,H2,F,observance_tier_depth,True,2026-05-01,12,True,True,5,False,2,10,5,pearson,RidgeReg,minmax,2,{},2026-04-30 10:00:00,2026-05-02,204.46605167166686,2.8774479825753074,225.656933,3.993,,14,24,4,4,5,4,0.07201219661999896,7686.326931807531,7444.103968183081,204.46605167166686,2.8774479825753074,-2.7588696075489403,-194.92485838647784,111.20733622352775,1.3559562148714253,-1.0341006255141427,-85.30981159230039,258.86696901641466,3.7649848470692384,-3.7649848470692384,-258.86696901641466,88.94657345049362,1.1012244265785485,-0.8421718314566535,-68.0039915459514,268.96203071011894,3.939517161410795,-3.939517161410795,-268.96203071011894,202.64054645657276,2.8938303643673358,-2.7983899345855847,-194.92485838647826,-85.30981159230039,-258.86696901641466,hourly_window_mean_factor_top_available_analogs,4,6722.913177894737,,6722.913177894737,0.0,-17.305820046348995,10.095061693704261,4.308132797871765e-13,-17.305820046348995,10.095061693704261,4.308132797871765e-13,68.0039915459514,268.96203071011894,194.92485838647826,111.20733622352775,1.3559562148714253,88.94657345049362,1.1012244265785485,258.86696901641466,3.7649848470692384,268.96203071011894,3.939517161410795,202.64054645657276,2.8938303643673358,-10.095061693704281,-0.17453231434155647,0.2547317882928768,-0.016382381792028333,68.0039915459514,268.96203071011894,194.92485838647826
experiment_2026_06_15_08_57,SEN_demand_PEN,2025-01-01,New Year's Day,H3,I,observance_tier_depth,True,2025-01-01,12,True,True,6,False,2,6,6,pearson,RidgeReg,standard,2,{},2024-12-31 10:00:00,2025-01-02,45.50355933535957,2.87882643341208,96.022534,5.707,,14,24,4,4,6,4,0.08326372970600833,1602.354422432861,1547.5084235275801,45.50355933535957,2.87882643341208,-1.4249816779943358,-21.47244901180838,25.45165014920763,1.4684005689667183,0.8516391013387342,15.646596586657536,57.20050636061487,3.7015748543385407,-2.7530104659386265,-43.125225610913496,31.384653255620314,1.885642369225627,-1.6425438006183006,-27.101530985808235,34.37615747323799,2.272940955931839,-1.161335839627023,-18.18881786030832,33.27402434043148,2.1302520029348138,-1.3386229831501255,-21.472449011808287,15.646596586657536,-43.125225610913496,hourly_window_mean_factor_top_available_analogs,4,1331.1526540789473,,1331.1526540789473,0.0,42.74812757246577,-24.936407750605174,-8.975276662232845e-14,42.74812757246577,-24.936407750605174,-8.975276662232845e-14,27.101530985808232,18.188817860308323,21.47244901180829,25.45165014920763,1.4684005689667183,31.384653255620314,1.885642369225627,57.20050636061487,3.7015748543385407,34.37615747323799,2.272940955931839,33.27402434043148,2.1302520029348138,22.82434888737688,1.4286338984067015,-0.41724180025890867,0.7485744304772664,27.101530985808232,18.188817860308323,21.47244901180829
experiment_2026_06_15_08_57,SEN_demand_PEN,2025-02-03,Constitution Day,H2,H,observance_tier_depth,True,2025-02-03,12,True,True,6,False,2,6,6,pearson,RidgeReg,standard,2,{},2025-02-02 10:00:00,2025-02-04,78.87563158274567,4.610367118053452,82.402304,5.204,,14,24,4,4,6,4,0.07391899497764966,1569.249972832061,1556.9799775135577,78.87563158274567,4.610367118053452,3.829162481423756,67.63821032583341,78.11991872707848,4.573950316387072,2.5825847839137483,49.52046305050395,79.31646408188485,4.63161025235884,4.55633280497126,78.20689623644229,70.90150566859381,4.054040605653957,3.6481221513874575,65.08844270594508,69.63357660886219,4.0666166184310555,4.032043680893893,69.1255747707687,70.10070836771068,4.061983350565809,3.8905989068652067,67.63821032583368,49.52046305050395,78.20689623644229,hourly_window_mean_factor_top_available_analogs,4,1720.474300394737,,1720.474300394737,0.0,-15.567979655441134,9.081321465673597,-2.5130774654251967e-13,-15.567979655441134,9.081321465673597,-2.5130774654251967e-13,-65.08844270594508,-69.1255747707687,-67.63821032583367,78.11991872707848,4.573950316387072,70.90150566859381,4.054040605653957,79.31646408188485,4.63161025235884,69.63357660886219,4.0666166184310555,70.10070836771068,4.061983350565809,9.68288747302266,0.5649936339277843,0.5199097107331152,0.5483837674876426,65.08844270594508,69.1255747707687,67.63821032583367
experiment_2026_06_15_08_57,SEN_demand_PEN,2025-03-17,Benito Juarez's Birthday,H2,H,observance_tier_depth,True,2025-03-17,12,True,True,6,False,2,6,6,pearson,RidgeReg,standard,2,{},2025-03-16 10:00:00,2025-03-18,192.37964860887237,11.24680548944505,66.046087,4.116,,14,24,4,4,6,4,0.07475677729071233,2011.3412638720301,1982.6966707640674,192.37964860887237,11.24680548944505,-11.24680548944505,-192.37964860887237,67.66238134282382,3.4819237271375676,-3.4819237271375676,-67.66238134282382,265.1313878474006,15.776319850791083,-15.776319850791083,-265.1313878474006,60.81571307944408,3.2336004969145797,-2.5640748404735705,-45.84541397646141,278.67887658545635,16.72785028309737,-16.6904285303178,-277.85795214444516,198.41350055692547,11.75628457239845,-11.485982434059398,-192.37964860887217,-67.66238134282382,-265.1313878474006,hourly_window_mean_factor_top_available_analogs,4,2022.9320319078952,,2022.9320319078952,0.0,-21.816967366362423,12.726564297044556,-1.1967035549643792e-13,-21.816967366362423,12.726564297044556,-1.1967035549643792e-13,45.8454139764614,277.85795214444516,192.37964860887226,67.66238134282382,3.4819237271375676,60.81571307944408,3.2336004969145797,265.1313878474006,15.776319850791083,278.67887658545635,16.72785028309737,198.41350055692547,11.75628457239845,-13.547488738055733,-0.9515304323062885,0.24832323022298786,-0.5094790829533995,45.8454139764614,277.85795214444516,192.37964860887226
experiment_2026_06_15_08_57,SEN_demand_PEN,2025-04-17,Maundy Thursday,H1,G,observance_tier_depth,True,2025-04-17,12,True,True,6,False,2,6,6,pearson,RidgeReg,standard,2,{},2025-04-16 10:00:00,2025-04-18,80.36647310001547,4.356836606335495,70.026794,4.278,,14,24,4,4,6,4,0.07384558945096037,1759.2184508952923,1685.9922427628944,80.36647310001547,4.356836606335495,2.977825983785799,56.2222912099709,21.67342118332088,1.16581271982881,-0.2080561779216876,-2.5714484079741817,114.60408671808732,6.218267206797729,4.836257244781834,90.51863932043887,55.96043878694093,3.100368028842639,-1.1631117707583702,-17.218242259353133,119.91599015668508,6.3561929483841615,5.067343324460326,99.06260240040983,96.35341859941092,5.156678504342548,2.77191249990607,56.22229120997085,-2.5714484079741817,90.51863932043887,hourly_window_mean_factor_top_available_analogs,4,1789.407032236842,,1789.407032236842,0.0,14.64679385137895,-8.54396307997096,5.983517774821896e-14,14.64679385137895,-8.54396307997096,5.983517774821896e-14,17.218242259353133,-99.06260240040983,-56.22229120997084,21.67342118332088,1.16581271982881,55.96043878694093,3.100368028842639,114.60408671808732,6.218267206797729,119.91599015668508,6.3561929483841615,96.35341859941092,5.156678504342548,-5.311903438597767,-0.13792574158643234,-1.934555309013829,-0.7998418980070525,17.218242259353133,99.06260240040983,56.22229120997084
experiment_2026_06_15_08_57,SEN_demand_PEN,2025-04-18,Good Friday,H2,G,observance_tier_depth,True,2025-04-18,12,True,True,6,False,2,6,6,pearson,RidgeReg,standard,2,{},2025-04-17 10:00:00,2025-04-19,51.97428152346052,2.7932746652033287,72.68197,4.402,,14,24,4,4,6,4,0.07002745969049917,1760.9215802945312,1723.3157440645182,51.97428152346052,2.7932746652033287,2.0440138345456487,40.241735758100084,28.949159008278325,1.489469634930886,1.390681696641792,27.292431168302592,65.40560299065014,3.5538275995289204,2.4251242483228985,47.79549676881529,48.0124984743136,2.677716754644684,-0.6067807091432869,-6.713963957910421,91.89141418668937,4.774838652855377,3.191775644828187,67.63256059244006,75.72549787160357,4.0022147956198575,1.7923075144176441,40.24173575810041,27.292431168302592,47.79549676881529,hourly_window_mean_factor_top_available_analogs,4,1869.8462690131578,,1869.8462690131578,0.0,34.006395126213015,-19.83706382362477,-3.231099598403824e-13,34.006395126213015,-19.83706382362477,-3.231099598403824e-13,6.713963957910423,-67.63256059244006,-40.241735758100404,28.949159008278325,1.489469634930886,48.0124984743136,2.677716754644684,65.40560299065014,3.5538275995289204,91.89141418668937,4.774838652855377,75.72549787160357,4.0022147956198575,-26.485811196039236,-1.2210110533264564,-1.1882471197137978,-1.2089401304165288,6.713963957910423,67.63256059244006,40.241735758100404
experiment_2026_06_15_08_57,SEN_demand_PEN,2025-04-19,Holy Saturday,H3,G,observance_tier_depth,True,2025-04-19,12,True,True,7,False,2,7,7,pearson,RidgeReg,standard,2,{},2025-04-18 10:00:00,2025-04-20,74.9366869820575,4.095423901729942,68.985662,4.159,,14,24,4,4,7,4,0.07002745969049917,1760.524067409279,1742.3037607504202,74.9366869820575,4.095423901729942,3.7598787099205926,69.6869983801948,49.16729452344781,2.510424365489776,1.5996588448643967,34.9181397469633,89.96883258291315,5.020006964536708,5.020006964536708,89.96883258291315,110.32788087126451,6.366926696929674,-2.5804987290254737,-32.29836223247849,129.1784587375873,6.71958496472682,6.71958496472682,129.1784587375873,122.23350899736313,6.589658234485766,3.293238340712817,69.68699838019465,34.9181397469633,89.96883258291315,hourly_window_mean_factor_top_available_analogs,4,1869.8462690131576,,1869.8462690131576,0.0,67.21650197944179,-39.20962615467416,1.3762090882090361e-13,67.21650197944179,-39.20962615467416,1.3762090882090361e-13,32.29836223247849,-129.1784587375873,-69.68699838019465,49.16729452344781,2.510424365489776,110.32788087126451,6.366926696929674,89.96883258291315,5.020006964536708,129.1784587375873,6.71958496472682,122.23350899736313,6.589658234485766,-39.209626154674154,-1.6995780001901126,-3.856502331439898,-2.4942343327558243,32.29836223247849,129.1784587375873,69.68699838019465
experiment_2026_06_15_08_57,SEN_demand_PEN,2025-05-01,Labor Day,H2,F,observance_tier_depth,True,2025-05-01,12,True,True,7,False,2,8,7,pearson,RidgeReg,standard,2,{},2025-04-30 10:00:00,2025-05-02,59.49208413532081,2.7825587799502696,79.341294,4.728,,14,24,4,4,7,4,0.07023186977182283,2046.4396464051147,2016.4009516351596,59.49208413532081,2.7825587799502696,1.0946076494602253,24.723989384359008,68.22153827496209,3.031292219724347,3.031292219724347,68.22153827496209,54.3999025538634,2.6374642734153912,-0.03512501652717873,-0.6495808018261187,74.16258654321094,3.274643246311371,3.220270945637849,73.10575343902549,66.0505647646844,3.3455768948336613,-0.5552811961753741,-3.498706314196435,69.03920436729943,3.319443445378081,0.8357116981768657,24.723989384359008,68.22153827496209,-0.6495808018261187,hourly_window_mean_factor_top_available_analogs,4,1752.1114278289472,,1752.1114278289472,0.0,-4.8842151640633995,2.8491255123703163,0.0,-4.8842151640633995,2.8491255123703163,0.0,-73.10575343902549,3.498706314196435,-24.723989384359008,68.22153827496209,3.031292219724347,74.16258654321094,3.274643246311371,54.3999025538634,2.6374642734153912,66.0505647646844,3.3455768948336613,69.03920436729943,3.319443445378081,-11.650662210820997,-0.70811262141827,-0.24335102658702423,-0.5368846654278112,73.10575343902549,3.498706314196435,24.723989384359008
experiment_2026_06_15_08_57,SEN_demand_PEN,2025-09-16,Independence Day,H2,H,observance_tier_depth,True,2025-09-16,12,True,True,7,False,2,8,7,pearson,RidgeReg,standard,2,{},2025-09-15 10:00:00,2025-09-17,127.54810394229462,6.453860844849078,77.165297,4.443,,14,24,4,4,7,4,0.07906909119544249,1806.6481384261267,1742.4673070149474,127.54810394229462,6.453860844849078,6.453860844849078,127.54810394229462,170.4917062975667,8.259038978631482,8.259038978631482,170.4917062975667,102.49766923505251,5.400840266809344,5.400840266809344,102.49766923505251,225.5868481514652,10.849485989647032,10.849485989647032,225.5868481514652,74.75956181251573,3.8436193653611945,3.5608590279229375,70.3588364869447,130.32750941107605,6.424728121677031,6.246142645400237,127.54810394229435,170.4917062975667,102.49766923505251,hourly_window_mean_factor_top_available_analogs,4,2019.634716907895,,2019.634716907895,0.0,-55.095141853898554,32.1388327481078,1.9745608656912259e-13,-55.095141853898554,32.1388327481078,1.9745608656912259e-13,-225.58684815146526,-70.35883648694471,-127.54810394229442,170.4917062975667,8.259038978631482,225.5868481514652,10.849485989647032,102.49766923505251,5.400840266809344,74.75956181251573,3.8436193653611945,130.32750941107605,6.424728121677031,27.738107422536785,1.5572209014481495,-2.5904470110155504,0.029132723172047292,225.58684815146526,70.35883648694471,127.54810394229442
experiment_2026_06_15_08_57,SEN_demand_PEN,2025-11-17,Mexican Revolution Day,H2,F,observance_tier_depth,True,2025-11-17,12,True,True,8,False,2,8,8,pearson,RidgeReg,standard,2,{},2025-11-16 10:00:00,2025-11-18,33.68612201556132,2.0575447323446343,84.742946,4.775,,14,24,4,4,8,4,0.08557175999219786,1625.5434470771318,1636.033937602763,33.68612201556132,2.0575447323446343,0.8550530129347768,15.297769501815752,49.6203031936249,2.973290612490256,2.063104226513404,36.95276096680792,24.391182995024234,1.523359635593021,0.15035647168057678,2.665691147236989,39.9999284009314,2.512145909290457,-0.12377905484817621,3.124555434579309,29.215273953431176,1.6844273946594086,1.2203851012769356,22.398811041036794,33.188567697247045,1.9893763211024265,0.7251667279676838,15.297769501815615,36.95276096680792,2.665691147236989,hourly_window_mean_factor_top_available_analogs,4,1682.152084868421,,1682.152084868421,0.0,33.82820553222861,-19.733119893799806,1.3762090882090361e-13,33.82820553222861,-19.733119893799806,1.3762090882090361e-13,-3.124555434579314,-22.398811041036794,-15.297769501815615,49.6203031936249,2.973290612490256,39.9999284009314,2.512145909290457,24.391182995024234,1.523359635593021,29.215273953431176,1.6844273946594086,33.188567697247045,1.9893763211024265,-4.824090958406941,-0.1610677590663876,0.46114470319979883,0.06816841124220785,3.124555434579314,22.398811041036794,15.297769501815615
experiment_2026_06_15_08_57,SEN_demand_PEN,2025-12-24,Christmas Eve,H1,G,observance_tier_depth,True,2025-12-24,12,True,True,8,False,2,8,8,pearson,RidgeReg,standard,2,{},2025-12-23 10:00:00,2025-12-25,43.91335700971519,2.604401491006831,83.890149,4.699,,14,24,4,4,8,4,0.06283953596892071,1767.7517024708995,1726.5158493989845,43.91335700971519,2.604401491006831,-2.2356506102043356,-37.6325966814257,29.827836209473162,1.7521317694733551,-1.5997863408406354,-26.908032737039612,52.129910809856376,3.101558828568025,-2.6065714339998274,-43.888592315650925,46.412971637760656,2.653239973914521,-2.2823407774196816,-39.26794764145812,52.935611331163784,3.179917896051078,-2.2061705355645955,-36.67864195474044,50.532533549383686,2.985878661579715,-2.234233256248048,-37.6325966814259,-26.908032737039612,-43.888592315650925,hourly_window_mean_factor_top_available_analogs,4,1727.1369384210527,,1727.1369384210527,0.0,12.359914904418506,-7.209950360910483,1.9745608656912259e-13,12.359914904418506,-7.209950360910483,1.9745608656912259e-13,39.26794764145812,36.67864195474044,37.6325966814259,29.827836209473162,1.7521317694733551,46.412971637760656,2.653239973914521,52.129910809856376,3.101558828568025,52.935611331163784,3.179917896051078,50.532533549383686,2.985878661579715,-0.8057005213074078,-0.07835906748305277,-0.901108204441166,-0.3814771705728841,39.26794764145812,36.67864195474044,37.6325966814259
experiment_2026_06_15_08_57,SEN_demand_PEN,2025-12-25,Christmas Day,H2,I,observance_tier_depth,True,2025-12-25,12,True,True,8,False,2,8,8,pearson,RidgeReg,standard,2,{},2025-12-24 10:00:00,2025-12-26,122.945695066495,8.387468455357652,81.923811,4.576,,14,24,4,4,8,4,0.07719477053135482,1683.112222961232,1625.6500707283365,122.945695066495,8.387468455357652,-8.387468455357652,-122.945695066495,65.89461893190939,3.8600569130151285,-3.8600569130151285,-65.89461893190939,156.2254894783366,11.028458521724124,-11.028458521724124,-156.2254894783366,49.61507409829705,2.8959674949335983,-1.0123698464367845,-18.49638944232637,183.87445668059362,12.811882399182304,-12.811882399182304,-183.87445668059362,134.410473623958,9.158650592353835,-8.46469356396027,-122.94569506649513,-65.89461893190939,-156.2254894783366,hourly_window_mean_factor_top_available_analogs,4,1418.4316471052632,,1418.4316471052632,0.0,-47.398229489583024,27.648967202256994,1.436044265957255e-13,-47.398229489583024,27.648967202256994,1.436044265957255e-13,18.496389442326368,183.8744566805936,122.94569506649515,65.89461893190939,3.8600569130151285,49.61507409829705,2.8959674949335983,156.2254894783366,11.028458521724124,183.87445668059362,12.811882399182304,134.410473623958,9.158650592353835,-27.648967202257012,-1.7834238774581799,0.9640894180815303,-0.7711821369961829,18.496389442326368,183.8744566805936,122.94569506649515
experiment_2026_06_15_08_57,SEN_demand_PEN,2025-12-31,New Year's Eve,H1,G,observance_tier_depth,True,2025-12-31,12,True,True,8,False,2,8,8,pearson,RidgeReg,standard,2,{},2025-12-30 10:00:00,2026-01-01,187.30270465184637,13.366241860819516,93.300237,5.332,,14,24,4,4,8,4,0.06483425496531406,1640.5065670202673,1590.022114720854,187.30270465184637,13.366241860819516,-13.366241860819516,-187.30270465184637,99.0692873906903,6.06628095159987,-6.06628095159987,-99.0692873906903,238.77219805418738,17.624552391197643,-17.624552391197643,-238.77219805418738,93.19479416791205,5.715766694416807,-5.715766694416807,-93.19479416791205,242.19898576747457,17.88478063478838,-17.88478063478838,-242.19898576747457,187.30270465184626,13.401459709388327,-13.401459709388327,-187.30270465184626,-99.0692873906903,-238.77219805418738,hourly_window_mean_factor_top_available_analogs,4,1489.679803881579,,1489.679803881579,0.0,-5.874493222778256,3.426787713287174,-8.975276662232845e-14,-5.874493222778256,3.426787713287174,-8.975276662232845e-14,93.19479416791205,242.19898576747457,187.30270465184628,99.0692873906903,6.06628095159987,93.19479416791205,5.715766694416807,238.77219805418738,17.624552391197643,242.19898576747457,17.88478063478838,187.30270465184626,13.401459709388327,-3.426787713287183,-0.2602282435907384,0.35051425718306284,-0.03521784856881105,93.19479416791205,242.19898576747457,187.30270465184628
experiment_2026_06_15_08_57,SEN_demand_PEN,2026-01-01,New Year's Day,H3,I,observance_tier_depth,True,2026-01-01,12,True,True,3,False,2,8,3,euclidian,PCR,standard,2,{},2025-12-31 10:00:00,2026-01-02,195.0673602618155,16.984991844337088,95.991857,5.654,,14,24,3,4,3,3,0.07348672267565245,1422.2879764813174,1408.0013174462322,195.0673602618155,16.984991844337088,-16.874103537206786,-193.61866279710694,73.97736794567234,5.380185324535195,-5.0792027766100905,-70.04518911289198,265.703189112899,23.754462314221524,-23.754462314221524,-265.703189112899,68.32177312312498,5.014450494914075,-4.988194738294736,-67.9786546696949,266.9086675380972,24.036822582955597,-24.036822582955597,-266.9086675380972,193.7450748588969,17.028580234729777,-17.01890706123844,-193.61866279710685,-70.04518911289198,-265.703189112899,hourly_window_mean_factor_top_available_analogs,3,1506.0692080701756,,1506.0692080701756,0.0,-2.066534443197075,1.205478425198199,-5.983517774821896e-14,-2.066534443197075,1.205478425198199,-5.983517774821896e-14,67.9786546696949,266.9086675380972,193.61866279710688,73.97736794567234,5.380185324535195,68.32177312312498,5.014450494914075,265.703189112899,23.754462314221524,266.9086675380972,24.036822582955597,193.7450748588969,17.028580234729777,-1.20547842519818,-0.2823602687340738,0.36573482962112003,-0.04358839039268858,67.9786546696949,266.9086675380972,193.61866279710688
experiment_2026_06_15_08_57,SEN_demand_PEN,2026-02-02,Constitution Day,H2,H,observance_tier_depth,True,2026-02-02,12,True,True,8,False,2,8,8,pearson,RidgeReg,standard,2,{},2026-02-01 10:00:00,2026-02-03,61.38914405128455,6.070905572510663,96.869177,6.196,,14,24,4,4,8,4,0.07794505490833703,1125.3371191341216,1098.562979892765,61.38914405128455,6.070905572510663,-5.173576947642321,-49.5591196604375,73.4795685478761,7.341003574899633,-7.341003574899633,-73.4795685478761,54.33639642827281,5.330015071117097,-3.9092447484088892,-35.605524476098324,85.79762551382682,8.457261444338169,-5.985036826560946,-53.63122030183483,67.64815411834387,6.6208869811668025,-5.091187102956645,-47.18372761962224,74.33480147457442,7.29744599391415,-5.420500159021387,-49.5591196604374,-73.4795685478761,-35.605524476098324,hourly_window_mean_factor_top_available_analogs,4,1345.3446875657894,,1345.3446875657894,0.0,-19.84834824604127,11.578203143523917,-9.872804328456129e-14,-19.84834824604127,11.578203143523917,-9.872804328456129e-14,53.63122030183483,47.18372761962224,49.5591196604374,73.4795685478761,7.341003574899633,85.79762551382682,8.457261444338169,54.33639642827281,5.330015071117097,67.64815411834387,6.6208869811668025,74.33480147457442,7.29744599391415,-13.311757690071055,-1.290871910049706,-1.1162578694385354,-1.2265404214034872,53.63122030183483,47.18372761962224,49.5591196604374
experiment_2026_06_15_08_57,SEN_demand_PEN,2026-03-16,Benito Juarez's Birthday,H2,H,observance_tier_depth,True,2026-03-16,12,True,True,7,False,2,8,7,pearson,RidgeReg,standard,2,{},2026-03-15 10:00:00,2026-03-17,188.64707667396956,9.442953545556497,100.618796,6.658,,14,24,4,4,7,4,0.08179982580033855,1731.4612222295955,1704.8212612532059,188.64707667396956,9.442953545556497,8.504494511183198,174.18253145461503,122.1414259776988,6.073686974547857,3.526441024106045,82.88051752516506,227.44203958012758,11.408359045311537,11.408359045311537,227.44203958012758,138.60113692890144,6.738364905340349,5.304700399396572,116.49975636584293,207.8308169230654,10.447881233429605,10.447881233429605,207.8308169230654,182.32514534626816,9.081217323080935,8.553025136680594,174.18253145461503,82.88051752516506,227.44203958012758,hourly_window_mean_factor_top_available_analogs,4,1974.116358881579,,1974.116358881579,0.0,-33.61923884067786,19.6112226570622,7.180221329786275e-14,-33.61923884067786,19.6112226570622,7.180221329786275e-14,-116.49975636584293,-207.83081692306538,-174.18253145461495,122.1414259776988,6.073686974547857,138.60113692890144,6.738364905340349,227.44203958012758,11.408359045311537,207.8308169230654,10.447881233429605,182.32514534626816,9.081217323080935,19.61122265706217,0.9604778118819315,-0.6646779307924922,0.36173622247556203,116.49975636584293,207.83081692306538,174.18253145461495
experiment_2026_06_15_08_57,SEN_demand_PEN,2026-04-02,Maundy Thursday,H1,G,observance_tier_depth,True,2026-04-02,12,True,True,3,False,2,8,3,pearson,LassoReg,,2,{},2026-04-01 10:00:00,2026-04-03,220.75582288962826,12.649017091805996,105.257452,7.058,,14,24,3,4,3,3,0.08564877286808348,1970.7700998863465,1979.1568827821422,220.75582288962826,12.649017091805996,-11.432657920086498,-198.97778725476775,106.96963164531822,5.527812690361878,-2.22626636712324,-47.857820636411184,287.13110111547576,16.8030529926484,-16.8030529926484,-287.13110111547576,118.54864981823083,6.0674919011898485,-6.0674919011898485,-118.54864981823083,245.89478409274741,14.367791163814479,-14.367791163814479,-245.89478409274741,198.97778725476766,11.309786172321195,-11.309786172321195,-198.97778725476766,-47.857820636411184,-287.13110111547576,hourly_window_mean_factor_top_available_analogs,3,1828.169466754386,,1828.169466754386,0.0,70.69082918181964,-41.236317022728336,-1.3163739104608172e-13,70.69082918181964,-41.236317022728336,-1.3163739104608172e-13,118.54864981823081,245.89478409274741,198.9777872547676,106.96963164531822,5.527812690361878,118.54864981823083,6.0674919011898485,287.13110111547576,16.8030529926484,245.89478409274741,14.367791163814479,198.97778725476766,11.309786172321195,41.23631702272834,2.435261828833921,-0.5396792108279707,1.3392309194848018,118.54864981823081,245.89478409274741,198.9777872547676
experiment_2026_06_15_08_57,SEN_demand_PEN,2026-04-03,Good Friday,H2,G,observance_tier_depth,True,2026-04-03,12,True,True,2,False,2,8,2,pearson,RidgeReg,,2,{},2026-04-02 10:00:00,2026-04-04,253.23281390714845,15.573441847796259,104.611718,7.067,,14,24,2,4,2,2,0.08298220782294548,1375.5674563560092,1272.0896363336103,253.23281390714845,15.573441847796259,15.573441847796259,253.23281390714845,159.52994003416364,9.240887947995589,9.240887947995589,159.52994003416364,307.89282366638963,19.267431622679982,19.267431622679982,307.89282366638963,233.17453386459016,13.615720082660301,13.615720082660301,233.17453386459016,264.9334772653079,16.477420451101366,16.477420451101366,264.9334772653079,253.23281390714868,15.423109789044133,15.423109789044133,253.23281390714868,159.52994003416364,307.89282366638963,hourly_window_mean_factor_top_available_analogs,2,1676.7687069736842,,1676.7687069736842,0.0,-73.64459383042652,42.95934640108175,-2.3934071099287584e-13,-73.64459383042652,42.95934640108175,-2.3934071099287584e-13,-233.17453386459016,-264.9334772653079,-253.23281390714868,159.52994003416364,9.240887947995589,233.17453386459016,13.615720082660301,307.89282366638963,19.267431622679982,264.9334772653079,16.477420451101366,253.23281390714868,15.423109789044133,42.959346401081746,2.790011171578616,-4.374832134664713,0.15033205875212552,233.17453386459016,264.9334772653079,253.23281390714868
experiment_2026_06_15_08_57,SEN_demand_PEN,2026-04-04,Holy Saturday,H3,G,observance_tier_depth,True,2026-04-04,12,True,True,8,False,2,9,8,pearson,RidgeReg,standard,2,{},2026-04-03 10:00:00,2026-04-05,233.43474285897088,13.54847974020092,102.819048,6.79,,14,24,4,4,8,4,0.0743178091199887,1451.7841375408734,1426.8231996077066,233.43474285897088,13.54847974020092,13.192522022073751,228.63045166965298,175.20853923041824,9.982247000180594,9.016076050978283,162.168320287984,267.40002830895986,15.628782171879445,15.628782171879445,267.40002830895986,154.67461270239568,8.867573628979903,7.570082596901222,137.11959044006517,282.0117873869124,16.46944639744994,16.46944639744994,282.0117873869124,235.09809145051148,13.668756430118872,13.190733418300413,228.6304516696529,162.168320287984,267.40002830895986,hourly_window_mean_factor_top_available_analogs,4,1515.4718917105263,,1515.4718917105263,0.0,25.04872984791882,-14.611759077952494,9.573628439715034e-14,25.04872984791882,-14.611759077952494,9.573628439715034e-14,-137.11959044006517,-282.0117873869124,-228.6304516696529,175.20853923041824,9.982247000180594,154.67461270239568,8.867573628979903,267.40002830895986,15.628782171879445,282.0117873869124,16.46944639744994,235.09809145051148,13.668756430118872,-14.611759077952513,-0.8406642255704941,1.1146733712006913,-0.1202766899179526,137.11959044006517,282.0117873869124,228.6304516696529
experiment_2026_06_15_08_57,SEN_demand_PEN,2026-05-01,Labor Day,H2,F,observance_tier_depth,True,2026-05-01,12,True,True,9,False,2,10,9,pearson,RidgeReg,standard,2,{},2026-04-30 10:00:00,2026-05-02,76.84134772682137,3.3588399876095845,124.203594,7.984,,14,24,4,4,9,4,0.07726308040132136,2209.8685219212166,2166.1307040584998,76.84134772682137,3.3588399876095845,3.2954880205443153,75.5570143945727,53.94256150165706,2.1937753306019814,2.021819991424822,50.456513885553555,90.19897302483388,4.038461037530687,4.038461037530687,90.19897302483388,105.17310891315377,4.3631340348112895,2.1592498530535114,59.97574526056443,107.60673361514534,4.542710313589136,3.355414401415089,84.64608805607786,106.7101350407274,4.476550631934138,2.9147221993871386,75.55701439457292,50.456513885553555,90.19897302483388,hourly_window_mean_factor_top_available_analogs,4,1929.324110394737,,1929.324110394737,0.0,-9.51923137501087,5.5528849687560085,-2.0942312211876637e-13,-9.51923137501087,5.5528849687560085,-2.0942312211876637e-13,-59.97574526056442,-84.64608805607787,-75.55701439457292,53.94256150165706,2.1937753306019814,105.17310891315377,4.3631340348112895,90.19897302483388,4.038461037530687,107.60673361514534,4.542710313589136,106.7101350407274,4.476550631934138,-17.40776059031147,-0.5042492760584487,-2.169358704209308,-1.117710644324554,59.97574526056442,84.64608805607787,75.55701439457292
experiment_2026_06_15_08_57,SEN_demand_SIN,2025-01-01,New Year's Day,H3,I,observance_tier_depth,True,2025-01-01,12,True,True,5,False,2,6,5,euclidian,RidgeReg,,2,{},2024-12-31 10:00:00,2025-01-02,382.13399340060096,1.4157099080344526,806.972377,2.735,,14,24,4,4,5,4,0.10893548457127222,26395.933101314913,24829.44220487631,382.13399340060096,1.4157099080344526,-0.44466336730974787,-105.46022289385952,453.30550770368063,1.5581585091481125,0.9387507352775337,264.31860764749115,340.6172767238045,1.3326148907181512,-1.2516549271523287,-321.1645407096474,396.1862492179524,1.364748125672661,-0.560555649452145,-154.23572053698237,360.5848918240111,1.5324524887347588,-0.3295868535447973,-77.00784926870467,373.7011813902,1.4706666707645122,-0.4146806204580306,-105.46022289385962,264.31860764749115,-321.1645407096474,hourly_window_mean_factor_top_available_analogs,4,25692.570675263156,,25692.570675263156,0.0,418.5543281844735,-244.15669144094272,9.573628439715034e-14,418.5543281844735,-244.15669144094272,9.573628439715034e-14,154.23572053698234,77.00784926870466,105.46022289385962,453.30550770368063,1.5581585091481125,396.1862492179524,1.364748125672661,340.6172767238045,1.3326148907181512,360.5848918240111,1.5324524887347588,373.7011813902,1.4706666707645122,-19.967615100206615,-0.1998375980166076,0.19341038347545148,-0.05495676273005956,154.23572053698234,77.00784926870466,105.46022289385962
experiment_2026_06_15_08_57,SEN_demand_SIN,2025-02-03,Constitution Day,H2,H,observance_tier_depth,True,2025-02-03,12,True,True,6,False,2,6,6,pearson,RidgeReg,standard,2,{},2025-02-02 10:00:00,2025-02-04,598.0673179413782,1.9665862428655547,715.101576,2.289,,14,24,4,4,6,4,0.062081741698493766,29126.94416908902,28744.734835605093,598.0673179413782,1.9665862428655547,1.1187162770947288,360.2877093320269,461.11181275175346,1.5437817622758627,0.16249952669435927,74.19176850994518,677.9580293019926,2.2132221898762077,1.676509381494945,527.177008144908,488.08064878441576,1.617625673888898,0.6724686084059985,223.27850441005674,583.1327204651985,1.9026768932717288,1.3957517705308273,440.20974553652076,548.1135361617522,1.7976580229727912,1.129279026590101,360.287709332034,74.19176850994518,527.177008144908,hourly_window_mean_factor_top_available_analogs,4,30062.574642171054,,30062.574642171054,0.0,-149.08673590011156,86.9672626083872,-7.0844850453891254e-12,-149.08673590011156,86.9672626083872,-7.0844850453891254e-12,-223.27850441005674,-440.20974553652076,-360.287709332034,461.11181275175346,1.5437817622758627,488.08064878441576,1.617625673888898,677.9580293019926,2.2132221898762077,583.1327204651985,1.9026768932717288,548.1135361617522,1.7976580229727912,94.82530883679408,0.3105452966044788,-0.07384391161303538,0.16892821989276352,223.27850441005674,440.20974553652076,360.287709332034
experiment_2026_06_15_08_57,SEN_demand_SIN,2025-03-17,Benito Juarez's Birthday,H2,H,observance_tier_depth,True,2025-03-17,12,True,True,4,False,2,6,4,euclidian,PCR,minmax,4,{},2025-03-16 10:00:00,2025-03-18,542.3172114843287,1.7997389968707405,715.897953,2.332,,14,24,4,4,4,4,0.0575196870682837,31519.868570604856,31171.254814059837,542.3172114843287,1.7997389968707405,-1.7361779238661108,-519.7082950785481,416.5785546820529,1.34871346023582,-1.34871346023582,-416.5785546820529,615.6647612856563,2.0628372265744437,-1.9621988609837804,-579.8673103098369,1111.7613036854098,3.638334231792228,-2.7749772705145928,-814.117359272362,569.7917849862223,1.8778123280564465,-1.2397198913210306,-347.96967429881096,769.4647655596071,2.5264256610117344,-1.8053410310239222,-519.7082950785403,-416.5785546820529,-579.8673103098369,hourly_window_mean_factor_top_available_analogs,4,31838.25076092105,,31838.25076092105,0.0,397.53880459030916,-231.89763601102595,-7.754639036169178e-12,397.53880459030916,-231.89763601102595,-7.754639036169178e-12,814.1173592723621,347.9696742988109,519.7082950785403,416.5785546820529,1.34871346023582,1111.7613036854098,3.638334231792228,615.6647612856563,2.0628372265744437,569.7917849862223,1.8778123280564465,769.4647655596071,2.5264256610117344,45.87297629943396,0.1850248985179972,-2.2896207715564083,-0.7266866641409939,814.1173592723621,347.9696742988109,519.7082950785403
experiment_2026_06_15_08_57,SEN_demand_SIN,2025-04-17,Maundy Thursday,H1,G,observance_tier_depth,True,2025-04-17,12,True,True,5,False,2,6,5,euclidian,PCR,minmax,4,{},2025-04-16 10:00:00,2025-04-18,598.9056140647671,1.5470832156828873,691.413324,2.188,,14,24,4,4,5,4,0.06958101732608049,38443.02002416705,36638.650199658725,598.9056140647671,1.5470832156828873,-0.34193060541533227,-125.31505100916317,688.7426626099253,1.713710519826492,-1.713710519826492,-688.7426626099253,546.5006690800914,1.4498839549324514,0.45827434465784395,203.3510557579481,924.9753621069503,2.3421221020785934,-2.3421221020785934,-924.9753621069503,609.8125572783168,1.6158588549327455,0.8278953991976475,341.15346379788815,725.9251695836028,1.8834295249338475,-0.34000578548307275,-125.31505100915763,-688.7426626099253,203.3510557579481,hourly_window_mean_factor_top_available_analogs,4,33871.76160105263,,33871.76160105263,0.0,236.23269949702495,-137.80240803994002,-5.55270449503472e-12,236.23269949702495,-137.80240803994002,-5.55270449503472e-12,924.9753621069503,-341.1534637978881,125.31505100915761,688.7426626099253,1.713710519826492,924.9753621069503,2.3421221020785934,546.5006690800914,1.4498839549324514,609.8125572783168,1.6158588549327455,725.9251695836028,1.8834295249338475,-63.31188819822546,-0.16597490000029413,-0.6284115822521015,-0.3363463092509602,924.9753621069503,341.1534637978881,125.31505100915761
experiment_2026_06_15_08_57,SEN_demand_SIN,2025-04-18,Good Friday,H2,G,observance_tier_depth,True,2025-04-18,12,True,True,5,False,2,6,5,euclidian,LassoReg,,2,{},2025-04-17 10:00:00,2025-04-19,1275.8026124596138,3.7544943537007605,709.990718,2.216,,14,24,4,4,5,4,0.06958101732608049,34304.61417721459,31812.409035211895,1275.8026124596138,3.7544943537007605,2.1374791170346286,685.1462296275024,1027.2945984679104,2.766425114543931,-1.622616242121283,-575.9155835049631,1420.7656206214406,4.330868076542244,4.330868076542244,1420.7656206214406,1001.0229427693515,2.5819332916152375,1.802033037627001,725.4132651232836,961.0779510163094,2.7986682140324093,1.8287239236288872,661.6571255883129,975.794526925325,2.718818505773451,1.818890439312403,685.1462296275126,-575.9155835049631,1420.7656206214406,hourly_window_mean_factor_top_available_analogs,4,33871.76160105263,,33871.76160105263,0.0,-1301.3288486282468,759.1084950331277,-1.0243782430495087e-11,-1301.3288486282468,759.1084950331277,-1.0243782430495087e-11,-725.4132651232836,-661.6571255883129,-685.1462296275126,1027.2945984679104,2.766425114543931,1001.0229427693515,2.5819332916152375,1420.7656206214406,4.330868076542244,961.0779510163094,2.7986682140324093,975.794526925325,2.718818505773451,459.6876696051312,1.532199862509835,0.1844918229286936,1.0356758479273096,725.4132651232836,661.6571255883129,685.1462296275126
experiment_2026_06_15_08_57,SEN_demand_SIN,2025-04-19,Holy Saturday,H3,G,observance_tier_depth,True,2025-04-19,12,True,True,6,False,2,6,6,pearson,RidgeReg,standard,2,{},2025-04-18 10:00:00,2025-04-20,1210.4127495196713,3.6306101544750766,781.544168,2.33,,14,24,4,4,6,4,0.05101382111301154,33116.103951168625,32170.365723805426,1210.4127495196713,3.6306101544750766,1.4934668705729126,500.74608725242416,963.1190416484068,2.900408742438651,-2.900408742438651,-963.1190416484068,1354.6674124445756,4.056560978162992,4.056560978162992,1354.6674124445756,831.9653993920549,2.529045252916453,-0.9620924135194721,-266.2126343530584,959.6777388627597,2.7671418708848265,2.7314555711453194,948.13867485563,912.625824320921,2.6794220642648994,1.37067473468987,500.74608725242905,-963.1190416484068,1354.6674124445756,hourly_window_mean_factor_top_available_analogs,4,30470.020174144738,,30470.020174144738,0.0,-696.9064072953485,406.5287375889455,-4.882550504254667e-12,-696.9064072953485,406.5287375889455,-4.882550504254667e-12,266.2126343530583,-948.1386748556301,-500.74608725242905,963.1190416484068,2.900408742438651,831.9653993920549,2.529045252916453,1354.6674124445756,4.056560978162992,959.6777388627597,2.7671418708848265,912.625824320921,2.6794220642648994,394.98967358181585,1.289419107278165,0.371363489522198,0.9511880902101773,266.2126343530583,948.1386748556301,500.74608725242905
experiment_2026_06_15_08_57,SEN_demand_SIN,2025-05-01,Labor Day,H2,F,observance_tier_depth,True,2025-05-01,12,True,True,6,False,2,6,6,pearson,RidgeReg,standard,2,{},2025-04-30 10:00:00,2025-05-02,1113.2805945553198,2.7493097645023408,840.353414,2.511,,14,24,4,4,6,4,0.06147948176187305,39813.946147578055,38377.38462731413,1113.2805945553198,2.7493097645023408,0.12155428077205084,114.95200557983021,1338.435836969484,3.0454955883156565,3.0454955883156565,1338.435836969484,981.9400364803909,2.576534700611238,-1.5840781486283861,-598.7468960641345,1817.010965342306,4.117982765174991,4.117982765174991,1817.010965342306,1456.700593214826,3.886250878835483,-2.3924562040403146,-877.9157209482664,1589.4465197881082,3.971625784328987,0.006126574091640244,114.95200557983921,1338.435836969484,-598.7468960641345,hourly_window_mean_factor_top_available_analogs,4,31686.700256118424,,31686.700256118424,0.0,-478.575128372822,279.16882488413194,-8.999210733332133e-12,-478.575128372822,279.16882488413194,-8.999210733332133e-12,-1817.010965342306,877.9157209482664,-114.95200557983921,1338.435836969484,3.0454955883156565,1817.010965342306,4.117982765174991,981.9400364803909,2.576534700611238,1456.700593214826,3.886250878835483,1589.4465197881082,3.971625784328987,-474.7605567344352,-1.309716178224245,-1.072487176859335,-1.2223160198266463,1817.010965342306,877.9157209482664,114.95200557983921
experiment_2026_06_15_08_57,SEN_demand_SIN,2025-09-16,Independence Day,H2,H,observance_tier_depth,True,2025-09-16,12,True,True,6,False,2,6,6,pearson,RidgeReg,standard,2,{},2025-09-15 10:00:00,2025-09-17,4843.787285012687,12.990755056521532,869.923452,2.529,,14,24,4,4,6,4,0.06620904441888982,31747.017370776786,31107.8490970632,4843.787285012687,12.990755056521532,12.990755056521532,4843.787285012687,6694.053209999925,16.914909492100666,16.914909492100666,6694.053209999925,3764.4654954368,10.701664969100369,10.701664969100369,3764.4654954368,6987.359332597278,17.64644784269395,17.64644784269395,6987.359332597278,3593.37025725501,10.262608250880175,10.262608250880175,3593.37025725501,4843.78728501269,12.982970205758932,12.982970205758932,4843.78728501269,6694.053209999925,3764.4654954368,hourly_window_mean_factor_top_available_analogs,4,31991.95075769737,,31991.95075769737,0.0,-293.3061225973553,171.09523818179014,-2.87208853191451e-13,-293.3061225973553,171.09523818179014,-2.87208853191451e-13,-6987.35933259728,-3593.37025725501,-4843.787285012687,6694.053209999925,16.914909492100666,6987.359332597278,17.64644784269395,3764.4654954368,10.701664969100369,3593.37025725501,10.262608250880175,4843.78728501269,12.982970205758932,171.09523818179014,0.43905671822019343,-0.7315383505932829,0.007784850762600826,6987.35933259728,3593.37025725501,4843.787285012687
experiment_2026_06_15_08_57,SEN_demand_SIN,2025-11-17,Mexican Revolution Day,H2,F,observance_tier_depth,True,2025-11-17,12,True,True,6,False,2,6,6,pearson,RidgeReg,standard,2,{},2025-11-16 10:00:00,2025-11-18,514.8138535738825,1.55085587510979,1140.657798,3.186,,14,24,4,4,6,4,0.07129839316207619,31701.932591529312,31289.555802811636,514.8138535738825,1.55085587510979,0.9060548040762249,323.19394768121964,609.4272273776252,1.873167608127401,0.1229932724648671,89.3160542403974,459.6227188550326,1.3628406975161838,1.3628406975161838,459.6227188550326,729.2544193695687,2.2293045481388285,0.7760478056714126,301.04707713417963,642.8107982698234,2.005614487698985,0.988154574298322,336.1129555003179,674.6584481486769,2.0880266152294538,0.9100099753305134,323.19394768121435,89.3160542403974,459.6227188550326,hourly_window_mean_factor_top_available_analogs,4,30165.718667499998,,30165.718667499998,0.0,-211.7310228937822,123.50976335471462,5.265495641843269e-12,-211.7310228937822,123.50976335471462,5.265495641843269e-12,-301.04707713417963,-336.112955500318,-323.19394768121435,609.4272273776252,1.873167608127401,729.2544193695687,2.2293045481388285,459.6227188550326,1.3628406975161838,642.8107982698234,2.005614487698985,674.6584481486769,2.0880266152294538,-183.18807941479082,-0.6427737901828015,-0.3561369400114276,-0.5371707401196637,301.04707713417963,336.112955500318,323.19394768121435
experiment_2026_06_15_08_57,SEN_demand_SIN,2025-12-24,Christmas Eve,H1,G,observance_tier_depth,True,2025-12-24,12,True,True,2,False,2,7,2,pearson,LassoReg,,2,{},2025-12-23 10:00:00,2025-12-25,796.738454135521,2.5068129717514887,1037.418202,2.975,,14,24,2,4,2,2,0.06993478232474415,32499.387159923197,30787.354852927776,796.738454135521,2.5068129717514887,-1.4750359135023807,-450.8097772916155,856.8744515346376,2.4922701572987465,-1.4415765731588068,-473.27738191534235,761.6591223193697,2.5152962801822545,-1.494553862036132,-437.7036745944415,799.5584587574615,2.327079322272716,-1.369657537818311,-451.3609785868336,786.2321527703945,2.5956638156950342,-1.5236178261889934,-450.48824320274207,791.1418444498403,2.4967116339078643,-1.4668956146840053,-450.8097772916179,-473.27738191534235,-437.7036745944415,hourly_window_mean_factor_top_available_analogs,2,31398.480545,,31398.480545,0.0,-21.91640332850875,12.78456860830056,2.3934071099287587e-12,-21.91640332850875,12.78456860830056,2.3934071099287587e-12,451.3609785868336,450.48824320274207,450.8097772916179,856.8744515346376,2.4922701572987465,799.5584587574615,2.327079322272716,761.6591223193697,2.5152962801822545,786.2321527703945,2.5956638156950342,791.1418444498403,2.4967116339078643,-24.573030451024806,-0.08036753551277975,0.1651908350260305,0.010101337843624325,451.3609785868336,450.48824320274207,450.8097772916179
experiment_2026_06_15_08_57,SEN_demand_SIN,2025-12-25,Christmas Day,H2,I,observance_tier_depth,True,2025-12-25,12,True,True,2,False,2,7,2,pearson,LassoReg,,2,{},2025-12-24 10:00:00,2025-12-26,1144.0509023487098,4.210343362087784,1037.418202,2.975,,14,24,2,4,2,2,0.10973745739763845,28817.911042085554,26893.747053935585,1144.0509023487098,4.210343362087784,-4.210343362087784,-1144.0509023487098,1418.2877731997764,4.666338689096463,-4.666338689096463,-1418.2877731997764,984.0793943522536,3.9443460879993886,-3.9443460879993886,-984.0793943522536,1571.8820104667636,5.161038863267959,-5.161038863267959,-1571.8820104667636,903.599201717132,3.5515118146260316,-3.518585331198993,-894.4827559465144,1149.8086575722593,4.144495464125689,-4.123699790382297,-1144.0509023487114,-1418.2877731997764,-984.0793943522536,hourly_window_mean_factor_top_available_analogs,2,25680.343066842106,,25680.343066842106,0.0,153.59423726698722,-89.59663840573921,2.1061982567373076e-12,153.59423726698722,-89.59663840573921,2.1061982567373076e-12,1571.8820104667636,894.4827559465144,1144.0509023487118,1418.2877731997764,4.666338689096463,1571.8820104667636,5.161038863267959,984.0793943522536,3.9443460879993886,903.599201717132,3.5515118146260316,1149.8086575722593,4.144495464125689,80.48019263512163,0.39283427337335697,-0.4947001741714958,0.06584789796209467,1571.8820104667636,894.4827559465144,1144.0509023487118
experiment_2026_06_15_08_57,SEN_demand_SIN,2025-12-31,New Year's Eve,H1,G,observance_tier_depth,True,2025-12-31,12,True,True,5,False,2,7,5,euclidian,PCR,standard,3,{},2025-12-30 10:00:00,2026-01-01,949.1877903684366,3.135780603765695,955.709841,2.846,,14,24,4,4,5,4,0.07835677715739212,31019.54723441429,29326.834491240366,949.1877903684366,3.135780603765695,-2.670242979960765,-805.4739452037651,1183.2783778972123,3.680647287535101,-3.616573532602589,-1161.0675912838874,812.6349476433178,2.8179417049002082,-2.118216824253034,-598.0443183236938,1305.420004166157,4.051196868821544,-4.051196868821544,-1305.420004166157,580.0982175798318,2.0228024866179646,-1.7866334055573272,-513.8387441423675,847.3220336905832,2.770105680061388,-2.6209462604441436,-805.4739452037637,-1161.0675912838874,-598.0443183236938,hourly_window_mean_factor_top_available_analogs,4,29544.993992105265,,29544.993992105265,0.0,144.35241288226956,-84.20557418132618,-1.4360442659572551e-12,144.35241288226956,-84.20557418132618,-1.4360442659572551e-12,1305.420004166157,513.8387441423677,805.4739452037636,1183.2783778972123,3.680647287535101,1305.420004166157,4.051196868821544,812.6349476433178,2.8179417049002082,580.0982175798318,2.0228024866179646,847.3220336905832,2.770105680061388,232.53673006348595,0.7951392182822437,-0.37054958128644255,0.36567492370430665,1305.420004166157,513.8387441423677,805.4739452037636
experiment_2026_06_15_08_57,SEN_demand_SIN,2026-01-01,New Year's Day,H3,I,observance_tier_depth,True,2026-01-01,12,True,True,2,False,2,8,2,pearson,LassoReg,,2,{},2025-12-31 10:00:00,2026-01-02,281.29523010218105,1.0882661106594587,1085.903431,3.211,,14,24,2,4,2,2,0.10968093174194134,26183.155486029893,24499.695927441197,281.29523010218105,1.0882661106594587,-0.045101761137373075,3.3733352859006502,301.906900482312,1.0382664083190716,0.19157041654909232,62.4718099609272,269.27175571377137,1.1174326036913516,-0.1831605314544779,-31.10077494119817,320.52213618566356,1.118214434196102,-0.5505852319593986,-151.59683363617998,346.6988218380346,1.440909907855712,0.3282792707655145,93.77260049044237,337.0547797555821,1.3220221017705927,0.0044870855510728645,3.373335285897299,62.4718099609272,-31.10077494119817,hourly_window_mean_factor_top_available_analogs,2,26892.35893618421,,26892.35893618421,0.0,214.06864359710718,-124.87337543164055,3.350769953900262e-12,214.06864359710718,-124.87337543164055,3.350769953900262e-12,151.59683363617998,-93.77260049044239,-3.3733352858972996,301.906900482312,1.0382664083190716,320.52213618566356,1.118214434196102,269.27175571377137,1.1174326036913516,346.6988218380346,1.440909907855712,337.0547797555821,1.3220221017705927,-77.4270661242632,-0.3234773041643604,-0.07994802587703043,-0.233755991111134,151.59683363617998,93.77260049044239,3.3733352858972996
experiment_2026_06_15_08_57,SEN_demand_SIN,2026-02-02,Constitution Day,H2,H,observance_tier_depth,True,2026-02-02,12,True,True,2,False,2,8,2,pearson,LassoReg,,2,{},2026-02-01 10:00:00,2026-02-03,650.9282650463578,2.236747375875272,1071.676955,3.156,,14,24,2,4,2,2,0.06986267329817664,29748.74214881398,29612.62888908468,650.9282650463578,2.236747375875272,-1.982844907672293,-570.6376746034524,598.7910482934773,2.0986260177572627,-1.57916278457596,-427.43652834991866,681.3416414855379,2.3173181681107775,-2.2183261461451536,-654.1716765846804,823.6633893421551,2.891039034722368,-2.891039034722368,-823.6633893421551,544.3335037922972,1.8609423458581242,-1.4088034341574855,-423.039341005877,647.2445142580343,2.240451652281793,-1.9548902343656003,-570.6376746034532,-427.43652834991866,-654.1716765846804,hourly_window_mean_factor_top_available_analogs,2,29202.310616842107,,29202.310616842107,0.0,396.22686099223654,-231.13233557880343,7.658902751772027e-13,396.22686099223654,-231.13233557880343,7.658902751772027e-13,823.6633893421551,423.03934100587696,570.6376746034532,598.7910482934773,2.0986260177572627,823.6633893421551,2.891039034722368,681.3416414855379,2.3173181681107775,544.3335037922972,1.8609423458581242,647.2445142580343,2.240451652281793,137.00813769324077,0.4563758222526533,-0.7924130169651051,-0.0037042764065211564,823.6633893421551,423.03934100587696,570.6376746034532
experiment_2026_06_15_08_57,SEN_demand_SIN,2026-03-16,Benito Juarez's Birthday,H2,H,observance_tier_depth,True,2026-03-16,12,True,True,2,False,2,8,2,pearson,LassoReg,,2,{},2026-03-15 10:00:00,2026-03-17,1179.0875050213308,3.4645183103900106,1078.933793,3.163,,14,24,2,4,2,2,0.07011589116551835,31907.20304442713,31397.48308627123,1179.0875050213308,3.4645183103900106,3.165316316716251,1087.3100947833964,1534.0595642687656,4.212428657385122,3.429296705071707,1294.2011551627577,972.0204704603271,3.0282372746428625,3.0113277568422347,966.6236428954356,1427.4022066260434,3.9140694795567925,3.458614319014405,1288.292376288604,972.1111801889696,3.065283881673448,3.0588897377881046,970.0704305720277,1139.8499794026284,3.3779943651041533,3.206156688766215,1087.3100947833977,1294.2011551627577,966.6236428954356,hourly_window_mean_factor_top_available_analogs,2,33320.7221531579,,33320.7221531579,0.0,5.90877887415367,-3.4467876765920664,-1.5317805503544054e-12,5.90877887415367,-3.4467876765920664,-1.5317805503544054e-12,-1288.292376288604,-970.0704305720277,-1087.310094783398,1534.0595642687656,4.212428657385122,1427.4022066260434,3.9140694795567925,972.0204704603271,3.0282372746428625,972.1111801889696,3.065283881673448,1139.8499794026284,3.3779943651041533,-0.09070972864242322,-0.03704660703058549,0.2983591778283299,0.08652394528585727,1288.292376288604,970.0704305720277,1087.310094783398
experiment_2026_06_15_08_57,SEN_demand_SIN,2026-04-02,Maundy Thursday,H1,G,observance_tier_depth,True,2026-04-02,12,True,True,2,False,2,8,2,pearson,LassoReg,,2,{},2026-04-01 10:00:00,2026-04-03,480.99857515069704,1.2430647371173589,1126.545217,3.281,,14,24,2,4,2,2,0.05891348297031645,38924.496778730994,37601.43109801248,480.99857515069704,1.2430647371173589,-1.1226909894335497,-433.7599366257288,627.4665171055785,1.5744039463565824,-1.5744039463565824,-627.4665171055785,395.5589423436829,1.049783531727812,-0.8591917645617807,-320.7644313458165,992.7151525763018,2.500646215420977,-2.500646215420977,-992.7151525763018,346.8747205250732,0.9330311020807897,-0.33741061924212495,-107.70272732122885,584.8159323334206,1.5105735122587536,-1.1343921546764388,-433.7599366257294,-627.4665171055785,-320.7644313458165,hourly_window_mean_factor_top_available_analogs,2,36770.843829342106,,36770.843829342106,0.0,365.2486354707232,-213.0617040245876,5.74417706382902e-13,365.2486354707232,-213.0617040245876,5.74417706382902e-13,992.7151525763018,107.70272732122888,433.7599366257294,627.4665171055785,1.5744039463565824,992.7151525763018,2.500646215420977,395.5589423436829,1.049783531727812,346.8747205250732,0.9330311020807897,584.8159323334206,1.5105735122587536,48.68422181860967,0.11675242964702226,-0.9262422690643948,-0.2675087751413947,992.7151525763018,107.70272732122888,433.7599366257294
experiment_2026_06_15_08_57,SEN_demand_SIN,2026-04-03,Good Friday,H2,G,observance_tier_depth,True,2026-04-03,12,True,True,2,False,2,8,2,pearson,LassoReg,,2,{},2026-04-02 10:00:00,2026-04-04,518.617251545482,1.5491247125493885,1126.545217,3.281,,14,24,2,4,2,2,0.08044831523197146,35930.20871791694,34408.94599030361,518.617251545482,1.5491247125493885,-1.2951736563376528,-421.9192442327293,250.29847419530986,0.6519177092473003,-0.6374199949076959,-244.58767953979623,675.1365383330823,2.0724954644756064,-1.6788632921717943,-525.3626569702736,964.066185739185,2.5776471697689525,-2.5776471697689525,-964.066185739185,436.24161775104267,1.3083266000348348,-0.4112959164660248,-105.66686168729682,630.7033006940425,1.775971020463194,-1.2094253255776297,-421.9192442327293,-244.58767953979623,-525.3626569702736,hourly_window_mean_factor_top_available_analogs,2,33263.60858710527,,33263.60858710527,0.0,719.4785061993888,-419.6957952829768,0.0,719.4785061993888,-419.6957952829768,0.0,964.066185739185,105.66686168729683,421.9192442327293,250.29847419530986,0.6519177092473003,964.066185739185,2.5776471697689525,675.1365383330823,2.0724954644756064,436.24161775104267,1.3083266000348348,630.7033006940425,1.775971020463194,238.89492058203962,0.7641688644407716,-1.9257294605216522,-0.22684630791380545,964.066185739185,105.66686168729683,421.9192442327293
experiment_2026_06_15_08_57,SEN_demand_SIN,2026-04-04,Holy Saturday,H3,G,observance_tier_depth,True,2026-04-04,12,True,True,2,False,2,8,2,pearson,LassoReg,,2,{},2026-04-03 10:00:00,2026-04-05,421.4630776226709,1.2322684892636173,1127.042081,3.27,,14,24,2,4,2,2,0.06507561338425397,34226.37769647371,34119.43339632013,421.4630776226709,1.2322684892636173,-0.0521424881114185,0.43809299997155904,571.4611582259028,1.6889167060397428,-0.29689933142669983,-57.35363959414254,333.96419727078563,0.9658903628108776,0.09063233715582912,34.149937013204784,604.6764155787953,1.7592310187578595,0.16431947988052595,101.05267502200617,630.1537228920906,1.8415524715737448,-0.1347171647995132,-58.25374651288106,620.7673465135082,1.8112235152731557,-0.024545769391077787,0.43809299997213347,-57.35363959414254,34.149937013204784,hourly_window_mean_factor_top_available_analogs,2,32040.751780394734,,32040.751780394734,0.0,-158.4063146161487,92.40368352608584,-5.74417706382902e-13,-158.4063146161487,92.40368352608584,-5.74417706382902e-13,-101.05267502200616,58.25374651288106,-0.43809299997213347,571.4611582259028,1.6889167060397428,604.6764155787953,1.7592310187578595,333.96419727078563,0.9658903628108776,630.1537228920906,1.8415524715737448,620.7673465135082,1.8112235152731557,-296.189525621305,-0.8756621087628672,-0.07031431271811672,-0.5789550260095384,101.05267502200616,58.25374651288106,0.43809299997213347
experiment_2026_06_15_08_57,SEN_demand_SIN,2026-05-01,Labor Day,H2,F,observance_tier_depth,True,2026-05-01,12,True,True,2,False,2,8,2,pearson,LassoReg,,2,{},2026-04-30 10:00:00,2026-05-02,1493.054470044626,3.6437612209079617,1098.465331,3.209,,14,24,2,4,2,2,0.07663368257277703,43540.78921752344,41273.02238630248,1493.054470044626,3.6437612209079617,-3.578861089420157,-1463.4734280497462,1027.2466424736365,2.209426376741613,-2.209426376741613,-1027.2466424736365,1764.7757027943699,4.4804565466716655,-4.377698005149308,-1717.9390529691434,812.7392094320733,1.7573158449749162,-1.6696030189423514,-770.5142549799966,1919.242999409664,4.892744850748709,-4.779589145616954,-1867.699612340444,1511.5837083652884,3.737586795989943,-3.6338047831578892,-1463.4734280497528,-1027.2466424736365,-1717.9390529691434,hourly_window_mean_factor_top_available_analogs,2,35195.024286052634,,35195.024286052634,0.0,-256.73238749364,149.7605593713006,6.701539907800524e-12,-256.73238749364,149.7605593713006,6.701539907800524e-12,770.5142549799965,1867.699612340444,1463.4734280497528,1027.2466424736365,2.209426376741613,812.7392094320733,1.7573158449749162,1764.7757027943699,4.4804565466716655,1919.242999409664,4.892744850748709,1511.5837083652884,3.737586795989943,-154.46729661529412,-0.41228830407704375,0.4521105317666969,-0.09382557508198142,770.5142549799965,1867.699612340444,1463.4734280497528
