experiment_id,unique_id,target_date,holiday_label,holiday_day_type,analog_cluster,cluster_filter_label,filter_by_cluster,train_end,eligible_tuning_dates,target_exists,target_has_complete_profile,selected_analogs,fail,optuna_k_min,optuna_k_max,k,typedist,typereg,scale_method,n_components,regressor_params,forecast_start,forecast_end,mae_window,mape_window_pct,tuning_best_mean_mae,tuning_best_mean_mape_pct,error,bias_head_hours,bias_tail_hours,hourly_factor_analog_count,hourly_factor_requested_analogs,hourly_factor_available_neighbors,hourly_factor_selected_analogs,hourly_factor_mean_abs,forecast_window_mean_38,forecast_daily_mean_24,mae_38,mape_38_pct,mpe_38_pct,bias_38,mae_14,mape_14_pct,mpe_14_pct,bias_14,mae_24,mape_24_pct,mpe_24_pct,bias_24,mae_14_bias_adjusted,mape_14_bias_adjusted_pct,mpe_14_bias_adjusted_pct,bias_14_bias_adjusted,mae_24_bias_adjusted,mape_24_bias_adjusted_pct,mpe_24_bias_adjusted_pct,bias_24_bias_adjusted,mae_38_bias_adjusted,mape_38_bias_adjusted_pct,mpe_38_bias_adjusted_pct,bias_38_bias_adjusted,head_bias_mean,tail_bias_mean,bias_model_method,bias_train_samples,predicted_head_bias_mean,predicted_tail_bias_mean,predicted_full_bias_mean,predicted_bias_14,predicted_bias_24,predicted_bias_38,bias_14_prediction_error,bias_24_prediction_error,bias_38_prediction_error,mae_head14,mape_head14_pct,mae_head14_bias_adjusted,mape_head14_bias_adjusted_pct,mae_holiday24_raw,mape_holiday24_raw_pct,mae_holiday24_bias_adjusted,mape_holiday24_bias_adjusted_pct,mae_window_bias_adjusted,mape_window_bias_adjusted_pct,mae_holiday24_improvement,mape_holiday24_improvement_pct,mape_window_improvement_pct
experiment_2026_08_25_00_38_criterion_best_matching_weekday,SEN_demand_CEL,2025-01-01,New Year's Day,H3,I,observance_tier,True,2025-01-01,19,True,True,7,False,2,9,7,pearson,PLS,minmax,3,{},2024-12-31 10:00:00,2025-01-02,236.55651872432472,4.862628628325544,299.355292,5.089,,14,24,4,4,7,4,0.10780285999285791,5397.978004170575,4972.10252989765,236.55651872432472,4.862628628325544,-4.832022810528522,-234.73635680215577,195.3884281414797,3.315674662371822,-3.2326017283513333,-190.44798863844952,260.57123823098425,5.765018441798549,-5.765018441798549,-260.57123823098425,138.2310587722043,2.383272485375902,-2.310108669329421,-133.8775409381555,304.9236896390392,6.922184859875635,-6.716701620273088,-293.57066605615347,243.51061510915258,5.249953985059945,-5.093220006767527,-234.73635680215423,-190.44798863844952,-260.57123823098425,hourly_window_mean_factor_top_available_analogs,4,-56.570447700294025,32.9994278251692,-1.4599783370565428e-12,-56.570447700294025,32.9994278251692,-1.4599783370565428e-12,133.8775409381555,293.57066605615347,234.73635680215432,195.3884281414797,3.315674662371822,138.2310587722043,2.383272485375902,260.57123823098425,5.765018441798549,304.9236896390392,6.922184859875635,243.51061510915258,5.249953985059945,-44.35245140805495,-1.157166418077086,-0.3873253567344008
experiment_2026_08_25_00_38_criterion_best_matching_weekday,SEN_demand_CEL,2025-02-03,Constitution Day,H2,I,observance_tier,True,2025-02-03,19,True,True,5,False,2,9,5,pearson,PLS,standard,2,{},2025-02-02 10:00:00,2025-02-04,179.1838362184406,3.113036921553448,272.909001,4.577,,14,24,4,4,5,4,0.08954701811988712,6149.129410868034,6046.952992501964,179.1838362184406,3.113036921553448,-2.8751434359330745,-164.49795534171835,119.5976214266119,1.90207127935765,-1.3156815380977893,-83.03822449558162,213.94246151367403,3.819433546167664,-3.784829543003658,-212.01613166863146,133.09658154793266,2.0942486696494487,-1.5105143028707715,-96.41140596249443,207.92234697798892,3.6048660312054768,-3.538270338889946,-204.21510914626558,180.35495971428398,3.0483227927374665,-2.791202325619724,-164.4979553417183,-83.03822449558162,-212.01613166863146,hourly_window_mean_factor_top_available_analogs,4,13.373181466912813,-7.801022522365884,-4.786814219857517e-14,13.373181466912813,-7.801022522365884,-4.786814219857517e-14,96.41140596249443,204.21510914626558,164.4979553417183,119.5976214266119,1.90207127935765,133.09658154793266,2.0942486696494487,213.94246151367403,3.819433546167664,207.92234697798892,3.6048660312054768,180.35495971428398,3.0483227927374665,6.02011453568511,0.2145675149621873,0.06471412881598138
experiment_2026_08_25_00_38_criterion_best_matching_weekday,SEN_demand_CEL,2025-03-17,Benito Juarez's Birthday,H2,I,observance_tier,True,2025-03-17,19,True,True,5,False,2,9,5,pearson,PLS,standard,2,{},2025-03-16 10:00:00,2025-03-18,68.5536663374506,1.1233923254103069,246.749685,4.17,,14,24,4,4,5,4,0.0852386437262564,6080.596451933585,5942.408936666209,68.5536663374506,1.1233923254103069,-0.0412335850024603,-1.6329827230582084,63.720569659512094,1.0002529394968307,0.7852823221786742,50.51123046520089,71.37297273291472,1.1952236338598343,-0.5233678641914553,-32.05044041620935,81.25235928222686,1.28025115489413,0.9500027248866799,60.098345661295944,71.85243770683701,1.1952073327304003,-0.607745212657483,-37.64292428059874,75.31556670829643,1.226539267211774,-0.03383807777279142,-1.6329827230585914,50.51123046520089,-32.05044041620935,hourly_window_mean_factor_top_available_analogs,4,-9.587115196095056,5.592483864389389,3.8294513758860134e-13,-9.587115196095056,5.592483864389389,3.8294513758860134e-13,-60.098345661295944,37.642924280598734,1.6329827230585914,63.720569659512094,1.0002529394968307,81.25235928222686,1.28025115489413,71.37297273291472,1.1952236338598343,71.85243770683701,1.1952073327304003,75.31556670829643,1.226539267211774,-0.4794649739222905,1.6301129434070916e-05,-0.10314694180146722
experiment_2026_08_25_00_38_criterion_best_matching_weekday,SEN_demand_CEL,2025-04-17,Maundy Thursday,H1,H,observance_tier,True,2025-04-17,19,True,True,5,False,2,9,5,pearson,PLS,standard,2,{},2025-04-16 10:00:00,2025-04-18,134.64656710420812,2.007217973877298,240.967126,4.058,,14,24,4,4,5,4,0.08435544227031935,6566.710974831313,6185.417469218916,134.64656710420812,2.007217973877298,1.5523648430830226,103.61436990552885,82.89527762434902,1.1235445646596498,0.36011861718001,28.265517690292913,164.8348193007926,2.5226941292542597,2.247841808193113,147.56786703108313,77.93708457475812,1.0619604742414617,0.06077303832589905,6.427352272224782,180.17590141778024,2.7588362198713914,2.4450260465189837,160.3067968582894,142.50896889666683,2.133671471481417,1.566617043500479,103.61436990552875,28.265517690292913,147.56786703108313,hourly_window_mean_factor_top_available_analogs,4,21.838165418068133,-12.738929827206258,9.573628439715034e-14,21.838165418068133,-12.738929827206258,9.573628439715034e-14,-6.4273522722247804,-160.30679685828937,-103.61436990552875,82.89527762434902,1.1235445646596498,77.93708457475812,1.0619604742414617,164.8348193007926,2.5226941292542597,180.17590141778024,2.7588362198713914,142.50896889666683,2.133671471481417,-15.34108211698765,-0.23614209061713165,-0.12645349760411895
experiment_2026_08_25_00_38_criterion_best_matching_weekday,SEN_demand_CEL,2025-04-18,Good Friday,H2,I,observance_tier,True,2025-04-18,19,True,True,5,False,2,9,5,pearson,PLS,standard,2,{},2025-04-17 10:00:00,2025-04-19,180.5761671397793,2.9427399152865807,241.674558,4.027,,14,24,4,4,5,4,0.10076774616332988,6005.750653390745,5617.801255935598,180.5761671397793,2.9427399152865807,2.5204328236018783,154.03044634609725,125.33280589076483,1.85653900449244,0.9654147958794331,67.91374882900345,212.80146120170443,3.5763571132498293,3.427526673106639,204.26518656440194,119.73667989386915,1.7859708815961863,0.6531381330040967,46.56244099813551,229.34877747396413,3.8929380634234314,3.6797045977983465,216.7201161324076,188.9653731023502,3.1166869964344466,2.5646537949794124,154.03044634609682,67.91374882900345,204.26518656440194,hourly_window_mean_factor_top_available_analogs,4,21.351307830867945,-12.454929568005658,4.0687920868788895e-13,21.351307830867945,-12.454929568005658,4.0687920868788895e-13,-46.56244099813551,-216.7201161324076,-154.03044634609685,125.33280589076483,1.85653900449244,119.73667989386915,1.7859708815961863,212.80146120170443,3.5763571132498293,229.34877747396413,3.8929380634234314,188.9653731023502,3.1166869964344466,-16.547316272259707,-0.3165809501736021,-0.17394708114786583
experiment_2026_08_25_00_38_criterion_best_matching_weekday,SEN_demand_CEL,2025-04-19,Holy Saturday,H3,I,observance_tier,True,2025-04-19,19,True,True,4,False,2,10,4,pearson,PLS,,2,{},2025-04-18 10:00:00,2025-04-20,99.76572622809576,1.662690695141141,212.707236,3.571,,14,24,4,4,4,4,0.07841111490290534,5912.124860340494,5840.602911246868,99.76572622809576,1.662690695141141,1.269903848789633,79.48463965950609,136.1550476418625,2.1903896421882414,2.1903896421882414,136.1550476418625,78.53862207006516,1.354866309363666,0.7329538026404449,46.42690166979818,89.59357132783283,1.4510530348221231,-0.34786455409119604,-16.43499725272191,137.43648354216668,2.336109899803595,2.2993598128827624,135.43776119163928,119.81014746320159,2.010036317968316,1.3240666250502515,79.4846396595062,136.1550476418625,46.42690166979818,hourly_window_mean_factor_top_available_analogs,4,152.59004489458442,-89.0108595218411,-1.1967035549643792e-13,152.59004489458442,-89.0108595218411,-1.1967035549643792e-13,16.434997252721928,-135.43776119163928,-79.4846396595062,136.1550476418625,2.1903896421882414,89.59357132783283,1.4510530348221231,78.53862207006516,1.354866309363666,137.43648354216668,2.336109899803595,119.81014746320159,2.010036317968316,-58.897861472101525,-0.9812435904399293,-0.34734562282717496
experiment_2026_08_25_00_38_criterion_best_matching_weekday,SEN_demand_CEL,2025-05-01,Labor Day,H2,I,observance_tier,True,2025-05-01,19,True,True,4,False,2,11,4,euclidian,PLS,standard,2,{},2025-04-30 10:00:00,2025-05-02,144.15946974197962,2.067327120517529,208.46129,3.482,,14,24,4,4,4,4,0.10199642199595418,6700.597216174824,6200.017401530294,144.15946974197962,2.067327120517529,1.9641092270242,137.89109514096447,176.22656642110113,2.2485917114464367,2.2225894975724456,174.28205443454786,125.4536633458254,1.9615894424756661,1.8133290692043902,116.66303555304084,189.43406995155868,2.4183942950295423,2.4183942950295423,189.43406995155868,120.60330397785253,1.85575902203216,1.6355268413437563,107.82435983478615,145.9620072313232,2.0630457015575114,1.9239516927016773,137.8910951409655,174.28205443454786,116.66303555304084,hourly_window_mean_factor_top_available_analogs,4,-15.152015517010827,8.838675718254686,-1.0291650572693661e-12,-15.152015517010827,8.838675718254686,-1.0291650572693661e-12,-189.43406995155868,-107.82435983478615,-137.8910951409655,176.22656642110113,2.2485917114464367,189.43406995155868,2.4183942950295423,125.4536633458254,1.9615894424756661,120.60330397785253,1.85575902203216,145.9620072313232,2.0630457015575114,4.850359367972871,0.1058304204435061,0.004281418960017547
experiment_2026_08_25_00_38_criterion_best_matching_weekday,SEN_demand_CEL,2025-09-16,Independence Day,H2,I,observance_tier,True,2025-09-16,19,True,True,7,False,2,12,7,euclidian,PLS,standard,2,{},2025-09-15 10:00:00,2025-09-17,630.5682262413899,11.347929266458271,206.861098,3.486,,14,24,4,4,7,4,0.09089234101079681,6338.9838317344975,6209.080402849892,630.5682262413899,11.347929266458271,-9.360427988703794,-500.3584319976555,379.24172205538565,5.928184928500747,-0.5335386031671705,-25.81513767953506,777.1753536832257,14.509446796933494,-14.509446796933494,-777.1753536832257,319.5665836066631,5.008095416386383,-2.906513809477478,-182.88732487464793,685.5499111527429,12.747719947638366,-12.747719947638366,-685.5499111527429,550.7139483726082,9.896279330861319,-9.122012423052775,-500.3584319976554,-25.81513767953506,-777.1753536832257,hourly_window_mean_factor_top_available_analogs,4,157.0721871951129,-91.62544253048277,-1.6753849769501309e-13,157.0721871951129,-91.62544253048277,-1.6753849769501309e-13,182.88732487464796,685.5499111527429,500.3584319976553,379.24172205538565,5.928184928500747,319.5665836066631,5.008095416386383,777.1753536832257,14.509446796933494,685.5499111527429,12.747719947638366,550.7139483726082,9.896279330861319,91.62544253048281,1.761726849295128,1.4516499355969525
experiment_2026_08_25_00_38_criterion_best_matching_weekday,SEN_demand_CEL,2025-11-17,Mexican Revolution Day,H2,I,observance_tier,True,2025-11-17,19,True,True,8,False,2,12,8,pearson,PLS,,2,{},2025-11-16 10:00:00,2025-11-18,57.038304526432704,0.9361506408732229,227.878339,3.85,,14,24,4,4,8,4,0.0866534462124275,6147.936339323674,6012.9264988025425,57.038304526432704,0.9361506408732229,-0.059761503325178246,-1.5282940605153559,57.70569359524052,0.9033522836909267,0.16751308941329843,12.220034782960154,56.64899423629481,0.9552830158962292,-0.19233834908928962,-9.548152552542737,72.75980583900908,1.1290628379071714,0.28281983047239606,16.566976162255482,76.9844159838414,1.2978259138906203,-0.12169899393502907,-12.083868357131982,75.42798066732422,1.2356500437914548,0.027334257162443355,-1.5282940605155473,12.220034782960154,-9.548152552542737,hourly_window_mean_factor_top_available_analogs,4,-4.346941379295329,2.5357158045892447,1.9147256879430067e-13,-4.346941379295329,2.5357158045892447,1.9147256879430067e-13,-16.566976162255482,12.083868357131982,1.5282940605155473,57.70569359524052,0.9033522836909267,72.75980583900908,1.1290628379071714,56.64899423629481,0.9552830158962292,76.9844159838414,1.2978259138906203,75.42798066732422,1.2356500437914548,-20.33542174754659,-0.3425428979943911,-0.29949940291823196
experiment_2026_08_25_00_38_criterion_best_matching_weekday,SEN_demand_CEL,2025-12-24,Christmas Eve,H1,H,observance_tier,True,2025-12-24,19,True,True,9,False,2,12,9,pearson,PLS,standard,2,{},2025-12-23 10:00:00,2025-12-25,171.8260267170673,2.723568881817343,228.149054,3.859,,14,24,4,4,9,4,0.08533276280609597,6511.584061484512,6158.7483958722805,171.8260267170673,2.723568881817343,-0.7584225718476193,-36.437569642406146,132.42238257216923,1.823213565250041,1.7903753930423985,130.12575032309346,194.81148580159118,3.2487761498149355,-2.2452213847001294,-133.5995062889476,114.35202456530604,1.5639957943543392,0.8969342276669661,66.88857633063897,187.58505473374615,3.097242700307946,-1.6028230251486537,-96.71115479335015,160.60446467168927,2.5323622612724064,-0.6818598267428991,-36.43756964240679,130.12575032309346,-133.5995062889476,hourly_window_mean_factor_top_available_analogs,4,63.23717399245451,-36.88835149559744,6.462199196807648e-13,63.23717399245451,-36.88835149559744,6.462199196807648e-13,-66.88857633063895,96.71115479335015,36.43756964240679,132.42238257216923,1.823213565250041,114.35202456530604,1.5639957943543392,194.81148580159118,3.2487761498149355,187.58505473374615,3.097242700307946,160.60446467168927,2.5323622612724064,7.226431067845027,0.15153344950698955,0.19120662054493653
experiment_2026_08_25_00_38_criterion_best_matching_weekday,SEN_demand_CEL,2025-12-25,Christmas Day,H2,I,observance_tier,True,2025-12-25,19,True,True,9,False,2,12,9,pearson,PLS,standard,2,{},2025-12-24 10:00:00,2025-12-26,192.47743501913396,3.7318081726244094,229.148046,3.866,,14,24,4,4,9,4,0.12370251099502841,5617.305197270403,5188.81090118828,192.47743501913396,3.7318081726244094,-2.818618558071734,-135.65474832303505,184.36305290028253,2.994311369875326,-1.3167706999447064,-77.97912055404556,197.210824588464,4.162014640894709,-3.694696475312501,-169.29886452161227,188.89521709443093,3.0735177950376413,-1.8424589733831969,-110.72557038326906,176.99762505256209,3.716780181739619,-3.266099038361618,-150.19676878789838,181.3809484364085,3.479788776112574,-2.741600067053778,-135.65474832303494,-77.97912055404556,-169.29886452161227,hourly_window_mean_factor_top_available_analogs,4,32.746449829223494,-19.102095733713895,-1.1967035549643792e-13,32.746449829223494,-19.102095733713895,-1.1967035549643792e-13,110.72557038326906,150.19676878789838,135.65474832303494,184.36305290028253,2.994311369875326,188.89521709443093,3.0735177950376413,197.210824588464,4.162014640894709,176.99762505256209,3.716780181739619,181.3809484364085,3.479788776112574,20.213199535901907,0.4452344591550901,0.2520193965118356
experiment_2026_08_25_00_38_criterion_best_matching_weekday,SEN_demand_CEL,2025-12-31,New Year's Eve,H1,H,observance_tier,True,2025-12-31,19,True,True,6,False,2,12,6,pearson,PLS,,2,{},2025-12-30 10:00:00,2026-01-01,120.4264762045647,1.905432845248156,190.379718,3.261,,14,24,4,4,6,4,0.08825997662314689,6115.448842162065,5700.998415181249,120.4264762045647,1.905432845248156,1.683757971779559,106.83318046951433,140.76751802566767,2.0095157250234066,1.6079894387559772,114.64816587082272,108.56086847558795,1.8447178320459265,1.7279562827099815,102.27443898541776,170.45801126737322,2.415778800865803,2.308700982079995,163.5860352819748,90.39771431255167,1.5516521945976904,1.2524081576807968,73.72734849557771,119.89361319064382,1.8700146284859418,1.6415686719331328,106.8331804695135,114.64816587082272,102.27443898541776,hourly_window_mean_factor_top_available_analogs,4,-48.93786941115208,28.54709048984004,8.376924884750655e-13,-48.93786941115208,28.54709048984004,8.376924884750655e-13,-163.5860352819748,-73.72734849557771,-106.8331804695135,140.76751802566767,2.0095157250234066,170.45801126737322,2.415778800865803,108.56086847558795,1.8447178320459265,90.39771431255167,1.5516521945976904,119.89361319064382,1.8700146284859418,18.163154163036282,0.2930656374482361,0.03541821676221413
experiment_2026_08_25_00_38_criterion_best_matching_weekday,SEN_demand_CEL,2026-01-01,New Year's Day,H3,I,observance_tier,True,2026-01-01,19,True,True,6,False,2,12,6,pearson,PLS,,2,{},2025-12-31 10:00:00,2026-01-02,172.53474441397972,3.471626623328353,190.974472,3.268,,14,24,4,4,6,4,0.12433049911220836,5499.262184557468,5083.958188838407,172.53474441397972,3.471626623328353,-3.0945889295615965,-149.93613797851933,131.51918364728303,2.2086245658667343,-2.2086245658667343,-131.51918364728303,196.4604881945528,4.208377823514297,-3.611401475050267,-160.67936133840715,172.82767660271728,2.8722771483479725,-2.831006207014353,-170.3074081016372,166.95546009779252,3.5402280062221183,-3.0543652858958428,-138.05289707336877,169.11890828381743,3.2941408480579586,-2.972075098939504,-149.9361379785203,-131.51918364728303,-160.67936133840715,hourly_window_mean_factor_top_available_analogs,4,38.78822445435416,-22.62646426503837,9.81296915070791e-13,38.78822445435416,-22.62646426503837,9.81296915070791e-13,170.30740810163718,138.05289707336877,149.93613797852032,131.51918364728303,2.2086245658667343,172.82767660271728,2.8722771483479725,196.4604881945528,4.208377823514297,166.95546009779252,3.5402280062221183,169.11890828381743,3.2941408480579586,29.50502809676027,0.6681498172921789,0.17748577527039444
experiment_2026_08_25_00_38_criterion_best_matching_weekday,SEN_demand_CEL,2026-02-02,Constitution Day,H2,I,observance_tier,True,2026-02-02,19,True,True,12,False,2,13,12,pearson,PCR,standard,7,{},2026-02-01 10:00:00,2026-02-03,143.5385543806274,2.3316150633591017,169.450111,2.88,,14,24,4,4,12,4,0.08665390370693034,6229.526187502165,6124.496758612685,143.5385543806274,2.3316150633591017,-2.1339647174547287,-132.4733540811122,129.53992794516054,2.140778468379977,-2.098411027906816,-126.5185277412713,151.7044198013164,2.4429364104302578,-2.1547043696910113,-135.94700277935274,190.2400433541176,3.1211165890834898,-3.1211165890834898,-190.2400433541176,138.4395120231661,2.235507519594973,-1.4964366752857838,-98.77611867185946,157.52391830299032,2.561784545196006,-2.095002959316518,-132.47335408111246,-126.5185277412713,-135.94700277935274,hourly_window_mean_factor_top_available_analogs,4,63.7215156128463,-37.17088410749329,2.3934071099287584e-13,63.7215156128463,-37.17088410749329,2.3934071099287584e-13,190.2400433541176,98.77611867185945,132.47335408111243,129.53992794516054,2.140778468379977,190.2400433541176,3.1211165890834898,151.7044198013164,2.4429364104302578,138.4395120231661,2.235507519594973,157.52391830299032,2.561784545196006,13.264907778150302,0.20742889083528482,-0.23016948183690422
experiment_2026_08_25_00_38_criterion_best_matching_weekday,SEN_demand_CEL,2026-03-16,Benito Juarez's Birthday,H2,I,observance_tier,True,2026-03-16,19,True,True,12,False,2,13,12,pearson,PCR,standard,5,{},2026-03-15 10:00:00,2026-03-17,67.63985335325799,1.050391820963169,165.445358,2.805,,14,24,4,4,12,4,0.0825561197265869,6332.784206942575,6199.925597284554,67.63985335325799,1.050391820963169,0.3519408935687361,24.80126068900465,69.41361276849082,1.070152515775983,-0.23400201767146805,-11.030291356321738,66.60516036103884,1.0388647489890277,0.6937409251255219,45.702999382111706,126.73024054766061,1.9937315772870323,-1.5384248842323858,-95.06554135040285,107.81379952175314,1.7743387185241761,1.5788303795737353,94.72356187865796,114.78301463656116,1.8551676664894385,0.4303679139609539,24.80126068900398,-11.030291356321738,45.702999382111706,hourly_window_mean_factor_top_available_analogs,4,84.03524999408111,-49.020562496546255,6.701539907800523e-13,84.03524999408111,-49.020562496546255,6.701539907800523e-13,95.06554135040285,-94.72356187865796,-24.80126068900398,69.41361276849082,1.070152515775983,126.73024054766061,1.9937315772870323,66.60516036103884,1.0388647489890277,107.81379952175314,1.7743387185241761,114.78301463656116,1.8551676664894385,-41.2086391607143,-0.7354739695351484,-0.8047758455262695
experiment_2026_08_25_00_38_criterion_best_matching_weekday,SEN_demand_CEL,2026-04-02,Maundy Thursday,H1,H,observance_tier,True,2026-04-02,19,True,True,11,False,2,14,11,pearson,PLS,standard,2,{},2026-04-01 10:00:00,2026-04-03,112.00500088871628,1.6640318087597357,165.828479,2.827,,14,24,4,4,11,4,0.08173104068354796,6699.045012817567,6322.288250980167,112.00500088871628,1.6640318087597357,1.0996352241296063,72.30916849822209,84.0222913721029,1.1572581567305402,-0.2815158090410019,-17.810407395969964,128.32824810674074,1.9596497724434325,1.9053066601457942,124.87892110316746,77.51317623124085,1.0742422060872026,-0.41005187692068606,-27.748316710375807,130.67603486990444,2.053165744318497,2.053165744318497,130.67603486990444,111.08971852934417,1.692509703917494,1.1456645154409033,72.30916849822223,-17.810407395969964,124.87892110316746,hourly_window_mean_factor_top_available_analogs,4,9.937909314405845,-5.79711376673697,-1.436044265957255e-13,9.937909314405845,-5.79711376673697,-1.436044265957255e-13,27.74831671037581,-130.6760348699044,-72.30916849822223,84.0222913721029,1.1572581567305402,77.51317623124085,1.0742422060872026,128.32824810674074,1.9596497724434325,130.67603486990444,2.053165744318497,111.08971852934417,1.692509703917494,-2.347786763163697,-0.09351597187506444,-0.028477895157758226
experiment_2026_08_25_00_38_criterion_best_matching_weekday,SEN_demand_CEL,2026-04-03,Good Friday,H2,I,observance_tier,True,2026-04-03,19,True,True,11,False,2,14,11,pearson,PLS,standard,2,{},2026-04-02 10:00:00,2026-04-04,118.19081847507739,1.9112353059758773,164.091007,2.759,,14,24,4,4,11,4,0.10190634336010658,6153.2091846539415,5793.5767752555,118.19081847507739,1.9112353059758773,1.5350610443729824,94.5784785039533,93.06332788146294,1.3621034329758024,0.7228785890190415,50.677677091588585,132.84852132135248,2.2315622318925876,2.008834143329448,120.18727932783274,77.7777144699909,1.1460370923342562,-0.5182151493539799,-34.533841861722394,177.59541245343,3.1086282454339966,2.9731501334471844,169.89399871726383,140.82047109111033,2.3855683469235665,1.6868576608362291,94.57847850395312,50.677677091588585,120.18727932783274,hourly_window_mean_factor_top_available_analogs,4,85.21151895331097,-49.7067193894311,1.9147256879430067e-13,85.21151895331097,-49.7067193894311,1.9147256879430067e-13,34.53384186172239,-169.89399871726386,-94.57847850395312,93.06332788146294,1.3621034329758024,77.7777144699909,1.1460370923342562,132.84852132135248,2.2315622318925876,177.59541245343,3.1086282454339966,140.82047109111033,2.3855683469235665,-44.74689113207751,-0.877066013541409,-0.47433304094768913
experiment_2026_08_25_00_38_criterion_best_matching_weekday,SEN_demand_CEL,2026-04-04,Holy Saturday,H3,I,observance_tier,True,2026-04-04,19,True,True,2,False,2,15,2,pearson,PCR,standard,2,{},2026-04-03 10:00:00,2026-04-05,86.87803549928499,1.4126552658433678,153.658643,2.525,,14,24,2,4,2,2,0.07655650385302928,6058.324782347091,5968.328567880151,86.87803549928499,1.4126552658433678,0.2705148231668362,17.059256337119844,61.54672677674489,0.9886525337266113,0.1876611990644623,13.020269281013693,101.65463225410004,1.659990192911475,0.31884610389322104,19.415332119848433,57.335472949993736,0.9399732305536579,-0.04481846650929632,-2.9225898910044634,119.92669766271801,1.9791562639355778,0.5597901188762063,28.71533330352497,96.86677276855643,1.5962993569001336,0.33703958741838963,17.05925633711939,13.020269281013693,19.415332119848433,hourly_window_mean_factor_top_available_analogs,2,15.942859172018156,-9.300001183676537,4.547473508864641e-13,15.942859172018156,-9.300001183676537,4.547473508864641e-13,2.9225898910044634,-28.71533330352497,-17.05925633711939,61.54672677674489,0.9886525337266113,57.335472949993736,0.9399732305536579,101.65463225410004,1.659990192911475,119.92669766271801,1.9791562639355778,96.86677276855643,1.5962993569001336,-18.272065408617976,-0.31916607102410266,-0.18364409105676582
experiment_2026_08_25_00_38_criterion_best_matching_weekday,SEN_demand_CEL,2026-05-01,Labor Day,H2,I,observance_tier,True,2026-05-01,19,True,True,14,False,2,15,14,pearson,RidgeReg,,2,{'alpha': 0.3134648158536088},2026-04-30 10:00:00,2026-05-02,101.15441021804992,1.4411644063479814,141.997498,2.387,,14,24,4,4,14,4,0.11813769373968047,7132.815841691363,6632.648307635132,101.15441021804992,1.4411644063479814,0.06171652228709684,7.915574361268179,105.0217682075943,1.295023106966197,0.5754869835711458,47.7315784979565,98.8984513908157,1.5264134976540225,-0.23798291346193165,-15.310428051800008,210.41199986758653,2.6406474348676383,-1.3349508708945517,-104.46794435202641,152.22663948832005,2.3194494625764737,1.2301463290290207,73.47262694402411,173.66335120699716,2.4377855576311136,0.28511051853086256,7.915574361268658,47.7315784979565,-15.310428051800008,hourly_window_mean_factor_top_available_analogs,4,152.1995228499829,-88.78305499582412,-4.786814219857517e-13,152.1995228499829,-88.78305499582412,-4.786814219857517e-13,104.46794435202642,-73.47262694402411,-7.915574361268658,105.0217682075943,1.295023106966197,210.41199986758653,2.6406474348676383,98.8984513908157,1.5264134976540225,152.22663948832005,2.3194494625764737,173.66335120699716,2.4377855576311136,-53.32818809750435,-0.7930359649224512,-0.9966211512831322
experiment_2026_08_25_00_38_criterion_best_matching_weekday,SEN_demand_NES,2025-01-01,New Year's Day,H3,I,observance_tier,True,2025-01-01,19,True,True,4,False,2,4,4,pearson,PLS,standard,2,{},2024-12-31 10:00:00,2025-01-02,157.45438268867224,3.9216835680152267,330.104886,6.499,,14,24,4,4,4,4,0.07109577607826437,4249.998929680274,4020.955754983345,157.45438268867224,3.9216835680152267,-3.6749539545602157,-148.363485469748,131.7841330694333,2.9991848874177363,-2.959218790722229,-130.0252770178677,172.4286949665616,4.459807798363763,-4.092466133465709,-159.06077373334486,91.71092818905933,2.1040264173101435,-1.3940901828137515,-58.112972170590474,201.00961822758964,5.325816043975823,-5.325816043975823,-201.00961822758964,160.74167979234164,4.138840918362151,-3.87728546354769,-148.36348546974787,-130.0252770178677,-159.06077373334486,hourly_window_mean_factor_top_available_analogs,4,-71.91230484727723,41.94884449424478,-1.6753849769501309e-13,-71.91230484727723,41.94884449424478,-1.6753849769501309e-13,58.11297217059047,201.00961822758964,148.36348546974784,131.7841330694333,2.9991848874177363,91.71092818905933,2.1040264173101435,172.4286949665616,4.459807798363763,201.00961822758964,5.325816043975823,160.74167979234164,4.138840918362151,-28.580923261028033,-0.8660082456120595,-0.21715735034692418
experiment_2026_08_25_00_38_criterion_best_matching_weekday,SEN_demand_NES,2025-02-03,Constitution Day,H2,I,observance_tier,True,2025-02-03,19,True,True,4,False,2,4,4,pearson,PLS,standard,2,{},2025-02-02 10:00:00,2025-02-04,185.6720819739908,3.6740202488909577,309.404193,5.977,,14,24,4,4,4,4,0.05792852684653578,4669.867991166774,4626.692932177425,185.6720819739908,3.6740202488909577,2.8442046469827824,148.6171577805947,116.56518409070311,2.4574235976164327,0.20506696386566992,15.987532708628025,225.98443907257527,4.383701628801098,4.383701628801098,225.98443907257527,111.44719990091069,2.34462972628712,0.799554213975154,42.145220246235375,210.7257880089705,4.16548176444894,4.16548176444894,210.7257880089705,174.14946607442215,3.4946415398630064,2.925403193221756,148.6171577805944,15.987532708628025,225.98443907257527,hourly_window_mean_factor_top_available_analogs,4,-26.157687537607348,15.258651063604779,3.111429242907386e-13,-26.157687537607348,15.258651063604779,3.111429242907386e-13,-42.145220246235375,-210.72578800897048,-148.6171577805944,116.56518409070311,2.4574235976164327,111.44719990091069,2.34462972628712,225.98443907257527,4.383701628801098,210.7257880089705,4.16548176444894,174.14946607442215,3.4946415398630064,15.25865106360476,0.21821986435215734,0.17937870902795128
experiment_2026_08_25_00_38_criterion_best_matching_weekday,SEN_demand_NES,2025-03-17,Benito Juarez's Birthday,H2,H,observance_tier,True,2025-03-17,19,True,True,4,False,2,4,4,pearson,PLS,standard,2,{},2025-03-16 10:00:00,2025-03-18,275.5758114583227,5.069784261027457,288.026282,5.515,,14,24,4,4,4,4,0.05025630856887104,4963.780084228992,4874.67373025727,275.5758114583227,5.069784261027457,4.238697455667226,235.98371103416636,216.908615064974,3.9406137348042023,3.2927337672938433,185.11925110519996,309.798342687776,5.728467067991022,4.790509607218367,265.6546459927301,289.5423247309064,5.47040437959226,0.0667399405447344,22.74798261747589,370.9036420586538,6.608751801842047,6.376812650782973,360.37121927723564,340.92841988527323,6.189360646276337,4.052049020695201,235.98371103416622,185.11925110519996,265.6546459927301,hourly_window_mean_factor_top_available_analogs,4,162.37126848772408,-94.71657328450551,1.1967035549643792e-13,162.37126848772408,-94.71657328450551,1.1967035549643792e-13,-22.747982617475884,-360.3712192772356,-235.98371103416625,216.908615064974,3.9406137348042023,289.5423247309064,5.47040437959226,309.798342687776,5.728467067991022,370.9036420586538,6.608751801842047,340.92841988527323,6.189360646276337,-61.10529937087779,-0.8802847338510249,-1.1195763852488803
experiment_2026_08_25_00_38_criterion_best_matching_weekday,SEN_demand_NES,2025-04-17,Maundy Thursday,H1,H,observance_tier,True,2025-04-17,19,True,True,4,False,2,4,4,pearson,PLS,standard,4,{},2025-04-16 10:00:00,2025-04-18,824.582891825626,11.438252930569659,293.239024,5.589,,14,24,4,4,4,4,0.08586566836335818,6458.112752172541,5895.710354802846,824.582891825626,11.438252930569659,11.08785632612534,799.4375920379845,298.8704917601518,3.848453031735011,2.897376533957577,230.61896376512453,1131.248458530486,15.865636204889872,15.865636204889872,1131.248458530486,471.708902494446,6.075471695994928,6.075471695994928,471.708902494446,990.6126609383829,13.882139853772452,13.882139853772452,990.6126609383829,799.4375920379852,11.00599895353863,11.00599895353863,799.4375920379852,230.61896376512453,1131.248458530486,hourly_window_mean_factor_top_available_analogs,4,-241.08993872932146,140.63579759210305,-7.180221329786276e-13,-241.08993872932146,140.63579759210305,-7.180221329786276e-13,-471.70890249444597,-990.612660938383,-799.4375920379852,298.8704917601518,3.848453031735011,471.708902494446,6.075471695994928,1131.248458530486,15.865636204889872,990.6126609383829,13.882139853772452,799.4375920379852,11.00599895353863,140.63579759210313,1.9834963511174202,0.43225397703102963
experiment_2026_08_25_00_38_criterion_best_matching_weekday,SEN_demand_NES,2025-04-18,Good Friday,H2,H,observance_tier,True,2025-04-18,19,True,True,4,False,2,4,4,pearson,PLS,standard,2,{},2025-04-17 10:00:00,2025-04-19,727.4383088025774,10.652302959406594,317.623459,5.767,,14,24,4,4,4,4,0.09041269827628914,6291.5964042534315,5748.29852775934,727.4383088025774,10.652302959406594,8.43539310526719,576.9821699570944,411.393180051578,5.761064999378469,-0.25626174757134695,3.0122317566957855,911.7979672406601,13.505525102756337,13.505525102756337,911.7979672406601,381.8280404097467,5.233020046323602,2.368359660295235,191.24069174918273,801.9980322450436,11.786488975784517,11.786488975784517,801.9980322450436,647.1985615688816,9.372053054404178,8.316651859551621,576.9821699570949,3.0122317566957855,911.7979672406601,hourly_window_mean_factor_top_available_analogs,4,-188.22845999248693,109.79993499561658,-5.026154930850393e-13,-188.22845999248693,109.79993499561658,-5.026154930850393e-13,-191.24069174918273,-801.9980322450435,-576.9821699570948,411.393180051578,5.761064999378469,381.8280404097467,5.233020046323602,911.7979672406601,13.505525102756337,801.9980322450436,11.786488975784517,647.1985615688816,9.372053054404178,109.79993499561647,1.7190361269718206,1.2802499050024156
experiment_2026_08_25_00_38_criterion_best_matching_weekday,SEN_demand_NES,2025-04-19,Holy Saturday,H3,I,observance_tier,True,2025-04-19,19,True,True,4,False,2,4,4,pearson,PLS,standard,2,{},2025-04-18 10:00:00,2025-04-20,351.1545038332161,5.2954902225858165,336.842861,5.964,,14,24,4,4,4,4,0.06017705476627959,6883.791757229516,6795.257911096807,351.1545038332161,5.2954902225858165,-4.711008243593562,-315.7993980189903,215.69972202844832,3.2095923331938563,-3.2095923331938563,-215.69972202844832,430.1697932193306,6.512263991397792,-5.586834191326723,-374.19087568013975,94.91177495474903,1.467496774668753,-0.8317615456640102,-49.201488990062316,508.24534021545486,7.855051319373207,-7.311490550405305,-471.31484495253125,355.9645530141421,5.501741750271567,-4.924221969711145,-315.7993980189901,-215.69972202844832,-374.19087568013975,hourly_window_mean_factor_top_available_analogs,4,-166.498233038386,97.12396927239142,-2.6327478209216345e-13,-166.498233038386,97.12396927239142,-2.6327478209216345e-13,49.20148899006233,471.3148449525312,315.79939801899,215.69972202844832,3.2095923331938563,94.91177495474903,1.467496774668753,430.1697932193306,6.512263991397792,508.24534021545486,7.855051319373207,355.9645530141421,5.501741750271567,-78.07554699612427,-1.3427873279754152,-0.20625152768575017
experiment_2026_08_25_00_38_criterion_best_matching_weekday,SEN_demand_NES,2025-05-01,Labor Day,H2,I,observance_tier,True,2025-05-01,19,True,True,4,False,2,4,4,pearson,PLS,standard,2,{},2025-04-30 10:00:00,2025-05-02,510.74021394756596,6.413291373307981,348.941522,6.067,,14,24,4,4,4,4,0.0617922433353289,7317.513111018374,7017.834457154496,510.74021394756596,6.413291373307981,6.167380066005152,492.2826252974157,695.7769737864068,8.075595260244036,8.075595260244036,695.7769737864068,402.80210404157543,5.4436141059286145,5.054254536032469,373.5775886788374,834.3584009972992,9.71790082509184,9.71790082509184,834.3584009972992,379.42019473041955,5.083895195712658,3.9235680245529476,292.7384228058172,547.0290075655856,6.791160427589198,6.05832221422517,492.28262529741596,695.7769737864068,373.5775886788374,hourly_window_mean_factor_top_available_analogs,4,-138.5814272108922,80.83916587302015,-1.9147256879430067e-13,-138.5814272108922,80.83916587302015,-1.9147256879430067e-13,-834.358400997299,-292.73842280581727,-492.28262529741585,695.7769737864068,8.075595260244036,834.3584009972992,9.71790082509184,402.80210404157543,5.4436141059286145,379.42019473041955,5.083895195712658,547.0290075655856,6.791160427589198,23.38190931115588,0.3597189102159568,-0.3778690542812173
experiment_2026_08_25_00_38_criterion_best_matching_weekday,SEN_demand_NES,2025-09-16,Independence Day,H2,I,observance_tier,True,2025-09-16,19,True,True,7,False,2,11,7,pearson,PCR,standard,6,{},2025-09-15 10:00:00,2025-09-17,853.2827689563738,11.829235851761855,323.331583,5.428,,14,24,4,4,7,4,0.0480592463839566,6287.10754314889,6065.822244728001,853.2827689563738,11.829235851761855,11.829235851761855,853.2827689563738,709.6149974153032,9.543144133582247,9.543144133582247,709.6149974153032,937.0889690219983,13.162789354033293,13.162789354033293,937.0889690219983,1112.469439821584,15.019880204746554,15.019880204746554,1112.469439821584,702.0905442850004,9.882542613106734,9.882542613106734,702.0905442850004,853.2827689563733,11.775245936342458,11.775245936342458,853.2827689563733,709.6149974153032,937.0889690219983,hourly_window_mean_factor_top_available_analogs,4,-402.85444240628107,234.998424736998,4.547473508864641e-13,-402.85444240628107,234.998424736998,4.547473508864641e-13,-1112.4694398215843,-702.0905442850003,-853.2827689563734,709.6149974153032,9.543144133582247,1112.469439821584,15.019880204746554,937.0889690219983,13.162789354033293,702.0905442850004,9.882542613106734,853.2827689563733,11.775245936342458,234.9984247369979,3.280246740926559,0.053989915419396795
experiment_2026_08_25_00_38_criterion_best_matching_weekday,SEN_demand_NES,2025-11-17,Mexican Revolution Day,H2,I,observance_tier,True,2025-11-17,19,True,True,11,False,2,11,11,euclidian,RidgeReg,standard,2,{'alpha': 0.0015338260051906973},2025-11-16 10:00:00,2025-11-18,229.28047536919095,4.013365176747316,361.043483,6.341,,14,24,4,4,11,4,0.05486612981954029,5998.662462470338,6121.918845300654,229.28047536919095,4.013365176747316,-3.7139527971438393,-210.9870340492852,95.45808834382628,1.6976825309152086,-0.8849917862772012,-45.80446190408208,307.34353446732035,5.364180053482712,-5.364180053482712,-307.34353446732035,380.40385217697406,7.014469135753272,-7.014469135753272,-380.40385217697406,219.23297090821708,3.9289050969419237,-2.3093340504475117,-112.16055680813395,278.6117166388118,5.065691848082946,-4.0428048713496345,-210.9870340492855,-45.80446190408208,-307.34353446732035,hourly_window_mean_factor_top_available_analogs,4,334.599390272892,-195.18297765918638,3.8294513758860134e-13,334.599390272892,-195.18297765918638,3.8294513758860134e-13,380.40385217697406,112.16055680813398,210.98703404928557,95.45808834382628,1.6976825309152086,380.40385217697406,7.014469135753272,307.34353446732035,5.364180053482712,219.23297090821708,3.9289050969419237,278.6117166388118,5.065691848082946,88.11056355910327,1.435274956540788,-1.0523266713356305
experiment_2026_08_25_00_38_criterion_best_matching_weekday,SEN_demand_NES,2025-12-24,Christmas Eve,H1,H,observance_tier,True,2025-12-24,19,True,True,11,False,2,11,11,euclidian,PCR,standard,7,{},2025-12-23 10:00:00,2025-12-25,115.28977784910855,2.1247601546296218,354.758719,5.959,,14,24,4,4,11,4,0.08523029127450675,5358.864863044662,4975.9378943727015,115.28977784910855,2.1247601546296218,-1.507437017049871,-85.01900436045173,188.14630148230975,3.227750563893319,-3.227750563893319,-188.14630148230975,72.7901390630745,1.481349082559132,-0.5039207813911933,-24.861414372701233,115.33099646057995,2.0020586565118275,-1.900989682083686,-109.22831326016883,152.92965018048645,3.075763520328838,-1.4809066736996452,-70.89690750228351,139.07751459946826,2.680188044185729,-1.635674097841134,-85.01900436045179,-188.14630148230975,-24.861414372701233,hourly_window_mean_factor_top_available_analogs,4,-78.91798822214092,46.03549312958228,4.786814219857517e-14,-78.91798822214092,46.03549312958228,4.786814219857517e-14,109.22831326016883,70.89690750228351,85.01900436045177,188.14630148230975,3.227750563893319,115.33099646057995,2.0020586565118275,72.7901390630745,1.481349082559132,152.92965018048645,3.075763520328838,139.07751459946826,2.680188044185729,-80.13951111741194,-1.594414437769706,-0.5554278895561073
experiment_2026_08_25_00_38_criterion_best_matching_weekday,SEN_demand_NES,2025-12-25,Christmas Day,H2,I,observance_tier,True,2025-12-25,19,True,True,11,False,2,11,11,euclidian,PCR,standard,8,{},2025-12-24 10:00:00,2025-12-26,304.95972539914374,7.080500624353277,330.191668,5.534,,14,24,4,4,11,4,0.054666835562931615,4810.873779346511,4587.761335940221,304.95972539914374,7.080500624353277,-7.080500624353277,-304.95972539914374,246.85255804301147,5.1070027045343815,-5.1070027045343815,-246.85255804301147,338.8555730235542,8.23170774424763,-8.23170774424763,-338.8555730235542,126.85092453003439,2.6744343924024085,-1.666048862701435,-75.57447445072201,438.7677884523873,10.647644488158734,-10.647644488158734,-438.7677884523873,323.85104911257304,7.710146031827457,-7.338635573516572,-304.9597253991422,-246.85255804301147,-338.8555730235542,hourly_window_mean_factor_top_available_analogs,4,-171.27808359228948,99.91221542883311,-1.5317805503544054e-12,-171.27808359228948,99.91221542883311,-1.5317805503544054e-12,75.574474450722,438.7677884523873,304.9597253991422,246.85255804301147,5.1070027045343815,126.85092453003439,2.6744343924024085,338.8555730235542,8.23170774424763,438.7677884523873,10.647644488158734,323.85104911257304,7.710146031827457,-99.91221542883312,-2.4159367439111037,-0.6296454074741797
experiment_2026_08_25_00_38_criterion_best_matching_weekday,SEN_demand_NES,2025-12-31,New Year's Eve,H1,H,observance_tier,True,2025-12-31,19,True,True,7,False,2,11,7,pearson,PCR,standard,6,{},2025-12-30 10:00:00,2026-01-01,329.34703786318744,6.896284340973013,310.563251,5.242,,14,24,4,4,7,4,0.07032352010140865,4622.886260580762,4243.55099576684,329.34703786318744,6.896284340973013,3.14655926330355,144.66409731397476,339.33722710271746,6.705552358859199,-3.160355874651,-148.7947516903416,323.5194274734616,7.007544663872736,6.825593093777038,315.84842589982594,227.94980885316272,4.4121007466198865,1.4263058577176317,80.57188118790795,282.8166107775774,6.102212706288765,3.734963735047343,182.05122338751417,262.6025258580562,5.4795398790423375,2.8844055697153443,144.66409731397505,-148.7947516903416,315.84842589982594,hourly_window_mean_factor_top_available_analogs,4,-229.36663287824953,133.7972025123117,-3.231099598403824e-13,-229.36663287824953,133.7972025123117,-3.231099598403824e-13,-80.57188118790793,-182.05122338751423,-144.66409731397508,339.33722710271746,6.705552358859199,227.94980885316272,4.4121007466198865,323.5194274734616,7.007544663872736,282.8166107775774,6.102212706288765,262.6025258580562,5.4795398790423375,40.70281669588417,0.9053319575839707,1.4167444619306755
experiment_2026_08_25_00_38_criterion_best_matching_weekday,SEN_demand_NES,2026-01-01,New Year's Day,H3,I,observance_tier,True,2026-01-01,19,True,True,7,False,2,11,7,pearson,RidgeReg,standard,2,{'alpha': 0.12184299982788699},2025-12-31 10:00:00,2026-01-02,540.1362745856778,13.711072768983477,304.802544,5.2,,14,24,4,4,7,4,0.07407392981127876,4599.584788533047,4438.059509089622,540.1362745856778,13.711072768983477,-13.711072768983477,-540.1362745856778,482.26927043605855,11.0877859074614,-11.0877859074614,-482.26927043605855,573.8920270062891,15.241323438204693,-15.241323438204693,-573.8920270062891,566.946093814221,13.000943590768872,-13.000943590768872,-566.946093814221,524.4972133690287,13.734850255087489,-13.734850255087489,-524.4972133690287,540.1362745856785,13.464463589285891,-13.464463589285891,-540.1362745856785,-482.26927043605855,-573.8920270062891,hourly_window_mean_factor_top_available_analogs,4,84.67682337816235,-49.39481363726046,5.74417706382902e-13,84.67682337816235,-49.39481363726046,5.74417706382902e-13,566.946093814221,524.4972133690287,540.1362745856784,482.26927043605855,11.0877859074614,566.946093814221,13.000943590768872,573.8920270062891,15.241323438204693,524.4972133690287,13.734850255087489,540.1362745856785,13.464463589285891,49.39481363726043,1.5064731831172047,0.246609179697586
experiment_2026_08_25_00_38_criterion_best_matching_weekday,SEN_demand_NES,2026-02-02,Constitution Day,H2,I,observance_tier,True,2026-02-02,19,True,True,6,False,2,12,6,pearson,PLS,standard,6,{},2026-02-01 10:00:00,2026-02-03,185.53619632581376,3.689488994136822,305.482215,5.493,,14,24,4,4,6,4,0.08308507397909407,5079.04956020541,4964.043460986817,185.53619632581376,3.689488994136822,-0.13453562397499322,-6.842026784357442,194.6490081136624,3.7888269726372914,-2.2924722146496035,-112.83667815156976,180.22038944956873,3.6315418400115473,1.1242607205851962,54.988186513183074,415.465513421551,8.084119500840364,8.084119500840364,415.465513421551,373.4968275176643,7.463334057836072,-5.040469985964316,-253.18809190447016,388.95897495593834,7.692044484206075,-0.205094911878381,-6.842026784357083,-112.83667815156976,54.988186513183074,hourly_window_mean_factor_top_available_analogs,4,-528.3021915731208,308.17627841765324,-3.590110664893138e-13,-528.3021915731208,308.17627841765324,-3.590110664893138e-13,-415.46551342155107,253.18809190447016,6.842026784357083,194.6490081136624,3.7888269726372914,415.465513421551,8.084119500840364,180.22038944956873,3.6315418400115473,373.4968275176643,7.463334057836072,388.95897495593834,7.692044484206075,-193.2764380680956,-3.8317922178245243,-4.002555490069254
experiment_2026_08_25_00_38_criterion_best_matching_weekday,SEN_demand_NES,2026-03-16,Benito Juarez's Birthday,H2,H,observance_tier,True,2026-03-16,19,True,True,6,False,2,12,6,pearson,RidgeReg,standard,2,{'alpha': 0.038060471458046335},2026-03-15 10:00:00,2026-03-17,478.2361276565454,9.475370987976723,309.044286,5.549,,14,24,4,4,6,4,0.07635366556447074,5997.678021011018,5770.936059956713,478.2361276565454,9.475370987976723,-8.007770312424585,-377.75865785312385,162.6488379199518,2.594055748118982,-0.16641642886911592,7.323606467312337,662.3287133362251,13.4894715445604,-12.581893411165273,-602.3899787067118,532.8752216791892,8.759494976387677,-3.835666275502569,-187.92201404635685,552.5863581286803,11.300128361827353,-10.33998541207342,-488.49670007373743,545.324360489394,10.364105535612733,-7.943657309126262,-377.75865785312345,7.323606467312337,-602.3899787067118,hourly_window_mean_factor_top_available_analogs,4,195.24562051366917,-113.89327863297437,-4.308132797871765e-13,195.24562051366917,-113.89327863297437,-4.308132797871765e-13,187.92201404635682,488.4967000737374,377.7586578531234,162.6488379199518,2.594055748118982,532.8752216791892,8.759494976387677,662.3287133362251,13.4894715445604,552.5863581286803,11.300128361827353,545.324360489394,10.364105535612733,109.74235520754473,2.1893431827330474,-0.8887345476360107
experiment_2026_08_25_00_38_criterion_best_matching_weekday,SEN_demand_NES,2026-04-02,Maundy Thursday,H1,H,observance_tier,True,2026-04-02,19,True,True,6,False,2,13,6,pearson,RidgeReg,minmax,2,{'alpha': 0.03960354006182493},2026-04-01 10:00:00,2026-04-03,326.69845424788684,4.302711102315956,328.823526,5.929,,14,24,4,4,6,4,0.06094898275645618,7150.359027331059,6877.250166661722,326.69845424788684,4.302711102315956,4.302711102315956,326.69845424788684,248.70905437864343,3.1272774070117415,3.1272774070117415,248.70905437864343,372.19227083827883,4.988380757910082,4.988380757910082,372.19227083827883,214.3421185373489,2.6798411450867055,2.589703350166363,207.424084375805,396.2751700066033,5.384957154150428,5.384957154150428,396.2751700066033,329.24720367582535,4.388335466600635,4.3551268053141925,326.6984542478881,248.70905437864343,372.19227083827883,hourly_window_mean_factor_top_available_analogs,4,41.28497000283843,-24.082899168324463,-1.2924398393615296e-12,41.28497000283843,-24.082899168324463,-1.2924398393615296e-12,-207.424084375805,-396.2751700066033,-326.69845424788815,248.70905437864343,3.1272774070117415,214.3421185373489,2.6798411450867055,372.19227083827883,4.988380757910082,396.2751700066033,5.384957154150428,329.24720367582535,4.388335466600635,-24.082899168324445,-0.3965763962403468,-0.08562436428467901
experiment_2026_08_25_00_38_criterion_best_matching_weekday,SEN_demand_NES,2026-04-03,Good Friday,H2,H,observance_tier,True,2026-04-03,19,True,True,10,False,2,13,10,pearson,PLS,standard,2,{},2026-04-02 10:00:00,2026-04-04,257.3628960822316,3.7340179690973447,374.700031,6.57,,14,24,4,4,10,4,0.07967989503094439,6856.37596568856,6458.494654335118,257.3628960822316,3.7340179690973447,2.440160377637011,165.27604220617596,142.00261251197207,1.976212168592525,-1.5356870082283813,-107.94741943732177,324.6563948315497,4.759404686058491,4.759404686058491,324.6563948315497,107.50521477595326,1.4706431200406347,-1.04528828770093,-74.62075948478092,305.2158431925681,4.559863169658773,4.559863169658773,305.2158431925681,232.37508535486793,3.4217294671678795,2.494807369578883,165.27604220617638,-107.94741943732177,324.6563948315497,hourly_window_mean_factor_top_available_analogs,4,-33.32665995254086,19.44055163898152,-4.0687920868788895e-13,-33.32665995254086,19.44055163898152,-4.0687920868788895e-13,74.6207594847809,-305.2158431925682,-165.27604220617636,142.00261251197207,1.976212168592525,107.50521477595326,1.4706431200406347,324.6563948315497,4.759404686058491,305.2158431925681,4.559863169658773,232.37508535486793,3.4217294671678795,19.44055163898156,0.19954151639971762,0.3122885019294652
experiment_2026_08_25_00_38_criterion_best_matching_weekday,SEN_demand_NES,2026-04-04,Holy Saturday,H3,I,observance_tier,True,2026-04-04,19,True,True,7,False,2,13,7,pearson,RidgeReg,,2,{'alpha': 1.3084171042241919},2026-04-03 10:00:00,2026-04-05,306.53765328164525,4.817234815669512,364.759468,6.257,,14,24,4,4,7,4,0.06450573210425159,6749.237560913224,6587.165494177819,306.53765328164525,4.817234815669512,-4.817234815669512,-306.53765328164525,221.37192960248987,3.292038116291038,-3.292038116291038,-221.37192960248987,356.21765876115256,5.706932890306956,-5.706932890306956,-356.21765876115256,294.59730562890246,4.330668411310625,-4.330668411310625,-294.59730562890246,313.5028560790785,4.99517630660554,-4.99517630660554,-313.5028560790785,306.5376532816452,4.750357608338993,-4.750357608338993,-306.5376532816452,-221.37192960248987,-356.21765876115256,hourly_window_mean_factor_top_available_analogs,4,73.22537602641258,-42.71480268207404,-2.3934071099287584e-14,73.22537602641258,-42.71480268207404,-2.3934071099287584e-14,294.59730562890246,313.5028560790785,306.53765328164525,221.37192960248987,3.292038116291038,294.59730562890246,4.330668411310625,356.21765876115256,5.706932890306956,313.5028560790785,4.99517630660554,306.5376532816452,4.750357608338993,42.71480268207404,0.7117565837014164,0.06687720733051972
experiment_2026_08_25_00_38_criterion_best_matching_weekday,SEN_demand_NES,2026-05-01,Labor Day,H2,I,observance_tier,True,2026-05-01,19,True,True,6,False,2,14,6,pearson,LassoReg,,2,{'alpha': 0.005938007624394953},2026-04-30 10:00:00,2026-05-02,523.1257135399101,7.19621865902144,353.489434,6.145,,14,24,4,4,6,4,0.06190103231319498,8390.14045511886,7914.702185925281,523.1257135399101,7.19621865902144,-7.19621865902144,-523.1257135399101,246.54874659356094,2.7341998762827044,-2.7341998762827044,-246.54874659356094,684.4622775919471,9.799062948952367,-9.799062948952367,-684.4622775919471,255.79698321804966,2.873620151284016,0.25764823403125614,22.903785785837822,841.6429214799349,12.0094927309348,-12.0094927309348,-841.6429214799349,625.8049442255563,8.643644938431878,-7.490019743842043,-523.1257135399134,-246.54874659356094,-684.4622775919471,hourly_window_mean_factor_top_available_analogs,4,-269.45253237939875,157.1806438879877,3.231099598403824e-12,-269.45253237939875,157.1806438879877,3.231099598403824e-12,-22.90378578583781,841.6429214799348,523.1257135399132,246.54874659356094,2.7341998762827044,255.79698321804966,2.873620151284016,684.4622775919471,9.799062948952367,841.6429214799349,12.0094927309348,625.8049442255563,8.643644938431878,-157.1806438879878,-2.210429781982434,-1.447426279410438
experiment_2026_08_25_00_38_criterion_best_matching_weekday,SEN_demand_NOR,2025-01-01,New Year's Day,H3,I,observance_tier,True,2025-01-01,19,True,True,2,False,2,2,2,pearson,PLS,,2,{},2024-12-31 10:00:00,2025-01-02,34.724515717224165,1.8341134962755758,84.656697,4.0,,14,24,2,4,2,2,0.09551917728693611,1843.1919152704907,1724.985365362875,34.724515717224165,1.8341134962755758,0.7891677315721237,17.286641834772475,40.32714583309644,1.8966558235943953,1.4618597848187134,31.568529173596353,31.45631481629867,1.797630472006265,0.39676403384494646,8.95554088712521,40.759699213546924,1.9509335597485156,0.5427200706346279,12.447577463303706,34.656825556815214,1.968745293451765,1.058054228213434,20.10942938479597,36.905252693505844,1.9621830757716203,0.8681942754212424,17.286641834772503,31.568529173596353,8.95554088712521,hourly_window_mean_factor_top_available_analogs,2,19.120951710292648,-11.153888497670758,-2.991758887410948e-14,19.120951710292648,-11.153888497670758,-2.991758887410948e-14,-12.447577463303706,-20.109429384795966,-17.286641834772503,40.32714583309644,1.8966558235943953,40.759699213546924,1.9509335597485156,31.45631481629867,1.797630472006265,34.656825556815214,1.968745293451765,36.905252693505844,1.9621830757716203,-3.2005107405165454,-0.17111482144550005,-0.12806957949604447
experiment_2026_08_25_00_38_criterion_best_matching_weekday,SEN_demand_NOR,2025-02-03,Constitution Day,H2,I,observance_tier,True,2025-02-03,19,True,True,2,False,2,2,2,pearson,PLS,standard,2,{},2025-02-02 10:00:00,2025-02-04,24.05223400609317,1.2068986696826247,77.217036,3.738,,14,24,2,4,2,2,0.0632666559953959,1947.17232923566,1930.251008696175,24.05223400609317,1.2068986696826247,-0.020013926223323285,0.5680997117081844,29.874033902384408,1.5457736372978805,-1.4227610044391104,-27.444345160492453,20.656184066589947,1.0092216052403917,0.7982552027358859,16.908692553825222,26.26495072469137,1.341275168472663,-1.1954688588994085,-23.409038616890307,16.560872176306628,0.8101241761329044,0.7015576882685655,14.554763736724246,20.136059009922057,1.005811383837026,0.0026531708908908405,0.5680997117083578,-27.444345160492453,16.908692553825222,hourly_window_mean_factor_top_available_analogs,2,-4.0353065436021485,2.3539288171009787,-1.73522015469835e-13,-4.0353065436021485,2.3539288171009787,-1.73522015469835e-13,23.409038616890307,-14.554763736724244,-0.5680997117083579,29.874033902384408,1.5457736372978805,26.26495072469137,1.341275168472663,20.656184066589947,1.0092216052403917,16.560872176306628,0.8101241761329044,20.136059009922057,1.005811383837026,4.09531189028332,0.1990974291074873,0.20108728584559876
experiment_2026_08_25_00_38_criterion_best_matching_weekday,SEN_demand_NOR,2025-03-17,Benito Juarez's Birthday,H2,K,observance_tier,True,2025-03-17,19,True,True,2,False,2,2,2,pearson,PLS,standard,2,{},2025-03-16 10:00:00,2025-03-18,47.2616217078521,2.1190284129028303,66.042629,3.12,,14,24,2,4,2,2,0.06163965997743228,2087.606112109462,2086.1303645613466,47.2616217078521,2.1190284129028303,1.3505655573450055,31.793045785274717,36.18879320763621,1.6887668296371474,0.5346116004842549,13.148996379482403,53.72077166631137,2.3700143364744792,1.82653869884711,42.6687412719869,39.64412866660647,1.8471882507651185,0.8462095610772646,19.655714244738533,51.45300252631869,2.3249019248033647,1.7158320512661376,38.873155850587516,47.102364788529975,2.148902150157695,1.3954448180386578,31.79304578527473,13.148996379482403,42.6687412719869,hourly_window_mean_factor_top_available_analogs,2,-6.506717865256129,3.7955854213993896,-1.1967035549643792e-14,-6.506717865256129,3.7955854213993896,-1.1967035549643792e-14,-19.655714244738533,-38.873155850587516,-31.793045785274728,36.18879320763621,1.6887668296371474,39.64412866660647,1.8471882507651185,53.72077166631137,2.3700143364744792,51.45300252631869,2.3249019248033647,47.102364788529975,2.148902150157695,2.26776913999268,0.04511241167111457,-0.02987373725486453
experiment_2026_08_25_00_38_criterion_best_matching_weekday,SEN_demand_NOR,2025-04-17,Maundy Thursday,H1,H,observance_tier,True,2025-04-17,19,True,True,2,False,2,2,2,pearson,PLS,standard,2,{},2025-04-16 10:00:00,2025-04-18,187.98646759859002,6.489978334080331,65.052675,3.055,,14,24,2,4,2,2,0.06358411176668327,3222.2021694771497,3091.976710236883,187.98646759859002,6.489978334080331,-5.973528510749029,-171.75038552978114,105.99419282124651,3.352428540915906,-3.308667138949019,-104.45934317474982,235.81529455204034,8.320215713426247,-7.528030977632369,-211.00349357021605,95.68150743859454,3.035439511310766,-2.3909236888660446,-72.50495844395616,239.23525005027759,8.557875631821394,-8.26229775329515,-229.64355132984588,186.34702908807859,6.523293903212215,-6.099159940084426,-171.75038552978128,-104.45934317474982,-211.00349357021605,hourly_window_mean_factor_top_available_analogs,2,-31.954384730793663,18.640057759629826,1.1967035549643792e-13,-31.954384730793663,18.640057759629826,1.1967035549643792e-13,72.50495844395616,229.64355132984588,171.75038552978125,105.99419282124651,3.352428540915906,95.68150743859454,3.035439511310766,235.81529455204034,8.320215713426247,239.23525005027759,8.557875631821394,186.34702908807859,6.523293903212215,-3.4199554982372433,-0.23765991839514733,-0.033315569131883827
experiment_2026_08_25_00_38_criterion_best_matching_weekday,SEN_demand_NOR,2025-04-18,Good Friday,H2,I,observance_tier,True,2025-04-18,19,True,True,2,False,2,2,2,pearson,PLS,standard,2,{},2025-04-17 10:00:00,2025-04-19,483.4638280007901,18.459589840463657,69.466307,3.085,,14,24,2,4,2,2,0.08922632224123976,3143.2910466850008,3069.316401601838,483.4638280007901,18.459589840463657,-18.459589840463657,-483.4638280007901,338.03375968470726,11.28835519065384,-11.28835519065384,-338.03375968470726,568.2980345185051,22.642810052852713,-22.642810052852713,-568.2980345185051,296.37956025094735,10.029957191771711,-10.029957191771711,-296.37956025094735,592.596317521532,23.789244044351193,-23.789244044351193,-592.596317521532,483.4638280007902,18.720033098664015,-18.720033098664015,-483.4638280007902,-338.03375968470726,-568.2980345185051,hourly_window_mean_factor_top_available_analogs,2,-41.65419943375991,24.298283003026864,1.555714621453693e-13,-41.65419943375991,24.298283003026864,1.555714621453693e-13,296.37956025094735,592.596317521532,483.4638280007903,338.03375968470726,11.28835519065384,296.37956025094735,10.029957191771711,568.2980345185051,22.642810052852713,592.596317521532,23.789244044351193,483.4638280007902,18.720033098664015,-24.29828300302688,-1.1464339914984798,-0.2604432582003575
experiment_2026_08_25_00_38_criterion_best_matching_weekday,SEN_demand_NOR,2025-04-19,Holy Saturday,H3,I,observance_tier,True,2025-04-19,19,True,True,2,False,2,2,2,pearson,PLS,,2,{},2025-04-18 10:00:00,2025-04-20,410.43481962657216,16.54733704682746,91.407569,3.863,,14,24,2,4,2,2,0.09159264999715855,2845.4200975213084,2774.314918327038,410.43481962657216,16.54733704682746,-16.54733704682746,-410.43481962657216,492.66782185434516,19.627211041132146,-19.627211041132146,-492.66782185434516,362.46556832703794,14.750743883483068,-14.750743883483068,-362.46556832703794,476.8337468069744,19.054825084270842,-19.054825084270842,-476.8337468069744,371.70211210467,15.27959609074719,-15.27959609074719,-371.70211210467,410.43481962657165,16.67046993046643,-16.67046993046643,-410.43481962657165,-492.66782185434516,-362.46556832703794,hourly_window_mean_factor_top_available_analogs,2,-15.83407504737069,9.236543777632013,-5.624506708332583e-13,-15.83407504737069,9.236543777632013,-5.624506708332583e-13,476.8337468069745,371.70211210466994,410.4348196265716,492.66782185434516,19.627211041132146,476.8337468069744,19.054825084270842,362.46556832703794,14.750743883483068,371.70211210467,15.27959609074719,410.43481962657165,16.67046993046643,-9.23654377763205,-0.5288522072641229,-0.12313288363897001
experiment_2026_08_25_00_38_criterion_best_matching_weekday,SEN_demand_NOR,2025-05-01,Labor Day,H2,I,observance_tier,True,2025-05-01,19,True,True,2,False,2,2,2,pearson,PLS,standard,2,{},2025-04-30 10:00:00,2025-05-02,98.80948900688433,3.4622306666919545,113.47061,4.71,,14,24,2,4,2,2,0.08205311335433477,2849.71295894725,2772.0235005083873,98.80948900688433,3.4622306666919545,0.1505760901836926,16.344070000117775,87.88168356945987,2.7015057141213745,2.596061165397714,84.89541944327028,105.18404217871527,3.905986889024792,-1.2759568703578197,-23.644217175054525,97.81864070095132,3.001168402788194,2.976173562328897,97.16734775359669,105.93135105323417,3.9718152497175,-1.5496693663660517,-30.802842022744187,102.94245776555101,3.6142085166382825,0.1177464494689296,16.34407000011824,84.89541944327028,-23.644217175054525,hourly_window_mean_factor_top_available_analogs,2,-12.2719283103264,7.158624847689661,-4.667143864361079e-13,-12.2719283103264,7.158624847689661,-4.667143864361079e-13,-97.16734775359669,30.802842022744187,-16.34407000011824,87.88168356945987,2.7015057141213745,97.81864070095132,3.001168402788194,105.18404217871527,3.905986889024792,105.93135105323417,3.9718152497175,102.94245776555101,3.6142085166382825,-0.7473088745188932,-0.06582836069270792,-0.15197784994632801
experiment_2026_08_25_00_38_criterion_best_matching_weekday,SEN_demand_NOR,2025-09-16,Independence Day,H2,I,observance_tier,True,2025-09-16,19,True,True,2,False,2,2,2,pearson,PLS,standard,2,{},2025-09-15 10:00:00,2025-09-17,133.84123961648484,3.318168539001457,114.438704,4.713,,14,24,2,4,2,2,0.0831703429986683,4119.75309458071,3993.527724536884,133.84123961648484,3.318168539001457,-0.240097670441949,-17.953001159657116,88.81908080626052,2.092882112894904,1.6115251039395926,66.96424962987423,160.10416558911575,4.032918954230279,-1.320210955497848,-67.48806412021708,76.13332936645,1.826302448578156,-0.40633824457751594,-8.883290887881685,81.1363124396979,2.044625978745893,-0.6680550110314831,-23.243665484860248,79.29310814955393,1.9641909939472528,-0.5716330444431794,-17.95300115965762,66.96424962987423,-67.48806412021708,hourly_window_mean_factor_top_available_analogs,2,75.84754051775592,-44.24439863535682,5.026154930850393e-13,75.84754051775592,-44.24439863535682,5.026154930850393e-13,8.883290887881685,23.24366548486025,17.953001159657617,88.81908080626052,2.092882112894904,76.13332936645,1.826302448578156,160.10416558911575,4.032918954230279,81.1363124396979,2.044625978745893,79.29310814955393,1.9641909939472528,78.96785314941785,1.988292975484386,1.353977545054204
experiment_2026_08_25_00_38_criterion_best_matching_weekday,SEN_demand_NOR,2025-11-17,Mexican Revolution Day,H2,I,observance_tier,True,2025-11-17,19,True,True,2,False,2,2,2,pearson,PLS,standard,2,{},2025-11-16 10:00:00,2025-11-18,132.8937883004214,5.013986858832391,119.130492,4.78,,14,24,2,4,2,2,0.09401571401715891,2718.3120609789207,2635.30401570799,132.8937883004214,5.013986858832391,-4.872346886336727,-129.45461071576264,207.26566215765897,7.656168956652626,-7.656168956652626,-207.26566215765897,89.51019521703283,3.4727139684372546,-3.2484506786524547,-84.06483070798974,218.5128996011097,8.11706997340965,-8.11706997340965,-218.5128996011097,85.40440001764192,3.4000756932620555,-3.128352062632377,-77.50394219931046,134.4443735483932,5.13791569121117,-4.966300766602951,-129.45461071576284,-207.26566215765897,-84.06483070798974,hourly_window_mean_factor_top_available_analogs,2,11.24723744345072,-6.560888508679284,1.9147256879430067e-13,11.24723744345072,-6.560888508679284,1.9147256879430067e-13,218.5128996011097,77.50394219931046,129.45461071576284,207.26566215765897,7.656168956652626,218.5128996011097,8.11706997340965,89.51019521703283,3.4727139684372546,85.40440001764192,3.4000756932620555,134.4443735483932,5.13791569121117,4.105795199390911,0.07263827517519905,-0.12392883237877861
experiment_2026_08_25_00_38_criterion_best_matching_weekday,SEN_demand_NOR,2025-12-24,Christmas Eve,H1,H,observance_tier,True,2025-12-24,19,True,True,2,False,2,2,2,pearson,PLS,standard,2,{},2025-12-23 10:00:00,2025-12-25,77.07629673051095,3.381523834404302,124.226795,4.954,,14,24,2,4,2,2,0.06411017033655877,2334.7829359125762,2250.4054525029824,77.07629673051095,3.381523834404302,-1.3724000847874473,-31.957866965207664,75.07097371486712,3.1705999657360864,-2.315356990945399,-53.196593186165046,78.24606848963653,3.5045627577940954,-0.8223418895286428,-19.568610002982524,69.41042714962398,2.9402749409197613,-1.8381264256229994,-41.27485927847319,68.9785262340504,3.0646510282576926,-1.1682074064183752,-26.522954782469743,69.13764762399857,3.018828259238455,-1.4150196766516578,-31.957866965207856,-53.196593186165046,-19.568610002982524,hourly_window_mean_factor_top_available_analogs,2,-11.921733907691857,6.9543447794872195,1.9147256879430067e-13,-11.921733907691857,6.9543447794872195,1.9147256879430067e-13,41.27485927847319,26.522954782469743,31.957866965207856,75.07097371486712,3.1705999657360864,69.41042714962398,2.9402749409197613,78.24606848963653,3.5045627577940954,68.9785262340504,3.0646510282576926,69.13764762399857,3.018828259238455,9.267542255586122,0.4399117295364028,0.36269557516584694
experiment_2026_08_25_00_38_criterion_best_matching_weekday,SEN_demand_NOR,2025-12-25,Christmas Day,H2,I,observance_tier,True,2025-12-25,19,True,True,2,False,2,2,2,pearson,PLS,standard,2,{},2025-12-24 10:00:00,2025-12-26,102.14093414053947,4.985205319520699,124.214848,4.943,,14,24,2,4,2,2,0.0727946899022985,2199.509909092381,2092.936240317649,102.14093414053947,4.985205319520699,-4.662323662719067,-95.05067435553886,82.65655342049283,3.661367123871551,-3.661367123871551,-82.65655342049283,113.50682289390004,5.757444266982702,-5.246214977046784,-102.28057823431568,73.78580108362725,3.2919061219928474,-3.1278908848730156,-69.74150013069682,120.97473554199148,6.22622929598496,-5.726398567027958,-109.8143593200299,103.58933863627834,5.14516286346155,-4.769053631497191,-95.05067435553876,-82.65655342049283,-102.28057823431568,hourly_window_mean_factor_top_available_analogs,2,-12.915053289796008,7.533781085714206,-8.376924884750654e-14,-12.915053289796008,7.533781085714206,-8.376924884750654e-14,69.74150013069682,109.8143593200299,95.05067435553877,82.65655342049283,3.661367123871551,73.78580108362725,3.2919061219928474,113.50682289390004,5.757444266982702,120.97473554199148,6.22622929598496,103.58933863627834,5.14516286346155,-7.467912648091442,-0.46878502900225794,-0.15995754394085093
experiment_2026_08_25_00_38_criterion_best_matching_weekday,SEN_demand_NOR,2025-12-31,New Year's Eve,H1,H,observance_tier,True,2025-12-31,19,True,True,2,False,2,2,2,pearson,PLS,standard,2,{},2025-12-30 10:00:00,2026-01-01,28.729087564211103,1.231123780528876,125.967105,5.15,,14,24,2,4,2,2,0.057514265033679825,2321.966649156613,2256.461441812074,28.729087564211103,1.231123780528876,-0.015034696875747544,0.5817384749656483,29.19714336978232,1.177145504607305,1.063793724716857,26.69715110989088,28.456055010961222,1.2626111081497922,-0.6443512761381002,-14.652252228740736,26.45715145289117,1.0683263649580084,0.7366849893252577,19.059754442167787,49.97049531371032,2.247109079087949,-0.4199104051912312,-10.197104172568677,41.30768441761906,1.8128207107242869,0.006203687525369986,0.58173847496581,26.69715110989088,-14.652252228740736,hourly_window_mean_factor_top_available_analogs,2,7.637396667723091,-4.455148056172059,-1.615549799201912e-13,7.637396667723091,-4.455148056172059,-1.615549799201912e-13,-19.059754442167787,10.197104172568675,-0.5817384749658099,29.19714336978232,1.177145504607305,26.45715145289117,1.0683263649580084,28.456055010961222,1.2626111081497922,49.97049531371032,2.247109079087949,41.30768441761906,1.8128207107242869,-21.5144403027491,-0.9844979709381569,-0.5816969301954109
experiment_2026_08_25_00_38_criterion_best_matching_weekday,SEN_demand_NOR,2026-01-01,New Year's Day,H3,I,observance_tier,True,2026-01-01,19,True,True,2,False,2,2,2,pearson,PLS,standard,2,{},2025-12-31 10:00:00,2026-01-02,93.1752685093735,4.72343130864881,117.324665,4.728,,14,24,2,4,2,2,0.07949518752750548,2158.4173687725315,2051.791447451688,93.1752685093735,4.72343130864881,-4.72343130864881,-93.1752685093735,50.19056103683498,2.1982950652666995,-2.1982950652666995,-50.19056103683498,118.24968120168762,6.19642745062171,-6.19642745062171,-118.24968120168762,50.19411122784046,2.2142403535372788,-2.1680197437062065,-49.19031513383415,119.60396819890218,6.265126420760134,-6.230015497337148,-118.83315797843825,94.03191563061628,4.772694711783293,-4.733490745999433,-93.17526850937358,-50.19056103683498,-118.24968120168762,hourly_window_mean_factor_top_available_analogs,2,-1.000245903000827,0.5834767767506529,1.0770331994679413e-13,-1.000245903000827,0.5834767767506529,1.0770331994679413e-13,49.190315133834154,118.83315797843828,93.17526850937361,50.19056103683498,2.1982950652666995,50.19411122784046,2.2142403535372788,118.24968120168762,6.19642745062171,119.60396819890218,6.265126420760134,94.03191563061628,4.772694711783293,-1.3542869972145581,-0.06869897013842419,-0.049263403134482964
experiment_2026_08_25_00_38_criterion_best_matching_weekday,SEN_demand_NOR,2026-02-02,Constitution Day,H2,I,observance_tier,True,2026-02-02,19,True,True,2,False,2,2,2,pearson,PLS,standard,2,{},2026-02-01 10:00:00,2026-02-03,92.84153323455062,4.456610917747065,118.287765,4.781,,14,24,2,4,2,2,0.06502750970633935,1977.2075711089997,1928.5961982656027,92.84153323455062,4.456610917747065,2.9188138018193666,62.85444152257933,51.359322234813554,2.5716827282290913,-1.6023380150032351,-30.034212411965687,117.0394896510639,5.556152361632551,5.556152361632551,117.0394896510639,53.01338198608433,2.6313150573525066,-1.9354858086708702,-37.73143531673093,121.52953634551018,5.855643760677101,5.855643760677101,121.52953634551018,96.28674263414278,4.66773318576804,2.9852276035489007,62.85444152257926,-30.034212411965687,117.0394896510639,hourly_window_mean_factor_top_available_analogs,2,7.697222904765242,-4.490046694446278,7.180221329786275e-14,7.697222904765242,-4.490046694446278,7.180221329786275e-14,37.73143531673093,-121.52953634551018,-62.85444152257926,51.359322234813554,2.5716827282290913,53.01338198608433,2.6313150573525066,117.0394896510639,5.556152361632551,121.52953634551018,5.855643760677101,96.28674263414278,4.66773318576804,-4.490046694446278,-0.29949139904454913,-0.21112226802097478
experiment_2026_08_25_00_38_criterion_best_matching_weekday,SEN_demand_NOR,2026-03-16,Benito Juarez's Birthday,H2,K,observance_tier,True,2026-03-16,19,True,True,3,False,2,3,3,pearson,RidgeReg,standard,2,{'alpha': 0.07587236227260243},2026-03-15 10:00:00,2026-03-17,116.34113597623218,4.804063261031637,112.734927,4.555,,14,24,3,4,3,3,0.06516860242855493,2539.5262658898273,2570.860859269407,116.34113597623218,4.804063261031637,-3.0885441956354236,-74.63148483719561,97.8253403276059,4.335718330637587,-2.4210058638971073,-47.22241081054777,127.14201677126414,5.077264470428168,-3.477941555816109,-90.6201113527402,144.77999402793526,6.484905558047432,-4.497798705119868,-91.27751059716014,113.23759570689496,4.745279934793443,-3.021764804510372,-64.92130314388316,124.85847929885715,5.386194638097543,-3.565566767892819,-74.63148483719574,-47.22241081054777,-90.6201113527402,hourly_window_mean_factor_top_available_analogs,3,44.05509978661238,-25.69880820885703,1.1967035549643792e-13,44.05509978661238,-25.69880820885703,1.1967035549643792e-13,91.27751059716016,64.92130314388316,74.63148483719573,97.8253403276059,4.335718330637587,144.77999402793526,6.484905558047432,127.14201677126414,5.077264470428168,113.23759570689496,4.745279934793443,124.85847929885715,5.386194638097543,13.904421064369174,0.3319845356347253,-0.582131377065906
experiment_2026_08_25_00_38_criterion_best_matching_weekday,SEN_demand_NOR,2026-04-02,Maundy Thursday,H1,H,observance_tier,True,2026-04-02,19,True,True,3,False,2,3,3,pearson,RidgeReg,standard,2,{'alpha': 0.07587236227260243},2026-04-01 10:00:00,2026-04-03,223.7166122480592,7.401088053931217,117.050724,4.721,,14,24,3,4,3,3,0.06818484239653809,3239.283086945481,3037.4296736268166,223.7166122480592,7.401088053931217,-7.145185582085545,-215.52727194548174,336.45720120605137,10.326515493525099,-10.326515493525099,-336.45720120605137,157.95126868923037,5.69458871416812,-5.289409800412469,-144.98481321014938,215.4743555046733,6.666526730520059,-6.666526730520059,-215.4743555046733,229.2206466410431,8.417921394693522,-7.990142514753309,-215.5581398692856,224.15622359080155,7.7726707289454025,-7.502494594246322,-215.52727194548103,-336.45720120605137,-144.98481321014938,hourly_window_mean_factor_top_available_analogs,3,-120.98284570137814,70.57332665913621,-6.581869552304086e-13,-120.98284570137814,70.57332665913621,-6.581869552304086e-13,215.4743555046732,215.55813986928558,215.5272719454811,336.45720120605137,10.326515493525099,215.4743555046733,6.666526730520059,157.95126868923037,5.69458871416812,229.2206466410431,8.417921394693522,224.15622359080155,7.7726707289454025,-71.26937795181271,-2.7233326805254023,-0.37158267501418507
experiment_2026_08_25_00_38_criterion_best_matching_weekday,SEN_demand_NOR,2026-04-03,Good Friday,H2,I,observance_tier,True,2026-04-03,19,True,True,3,False,2,3,3,pearson,RidgeReg,standard,2,{'alpha': 0.1607515615263209},2026-04-02 10:00:00,2026-04-04,120.94665623476214,4.404384948112597,126.757989,4.993,,14,24,3,4,3,3,0.08110806053965083,2831.905142847844,2788.4210726820734,120.94665623476214,4.404384948112597,-1.8155597769493492,-40.264011268896326,97.95680441416337,3.183856584495218,2.0197528986286404,67.61856972512199,134.35740313011146,5.1163598268894015,-4.052825504369843,-103.19551684874034,68.41460201559046,2.1963443797311855,1.7491261434446488,56.41594637125159,115.75526424047742,4.4114809807966635,-3.7887701635028286,-96.66065322565002,98.31396763130854,3.5953780225093825,-1.7484925767327057,-40.264011268896795,67.61856972512199,-103.19551684874034,hourly_window_mean_factor_top_available_analogs,3,11.20262335387039,-6.534863623090321,4.667143864361079e-13,11.20262335387039,-6.534863623090321,4.667143864361079e-13,-56.41594637125159,96.66065322565002,40.264011268896795,97.95680441416337,3.183856584495218,68.41460201559046,2.1963443797311855,134.35740313011146,5.1163598268894015,115.75526424047742,4.4114809807966635,98.31396763130854,3.5953780225093825,18.60213888963405,0.704878846092738,0.8090069256032142
experiment_2026_08_25_00_38_criterion_best_matching_weekday,SEN_demand_NOR,2026-04-04,Holy Saturday,H3,I,observance_tier,True,2026-04-04,19,True,True,3,False,2,3,3,pearson,RidgeReg,standard,2,{'alpha': 0.33690095198072284},2026-04-03 10:00:00,2026-04-05,135.7676365799323,4.892298816165846,128.557268,4.986,,14,24,3,4,3,3,0.06931489563353244,2616.9291400005877,2548.250100261321,135.7676365799323,4.892298816165846,3.519598294045154,102.16115105204484,84.20029759350973,3.165093412761805,-0.5608080044229331,-7.017305982184747,165.8485843220121,5.899835301484873,5.899835301484873,165.8485843220121,107.78067360975433,3.988174571825788,0.34257011589872527,20.559036516091346,154.20515364655478,5.30214063393698,5.099453040392436,149.76238453134934,137.10139784352305,4.818047874211803,3.3469172261052798,102.16115105204376,-7.017305982184747,165.8485843220121,hourly_window_mean_factor_top_available_analogs,3,-27.576342498276095,16.08619979066276,1.0770331994679412e-12,-27.576342498276095,16.08619979066276,1.0770331994679412e-12,-20.559036516091346,-149.76238453134934,-102.16115105204376,84.20029759350973,3.165093412761805,107.78067360975433,3.988174571825788,165.8485843220121,5.899835301484873,154.20515364655478,5.30214063393698,137.10139784352305,4.818047874211803,11.643430675457324,0.5976946675478931,0.07425094195404291
experiment_2026_08_25_00_38_criterion_best_matching_weekday,SEN_demand_NOR,2026-05-01,Labor Day,H2,I,observance_tier,True,2026-05-01,19,True,True,3,False,2,3,3,euclidian,LassoReg,,2,{'alpha': 17.42384757078581},2026-04-30 10:00:00,2026-05-02,110.84734796857433,3.4350538587517785,142.05687,5.557,,14,24,3,4,3,3,0.08863190724690095,3216.8391569731675,3083.92877327194,110.84734796857433,3.4350538587517785,0.7962395063629638,32.92167486893745,94.66214475449672,2.809101586963037,1.378396695601495,42.794576681870794,120.28871651011957,3.800192683961878,0.4566478126404871,27.16248214472633,100.25035164334307,2.9451488044332583,1.511274593411968,48.83334998655583,115.78120809763116,3.684099922453177,0.34547290654804524,23.63986438366042,110.05931361447239,3.4118547737089964,0.7749787911821221,32.92167486893768,42.794576681870794,27.16248214472633,hourly_window_mean_factor_top_available_analogs,3,-6.038773304685037,3.5226177610659115,-2.2737367544323206e-13,-6.038773304685037,3.5226177610659115,-2.2737367544323206e-13,-48.83334998655583,-23.639864383660417,-32.92167486893768,94.66214475449672,2.809101586963037,100.25035164334307,2.9451488044332583,120.28871651011957,3.800192683961878,115.78120809763116,3.684099922453177,110.05931361447239,3.4118547737089964,4.507508412488406,0.11609276150870063,0.02319908504278212
experiment_2026_08_25_00_38_criterion_best_matching_weekday,SEN_demand_NTE,2025-01-01,New Year's Day,H3,I,observance_tier,True,2025-01-01,19,True,True,3,False,2,3,3,euclidian,LassoReg,,2,{'alpha': 27.92793616741221},2024-12-31 10:00:00,2025-01-02,51.88909609143279,2.4423385765463372,167.812779,5.858,,14,24,3,4,3,3,0.06436052338137216,2253.064701211412,2167.2570902218426,51.88909609143279,2.4423385765463372,-0.9727293615151634,-15.268637000885825,36.650228021185185,1.4601198589421558,1.2432605193429123,31.7088370921833,60.77843579907722,3.0152994951487764,-2.26539012534904,-42.67216355517615,89.49012498034052,3.6719618374329435,3.6719618374329435,89.49012498034052,96.33604404163178,4.731077578620974,-3.8205470518067703,-76.37791482326735,93.81386333484026,4.340877042393807,-1.0601490399816125,-15.268637000885496,31.7088370921833,-42.67216355517615,hourly_window_mean_factor_top_available_analogs,3,-57.78128788815723,33.7057512680912,-3.290934776152043e-13,-57.78128788815723,33.7057512680912,-3.290934776152043e-13,-89.49012498034052,76.37791482326735,15.268637000885496,36.650228021185185,1.4601198589421558,89.49012498034052,3.6719618374329435,60.77843579907722,3.0152994951487764,96.33604404163178,4.731077578620974,93.81386333484026,4.340877042393807,-35.55760824255456,-1.7157780834721978,-1.8985384658474693
experiment_2026_08_25_00_38_criterion_best_matching_weekday,SEN_demand_NTE,2025-02-03,Constitution Day,H2,J,observance_tier,True,2025-02-03,19,True,True,3,False,2,3,3,euclidian,LassoReg,,2,{'alpha': 27.92793616741221},2025-02-02 10:00:00,2025-02-04,137.07014839229146,5.422020366935324,166.996334,5.826,,14,24,3,4,3,3,0.05380223375839916,2715.8456004975556,2729.4831464775602,137.07014839229146,5.422020366935324,-5.422020366935324,-137.07014839229146,121.27740024611668,4.870759104815641,-4.870759104815641,-121.27740024611668,146.28258481089347,5.74358943650514,-5.74358943650514,-146.28258481089347,150.6222117692726,6.041344090665284,-6.041344090665284,-150.6222117692726,129.16477808905395,5.01736905079619,-5.01736905079619,-129.16477808905395,137.0701483922924,5.3946230128532235,-5.3946230128532235,-137.0701483922924,-121.27740024611668,-146.28258481089347,hourly_window_mean_factor_top_available_analogs,3,29.344811523155936,-17.117806721839525,9.094947017729282e-13,29.344811523155936,-17.117806721839525,9.094947017729282e-13,150.6222117692726,129.16477808905395,137.07014839229237,121.27740024611668,4.870759104815641,150.6222117692726,6.041344090665284,146.28258481089347,5.74358943650514,129.16477808905395,5.01736905079619,137.0701483922924,5.3946230128532235,17.117806721839514,0.7262203857089498,0.0273973540821002
experiment_2026_08_25_00_38_criterion_best_matching_weekday,SEN_demand_NTE,2025-03-17,Benito Juarez's Birthday,H2,K,observance_tier,True,2025-03-17,19,True,True,3,False,2,3,3,euclidian,PCR,,2,{},2025-03-16 10:00:00,2025-03-18,109.3499995492712,4.17427324657818,159.530139,5.45,,14,24,3,4,3,3,0.06421262152278422,2840.612227985201,2880.3930784883432,109.3499995492712,4.17427324657818,-4.059785792389411,-105.60370693256992,148.61854140838696,5.908489088086704,-5.908489088086704,-148.61854140838696,86.44335013145373,3.1626473390315435,-2.9813755365659893,-80.51172015500998,146.14813129038038,5.804174855380282,-5.804174855380282,-146.14813129038038,82.15515844682182,2.991665114196074,-2.985459877834392,-81.95279272384649,105.7315168628697,4.027852913579729,-4.023933816930246,-105.6037069325695,-148.61854140838696,-80.51172015500998,hourly_window_mean_factor_top_available_analogs,3,-2.4704101180065794,1.441072568836508,-4.1884624423753273e-13,-2.4704101180065794,1.441072568836508,-4.1884624423753273e-13,146.14813129038038,81.95279272384649,105.60370693256951,148.61854140838696,5.908489088086704,146.14813129038038,5.804174855380282,86.44335013145373,3.1626473390315435,82.15515844682182,2.991665114196074,105.7315168628697,4.027852913579729,4.2881916846319115,0.17098222483546932,0.14642033299845103
experiment_2026_08_25_00_38_criterion_best_matching_weekday,SEN_demand_NTE,2025-04-17,Maundy Thursday,H1,H,observance_tier,True,2025-04-17,19,True,True,3,False,2,3,3,euclidian,PCR,,2,{},2025-04-16 10:00:00,2025-04-18,178.60348822829542,4.4499268976764155,160.209728,5.476,,14,24,3,4,3,3,0.045895085898719726,3826.42612704034,3677.480108482278,178.60348822829542,4.4499268976764155,3.929600854981342,158.242735064924,150.249672589279,3.5117605806947907,2.0994470362367377,94.98477114584229,195.1432140177217,4.997190582582363,4.997190582582363,195.1432140177217,153.5773576075551,3.5667397741530595,2.579119090879618,115.03461196784413,183.44747353821955,4.7091650728515875,4.7091650728515875,183.44747353821955,172.44269398481686,4.288271541752128,3.9244112900198083,158.24273506492332,94.98477114584229,195.1432140177217,hourly_window_mean_factor_top_available_analogs,3,-20.049840822001833,11.695740479502168,6.9408806187934e-13,-20.049840822001833,11.695740479502168,6.9408806187934e-13,-115.03461196784411,-183.44747353821953,-158.24273506492332,150.249672589279,3.5117605806947907,153.5773576075551,3.5667397741530595,195.1432140177217,4.997190582582363,183.44747353821955,4.7091650728515875,172.44269398481686,4.288271541752128,11.695740479502149,0.2880255097307751,0.16165535592428704
experiment_2026_08_25_00_38_criterion_best_matching_weekday,SEN_demand_NTE,2025-04-18,Good Friday,H2,I,observance_tier,True,2025-04-18,19,True,True,3,False,2,3,3,euclidian,LassoReg,,2,{'alpha': 20.87573154870757},2025-04-17 10:00:00,2025-04-19,91.30651849200268,2.757668060467825,161.500294,5.474,,14,24,3,4,3,3,0.07502706683935875,3371.432143455031,3046.00706578131,91.30651849200268,2.757668060467825,-1.0359346150750108,-27.00689292871577,106.72446017864738,2.7311227512544547,-0.08994439450894497,-0.4253308956974057,82.31271917479329,2.7731528241756247,-1.5877622437385497,-42.51280411464315,223.59901642935537,5.632463265797258,5.632463265797258,223.59901642935537,198.8932535485759,6.864926270685406,-6.110052205389276,-173.19367338759,207.99537671517885,6.410860953095035,-1.7838622949521306,-27.006892928715377,-0.4253308956974057,-42.51280411464315,hourly_window_mean_factor_top_available_analogs,3,-224.0243473250528,130.68086927294684,-3.9491217313824517e-13,-224.0243473250528,130.68086927294684,-3.9491217313824517e-13,-223.59901642935537,173.19367338759,27.006892928715377,106.72446017864738,2.7311227512544547,223.59901642935537,5.632463265797258,82.31271917479329,2.7731528241756247,198.8932535485759,6.864926270685406,207.99537671517885,6.410860953095035,-116.58053437378261,-4.091773446509782,-3.65319289262721
experiment_2026_08_25_00_38_criterion_best_matching_weekday,SEN_demand_NTE,2025-04-19,Holy Saturday,H3,G,observance_tier,True,2025-04-19,19,True,True,3,False,2,3,3,euclidian,LassoReg,,2,{'alpha': 17.42384757078581},2025-04-18 10:00:00,2025-04-20,291.667230937604,9.605343268668811,156.241546,5.221,,14,24,3,4,3,3,0.04825640487258593,3362.525303569183,3451.6140515983516,291.667230937604,9.605343268668811,-9.605343268668811,-291.667230937604,316.90506051918004,11.072442133828988,-11.072442133828988,-316.90506051918004,276.94516368168473,8.749535597325373,-8.749535597325373,-276.94516368168473,407.9087826629071,14.226153971510442,-14.226153971510442,-407.9087826629071,223.85965909784397,7.219649550410104,-7.219649550410104,-223.85965909784397,291.6672309376041,9.800993284499702,-9.800993284499702,-291.6672309376041,-316.90506051918004,-276.94516368168473,hourly_window_mean_factor_top_available_analogs,3,91.00372214372702,-53.08550458384074,1.1967035549643792e-14,91.00372214372702,-53.08550458384074,1.1967035549643792e-14,407.9087826629071,223.859659097844,291.667230937604,316.90506051918004,11.072442133828988,407.9087826629071,14.226153971510442,276.94516368168473,8.749535597325373,223.85965909784397,7.219649550410104,291.6672309376041,9.800993284499702,53.08550458384076,1.5298860469152693,-0.19565001583089092
experiment_2026_08_25_00_38_criterion_best_matching_weekday,SEN_demand_NTE,2025-05-01,Labor Day,H2,I,observance_tier,True,2025-05-01,19,True,True,3,False,2,3,3,euclidian,LassoReg,,2,{'alpha': 17.42384757078581},2025-04-30 10:00:00,2025-05-02,326.37932137577536,8.545101316682155,162.96704,5.387,,14,24,3,4,3,3,0.08189623901539718,3537.0626819230542,3269.325371878135,326.37932137577536,8.545101316682155,8.27060404292842,315.6992409716823,132.0983833824787,3.127285514255506,2.3822214854953674,103.1095937142261,439.7098685385318,11.7054938680977,11.7054938680977,439.7098685385318,183.31717250401329,4.354144409519431,4.354144409519431,183.31717250401329,392.9221142444898,10.48767396444178,10.48767396444178,392.9221142444898,315.6992409716827,8.22795254947039,8.22795254947039,315.6992409716827,103.1095937142261,439.7098685385318,hourly_window_mean_factor_top_available_analogs,3,-80.20757878978718,46.78775429404201,-3.231099598403824e-13,-80.20757878978718,46.78775429404201,-3.231099598403824e-13,-183.31717250401329,-392.92211424448976,-315.6992409716826,132.0983833824787,3.127285514255506,183.31717250401329,4.354144409519431,439.7098685385318,11.7054938680977,392.9221142444898,10.48767396444178,315.6992409716827,8.22795254947039,46.787754294041974,1.2178199036559185,0.31714876721176566
experiment_2026_08_25_00_38_criterion_best_matching_weekday,SEN_demand_NTE,2025-09-16,Independence Day,H2,H,observance_tier,True,2025-09-16,19,True,True,3,False,2,3,3,euclidian,LassoReg,,2,{'alpha': 27.92793616741221},2025-09-15 10:00:00,2025-09-17,187.47894849558273,4.97521061655862,175.631449,5.777,,14,24,3,4,3,3,0.042626859222975017,3451.517313439405,3362.084613977604,187.47894849558273,4.97521061655862,4.074048454469139,157.99859629743705,196.37053418016595,4.996449288904898,4.949766510813022,194.76955962607875,182.29219017957587,4.96282139102329,3.5632129216018726,136.5488676890627,197.1377840944092,5.060004432268487,4.0268343777710855,161.31416279722706,188.82628409929944,5.159300885222483,4.1576234678236075,156.0645158392264,191.88841567644513,5.12271798150259,4.1094380135937305,157.99859629743716,194.76955962607875,136.5488676890627,hourly_window_mean_factor_top_available_analogs,3,33.45539682885169,-19.515648150163713,-1.436044265957255e-13,33.45539682885169,-19.515648150163713,-1.436044265957255e-13,-161.31416279722706,-156.0645158392264,-157.9985962974372,196.37053418016595,4.996449288904898,197.1377840944092,5.060004432268487,182.29219017957587,4.96282139102329,188.82628409929944,5.159300885222483,191.88841567644513,5.12271798150259,-6.534093919723574,-0.19647949419919275,-0.1475073649439702
experiment_2026_08_25_00_38_criterion_best_matching_weekday,SEN_demand_NTE,2025-11-17,Mexican Revolution Day,H2,I,observance_tier,True,2025-11-17,19,True,True,3,False,2,3,3,euclidian,LassoReg,,2,{'alpha': 17.42384757078581},2025-11-16 10:00:00,2025-11-18,72.7870393723041,3.16543903962676,171.629782,5.465,,14,24,3,4,3,3,0.06360444772490985,2447.340457603956,2451.40012849045,72.7870393723041,3.16543903962676,-2.3428479930751163,-51.55697760395564,98.38656429406173,4.343244947677271,-2.3509564779275904,-47.022153227108674,57.85398316794548,2.4783855932639622,-2.33811804357784,-54.202291823783035,175.04046814006645,7.786387011762414,-7.604818583264033,-170.36890078906347,67.91665818971886,2.7744459388901284,0.5193215727953039,17.749977587356454,107.38332501353113,4.620950544685182,-2.473782695226557,-51.55697760395615,-47.022153227108674,-54.202291823783035,hourly_window_mean_factor_top_available_analogs,3,123.3467475619548,-71.95226941113948,5.145825286346831e-13,123.3467475619548,-71.95226941113948,5.145825286346831e-13,170.36890078906347,-17.749977587356447,51.55697760395615,98.38656429406173,4.343244947677271,175.04046814006645,7.786387011762414,57.85398316794548,2.4783855932639622,67.91665818971886,2.7744459388901284,107.38332501353113,4.620950544685182,-10.06267502177338,-0.2960603456261661,-1.4555115050584218
experiment_2026_08_25_00_38_criterion_best_matching_weekday,SEN_demand_NTE,2025-12-24,Christmas Eve,H1,H,observance_tier,True,2025-12-24,19,True,True,3,False,2,3,3,euclidian,LassoReg,,2,{'alpha': 17.42384757078581},2025-12-23 10:00:00,2025-12-25,170.11351358140487,6.927851357002333,170.481468,5.458,,14,24,3,4,3,3,0.06051415529596991,2738.122694990792,2650.526885759308,170.11351358140487,6.927851357002333,-6.475357583114854,-156.8062965697397,153.86736302220478,5.863819397283422,-4.70329347282963,-119.63447510190869,179.59043474093824,7.548536666838367,-7.509061647447903,-178.48985909264113,172.68277771574088,6.4791349794734865,-6.4791349794734865,-172.68277771574088,147.54501590123826,6.1493451701738735,-6.1493451701738735,-147.54501590123826,156.8062965697392,6.2708466788632045,-6.2708466788632045,-156.8062965697392,-119.63447510190869,-178.48985909264113,hourly_window_mean_factor_top_available_analogs,3,53.048302613832185,-30.94484319140285,-4.667143864361079e-13,53.048302613832185,-30.94484319140285,-4.667143864361079e-13,172.68277771574088,147.5450159012383,156.80629656973923,153.86736302220478,5.863819397283422,172.68277771574088,6.4791349794734865,179.59043474093824,7.548536666838367,147.54501590123826,6.1493451701738735,156.8062965697392,6.2708466788632045,32.04541883969998,1.3991914966644936,0.6570046781391286
experiment_2026_08_25_00_38_criterion_best_matching_weekday,SEN_demand_NTE,2025-12-25,Christmas Day,H2,I,observance_tier,True,2025-12-25,19,True,True,3,False,2,3,3,euclidian,LassoReg,,2,{'alpha': 17.42384757078581},2025-12-24 10:00:00,2025-12-26,232.41104532604908,10.91741160292736,174.755722,5.648,,14,24,3,4,3,3,0.05820061420125611,2448.0370184839435,2370.091540528051,232.41104532604908,10.91741160292736,-10.91741160292736,-232.41104532604908,164.8248914083313,6.919165117837152,-6.919165117837152,-164.8248914083313,271.83630177805105,13.249722052563314,-13.249722052563314,-271.83630177805105,137.4180354017479,5.779878255343323,-5.681912468736244,-134.9281417304796,289.2760724234641,14.037950158191974,-14.037950158191974,-289.2760724234641,233.3283745733581,10.995502615037209,-10.959409956813547,-232.41104532604876,-164.8248914083313,-271.83630177805105,hourly_window_mean_factor_top_available_analogs,3,-29.896749677851695,17.439770645413017,-2.9917588874109484e-13,-29.896749677851695,17.439770645413017,-2.9917588874109484e-13,134.9281417304796,289.2760724234641,232.41104532604876,164.8248914083313,6.919165117837152,137.4180354017479,5.779878255343323,271.83630177805105,13.249722052563314,289.2760724234641,14.037950158191974,233.3283745733581,10.995502615037209,-17.439770645413034,-0.7882281056286597,-0.0780910121098497
experiment_2026_08_25_00_38_criterion_best_matching_weekday,SEN_demand_NTE,2025-12-31,New Year's Eve,H1,H,observance_tier,True,2025-12-31,19,True,True,3,False,2,3,3,pearson,PLS,standard,2,{},2025-12-30 10:00:00,2026-01-01,193.2435628145105,7.089580454016108,130.331658,4.788,,14,24,3,4,3,3,0.04465035091086285,2541.4575574486475,2415.1633244472728,193.2435628145105,7.089580454016108,7.089580454016108,193.2435628145105,191.06487812042502,6.5296395050628115,6.5296395050628115,191.06487812042502,194.51446221939375,7.416212674238864,7.416212674238864,194.51446221939375,268.07105878248734,9.021611654421559,9.021611654421559,268.07105878248734,153.88275157696654,5.748858990711309,5.567302701536383,149.5941901665238,195.95212791584262,6.954609972078244,6.839942842073028,193.24356281451034,191.06487812042502,194.51446221939375,hourly_window_mean_factor_top_available_analogs,3,-77.0061806620623,44.92027205286996,1.795055332446569e-13,-77.0061806620623,44.92027205286996,1.795055332446569e-13,-268.07105878248734,-149.5941901665238,-193.24356281451034,191.06487812042502,6.5296395050628115,268.07105878248734,9.021611654421559,194.51446221939375,7.416212674238864,153.88275157696654,5.748858990711309,195.95212791584262,6.954609972078244,40.63171064242721,1.6673536835275549,0.13497048193786387
experiment_2026_08_25_00_38_criterion_best_matching_weekday,SEN_demand_NTE,2026-01-01,New Year's Day,H3,I,observance_tier,True,2026-01-01,19,True,True,3,False,2,3,3,pearson,PLS,standard,2,{},2025-12-31 10:00:00,2026-01-02,112.66924263057983,4.966834557087705,136.336662,5.0,,14,24,3,4,3,3,0.07630385381312636,2434.129822511428,2307.5067993329085,112.66924263057983,4.966834557087705,-4.8930788505676635,-110.72021461669105,86.8253189980162,3.4429732137351,-3.242779153180698,-81.53510010317525,127.7448647495753,5.855753674043389,-5.855753674043389,-127.7448647495753,80.67245910641074,3.207375370682041,-2.5164534624696473,-62.11103557416569,139.0755690581641,6.45253217686421,-6.45253217686421,-139.0755690581641,117.5586338127813,5.256948090376043,-5.002397913666213,-110.72021461669098,-81.53510010317525,-127.7448647495753,hourly_window_mean_factor_top_available_analogs,3,-19.424064529009552,11.330704308588793,-7.180221329786275e-14,-19.424064529009552,11.330704308588793,-7.180221329786275e-14,62.1110355741657,139.0755690581641,110.72021461669098,86.8253189980162,3.4429732137351,80.67245910641074,3.207375370682041,127.7448647495753,5.855753674043389,139.0755690581641,6.45253217686421,117.5586338127813,5.256948090376043,-11.330704308588793,-0.596778502820821,-0.2901135332883378
experiment_2026_08_25_00_38_criterion_best_matching_weekday,SEN_demand_NTE,2026-02-02,Constitution Day,H2,J,observance_tier,True,2026-02-02,19,True,True,3,False,2,3,3,pearson,PLS,standard,2,{},2026-02-01 10:00:00,2026-02-03,146.49725618371016,5.742331054756261,142.873371,5.273,,14,24,3,4,3,3,0.053366018197853554,2404.5315519741844,2434.8279382857,146.49725618371016,5.742331054756261,5.742331054756261,146.49725618371016,152.24086741698426,6.052712127575772,6.052712127575772,152.24086741698426,143.14681629763353,5.561275428944879,5.561275428944879,143.14681629763353,129.42258942196102,4.866590493285734,3.2889578773381736,93.87016587716322,203.74288057251457,7.823430085968446,6.668258764971846,177.19639219586293,176.36172067494218,6.734068130769551,5.42325317479102,146.49725618371042,152.24086741698426,143.14681629763353,hourly_window_mean_factor_top_available_analogs,3,58.37070153982105,-34.0495758982294,-2.87208853191451e-13,58.37070153982105,-34.0495758982294,-2.87208853191451e-13,-93.8701658771632,-177.19639219586293,-146.49725618371045,152.24086741698426,6.052712127575772,129.42258942196102,4.866590493285734,143.14681629763353,5.561275428944879,203.74288057251457,7.823430085968446,176.36172067494218,6.734068130769551,-60.59606427488103,-2.262154657023567,-0.9917370760132904
experiment_2026_08_25_00_38_criterion_best_matching_weekday,SEN_demand_NTE,2026-03-16,Benito Juarez's Birthday,H2,K,observance_tier,True,2026-03-16,19,True,True,3,False,2,3,3,pearson,PLS,standard,2,{},2026-03-15 10:00:00,2026-03-17,256.07209466078785,9.449391445679215,146.96964,5.413,,14,24,3,4,3,3,0.08676803654704464,2953.5315251264656,3079.036355376877,256.07209466078785,9.449391445679215,-8.853306283913177,-239.67922723172907,104.88939914749186,4.097883630973467,-2.479938191894223,-60.39447326861792,344.2620003768772,12.571104337590901,-12.571104337590901,-344.2620003768772,83.42769974367017,3.307342673631075,-3.089845877141623,-77.39140764397295,334.3471219912529,12.278512833734924,-12.278512833734924,-334.3471219912529,241.9031243210909,8.973344880012453,-8.893214481305813,-239.6792272317288,-60.39447326861792,-344.2620003768772,hourly_window_mean_factor_top_available_analogs,3,16.996934375355035,-9.914878385624283,-3.231099598403824e-13,16.996934375355035,-9.914878385624283,-3.231099598403824e-13,77.39140764397295,334.34712199125295,239.67922723172876,104.88939914749186,4.097883630973467,83.42769974367017,3.307342673631075,344.2620003768772,12.571104337590901,334.3471219912529,12.278512833734924,241.9031243210909,8.973344880012453,9.91487838562432,0.2925915038559772,0.4760465656667616
experiment_2026_08_25_00_38_criterion_best_matching_weekday,SEN_demand_NTE,2026-04-02,Maundy Thursday,H1,H,observance_tier,True,2026-04-02,19,True,True,3,False,2,3,3,pearson,PLS,standard,2,{},2026-04-01 10:00:00,2026-04-03,95.98816510975432,2.600972178524593,156.9569,5.769,,14,24,3,4,3,3,0.04966870677257654,3806.743897421939,3702.1566669806175,95.98816510975432,2.600972178524593,-2.5961207119896517,-95.79666636930733,110.10966817849011,2.804870573688635,-2.804870573688635,-110.10966817849011,87.75062165299177,2.482031448012235,-2.4743499593319114,-87.44741531395071,168.53781776409411,4.461732951300516,-4.461732951300516,-168.53781776409411,102.08614479842525,2.8751277809226465,-1.6058105620635976,-53.364328055681746,126.5683401015664,3.459666527903967,-2.6579924949403564,-95.79666636930736,-110.10966817849011,-87.44741531395071,hourly_window_mean_factor_top_available_analogs,3,58.428149585604,-34.08308725826896,2.3934071099287584e-14,58.428149585604,-34.08308725826896,2.3934071099287584e-14,168.53781776409411,53.36432805568175,95.79666636930736,110.10966817849011,2.804870573688635,168.53781776409411,4.461732951300516,87.75062165299177,2.482031448012235,102.08614479842525,2.8751277809226465,126.5683401015664,3.459666527903967,-14.335523145433484,-0.39309633291041157,-0.8586943493793742
experiment_2026_08_25_00_38_criterion_best_matching_weekday,SEN_demand_NTE,2026-04-03,Good Friday,H2,I,observance_tier,True,2026-04-03,19,True,True,3,False,2,3,3,pearson,PLS,standard,2,{},2026-04-02 10:00:00,2026-04-04,191.55904930411558,6.505053356488973,157.266987,5.677,,14,24,3,4,3,3,0.07175413057294701,3412.854324201395,3265.236045337842,191.55904930411558,6.505053356488973,-6.144045222027042,-177.77988078034264,36.26078610344192,0.9860258662943525,-0.006146644183397625,1.1398141753703774,282.1497028378419,9.724486059102501,-9.724486059102501,-282.1497028378419,36.29482767159594,0.9955124739541893,-0.4679579868354113,-16.204773791384405,272.0320265239009,9.359688577259012,-9.359688577259012,-272.0320265239009,185.18147957831488,6.27815001288355,-6.083787833418738,-177.77988078034218,1.1398141753703774,-282.1497028378419,hourly_window_mean_factor_top_available_analogs,3,17.34458796675478,-10.117676313940933,-4.0687920868788895e-13,17.34458796675478,-10.117676313940933,-4.0687920868788895e-13,16.2047737913844,272.032026523901,177.77988078034224,36.26078610344192,0.9860258662943525,36.29482767159594,0.9955124739541893,282.1497028378419,9.724486059102501,272.0320265239009,9.359688577259012,185.18147957831488,6.27815001288355,10.11767631394099,0.3647974818434889,0.22690334360542241
experiment_2026_08_25_00_38_criterion_best_matching_weekday,SEN_demand_NTE,2026-04-04,Holy Saturday,H3,G,observance_tier,True,2026-04-04,19,True,True,3,False,2,3,3,pearson,PLS,standard,2,{},2026-04-03 10:00:00,2026-04-05,248.9420150551578,7.973171175935345,160.677623,5.738,,14,24,3,4,3,3,0.0695222634724979,2836.507134790934,2913.468938967512,248.9420150551578,7.973171175935345,7.946111077196288,248.21620520906671,235.98109909402038,7.715698994447673,7.642250155013089,234.01104379748725,256.5025493658214,8.12336328180315,8.12336328180315,256.5025493658214,268.26273693403584,8.699633822612414,8.699633822612414,268.26273693403584,236.52239503616715,7.47313093915344,7.47313093915344,236.52239503616715,248.21620520906612,7.925000422533062,7.925000422533062,248.21620520906612,234.01104379748725,256.5025493658214,hourly_window_mean_factor_top_available_analogs,3,-34.251693136548575,19.980154329654226,5.624506708332583e-13,-34.251693136548575,19.980154329654226,5.624506708332583e-13,-268.26273693403584,-236.52239503616715,-248.21620520906615,235.98109909402038,7.715698994447673,268.26273693403584,8.699633822612414,256.5025493658214,8.12336328180315,236.52239503616715,7.47313093915344,248.21620520906612,7.925000422533062,19.980154329654226,0.6502323426497094,0.048170753402283495
experiment_2026_08_25_00_38_criterion_best_matching_weekday,SEN_demand_NTE,2026-05-01,Labor Day,H2,I,observance_tier,True,2026-05-01,19,True,True,3,False,2,4,3,euclidian,RidgeReg,minmax,2,{'alpha': 1.36897959935922},2026-04-30 10:00:00,2026-05-02,54.01678338681154,1.3755519285313689,158.26403,5.634,,14,24,3,4,3,3,0.09624670780146008,3725.801711730886,3499.964020267092,54.01678338681154,1.3755519285313689,0.6997025894716216,28.149772216482532,99.09902967333343,2.386920561199127,1.4260191835504803,58.2809129026101,27.718806386340436,0.7855868928085096,0.2760179095922872,10.573273482908121,77.35819162765993,1.8439209755758994,-0.3731808493754825,-16.86080071370845,54.74703767656291,1.5612299037703925,1.552636595732636,54.40593975909392,63.077462816440764,1.6653792460145265,0.8431249054296448,28.14977221648252,58.2809129026101,10.573273482908121,hourly_window_mean_factor_top_available_analogs,3,75.14171361631854,-43.8326662761858,1.1967035549643792e-14,75.14171361631854,-43.8326662761858,1.1967035549643792e-14,16.860800713708443,-54.40593975909392,-28.14977221648252,99.09902967333343,2.386920561199127,77.35819162765993,1.8439209755758994,27.718806386340436,0.7855868928085096,54.74703767656291,1.5612299037703925,63.077462816440764,1.6653792460145265,-27.028231290222475,-0.7756430109618829,-0.2898273174831576
experiment_2026_08_25_00_38_criterion_best_matching_weekday,SEN_demand_OCC,2025-01-01,New Year's Day,H3,I,observance_tier,True,2025-01-01,19,True,True,4,False,2,4,4,euclidian,PLS,,2,{},2024-12-31 10:00:00,2025-01-02,142.74917368776437,2.3375510134797053,425.356754,6.118,,14,24,4,4,4,4,0.0965342249151326,5922.730146782459,5498.687594144918,142.74917368776437,2.3375510134797053,2.1956324676197276,134.90860663859476,186.8960558389024,2.770650364075799,2.770650364075799,186.8960558389024,116.9968257662672,2.084909725631983,1.8602053613536853,104.58259460508195,224.70308679024876,3.195116620733082,3.1708516266733526,223.1565394231973,213.99415211144563,3.722726065089669,1.0551428250834205,83.43064584757481,217.9395490983731,3.528343638221453,1.8346144888270801,134.90860663859362,186.8960558389024,104.58259460508195,hourly_window_mean_factor_top_available_analogs,4,-36.26048358429489,21.15194875750713,1.1249013416665166e-12,-36.26048358429489,21.15194875750713,1.1249013416665166e-12,-223.1565394231973,-83.43064584757482,-134.90860663859362,186.8960558389024,2.770650364075799,224.70308679024876,3.195116620733082,116.9968257662672,2.084909725631983,213.99415211144563,3.722726065089669,217.9395490983731,3.528343638221453,-96.99732634517844,-1.637816339457686,-1.1907926247417477
experiment_2026_08_25_00_38_criterion_best_matching_weekday,SEN_demand_OCC,2025-02-03,Constitution Day,H2,K,observance_tier,True,2025-02-03,19,True,True,4,False,2,4,4,euclidian,PLS,,2,{},2025-02-02 10:00:00,2025-02-04,144.42981928512162,2.0198187547798923,407.080956,5.754,,14,24,4,4,4,4,0.0677961495274579,7111.656128581411,7143.57529015063,144.42981928512162,2.0198187547798923,-0.34078942389704747,-22.975391739305188,151.69001879702566,2.1065564388369866,0.7445129737921653,61.8567812515391,140.1947029031776,1.9692217724132541,-0.973882489215755,-72.46082598396436,186.55409180466216,2.720445079562165,-1.3333521839695366,-81.70925355545685,217.37561864693302,3.1588554967020266,0.19893264199002617,11.286027653448249,206.0203192839911,2.99733586933471,-0.36559334652139175,-22.975391739306264,61.8567812515391,-72.46082598396436,hourly_window_mean_factor_top_available_analogs,4,143.56603480699596,-83.7468536374126,1.0770331994679412e-12,143.56603480699596,-83.7468536374126,1.0770331994679412e-12,81.70925355545685,-11.286027653448244,22.975391739306264,151.69001879702566,2.1065564388369866,186.55409180466216,2.720445079562165,140.1947029031776,1.9692217724132541,217.37561864693302,3.1588554967020266,206.0203192839911,2.99733586933471,-77.1809157437554,-1.1896337242887725,-0.9775171145548178
experiment_2026_08_25_00_38_criterion_best_matching_weekday,SEN_demand_OCC,2025-03-17,Benito Juarez's Birthday,H2,G,observance_tier,True,2025-03-17,19,True,True,4,False,2,4,4,euclidian,PLS,,2,{},2025-03-16 10:00:00,2025-03-18,731.2168645034952,10.163807166084103,381.98091,5.38,,14,24,4,4,4,4,0.08810500634634254,7903.091085292969,8287.69862237182,731.2168645034952,10.163807166084103,-10.163807166084103,-731.2168645034952,109.2319967292264,1.5523107531056424,-1.5523107531056424,-109.2319967292264,1094.0413707051523,15.187180073654872,-15.187180073654872,-1094.0413707051523,422.48748144562995,6.1041122645613815,-6.1041122645613815,-422.48748144562995,911.3090046205836,12.682883490016328,-12.682883490016328,-911.3090046205836,731.2168645034953,10.259125670111876,-10.259125670111876,-731.2168645034953,-109.2319967292264,-1094.0413707051523,hourly_window_mean_factor_top_available_analogs,4,313.2554847164036,-182.73236608456864,7.180221329786275e-14,313.2554847164036,-182.73236608456864,7.180221329786275e-14,422.48748144563,911.3090046205837,731.2168645034953,109.2319967292264,1.5523107531056424,422.48748144562995,6.1041122645613815,1094.0413707051523,15.187180073654872,911.3090046205836,12.682883490016328,731.2168645034953,10.259125670111876,182.73236608456875,2.504296583638544,-0.09531850402777309
experiment_2026_08_25_00_38_criterion_best_matching_weekday,SEN_demand_OCC,2025-04-17,Maundy Thursday,H1,H,observance_tier,True,2025-04-17,19,True,True,4,False,2,4,4,euclidian,PLS,,2,{},2025-04-16 10:00:00,2025-04-18,254.036377168531,2.8668972873602825,405.550373,5.685,,14,24,4,4,4,4,0.06376335275011168,8833.816242238016,8362.344850119267,254.036377168531,2.8668972873602825,0.3466733384603336,35.76380381461664,236.5369524635888,2.4737933977405224,-0.35023772045370183,-27.07134587015519,264.24437491308066,3.096207889638476,0.7532047894935209,72.41764113073354,181.08061141452617,1.878686572222825,0.40873379804787596,44.17105002295011,259.48840225660564,3.0966225550620394,0.31963324226909173,30.859576859754537,230.60132142005008,2.6479092982265393,0.3524597628191702,35.76380381461606,-27.07134587015519,72.41764113073354,hourly_window_mean_factor_top_available_analogs,4,-71.2423958931053,41.558064270979,5.74417706382902e-13,-71.2423958931053,41.558064270979,5.74417706382902e-13,-44.171050022950105,-30.85957685975454,-35.76380381461606,236.5369524635888,2.4737933977405224,181.08061141452617,1.878686572222825,264.24437491308066,3.096207889638476,259.48840225660564,3.0966225550620394,230.60132142005008,2.6479092982265393,4.7559726564750235,-0.00041466542356349834,0.21898798913374318
experiment_2026_08_25_00_38_criterion_best_matching_weekday,SEN_demand_OCC,2025-04-18,Good Friday,H2,I,observance_tier,True,2025-04-18,19,True,True,3,False,2,4,3,euclidian,PCR,,2,{},2025-04-17 10:00:00,2025-04-19,212.9604352138463,2.719081527082244,400.657991,5.397,,14,24,3,4,3,3,0.10060237774444487,7578.6316168914245,7017.982777691301,212.9604352138463,2.719081527082244,1.6632504619197586,125.8181641612068,228.4009373047852,2.682893356055661,-0.05063527670359764,2.3564337655067384,203.9534756607986,2.7401912935144175,2.6630171427833838,197.83750689203183,420.3558307358595,4.929260542589516,-0.7993842586122509,-53.20057842853144,280.2885147669186,3.7733730729330577,3.021841415667737,230.24576400522093,331.8922627554757,4.199226351227543,1.6140214304066887,125.8181641612069,2.3564337655067384,197.83750689203183,hourly_window_mean_factor_top_available_analogs,3,55.55701219403818,-32.40825711318909,-9.573628439715034e-14,55.55701219403818,-32.40825711318909,-9.573628439715034e-14,53.20057842853144,-230.2457640052209,-125.8181641612069,228.4009373047852,2.682893356055661,420.3558307358595,4.929260542589516,203.9534756607986,2.7401912935144175,280.2885147669186,3.7733730729330577,331.8922627554757,4.199226351227543,-76.33503910611998,-1.0331817794186402,-1.4801448241452992
experiment_2026_08_25_00_38_criterion_best_matching_weekday,SEN_demand_OCC,2025-04-19,Holy Saturday,H3,G,observance_tier,True,2025-04-19,19,True,True,5,False,2,5,5,euclidian,PCR,,4,{},2025-04-18 10:00:00,2025-04-20,379.46868809496647,5.129741308863926,326.689333,4.482,,14,24,4,4,5,4,0.06452232100922896,6905.686000820878,6819.36908153087,379.46868809496647,5.129741308863926,5.072196838166938,375.0609568107004,138.9154031678308,1.9358328090818326,1.7796406743328657,126.95156111053731,519.7914376357957,6.992854600403479,6.992854600403479,519.7914376357957,309.9042424893601,4.175223074287265,4.175223074287265,309.9042424893601,413.06904016481684,5.6521758056121145,5.6521758056121145,413.06904016481684,375.06095681070116,5.108035325650329,5.108035325650329,375.06095681070116,126.95156111053731,519.7914376357957,hourly_window_mean_factor_top_available_analogs,4,-182.9526813788228,106.72239747097876,-7.658902751772027e-13,-182.9526813788228,106.72239747097876,-7.658902751772027e-13,-309.9042424893601,-413.0690401648169,-375.06095681070116,138.9154031678308,1.9358328090818326,309.9042424893601,4.175223074287265,519.7914376357957,6.992854600403479,413.06904016481684,5.6521758056121145,375.06095681070116,5.108035325650329,106.72239747097882,1.3406787947913648,0.021705983213596625
experiment_2026_08_25_00_38_criterion_best_matching_weekday,SEN_demand_OCC,2025-05-01,Labor Day,H2,I,observance_tier,True,2025-05-01,19,True,True,5,False,2,5,5,pearson,PCR,,4,{},2025-04-30 10:00:00,2025-05-02,275.46423328015635,3.203932780116385,327.678415,4.576,,14,24,4,4,5,4,0.0935099455358832,9629.26059251832,9108.92570348936,275.46423328015635,3.203932780116385,-3.136537604104103,-268.65817225516145,101.97802036874275,0.9733646212894073,-0.8519472438012141,-89.22761442510806,376.6645241451476,4.505097539432121,-4.469215314280787,-373.3259976560259,331.5574493142758,3.1900435842900827,-3.1900435842900827,-331.5574493142758,231.96692730401216,2.6662943481860903,-2.6662943481860903,-231.96692730401216,268.65817225516196,2.8592545930665083,-2.8592545930665083,-268.65817225516196,-89.22761442510806,-373.3259976560259,hourly_window_mean_factor_top_available_analogs,4,242.32983488916776,-141.35907035201376,4.786814219857517e-13,242.32983488916776,-141.35907035201376,4.786814219857517e-13,331.5574493142758,231.96692730401213,268.6581722551619,101.97802036874275,0.9733646212894073,331.5574493142758,3.1900435842900827,376.6645241451476,4.505097539432121,231.96692730401216,2.6662943481860903,268.65817225516196,2.8592545930665083,144.69759684113544,1.838803191246031,0.3446781870498765
experiment_2026_08_25_00_38_criterion_best_matching_weekday,SEN_demand_OCC,2025-09-16,Independence Day,H2,I,observance_tier,True,2025-09-16,19,True,True,3,False,2,5,3,euclidian,PCR,minmax,2,{},2025-09-15 10:00:00,2025-09-17,523.5090860462992,6.962894089069163,313.140656,4.212,,14,24,3,4,3,3,0.06692003854755152,7581.167438943994,7435.870378478031,523.5090860462992,6.962894089069163,-2.079844288326519,-120.28240578610023,651.0044240204726,7.924033138524899,5.329959177776563,443.46799382863884,449.1368055613646,6.402229643553317,-6.402229643553317,-449.1368055613646,564.1623977256711,6.837513303003452,4.825008260684841,403.6162473613787,425.88995345546147,6.136509034518134,-6.136509034518134,-425.88995345546147,476.83243292343354,6.394773765012723,-2.098055294180195,-120.28240578609932,443.46799382863884,-449.1368055613646,hourly_window_mean_factor_top_available_analogs,3,39.851746467260064,-23.246852105903145,-9.094947017729282e-13,39.851746467260064,-23.246852105903145,-9.094947017729282e-13,-403.6162473613788,425.88995345546147,120.28240578609932,651.0044240204726,7.924033138524899,564.1623977256711,6.837513303003452,449.1368055613646,6.402229643553317,425.88995345546147,6.136509034518134,476.83243292343354,6.394773765012723,23.246852105903145,0.26572060903518224,0.5681203240564399
experiment_2026_08_25_00_38_criterion_best_matching_weekday,SEN_demand_OCC,2025-11-17,Mexican Revolution Day,H2,I,observance_tier,True,2025-11-17,19,True,True,3,False,2,5,3,euclidian,PCR,minmax,2,{},2025-11-16 10:00:00,2025-11-18,205.04388637264503,2.7570215807154765,325.88545,4.37,,14,24,3,4,3,3,0.0664789708848052,7204.340148806207,7105.923912920128,205.04388637264503,2.7570215807154765,1.4139113268481338,114.53695250958197,225.31591516025688,3.0896814946928925,-0.5559034800898955,-20.34576246805721,193.21853624653815,2.562969964228651,2.562969964228651,193.21853624653815,203.01959392683082,2.7624626825878034,-0.185098096380191,5.12342880649898,178.36150800304753,2.3750722060496776,2.3750722060496776,178.36150800304753,187.4460659749677,2.517795013195303,1.4318515683123578,114.53695250958226,-20.34576246805721,193.21853624653815,hourly_window_mean_factor_top_available_analogs,3,-25.469191274556188,14.857028243490618,-3.111429242907386e-13,-25.469191274556188,14.857028243490618,-3.111429242907386e-13,-5.123428806498978,-178.36150800304753,-114.53695250958228,225.31591516025688,3.0896814946928925,203.01959392683082,2.7624626825878034,193.21853624653815,2.562969964228651,178.36150800304753,2.3750722060496776,187.4460659749677,2.517795013195303,14.857028243490618,0.18789775817897336,0.23922656752017346
experiment_2026_08_25_00_38_criterion_best_matching_weekday,SEN_demand_OCC,2025-12-24,Christmas Eve,H1,H,observance_tier,True,2025-12-24,19,True,True,5,False,2,5,5,pearson,PCR,,4,{},2025-12-23 10:00:00,2025-12-25,612.0358500122262,8.534631225731534,310.963278,4.377,,14,24,4,4,5,4,0.0790926270293573,8232.627469964495,7997.832599421159,612.0358500122262,8.534631225731534,-7.797600456706454,-545.6815094381791,212.80337959691238,2.483476264071843,-0.48296417671805286,-32.698740895927195,844.9214577544926,12.06447162003302,-12.06447162003302,-844.9214577544926,499.3437105107126,5.926917972467728,-5.926917972467728,-499.3437105107126,572.7118921458674,8.166406179221752,-8.166406179221752,-572.7118921458674,545.6815094381788,7.341331576733427,-7.341331576733427,-545.6815094381788,-32.698740895927195,-844.9214577544926,hourly_window_mean_factor_top_available_analogs,4,466.64496961478534,-272.2095656086254,-3.590110664893138e-13,466.64496961478534,-272.2095656086254,-3.590110664893138e-13,499.3437105107125,572.7118921458673,545.6815094381788,212.80337959691238,2.483476264071843,499.3437105107126,5.926917972467728,844.9214577544926,12.06447162003302,572.7118921458674,8.166406179221752,545.6815094381788,7.341331576733427,272.2095656086252,3.8980654408112674,1.1932996489981074
experiment_2026_08_25_00_38_criterion_best_matching_weekday,SEN_demand_OCC,2025-12-25,Christmas Day,H2,I,observance_tier,True,2025-12-25,19,True,True,5,False,2,5,5,pearson,PCR,standard,4,{},2025-12-24 10:00:00,2025-12-26,423.348200372732,7.092670071322851,329.947598,4.635,,14,24,4,4,5,4,0.09077460412850032,6726.1652202429095,6260.782945906926,423.348200372732,7.092670071322851,-7.073836331235546,-422.0792691902782,435.03999981888074,6.239618054475459,-6.239618054475459,-435.03999981888074,416.52798402914505,7.590283747817165,-7.5604636593456,-414.51884299026,397.4672419933384,5.758886473971231,-5.745743643793089,-396.44322263959975,513.5024452510289,9.37438279561615,-8.267149295113976,-437.0336296781734,470.7526335245113,8.042357835010128,-7.3382103709431235,-422.0792691902778,-435.03999981888074,-414.51884299026,hourly_window_mean_factor_top_available_analogs,4,-38.59677717928097,22.514786687913404,-3.111429242907386e-13,-38.59677717928097,22.514786687913404,-3.111429242907386e-13,396.44322263959975,437.0336296781734,422.0792691902779,435.03999981888074,6.239618054475459,397.4672419933384,5.758886473971231,416.52798402914505,7.590283747817165,513.5024452510289,9.37438279561615,470.7526335245113,8.042357835010128,-96.97446122188387,-1.7840990477989846,-0.9496877636872769
experiment_2026_08_25_00_38_criterion_best_matching_weekday,SEN_demand_OCC,2025-12-31,New Year's Eve,H1,H,observance_tier,True,2025-12-31,19,True,True,2,False,2,5,2,euclidian,LassoReg,minmax,2,{'alpha': 0.002456459215250751},2025-12-30 10:00:00,2026-01-01,216.28222711151474,2.9599506652544214,308.302698,4.341,,14,24,2,4,2,2,0.08125791203251946,7314.412700632506,6837.516105153297,216.28222711151474,2.9599506652544214,1.8403656383179705,130.63958278854574,165.74168099405097,2.098155391217648,-0.9407182533241454,-66.7169250254364,245.764212346702,3.4626645751092053,3.4626645751092053,245.764212346702,222.7547367575517,2.781999890602012,-0.424975693106769,-22.03763874984835,225.1451149859439,3.1565615601489454,3.0775569984557216,219.70129535261037,224.26444932285204,3.0185651555790227,1.7871502173537512,130.63958278854662,-66.7169250254364,245.764212346702,hourly_window_mean_factor_top_available_analogs,2,-44.67928627558805,26.062916994091626,-8.855606306736407e-13,-44.67928627558805,26.062916994091626,-8.855606306736407e-13,22.037638749848348,-219.70129535261037,-130.63958278854662,165.74168099405097,2.098155391217648,222.7547367575517,2.781999890602012,245.764212346702,3.4626645751092053,225.1451149859439,3.1565615601489454,224.26444932285204,3.0185651555790227,20.619097360758104,0.30610301496025993,-0.05861449032460131
experiment_2026_08_25_00_38_criterion_best_matching_weekday,SEN_demand_OCC,2026-01-01,New Year's Day,H3,I,observance_tier,True,2026-01-01,19,True,True,2,False,2,5,2,euclidian,LassoReg,,2,{'alpha': 23.313117011006348},2025-12-31 10:00:00,2026-01-02,298.6154457338691,4.94772118370657,307.12568,4.33,,14,24,2,4,2,2,0.12735261594634037,6295.282560206132,5904.941248449937,298.6154457338691,4.94772118370657,-0.7163475029978648,-3.562013364026418,305.89745660271194,4.2508368216228,1.7973607043371653,138.45393464039236,294.36760606037757,5.35423706158877,-2.1826772906099654,-86.40464969993737,336.6834439746253,4.813957611148566,-2.0561170009508234,-136.0398542170084,261.52242037412384,4.6524087100557,0.8991677097282388,73.71672713354572,289.21332380588757,4.711926726247809,-0.1896213942061526,-3.562013364026849,138.45393464039236,-86.40464969993737,hourly_window_mean_factor_top_available_analogs,2,274.4937888574008,-160.12137683348308,4.308132797871765e-13,274.4937888574008,-160.12137683348308,4.308132797871765e-13,136.0398542170084,-73.71672713354572,3.562013364026849,305.89745660271194,4.2508368216228,336.6834439746253,4.813957611148566,294.36760606037757,5.35423706158877,261.52242037412384,4.6524087100557,289.21332380588757,4.711926726247809,32.84518568625373,0.7018283515330701,0.23579445745876182
experiment_2026_08_25_00_38_criterion_best_matching_weekday,SEN_demand_OCC,2026-02-02,Constitution Day,H2,K,observance_tier,True,2026-02-02,19,True,True,2,False,2,5,2,euclidian,LassoReg,standard,2,{'alpha': 0.037452029161557564},2026-02-01 10:00:00,2026-02-03,211.9162346892533,3.1138834494933088,286.454416,4.036,,14,24,2,4,2,2,0.06926025280345521,7327.457143638785,7311.751088749187,211.9162346892533,3.1138834494933088,-2.4591942698160083,-157.80266890194412,294.7588242526962,4.475314348370852,-4.084247099250157,-262.9611291638151,163.59139077724492,2.3197154251480736,-1.5112467859794219,-96.46023374918609,268.8393404361828,4.1205955684253395,-3.8320954946937134,-245.7492327545615,179.11792457261538,2.5593985921805356,-1.5255070189291258,-106.50050665458211,212.17318304866654,3.1345764255338846,-2.375302773158184,-157.80266890194292,-262.9611291638151,-96.46023374918609,hourly_window_mean_factor_top_available_analogs,2,-17.211896409253573,10.040272905396023,-1.1967035549643793e-12,-17.211896409253573,10.040272905396023,-1.1967035549643793e-12,245.74923275456152,106.50050665458211,157.80266890194292,294.7588242526962,4.475314348370852,268.8393404361828,4.1205955684253395,163.59139077724492,2.3197154251480736,179.11792457261538,2.5593985921805356,212.17318304866654,3.1345764255338846,-15.526533795370455,-0.23968316703246195,-0.02069297604057585
experiment_2026_08_25_00_38_criterion_best_matching_weekday,SEN_demand_OCC,2026-03-16,Benito Juarez's Birthday,H2,G,observance_tier,True,2026-03-16,19,True,True,2,False,2,5,2,euclidian,LassoReg,,2,{'alpha': 23.313117011006348},2026-03-15 10:00:00,2026-03-17,230.81877460488892,3.15216568719056,271.492295,3.794,,14,24,2,4,2,2,0.06500678312877055,7772.264711422671,7785.902575881788,230.81877460488892,3.15216568719056,-2.0868654478039215,-141.92783037003906,358.3411476826509,5.010475250048072,-3.318783040909946,-214.62272663561356,156.43072364286112,2.068151775523679,-1.3682468518254076,-99.52247421512061,324.5535004146364,4.553581955279031,-3.1660467712975486,-206.766496743463,158.2610058888903,2.11464091402933,-1.3831789002639088,-104.10527498554264,219.52666176679676,3.013198139752905,-2.040024958013145,-141.9278303700396,-214.62272663561356,-99.52247421512061,hourly_window_mean_factor_top_available_analogs,2,-7.856229892150558,4.58280077042203,5.504836352836145e-13,-7.856229892150558,4.58280077042203,5.504836352836145e-13,206.766496743463,104.10527498554264,141.9278303700396,358.3411476826509,5.010475250048072,324.5535004146364,4.553581955279031,156.43072364286112,2.068151775523679,158.2610058888903,2.11464091402933,219.52666176679676,3.013198139752905,-1.830282246029185,-0.04648913850565117,0.13896754743765527
experiment_2026_08_25_00_38_criterion_best_matching_weekday,SEN_demand_OCC,2026-04-02,Maundy Thursday,H1,H,observance_tier,True,2026-04-02,19,True,True,2,False,2,5,2,euclidian,LassoReg,minmax,2,{'alpha': 0.002456459215250751},2026-04-01 10:00:00,2026-04-03,187.8118141817241,2.0972729872493474,272.05606,3.788,,14,24,2,4,2,2,0.06562435186885754,8776.93412926114,8395.822478701208,187.8118141817241,2.0972729872493474,0.4623322566031945,47.8172341599138,254.31739255917753,2.6812660900185334,0.09827744361473632,23.391331207551698,149.01689346154288,1.756610343967323,0.6746975641797951,62.06567754879169,331.66178876521775,3.549827221287035,-1.0270768443532803,-79.57638250524113,249.15287865392506,2.938479924874809,1.3590268577726636,122.13017721458459,279.5508981686118,3.163713139342471,0.47993602014731584,47.817234159911955,23.391331207551698,62.06567754879169,hourly_window_mean_factor_top_available_analogs,2,102.96771371279283,-60.0644996657929,1.842923474645144e-12,102.96771371279283,-60.0644996657929,1.842923474645144e-12,79.57638250524113,-122.13017721458459,-47.81723415991196,254.31739255917753,2.6812660900185334,331.66178876521775,3.549827221287035,149.01689346154288,1.756610343967323,249.15287865392506,2.938479924874809,279.5508981686118,3.163713139342471,-100.13598519238218,-1.1818695809074857,-1.0664401520931235
experiment_2026_08_25_00_38_criterion_best_matching_weekday,SEN_demand_OCC,2026-04-03,Good Friday,H2,I,observance_tier,True,2026-04-03,19,True,True,2,False,2,5,2,euclidian,LassoReg,minmax,2,{'alpha': 0.002456459215250751},2026-04-02 10:00:00,2026-04-04,189.73246574882822,2.6168052531555066,272.091044,3.741,,14,24,2,4,2,2,0.09260187633512963,7818.086468059341,7384.818485727893,189.73246574882822,2.6168052531555066,-1.5732356870847888,-101.35156911197069,159.21912646449755,1.911903768566034,-0.7782716772787176,-57.35618634181856,207.53191366468778,3.0279977858327,-2.0369646928049967,-127.01554239455943,281.9394150579095,3.457070203544602,-3.0111722371500953,-241.9882751630666,205.34161924577214,2.901681339025927,-0.5609714910154171,-19.31349058216813,233.5618598081386,3.1062982891117548,-1.4636770290650347,-101.35156911197282,-57.35618634181856,-127.01554239455943,hourly_window_mean_factor_top_available_analogs,2,184.63208882124803,-107.7020518123913,2.130132327836595e-12,184.63208882124803,-107.7020518123913,2.130132327836595e-12,241.9882751630666,19.31349058216813,101.35156911197282,159.21912646449755,1.911903768566034,281.9394150579095,3.457070203544602,207.53191366468778,3.0279977858327,205.34161924577214,2.901681339025927,233.5618598081386,3.1062982891117548,2.1902944189156415,0.126316446806773,-0.48949303595624816
experiment_2026_08_25_00_38_criterion_best_matching_weekday,SEN_demand_OCC,2026-04-04,Holy Saturday,H3,G,observance_tier,True,2026-04-04,19,True,True,2,False,2,5,2,euclidian,LassoReg,minmax,2,{'alpha': 0.002456459215250751},2026-04-03 10:00:00,2026-04-05,179.92319841740095,2.5029583399280937,266.282539,3.652,,14,24,2,4,2,2,0.0740888714860402,7321.822326490931,7380.932872015383,179.92319841740095,2.5029583399280937,-0.1502609108478225,1.0214277195939663,201.57993537130642,2.8570115641995253,-0.5771420581217761,-19.976326306159667,167.29010186095613,2.2964272924364253,0.09875309172865025,13.270117567950251,170.2992329916253,2.4707481867034398,-0.9749192905934588,-51.8959105849011,150.95282916102653,2.1044057109243055,0.4078614795978044,31.889875063885295,158.08045162493133,2.2393739914745123,-0.10158406731476631,1.0214277195955699,-19.976326306159667,13.270117567950251,hourly_window_mean_factor_top_available_analogs,2,31.919584278741436,-18.619757495935044,-1.6035827636522681e-12,31.919584278741436,-18.619757495935044,-1.6035827636522681e-12,51.8959105849011,-31.889875063885295,-1.0214277195955699,201.57993537130642,2.8570115641995253,170.2992329916253,2.4707481867034398,167.29010186095613,2.2964272924364253,150.95282916102653,2.1044057109243055,158.08045162493133,2.2393739914745123,16.3372726999296,0.1920215815121198,0.26358434845358136
experiment_2026_08_25_00_38_criterion_best_matching_weekday,SEN_demand_OCC,2026-05-01,Labor Day,H2,I,observance_tier,True,2026-05-01,19,True,True,4,False,2,6,4,euclidian,RidgeReg,,2,{'alpha': 0.13972406379742014},2026-04-30 10:00:00,2026-05-02,220.9303105059135,2.479257832849934,250.429256,3.393,,14,24,4,4,4,4,0.09423334798016736,9735.940921817444,9166.318865378826,220.9303105059135,2.479257832849934,-1.6386158801961492,-131.14160102796933,111.03744248120567,1.0292245493457892,0.9785025105532926,105.52907785921174,285.0344835203264,3.325110581560685,-3.16526827479999,-269.1994970454916,231.53396540398495,2.1744478946891226,-1.2323000079428506,-127.95226968756768,229.47473018043425,2.709754355111576,-1.699670684736138,-133.0020443098721,230.23339578911083,2.5125361854822508,-1.5274814880228216,-131.1416010279705,105.52907785921174,-269.1994970454916,hourly_window_mean_factor_top_available_analogs,4,233.48134754677943,-136.19745273561952,1.148835412765804e-12,233.48134754677943,-136.19745273561952,1.148835412765804e-12,127.95226968756769,133.0020443098721,131.14160102797047,111.03744248120567,1.0292245493457892,231.53396540398495,2.1744478946891226,285.0344835203264,3.325110581560685,229.47473018043425,2.709754355111576,230.23339578911083,2.5125361854822508,55.559753339892126,0.615356226449109,-0.03327835263231682
experiment_2026_08_25_00_38_criterion_best_matching_weekday,SEN_demand_ORI,2025-01-01,New Year's Day,H3,I,observance_tier,True,2025-01-01,19,True,True,2,False,2,2,2,euclidian,LassoReg,minmax,2,{'alpha': 0.003395900933162751},2024-12-31 10:00:00,2025-01-02,491.59269242873876,9.970139961736994,290.016977,5.064,,14,24,2,4,2,2,0.07271728743191942,5770.251924758491,5643.408885635282,491.59269242873876,9.970139961736994,-9.783413634554227,-481.45148607428126,177.63151264609365,3.0376025043272556,-2.530773901974032,-150.1053811125664,674.7367139686152,14.014120145226007,-14.014120145226007,-674.7367139686152,192.47197571350924,3.2945296645275346,-2.030972706219903,-123.21305123100372,690.4239063995261,14.189744462060366,-14.189744462060366,-690.4239063995261,506.9679319362567,10.175717957706167,-9.710196973066513,-481.4514860742809,-150.1053811125664,-674.7367139686152,hourly_window_mean_factor_top_available_analogs,2,-26.892329881562677,15.687192430910992,-3.590110664893138e-13,-26.892329881562677,15.687192430910992,-3.590110664893138e-13,123.21305123100372,690.4239063995261,481.4514860742809,177.63151264609365,3.0376025043272556,192.47197571350924,3.2945296645275346,674.7367139686152,14.014120145226007,690.4239063995261,14.189744462060366,506.9679319362567,10.175717957706167,-15.687192430910954,-0.17562431683435875,-0.2055779959691737
experiment_2026_08_25_00_38_criterion_best_matching_weekday,SEN_demand_ORI,2025-02-03,Constitution Day,H2,H,observance_tier,True,2025-02-03,19,True,True,2,False,2,2,2,pearson,RidgeReg,minmax,2,{'alpha': 0.7810481022373686},2025-02-02 10:00:00,2025-02-04,173.21393646875032,3.1405747532454975,308.041354,5.556,,14,24,2,4,2,2,0.077354495642043,5263.076855965541,5191.009952349527,173.21393646875032,3.1405747532454975,3.0582910795749725,168.95361692919624,190.21507232957882,3.3405437570459817,3.338015572769071,190.0865742641509,163.29660721660036,3.023926167695216,2.8951184585450824,156.62605848380602,176.3793007258811,3.1332364145820857,3.1332364145820857,176.3793007258811,171.26846644725234,3.283670042050899,3.155326742721565,164.6219680477965,173.1514053920103,3.228247126667653,3.1471882007754415,168.9536169291961,190.0865742641509,156.62605848380602,hourly_window_mean_factor_top_available_analogs,2,13.707273538269808,-7.9959095639904945,1.436044265957255e-13,13.707273538269808,-7.9959095639904945,1.436044265957255e-13,-176.37930072588108,-164.6219680477965,-168.9536169291961,190.21507232957882,3.3405437570459817,176.3793007258811,3.1332364145820857,163.29660721660036,3.023926167695216,171.26846644725234,3.283670042050899,173.1514053920103,3.228247126667653,-7.971859230651972,-0.25974387435568325,-0.08767237342215539
experiment_2026_08_25_00_38_criterion_best_matching_weekday,SEN_demand_ORI,2025-03-17,Benito Juarez's Birthday,H2,H,observance_tier,True,2025-03-17,19,True,True,2,False,2,2,2,pearson,RidgeReg,minmax,2,{'alpha': 6.486047628542095},2025-03-16 10:00:00,2025-03-18,651.4382969825494,11.24531971740942,310.31311,5.598,,14,24,2,4,2,2,0.06077791665841877,6527.627793035182,6395.232780729993,651.4382969825494,11.24531971740942,-11.24531971740942,-651.4382969825494,577.7294091297885,9.333004684487008,-9.333004684487008,-577.7294091297885,694.4351482299932,12.360836819947489,-12.360836819947489,-694.4351482299932,570.8606871668109,9.195852464538406,-9.195852464538406,-570.8606871668109,698.4419027083977,12.389112263329324,-12.389112263329324,-698.4419027083977,651.43829698255,11.212648126932669,-11.212648126932669,-651.43829698255,-577.7294091297885,-694.4351482299932,hourly_window_mean_factor_top_available_analogs,2,-6.868721962977686,4.006754478404484,5.265495641843269e-13,-6.868721962977686,4.006754478404484,5.265495641843269e-13,570.8606871668107,698.4419027083976,651.43829698255,577.7294091297885,9.333004684487008,570.8606871668109,9.195852464538406,694.4351482299932,12.360836819947489,698.4419027083977,12.389112263329324,651.43829698255,11.212648126932669,-4.0067544784045594,-0.028275443381835075,0.03267159047675072
experiment_2026_08_25_00_38_criterion_best_matching_weekday,SEN_demand_ORI,2025-04-17,Maundy Thursday,H1,I,observance_tier,True,2025-04-17,19,True,True,3,False,2,3,3,pearson,RidgeReg,,2,{'alpha': 2.5021461513461163},2025-04-16 10:00:00,2025-04-18,477.3458313534818,7.1912606365877885,286.673979,5.094,,14,24,3,4,3,3,0.07275745078421877,6192.342018646519,5930.857816302654,477.3458313534818,7.1912606365877885,7.1912606365877885,477.3458313534818,290.51689590685817,4.132622815964063,4.132622815964063,290.51689590685817,586.329377030679,8.975466031951626,8.975466031951626,586.329377030679,322.2811942001989,4.5662096974282536,4.5662096974282536,322.2811942001989,567.8002030262287,8.622074697183331,8.622074697183331,567.8002030262287,477.345831353481,7.127808644641988,7.127808644641988,477.345831353481,290.51689590685817,586.329377030679,hourly_window_mean_factor_top_available_analogs,3,-31.764298293340744,18.529174004450244,9.334287728722159e-13,-31.764298293340744,18.529174004450244,9.334287728722159e-13,-322.2811942001989,-567.8002030262287,-477.3458313534809,290.51689590685817,4.132622815964063,322.2811942001989,4.5662096974282536,586.329377030679,8.975466031951626,567.8002030262287,8.622074697183331,477.345831353481,7.127808644641988,18.529174004450283,0.3533913347682951,0.06345199194580076
experiment_2026_08_25_00_38_criterion_best_matching_weekday,SEN_demand_ORI,2025-04-18,Good Friday,H2,I,observance_tier,True,2025-04-18,19,True,True,3,False,2,3,3,pearson,RidgeReg,,2,{'alpha': 2.8656443084143475},2025-04-17 10:00:00,2025-04-19,278.1763543451858,4.281150650026255,307.022285,5.373,,14,24,3,4,3,3,0.07111472496325029,6173.889936740566,5928.644040629229,278.1763543451858,4.281150650026255,4.272362391991049,277.6452298383816,187.75263572989556,2.6720352923813278,2.648181449142907,186.3110120685698,330.9235235374385,5.21980127531913,5.21980127531913,330.9235235374385,210.2504506202243,2.9924158285464597,2.9734289275092762,209.1029640069826,317.62821824003123,4.966861685334819,4.966861685334819,317.62821824003123,278.0679880643129,4.239434264412792,4.232439090346462,277.64522983838174,186.3110120685698,330.9235235374385,hourly_window_mean_factor_top_available_analogs,3,-22.791951938412826,13.295305297407216,-1.6753849769501309e-13,-22.791951938412826,13.295305297407216,-1.6753849769501309e-13,-209.10296400698263,-317.6282182400313,-277.6452298383818,187.75263572989556,2.6720352923813278,210.2504506202243,2.9924158285464597,330.9235235374385,5.21980127531913,317.62821824003123,4.966861685334819,278.0679880643129,4.239434264412792,13.295305297407253,0.25293958998431076,0.041716385613463025
experiment_2026_08_25_00_38_criterion_best_matching_weekday,SEN_demand_ORI,2025-04-19,Holy Saturday,H3,G,observance_tier,True,2025-04-19,19,True,True,3,False,2,3,3,pearson,RidgeReg,,2,{'alpha': 2.1476174880414596},2025-04-18 10:00:00,2025-04-20,115.06526993496709,1.7178243025714819,306.155231,5.225,,14,24,3,4,3,3,0.06778123052256624,6351.058673050955,6317.622566359635,115.06526993496709,1.7178243025714819,1.2874560940615623,89.38813221220346,52.8190662438909,0.8524106050203456,-0.014456346905064412,0.2894369067849506,151.3755554214282,2.2226489594763112,2.0469050179587613,141.36237114036427,68.93076689673912,1.1026948326849533,0.33131280016408254,24.71101119857141,140.84279032520556,2.0707214587275233,1.8300795241728096,127.11645280348796,114.34888695682318,1.714080070185524,1.2779023100643314,89.38813221220292,0.2894369067849506,141.36237114036427,hourly_window_mean_factor_top_available_analogs,3,-24.42157429178646,14.245918336876306,5.504836352836145e-13,-24.42157429178646,14.245918336876306,5.504836352836145e-13,-24.71101119857141,-127.11645280348797,-89.3881322122029,52.8190662438909,0.8524106050203456,68.93076689673912,1.1026948326849533,151.3755554214282,2.2226489594763112,140.84279032520556,2.0707214587275233,114.34888695682318,1.714080070185524,10.532765096222647,0.1519275007487879,0.0037442323859577797
experiment_2026_08_25_00_38_criterion_best_matching_weekday,SEN_demand_ORI,2025-05-01,Labor Day,H2,H,observance_tier,True,2025-05-01,19,True,True,3,False,2,3,3,pearson,RidgeReg,,2,{'alpha': 5.063898717547478},2025-04-30 10:00:00,2025-05-02,205.0166686525005,2.8276475247077206,296.07823,4.937,,14,24,3,4,3,3,0.065631416105755,6977.337593808484,6760.122825435145,205.0166686525005,2.8276475247077206,1.9478357690320995,152.6915038230957,240.17952898008238,3.1630764660097204,3.1630764660097204,240.17952898008238,184.50500012807774,2.631980642281554,1.2389453624618212,101.65682248152014,231.89476760054725,3.0613736489300356,3.0613736489300356,231.89476760054725,194.84461395102258,2.7861247087797714,1.3039463040098227,106.48959995291504,208.4946705587422,2.887532213045658,1.9514195363488485,152.69150382309533,240.17952898008238,101.65682248152014,hourly_window_mean_factor_top_available_analogs,3,8.284761379535146,-4.832777471394896,3.8294513758860134e-13,8.284761379535146,-4.832777471394896,3.8294513758860134e-13,-231.89476760054723,-106.48959995291503,-152.69150382309533,240.17952898008238,3.1630764660097204,231.89476760054725,3.0613736489300356,184.50500012807774,2.631980642281554,194.84461395102258,2.7861247087797714,208.4946705587422,2.887532213045658,-10.339613822944841,-0.1541440664982172,-0.059884688337937586
experiment_2026_08_25_00_38_criterion_best_matching_weekday,SEN_demand_ORI,2025-09-16,Independence Day,H2,I,observance_tier,True,2025-09-16,19,True,True,3,False,2,3,3,pearson,RidgeReg,standard,2,{'alpha': 1.6281090991483542},2025-09-15 10:00:00,2025-09-17,346.7382534504153,5.183481531048979,290.102861,4.854,,14,24,3,4,3,3,0.07125544994352659,6168.699717825074,5889.680753200522,346.7382534504153,5.183481531048979,5.0365446755128955,336.6919474380842,424.2133228029662,6.022976763355222,5.880633300007994,414.25662567569634,301.5444629947605,4.6937759788703355,4.54415964455742,291.4458851328105,487.2617880866868,6.888013226327215,6.888013226327215,487.2617880866868,252.68144303209473,3.8198001938698227,3.7491093960432393,248.85954039306543,339.1057806837865,4.950194468985704,4.905547649305757,336.6919474380838,414.25662567569634,291.4458851328105,hourly_window_mean_factor_top_available_analogs,3,-73.00516241099045,42.58634473974504,3.8294513758860134e-13,-73.00516241099045,42.58634473974504,3.8294513758860134e-13,-487.2617880866868,-248.85954039306543,-336.6919474380838,424.2133228029662,6.022976763355222,487.2617880866868,6.888013226327215,301.5444629947605,4.6937759788703355,252.68144303209473,3.8198001938698227,339.1057806837865,4.950194468985704,48.86301996266579,0.8739757850005128,0.23328706206327432
experiment_2026_08_25_00_38_criterion_best_matching_weekday,SEN_demand_ORI,2025-11-17,Mexican Revolution Day,H2,I,observance_tier,True,2025-11-17,19,True,True,3,False,2,3,3,pearson,RidgeReg,,2,{'alpha': 1.9967377760111094},2025-11-16 10:00:00,2025-11-18,257.0597194066162,4.113286829813203,290.160637,4.841,,14,24,3,4,3,3,0.08118118856023405,5889.624097961805,5756.927063315557,257.0597194066162,4.113286829813203,4.113286829813203,257.0597194066162,203.98717835891142,3.1196357176550547,3.1196357176550547,203.98717835891142,288.0187016844439,4.69291664523879,4.69291664523879,288.0187016844439,212.78355537816864,3.289523954543985,3.289523954543985,212.78355537816864,282.8874817565434,4.646746319967721,4.646746319967721,282.8874817565434,257.05971940661595,4.146717027443186,4.146717027443186,257.05971940661595,203.98717835891142,288.0187016844439,hourly_window_mean_factor_top_available_analogs,3,-8.79637701925724,5.131219927900474,2.6327478209216345e-13,-8.79637701925724,5.131219927900474,2.6327478209216345e-13,-212.78355537816867,-282.8874817565434,-257.0597194066159,203.98717835891142,3.1196357176550547,212.78355537816864,3.289523954543985,288.0187016844439,4.69291664523879,282.8874817565434,4.646746319967721,257.05971940661595,4.146717027443186,5.131219927900474,0.04617032527106879,-0.03343019762998356
experiment_2026_08_25_00_38_criterion_best_matching_weekday,SEN_demand_ORI,2025-12-24,Christmas Eve,H1,H,observance_tier,True,2025-12-24,19,True,True,3,False,2,3,3,pearson,RidgeReg,,2,{'alpha': 2.225490873748392},2025-12-23 10:00:00,2025-12-25,134.84619416308666,2.287008720972033,280.063236,4.633,,14,24,3,4,3,3,0.058580076525288356,5904.479647465873,5688.233332793607,134.84619416308666,2.287008720972033,1.6051472077741302,93.8988509551801,54.406709602832315,0.8525952235058804,0.034002747292634625,3.2450959531009045,181.76922682323504,3.1237499278272876,2.521648143055003,146.7802080397263,79.68885121309202,1.256778295177613,1.05549441965291,66.07489752657095,186.72626057600232,3.2168110408817934,1.9061591737570645,110.12949045520084,147.2914255475617,2.494693713517095,1.5927563696134286,93.8988509551793,3.2450959531009045,146.7802080397263,hourly_window_mean_factor_top_available_analogs,3,-62.82980157347005,36.650717584525445,7.898243462764903e-13,-62.82980157347005,36.650717584525445,7.898243462764903e-13,-66.07489752657095,-110.12949045520085,-93.8988509551793,54.406709602832315,0.8525952235058804,79.68885121309202,1.256778295177613,181.76922682323504,3.1237499278272876,186.72626057600232,3.2168110408817934,147.2914255475617,2.494693713517095,-4.957033752767273,-0.09306111305450582,-0.20768499254506212
experiment_2026_08_25_00_38_criterion_best_matching_weekday,SEN_demand_ORI,2025-12-25,Christmas Day,H2,I,observance_tier,True,2025-12-25,19,True,True,3,False,2,3,3,pearson,RidgeReg,,2,{'alpha': 2.509891815304161},2025-12-24 10:00:00,2025-12-26,377.4730638977834,7.2095466976480855,247.529997,4.111,,14,24,3,4,3,3,0.07522110046048329,5877.347978959125,5696.742615364514,377.4730638977834,7.2095466976480855,-7.172982128149218,-375.390028959126,235.84001852624584,3.980505403560553,-3.881258714920769,-230.18606654989006,460.09234036451375,9.093154119199147,-9.093154119199147,-460.09234036451375,312.5485226040922,5.2432922754053015,-4.978597424864119,-297.48430465638603,420.8350348023893,8.208105830690132,-8.208105830690132,-420.8350348023893,380.9400039924903,7.115806099795722,-7.018286944333181,-375.3900289591249,-230.18606654989006,-460.09234036451375,hourly_window_mean_factor_top_available_analogs,3,67.29823810649597,-39.257305562124465,-1.148835412765804e-12,67.29823810649597,-39.257305562124465,-1.148835412765804e-12,297.48430465638603,420.83503480238926,375.3900289591249,235.84001852624584,3.980505403560553,312.5485226040922,5.2432922754053015,460.09234036451375,9.093154119199147,420.8350348023893,8.208105830690132,380.9400039924903,7.115806099795722,39.25730556212443,0.8850482885090152,0.09374059785236355
experiment_2026_08_25_00_38_criterion_best_matching_weekday,SEN_demand_ORI,2025-12-31,New Year's Eve,H1,I,observance_tier,True,2025-12-31,19,True,True,3,False,2,3,3,pearson,RidgeReg,,2,{'alpha': 2.509891815304161},2025-12-30 10:00:00,2026-01-01,226.67668574288913,4.230890161337662,254.716453,4.341,,14,24,3,4,3,3,0.08145138115270154,5374.849810640519,5129.627647286091,226.67668574288913,4.230890161337662,-1.8046065805934328,-106.11455564051855,203.1218613909673,3.521811353596384,-3.521811353596384,-203.1218613909673,240.41699994817688,4.644519465853407,-0.8029037963417108,-49.52696061942345,127.22561770319226,2.2073918567646897,-2.1956633849838307,-126.58692034826176,205.7007967881019,4.03275071026077,-1.7950561900381354,-94.1723428943352,176.78888870418783,3.3602500800253723,-1.9426483144918127,-106.11455564051867,-203.1218613909673,-49.52696061942345,hourly_window_mean_factor_top_available_analogs,3,-76.53494104270554,44.64538227491175,1.1967035549643792e-13,-76.53494104270554,44.64538227491175,1.1967035549643792e-13,126.58692034826176,94.1723428943352,106.11455564051866,203.1218613909673,3.521811353596384,127.22561770319226,2.2073918567646897,240.41699994817688,4.644519465853407,205.7007967881019,4.03275071026077,176.78888870418783,3.3602500800253723,34.71620316007497,0.611768755592637,0.8706400813122896
experiment_2026_08_25_00_38_criterion_best_matching_weekday,SEN_demand_ORI,2026-01-01,New Year's Day,H3,I,observance_tier,True,2026-01-01,19,True,True,3,False,2,3,3,pearson,RidgeReg,,2,{'alpha': 2.509891815304161},2025-12-31 10:00:00,2026-01-02,207.0562165301539,4.443886316173418,262.191785,4.493,,14,24,3,4,3,3,0.08011207479899908,4995.561851588627,4817.358877271029,207.0562165301539,4.443886316173418,-2.8478013006523266,-126.84915948336338,151.46915285387084,2.8584997868555475,0.39375090889924097,16.29250243835057,239.48200367465236,5.3686951249421755,-4.738706756224075,-210.34846227102983,118.30853022476094,2.251595913066924,0.600090931864799,29.016965512456927,225.8060592668796,5.1486095345309835,-4.98529832238381,-217.7710657309262,186.2017064618885,4.081288726623172,-2.9275233339764273,-126.84915948336399,16.29250243835057,-210.34846227102983,hourly_window_mean_factor_top_available_analogs,3,-12.724463074106357,7.422603459896361,6.222858485814772e-13,-12.724463074106357,7.422603459896361,6.222858485814772e-13,-29.016965512456927,217.77106573092618,126.849159483364,151.46915285387084,2.8584997868555475,118.30853022476094,2.251595913066924,239.48200367465236,5.3686951249421755,225.8060592668796,5.1486095345309835,186.2017064618885,4.081288726623172,13.67594440777276,0.22008559041119202,0.362597589550246
experiment_2026_08_25_00_38_criterion_best_matching_weekday,SEN_demand_ORI,2026-02-02,Constitution Day,H2,H,observance_tier,True,2026-02-02,19,True,True,3,False,2,3,3,pearson,RidgeReg,,2,{'alpha': 2.509891815304161},2026-02-01 10:00:00,2026-02-03,179.18422800277654,3.5034352151157337,240.91907,4.08,,14,24,3,4,3,3,0.0784020006761011,5346.466392185944,5284.780038532539,179.18422800277654,3.5034352151157337,-3.4125911828218816,-174.1455798175217,82.19207780889701,1.5172640175283334,-1.27068735844502,-68.51574702034824,235.76298228253958,4.662035080375051,-4.662035080375051,-235.76298228253958,90.94165637516322,1.6368126255411029,-1.4877776403016427,-82.89362499285646,227.37588679857777,4.379831873457803,-4.379831873457803,-227.37588679857777,177.11064401100398,3.36924583475165,-3.314338208610797,-174.14557981752256,-68.51574702034824,-235.76298228253958,hourly_window_mean_factor_top_available_analogs,3,14.377877972508227,-8.387095483961806,8.376924884750655e-13,14.377877972508227,-8.387095483961806,8.376924884750655e-13,82.89362499285647,227.37588679857777,174.14557981752253,82.19207780889701,1.5172640175283334,90.94165637516322,1.6368126255411029,235.76298228253958,4.662035080375051,227.37588679857777,4.379831873457803,177.11064401100398,3.36924583475165,8.387095483961815,0.28220320691724776,0.1341893803640839
experiment_2026_08_25_00_38_criterion_best_matching_weekday,SEN_demand_ORI,2026-03-16,Benito Juarez's Birthday,H2,H,observance_tier,True,2026-03-16,19,True,True,3,False,2,4,3,pearson,RidgeReg,,2,{'alpha': 3.961366882607694},2026-03-15 10:00:00,2026-03-17,205.06154253914755,3.165608370860929,240.65531,4.08,,14,24,3,4,3,3,0.07233739421753199,6209.919312918673,6073.508485594281,205.06154253914755,3.165608370860929,1.3718846385203587,92.361281818168,258.5510464668181,3.7751844444256912,2.375678283250702,177.38337595379568,173.8593319146731,2.8100223279481504,0.7863383457609915,42.76506023905184,238.87054373528923,3.5109873795744684,2.079442489138711,155.81957796702662,196.92908133561795,3.198546640060565,1.023888961465351,55.343942398001595,212.38119906181262,3.3136563861972657,1.412777103239747,92.3612818181687,177.38337595379568,42.76506023905184,hourly_window_mean_factor_top_available_analogs,3,21.563797986769064,-12.578882158949758,-7.180221329786276e-13,21.563797986769064,-12.578882158949758,-7.180221329786276e-13,-155.81957796702662,-55.3439423980016,-92.36128181816872,258.5510464668181,3.7751844444256912,238.87054373528923,3.5109873795744684,173.8593319146731,2.8100223279481504,196.92908133561795,3.198546640060565,212.38119906181262,3.3136563861972657,-23.069749420944845,-0.38852431211241445,-0.14804801533633682
experiment_2026_08_25_00_38_criterion_best_matching_weekday,SEN_demand_ORI,2026-04-02,Maundy Thursday,H1,I,observance_tier,True,2026-04-02,19,True,True,3,False,2,4,3,pearson,RidgeReg,,2,{'alpha': 4.953229098940577},2026-04-01 10:00:00,2026-04-03,284.807883593132,4.474610760315104,238.054358,4.017,,14,24,3,4,3,3,0.08296738359315503,6053.989594254827,5790.212579357823,284.807883593132,4.474610760315104,3.6512242402779864,233.14451074517268,161.01057566681024,2.44497090016374,0.2633720013825994,23.73008949316506,357.02297988348636,5.658567345403398,5.627471379633628,355.3029231421771,167.0384023631153,2.5407226227243562,0.20883296096489273,20.608055325449318,359.611453181185,5.688904721397162,5.643937398722952,357.12410974001136,288.6634870903173,4.5290481587282345,3.6415305006015615,233.14451074517268,23.73008949316506,355.3029231421771,hourly_window_mean_factor_top_available_analogs,3,3.1220341677157455,-1.8211865978342228,-2.3934071099287584e-14,3.1220341677157455,-1.8211865978342228,-2.3934071099287584e-14,-20.608055325449314,-357.12410974001136,-233.1445107451727,161.01057566681024,2.44497090016374,167.0384023631153,2.5407226227243562,357.02297988348636,5.658567345403398,359.611453181185,5.688904721397162,288.6634870903173,4.5290481587282345,-2.5884732976986697,-0.030337375993764404,-0.05443739841313011
experiment_2026_08_25_00_38_criterion_best_matching_weekday,SEN_demand_ORI,2026-04-03,Good Friday,H2,I,observance_tier,True,2026-04-03,19,True,True,3,False,2,4,3,pearson,RidgeReg,,2,{'alpha': 4.953229098940577},2026-04-02 10:00:00,2026-04-04,456.5918661227683,7.222878967316396,244.591139,4.094,,14,24,3,4,3,3,0.07151508598904742,5741.222030971216,5511.010722290837,456.5918661227683,7.222878967316396,7.1905310914709775,454.7665063972068,368.19213268895004,5.451734968313187,5.363933591018484,363.23758486242593,508.1583772924956,8.256046300068265,8.256046300068265,508.1583772924956,380.8506386070931,5.642113895348028,5.588431366510679,377.8213847984578,499.6511606631414,8.08833241269033,8.08833241269033,499.6511606631414,455.882547274071,7.18709401156422,7.167316237782039,454.7665063972054,363.23758486242593,508.1583772924956,hourly_window_mean_factor_top_available_analogs,3,-14.583799936031872,8.507216629354199,1.4360442659572551e-12,-14.583799936031872,8.507216629354199,1.4360442659572551e-12,-377.8213847984578,-499.65116066314135,-454.7665063972054,368.19213268895004,5.451734968313187,380.8506386070931,5.642113895348028,508.1583772924956,8.256046300068265,499.6511606631414,8.08833241269033,455.882547274071,7.18709401156422,8.507216629354161,0.16771388737793558,0.03578495575217566
experiment_2026_08_25_00_38_criterion_best_matching_weekday,SEN_demand_ORI,2026-04-04,Holy Saturday,H3,G,observance_tier,True,2026-04-04,19,True,True,3,False,2,4,3,pearson,RidgeReg,minmax,2,{'alpha': 2.2454289265735334},2026-04-03 10:00:00,2026-04-05,109.48444577674479,1.7986624503853157,262.349448,4.371,,14,24,3,4,3,3,0.07204726375985497,6226.475719138475,6226.101683848345,109.48444577674479,1.7986624503853157,0.8556445015684409,54.98749296678912,92.20318446215371,1.5598288965421674,-0.794834055352329,-40.79760677869503,119.56518154358957,1.9379820234604856,1.8184236597722228,110.8621344849882,113.05315450142623,1.950506489326109,-1.303831357885613,-69.2920477678388,128.98194679016387,1.9921455760479618,1.965948479698915,127.48389172865366,123.11344436799737,1.9768048598872787,0.76129275006251,54.98749296678802,-40.79760677869503,110.8621344849882,hourly_window_mean_factor_top_available_analogs,3,28.494440989143772,-16.621757243665456,1.100967270567229e-12,28.494440989143772,-16.621757243665456,1.100967270567229e-12,69.2920477678388,-127.48389172865366,-54.98749296678802,92.20318446215371,1.5598288965421674,113.05315450142623,1.950506489326109,119.56518154358957,1.9379820234604856,128.98194679016387,1.9921455760479618,123.11344436799737,1.9768048598872787,-9.4167652465743,-0.05416355258747618,-0.17814240950196303
experiment_2026_08_25_00_38_criterion_best_matching_weekday,SEN_demand_ORI,2026-05-01,Labor Day,H2,H,observance_tier,True,2026-05-01,19,True,True,2,False,2,4,2,pearson,RidgeReg,,2,{'alpha': 12.286537609645842},2026-04-30 10:00:00,2026-05-02,213.85314395376636,2.95790405663857,234.196379,3.864,,14,24,2,4,2,2,0.07472410875833238,7471.508368414497,7272.070861973626,213.85314395376636,2.95790405663857,-0.07302246836664364,19.89370500655442,206.87660313112306,2.5555604480754623,2.5000408883773972,202.85524982971992,217.92279276697494,3.19260449496705,-1.573976093134001,-86.83386280695879,141.92389899488217,1.774504131984363,1.4294360925442007,112.65767436861363,133.15798854865122,1.9195531961049195,-0.634263663084044,-34.218610454646104,136.38753450252577,1.8661140672183987,0.12604677320004615,19.89370500655485,202.85524982971992,-86.83386280695879,hourly_window_mean_factor_top_available_analogs,2,90.1975754611063,-52.61525235231269,-4.308132797871765e-13,90.1975754611063,-52.61525235231269,-4.308132797871765e-13,-112.65767436861363,34.218610454646104,-19.89370500655485,206.87660313112306,2.5555604480754623,141.92389899488217,1.774504131984363,217.92279276697494,3.19260449496705,133.15798854865122,1.9195531961049195,136.38753450252577,1.8661140672183987,84.76480421832372,1.2730512988621303,1.0917899894201712
experiment_2026_08_25_00_38_criterion_best_matching_weekday,SEN_demand_PEN,2025-01-01,New Year's Day,H3,I,observance_tier,True,2025-01-01,19,True,True,3,False,2,3,3,pearson,RidgeReg,standard,2,{'alpha': 1.3537078241526508},2024-12-31 10:00:00,2025-01-02,95.55775866281384,6.17869978391689,127.760284,8.199,,14,24,3,4,3,3,0.07795773131104915,1667.4430937431193,1623.5219807726896,95.55775866281384,6.17869978391689,-5.619821245113849,-86.56112032206683,55.13314576016973,3.204585374675514,-1.6876293407815468,-30.713698835285008,119.1387828560229,7.9135998559743586,-7.9135998559743586,-119.1387828560229,58.40954597535457,3.384972635386282,-2.555801764493768,-45.137716857500436,110.72477234306369,7.359805384483884,-7.359805384483884,-110.72477234306369,91.45074157601294,5.895393319026874,-5.589909313961211,-86.56112032206669,-30.713698835285008,-119.1387828560229,hourly_window_mean_factor_top_available_analogs,3,14.42401802221543,-8.414010512959218,-1.3762090882090361e-13,14.42401802221543,-8.414010512959218,-1.3762090882090361e-13,45.137716857500436,110.72477234306368,86.56112032206669,55.13314576016973,3.204585374675514,58.40954597535457,3.384972635386282,119.1387828560229,7.9135998559743586,110.72477234306369,7.359805384483884,91.45074157601294,5.895393319026874,8.414010512959209,0.5537944714904741,0.2833064648900159
experiment_2026_08_25_00_38_criterion_best_matching_weekday,SEN_demand_PEN,2025-02-03,Constitution Day,H2,H,observance_tier,True,2025-02-03,19,True,True,3,False,2,3,3,pearson,RidgeReg,standard,2,{'alpha': 1.5300660585710677},2025-02-02 10:00:00,2025-02-04,126.41914916709747,7.712286649402247,131.073857,8.369,,14,24,3,4,3,3,0.07497417862361615,1763.3073323249923,1770.332835258264,126.41914916709747,7.712286649402247,-7.712286649402247,-126.41914916709747,111.4588994393835,7.144713545983833,-7.144713545983833,-111.4588994393835,135.14596150826392,8.043370959729659,-8.043370959729659,-135.14596150826392,173.39171904397406,10.942202729096381,-10.942202729096381,-173.39171904397406,110.7687428337781,6.9782794967479544,-6.3690334102221415,-99.01848340558634,133.8403656480608,8.43867226656053,-8.05388526454423,-126.41914916709759,-111.4588994393835,-135.14596150826392,hourly_window_mean_factor_top_available_analogs,3,61.93281960459051,-36.12747810267758,1.3762090882090361e-13,61.93281960459051,-36.12747810267758,1.3762090882090361e-13,173.391719043974,99.01848340558635,126.41914916709761,111.4588994393835,7.144713545983833,173.39171904397406,10.942202729096381,135.14596150826392,8.043370959729659,110.7687428337781,6.9782794967479544,133.8403656480608,8.43867226656053,24.377218674485817,1.0650914629817043,-0.7263856171582832
experiment_2026_08_25_00_38_criterion_best_matching_weekday,SEN_demand_PEN,2025-03-17,Benito Juarez's Birthday,H2,I,observance_tier,True,2025-03-17,19,True,True,3,False,2,3,3,pearson,RidgeReg,standard,2,{'alpha': 0.8625118768055267},2025-03-16 10:00:00,2025-03-18,211.8896930589254,12.533641064004991,135.30329,8.585,,14,24,3,4,3,3,0.07756581849425043,2026.5015811196254,2019.221030268397,211.8896930589254,12.533641064004991,-12.33922671040932,-207.5399658564677,57.55518588217621,3.047989451466439,-2.5407993790333996,-46.198626150302935,301.91815557869563,18.06693783798581,-18.054975987045275,-301.65574735173044,45.502636532088886,2.4431844200940462,-2.1648713046708785,-39.33481105862433,305.65963948854267,18.297642653002097,-18.297642653002097,-305.65963948854267,209.81232260984916,12.45652646193071,-12.353990050985331,-207.5399658564675,-46.198626150302935,-301.65574735173044,hourly_window_mean_factor_top_available_analogs,3,-6.863815091678605,4.003892136812236,-1.795055332446569e-13,-6.863815091678605,4.003892136812236,-1.795055332446569e-13,39.33481105862433,305.65963948854267,207.53996585646752,57.55518588217621,3.047989451466439,45.502636532088886,2.4431844200940462,301.91815557869563,18.06693783798581,305.65963948854267,18.297642653002097,209.81232260984916,12.45652646193071,-3.741483909847034,-0.23070481501628493,0.07711460207428011
experiment_2026_08_25_00_38_criterion_best_matching_weekday,SEN_demand_PEN,2025-04-17,Maundy Thursday,H1,I,observance_tier,True,2025-04-17,19,True,True,3,False,2,3,3,pearson,PCR,,2,{},2025-04-16 10:00:00,2025-04-18,71.76357768324924,3.893154983139662,144.921759,8.992,,14,24,3,4,3,3,0.07404226234712986,1750.4687843210213,1696.142404701808,71.76357768324924,3.893154983139662,3.489655442102869,64.97195778424157,45.098309196158475,2.291477940487909,1.9138813343689076,38.57792418889772,87.31831763405218,4.827466591353186,4.408857004947678,80.3684773815255,55.38433773851749,2.8059613589172736,2.3631727275181045,47.78057927797376,86.69911383206936,4.725904981626059,4.000315203734357,75.00026191289828,75.16209106076076,4.018557331154401,3.397157449338896,64.97195778424188,38.57792418889772,80.3684773815255,hourly_window_mean_factor_top_available_analogs,3,-9.202655089076043,5.368215468627208,-3.051594065159167e-13,-9.202655089076043,5.368215468627208,-3.051594065159167e-13,-47.78057927797376,-75.00026191289828,-64.97195778424187,45.098309196158475,2.291477940487909,55.38433773851749,2.8059613589172736,87.31831763405218,4.827466591353186,86.69911383206936,4.725904981626059,75.16209106076076,4.018557331154401,0.6192038019828203,0.1015616097271268,-0.12540234801473904
experiment_2026_08_25_00_38_criterion_best_matching_weekday,SEN_demand_PEN,2025-04-18,Good Friday,H2,I,observance_tier,True,2025-04-18,19,True,True,3,False,2,3,3,pearson,PCR,,2,{},2025-04-17 10:00:00,2025-04-19,58.09510630004748,3.3215084042645664,145.840201,8.936,,14,24,3,4,3,3,0.06910332987352394,1824.8625000099753,1780.3124978775377,58.09510630004748,3.3215084042645664,-1.6284197949144175,-23.699183957343916,53.4160087096392,3.0375734302072828,-2.7923451495289062,-48.552772951297484,60.82457989445232,3.487137139131317,-0.9494633380559653,-9.20125704420433,61.55237673024252,3.556264868795313,-3.0533841019503902,-51.3627838985859,74.55907691595905,4.2724272475147975,-0.9805880445800028,-7.56208399161909,69.76713474227402,4.00857795009183,-1.7442497499269878,-23.699183957343706,-48.552772951297484,-9.20125704420433,hourly_window_mean_factor_top_available_analogs,3,2.8100109472884145,-1.63917305258524,-2.0942312211876637e-13,2.8100109472884145,-1.63917305258524,-2.0942312211876637e-13,51.362783898585896,7.562083991619091,23.699183957343706,53.4160087096392,3.0375734302072828,61.55237673024252,3.556264868795313,60.82457989445232,3.487137139131317,74.55907691595905,4.2724272475147975,69.76713474227402,4.00857795009183,-13.734497021506733,-0.7852901083834807,-0.6870695458272635
experiment_2026_08_25_00_38_criterion_best_matching_weekday,SEN_demand_PEN,2025-04-19,Holy Saturday,H3,G,observance_tier,True,2025-04-19,19,True,True,3,False,2,3,3,pearson,PCR,,2,{},2025-04-18 10:00:00,2025-04-20,250.029586368083,13.478739524829132,145.912235,8.864,,14,24,3,4,3,3,0.08694104411883012,1580.1814794213906,1531.358542946877,250.029586368083,13.478739524829132,13.478739524829132,250.029586368083,162.79907662230002,8.468233781651195,8.468233781651195,162.79907662230002,300.91405038645627,16.40153454168293,16.40153454168293,300.91405038645627,208.83267764021159,10.968244382321345,10.968244382321345,208.83267764021159,274.06111645934146,14.930817152046671,14.930817152046671,274.06111645934146,250.02958636808313,13.470921921095234,13.470921921095234,250.02958636808313,162.79907662230002,300.91405038645627,hourly_window_mean_factor_top_available_analogs,3,-46.033601017911515,26.852933927114822,-1.436044265957255e-13,-46.033601017911515,26.852933927114822,-1.436044265957255e-13,-208.83267764021153,-274.06111645934146,-250.02958636808313,162.79907662230002,8.468233781651195,208.83267764021159,10.968244382321345,300.91405038645627,16.40153454168293,274.06111645934146,14.930817152046671,250.02958636808313,13.470921921095234,26.852933927114805,1.4707173896362598,0.007817603733897727
experiment_2026_08_25_00_38_criterion_best_matching_weekday,SEN_demand_PEN,2025-05-01,Labor Day,H2,I,observance_tier,True,2025-05-01,19,True,True,3,False,2,3,3,pearson,RidgeReg,,2,{'alpha': 0.9717428105207138},2025-04-30 10:00:00,2025-05-02,49.16495035610384,2.292489490977599,139.35012,8.271,,14,24,3,4,3,3,0.07909950630521503,2048.1077337430243,1965.6051678297263,49.16495035610384,2.292489490977599,0.9739330633331997,23.055902046449138,28.69079141405728,1.361639735349222,-1.128582202567132,-23.384613880107167,61.10820973896433,2.8354851817608187,2.20040030177506,50.146203003606985,32.691785094939874,1.5486573845927019,-0.4988777414763894,-8.63221405874052,69.79423364825549,3.2979692321743506,1.6644752049191596,41.54063644114356,56.124910497033945,2.653485919907428,0.8674504351944838,23.055902046449425,-23.384613880107167,50.146203003606985,hourly_window_mean_factor_top_available_analogs,3,-14.752399821366648,8.605566562463423,-2.87208853191451e-13,-14.752399821366648,8.605566562463423,-2.87208853191451e-13,8.63221405874052,-41.54063644114356,-23.055902046449425,28.69079141405728,1.361639735349222,32.691785094939874,1.5486573845927019,61.10820973896433,2.8354851817608187,69.79423364825549,3.2979692321743506,56.124910497033945,2.653485919907428,-8.686023909291158,-0.4624840504135319,-0.3609964289298291
experiment_2026_08_25_00_38_criterion_best_matching_weekday,SEN_demand_PEN,2025-09-16,Independence Day,H2,I,observance_tier,True,2025-09-16,19,True,True,3,False,2,3,3,pearson,RidgeReg,,2,{'alpha': 0.9717428105207138},2025-09-15 10:00:00,2025-09-17,111.23364722221221,5.609511854146553,133.587919,7.939,,14,24,3,4,3,3,0.08317139677577494,1824.9502735530389,1781.3022573162134,111.23364722221221,5.609511854146553,5.516317291234127,109.24596881538223,191.2465787050198,9.328738431060078,9.148569481567483,187.38868289811776,64.55943719057443,3.4399630176136644,3.3975035135396685,63.662718933786486,216.18695032521515,10.439605292703742,10.439605292703742,216.18695032521515,57.05153997832266,2.950196315898927,2.298062359342443,46.86372960131295,115.68037536928306,5.709452254721754,5.2975781768966055,109.24596881538218,187.38868289811776,63.662718933786486,hourly_window_mean_factor_top_available_analogs,3,-28.79826742709742,16.798989332473536,2.3934071099287584e-14,-28.79826742709742,16.798989332473536,2.3934071099287584e-14,-216.18695032521518,-46.863729601312954,-109.2459688153822,191.2465787050198,9.328738431060078,216.18695032521515,10.439605292703742,64.55943719057443,3.4399630176136644,57.05153997832266,2.950196315898927,115.68037536928306,5.709452254721754,7.50789721225177,0.48976670171473735,-0.0999404005752007
experiment_2026_08_25_00_38_criterion_best_matching_weekday,SEN_demand_PEN,2025-11-17,Mexican Revolution Day,H2,I,observance_tier,True,2025-11-17,19,True,True,3,False,2,3,3,pearson,RidgeReg,,2,{'alpha': 1.9967377760111094},2025-11-16 10:00:00,2025-11-18,69.60950235832567,4.003480462278378,112.453807,6.531,,14,24,3,4,3,3,0.07175913627374038,1589.1118913855134,1554.804881607719,69.60950235832567,4.003480462278378,2.762257945728154,51.72932519343401,40.79128344053059,2.57213393527616,-0.4961740410850616,-3.41139814744713,86.4201300603728,4.838432603029671,4.663009938035863,83.89474714228133,45.05213809476403,2.8485675433287025,-0.7735428273455133,-7.503838983036205,90.20052917961634,5.052334064443855,4.778070416275593,86.28200429637486,73.56691141151285,4.240420082980377,2.7327392212572903,51.729325193433944,-3.41139814744713,83.89474714228133,hourly_window_mean_factor_top_available_analogs,3,4.092440835589075,-2.3872571540935232,6.581869552304086e-14,4.092440835589075,-2.3872571540935232,6.581869552304086e-14,7.503838983036205,-86.28200429637485,-51.729325193433944,40.79128344053059,2.57213393527616,45.05213809476403,2.8485675433287025,86.4201300603728,4.838432603029671,90.20052917961634,5.052334064443855,73.56691141151285,4.240420082980377,-3.7803991192435404,-0.2139014614141841,-0.2369396207019987
experiment_2026_08_25_00_38_criterion_best_matching_weekday,SEN_demand_PEN,2025-12-24,Christmas Eve,H1,H,observance_tier,True,2025-12-24,19,True,True,5,False,2,5,5,pearson,RidgeReg,standard,2,{'alpha': 2.0416931854560856},2025-12-23 10:00:00,2025-12-25,62.45246663959679,3.6527213419812297,96.400978,5.602,,14,24,4,4,5,4,0.07077308145905463,1767.7431494491057,1729.460611140843,62.45246663959679,3.6527213419812297,-2.2381758465043347,-37.62404365963188,34.72611208140722,2.0049690528179993,-1.3302314001705018,-21.836654406127032,78.62617346520737,4.6139101773264475,-2.767810106865738,-46.8333540575097,30.979952420122963,1.7157629417501248,-0.6954893699217751,-11.814532821488163,85.41092788086958,5.011461888906563,-3.0729326433384645,-52.679591648549234,65.35741060585768,3.7972570136384016,-2.1970324899744207,-37.624043659632,-21.836654406127032,-46.8333540575097,hourly_window_mean_factor_top_available_analogs,4,-10.02212158463887,5.84623759103953,1.1967035549643792e-13,-10.02212158463887,5.84623759103953,1.1967035549643792e-13,11.814532821488163,52.679591648549234,37.624043659632,34.72611208140722,2.0049690528179993,30.979952420122963,1.7157629417501248,78.62617346520737,4.6139101773264475,85.41092788086958,5.011461888906563,65.35741060585768,3.7972570136384016,-6.784754415662206,-0.3975517115801157,-0.14453567165717196
experiment_2026_08_25_00_38_criterion_best_matching_weekday,SEN_demand_PEN,2025-12-25,Christmas Day,H2,I,observance_tier,True,2025-12-25,19,True,True,5,False,2,5,5,pearson,RidgeReg,standard,2,{'alpha': 2.0416931854560856},2025-12-24 10:00:00,2025-12-26,181.8721060693905,12.239349059344214,86.230231,5.003,,14,24,4,4,5,4,0.08859715113600937,1742.038633964127,1709.5514768895891,181.8721060693905,12.239349059344214,-12.239349059344214,-181.8721060693905,82.0067525204785,4.833719819302851,-4.833719819302851,-82.0067525204785,240.12689563958915,16.55929944936834,-16.55929944936834,-240.12689563958915,95.2804602974099,5.562739876286247,-5.35074419139293,-91.88258545610134,234.36599309380873,15.973091582120285,-15.973091582120285,-234.36599309380873,183.12395469513544,12.137698848391956,-12.059595175010209,-181.87210606939018,-82.0067525204785,-240.12689563958915,hourly_window_mean_factor_top_available_analogs,4,9.875832935622839,-5.760902545780387,-2.5130774654251967e-13,9.875832935622839,-5.760902545780387,-2.5130774654251967e-13,91.88258545610134,234.36599309380875,181.87210606939024,82.0067525204785,4.833719819302851,95.2804602974099,5.562739876286247,240.12689563958915,16.55929944936834,234.36599309380873,15.973091582120285,183.12395469513544,12.137698848391956,5.760902545780425,0.5862078672480546,0.10165021095225768
experiment_2026_08_25_00_38_criterion_best_matching_weekday,SEN_demand_PEN,2025-12-31,New Year's Eve,H1,I,observance_tier,True,2025-12-31,19,True,True,5,False,2,5,5,pearson,RidgeReg,standard,2,{'alpha': 3.840407967908997},2025-12-30 10:00:00,2026-01-01,169.45017982027056,12.181024195006978,94.488063,5.692,,14,24,4,4,5,4,0.08095768993942336,1615.3245927434884,1575.2150615076341,169.45017982027056,12.181024195006978,-11.713522020735,-162.1207303750675,75.9959540705048,4.576110120872689,-3.3071756478487515,-56.10173414781077,223.96514484096727,16.617224071585312,-16.617224071585312,-223.96514484096727,79.53595677644412,4.769385154812115,-4.097721106090893,-69.00264110124692,216.43961578479593,16.038747218482133,-16.038747218482133,-216.43961578479593,166.00142562382425,11.886876984498445,-11.639421808653784,-162.1207303750674,-56.10173414781077,-223.96514484096727,hourly_window_mean_factor_top_available_analogs,4,12.900906953436154,-7.525529056171318,-1.436044265957255e-13,12.900906953436154,-7.525529056171318,-1.436044265957255e-13,69.00264110124692,216.43961578479596,162.12073037506735,75.9959540705048,4.576110120872689,79.53595677644412,4.769385154812115,223.96514484096727,16.617224071585312,216.43961578479593,16.038747218482133,166.00142562382425,11.886876984498445,7.525529056171337,0.5784768531031794,0.2941472105085339
experiment_2026_08_25_00_38_criterion_best_matching_weekday,SEN_demand_PEN,2026-01-01,New Year's Day,H3,I,observance_tier,True,2026-01-01,19,True,True,5,False,2,5,5,pearson,RidgeReg,standard,2,{'alpha': 2.0416931854560856},2025-12-31 10:00:00,2026-01-02,88.45262282625083,7.827962134466095,97.824526,6.046,,14,24,4,4,5,4,0.08794040677960219,1308.7448819568872,1262.7574327055634,88.45262282625083,7.827962134466095,-7.239005688161554,-80.07556827267636,31.58055632064515,2.307054062818137,-0.8865869388637336,-10.846306387727266,121.62799495452084,11.048491842927405,-10.944583291918613,-120.45930437223001,32.38688746943178,2.3829125711015635,0.6627013155131392,9.092240568121529,132.88655153747553,12.006183897222831,-11.935711725949767,-132.09012342980893,95.86035951240679,8.460768145493944,-7.294191131726592,-80.07556827267665,-10.846306387727266,-120.45930437223001,hourly_window_mean_factor_top_available_analogs,4,-19.938546955848796,11.63081905757891,2.8122533541662914e-13,-19.938546955848796,11.63081905757891,2.8122533541662914e-13,-9.09224056812153,132.09012342980893,80.07556827267665,31.58055632064515,2.307054062818137,32.38688746943178,2.3829125711015635,121.62799495452084,11.048491842927405,132.88655153747553,12.006183897222831,95.86035951240679,8.460768145493944,-11.258556582954682,-0.9576920542954266,-0.6328060110278493
experiment_2026_08_25_00_38_criterion_best_matching_weekday,SEN_demand_PEN,2026-02-02,Constitution Day,H2,H,observance_tier,True,2026-02-02,19,True,True,5,False,2,6,5,pearson,RidgeReg,standard,2,{'alpha': 0.12856712986059954},2026-02-01 10:00:00,2026-02-03,92.35840545619251,8.425072386001847,103.29246,6.404,,14,24,4,4,5,4,0.07630641168603462,1076.862361898302,1011.7450363730089,92.35840545619251,8.425072386001847,-1.1310618092908158,-1.08436242461763,112.15080903645342,11.145966214772614,-9.508584275923726,-90.735987798804,80.8128367010403,6.837884319218898,3.7558262962450493,51.212419043657746,68.7179436714691,6.349084007379863,-1.825513745583126,-10.314172012248134,65.12878018831891,5.903823218348816,-0.4046928239452026,4.299693168166584,66.45110357684793,6.067866666939203,-0.928153163496017,-1.0843624246177856,-90.735987798804,51.212419043657746,hourly_window_mean_factor_top_available_analogs,4,-80.42181578655587,46.91272587549116,1.555714621453693e-13,-80.42181578655587,46.91272587549116,1.555714621453693e-13,10.314172012248136,-4.299693168166584,1.0843624246177856,112.15080903645342,11.145966214772614,68.7179436714691,6.349084007379863,80.8128367010403,6.837884319218898,65.12878018831891,5.903823218348816,66.45110357684793,6.067866666939203,15.684056512721384,0.9340611008700819,2.3572057190626445
experiment_2026_08_25_00_38_criterion_best_matching_weekday,SEN_demand_PEN,2026-03-16,Benito Juarez's Birthday,H2,I,observance_tier,True,2026-03-16,19,True,True,5,False,2,6,5,pearson,RidgeReg,standard,2,{'alpha': 0.12856712986059954},2026-03-15 10:00:00,2026-03-17,138.66315577351642,7.003691906208541,105.622155,6.676,,14,24,4,4,5,4,0.08526146997153532,1782.2634927575195,1782.8181928440802,138.66315577351642,7.003691906208541,6.011642820930297,123.38026092669081,120.17980911796784,6.028488896352148,3.335784236311202,78.69766596229829,149.44510798925313,7.572560328624768,7.572560328624768,149.44510798925313,140.8181110269638,7.499415418773764,0.4877212129733511,31.510183188138594,176.9711396075132,8.950195619819228,8.950195619819228,176.9711396075132,163.6516027620476,8.415697651013001,5.832441890981273,123.38026092669098,78.69766596229829,149.44510798925313,hourly_window_mean_factor_top_available_analogs,4,47.1874827741597,-27.526031618260088,-1.6753849769501309e-13,47.1874827741597,-27.526031618260088,-1.6753849769501309e-13,-31.51018318813859,-176.9711396075132,-123.38026092669098,120.17980911796784,6.028488896352148,140.8181110269638,7.499415418773764,149.44510798925313,7.572560328624768,176.9711396075132,8.950195619819228,163.6516027620476,8.415697651013001,-27.526031618260077,-1.3776352911944603,-1.4120057448044605
experiment_2026_08_25_00_38_criterion_best_matching_weekday,SEN_demand_PEN,2026-04-02,Maundy Thursday,H1,I,observance_tier,True,2026-04-02,19,True,True,5,False,2,6,5,pearson,PLS,standard,2,{},2026-04-01 10:00:00,2026-04-03,85.4786620865587,4.840435954666131,107.802629,6.866,,14,24,4,4,5,4,0.08235417371926176,1853.9647458377765,1796.3935908402843,85.4786620865587,4.840435954666131,-4.6487959903639755,-82.17243320619757,44.12321726204885,2.291399895298486,-2.291399895298486,-44.12321726204885,109.60267156752279,6.327373655963924,-6.023943712485509,-104.36780917361769,29.27716796018503,1.4844747078295424,-1.0305930905731215,-20.612442568410547,121.67574401618594,7.02830626686715,-6.820886783739101,-118.08242774490664,87.63416336397506,4.985842008274348,-4.687620686256899,-82.17243320619754,-44.12321726204885,-104.36780917361769,hourly_window_mean_factor_top_available_analogs,4,-23.5107746936383,13.714618571288952,-3.5901106648931376e-14,-23.5107746936383,13.714618571288952,-3.5901106648931376e-14,20.612442568410547,118.08242774490664,82.17243320619752,44.12321726204885,2.291399895298486,29.27716796018503,1.4844747078295424,109.60267156752279,6.327373655963924,121.67574401618594,7.02830626686715,87.63416336397506,4.985842008274348,-12.073072448663154,-0.7009326109032266,-0.1454060536082169
experiment_2026_08_25_00_38_criterion_best_matching_weekday,SEN_demand_PEN,2026-04-03,Good Friday,H2,I,observance_tier,True,2026-04-03,19,True,True,5,False,2,6,5,pearson,PLS,standard,4,{},2026-04-02 10:00:00,2026-04-04,74.32504456876518,4.602242495278033,108.973064,6.725,,14,24,4,4,5,4,0.07930303033419343,1666.312771505578,1623.4573225273073,74.32504456876518,4.602242495278033,-2.4644421716805027,-37.51250124242015,101.20510932956968,5.842380867620774,-1.4821710888940751,-27.291310468327847,58.645006791629235,3.8788284447447676,-3.037433636639252,-43.47486252730732,62.256161894454145,3.586709267130384,-0.3933607348790869,-7.4237974549566195,55.06424511844046,3.7074200648215254,-3.7074200648215254,-55.06424511844046,57.71389866749812,3.662947665672158,-2.486450838000627,-37.5125012424201,-27.291310468327847,-43.47486252730732,hourly_window_mean_factor_top_available_analogs,4,-19.867513013371227,11.58938259113314,-4.786814219857517e-14,-19.867513013371227,11.58938259113314,-4.786814219857517e-14,7.42379745495662,55.06424511844046,37.5125012424201,101.20510932956968,5.842380867620774,62.256161894454145,3.586709267130384,58.645006791629235,3.8788284447447676,55.06424511844046,3.7074200648215254,57.71389866749812,3.662947665672158,3.580761673188775,0.1714083799232422,0.9392948296058754
experiment_2026_08_25_00_38_criterion_best_matching_weekday,SEN_demand_PEN,2026-04-04,Holy Saturday,H3,G,observance_tier,True,2026-04-04,19,True,True,5,False,2,6,5,pearson,PLS,standard,2,{},2026-04-03 10:00:00,2026-04-05,212.6673301759021,12.368495937249259,106.802598,6.766,,14,24,4,4,5,4,0.0721753742595324,1471.7396674647557,1454.0366201370716,212.6673301759021,12.368495937249259,12.072284667347347,208.6749217457707,165.49142571242848,9.480098577336033,8.676096559030846,154.65488854492884,240.18660777959505,14.05339439719864,14.05339439719864,240.18660777959505,156.22620990295763,8.959428368447366,7.9630802219976555,142.7648002486474,247.12249261909247,14.425957528595893,14.425957528595893,247.12249261909247,213.63438846051648,12.41197310117275,12.044897468270227,208.67492174577058,154.65488854492884,240.18660777959505,hourly_window_mean_factor_top_available_analogs,4,11.890088296281485,-6.935884839497409,7.778573107268465e-14,11.890088296281485,-6.935884839497409,7.778573107268465e-14,-142.76480024864736,-247.12249261909247,-208.6749217457706,165.49142571242848,9.480098577336033,156.22620990295763,8.959428368447366,240.18660777959505,14.05339439719864,247.12249261909247,14.425957528595893,213.63438846051648,12.41197310117275,-6.935884839497419,-0.3725631313972535,-0.04347716392349099
experiment_2026_08_25_00_38_criterion_best_matching_weekday,SEN_demand_PEN,2026-05-01,Labor Day,H2,I,observance_tier,True,2026-05-01,19,True,True,5,False,2,7,5,pearson,RidgeReg,,2,{'alpha': 0.4912339130715843},2026-04-30 10:00:00,2026-05-02,155.18548208327425,6.7439376313258075,99.313685,6.217,,14,24,4,4,5,4,0.08620632929217809,2130.240054232515,2048.229981423074,155.18548208327425,6.7439376313258075,6.7439376313258075,155.18548208327425,64.47540166558524,2.718379808126854,2.718379808126854,64.47540166558524,208.0996956602595,9.09217969485853,9.09217969485853,208.0996956602595,140.34366823680145,5.899003077873812,5.899003077873812,140.34366823680145,163.8432068270506,6.865433972159901,6.865433972159901,163.8432068270506,155.1854820832746,6.509380484791341,6.509380484791341,155.1854820832746,64.47540166558524,208.0996956602595,hourly_window_mean_factor_top_available_analogs,4,-75.8682665712162,44.25648883320889,-3.5302754871449187e-13,-75.8682665712162,44.25648883320889,-3.5302754871449187e-13,-140.34366823680142,-163.8432068270506,-155.1854820832746,64.47540166558524,2.718379808126854,140.34366823680145,5.899003077873812,208.0996956602595,9.09217969485853,163.8432068270506,6.865433972159901,155.1854820832746,6.509380484791341,44.25648883320889,2.2267457226986282,0.2345571465344669
experiment_2026_08_25_00_38_criterion_best_matching_weekday,SEN_demand_SIN,2025-01-01,New Year's Day,H3,I,observance_tier,True,2025-01-01,19,True,True,5,False,2,9,5,pearson,RidgeReg,standard,2,{'alpha': 1.793288704792804},2024-12-31 10:00:00,2025-01-02,407.99181409988387,1.5962540475929132,915.29948,3.03,,14,24,4,4,5,4,0.09339570270142412,26174.417536612706,24450.65294710682,407.99181409988387,1.5962540475929132,0.3324299619467086,116.05534180834519,266.70738696365777,0.8737384552450704,0.6974005149074195,216.2221270914914,490.40772992934916,2.0177214764624876,0.1195304727196272,57.62471705984323,451.0534484203781,1.4911440452186664,1.3972662405757297,425.2075565448712,549.1445044451135,2.262623642391843,-0.4487479228742893,-64.28345012129164,513.0056943307374,1.9783943171175142,0.23136255839677025,116.0553418083473,216.2221270914914,57.62471705984323,hourly_window_mean_factor_top_available_analogs,4,-208.98542945337977,121.90816718113486,-2.1061982567373076e-12,-208.98542945337977,121.90816718113486,-2.1061982567373076e-12,-425.2075565448712,64.28345012129162,-116.0553418083473,266.70738696365777,0.8737384552450704,451.0534484203781,1.4911440452186664,490.40772992934916,2.0177214764624876,549.1445044451135,2.262623642391843,513.0056943307374,1.9783943171175142,-58.73677451576435,-0.24490216592935532,-0.382140269524601
experiment_2026_08_25_00_38_criterion_best_matching_weekday,SEN_demand_SIN,2025-02-03,Constitution Day,H2,H,observance_tier,True,2025-02-03,19,True,True,5,False,2,10,5,pearson,PLS,standard,2,{},2025-02-02 10:00:00,2025-02-04,483.8675247780552,1.6428327640883928,912.265463,3.021,,14,24,4,4,5,4,0.06763779336677528,29616.25308044467,29413.689225170045,483.8675247780552,1.6428327640883928,-0.5333615689602871,-129.0212020236189,500.2479052531674,1.7067735390301515,-0.4582490504138109,-107.1534659154669,474.31230283423974,1.6055339787057006,-0.5771772047790645,-141.7773814200409,414.44925733387805,1.4245233202554395,-0.5569777129434182,-142.148591431899,393.2001368449839,1.3444890499752313,-0.45031352905786,-121.36355820211656,401.02876018299753,1.373975360078466,-0.48961085996306575,-129.02120202361536,-107.1534659154669,-141.7773814200409,hourly_window_mean_factor_top_available_analogs,4,34.99512551643212,-20.413823217924346,-3.5422425226945627e-12,34.99512551643212,-20.413823217924346,-3.5422425226945627e-12,142.148591431899,121.36355820211656,129.02120202361536,500.2479052531674,1.7067735390301515,414.44925733387805,1.4245233202554395,474.31230283423974,1.6055339787057006,393.2001368449839,1.3444890499752313,401.02876018299753,1.373975360078466,81.11216598925586,0.26104492873046925,0.26885740400992675
experiment_2026_08_25_00_38_criterion_best_matching_weekday,SEN_demand_SIN,2025-03-17,Benito Juarez's Birthday,H2,H,observance_tier,True,2025-03-17,19,True,True,5,False,2,10,5,pearson,RidgeReg,standard,2,{'alpha': 2.1369798382134677},2025-03-16 10:00:00,2025-03-18,1054.2684485597729,3.48715077001835,861.116019,2.879,,14,24,4,4,5,4,0.06262684468767474,32054.42872408609,31843.446878454084,1054.2684485597729,3.48715077001835,-3.48715077001835,-1054.2684485597729,715.1982894552439,2.3614885399874503,-2.3614885399874503,-715.1982894552439,1252.0593747040814,4.143787070869708,-4.143787070869708,-1252.0593747040814,784.9242714487494,2.5849203408422423,-2.5849203408422423,-784.9242714487494,1211.3858852078722,4.00822306373096,-4.00822306373096,-1211.3858852078722,1054.2684485597742,3.483848376350907,-3.483848376350907,-1054.2684485597742,-715.1982894552439,-1252.0593747040814,hourly_window_mean_factor_top_available_analogs,4,69.72598199350561,-40.673489496209186,1.5317805503544054e-12,69.72598199350561,-40.673489496209186,1.5317805503544054e-12,784.9242714487494,1211.3858852078722,1054.2684485597745,715.1982894552439,2.3614885399874503,784.9242714487494,2.5849203408422423,1252.0593747040814,4.143787070869708,1211.3858852078722,4.00822306373096,1054.2684485597742,3.483848376350907,40.673489496209186,0.13556400713874783,0.0033023936674432264
experiment_2026_08_25_00_38_criterion_best_matching_weekday,SEN_demand_SIN,2025-04-17,Maundy Thursday,H1,H,observance_tier,True,2025-04-17,19,True,True,5,False,2,10,5,pearson,RidgeReg,standard,2,{'alpha': 2.1369798382134677},2025-04-16 10:00:00,2025-04-18,909.0283752398503,2.3409502043498827,882.838467,2.951,,14,24,4,4,5,4,0.06286994463594896,37648.56717312196,35877.82604106179,909.0283752398503,2.3409502043498827,1.7001807763822634,669.1378000359391,631.5156074163721,1.5483079985717778,0.3350909610174001,163.35937548918966,1070.9108231368793,2.80332482438711,2.496483168678434,964.1752143548762,696.6165791921625,1.706969623966415,0.37335162190770743,181.31132611049335,1168.2466918787657,3.0693166560509155,2.449538943733588,953.7032431591075,994.4882293100171,2.5673993284408363,1.6846278251661586,669.1378000359339,163.35937548918966,964.1752143548762,hourly_window_mean_factor_top_available_analogs,4,-17.951950621303695,10.471971195768674,5.169759357446118e-12,-17.951950621303695,10.471971195768674,5.169759357446118e-12,-181.31132611049335,-953.7032431591075,-669.137800035934,631.5156074163721,1.5483079985717778,696.6165791921625,1.706969623966415,1070.9108231368793,2.80332482438711,1168.2466918787657,3.0693166560509155,994.4882293100171,2.5673993284408363,-97.33586874188632,-0.26599183166380547,-0.22644912409095364
experiment_2026_08_25_00_38_criterion_best_matching_weekday,SEN_demand_SIN,2025-04-18,Good Friday,H2,I,observance_tier,True,2025-04-18,19,True,True,5,False,2,10,5,pearson,PLS,standard,2,{},2025-04-17 10:00:00,2025-04-19,1263.2702364613876,3.6533932877239637,895.362372,2.949,,14,24,4,4,5,4,0.0800281716586846,33981.508748488435,31799.683469213705,1263.2702364613876,3.6533932877239637,2.944792000144608,1008.2516583536705,971.4628933329737,2.5417720399795476,0.6184256879784371,279.26960989774096,1433.4911866196292,4.301839015574874,4.301839015574874,1433.4911866196292,1108.7555431625774,2.8493789265356093,1.8562499919064173,754.186605882042,1156.4562722954558,3.4321505850017604,3.4321505850017604,1156.4562722954558,1138.8823194570268,3.21744523714581,2.851555629650845,1008.2516583536717,279.26960989774096,1433.4911866196292,hourly_window_mean_factor_top_available_analogs,4,-474.916995984301,277.0349143241733,-1.4360442659572551e-12,-474.916995984301,277.0349143241733,-1.4360442659572551e-12,-754.1866058820419,-1156.4562722954558,-1008.2516583536719,971.4628933329737,2.5417720399795476,1108.7555431625774,2.8493789265356093,1433.4911866196292,4.301839015574874,1156.4562722954558,3.4321505850017604,1138.8823194570268,3.21744523714581,277.0349143241733,0.8696884305731136,0.43594805057815345
experiment_2026_08_25_00_38_criterion_best_matching_weekday,SEN_demand_SIN,2025-04-19,Holy Saturday,H3,H,observance_tier,True,2025-04-19,19,True,True,9,False,2,11,9,pearson,PLS,standard,2,{},2025-04-18 10:00:00,2025-04-20,1444.119455076642,4.278881316296773,958.112426,3.23,,14,24,4,4,9,4,0.06176662117170922,32172.730583344415,31890.21846591008,1444.119455076642,4.278881316296773,4.278881316296773,1444.119455076642,1117.2133717681675,3.2460799632310087,3.2460799632310087,1117.2133717681675,1634.8146703399186,4.881348772251804,4.881348772251804,1634.8146703399186,1091.6078001172575,3.139460377406198,3.125581099145947,1087.3880194571734,1652.2127925213256,4.951754237118845,4.951754237118845,1652.2127925213256,1445.6741111093006,4.284067025645765,4.278953607339356,1444.1194550766381,1117.2133717681675,1634.8146703399186,hourly_window_mean_factor_top_available_analogs,4,29.825352310994017,-17.398122181407114,3.8294513758860134e-12,29.825352310994017,-17.398122181407114,3.8294513758860134e-12,-1087.3880194571734,-1652.2127925213258,-1444.1194550766381,1117.2133717681675,3.2460799632310087,1091.6078001172575,3.139460377406198,1634.8146703399186,4.881348772251804,1652.2127925213256,4.951754237118845,1445.6741111093006,4.284067025645765,-17.39812218140696,-0.07040546486704091,-0.005185709348991985
experiment_2026_08_25_00_38_criterion_best_matching_weekday,SEN_demand_SIN,2025-05-01,Labor Day,H2,I,observance_tier,True,2025-05-01,19,True,True,9,False,2,12,9,pearson,PLS,standard,2,{},2025-04-30 10:00:00,2025-05-02,1778.943216736907,4.436959906154421,918.533946,3.078,,14,24,4,4,9,4,0.07928410881135925,38149.95493642099,36017.90040708314,1778.943216736907,4.436959906154421,4.436959906154421,1778.943216736907,1810.153318285567,4.091401315393041,4.091401315393041,1810.153318285567,1760.7373241668556,4.638535750765224,4.638535750765224,1760.7373241668556,1871.0144866716905,4.246886177551575,4.246886177551575,1871.0144866716905,1725.2349759416147,4.499282526379637,4.499282526379637,1725.2349759416147,1778.9432167369057,4.406294397864035,4.406294397864035,1778.9432167369057,1810.153318285567,1760.7373241668556,hourly_window_mean_factor_top_available_analogs,4,-60.86116838612361,35.502348225240894,1.3403079815601047e-12,-60.86116838612361,35.502348225240894,1.3403079815601047e-12,-1871.0144866716905,-1725.2349759416147,-1778.9432167369057,1810.153318285567,4.091401315393041,1871.0144866716905,4.246886177551575,1760.7373241668556,4.638535750765224,1725.2349759416147,4.499282526379637,1778.9432167369057,4.406294397864035,35.502348225240894,0.13925322438558752,0.030665508290385723
experiment_2026_08_25_00_38_criterion_best_matching_weekday,SEN_demand_SIN,2025-09-16,Independence Day,H2,I,observance_tier,True,2025-09-16,19,True,True,9,False,2,12,9,pearson,PLS,standard,2,{},2025-09-15 10:00:00,2025-09-17,2403.080787844065,6.535376470777535,966.027187,3.15,,14,24,4,4,9,4,0.07744742228354931,34187.7238679454,32660.35841265734,2403.080787844065,6.535376470777535,6.535376470777535,2403.080787844065,2730.722972989324,6.888916834560449,6.888916834560449,2730.722972989324,2211.9561798426644,6.329144591904165,6.329144591904165,2211.9561798426644,2901.159220688653,7.328108914605648,7.328108914605648,2901.159220688653,2112.5350353513995,6.000097313249397,6.000097313249397,2112.5350353513995,2403.0807878440714,6.489364745328015,6.489364745328015,2403.0807878440714,2730.722972989324,2211.9561798426644,hourly_window_mean_factor_top_available_analogs,4,-170.43624769932907,99.42114449126468,-6.701539907800524e-12,-170.43624769932907,99.42114449126468,-6.701539907800524e-12,-2901.159220688653,-2112.5350353513995,-2403.080787844072,2730.722972989324,6.888916834560449,2901.159220688653,7.328108914605648,2211.9561798426644,6.329144591904165,2112.5350353513995,6.000097313249397,2403.0807878440714,6.489364745328015,99.42114449126484,0.3290472786547678,0.04601172544951915
experiment_2026_08_25_00_38_criterion_best_matching_weekday,SEN_demand_SIN,2025-11-17,Mexican Revolution Day,H2,H,observance_tier,True,2025-11-17,19,True,True,4,False,2,14,4,pearson,PCR,minmax,2,{},2025-11-16 10:00:00,2025-11-18,1004.4186800174152,2.9966588282670936,1036.16806,3.184,,14,24,4,4,4,4,0.06814003078908389,31058.79678048044,30777.371901443374,1004.4186800174152,2.9966588282670936,2.8667921321670167,966.3297587300922,1028.7939572764806,3.038453888105889,2.7919933469484777,956.9408533131763,990.1997682829605,2.972278376694463,2.91042475687783,971.8066202232932,990.6733690782733,2.9251659269061983,2.779182076673806,948.104920137842,982.5103657035901,2.96864949405512,2.950049938675059,976.9609145755645,985.5177879995259,2.9526292324739383,2.88709862109565,966.3297587300879,956.9408533131763,971.8066202232932,hourly_window_mean_factor_top_available_analogs,4,8.835933175334244,-5.154294352271336,4.403869082268916e-12,8.835933175334244,-5.154294352271336,4.403869082268916e-12,-948.104920137842,-976.9609145755645,-966.3297587300877,1028.7939572764806,3.038453888105889,990.6733690782733,2.9251659269061983,990.1997682829605,2.972278376694463,982.5103657035901,2.96864949405512,985.5177879995259,2.9526292324739383,7.68940257937038,0.003628882639342912,0.04402959579315535
experiment_2026_08_25_00_38_criterion_best_matching_weekday,SEN_demand_SIN,2025-12-24,Christmas Eve,H1,H,observance_tier,True,2025-12-24,19,True,True,10,False,2,14,10,pearson,LassoReg,,2,{'alpha': 71.86538193180097},2025-12-23 10:00:00,2025-12-25,787.1439768212188,2.4769203458782627,950.378911,2.901,,14,24,4,4,10,4,0.07260384457613944,32560.627045207442,30869.24253063998,787.1439768212188,2.4769203458782627,-1.6760752138656059,-512.0496625758615,863.8636825049695,2.514807258796649,-1.516309100522476,-499.12105160880884,742.3908151723641,2.4548196466758707,-1.7692721133157647,-519.5913523066423,778.632067392009,2.268944770231339,-1.8529875035061696,-626.6195696363258,657.2342733702977,2.1714883173973996,-1.4897152720763038,-445.2172167905913,701.9597764309283,2.2073933263362195,-1.6235524099715175,-512.0496625758619,-499.12105160880884,-519.5913523066423,hourly_window_mean_factor_top_available_analogs,4,127.49851802751697,-74.37413551605096,3.8294513758860134e-13,127.49851802751697,-74.37413551605096,3.8294513758860134e-13,626.6195696363258,445.21721679059135,512.0496625758618,863.8636825049695,2.514807258796649,778.632067392009,2.268944770231339,742.3908151723641,2.4548196466758707,657.2342733702977,2.1714883173973996,701.9597764309283,2.2073933263362195,85.15654180206639,0.28333132927847116,0.26952701954204317
experiment_2026_08_25_00_38_criterion_best_matching_weekday,SEN_demand_SIN,2025-12-25,Christmas Day,H2,I,observance_tier,True,2025-12-25,19,True,True,10,False,2,14,10,pearson,LassoReg,,2,{'alpha': 71.86538193180097},2025-12-24 10:00:00,2025-12-26,1693.6048806089414,6.410949963989366,950.378911,2.901,,14,24,4,4,10,4,0.08569004858826505,29367.465020345786,27786.399043555124,1693.6048806089414,6.410949963989366,-6.410949963989366,-1693.6048806089414,1379.6737319869121,4.540092856339064,-4.540092856339064,-1379.6737319869121,1876.7313839717917,7.502283276785374,-7.502283276785374,-1876.7313839717917,1537.6994334493636,5.093172045934011,-5.093172045934011,-1537.6994334493636,1826.775227182902,7.3911088684242445,-7.248280683500885,-1784.5497247853643,1720.2736189652821,6.544500565401528,-6.45429329071309,-1693.604880608943,-1379.6737319869121,-1876.7313839717917,hourly_window_mean_factor_top_available_analogs,4,158.0257014624515,-92.18165918642717,1.8189894035458565e-12,158.0257014624515,-92.18165918642717,1.8189894035458565e-12,1537.6994334493636,1784.5497247853646,1693.6048806089432,1379.6737319869121,4.540092856339064,1537.6994334493636,5.093172045934011,1876.7313839717917,7.502283276785374,1826.775227182902,7.3911088684242445,1720.2736189652821,6.544500565401528,49.95615678888976,0.1111744083611299,-0.13355060141216146
experiment_2026_08_25_00_38_criterion_best_matching_weekday,SEN_demand_SIN,2025-12-31,New Year's Eve,H1,H,observance_tier,True,2025-12-31,19,True,True,5,False,2,16,5,pearson,LassoReg,,2,{'alpha': 5.248281711355356},2025-12-30 10:00:00,2026-01-01,726.7690584698283,2.463405906840574,1026.028844,3.178,,14,24,4,4,5,4,0.06560469395114278,30850.48376896981,29485.829483202484,726.7690584698283,2.463405906840574,-2.175460199829993,-636.4104797592805,560.0603440029643,1.7439938406882671,-1.3633866247537048,-429.61819885664175,824.0158085754991,2.883062945429419,-2.649169785291161,-757.0393102858199,719.3926691586686,2.2485042795211116,-1.9760022079726205,-624.914109851112,760.1628277120577,2.6650525186021254,-2.266595009126259,-643.1166955390503,745.1422429818617,2.511587377888068,-2.1595345034380764,-636.4104797592836,-429.61819885664175,-757.0393102858199,hourly_window_mean_factor_top_available_analogs,4,195.2959109944703,-113.92261474676964,2.9678248163116605e-12,195.2959109944703,-113.92261474676964,2.9678248163116605e-12,624.914109851112,643.1166955390502,636.4104797592835,560.0603440029643,1.7439938406882671,719.3926691586686,2.2485042795211116,824.0158085754991,2.883062945429419,760.1628277120577,2.6650525186021254,745.1422429818617,2.511587377888068,63.85298086344142,0.21801042682729355,-0.04818147104749393
experiment_2026_08_25_00_38_criterion_best_matching_weekday,SEN_demand_SIN,2026-01-01,New Year's Day,H3,I,observance_tier,True,2026-01-01,19,True,True,5,False,2,17,5,pearson,RidgeReg,standard,2,{'alpha': 0.4097869568851367},2025-12-31 10:00:00,2026-01-02,1050.6735214654764,4.267011928870139,972.837994,2.951,,14,24,4,4,5,4,0.08532352424613937,27185.338187192843,25613.64306262198,1050.6735214654764,4.267011928870139,-4.083665955193285,-998.8093658770537,748.114718600037,2.6084287566109032,-2.6084287566109032,-748.114718600037,1227.166156470316,5.234518779354693,-4.944220987699674,-1145.04791012198,731.568619766196,2.5673106366861433,-2.4367003275618133,-690.1001023148058,1362.5293179175685,5.838312486648011,-5.193825146293096,-1178.8897696216977,1130.070113335484,4.633206541925218,-4.178042318339466,-998.8093658770536,-748.114718600037,-1145.04791012198,hourly_window_mean_factor_top_available_analogs,4,-58.01461628523118,33.841859499717735,-2.87208853191451e-13,-58.01461628523118,33.841859499717735,-2.87208853191451e-13,690.1001023148058,1178.8897696216977,998.8093658770533,748.114718600037,2.6084287566109032,731.568619766196,2.5673106366861433,1227.166156470316,5.234518779354693,1362.5293179175685,5.838312486648011,1130.070113335484,4.633206541925218,-135.36316144725242,-0.6037937072933177,-0.36619461305507883
experiment_2026_08_25_00_38_criterion_best_matching_weekday,SEN_demand_SIN,2026-02-02,Constitution Day,H2,H,observance_tier,True,2026-02-02,19,True,True,5,False,2,18,5,pearson,RidgeReg,standard,2,{'alpha': 0.40377076435582127},2026-02-01 10:00:00,2026-02-03,568.661843129401,1.9687105147278425,1000.766261,3.092,,14,24,4,4,5,4,0.06700311982446602,29666.82199860586,29489.8501464186,568.661843129401,1.9687105147278425,-1.7093900307001129,-488.71752439533617,561.3397694042059,1.9766879775585406,-1.5335723961450258,-415.5596794983098,572.9330528024315,1.9640569947432682,-1.8119503175239133,-531.3929339186016,649.510248318055,2.317056779877149,-2.0015001804427777,-547.324060788132,642.7830725888111,2.2186748141857087,-1.5213082356575376,-454.5303781662013,645.2615057522167,2.2549208015457127,-1.698221057420521,-488.71752439533367,-415.5596794983098,-531.3929339186016,hourly_window_mean_factor_top_available_analogs,4,131.76438128982227,-76.86255575240027,-2.489143394325909e-12,131.76438128982227,-76.86255575240027,-2.489143394325909e-12,547.3240607881321,454.5303781662013,488.71752439533367,561.3397694042059,1.9766879775585406,649.510248318055,2.317056779877149,572.9330528024315,1.9640569947432682,642.7830725888111,2.2186748141857087,645.2615057522167,2.2549208015457127,-69.85001978637968,-0.25461781944244044,-0.2862102868178702
experiment_2026_08_25_00_38_criterion_best_matching_weekday,SEN_demand_SIN,2026-03-16,Benito Juarez's Birthday,H2,H,observance_tier,True,2026-03-16,19,True,True,10,False,2,18,10,pearson,PCR,standard,7,{},2026-03-15 10:00:00,2026-03-17,935.6000484614381,2.7929699913797243,1075.472731,3.378,,14,24,4,4,10,4,0.0708396909368111,33604.96908067325,33353.11942863286,935.6000484614381,2.7929699913797243,-1.8792757527601613,-610.4559414627237,500.61008503989353,1.4791120185924806,-0.028122050990974867,38.49850082894071,1189.3441937906723,3.5593871421722834,-2.95911541212552,-989.0126994661946,914.8450812872805,2.723830020179345,-0.3283165754857856,-22.45415464393409,1292.2133293968957,3.9369498631739135,-2.908349766756246,-953.4569837736773,1153.1829221986163,3.490010973649598,-1.9578112226039714,-610.4559414627192,38.49850082894071,-989.0126994661946,hourly_window_mean_factor_top_available_analogs,4,60.9526554728748,-35.555715692517275,-4.403869082268916e-12,60.9526554728748,-35.555715692517275,-4.403869082268916e-12,22.45415464393409,953.4569837736773,610.4559414627192,500.61008503989353,1.4791120185924806,914.8450812872805,2.723830020179345,1189.3441937906723,3.5593871421722834,1292.2133293968957,3.9369498631739135,1153.1829221986163,3.490010973649598,-102.86913560622338,-0.37756272100163013,-0.6970409822698738
experiment_2026_08_25_00_38_criterion_best_matching_weekday,SEN_demand_SIN,2026-04-02,Maundy Thursday,H1,H,observance_tier,True,2026-04-02,19,True,True,10,False,2,18,10,pearson,RidgeReg,,2,{'alpha': 0.19018508807802018},2026-04-01 10:00:00,2026-04-03,412.15840583421425,1.0781632236551975,1043.405413,3.292,,14,24,4,4,10,4,0.06101662095956076,38504.07501166501,37106.00219274838,412.15840583421425,1.0781632236551975,-0.06817580182601031,-13.338169559748692,384.73434803911107,0.9885087730750273,-0.8726056741339517,-335.62841552209545,428.15577288135773,1.1304616531602971,0.401074957020289,174.66447391828692,817.7580923141925,2.0846548781461403,-2.0846548781461403,-817.7580923141925,716.83397866705,1.8688545548915176,1.1267563002261058,455.9067853803493,754.0165468528394,1.9483599371432208,-0.056395186542616424,-13.338169559745054,-335.62841552209545,174.66447391828692,hourly_window_mean_factor_top_available_analogs,4,482.1296767920971,-281.2423114620624,-3.637978807091713e-12,482.1296767920971,-281.2423114620624,-3.637978807091713e-12,817.7580923141925,-455.90678538034933,13.338169559745054,384.73434803911107,0.9885087730750273,817.7580923141925,2.0846548781461403,428.15577288135773,1.1304616531602971,716.83397866705,1.8688545548915176,754.0165468528394,1.9483599371432208,-288.6782057856923,-0.7383929017312205,-0.8701967134880233
experiment_2026_08_25_00_38_criterion_best_matching_weekday,SEN_demand_SIN,2026-04-03,Good Friday,H2,I,observance_tier,True,2026-04-03,19,True,True,10,False,2,18,10,pearson,RidgeReg,,2,{'alpha': 0.19018508807802018},2026-04-02 10:00:00,2026-04-04,1149.4638251035378,3.2702712503134364,1043.405413,3.292,,14,24,4,4,10,4,0.08606202459701202,36618.642359744685,35300.02404795407,1149.4638251035378,3.2702712503134364,-3.170467894584482,-1110.3528860604752,585.6308942428669,1.5096886177281077,-1.5096886177281077,-585.6308942428669,1478.366368105596,4.297277785988212,-4.139255806084033,-1416.4407146207466,1866.3032042576945,4.960895634502937,-4.960895634502937,-1866.3032042576945,757.5762672630984,2.234737421068907,-2.0096828121299364,-669.3818671120947,1166.0546124716338,3.239111499702497,-3.09697174668841,-1110.3528860604736,-585.6308942428669,-1416.4407146207466,hourly_window_mean_factor_top_available_analogs,4,1280.6723100148276,-747.0588475086519,-1.5317805503544054e-12,1280.6723100148276,-747.0588475086519,-1.5317805503544054e-12,1866.3032042576947,669.3818671120947,1110.3528860604736,585.6308942428669,1.5096886177281077,1866.3032042576945,4.960895634502937,1478.366368105596,4.297277785988212,757.5762672630984,2.234737421068907,1166.0546124716338,3.239111499702497,720.7901008424975,2.062540364919305,0.03115975061093934
experiment_2026_08_25_00_38_criterion_best_matching_weekday,SEN_demand_SIN,2026-04-04,Holy Saturday,H3,H,observance_tier,True,2026-04-04,19,True,True,5,False,2,19,5,pearson,LassoReg,,2,{'alpha': 8.360989827908885},2026-04-03 10:00:00,2026-04-05,452.9749426876256,1.3221361139851449,1031.08353,3.206,,14,24,4,4,5,4,0.06521656693027596,34221.078914401674,34141.084153218304,452.9749426876256,1.3221361139851449,-0.040192665979060994,5.736875072014204,604.9209040052709,1.7773175345938506,-0.15307437931296466,-5.855647858874883,364.3397985856659,1.0566136186300665,0.025655000132382717,12.499180115032837,533.5557184694161,1.6451769434751387,-1.5319237674079837,-492.58636848477727,501.88288649335544,1.4632085743386893,0.8852678638999595,296.4254338134676,513.5518245897988,1.5302495524415918,-0.0052764213187564985,5.736875072008939,-5.855647858874883,12.499180115032837,hourly_window_mean_factor_top_available_analogs,4,486.7307206259024,-283.9262536984347,5.265495641843269e-12,486.7307206259024,-283.9262536984347,5.265495641843269e-12,492.58636848477727,-296.4254338134676,-5.736875072008939,604.9209040052709,1.7773175345938506,533.5557184694161,1.6451769434751387,364.3397985856659,1.0566136186300665,501.88288649335544,1.4632085743386893,513.5518245897988,1.5302495524415918,-137.54308790768954,-0.4065949557086228,-0.20811343845644692
experiment_2026_08_25_00_38_criterion_best_matching_weekday,SEN_demand_SIN,2026-05-01,Labor Day,H2,I,observance_tier,True,2026-05-01,19,True,True,6,False,2,19,6,pearson,PCR,,5,{},2026-04-30 10:00:00,2026-05-02,791.208503632228,1.9424256608765915,1073.306371,3.419,,14,24,4,4,6,4,0.08071668282550308,42832.5429677728,40512.84976836976,791.208503632228,1.9424256608765915,-1.8590566273554523,-755.2271782991279,482.5267454420656,1.0277624390213371,-0.8576118956944112,-408.01702389233367,971.2728625764894,2.4759792069588236,-2.4432327208243936,-957.7664350364245,402.3337428080626,0.8555296538147095,-0.8150843272518513,-383.458717807708,1204.5131541452813,3.0505992512265707,-2.5140477461115265,-972.0921135857743,908.9733710210429,2.2418893995485165,-1.8881138549526988,-755.2271782991183,-408.01702389233367,-957.7664350364245,hourly_window_mean_factor_top_available_analogs,4,-24.558306084625656,14.325678549349808,-9.573628439715035e-12,-24.558306084625656,14.325678549349808,-9.573628439715035e-12,383.458717807708,972.0921135857743,755.2271782991183,482.5267454420656,1.0277624390213371,402.3337428080626,0.8555296538147095,971.2728625764894,2.4759792069588236,1204.5131541452813,3.0505992512265707,908.9733710210429,2.2418893995485165,-233.24029156879192,-0.5746200442677472,-0.299463738671925
