experiment_id,unique_id,target_date,holiday_label,holiday_day_type,analog_cluster,cluster_filter_label,filter_by_cluster,train_end,eligible_tuning_dates,target_exists,target_has_complete_profile,selected_analogs,fail,optuna_k_min,optuna_k_max,k,typedist,typereg,scale_method,n_components,regressor_params,forecast_start,forecast_end,mae_window,mape_window_pct,tuning_best_mean_mae,tuning_best_mean_mape_pct,error,bias_head_hours,bias_tail_hours,hourly_factor_analog_count,hourly_factor_requested_analogs,hourly_factor_available_neighbors,hourly_factor_selected_analogs,hourly_factor_mean_abs,forecast_window_mean_38,forecast_daily_mean_24,mae_38,mape_38_pct,mpe_38_pct,bias_38,mae_14,mape_14_pct,mpe_14_pct,bias_14,mae_24,mape_24_pct,mpe_24_pct,bias_24,mae_14_bias_adjusted,mape_14_bias_adjusted_pct,mpe_14_bias_adjusted_pct,bias_14_bias_adjusted,mae_24_bias_adjusted,mape_24_bias_adjusted_pct,mpe_24_bias_adjusted_pct,bias_24_bias_adjusted,mae_38_bias_adjusted,mape_38_bias_adjusted_pct,mpe_38_bias_adjusted_pct,bias_38_bias_adjusted,mae_24_head_anchored,mape_24_head_anchored_pct,mpe_24_head_anchored_pct,bias_24_head_anchored,mae_24_head_ratio,mape_24_head_ratio_pct,mpe_24_head_ratio_pct,bias_24_head_ratio,mae_24_exante_level,mape_24_exante_level_pct,mpe_24_exante_level_pct,bias_24_exante_level,mae_24_exante_drop,mape_24_exante_drop_pct,mpe_24_exante_drop_pct,bias_24_exante_drop,head_anchor_factor_mpe,head_anchor_factor_ratio,exante_level_factor,exante_drop_factor,head_bias_mean,tail_bias_mean,bias_model_method,bias_train_samples,predicted_head_bias_mean,predicted_tail_bias_mean,predicted_full_bias_mean,predicted_bias_14,predicted_bias_24,predicted_bias_38,bias_14_prediction_error,bias_24_prediction_error,bias_38_prediction_error,mae_head14,mape_head14_pct,mae_head14_bias_adjusted,mape_head14_bias_adjusted_pct,mae_holiday24_raw,mape_holiday24_raw_pct,mae_holiday24_bias_adjusted,mape_holiday24_bias_adjusted_pct,mae_window_bias_adjusted,mape_window_bias_adjusted_pct,mae_holiday24_improvement,mape_holiday24_improvement_pct,mape_window_improvement_pct
experiment_2026_08_31_06_38_ercot_criterion_holiday_identity,ERCOT_demand_COAST,2025-01-01,New Year's Day,H2,O,observance_tier,True,2025-01-01,19,True,True,5,False,2,5,5,pearson,RidgeReg,minmax,2,{'alpha': 34.67024724353821},2024-12-31 10:00:00,2025-01-02,425.9043509336981,3.766187462384169,908.167624,6.695,,14,24,4,4,5,4,0.0443210311360725,11750.572812629362,11480.464472988868,425.9043509336981,3.766187462384169,-3.626779174117258,-408.8290308135731,369.5867430534064,3.16247045454102,-2.7840765292451195,-323.2394455844959,458.7562888638682,4.118355716959339,-4.118355716959339,-458.7562888638682,301.14944324571854,2.5595910345879624,-1.0867511759454664,-121.11529799370133,576.6620416251637,5.146312801773772,-5.146312801773772,-576.6620416251637,475.1574001169471,4.193310045442158,-3.6506848343633433,-408.82903081357233,237.4432711806543,2.133555614210208,-1.219621012807532,-139.1313720230609,244.51687184416778,2.1955176098454383,-1.3628113755225002,-154.92005655139155,2573.9044425472375,23.301007113810044,-23.301007113810044,-2573.9044425472375,620.985641819951,5.589642311552676,-5.589642311552676,-620.985641819951,0.9721592347075488,0.9735345000171953,1.184238900669905,1.0141309050115328,-323.2394455844959,-458.7562888638682,hourly_window_mean_factor_top_available_analogs,4,-202.12414759079456,117.90575276129555,-8.137584173757779e-13,-202.12414759079456,117.90575276129555,-8.137584173757779e-13,121.11529799370135,576.6620416251637,408.82903081357233,369.5867430534064,3.16247045454102,301.14944324571854,2.5595910345879624,458.7562888638682,4.118355716959339,576.6620416251637,5.146312801773772,475.1574001169471,4.193310045442158,-117.90575276129556,-1.0279570848144326,-0.4271225830579888
experiment_2026_08_31_06_38_ercot_criterion_holiday_identity,ERCOT_demand_COAST,2025-01-20,Martin Luther King Jr. Day,H2,M,observance_tier,True,2025-01-20,19,True,True,4,False,2,5,4,pearson,RidgeReg,minmax,2,{'alpha': 23.66154006460317},2025-01-19 10:00:00,2025-01-21,3675.004273574919,22.58180653630551,898.076624,6.605,,14,24,4,4,4,4,0.04641837195793983,12304.953482635607,12319.304326006764,3675.004273574919,22.58180653630551,22.58180653630551,3675.004273574919,2454.6465339292326,16.54096007947025,16.54096007947025,2454.6465339292326,4386.879621701568,26.105633636126083,26.105633636126083,4386.879621701568,2669.0818468847706,18.06841925286201,18.06841925286201,2669.0818468847706,4261.792355810839,25.482569918251667,25.482569918251667,4261.792355810839,3675.0042735749194,22.751040725739685,22.751040725739685,3675.0042735749194,2349.1484110683364,13.882795994900198,13.882795994900198,2349.1484110683364,1924.4471463543393,11.335328214294657,11.335328214294657,1924.4471463543393,2642.6326880021747,15.643190422043581,15.643190422043581,2642.6326880021747,3909.84317072138,23.244245903116127,23.244245903116127,3909.84317072138,1.1654096007947026,1.199884052717887,1.141586479848313,1.0387226777061702,2454.6465339292326,4386.879621701568,hourly_window_mean_factor_top_available_analogs,4,-214.4353129555384,125.0872658907283,-1.5317805503544054e-12,-214.4353129555384,125.0872658907283,-1.5317805503544054e-12,-2669.081846884771,-4261.79235581084,-3675.0042735749203,2454.6465339292326,16.54096007947025,2669.0818468847706,18.06841925286201,4386.879621701568,26.105633636126083,4261.792355810839,25.482569918251667,3675.0042735749194,22.751040725739685,125.08726589072921,0.6230637178744161,-0.16923418943417445
experiment_2026_08_31_06_38_ercot_criterion_holiday_identity,ERCOT_demand_COAST,2025-02-17,Presidents' Day,H2,P,observance_tier,True,2025-02-17,19,True,True,4,False,2,5,4,pearson,RidgeReg,minmax,2,{'alpha': 23.66154006460317},2025-02-16 10:00:00,2025-02-18,606.4575276056258,4.7152599726694175,1068.717824,7.588,,14,24,4,4,4,4,0.06602590300501195,12402.353216102232,12477.286819807357,606.4575276056258,4.7152599726694175,2.440840414019047,327.9897310293462,403.621903687262,3.3056656033774225,0.18254814123251922,34.62976182083899,724.7783082246715,5.537523354756416,3.758177573144522,499.1163797343088,520.6178902174595,4.26882333154515,-0.2068132362736375,-13.166258214389797,959.7343205622074,7.445345589644941,4.056535161201227,526.9973914215263,797.9545830667737,6.275047915608176,2.485827856868382,327.98973102934673,714.0435260406771,5.456357930094576,3.582489915215985,476.33932456849897,708.7309613652111,5.416184172093165,3.4866393839816534,463.91276675938644,2627.597953384341,20.359300046253107,-20.359300046253107,-2627.597953384341,653.2699499572194,5.001683121319153,1.429806812952223,197.25437145976926,1.0018254814123253,1.0028214157038562,1.250592486834163,1.0241929205150067,34.62976182083899,499.1163797343088,hourly_window_mean_factor_top_available_analogs,4,47.796020035228786,-27.88101168721755,-4.786814219857517e-13,47.796020035228786,-27.88101168721755,-4.786814219857517e-13,13.166258214389792,-526.9973914215263,-327.9897310293467,403.621903687262,3.3056656033774225,520.6178902174595,4.26882333154515,724.7783082246715,5.537523354756416,959.7343205622074,7.445345589644941,797.9545830667737,6.275047915608176,-234.95601233753587,-1.907822234888525,-1.5597879429387582
experiment_2026_08_31_06_38_ercot_criterion_holiday_identity,ERCOT_demand_COAST,2025-03-02,Texas Independence Day,H2,R,observance_tier,True,2025-03-02,19,True,True,4,False,2,5,4,pearson,RidgeReg,minmax,2,{'alpha': 23.66154006460317},2025-03-01 10:00:00,2025-03-03,449.6684024648793,3.809884598949278,1084.371873,7.692,,14,24,4,4,4,4,0.07596829861470118,11550.55632934717,11378.728353582046,449.6684024648793,3.809884598949278,1.738955861040886,223.4594511002011,596.0383383607824,4.673426921660183,4.459350714097076,571.3397869126235,364.2859398589358,3.3061515773679155,0.1520588634247744,20.529255209621397,426.1034132446362,3.420788501615206,1.2157618750425065,163.6207816764536,529.2424309517747,4.853395620535551,2.39186194347471,258.365341597384,491.2438454807238,4.3255929977754235,1.9585619182628455,223.4594511001991,556.100983467552,4.930366850958336,-4.300511012660311,-486.88814888100484,585.1666489935056,5.179901830031471,-4.664026434377532,-528.3145737924634,1280.4809502570613,11.264259935734112,-11.264259935734112,-1280.4809502570613,347.52352747985697,3.1718028960460756,-0.7947798443971928,-87.3730242798077,1.0445935071409707,1.048234197350296,1.114337047606653,1.009482806526044,571.3397869126235,20.529255209621397,hourly_window_mean_factor_top_available_analogs,4,407.71900523616983,-237.83608638776255,2.0104619723401573e-12,407.71900523616983,-237.83608638776255,2.0104619723401573e-12,-163.62078167645365,-258.3653415973839,-223.4594511001991,596.0383383607824,4.673426921660183,426.1034132446362,3.420788501615206,364.2859398589358,3.3061515773679155,529.2424309517747,4.853395620535551,491.2438454807238,4.3255929977754235,-164.95649109283892,-1.5472440431676353,-0.5157083988261455
experiment_2026_08_31_06_38_ercot_criterion_holiday_identity,ERCOT_demand_COAST,2025-04-21,San Jacinto Day,H2,Q,observance_tier,True,2025-04-21,19,True,True,4,False,2,5,4,pearson,RidgeReg,minmax,2,{'alpha': 23.66154006460317},2025-04-20 10:00:00,2025-04-22,862.4659942242669,5.57485075527897,1090.669754,7.735,,14,24,4,4,4,4,0.0865275284871109,13785.99924629257,13449.920473866927,862.4659942242669,5.57485075527897,5.520979569257942,855.2183345232207,862.4423718091742,5.433965259556009,5.287743468927504,842.7701526206204,862.4797739664045,5.657033961117364,5.657033961117364,862.4797739664045,592.6244998697593,3.729805169751341,3.5314439951590813,564.7543354930924,1024.6556672907948,7.153693129616343,7.153693129616343,1024.6556672907948,865.4862898198871,5.892260723350289,5.8191802906057735,855.2183345232203,483.7121861758856,3.2124062332810452,0.6684199360038506,151.2824825335622,481.34341897153445,3.239845304053452,0.12098797303809398,73.23833493163359,2632.41686549614,18.857528456323,-18.857528456323,-2632.41686549614,511.37930022487444,3.3017786034371674,2.111806214037985,357.0575547803772,1.052877434689275,1.0586800078534486,1.2598451527094972,1.037578082351346,842.7701526206204,862.4797739664045,hourly_window_mean_factor_top_available_analogs,4,278.01581712752795,-162.17589332439024,6.701539907800523e-13,278.01581712752795,-162.17589332439024,6.701539907800523e-13,-564.7543354930924,-1024.6556672907948,-855.21833452322,862.4423718091742,5.433965259556009,592.6244998697593,3.729805169751341,862.4797739664045,5.657033961117364,1024.6556672907948,7.153693129616343,865.4862898198871,5.892260723350289,-162.17589332439024,-1.4966591684989794,-0.3174099680713196
experiment_2026_08_31_06_38_ercot_criterion_holiday_identity,ERCOT_demand_COAST,2025-05-26,Memorial Day,H2,N,observance_tier,True,2025-05-26,19,True,True,4,False,2,6,4,pearson,RidgeReg,standard,2,{'alpha': 16.965337183706236},2025-05-25 10:00:00,2025-05-27,1192.5489744124418,7.170249769500926,1053.578186,7.262,,14,24,4,4,4,4,0.11656139095663683,16641.19210197214,15948.713646351693,1192.5489744124418,7.170249769500926,1.5709220152333019,302.9102144226026,961.5292554642499,5.05987359707387,5.05987359707387,961.5292554642499,1327.3104771322205,8.401302536750043,-0.46429974084036246,-81.28422618502509,609.3294554940883,3.268900369814299,3.2452151349070735,604.7237005316504,1810.469985681465,11.517989348322379,0.9345324405468333,126.85234752564641,1367.9445271913787,8.478851303608876,1.7858365911006062,302.9102144225952,1335.9416385391746,8.404741692527868,-5.547666317912296,-888.2689770496917,1336.5103576661363,8.40496830324446,-5.882616351335184,-941.4423150680518,3686.2917177409277,23.17299971693502,-23.17299971693502,-3686.2917177409277,1336.3673080312249,8.40491130396531,-5.798366538513534,-928.067652198581,1.0505987359707387,1.0539327564564926,1.2260375081961896,1.0530941519667487,961.5292554642499,-81.28422618502509,hourly_window_mean_factor_top_available_analogs,4,356.8055549325995,-208.1365737106715,7.275957614183426e-12,356.8055549325995,-208.1365737106715,7.275957614183426e-12,-604.7237005316504,-126.85234752564642,-302.91021442259535,961.5292554642499,5.05987359707387,609.3294554940883,3.268900369814299,1327.3104771322205,8.401302536750043,1810.469985681465,11.517989348322379,1367.9445271913787,8.478851303608876,-483.1595085492445,-3.116686811572336,-1.3086015341079493
experiment_2026_08_31_06_38_ercot_criterion_holiday_identity,ERCOT_demand_COAST,2025-06-19,Juneteenth National Independence Day,H2,J,observance_tier,True,2025-06-19,19,True,True,5,False,2,6,5,euclidian,PCR,,4,{},2025-06-18 10:00:00,2025-06-20,2260.2417147345436,11.709101015557156,920.766308,6.499,,14,24,4,4,5,4,0.1124976481807137,16643.476792870613,15295.457314312856,2260.2417147345436,11.709101015557156,11.34793617736463,2193.2519680767546,1040.942558172943,5.388661873862019,4.408357313053732,859.1132458160848,2971.499556062144,15.396023848212655,15.396023848212655,2971.499556062144,1777.2345612834838,9.066911679074948,9.066911679074948,1777.2345612834838,2435.9287887061637,13.375430972746395,13.375430972746395,2435.9287887061637,2193.2519680767555,11.788081759288492,11.788081759288492,2193.2519680767555,2297.221144981621,11.666378278391099,11.666378278391099,2297.221144981621,2278.2276703555053,11.561319407558662,11.561319407558662,2278.2276703555053,1967.00713589939,9.868879029988321,9.507407720646297,1906.9032957401323,1627.2553863406313,8.645487391923465,1.2894964172858734,421.1963908087734,1.0440835731305373,1.0453253453924456,1.069602120318809,1.1667359865642528,859.1132458160848,2971.499556062144,hourly_window_mean_factor_top_available_analogs,4,-918.1213154673989,535.5707673559804,-1.4839124081558303e-12,-918.1213154673989,535.5707673559804,-1.4839124081558303e-12,-1777.2345612834838,-2435.9287887061637,-2193.251968076756,1040.942558172943,5.388661873862019,1777.2345612834838,9.066911679074948,2971.499556062144,15.396023848212655,2435.9287887061637,13.375430972746395,2193.2519680767555,11.788081759288492,535.5707673559805,2.02059287546626,-0.07898074373133568
experiment_2026_08_31_06_38_ercot_criterion_holiday_identity,ERCOT_demand_COAST,2025-07-04,Independence Day,H2,I,observance_tier,True,2025-07-04,19,True,True,4,False,2,6,4,pearson,RidgeReg,standard,2,{'alpha': 16.965337183706236},2025-07-03 10:00:00,2025-07-05,1410.9611354812498,8.80939822049149,911.126752,6.274,,14,24,4,4,4,4,0.11475471420731509,17921.73312676305,16979.639334505355,1410.9611354812498,8.80939822049149,-8.321647575198705,-1319.2864101314722,2211.971670582783,13.204002191363495,-11.880107582711648,-1963.1402732048148,943.7049900053557,6.245879237482818,-6.245879237482818,-943.7049900053557,2550.077215996616,15.181739715980624,-14.276859593614313,-2386.062863359634,697.0001457483777,4.436994968510663,-4.436994968510663,-697.0001457483777,1379.7127505766762,8.395585138631175,-8.062208251443586,-1319.2864101314722,1073.4944300903053,6.376245518128042,6.376245518128042,1073.4944300903053,774.1237894852462,4.508230594294507,4.430182702989609,762.4852412117094,3395.936775744301,21.590111057559152,-21.590111057559152,-3395.936775744301,2308.038520218441,14.782857711230292,-14.782857711230292,-2308.038520218441,0.8811989241728835,0.8995155198762195,1.1444219006911187,1.0803511490047106,-1963.1402732048148,-943.7049900053557,hourly_window_mean_factor_top_available_analogs,4,422.92259015481926,-246.70484425697805,-9.573628439715034e-14,422.92259015481926,-246.70484425697805,-9.573628439715034e-14,2386.062863359634,697.0001457483777,1319.2864101314722,2211.971670582783,13.204002191363495,2550.077215996616,15.181739715980624,943.7049900053557,6.245879237482818,697.0001457483777,4.436994968510663,1379.7127505766762,8.395585138631175,246.70484425697805,1.8088842689721547,0.4138130818603152
experiment_2026_08_31_06_38_ercot_criterion_holiday_identity,ERCOT_demand_COAST,2025-08-27,Lyndon B. Johnson Day,H2,L,observance_tier,True,2025-08-27,19,True,True,5,False,2,6,5,pearson,RidgeReg,minmax,2,{'alpha': 23.66154006460317},2025-08-26 10:00:00,2025-08-28,552.8026531868264,2.9085789142423946,978.747735,6.685,,14,24,4,4,5,4,0.11178841665787509,17908.83892132261,17386.359978260185,552.8026531868264,2.9085789142423946,1.2208443638402646,230.5953792563356,855.843090641797,4.245535412710826,4.245535412710826,855.843090641797,376.02906467142697,2.1286876234691428,-0.543558748000897,-134.13245238518348,771.8783878406377,3.849340895453991,3.849340895453991,771.8783878406377,543.5720678868051,3.172248540018766,-0.1297159800445483,-85.1530424178389,627.6849226066382,3.421703618337007,1.3362523425075452,230.5953792563367,872.276522243601,4.812171139846983,-4.812171139846983,-872.276522243601,925.4314776254217,5.1195608629323255,-5.1195608629323255,-925.4314776254217,1698.2927745364257,9.588939462431656,-9.588939462431656,-1698.2927745364257,843.6894415644048,4.646854947769024,-4.646854947769024,-843.6894415644048,1.0424553541271082,1.0455126332498392,1.0899647956275529,1.040811129532947,855.843090641797,-134.13245238518348,hourly_window_mean_factor_top_available_analogs,4,83.96470280115916,-48.97940996734459,-1.100967270567229e-12,83.96470280115916,-48.97940996734459,-1.100967270567229e-12,-771.8783878406377,85.15304241783889,-230.5953792563367,855.843090641797,4.245535412710826,771.8783878406377,3.849340895453991,376.02906467142697,2.1286876234691428,543.5720678868051,3.172248540018766,627.6849226066382,3.421703618337007,-167.54300321537818,-1.0435609165496231,-0.5131247040946123
experiment_2026_08_31_06_38_ercot_criterion_holiday_identity,ERCOT_demand_COAST,2025-09-01,Labor Day,H2,K,observance_tier,True,2025-09-01,19,True,True,5,False,2,6,5,pearson,RidgeReg,minmax,2,{'alpha': 23.66154006460317},2025-08-31 10:00:00,2025-09-02,1232.1280054768538,8.07432348465296,897.926888,5.842,,14,24,4,4,5,4,0.11651167868070422,17061.231022240012,16681.658092663907,1232.1280054768538,8.07432348465296,-8.07432348465296,-1232.1280054768538,1941.9882514419053,12.433243327453765,-12.433243327453765,-1941.9882514419053,818.0428619972403,5.531620243019154,-5.531620243019154,-818.0428619972403,2296.110433617244,14.655943406444065,-14.655943406444065,-2296.110433617244,611.4715890616266,3.851598447418746,-3.851598447418746,-611.4715890616266,1232.1280054768542,7.8321465902175476,-7.8321465902175476,-1232.1280054768542,1256.0282797175466,7.589382889199876,7.589382889199876,1256.0282797175466,1010.9835994092919,6.039179546030098,6.039179546030098,1010.9835994092919,5431.408279924166,34.716724302971464,-34.716724302971464,-5431.408279924166,1930.093443288005,12.566682284448689,-12.566682284448689,-1930.093443288005,0.8756675667254623,0.890357034579741,1.27655316949313,1.066663072406442,-1941.9882514419053,-818.0428619972403,hourly_window_mean_factor_top_available_analogs,4,354.12218217533854,-206.57127293561362,3.3507699539002617e-13,354.12218217533854,-206.57127293561362,3.3507699539002617e-13,2296.110433617244,611.4715890616267,1232.128005476854,1941.9882514419053,12.433243327453765,2296.110433617244,14.655943406444065,818.0428619972403,5.531620243019154,611.4715890616266,3.851598447418746,1232.1280054768542,7.8321465902175476,206.5712729356137,1.6800217956004082,0.24217689443541168
experiment_2026_08_31_06_38_ercot_criterion_holiday_identity,ERCOT_demand_COAST,2025-11-11,Veterans Day,H2,T,observance_tier,True,2025-11-11,19,True,True,5,False,2,6,5,pearson,RidgeReg,minmax,2,{'alpha': 23.66154006460317},2025-11-10 10:00:00,2025-11-12,542.6557111997658,4.396056066342672,906.765009,5.963,,14,24,4,4,5,4,0.06482678557307707,12162.63730267104,12059.520860551822,542.6557111997658,4.396056066342672,2.0164632726804737,244.0454244079068,263.1174132032112,2.1067146338456437,1.1967718233821263,150.94662433887348,705.7197183644226,5.731505235299274,2.49461661810451,298.35305778150956,370.9910773241906,2.989744671236937,-1.6506775798111017,-203.8049787751527,679.9776112715382,5.532169777525475,4.148440359703923,505.2914929313579,566.1404671856734,4.595486843629697,2.011923224093125,244.0454244079066,724.2505103691078,5.862107116456365,1.3276996635092562,154.02811008753437,724.7658186709169,5.865826829276396,1.301843993736856,150.83026625400407,923.6747073091638,7.367960566185765,-5.177339380285033,-650.5187910829219,727.3492998334901,5.884475486724747,1.1722174467392714,134.79798174437846,1.0119677182338214,1.0122328899492243,1.0786823838058366,1.0135623195919947,150.94662433887348,298.35305778150956,hourly_window_mean_factor_top_available_analogs,4,354.7516031140262,-206.9384351498483,1.9147256879430067e-13,354.7516031140262,-206.9384351498483,1.9147256879430067e-13,203.8049787751527,-505.2914929313579,-244.0454244079066,263.1174132032112,2.1067146338456437,370.9910773241906,2.989744671236937,705.7197183644226,5.731505235299274,679.9776112715382,5.532169777525475,566.1404671856734,4.595486843629697,25.742107092884453,0.1993354577737989,-0.19943077728702452
experiment_2026_08_31_06_38_ercot_criterion_holiday_identity,ERCOT_demand_COAST,2025-11-27,Thanksgiving Day,H1,S,observance_tier,True,2025-11-27,19,True,True,4,False,2,6,4,pearson,RidgeReg,standard,2,{'alpha': 16.965337183706236},2025-11-26 10:00:00,2025-11-28,1056.1877561446179,8.950886674603868,843.681555,5.598,,14,24,4,4,4,4,0.07195383687716375,12726.146757907774,12058.17455755599,1056.1877561446179,8.950886674603868,-8.950886674603868,-1056.1877561446179,1461.108879653694,11.794814264433123,-11.794814264433123,-1461.108879653694,819.9837674309902,7.291928913870138,-7.291928913870138,-819.9837674309902,1503.9727608963165,12.126741043164227,-12.126741043164227,-1503.9727608963165,794.9798367061245,7.033606291987733,-7.033606291987733,-794.9798367061245,1056.1877561446163,8.910024358210652,-8.910024358210652,-1056.1877561446163,602.2555253138687,5.362954822248457,5.362954822248457,602.2555253138687,450.148061510929,4.009524158617238,4.009524158617238,450.148061510929,3378.618574279195,30.058298939662222,-30.058298939662222,-3378.618574279195,1206.1919800471094,10.728354875044827,-10.728354875044827,-1206.1919800471094,0.8820518573556688,0.8946663259119915,1.2121908913024395,1.0320287462063742,-1461.108879653694,-819.9837674309902,hourly_window_mean_factor_top_available_analogs,4,42.86388124262261,-25.00393072486554,-1.4839124081558303e-12,42.86388124262261,-25.00393072486554,-1.4839124081558303e-12,1503.9727608963167,794.9798367061246,1056.1877561446163,1461.108879653694,11.794814264433123,1503.9727608963165,12.126741043164227,819.9837674309902,7.291928913870138,794.9798367061245,7.033606291987733,1056.1877561446163,8.910024358210652,25.003930724865654,0.25832262188240485,0.04086231639321625
experiment_2026_08_31_06_38_ercot_criterion_holiday_identity,ERCOT_demand_COAST,2025-11-28,Day after Thanksgiving,H2,H,observance_tier,True,2025-11-28,19,True,True,4,False,2,6,4,pearson,RidgeReg,standard,2,{'alpha': 16.965337183706236},2025-11-27 10:00:00,2025-11-29,206.30328053394237,1.7933209232849898,869.086833,5.901,,14,24,4,4,4,4,0.052058706249324634,11720.113023981312,11680.093781483918,206.30328053394237,1.7933209232849898,-1.7933209232849898,-206.30328053394237,144.99417669112933,1.248332561169585,-1.248332561169585,-144.99417669112933,242.06692444224996,2.111230801185643,-2.111230801185643,-242.06692444224996,189.55456826077625,1.6170324018488647,-1.6170324018488647,-189.55456826077625,305.0712001678594,2.601010391301806,-1.765963500138394,-216.07336269329093,262.5124410441972,2.2384921846612484,-1.7110941481369881,-206.30328053394342,122.312961680599,1.0666781404207355,-0.836543058483417,-96.26051059284244,123.5933193989941,1.0777413008488008,-0.8553237089444131,-98.40875380703703,1998.8206704772558,17.46935125622858,-17.46935125622858,-1998.8206704772558,290.321268533261,2.53308618683744,-2.53308618683744,-290.321268533261,0.9875166743883041,0.9877005978442613,1.1504057911606782,1.0041313319048437,-144.99417669112933,-242.06692444224996,hourly_window_mean_factor_top_available_analogs,4,44.56039156964692,-25.993561748959035,1.0530991283686538e-12,44.56039156964692,-25.993561748959035,1.0530991283686538e-12,189.55456826077625,216.07336269329093,206.30328053394342,144.99417669112933,1.248332561169585,189.55456826077625,1.6170324018488647,242.06692444224996,2.111230801185643,305.0712001678594,2.601010391301806,262.5124410441972,2.2384921846612484,-63.00427572560943,-0.489779590116163,-0.4451712613762586
experiment_2026_08_31_06_38_ercot_criterion_holiday_identity,ERCOT_demand_COAST,2025-12-24,Christmas Eve,H1,G,observance_tier,True,2025-12-24,19,True,True,4,False,2,6,4,pearson,RidgeReg,standard,2,{'alpha': 16.965337183706236},2025-12-23 10:00:00,2025-12-25,477.69009334148376,3.4544429620461172,831.017208,5.707,,14,24,4,4,4,4,0.04668627617222136,13425.418483591242,13091.050542045428,477.69009334148376,3.4544429620461172,0.2224568522477465,67.76606264560048,561.4739184955594,3.8600214324619153,1.4596478849417984,232.01080818736318,428.8161953349398,3.2178555209702346,-0.49923791682378377,-28.04337225376109,592.0665268398992,4.062920342592505,1.679069967831304,265.16687402082334,552.2186994321454,4.178139916570768,-0.7520666122619281,-47.3844106566136,566.8994779507917,4.135690599841934,0.1436152856671573,67.7660626456,501.49355667241093,3.873011499748308,-1.9661729174593239,-219.12661460738846,513.3210926126685,3.9759395789556797,-2.164895552848471,-245.01226426655163,2974.046470939848,23.115533329299762,-23.115533329299762,-2974.046470939848,652.2103766911632,5.148326404187327,-4.146806190249033,-503.17633458021254,1.014596478849418,1.0165738334991479,1.2250394717539441,1.0362944868939612,232.01080818736318,-28.04337225376109,hourly_window_mean_factor_top_available_analogs,4,-33.15606583346016,19.34103840285252,4.786814219857517e-13,-33.15606583346016,19.34103840285252,4.786814219857517e-13,-265.16687402082334,47.38441065661361,-67.7660626456,561.4739184955594,3.8600214324619153,592.0665268398992,4.062920342592505,428.8161953349398,3.2178555209702346,552.2186994321454,4.178139916570768,566.8994779507917,4.135690599841934,-123.40250409720562,-0.9602843956005338,-0.6812476377958165
experiment_2026_08_31_06_38_ercot_criterion_holiday_identity,ERCOT_demand_COAST,2025-12-25,Christmas Day,H2,F,observance_tier,True,2025-12-25,19,True,True,4,False,2,6,4,pearson,RidgeReg,standard,2,{'alpha': 16.965337183706236},2025-12-24 10:00:00,2025-12-26,508.49246772131954,3.998196082803987,833.631967,5.747,,14,24,4,4,4,4,0.0473238534459176,13200.854052987494,12715.194653651997,508.49246772131954,3.998196082803987,-1.3874048068678804,-136.65895264538867,363.32090149308743,2.599673323993534,-0.398746307136763,-36.73948456263055,593.1758813544549,4.81400102544342,-1.964122265044365,-194.94530902699753,398.2473278280314,2.8415665622839046,-0.1467605504159546,1.0209009705452314,652.4108418003016,5.32321715912107,-2.2040757345210427,-216.97220058801653,558.7716524420966,4.408924833970535,-1.446117508798115,-136.6589526453885,573.0319015947817,4.6286610794886185,-1.5575440929080828,-144.24393990030853,579.9501908916062,4.692314606729551,-1.6971801256171715,-161.65692102659696,2566.873988789514,20.984800476825185,-20.984800476825185,-2566.873988789514,863.9839895907538,7.169781935959733,-5.919510978332371,-688.1927013752853,0.9960125369286323,0.997381999339598,1.1865428524195862,1.0387919655014184,-36.73948456263055,-194.94530902699753,hourly_window_mean_factor_top_available_analogs,4,-37.760385533175786,22.02689156101898,-1.436044265957255e-13,-37.760385533175786,22.02689156101898,-1.436044265957255e-13,-1.0209009705452345,216.9722005880165,136.65895264538852,363.32090149308743,2.599673323993534,398.2473278280314,2.8415665622839046,593.1758813544549,4.81400102544342,652.4108418003016,5.32321715912107,558.7716524420966,4.408924833970535,-59.234960445846696,-0.5092161336776497,-0.4107287511665483
experiment_2026_08_31_06_38_ercot_criterion_holiday_identity,ERCOT_demand_COAST,2026-01-01,New Year's Day,H2,O,observance_tier,True,2026-01-01,19,True,True,4,False,2,6,4,pearson,RidgeReg,standard,2,{'alpha': 16.965337183706236},2025-12-31 10:00:00,2026-01-02,1408.9599255925968,12.004289602146235,815.638545,5.659,,14,24,4,4,4,4,0.03143770142258408,13332.574322672192,13261.099527367967,1408.9599255925968,12.004289602146235,-11.89660413426307,-1394.0085883037689,927.0837036205365,7.517683857234398,-7.225394730122945,-886.5015024080031,1690.0543884096326,14.62147628667814,-14.62147628667814,-1690.0543884096326,1027.1461745482504,8.31166944724852,-8.284003482601994,-1023.3049583007643,1610.2523724721912,13.920980536885061,-13.920980536885061,-1610.2523724721912,1395.4237732370555,11.854392240703177,-11.844199516886038,-1394.0085883037711,731.8876020028283,6.339622179471374,-6.339622179471374,-731.8876020028283,816.3349487506198,7.069537487983202,-7.069537487983202,-816.3349487506198,4686.995485814744,40.52534739629879,-40.52534739629879,-4686.995485814744,1444.0019332402128,12.494737429370263,-12.494737429370263,-1444.0019332402128,0.9277460526987705,0.934114102842238,1.2259949177834077,0.9814455464524927,-886.5015024080031,-1690.0543884096326,hourly_window_mean_factor_top_available_analogs,4,136.80345589276112,-79.80201593744118,1.7711212613472814e-12,136.80345589276112,-79.80201593744118,1.7711212613472814e-12,1023.3049583007643,1610.2523724721914,1394.0085883037707,927.0837036205365,7.517683857234398,1027.1461745482504,8.31166944724852,1690.0543884096326,14.62147628667814,1610.2523724721912,13.920980536885061,1395.4237732370555,11.854392240703177,79.80201593744141,0.7004957497930793,0.14989736144305787
experiment_2026_08_31_06_38_ercot_criterion_holiday_identity,ERCOT_demand_COAST,2026-01-19,Martin Luther King Jr. Day,H2,M,observance_tier,True,2026-01-19,19,True,True,4,False,2,6,4,pearson,RidgeReg,standard,2,{'alpha': 16.965337183706236},2026-01-18 10:00:00,2026-01-20,592.001821715976,4.607148545533508,844.443431,5.949,,14,24,4,4,4,4,0.044909575762104484,13620.920951108308,13829.849023539957,592.001821715976,4.607148545533508,-4.5392907234804785,-582.4978330030445,384.01544280344143,3.0164236646756364,-2.832238147674556,-358.2189020111986,713.3272094149543,5.535071392700599,-5.535071392700599,-713.3272094149543,310.67720118048226,2.3918766485717806,-2.3918766485717806,-310.67720118048226,741.0598682328733,5.648307723051128,-5.648307723051128,-741.0598682328733,582.4978330030451,4.448569958769262,-4.448569958769262,-582.4978330030451,403.45281538725243,3.111788542643842,-2.5460668415409526,-321.63294960445825,414.6002883864391,3.2010989317568126,-2.684634413058998,-339.7915443574978,2377.9662799988505,18.23787117439937,-18.23787117439937,-2377.9662799988505,301.709375818129,2.285654362158801,-1.0913899303654102,-131.00473668813424,0.9716776185232544,0.9729906187391014,1.1203656719426578,0.9578937939426785,-358.2189020111986,-713.3272094149543,hourly_window_mean_factor_top_available_analogs,4,-47.54170083071637,27.732658817918946,6.701539907800523e-13,-47.54170083071637,27.732658817918946,6.701539907800523e-13,310.67720118048226,741.0598682328732,582.4978330030452,384.01544280344143,3.0164236646756364,310.67720118048226,2.3918766485717806,713.3272094149543,5.535071392700599,741.0598682328733,5.648307723051128,582.4978330030451,4.448569958769262,-27.73265881791906,-0.11323633035052971,0.15857858676424552
experiment_2026_08_31_06_38_ercot_criterion_holiday_identity,ERCOT_demand_COAST,2026-02-16,Presidents' Day,H2,P,observance_tier,True,2026-02-16,19,True,True,4,False,2,6,4,pearson,RidgeReg,standard,2,{'alpha': 16.965337183706236},2026-02-15 10:00:00,2026-02-17,515.0751500727439,4.240230294797637,859.646218,6.055,,14,24,4,4,4,4,0.06533348459166008,12758.188919783272,12927.304508877787,515.0751500727439,4.240230294797637,-4.240230294797637,-515.0751500727439,399.88592533552634,3.318006522119625,-3.318006522119625,-399.88592533552634,582.2688645027876,4.778194162193143,-4.778194162193143,-582.2688645027876,347.47413541540016,2.872293044581409,-2.872293044581409,-347.47413541540016,612.8424086228636,4.903681363429967,-4.903681363429967,-612.8424086228636,515.0751500727454,4.155275140696288,-4.155275140696288,-515.0751500727454,251.16528313674348,2.0309861640205966,-1.3016468461324155,-153.34005776395884,260.4791991313698,2.1097008792076513,-1.4177196659582343,-167.6608684926657,2981.4223234702768,24.223776710044405,-24.223776710044405,-2981.4223234702768,543.9984219866315,4.466070147659622,-4.4446532072704965,-541.11731073777,0.9668199347788038,0.967927730353579,1.1855880672819208,0.9968166949469817,-399.88592533552634,-582.2688645027876,hourly_window_mean_factor_top_available_analogs,4,-52.4117899201262,30.57354412007597,1.4839124081558303e-12,-52.4117899201262,30.57354412007597,1.4839124081558303e-12,347.47413541540016,612.8424086228636,515.0751500727454,399.88592533552634,3.318006522119625,347.47413541540016,2.872293044581409,582.2688645027876,4.778194162193143,612.8424086228636,4.903681363429967,515.0751500727454,4.155275140696288,-30.573544120076008,-0.12548720123682333,0.08495515410134935
experiment_2026_08_31_06_38_ercot_criterion_holiday_identity,ERCOT_demand_COAST,2026-03-02,Texas Independence Day,H2,R,observance_tier,True,2026-03-02,19,True,True,4,False,2,6,4,pearson,RidgeReg,standard,2,{'alpha': 16.965337183706236},2026-03-01 10:00:00,2026-03-03,1224.0449364528085,8.666397602327004,860.385061,6.055,,14,24,4,4,4,4,0.07647383022941984,12219.944308473403,11812.231797068673,1224.0449364528085,8.666397602327004,8.571239998753162,1212.5372285265976,774.2465569896336,5.553230332611685,5.294945408625546,743.0113497613465,1486.4273244729936,10.482411842994274,10.482411842994274,1486.4273244729936,539.462463257153,3.925489847448405,3.197445267923763,448.98962545168695,1657.9399969869617,12.054847568199216,12.054847568199216,1657.9399969869617,1245.869326665453,9.05982103950155,8.791594089150365,1212.537228526597,949.5421748485651,6.53645217985131,5.742504418962579,860.9760992778997,920.3918062918752,6.348053635636922,5.333932734427209,807.0633035601913,821.7095419333401,5.819446896369957,3.147603033131839,518.5676710458148,1152.600014188859,7.953430881563654,7.947847426471944,1151.9806195410663,1.0529494540862554,1.0575136039136477,1.081937069137719,1.028313591426044,743.0113497613465,1486.4273244729936,hourly_window_mean_factor_top_available_analogs,4,294.0217243096596,-171.51267251396789,1.436044265957255e-13,294.0217243096596,-171.51267251396789,1.436044265957255e-13,-448.98962545168695,-1657.9399969869614,-1212.5372285265973,774.2465569896336,5.553230332611685,539.462463257153,3.925489847448405,1486.4273244729936,10.482411842994274,1657.9399969869617,12.054847568199216,1245.869326665453,9.05982103950155,-171.51267251396803,-1.572435725204942,-0.39342343717454575
experiment_2026_08_31_06_38_ercot_criterion_holiday_identity,ERCOT_demand_EAST,2025-01-01,New Year's Day,H2,O,observance_tier,True,2025-01-01,19,True,True,5,False,2,5,5,pearson,RidgeReg,minmax,2,{'alpha': 29.6269336703212},2024-12-31 10:00:00,2025-01-02,178.64045942460837,11.039603038114928,193.957599,11.296,,14,24,4,4,5,4,0.03960073465338199,1402.5650801017073,1392.558162076478,178.64045942460837,11.039603038114928,11.039603038114928,178.64045942460837,119.49566771218501,7.7074893662036335,7.7074893662036335,119.49566771218501,213.141587923522,12.98333601339651,12.98333601339651,213.141587923522,102.68775492705915,6.612704233564922,6.612704233564922,102.68775492705915,222.9462037148456,13.636287865443075,13.636287865443075,222.9462037148456,178.64045942460848,11.048651790540598,11.048651790540598,178.64045942460848,118.40943318931677,7.156652664042358,6.276535889803907,105.81031566327681,111.77234217324992,6.764720904627098,5.6592750337472735,95.93207391219896,132.23345516040033,7.973074927452598,7.561310885471632,126.37102006955354,208.8035335422828,12.712264376514193,12.712264376514193,208.8035335422828,1.0770748936620362,1.084168487323035,1.0623101930080843,1.0031151692614193,119.49566771218501,213.141587923522,hourly_window_mean_factor_top_available_analogs,4,16.80791278512587,-9.804615791323632,-1.3163739104608172e-13,16.80791278512587,-9.804615791323632,-1.3163739104608172e-13,-102.68775492705915,-222.94620371484564,-178.6404594246085,119.49566771218501,7.7074893662036335,102.68775492705915,6.612704233564922,213.141587923522,12.98333601339651,222.9462037148456,13.636287865443075,178.64045942460848,11.048651790540598,-9.804615791323613,-0.6529518520465647,-0.009048752425670159
experiment_2026_08_31_06_38_ercot_criterion_holiday_identity,ERCOT_demand_EAST,2025-01-20,Martin Luther King Jr. Day,H2,M,observance_tier,True,2025-01-20,19,True,True,4,False,2,5,4,pearson,RidgeReg,standard,2,{'alpha': 17.189562446961098},2025-01-19 10:00:00,2025-01-21,492.81053478372536,18.811298526136135,196.279166,11.467,,14,24,4,4,4,4,0.07311070574999873,2137.1551353741697,2179.1798663617806,492.81053478372536,18.811298526136135,18.811298526136135,492.81053478372536,406.03707881887743,16.511423252232767,16.511423252232767,406.03707881887743,543.4283840965531,20.1528924359131,20.1528924359131,543.4283840965531,380.1815669774339,15.4071972137269,15.4071972137269,380.1815669774339,558.5107660040616,20.66345828529137,20.66345828529137,558.5107660040616,492.81053478372496,18.726941048399198,18.726941048399198,492.81053478372496,194.04063532867272,7.313839965530097,6.968998551341152,183.61477293411943,150.72743144790084,5.652834371923535,4.453562472479583,114.96372438141488,174.36510101180252,6.214533854925844,-4.716712705672617,-135.3105766781089,743.9082065779072,27.498653195360287,27.498653195360287,743.9082065779072,1.1651142325223276,1.196617390940967,1.3114653229188655,0.9080021683496634,406.03707881887743,543.4283840965531,hourly_window_mean_factor_top_available_analogs,4,25.85551184144354,-15.082381907508326,2.5729126431734153e-13,25.85551184144354,-15.082381907508326,2.5729126431734153e-13,-380.1815669774339,-558.5107660040615,-492.8105347837251,406.03707881887743,16.511423252232767,380.1815669774339,15.4071972137269,543.4283840965531,20.1528924359131,558.5107660040616,20.66345828529137,492.81053478372496,18.726941048399198,-15.08238190750842,-0.5105658493782705,0.08435747773693691
experiment_2026_08_31_06_38_ercot_criterion_holiday_identity,ERCOT_demand_EAST,2025-02-17,Presidents' Day,H2,P,observance_tier,True,2025-02-17,19,True,True,5,False,2,5,5,pearson,RidgeReg,minmax,2,{'alpha': 29.6269336703212},2025-02-16 10:00:00,2025-02-18,352.7423378967431,16.61111416298216,208.57714,11.743,,14,24,4,4,5,4,0.06156879476488807,1635.1413648298378,1626.033179128187,352.7423378967431,16.61111416298216,16.60717515363111,352.67918467016216,288.5450697530461,14.311974964696796,14.311974964696796,288.5450697530461,390.19074431389964,17.95227869531529,17.946041930509463,390.0907517051466,322.76308899323345,16.43459883431152,16.43459883431152,322.76308899323345,385.9465498205245,17.734336938099982,16.758432299643456,370.130240481704,362.6684326736278,17.255486057756872,16.639125233468537,352.67918467016216,239.15224199019556,11.137733719051658,6.202499994061161,157.37329019065683,221.6264859667302,10.51457293629551,3.6033567022271265,105.86702127610432,275.6188425327694,12.655183743447013,9.84258461239671,229.5075114214611,393.4449395357062,18.115303167696215,18.115303167696215,393.4449395357062,1.143119749646968,1.1747957754351799,1.0987576651847804,0.9979371959480199,288.5450697530461,390.0907517051466,hourly_window_mean_factor_top_available_analogs,4,-34.218019240187246,19.96051122344254,-1.1967035549643792e-14,-34.218019240187246,19.96051122344254,-1.1967035549643792e-14,-322.76308899323334,-370.13024048170405,-352.67918467016216,288.5450697530461,14.311974964696796,322.76308899323345,16.43459883431152,390.19074431389964,17.95227869531529,385.9465498205245,17.734336938099982,362.6684326736278,17.255486057756872,4.244194493375119,0.21794175721530706,-0.6443718947747108
experiment_2026_08_31_06_38_ercot_criterion_holiday_identity,ERCOT_demand_EAST,2025-03-02,Texas Independence Day,H2,R,observance_tier,True,2025-03-02,19,True,True,5,False,2,5,5,pearson,RidgeReg,minmax,2,{'alpha': 26.942213191525507},2025-03-01 10:00:00,2025-03-03,46.72971227476643,3.2706132141369237,220.79105,12.126,,14,24,4,4,5,4,0.05014090057076151,1458.4278794580237,1431.0022909291322,46.72971227476643,3.2706132141369237,-2.134676274459661,-29.434432010655428,51.09711039005807,3.4630702096325976,-1.7095346847783297,-23.966812936124207,44.18206337417964,3.158346633431113,-2.3826755351071043,-32.62387647079864,62.13228422845394,4.21847524058968,-1.5165942238901116,-20.553283335724814,46.08203628738227,3.33501510370208,-2.5903563402997594,-34.61510207103137,51.99528552882973,3.660500417292248,-2.194759771096205,-29.43443201065527,39.05144088103626,2.780300152621315,-0.6324081856303948,-8.160395967392683,39.09262529092709,2.7836245096078063,-0.7527326221499163,-9.842170187633192,43.70153720091679,3.122296274731294,-2.300334629751928,-31.472997930219453,133.7640510619083,9.618863586212381,-9.618863586212381,-133.7640510619083,0.9829046531522168,0.9840798953100393,0.9991957535303232,1.0706778565151287,-23.966812936124207,-32.62387647079864,hourly_window_mean_factor_top_available_analogs,4,-3.413529600399394,1.9912256002327335,-1.555714621453693e-13,-3.413529600399394,1.9912256002327335,-1.555714621453693e-13,20.553283335724814,34.61510207103137,29.43443201065527,51.09711039005807,3.4630702096325976,62.13228422845394,4.21847524058968,44.18206337417964,3.158346633431113,46.08203628738227,3.33501510370208,51.99528552882973,3.660500417292248,-1.8999729132026317,-0.17666847027096688,-0.38988720315532444
experiment_2026_08_31_06_38_ercot_criterion_holiday_identity,ERCOT_demand_EAST,2025-04-21,San Jacinto Day,H2,Q,observance_tier,True,2025-04-21,19,True,True,5,False,2,5,5,pearson,RidgeReg,minmax,2,{'alpha': 29.6269336703212},2025-04-20 10:00:00,2025-04-22,113.06312510903567,7.112114748533346,218.168941,11.938,,14,24,4,4,5,4,0.09383725680615405,1585.4621158529364,1545.500636654282,113.06312510903567,7.112114748533346,-0.5096761046805214,13.062839936536959,46.50490643054062,2.8770114225681835,-1.1434639018454222,-16.478276979201933,151.88875267149112,9.58259168867969,-0.13996655633433,30.295158137384647,63.09093411828668,3.8511126118863253,-2.155342236222552,-33.99065043182215,90.48949508072648,5.324464821168908,1.4349712918940645,40.510709318080245,80.39528841035393,4.781650849327956,0.11222420258794258,13.062839936537259,151.6447015619161,9.37772955337128,1.0050978125574306,47.96740002031752,151.67611355832008,9.404097508300177,0.8577157420534368,45.69279287166015,222.64322506467053,16.187655964182778,-15.103072556679129,-200.63651325326848,154.5255028378953,10.347816045404047,-3.7871904820252937,-25.993924963168485,0.9885653609815458,0.9900371217137713,1.149421919288611,1.036421261671175,-16.478276979201933,30.295158137384647,hourly_window_mean_factor_top_available_analogs,4,17.512373452620213,-10.215551180695599,-2.9917588874109484e-13,17.512373452620213,-10.215551180695599,-2.9917588874109484e-13,33.99065043182215,-40.510709318080245,-13.062839936537257,46.50490643054062,2.8770114225681835,63.09093411828668,3.8511126118863253,151.88875267149112,9.58259168867969,90.48949508072648,5.324464821168908,80.39528841035393,4.781650849327956,61.399257590764634,4.258126867510782,2.330463899205389
experiment_2026_08_31_06_38_ercot_criterion_holiday_identity,ERCOT_demand_EAST,2025-05-26,Memorial Day,H2,N,observance_tier,True,2025-05-26,19,True,True,6,False,2,6,6,pearson,RidgeReg,minmax,2,{'alpha': 26.942213191525507},2025-05-25 10:00:00,2025-05-27,263.74475279707565,15.514123508286914,212.552799,11.655,,14,24,4,4,6,4,0.14895139358997103,2179.327197689375,2097.652189770693,263.74475279707565,15.514123508286914,-14.989847376462212,-253.0380947156904,14.134081096947495,0.6350199778204261,-0.025210935381541018,0.8382874500280033,409.35097795548376,24.1936005677257,-23.719218633759272,-401.1326509790262,42.2975533591702,1.7811224737474112,-1.7806058485176999,-42.28612138715011,423.7873046165205,24.919977174475775,-22.144167433166682,-375.9767458240066,283.23844889012827,16.395135968944274,-14.64180263882232,-253.03809471569107,409.00142844961664,24.172794755747535,-23.688027861494973,-400.6038132409338,409.8521051825797,24.223428556863396,-23.763934889835824,-401.8908125121587,984.3448952624307,58.11699130181612,-58.11699130181612,-984.3448952624307,609.5203511322766,36.009894638852664,-36.009894638852664,-609.5203511322766,0.9997478906461846,1.0003614333857775,1.2780309562888779,1.099343304466519,0.8382874500280033,-401.1326509790262,hourly_window_mean_factor_top_available_analogs,4,43.124408837178116,-25.1559051550196,6.103188130318334e-13,43.124408837178116,-25.1559051550196,6.103188130318334e-13,42.28612138715011,375.9767458240066,253.038094715691,14.134081096947495,0.6350199778204261,42.2975533591702,1.7811224737474112,409.35097795548376,24.1936005677257,423.7873046165205,24.919977174475775,283.23844889012827,16.395135968944274,-14.43632666103673,-0.7263766067500761,-0.8810124606573595
experiment_2026_08_31_06_38_ercot_criterion_holiday_identity,ERCOT_demand_EAST,2025-06-19,Juneteenth National Independence Day,H2,J,observance_tier,True,2025-06-19,19,True,True,6,False,2,6,6,pearson,RidgeReg,minmax,2,{'alpha': 26.942213191525507},2025-06-18 10:00:00,2025-06-20,106.54011615737235,4.416505137609016,182.245179,10.92,,14,24,4,4,6,4,0.14484080551657474,2160.9686525711622,2060.01551439499,106.54011615737235,4.416505137609016,4.4127699583022935,106.47318595515371,84.70453034111472,3.5049322177957203,3.5049322177957203,84.70453034111472,119.27754121685598,4.948256007500106,4.942341973597796,119.17156839667645,70.19997397184628,2.9162966012692655,1.628037045520893,37.35072709251475,146.79462029169284,6.771238042854943,6.771238042854943,146.79462029169284,118.5755400685915,5.350996459112852,4.876374517521347,106.47318595515355,76.09253683205839,3.2893550314502007,1.6106354919483346,46.96942094105598,75.1487243503148,3.2633084148235874,1.4925961586540148,44.41136446308551,109.32504735958032,5.585256863481869,-5.509043935753062,-107.32272535303923,68.55216086968399,3.5735196902281388,-2.8022645230125733,-48.66351051375048,1.0350493221779573,1.0362910878152038,1.1099478582403954,1.0814727256846504,84.70453034111472,119.17156839667645,hourly_window_mean_factor_top_available_analogs,4,47.35380324859997,-27.623051895016403,1.555714621453693e-13,47.35380324859997,-27.623051895016403,1.555714621453693e-13,-37.35072709251475,-146.79462029169287,-106.47318595515355,84.70453034111472,3.5049322177957203,70.19997397184628,2.9162966012692655,119.27754121685598,4.948256007500106,146.79462029169284,6.771238042854943,118.5755400685915,5.350996459112852,-27.517079074836857,-1.822982035354837,-0.9344913215038364
experiment_2026_08_31_06_38_ercot_criterion_holiday_identity,ERCOT_demand_EAST,2025-07-04,Independence Day,H2,I,observance_tier,True,2025-07-04,19,True,True,6,False,2,6,6,pearson,RidgeReg,minmax,2,{'alpha': 26.942213191525507},2025-07-03 10:00:00,2025-07-05,232.12090252866096,11.587172942313556,174.629678,10.352,,14,24,4,4,6,4,0.14806843316213178,2222.532314212872,2079.5656768747644,232.12090252866096,11.587172942313556,-11.587172942313556,-232.12090252866096,297.43925972105563,13.744510258198614,-13.744510258198614,-297.43925972105563,194.0185274997641,10.328726174713939,-10.328726174713939,-194.0185274997641,326.5294057025594,14.983801318677731,-14.983801318677731,-326.5294057025594,177.04927567722072,9.179969151859721,-9.179969151859721,-177.04927567722072,232.1209025286613,11.318223108055829,-11.318223108055829,-232.1209025286613,108.81630755896397,5.753938286568453,4.835416912109481,91.80759028426534,88.24448375266746,4.646655974550026,2.9699671112830948,56.64607331371491,498.22998573913395,26.468280240513764,-26.468280240513764,-498.22998573913395,354.91667822116915,18.86497401259783,-18.86497401259783,-354.91667822116915,0.8625548974180138,0.8794630034526317,1.1462860546422118,1.0773710359382387,-297.43925972105563,-194.0185274997641,hourly_window_mean_factor_top_available_analogs,4,29.090145981503838,-16.969251822543384,3.290934776152043e-13,29.090145981503838,-16.969251822543384,3.290934776152043e-13,326.5294057025595,177.04927567722072,232.1209025286613,297.43925972105563,13.744510258198614,326.5294057025594,14.983801318677731,194.0185274997641,10.328726174713939,177.04927567722072,9.179969151859721,232.1209025286613,11.318223108055829,16.969251822543384,1.1487570228542179,0.268949834257727
experiment_2026_08_31_06_38_ercot_criterion_holiday_identity,ERCOT_demand_EAST,2025-08-27,Lyndon B. Johnson Day,H2,L,observance_tier,True,2025-08-27,19,True,True,6,False,2,6,6,pearson,RidgeReg,minmax,2,{'alpha': 26.942213191525507},2025-08-26 10:00:00,2025-08-28,61.259131053785666,2.788074557819256,169.289674,9.719,,14,24,4,4,6,4,0.14890087808443794,2204.732455264593,2093.641963699642,61.259131053785666,2.788074557819256,1.3636409182733373,30.079171577511932,55.35697776103906,2.3059628164056805,1.0269226501752375,27.82377612406159,64.70205380788785,3.069306406977176,1.560059907997229,31.394818925357963,80.4402290588934,3.406173232246296,0.8954250726505347,26.62820248276119,63.11566211604053,3.058350126555618,1.6108270684362722,32.092236882783475,69.49839730551264,3.1864954812837625,1.3472579120941581,30.079171577512103,60.927363633461454,2.8473745475499057,0.5491578663735215,9.89473538655279,60.95256944118568,2.840058033289397,0.4165222536934104,7.073812452949208,105.50047693028527,4.877749494388118,-4.660125149460463,-100.89742389904484,89.47127286883718,4.120194578986372,-3.5070734918915645,-76.37407154487374,1.0102692265017523,1.011616602501333,1.0631876152265458,1.0514743649290421,27.82377612406159,31.394818925357963,hourly_window_mean_factor_top_available_analogs,4,1.195573641300403,-0.6974179574255098,-1.73522015469835e-13,1.195573641300403,-0.6974179574255098,-1.73522015469835e-13,-26.62820248276119,-32.092236882783475,-30.079171577512106,55.35697776103906,2.3059628164056805,80.4402290588934,3.406173232246296,64.70205380788785,3.069306406977176,63.11566211604053,3.058350126555618,69.49839730551264,3.1864954812837625,1.586391691847318,0.010956280421558162,-0.3984209234645064
experiment_2026_08_31_06_38_ercot_criterion_holiday_identity,ERCOT_demand_EAST,2025-09-01,Labor Day,H2,K,observance_tier,True,2025-09-01,19,True,True,6,False,2,6,6,pearson,RidgeReg,minmax,2,{'alpha': 23.384624944840873},2025-08-31 10:00:00,2025-09-02,132.24223007288097,6.9975010615551865,156.944371,8.775,,14,24,4,4,6,4,0.13365458168320862,1875.8852360671349,1830.9036052041674,132.24223007288097,6.9975010615551865,-1.5946506048633187,-9.305358330292997,113.41402083222245,6.313411980780123,-6.313411980780123,-113.41402083222245,143.2253521299318,7.396553025340637,1.1579601977548186,51.424694795832515,149.94516167484522,8.131724025398425,-8.131724025398425,-149.94516167484522,84.53321481126441,4.012219514914797,3.250161454728895,72.73452695402953,108.63235312942578,5.529931702987713,-0.9431647747916972,-9.305358330292739,179.09150626934027,8.232346573643282,7.398265380677226,167.0171823633277,175.00828700324277,8.086594038618925,6.897894994627698,157.74855592068855,139.32021126646188,8.597447443697567,-6.675055059007732,-93.6704074695503,134.5110060404218,8.166542661636734,-5.554685422611432,-72.917205587605,0.9368658801921987,0.9419282037445114,1.0792478106728087,1.0679128600926928,-113.41402083222245,51.424694795832515,hourly_window_mean_factor_top_available_analogs,4,36.531140842622776,-21.309832158197025,-2.5729126431734153e-13,36.531140842622776,-21.309832158197025,-2.5729126431734153e-13,149.94516167484522,-72.73452695402955,9.305358330292739,113.41402083222245,6.313411980780123,149.94516167484522,8.131724025398425,143.2253521299318,7.396553025340637,84.53321481126441,4.012219514914797,108.63235312942578,5.529931702987713,58.69213731866738,3.38433351042584,1.4675693585674736
experiment_2026_08_31_06_38_ercot_criterion_holiday_identity,ERCOT_demand_EAST,2025-11-11,Veterans Day,H2,T,observance_tier,True,2025-11-11,19,True,True,6,False,2,6,6,pearson,RidgeReg,minmax,2,{'alpha': 26.942213191525507},2025-11-10 10:00:00,2025-11-12,246.15971520921923,13.805948484973095,160.134912,8.969,,14,24,4,4,6,4,0.0644387695902065,1465.7251371328862,1433.4817078613148,246.15971520921923,13.805948484973095,13.805948484973095,246.15971520921923,207.36991154442012,11.676117998173625,11.676117998173625,207.36991154442012,268.787100680352,15.048349602272788,15.048349602272788,268.787100680352,164.23457758588876,9.090010062940191,9.090010062940191,164.23457758588876,293.94937882282835,16.452605132930895,16.452605132930895,293.94937882282835,246.15971520921903,13.740070107144845,13.740070107144845,246.15971520921903,169.63979252519005,9.477490886584645,5.1292946604382195,101.41208498823032,169.93347898444406,9.60338686397837,3.4662187618209512,73.34919429344691,169.91913783252502,9.473589000841868,5.452829344555485,106.87143803634011,187.25101337983946,10.268724189152218,9.668065396112405,177.9997062446062,1.1167611799817363,1.1363379144045647,1.112952723258382,1.063333486529937,207.36991154442012,268.787100680352,hourly_window_mean_factor_top_available_analogs,4,43.13533395853137,-25.162278142476378,1.615549799201912e-13,43.13533395853137,-25.162278142476378,1.615549799201912e-13,-164.23457758588876,-293.9493788228284,-246.15971520921906,207.36991154442012,11.676117998173625,164.23457758588876,9.090010062940191,268.787100680352,15.048349602272788,293.94937882282835,16.452605132930895,246.15971520921903,13.740070107144845,-25.16227814247634,-1.4042555306581068,0.06587837782825012
experiment_2026_08_31_06_38_ercot_criterion_holiday_identity,ERCOT_demand_EAST,2025-11-27,Thanksgiving Day,H1,S,observance_tier,True,2025-11-27,19,True,True,6,False,2,6,6,pearson,RidgeReg,minmax,2,{'alpha': 26.942213191525507},2025-11-26 10:00:00,2025-11-28,32.91385885574027,2.2248343883594632,163.143042,9.153,,14,24,4,4,6,4,0.07120469658435911,1470.9583135797357,1428.765386362159,32.91385885574027,2.2248343883594632,1.0015298074502759,15.97585315710682,35.08933504727671,2.225120166874978,2.225120166874978,35.08933504727671,31.64483107734402,2.224667684225413,0.28776876445253324,4.826322054507718,15.963337590067178,1.0068800554472568,0.2701722855250846,4.3490689644233305,42.24110524926908,2.9525748711272635,1.5887941441406348,22.758143936171546,32.55982242745785,2.2357399390346298,1.1029860909664848,15.975853157106414,43.525171629455066,3.0724875987661573,-1.9309482016106383,-26.96542469476579,43.940036166091865,3.1016524615737135,-1.9793605845902793,-27.659120304777975,119.40850259757508,8.382466168069948,-8.382466168069948,-119.40850259757508,39.44062830147907,2.7856316560096483,-1.3996776067021415,-19.352907881214765,1.0222512016687497,1.0227367226763509,1.0869525716663688,1.016923163289451,35.08933504727671,4.826322054507718,hourly_window_mean_factor_top_available_analogs,4,30.740266082853378,-17.931821881663826,4.0687920868788895e-13,30.740266082853378,-17.931821881663826,4.0687920868788895e-13,-4.349068964423335,-22.758143936171543,-15.975853157106414,35.08933504727671,2.225120166874978,15.963337590067178,1.0068800554472568,31.64483107734402,2.224667684225413,42.24110524926908,2.9525748711272635,32.55982242745785,2.2357399390346298,-10.596274171925064,-0.7279071869018505,-0.01090555067516652
experiment_2026_08_31_06_38_ercot_criterion_holiday_identity,ERCOT_demand_EAST,2025-11-28,Day after Thanksgiving,H2,H,observance_tier,True,2025-11-28,19,True,True,6,False,2,6,6,pearson,RidgeReg,minmax,2,{'alpha': 26.942213191525507},2025-11-27 10:00:00,2025-11-29,73.65444792287246,4.8692239465191465,162.155716,9.152,,14,24,4,4,6,4,0.05721768045964286,1432.367142622212,1420.4810916925828,73.65444792287246,4.8692239465191465,3.0310255913097213,48.57616658831445,40.31200612079569,2.9212262756558056,-2.0681692599126356,-27.757614644433197,93.10420564075058,6.005555921189429,6.005555921189429,93.10420564075058,65.42792550379565,4.605155470510348,-3.678245495486267,-52.084334064717595,107.29479196924962,7.067997999499139,7.067997999499139,107.29479196924962,91.87015695566132,6.160634962503268,3.108855659241358,48.57616658831433,122.48215892200797,7.949520119653159,7.949520119653159,122.48215892200797,120.2453865050403,7.801510983105502,7.801510983105502,120.2453865050403,109.81914050408994,7.422054782708776,-7.422054782708776,-109.81914050408994,90.50656947960412,5.83366812323568,5.83366812323568,90.50656947960412,0.9793183074008737,0.980892965754335,1.1428553659260934,1.0018287016816614,-27.757614644433197,93.10420564075058,hourly_window_mean_factor_top_available_analogs,4,24.326719420284398,-14.190586328499043,1.1967035549643792e-13,24.326719420284398,-14.190586328499043,1.1967035549643792e-13,52.084334064717595,-107.29479196924962,-48.57616658831433,40.31200612079569,2.9212262756558056,65.42792550379565,4.605155470510348,93.10420564075058,6.005555921189429,107.29479196924962,7.067997999499139,91.87015695566132,6.160634962503268,-14.190586328499037,-1.0624420783097097,-1.2914110159841217
experiment_2026_08_31_06_38_ercot_criterion_holiday_identity,ERCOT_demand_EAST,2025-12-24,Christmas Eve,H1,G,observance_tier,True,2025-12-24,19,True,True,6,False,2,6,6,pearson,RidgeReg,minmax,2,{'alpha': 3.333900631770827},2025-12-23 10:00:00,2025-12-25,144.107853512503,9.56269098216647,162.184885,9.365,,14,24,4,4,6,4,0.043997575868179456,1620.2459015558397,1624.4763350717394,144.107853512503,9.56269098216647,-4.116089227617377,-48.8750911347873,103.5910873960939,5.865738227609309,5.801688902163925,102.53066739998755,167.74263374707502,11.719246755658148,-9.901459803323137,-137.1951169467393,104.95837490595311,5.928047950576335,5.240732098547349,93.68844091046851,154.98491043404545,10.800443894382795,-9.438649092130868,-132.03715149451955,136.55408155527456,9.005350651927781,-4.0304560218809975,-48.8750911347871,238.17376383310716,16.673808781950175,-16.277600600048682,-231.44218019687568,246.0068515051167,17.21327641127867,-16.88739521868578,-240.45568128232807,154.7952481616221,10.784691514495819,-8.51061300113805,-116.63672109009427,111.19239226791554,7.468936560551769,-1.758461919002719,-16.831771607282974,1.0580168890216393,1.0635654469728109,0.9873446012029857,0.9259063719545407,102.53066739998755,-137.1951169467393,hourly_window_mean_factor_top_available_analogs,4,8.842226489519037,-5.157965452219751,-1.9745608656912259e-13,8.842226489519037,-5.157965452219751,-1.9745608656912259e-13,-93.68844091046851,132.03715149451955,48.8750911347871,103.5910873960939,5.865738227609309,104.95837490595311,5.928047950576335,167.74263374707502,11.719246755658148,154.98491043404545,10.800443894382795,136.55408155527456,9.005350651927781,12.757723313029572,0.9188028612753527,0.5573403302386897
experiment_2026_08_31_06_38_ercot_criterion_holiday_identity,ERCOT_demand_EAST,2025-12-25,Christmas Day,H2,F,observance_tier,True,2025-12-25,19,True,True,5,False,2,6,5,pearson,RidgeReg,minmax,2,{'alpha': 23.66154006460317},2025-12-24 10:00:00,2025-12-26,163.7955764489515,12.144219963530643,164.462213,9.524,,14,24,4,4,5,4,0.050583398494540084,1584.2096564404465,1580.1517653733638,163.7955764489515,12.144219963530643,-11.126951025822121,-146.75751554570954,55.84431250710166,3.613451173495639,-0.852292628286793,-9.598147198302042,226.7671470816972,17.120501757717733,-17.120501757717733,-226.7671470816972,89.14481998503045,5.810451521042667,-3.4747304183319767,-49.81802283170207,204.230951224038,15.553213921721877,-15.490504458621144,-203.30555296221402,161.83079760966677,11.963775142524275,-11.063640338514608,-146.75751554570962,213.29963006967648,16.122292355024204,-16.122292355024204,-213.29963006967648,217.2354396120173,16.414013693773494,-16.414013693773494,-217.2354396120173,471.9013869948999,35.28979777457678,-35.28979777457678,-471.9013869948999,132.47591624100562,10.103038939556765,-9.789398484958342,-127.85828309348567,0.9914770737171321,0.9939678531654029,1.1551333519253966,0.9374054656295365,-9.598147198302042,-226.7671470816972,hourly_window_mean_factor_top_available_analogs,4,40.21987563340003,-23.46159411948319,1.0171980217197224e-13,40.21987563340003,-23.46159411948319,1.0171980217197224e-13,49.81802283170207,203.30555296221402,146.75751554570965,55.84431250710166,3.613451173495639,89.14481998503045,5.810451521042667,226.7671470816972,17.120501757717733,204.230951224038,15.553213921721877,161.83079760966677,11.963775142524275,22.53619585765921,1.567287835995856,0.18044482100636827
experiment_2026_08_31_06_38_ercot_criterion_holiday_identity,ERCOT_demand_EAST,2026-01-01,New Year's Day,H2,O,observance_tier,True,2026-01-01,19,True,True,5,False,2,6,5,pearson,RidgeReg,minmax,2,{'alpha': 23.66154006460317},2025-12-31 10:00:00,2026-01-02,328.7521450719659,20.43046655268522,163.34645,9.59,,14,24,4,4,5,4,0.045187901892838535,1993.3689513877555,2011.5723390009969,328.7521450719659,20.43046655268522,-20.43046655268522,-328.7521450719659,222.06907269362773,13.089785040332824,-13.089785040332824,-222.06907269362773,390.98393729266326,24.712530768224113,-24.712530768224113,-390.98393729266326,267.532692194984,15.713887481720747,-15.713887481720747,-267.532692194984,364.46349258353894,23.077012135571035,-23.077012135571035,-364.46349258353894,328.752145071966,20.364281999941976,-20.364281999941976,-328.752145071966,134.76763646775927,8.79237518612232,-8.38792857230464,-127.6734421866377,163.4126738909616,10.603221931502874,-10.59811008666915,-163.32294726106906,1282.1870327724746,79.96492776676301,-79.96492776676301,-1282.1870327724746,407.5029736434141,25.736670337660403,-25.736670337660403,-407.5029736434141,0.8691021495966718,0.8868243584296566,1.4430380544616197,1.0082120021390604,-222.06907269362773,-390.98393729266326,hourly_window_mean_factor_top_available_analogs,4,45.463619501356256,-26.520444709124348,8.376924884750654e-14,45.463619501356256,-26.520444709124348,8.376924884750654e-14,267.532692194984,364.46349258353894,328.75214507196597,222.06907269362773,13.089785040332824,267.532692194984,15.713887481720747,390.98393729266326,24.712530768224113,364.46349258353894,23.077012135571035,328.752145071966,20.364281999941976,26.52044470912432,1.6355186326530777,0.06618455274324475
experiment_2026_08_31_06_38_ercot_criterion_holiday_identity,ERCOT_demand_EAST,2026-01-19,Martin Luther King Jr. Day,H2,M,observance_tier,True,2026-01-19,19,True,True,5,False,2,6,5,pearson,RidgeReg,minmax,2,{'alpha': 12.531236181133504},2026-01-18 10:00:00,2026-01-20,340.2934657870505,17.847532484461848,175.101806,10.342,,14,24,4,4,5,4,0.0687261005913446,2329.3660715765245,2379.557291359937,340.2934657870505,17.847532484461848,-17.847532484461848,-340.2934657870505,274.75905294781654,14.595983217916002,-14.595983217916002,-274.75905294781654,378.5218732766036,19.74426955661359,-19.74426955661359,-378.5218732766036,284.0662505295674,14.7237549868677,-14.7237549868677,-284.0662505295674,373.0926746872494,19.1017114744968,-19.1017114744968,-373.0926746872494,340.2934657870508,17.488780136949238,-17.488780136949238,-340.2934657870508,115.97444564618642,5.973253885547533,-2.2664160677141765,-31.202090369010772,126.9829835842847,6.764655694362623,-5.078165870739431,-87.07716288849633,1204.2071420894506,61.29446872880701,-61.29446872880701,-1204.2071420894506,179.4365257946965,9.683169642261335,-9.507115178918772,-175.08921272073505,0.85404016782084,0.8775214568498394,1.3469911280601952,0.9145081896979227,-274.75905294781654,-378.5218732766036,hourly_window_mean_factor_top_available_analogs,4,9.307197581750936,-5.429198589354239,2.9917588874109484e-13,9.307197581750936,-5.429198589354239,2.9917588874109484e-13,284.06625052956747,373.09267468724937,340.29346578705076,274.75905294781654,14.595983217916002,284.0662505295674,14.7237549868677,378.5218732766036,19.74426955661359,373.0926746872494,19.1017114744968,340.2934657870508,17.488780136949238,5.4291985893542005,0.6425580821167927,0.35875234751260976
experiment_2026_08_31_06_38_ercot_criterion_holiday_identity,ERCOT_demand_EAST,2026-02-16,Presidents' Day,H2,P,observance_tier,True,2026-02-16,19,True,True,5,False,2,6,5,pearson,RidgeReg,minmax,2,{'alpha': 23.66154006460317},2026-02-15 10:00:00,2026-02-17,86.45437874986062,5.3541400554247565,183.16732,10.541,,14,24,4,4,5,4,0.07497616867177037,1517.0700472831732,1517.251716192488,86.45437874986062,5.3541400554247565,5.33241805751764,86.10999674314287,42.6485622938867,2.7178667247288257,2.6589070161237998,41.71381113279569,112.00777168251206,6.891966164997381,6.891966164997381,112.00777168251206,59.0620180667508,3.7947699798707455,3.7290354023352745,58.01985768080429,110.78699257785394,6.9108132324692875,6.421866402130085,102.49591119617331,91.73042302113173,5.762797297301403,5.429770770626734,86.10999674314263,83.43143351178999,5.117314590663958,4.416310120783584,71.66545934841139,82.79353188931911,5.077403539975106,4.3313141929106225,70.28039930447196,99.37018598329014,6.030601125902088,-3.758934527490665,-61.55509597841035,102.25358211956485,6.291973716969871,6.251821983837675,101.57623513866908,1.026589070161238,1.0275019444253812,1.114392928878324,1.006875284062964,41.71381113279569,112.00777168251206,hourly_window_mean_factor_top_available_analogs,4,-16.3060465480086,9.511860486338756,2.5729126431734153e-13,-16.3060465480086,9.511860486338756,2.5729126431734153e-13,-58.01985768080429,-102.4959111961733,-86.10999674314262,42.6485622938867,2.7178667247288257,59.0620180667508,3.7947699798707455,112.00777168251206,6.891966164997381,110.78699257785394,6.9108132324692875,91.73042302113173,5.762797297301403,1.2207791046581207,-0.018847067471906342,-0.40865724187664654
experiment_2026_08_31_06_38_ercot_criterion_holiday_identity,ERCOT_demand_EAST,2026-03-02,Texas Independence Day,H2,R,observance_tier,True,2026-03-02,19,True,True,5,False,2,6,5,pearson,RidgeReg,minmax,2,{'alpha': 23.66154006460317},2026-03-01 10:00:00,2026-03-03,163.0784333141698,9.537673339726032,171.681847,9.611,,14,24,4,4,5,4,0.058049752646993635,1492.6591487979138,1472.898749067824,163.0784333141698,9.537673339726032,5.913767094661973,115.60526804419133,129.51294977043946,7.452957424800721,7.176989079707328,125.47282009336054,182.65829871467918,10.753757623432463,5.176887603385516,109.84919601550932,124.73582208689632,7.243638617771489,6.074257894554194,107.56218905020214,174.80370345123455,10.086407927798964,6.097802752927071,120.2970641240186,156.357641895952,9.039071866209895,6.089128331421274,115.60526804419145,176.35308321923185,11.319218311449347,-1.628556818358102,4.139413639765896,177.20014274417835,11.510370914710359,-2.6170576274449546,-11.215087687576528,175.43116678222256,11.11117304221682,-0.5526995532481184,20.850833249449607,193.12218965478246,11.0575035648689,7.9266317258284955,152.56130043645078,1.0717698907970732,1.082194572966883,1.0604239516276224,0.9710013302353788,125.47282009336054,109.84919601550932,hourly_window_mean_factor_top_available_analogs,4,17.910631043158414,-10.447868108509264,-1.1967035549643792e-13,17.910631043158414,-10.447868108509264,-1.1967035549643792e-13,-107.56218905020212,-120.29706412401859,-115.60526804419145,129.51294977043946,7.452957424800721,124.73582208689632,7.243638617771489,182.65829871467918,10.753757623432463,174.80370345123455,10.086407927798964,156.357641895952,9.039071866209895,7.854595263444622,0.667349695633499,0.49860147351613726
experiment_2026_08_31_06_38_ercot_criterion_holiday_identity,ERCOT_demand_ERCOT,2025-01-01,New Year's Day,H2,O,observance_tier,True,2025-01-01,19,True,True,4,False,2,5,4,pearson,RidgeReg,minmax,2,{'alpha': 23.66154006460317},2024-12-31 10:00:00,2025-01-02,1262.6911882018744,2.7673578556823144,3525.96207,6.656,,14,24,4,4,4,4,0.03698831597647589,44845.29935448719,44580.727886500645,1262.6911882018744,2.7673578556823144,2.0051729068976547,917.0408100128026,1275.6039568929834,2.733669295183724,2.733669295183724,1275.6039568929834,1255.1587397987275,2.787009515973159,1.580216680397448,707.878974332697,1451.875506374603,3.1190176403096683,3.1190176403096683,1451.875506374603,1292.0146357379824,2.8732087669132276,1.3773343399933566,605.0539038017596,1350.9107459725267,2.963769930796127,2.019007134846734,917.0408100128071,1087.0753498426775,2.389270552325805,-1.110254716596881,-510.8106954699794,1094.3891041871327,2.404537190452674,-1.1912590593345043,-547.5028364136748,6614.121073904357,14.584383862875022,-14.584383862875022,-6614.121073904357,1504.447719313578,3.342711334445127,2.985667224195939,1344.4990332038842,1.0273366929518373,1.0281597423429802,1.1642413750371763,0.9857198370450124,1275.6039568929834,707.878974332697,hourly_window_mean_factor_top_available_analogs,4,-176.27154948161947,102.82507053093741,-4.595341651063216e-12,-176.27154948161947,102.82507053093741,-4.595341651063216e-12,-1451.875506374603,-605.0539038017596,-917.0408100128071,1275.6039568929834,2.733669295183724,1451.875506374603,3.1190176403096683,1255.1587397987275,2.787009515973159,1292.0146357379824,2.8732087669132276,1350.9107459725267,2.963769930796127,-36.85589593925488,-0.08619925094006842,-0.19641207511381253
experiment_2026_08_31_06_38_ercot_criterion_holiday_identity,ERCOT_demand_ERCOT,2025-01-20,Martin Luther King Jr. Day,H2,M,observance_tier,True,2025-01-20,19,True,True,4,False,2,5,4,pearson,RidgeReg,minmax,2,{'alpha': 23.66154006460317},2025-01-19 10:00:00,2025-01-21,5868.915325644302,8.644062086374163,3538.436777,6.679,,14,24,4,4,4,4,0.05377237861074078,61182.257129434634,62607.86966015858,5868.915325644302,8.644062086374163,8.644062086374163,5868.915325644302,3654.7607756635466,5.803792673225154,5.803792673225154,3654.7607756635466,7160.505479799743,10.300885910711088,10.300885910711088,7160.505479799743,2934.360712528252,4.68332165800101,4.68332165800101,2934.360712528252,7580.738849962014,10.889054208807524,10.889054208807524,7580.738849962014,5868.915325644313,8.602731690089335,8.602731690089335,5868.915325644313,3526.874527601107,5.094935299249069,5.094935299249069,3526.874527601107,3264.9791917908456,4.7197144247198315,4.7197144247198315,3264.9791917908456,3728.8280714834405,5.300495826025062,-5.2665693382721654,-3705.2117467774024,15953.867022691536,22.89925005479812,22.89925005479812,15953.867022691536,1.0580379267322515,1.0622210324221888,1.1735519398049683,0.859548622391674,3654.7607756635466,7160.505479799743,hourly_window_mean_factor_top_available_analogs,4,720.4000631352943,-420.2333701622717,-1.0530991283686538e-11,720.4000631352943,-420.2333701622717,-1.0530991283686538e-11,-2934.3607125282524,-7580.738849962015,-5868.915325644313,3654.7607756635466,5.803792673225154,2934.360712528252,4.68332165800101,7160.505479799743,10.300885910711088,7580.738849962014,10.889054208807524,5868.915325644313,8.602731690089335,-420.23337016227106,-0.588168298096436,0.041330396284827486
experiment_2026_08_31_06_38_ercot_criterion_holiday_identity,ERCOT_demand_ERCOT,2025-02-17,Presidents' Day,H2,P,observance_tier,True,2025-02-17,19,True,True,4,False,2,5,4,pearson,RidgeReg,standard,2,{'alpha': 16.965337183706236},2025-02-16 10:00:00,2025-02-18,4733.079382041962,8.55281907776841,3776.085358,6.973,,14,24,4,4,4,4,0.05626200350292041,48474.91738604836,48532.97156700271,4733.079382041962,8.55281907776841,8.431068344374653,4674.005903293751,3882.4264621590924,7.263902046113914,7.263902046113914,3882.4264621590924,5229.293585306968,9.30468734623353,9.111915351693417,5135.760577288968,4078.6441911920033,7.691837708055904,7.691837708055904,4078.6441911920033,5964.766081591246,10.76416619071209,8.853033343299836,5021.3002353531,5269.879069338894,9.632255697101915,8.425224425052072,4674.005903293749,3530.345827819547,6.374779221136986,2.50989391125133,1610.3730625935757,3504.578613541962,6.360870814897932,1.8175811529122914,1240.687690237478,7158.92357378672,13.897788198114077,-13.814604336410286,-7106.681679676297,4655.585646944943,8.266731407252976,7.648620217353186,4354.3813522357195,1.0726390204611391,1.0802562209007562,1.2522500036921052,1.016099966678828,3882.4264621590924,5135.760577288968,hourly_window_mean_factor_top_available_analogs,4,-196.21772903291068,114.4603419358685,2.489143394325909e-12,-196.21772903291068,114.4603419358685,2.489143394325909e-12,-4078.644191192003,-5021.3002353531,-4674.005903293748,3882.4264621590924,7.263902046113914,4078.6441911920033,7.691837708055904,5229.293585306968,9.30468734623353,5964.766081591246,10.76416619071209,5269.879069338894,9.632255697101915,-735.4724962842774,-1.459478844478559,-1.0794366193335048
experiment_2026_08_31_06_38_ercot_criterion_holiday_identity,ERCOT_demand_ERCOT,2025-03-02,Texas Independence Day,H2,R,observance_tier,True,2025-03-02,19,True,True,4,False,2,5,4,pearson,RidgeReg,standard,2,{'alpha': 16.965337183706236},2025-03-01 10:00:00,2025-03-03,1439.2325254669322,3.2880154391761383,3940.159383,7.212,,14,24,4,4,4,4,0.06165232293946239,45503.3671836303,45097.854558672116,1439.2325254669322,3.2880154391761383,-1.5093862218552458,-586.848668551345,1090.3336279466805,2.2823470559485783,1.0355395599927117,524.7150695128392,1642.7568823537458,3.874655329392214,-2.9939262612665547,-1235.2608490887858,1410.4109673527466,3.0293796568130325,-1.4147225825853362,-628.3989944114609,2155.3720067623344,5.111142338307022,-1.35519238077324,-562.6109784662852,1880.9126764535388,4.344177139861868,-1.377124560388223,-586.8486685513499,1870.5914952834744,4.417612308620403,-4.060469112091695,-1702.2669737518136,1896.978691906609,4.479871299236698,-4.163713767669372,-1747.4746149227212,14317.568691562657,32.871140209481844,-32.871140209481844,-14317.568691562657,1908.7063624205955,4.507542026783448,-4.209600389133489,-1767.5669471222736,1.0103553955999272,1.011357830008688,1.2900871442887343,1.0118033574599643,524.7150695128392,-1235.2608490887858,hourly_window_mean_factor_top_available_analogs,4,1153.1140639243001,-672.6498706225005,4.978286788651818e-12,1153.1140639243001,-672.6498706225005,4.978286788651818e-12,628.3989944114609,562.6109784662852,586.84866855135,1090.3336279466805,2.2823470559485783,1410.4109673527466,3.0293796568130325,1642.7568823537458,3.874655329392214,2155.3720067623344,5.111142338307022,1880.9126764535388,4.344177139861868,-512.6151244085886,-1.2364870089148075,-1.0561617006857298
experiment_2026_08_31_06_38_ercot_criterion_holiday_identity,ERCOT_demand_ERCOT,2025-04-21,San Jacinto Day,H2,Q,observance_tier,True,2025-04-21,19,True,True,4,False,2,5,4,pearson,RidgeReg,standard,2,{'alpha': 16.965337183706236},2025-04-20 10:00:00,2025-04-22,2214.468351714809,4.303032070533923,3899.520755,7.12,,14,24,4,4,4,4,0.08517954682939981,50246.45553112036,48974.12264119141,2214.468351714809,4.303032070533923,0.07411290055671638,325.0581260638426,1170.5929467127987,2.359212124094251,-1.7966965626235378,-866.7084391414495,2823.3956712993154,5.436927039290398,1.1654184207451985,1020.255289100263,1412.8184650398305,2.8127194659754653,-2.8127194659754653,-1412.8184650398305,1669.8230871473886,3.0797838069473076,2.340799458110013,1338.8194708743333,1575.1371737393408,2.981391681326102,0.4421345913416791,325.058126063852,3059.2099984307,5.716056018670547,2.941175950663022,1900.1716671695829,3026.4593014549537,5.66350711172761,2.7993053392595506,1829.8725005111712,15291.681678556017,31.75366982422732,-31.75366982422732,-15291.681678556017,3088.8038442660472,6.523058591460875,-3.5378652314765566,-1310.2973041285693,0.9820330343737647,0.9834684693109754,1.3330725715530543,1.0475874291879328,-866.7084391414495,1020.255289100263,hourly_window_mean_factor_top_available_analogs,4,546.1100258983809,-318.5641817740704,-9.382155870920733e-12,546.1100258983809,-318.5641817740704,-9.382155870920733e-12,1412.8184650398302,-1338.8194708743333,-325.058126063852,1170.5929467127987,2.359212124094251,1412.8184650398305,2.8127194659754653,2823.3956712993154,5.436927039290398,1669.8230871473886,3.0797838069473076,1575.1371737393408,2.981391681326102,1153.5725841519268,2.3571432323430908,1.3216403892078206
experiment_2026_08_31_06_38_ercot_criterion_holiday_identity,ERCOT_demand_ERCOT,2025-05-26,Memorial Day,H2,N,observance_tier,True,2025-05-26,19,True,True,4,False,2,6,4,pearson,RidgeReg,standard,2,{'alpha': 20.521398865351927},2025-05-25 10:00:00,2025-05-27,4387.322204085627,6.983247480076343,3914.656606,7.112,,14,24,4,4,4,4,0.12315982153161456,61103.45594052522,58881.62389527694,4387.322204085627,6.983247480076343,-0.13153201558570982,206.92703194846246,4641.727134692004,6.47637168766298,6.47637168766298,4641.727134692004,4238.919327898574,7.278925025650804,-3.986142509147445,-2380.0396946519368,3207.965050023028,4.515666571279721,4.515666571279721,3207.965050023028,5958.910959314304,10.412227131263808,-2.2838237346581796,-1543.6784785950358,4945.404571680675,8.23981008284862,0.22125164121367866,206.9270319484615,6484.376379407747,11.210549888821289,-10.720671601702746,-6193.43251384185,6789.588089736964,11.7565852291472,-11.42194771787549,-6590.526545054631,22314.345149065688,39.19053040935643,-39.19053040935643,-22314.345149065688,5451.742409454945,9.370439714647258,-8.119913178875018,-4720.7662950527,1.0647637168766297,1.0715076550519598,1.338548839785187,1.0397530918060927,4641.727134692004,-2380.0396946519368,hourly_window_mean_factor_top_available_analogs,4,1433.7620846689756,-836.361216056901,9.573628439715034e-13,1433.7620846689756,-836.361216056901,9.573628439715034e-13,-3207.9650500230287,1543.6784785950358,-206.9270319484615,4641.727134692004,6.47637168766298,3207.965050023028,4.515666571279721,4238.919327898574,7.278925025650804,5958.910959314304,10.412227131263808,4945.404571680675,8.23981008284862,-1719.99163141573,-3.133302105613004,-1.256562602772278
experiment_2026_08_31_06_38_ercot_criterion_holiday_identity,ERCOT_demand_ERCOT,2025-06-19,Juneteenth National Independence Day,H2,J,observance_tier,True,2025-06-19,19,True,True,3,False,2,6,3,pearson,RidgeReg,minmax,2,{'alpha': 7.807616819860819},2025-06-18 10:00:00,2025-06-20,4132.971500479536,5.8248876413590365,3185.812806,6.215,,14,24,3,4,3,3,0.1227410494987045,64317.21798167835,61174.90414629318,4132.971500479536,5.8248876413590365,5.8248876413590365,4132.971500479536,2292.731905161323,3.182374766744485,3.182374766744485,2292.731905161323,5206.444597748495,7.366353484884191,7.366353484884191,5206.444597748495,1658.5680531781416,2.3335771479087364,0.6498036070074027,381.26474466903215,6321.467108035681,9.569487597376837,9.569487597376837,6321.467108035681,4603.556929930272,6.903625852835959,6.283288232503888,4132.971500479547,3393.719727541907,4.665985999168055,4.418403692671871,3259.629884616739,3353.9051485216237,4.613488393554159,4.319412279203413,3194.256335608812,5933.437246109653,9.502130272382809,-9.502130272382809,-5933.437246109653,2925.000854738502,4.1203853762578575,2.7926485169426214,2185.987414714101,1.0318237476674448,1.0328923811196786,1.182098885144443,1.049374122038856,2292.731905161323,5206.444597748495,hourly_window_mean_factor_top_available_analogs,3,1911.467160492291,-1115.0225102871866,-1.0722463852480838e-11,1911.467160492291,-1115.0225102871866,-1.0722463852480838e-11,-381.2647446690321,-6321.467108035681,-4132.971500479547,2292.731905161323,3.182374766744485,1658.5680531781416,2.3335771479087364,5206.444597748495,7.366353484884191,6321.467108035681,9.569487597376837,4603.556929930272,6.903625852835959,-1115.0225102871864,-2.203134112492646,-1.0787382114769226
experiment_2026_08_31_06_38_ercot_criterion_holiday_identity,ERCOT_demand_ERCOT,2025-07-04,Independence Day,H2,I,observance_tier,True,2025-07-04,19,True,True,6,False,2,6,6,pearson,RidgeReg,minmax,2,{'alpha': 26.942213191525507},2025-07-03 10:00:00,2025-07-05,3275.2456365222192,5.449397066477104,3070.978208,5.794,,14,24,4,4,6,4,0.13511202810493567,63383.897302443846,61038.68657486176,3275.2456365222192,5.449397066477104,-5.289160295548756,-3177.370233417517,3740.8195131544558,5.870896553284216,-5.435968175050127,-3475.1577047274077,3003.660875153415,5.203522365839624,-5.203522365839624,-3003.660875153415,6725.7889337699935,10.449950209521441,-9.700009602981847,-6271.86797628867,3273.7514622353065,5.538097480311521,-1.7977999616086653,-1372.24655007603,4545.55474122177,7.347727433178335,-4.709140355798785,-3177.370233417529,1101.3459015472001,1.810135569150858,0.5153076289991653,314.3827015246664,1077.3187014426514,1.7680698143302251,0.22044993472937557,143.30738028082092,10993.733173205668,18.974849975942607,-18.974849975942607,-10993.733173205668,6238.042677643574,10.778156706645944,-10.778156706645944,-6238.042677643574,0.9456403182494987,0.9484430542001491,1.1309017730624449,1.0529890465209029,-3475.1577047274077,-3003.660875153415,hourly_window_mean_factor_top_available_analogs,4,2796.710271561263,-1631.4143250773852,1.1488354127658041e-11,2796.710271561263,-1631.4143250773852,1.1488354127658041e-11,6271.867976288671,1372.2465500760297,3177.370233417528,3740.8195131544558,5.870896553284216,6725.7889337699935,10.449950209521441,3003.660875153415,5.203522365839624,3273.7514622353065,5.538097480311521,4545.55474122177,7.347727433178335,-270.0905870818915,-0.3345751144718969,-1.8983303667012308
experiment_2026_08_31_06_38_ercot_criterion_holiday_identity,ERCOT_demand_ERCOT,2025-08-27,Lyndon B. Johnson Day,H2,L,observance_tier,True,2025-08-27,19,True,True,6,False,2,6,6,pearson,RidgeReg,minmax,2,{'alpha': 26.942213191525507},2025-08-26 10:00:00,2025-08-28,1099.1630208212798,1.687515220036886,3032.333041,5.586,,14,24,4,4,6,4,0.1303583168089145,68072.14452918593,65646.55580930838,1099.1630208212798,1.687515220036886,-0.8964807058540757,-535.8131881069877,1103.8899679366436,1.6150201915328244,-1.5193244081592885,-1032.7495178331753,1096.4056350039843,1.7298039866642547,-0.5331552128427021,-245.93366243337823,1347.7674898475582,1.8678014912967973,-1.845746321388147,-1333.4880035718404,1406.6462123090132,2.184093817046946,0.19104917108710517,-70.50287908581049,1384.9540514021614,2.0675650654547852,-0.5593491682458825,-535.8131881069794,1147.6273815709944,1.697561333243616,0.994269552598673,751.4504830933492,1132.424153237277,1.6810563552705968,0.9042688658365057,692.6814621280752,11418.791088668911,17.643612813474792,-17.643612813474792,-11418.791088668911,3126.9120885393436,4.945174209207071,-4.945174209207071,-3126.9120885393436,0.9848067559184072,0.9857019897999224,1.1701971609704964,1.0438862083560743,-1032.7495178331753,-245.93366243337823,hourly_window_mean_factor_top_available_analogs,4,300.7384857386652,-175.43078334756774,-8.233320458154929e-12,300.7384857386652,-175.43078334756774,-8.233320458154929e-12,1333.4880035718406,70.50287908581049,535.8131881069795,1103.8899679366436,1.6150201915328244,1347.7674898475582,1.8678014912967973,1096.4056350039843,1.7298039866642547,1406.6462123090132,2.184093817046946,1384.9540514021614,2.0675650654547852,-310.24057730502886,-0.4542898303826912,-0.3800498454178993
experiment_2026_08_31_06_38_ercot_criterion_holiday_identity,ERCOT_demand_ERCOT,2025-09-01,Labor Day,H2,K,observance_tier,True,2025-09-01,19,True,True,6,False,2,6,6,pearson,RidgeReg,minmax,2,{'alpha': 26.942213191525507},2025-08-31 10:00:00,2025-09-02,2079.735558278326,3.569726194125798,2732.437766,4.835,,14,24,4,4,6,4,0.13346984327515007,62619.789021936725,61048.148312782,2079.735558278326,3.569726194125798,-2.993700362206957,-1671.7080272525216,2605.1905765591227,4.104187109254918,-4.104187109254918,-2605.1905765591227,1773.2201309478617,3.2579573269671442,-2.34591642642898,-1127.176540157004,4147.87704406873,6.453895676165795,-6.020810741324953,-3907.704910329154,1478.6722330820864,2.4535067583164842,-0.23449043184725984,-367.3765121244781,2462.06347923506,3.9273342543662304,-2.3662926511285156,-1671.7080272525166,1989.6080251972526,3.0747837194718777,1.8545514823933331,1378.3536933350206,1970.8413161445462,3.0584171838205934,1.7363705807173062,1307.8601605672263,15599.56793786384,26.60857141952314,-26.60857141952314,-15599.56793786384,4457.505213514499,7.929141298863342,-7.929141298863342,-4457.505213514499,0.9589581289074508,0.9601128491523077,1.2370651984980299,1.054552492833926,-2605.1905765591227,-1127.176540157004,hourly_window_mean_factor_top_available_analogs,4,1302.5143337700308,-759.8000280325259,-4.978286788651818e-12,1302.5143337700308,-759.8000280325259,-4.978286788651818e-12,3907.704910329154,367.37651212447804,1671.7080272525166,2605.1905765591227,4.104187109254918,4147.87704406873,6.453895676165795,1773.2201309478617,3.2579573269671442,1478.6722330820864,2.4535067583164842,2462.06347923506,3.9273342543662304,294.5478978657752,0.80445056865066,-0.35760806024043257
experiment_2026_08_31_06_38_ercot_criterion_holiday_identity,ERCOT_demand_ERCOT,2025-11-11,Veterans Day,H2,T,observance_tier,True,2025-11-11,19,True,True,6,False,2,6,6,pearson,RidgeReg,minmax,2,{'alpha': 26.942213191525507},2025-11-10 10:00:00,2025-11-12,2552.91436143547,5.098419052441803,2691.35131,4.807,,14,24,4,4,6,4,0.05963289786996336,46907.962713261884,46219.59812045555,2552.91436143547,5.098419052441803,5.082813986151831,2545.3851510539134,1858.2271169629405,3.6531511144281206,3.610794505926767,1837.7906887844313,2958.1485873777783,5.941492016283116,5.941492016283116,2958.1485873777783,1222.1328467868047,2.428870143047179,1.2276044753854563,636.4396156368904,3658.9367133804976,7.451857317730284,7.451857317730284,3658.9367133804976,2761.166867793347,5.601283095478615,5.158711533708506,2545.3851510539057,1782.0403689543382,3.557084502632426,2.5452325776503835,1289.2538777829402,1743.364861153441,3.4795019529834996,2.346836560094349,1191.7636624190493,5372.14626555755,11.009164686909552,-10.984189031195541,-5358.9956316747275,2202.410074545977,4.405401167251299,4.189989403978912,2097.4742200824467,1.0361079450592676,1.0382172281194495,1.1799484322078422,1.0186214160722964,1837.7906887844313,2958.1485873777783,hourly_window_mean_factor_top_available_analogs,4,1201.351073147541,-700.7881260027194,8.04184788936063e-12,1201.351073147541,-700.7881260027194,8.04184788936063e-12,-636.4396156368903,-3658.9367133804976,-2545.3851510539052,1858.2271169629405,3.6531511144281206,1222.1328467868047,2.428870143047179,2958.1485873777783,5.941492016283116,3658.9367133804976,7.451857317730284,2761.166867793347,5.601283095478615,-700.7881260027193,-1.5103653014471679,-0.5028640430368121
experiment_2026_08_31_06_38_ercot_criterion_holiday_identity,ERCOT_demand_ERCOT,2025-11-27,Thanksgiving Day,H1,S,observance_tier,True,2025-11-27,19,True,True,6,False,2,6,6,pearson,RidgeReg,minmax,2,{'alpha': 24.58319734959593},2025-11-26 10:00:00,2025-11-28,1706.855851545126,3.5921090251005814,2577.449441,4.652,,14,24,4,4,6,4,0.060978585087997396,48736.42847657143,47254.52039376483,1706.855851545126,3.5921090251005814,-3.5921090251005814,-1706.855851545126,2245.0408758113385,4.576345635804108,-4.576345635804108,-2245.0408758113385,1392.914587389835,3.0179710021901918,-3.0179710021901918,-1392.914587389835,2972.996432615741,6.054948113623972,-6.054948113623972,-2972.996432615741,1193.5261701998952,2.5533896180799522,-2.033329915365559,-968.273845920586,1849.1204774057337,3.8434374848593276,-3.5149787252502382,-1706.8558515451168,769.6155943703874,1.6964874178624878,1.6964874178624878,769.6155943703874,676.0179955156913,1.4924384793833658,1.4924384793833658,676.0179955156913,13322.583245868394,29.0254354666278,-29.0254354666278,-13322.583245868394,2811.6381612545833,6.110881961282416,-6.110881961282416,-2811.6381612545833,0.9542365436419589,0.9562172557108733,1.2524556076132065,1.0300230234492433,-2245.0408758113385,-1392.914587389835,hourly_window_mean_factor_top_available_analogs,4,727.9555568044021,-424.6407414692491,-9.190683302126432e-12,727.9555568044021,-424.6407414692491,-9.190683302126432e-12,2972.9964326157406,968.2738459205859,1706.8558515451168,2245.0408758113385,4.576345635804108,2972.996432615741,6.054948113623972,1392.914587389835,3.0179710021901918,1193.5261701998952,2.5533896180799522,1849.1204774057337,3.8434374848593276,199.3884171899399,0.4645813841102395,-0.2513284597587462
experiment_2026_08_31_06_38_ercot_criterion_holiday_identity,ERCOT_demand_ERCOT,2025-11-28,Day after Thanksgiving,H2,H,observance_tier,True,2025-11-28,19,True,True,6,False,2,6,6,pearson,RidgeReg,minmax,2,{'alpha': 26.036604155071117},2025-11-27 10:00:00,2025-11-29,455.8022218554259,0.9795221538109544,2630.177503,4.785,,14,24,4,4,6,4,0.06150488259298596,46344.36789536355,45922.75899196414,455.8022218554259,0.9795221538109544,0.15735995968005706,91.25546061013416,299.0554744410765,0.641212153585493,-0.31219572364446035,-138.40970304825376,547.2378245137965,1.1768696539424732,0.431267441619359,225.22680607752713,935.1013483178966,1.9794284107410889,-1.7768921791077623,-844.4281257096029,1427.3151798924482,3.1892726025725104,1.5361056356484666,637.0708859633111,1245.9732419439292,2.743540531897776,0.31552749336985597,91.25546061013225,575.5475812912922,1.226453186438896,0.7421167667536118,368.5956958299906,573.4026273450372,1.222420304392295,0.7240679559690996,360.27128347229853,10533.287805999975,22.89511119174678,-22.89511119174678,-10533.287805999975,529.7611874913861,1.1464443459750948,0.23569293864029148,135.024585616251,0.9968780427635554,0.997059312629313,1.2342741343994619,1.0019642160541151,-138.40970304825376,225.22680607752713,hourly_window_mean_factor_top_available_analogs,4,706.0184226613492,-411.84407988578397,1.9147256879430067e-12,706.0184226613492,-411.84407988578397,1.9147256879430067e-12,844.4281257096029,-637.0708859633111,-91.25546061013225,299.0554744410765,0.641212153585493,935.1013483178966,1.9794284107410889,547.2378245137965,1.1768696539424732,1427.3151798924482,3.1892726025725104,1245.9732419439292,2.743540531897776,-880.0773553786518,-2.0124029486300374,-1.7640183780868215
experiment_2026_08_31_06_38_ercot_criterion_holiday_identity,ERCOT_demand_ERCOT,2025-12-24,Christmas Eve,H1,G,observance_tier,True,2025-12-24,19,True,True,5,False,2,6,5,pearson,RidgeReg,minmax,2,{'alpha': 23.66154006460317},2025-12-23 10:00:00,2025-12-25,2959.3494176987083,5.647363646161618,2498.534413,4.588,,14,24,4,4,5,4,0.037439339866778984,48915.45362473149,48310.61577869453,2959.3494176987083,5.647363646161618,3.187704928865996,1863.10099879482,3807.623326276574,6.948623321543188,6.948623321543188,3807.623326276574,2464.5229710282856,4.8882955021890355,0.9938358664709677,728.7963077637972,3666.7607467324337,6.686360423873339,6.686360423873339,3666.7607467324337,2317.628897648081,4.547655644296579,1.2375020018382115,810.9661458312215,2814.677473626527,5.335599510456437,3.244976157324837,1863.1009987948262,3580.8553592646626,7.615162118146645,-5.885729544276749,-2628.12640701569,3768.288101826883,8.030709208364218,-6.552924550113712,-2953.687970364225,9624.326122006858,20.22350781782212,-20.22350781782212,-9624.326122006858,2482.816294927801,4.875479659781829,1.6764222275546699,1061.8681696492574,1.0694862332154318,1.0762251571165449,1.2143032594988468,0.993105617543539,3807.623326276574,728.7963077637972,hourly_window_mean_factor_top_available_analogs,4,140.86257954414032,-82.16983806742428,-5.7441770638290205e-12,140.86257954414032,-82.16983806742428,-5.7441770638290205e-12,-3666.7607467324337,-810.9661458312215,-1863.1009987948257,3807.623326276574,6.948623321543188,3666.7607467324337,6.686360423873339,2464.5229710282856,4.8882955021890355,2317.628897648081,4.547655644296579,2814.677473626527,5.335599510456437,146.89407338020465,0.3406398578924561,0.3117641357051806
experiment_2026_08_31_06_38_ercot_criterion_holiday_identity,ERCOT_demand_ERCOT,2025-12-25,Christmas Day,H2,F,observance_tier,True,2025-12-25,19,True,True,6,False,2,6,6,pearson,RidgeReg,minmax,2,{'alpha': 24.58319734959593},2025-12-24 10:00:00,2025-12-26,1998.6212573268383,4.235200254903825,2512.398684,4.646,,14,24,4,4,6,4,0.040646005682656805,49706.775358654966,48546.0957795899,1998.6212573268383,4.235200254903825,-1.8859987588831113,-743.3387844444383,1200.6152982691071,2.2594585896604573,0.9245096051261986,545.6608788763432,2464.124733443848,5.387716226295791,-3.5254619712218758,-1495.2552547148941,1835.6153232914096,3.5062535199979386,0.21224870339008664,208.6088887157457,2929.3353784357455,6.3855526673484375,-3.245074222723147,-1298.6415937878817,2526.3858844352008,5.324758244640359,-1.9713236709972188,-743.33878444444,2722.131570165399,5.976823449961789,-4.482564810897096,-1944.0685731109686,2758.6898837755402,6.060297077662689,-4.6181816271590845,-2007.6632369378021,14187.633887580698,30.59219803681364,-30.59219803681364,-14187.633887580698,2854.9791015016453,6.280154328130881,-4.975376362332789,-2175.162222168395,1.009245096051262,1.0105550811861237,1.2614500389586845,1.0140053892395473,545.6608788763432,-1495.2552547148941,hourly_window_mean_factor_top_available_analogs,4,337.0519901605975,-196.61366092701246,1.723253119148706e-12,337.0519901605975,-196.61366092701246,1.723253119148706e-12,-208.6088887157457,1298.6415937878817,743.33878444444,1200.6152982691071,2.2594585896604573,1835.6153232914096,3.5062535199979386,2464.124733443848,5.387716226295791,2929.3353784357455,6.3855526673484375,2526.3858844352008,5.324758244640359,-465.2106449918974,-0.9978364410526464,-1.0895579897365337
experiment_2026_08_31_06_38_ercot_criterion_holiday_identity,ERCOT_demand_ERCOT,2026-01-01,New Year's Day,H2,O,observance_tier,True,2026-01-01,19,True,True,5,False,2,6,5,pearson,RidgeReg,minmax,2,{'alpha': 5.345007863554797},2025-12-31 10:00:00,2026-01-02,8458.905540779262,17.80463590605868,2386.479388,4.478,,14,24,4,4,5,4,0.03297695849776996,56494.42363951611,56892.07926032869,8458.905540779262,17.80463590605868,-17.80463590605868,-8458.905540779262,5876.85365069454,11.907048451824812,-11.907048451824812,-5876.85365069454,9965.102476662016,21.244895254361776,-21.244895254361776,-9965.102476662016,6659.441243181714,13.486873010178368,-13.486873010178368,-6659.441243181714,9508.593047711178,20.285104212191545,-20.285104212191545,-9508.593047711178,8458.905540779271,17.78049271671301,-17.78049271671301,-8458.905540779271,3190.9350338841064,6.808206831060683,-6.808206831060683,-3190.9350338841064,3974.597551654498,8.478300122027731,-8.478300122027731,-3974.597551654498,28066.001359491856,59.82041609296891,-59.82041609296891,-28066.001359491856,5834.695005629065,12.44242524985222,-12.44242524985222,-5834.695005629065,0.8809295154817519,0.8947040606901364,1.3181620204106645,0.9273992526774616,-5876.85365069454,-9965.102476662016,hourly_window_mean_factor_top_available_analogs,4,782.5875924871735,-456.5094289508373,8.807738164537831e-12,782.5875924871735,-456.5094289508373,8.807738164537831e-12,6659.441243181714,9508.593047711178,8458.905540779271,5876.85365069454,11.907048451824812,6659.441243181714,13.486873010178368,9965.102476662016,21.244895254361776,9508.593047711178,20.285104212191545,8458.905540779271,17.78049271671301,456.5094289508379,0.9597910421702309,0.024143189345672056
experiment_2026_08_31_06_38_ercot_criterion_holiday_identity,ERCOT_demand_ERCOT,2026-01-19,Martin Luther King Jr. Day,H2,M,observance_tier,True,2026-01-19,19,True,True,6,False,2,6,6,pearson,RidgeReg,minmax,2,{'alpha': 26.036604155071117},2026-01-18 10:00:00,2026-01-20,6719.524994782631,12.574738288995013,2677.933731,5.029,,14,24,4,4,6,4,0.05709440986716637,60823.08040562472,61904.82935307408,6719.524994782631,12.574738288995013,-12.574738288995013,-6719.524994782631,5736.729329283019,11.013520598502708,-11.013520598502708,-5736.729329283019,7292.822466324073,13.485448608448856,-13.485448608448856,-7292.822466324073,5523.956987427991,10.38112296993766,-10.38112296993766,-5523.956987427991,7416.939665739479,13.537825327194229,-13.537825327194229,-7416.939665739479,6719.524994782615,12.374829721889176,-12.374829721889176,-6719.524994782615,1143.171443177455,2.095528800146314,-0.9867053496541297,-474.92133405530575,1615.6502499934534,3.010791578522341,-2.44508629206865,-1270.4490821407544,22393.840642966778,41.16900480478842,-41.16900480478842,-22393.840642966778,4674.318915351381,8.685143797493168,-8.685143797493168,-4674.318915351381,0.8898647940149729,0.9027156128670556,1.2439392586079847,0.9577011425709929,-5736.729329283019,-7292.822466324073,hourly_window_mean_factor_top_available_analogs,4,-212.77234185502726,124.1171994154062,-1.6658113485104158e-11,-212.77234185502726,124.1171994154062,-1.6658113485104158e-11,5523.956987427991,7416.939665739479,6719.524994782615,5736.729329283019,11.013520598502708,5523.956987427991,10.38112296993766,7292.822466324073,13.485448608448856,7416.939665739479,13.537825327194229,6719.524994782615,12.374829721889176,-124.1171994154065,-0.052376718745373196,0.1999085671058367
experiment_2026_08_31_06_38_ercot_criterion_holiday_identity,ERCOT_demand_ERCOT,2026-02-16,Presidents' Day,H2,P,observance_tier,True,2026-02-16,19,True,True,5,False,2,6,5,pearson,RidgeReg,minmax,2,{'alpha': 23.66154006460317},2026-02-15 10:00:00,2026-02-17,702.6969013840493,1.4519598344848548,2838.077016,5.294,,14,24,4,4,5,4,0.0674837448964429,48206.9768506221,48138.39363155139,702.6969013840493,1.4519598344848548,-0.5707083605499834,-253.68413714841978,780.0781542613009,1.649993504621389,-1.3044325559893104,-611.2280672433262,657.5578372056525,1.3364401935718764,-0.14270257987704263,-45.11684459305767,749.8871745982594,1.5621807152475877,-0.8173346145862981,-387.46290582739624,1477.8421446956525,3.1529008165703645,-0.15586783558733253,-175.64652208567986,1209.6482083439812,2.566846042398815,-0.3995661225869514,-253.68413714841748,826.3934368757527,1.6593027977408248,1.163591435022422,582.8160338671842,814.8923292652304,1.634999103297621,1.1239420753588678,563.756667247827,16804.06502596599,35.00648254154988,-35.00648254154988,-16804.06502596599,1101.3194669376182,2.316504721587909,-2.05853078384752,-966.0515691137729,0.9869556744401069,0.987351603036421,1.3481409934374835,1.0191309816353553,-611.2280672433262,-45.11684459305767,hourly_window_mean_factor_top_available_analogs,4,-223.76516141592998,130.5296774926222,-2.297670825531608e-12,-223.76516141592998,130.5296774926222,-2.297670825531608e-12,387.46290582739624,175.64652208567986,253.68413714841748,780.0781542613009,1.649993504621389,749.8871745982594,1.5621807152475877,657.5578372056525,1.3364401935718764,1477.8421446956525,3.1529008165703645,1209.6482083439812,2.566846042398815,-820.28430749,-1.816460622998488,-1.1148862079139603
experiment_2026_08_31_06_38_ercot_criterion_holiday_identity,ERCOT_demand_ERCOT,2026-03-02,Texas Independence Day,H2,R,observance_tier,True,2026-03-02,19,True,True,5,False,2,6,5,pearson,RidgeReg,minmax,2,{'alpha': 23.66154006460317},2026-03-01 10:00:00,2026-03-03,3402.200543022134,6.187433574452914,2757.557284,5.098,,14,24,4,4,5,4,0.06228833666802942,48423.91663320216,47322.76542468305,3402.200543022134,6.187433574452914,5.440711215246022,3051.6242422452137,2764.9351604584153,5.140974428745629,4.114415849972436,2277.2807502651,3773.93868285097,6.797868076115499,6.214383511655616,3503.3246125669466,2334.677606515123,4.39061923377727,2.6560979288174034,1500.1670672898804,4453.138919069675,8.382447525961139,7.331298154705332,3956.6409276358113,3672.6531723390494,6.91177394463024,5.608855966220306,3051.624242245205,3222.9555991385805,6.049137093709774,2.3556532418648177,1556.269251288514,3199.343468921587,6.041503410760093,1.969315568662375,1361.3292618931337,8467.974555905037,17.510681213660344,-17.510681213660344,-8467.974555905037,3496.7671971310324,6.354432803996024,4.850631262150597,2815.196408934246,1.0411441584997243,1.0452635286938783,1.2529712509621824,1.0145411663383852,2277.2807502651,3503.3246125669466,hourly_window_mean_factor_top_available_analogs,4,777.1136829752193,-453.31631506886487,8.233320458154929e-12,777.1136829752193,-453.31631506886487,8.233320458154929e-12,-1500.1670672898806,-3956.6409276358113,-3051.6242422452056,2764.9351604584153,5.140974428745629,2334.677606515123,4.39061923377727,3773.93868285097,6.797868076115499,4453.138919069675,8.382447525961139,3672.6531723390494,6.91177394463024,-679.2002362187045,-1.5845794498456396,-0.7243403701773259
experiment_2026_08_31_06_38_ercot_criterion_holiday_identity,ERCOT_demand_FWEST,2025-01-01,New Year's Day,H2,O,observance_tier,True,2025-01-01,19,True,True,5,False,2,5,5,pearson,RidgeReg,minmax,2,{'alpha': 153.65793972245612},2024-12-31 10:00:00,2025-01-02,112.1065675979125,1.5678556634265517,166.317656,2.603,,14,24,4,4,5,4,0.010645796753064141,7127.367557309579,7098.523253545886,112.1065675979125,1.5678556634265517,0.3565197465698124,27.744378032526967,124.59729326520353,1.7244313768004826,0.9861100206061002,73.65937980980705,104.82031095865939,1.476519830625092,-0.010741246618022254,0.9606269957802548,124.88664477530165,1.733341999980887,0.586648359733858,44.97993761200424,111.20467868356711,1.564573821984277,0.223369152088814,17.69030161116469,116.24540303315352,1.6267515717725016,0.357208860168567,27.74437803252663,114.1293451529433,1.6199251272381592,-0.9969571877333513,-69.03862212248923,114.84851672485661,1.6305328936291463,-1.037203436470987,-71.89520461523982,3548.300999777163,50.01611186992704,-50.01611186992704,-3548.300999777163,123.32887613085104,1.7536671408543,-1.3709221982391477,-95.58176428900822,1.009861100206061,1.0102635194685918,1.5,1.0136003486692198,73.65937980980705,0.9606269957802548,hourly_window_mean_factor_top_available_analogs,4,28.679442197802796,-16.729674615384436,3.3507699539002617e-13,28.679442197802796,-16.729674615384436,3.3507699539002617e-13,-44.97993761200425,-17.690301611164692,-27.744378032526633,124.59729326520353,1.7244313768004826,124.88664477530165,1.733341999980887,104.82031095865939,1.476519830625092,111.20467868356711,1.564573821984277,116.24540303315352,1.6267515717725016,-6.384367724907719,-0.08805399135918512,-0.05889590834594993
experiment_2026_08_31_06_38_ercot_criterion_holiday_identity,ERCOT_demand_FWEST,2025-01-20,Martin Luther King Jr. Day,H2,M,observance_tier,True,2025-01-20,19,True,True,5,False,2,5,5,pearson,RidgeReg,standard,2,{'alpha': 172.32843479939137},2025-01-19 10:00:00,2025-01-21,150.82486118180736,2.080858099658612,167.540128,2.607,,14,24,4,4,5,4,0.024756640386610722,7301.932358472404,7312.180002940598,150.82486118180736,2.080858099658612,-0.39633900288756996,-24.676377288195,159.27505189603784,2.13318964063195,1.6466374756572637,124.15802304449451,145.89558326517295,2.050331367424165,-1.588075282038723,-111.49644414893055,252.3215023236349,3.387002524690172,2.653433691720724,199.31348369261937,225.67717804972082,3.148254922181423,-2.1831706296364217,-155.33712952700168,235.49350804537335,3.2362145652109624,-0.40126377439957867,-24.676377288193923,234.08467966157892,3.2899671217361663,-3.2608626004316754,-231.90154036486607,237.95744470995825,3.3439703361446504,-3.3195885501682922,-236.12855927555609,3767.58644561923,52.38211292305808,-52.38211292305808,-3767.58644561923,134.99473756939184,1.8946621072914231,-1.2677821524294746,-88.4421534666255,1.0164663747565725,1.0170444539216081,1.5,0.9968471385177835,124.15802304449451,-111.49644414893055,hourly_window_mean_factor_top_available_analogs,4,-75.15546064812484,43.84068537807112,-1.0770331994679412e-12,-75.15546064812484,43.84068537807112,-1.0770331994679412e-12,-199.31348369261934,155.33712952700168,24.676377288193923,159.27505189603784,2.13318964063195,252.3215023236349,3.387002524690172,145.89558326517295,2.050331367424165,225.67717804972082,3.148254922181423,235.49350804537335,3.2362145652109624,-79.78159478454788,-1.0979235547572577,-1.1553564655523503
experiment_2026_08_31_06_38_ercot_criterion_holiday_identity,ERCOT_demand_FWEST,2025-02-17,Presidents' Day,H2,P,observance_tier,True,2025-02-17,19,True,True,5,False,2,5,5,pearson,RidgeReg,standard,2,{'alpha': 172.32843479939137},2025-02-16 10:00:00,2025-02-18,212.55879094275755,2.9665298557143864,170.384958,2.632,,14,24,4,4,5,4,0.013530340243513581,7172.649439127448,7182.600504644492,212.55879094275755,2.9665298557143864,-0.4944273154474974,-27.633595837972855,269.3505939202224,3.616351471895146,3.084777175209625,231.95410747320304,179.43023920590304,2.587467246275611,-2.582296601664152,-179.05975610282545,345.51220201551905,4.638761014562834,4.216662148317405,315.82462882824524,233.64111288888373,3.365360513296833,-3.2861901651954297,-227.98422689326915,274.85677730395986,3.834508066394833,-0.5219814181117539,-27.633595837974386,400.6269770565905,5.746731873038132,-5.746731873038132,-400.6269770565905,411.88941515796614,5.907582635241337,-5.907582635241337,-411.88941515796614,3770.3600084250716,53.873444902496225,-53.873444902496225,-3770.3600084250716,131.18897970755788,1.8939687266334617,-1.68524830897523,-116.25028767400681,1.0308477717520963,1.032415788530155,1.5,0.9912553303795465,231.95410747320304,-179.05975610282545,hourly_window_mean_factor_top_available_analogs,4,-83.8705213550422,48.924470790443706,1.5317805503544054e-12,-83.8705213550422,48.924470790443706,1.5317805503544054e-12,-315.82462882824524,227.98422689326915,27.633595837974386,269.3505939202224,3.616351471895146,345.51220201551905,4.638761014562834,179.43023920590304,2.587467246275611,233.64111288888373,3.365360513296833,274.85677730395986,3.834508066394833,-54.21087368298069,-0.7778932670212217,-0.8679782106804468
experiment_2026_08_31_06_38_ercot_criterion_holiday_identity,ERCOT_demand_FWEST,2025-03-02,Texas Independence Day,H2,R,observance_tier,True,2025-03-02,19,True,True,5,False,2,5,5,pearson,RidgeReg,standard,2,{'alpha': 172.32843479939137},2025-03-01 10:00:00,2025-03-03,191.68069903170255,2.68756639343675,177.708368,2.724,,14,24,4,4,5,4,0.012598076773185607,7123.462396792637,7132.856835378933,191.68069903170255,2.68756639343675,-0.020891885326363196,6.025688496835923,285.35519353886326,3.9165152929500135,1.7509089959975082,137.3508429981554,137.03724390252546,1.9706795353873472,-1.0544423994319547,-70.58065162893377,308.2174635463262,4.222539011516214,2.048425476313249,159.06720319847688,153.30849948301764,2.2002261186299097,-1.2276660253258946,-83.24852841245384,210.38022308528923,2.9452887633774956,-0.020684945774631577,6.025688496836426,198.598047366359,2.866731273949282,-2.823813722258724,-195.47048363120632,210.1376431655605,3.030842746052303,-3.0073359423889268,-208.42427063173696,3637.009069318401,51.58166359914793,-51.58166359914793,-3637.009069318401,142.27164349265573,2.050573245974336,-1.3537902287662764,-91.70990789837576,1.017509089959975,1.0193251627200899,1.5,1.0029622431456413,137.3508429981554,-70.58065162893377,hourly_window_mean_factor_top_available_analogs,4,-21.716360200321496,12.667876783520077,-5.026154930850393e-13,-21.716360200321496,12.667876783520077,-5.026154930850393e-13,-159.0672031984769,83.24852841245384,-6.025688496836426,285.35519353886326,3.9165152929500135,308.2174635463262,4.222539011516214,137.03724390252546,1.9706795353873472,153.30849948301764,2.2002261186299097,210.38022308528923,2.9452887633774956,-16.27125558049218,-0.2295465832425625,-0.2577223699407454
experiment_2026_08_31_06_38_ercot_criterion_holiday_identity,ERCOT_demand_FWEST,2025-04-21,San Jacinto Day,H2,Q,observance_tier,True,2025-04-21,19,True,True,5,False,2,5,5,pearson,RidgeReg,standard,2,{'alpha': 172.32843479939137},2025-04-20 10:00:00,2025-04-22,376.72302283150873,5.271048017808973,177.104373,2.695,,14,24,4,4,5,4,0.03641706325428422,7128.733989194969,7103.560943183504,376.72302283150873,5.271048017808973,0.3322399131101094,50.733985568189716,479.1651846541741,6.772356960492531,0.7876586501922912,94.99799242823585,316.9650951016206,4.3952844679102325,0.0665789831455037,24.913314899829476,405.699913290488,5.871157617856658,-0.9374732834887859,-32.543967989920866,220.17094908018888,3.0832973514240813,1.2932078094213653,99.31279181042005,288.52372536819377,4.110403765372925,0.4713779330860464,50.73398556818919,325.7945118606172,4.561180747921003,-0.7205552519268433,-31.038497340837313,331.8133328089108,4.674268625934619,-1.2571275026754638,-69.17962815403261,3526.867156691922,49.90013152528174,-49.90013152528174,-3526.867156691922,343.93583648611184,4.902038853499806,-2.337837352439047,-145.9996569449967,1.007876586501923,1.0132458838329743,1.5,1.0240601823806175,94.99799242823585,24.913314899829476,hourly_window_mean_factor_top_available_analogs,4,127.5419604181567,-74.39947691059058,5.265495641843269e-13,127.5419604181567,-74.39947691059058,5.265495641843269e-13,32.54396798992086,-99.31279181042005,-50.73398556818919,479.1651846541741,6.772356960492531,405.699913290488,5.871157617856658,316.9650951016206,4.3952844679102325,220.17094908018888,3.0832973514240813,288.52372536819377,4.110403765372925,96.79414602143171,1.3119871164861512,1.1606442524360485
experiment_2026_08_31_06_38_ercot_criterion_holiday_identity,ERCOT_demand_FWEST,2025-05-26,Memorial Day,H2,N,observance_tier,True,2025-05-26,19,True,True,6,False,2,6,6,pearson,RidgeReg,minmax,2,{'alpha': 155.673567951874},2025-05-25 10:00:00,2025-05-27,150.0702877268465,1.9503676019736356,193.461331,2.919,,14,24,4,4,6,4,0.032068168138346925,7542.938234904934,7522.674626353347,150.0702877268465,1.9503676019736356,1.2162895304355068,96.85257301611868,168.95883603562854,2.1457554238892604,2.061143482229793,162.67130922091584,139.05196788005696,1.8363913725228542,0.7234580585555067,58.45831022998701,109.65889131310074,1.4110810787410137,1.4110810787410137,109.65889131310074,189.02928928099394,2.528044189875064,1.177946234014557,89.38222067621295,159.7875637138754,2.1165314647204143,1.2638380189137781,96.85257301611898,116.3221144554705,1.5772968015172413,-1.3227739150536986,-96.59480752044908,118.44940895702,1.606567981503465,-1.4077290459268668,-103.03227799333338,3702.879002946686,48.914812912166745,-48.914812912166745,-3702.879002946686,107.63805988843035,1.4550228703393688,-0.8029134979818388,-57.202412375797586,1.0206114348222979,1.0214671770672612,1.5,1.015374946857412,162.67130922091584,58.45831022998701,hourly_window_mean_factor_top_available_analogs,4,53.012417907815106,-30.923910446225932,-2.87208853191451e-13,53.012417907815106,-30.923910446225932,-2.87208853191451e-13,-109.65889131310074,-89.38222067621294,-96.85257301611897,168.95883603562854,2.1457554238892604,109.65889131310074,1.4110810787410137,139.05196788005696,1.8363913725228542,189.02928928099394,2.528044189875064,159.7875637138754,2.1165314647204143,-49.97732140093697,-0.6916528173522098,-0.16616386274677875
experiment_2026_08_31_06_38_ercot_criterion_holiday_identity,ERCOT_demand_FWEST,2025-06-19,Juneteenth National Independence Day,H2,J,observance_tier,True,2025-06-19,19,True,True,3,False,2,6,3,pearson,RidgeReg,minmax,2,{'alpha': 134.81402151051657},2025-06-18 10:00:00,2025-06-20,190.6190745422436,2.484390202156688,177.643892,2.588,,14,24,3,4,3,3,0.025542342097850567,7426.252306973788,7411.164512919895,190.6190745422436,2.484390202156688,1.7457717256152387,136.92615663147376,229.43071196547575,2.937147326758238,2.8298601639802206,221.45134657667637,167.97895271202484,2.2202818794724504,1.1133868032356655,87.61979583010559,253.83637927090726,3.287919139805421,1.2530015534035581,101.50778661374827,292.02752983245404,3.8954266412931235,2.0472652592063683,157.58687247514922,277.9571059413579,3.6716080881134436,1.7546417886474375,136.92615663147518,173.6835150725495,2.346611425757338,-1.684966071128769,-122.10579640805274,178.71952505978948,2.4160283731093224,-1.8251839903300062,-132.61458049181866,2084.9647532358354,27.875246166147253,-27.875246166147253,-2084.9647532358354,148.10713943632751,1.9862717032324746,-0.6110725166052623,-41.62167884502511,1.0282986016398021,1.02971656828532,1.2931502256195326,1.017438753983915,221.45134657667637,87.61979583010559,hourly_window_mean_factor_top_available_analogs,3,119.94355996292812,-69.96707664504363,-1.4121101948579675e-12,119.94355996292812,-69.96707664504363,-1.4121101948579675e-12,-101.50778661374825,-157.58687247514922,-136.92615663147518,229.43071196547575,2.937147326758238,253.83637927090726,3.287919139805421,167.97895271202484,2.2202818794724504,292.02752983245404,3.8954266412931235,277.9571059413579,3.6716080881134436,-124.0485771204292,-1.6751447618206732,-1.1872178859567555
experiment_2026_08_31_06_38_ercot_criterion_holiday_identity,ERCOT_demand_FWEST,2025-07-04,Independence Day,H2,I,observance_tier,True,2025-07-04,19,True,True,3,False,2,6,3,pearson,RidgeReg,minmax,2,{'alpha': 134.81402151051657},2025-07-03 10:00:00,2025-07-05,477.9140383066329,6.027696199189623,176.170071,2.532,,14,24,3,4,3,3,0.05001294536798934,7225.108383216063,7222.446263431433,477.9140383066329,6.027696199189623,6.0241733840542935,477.65936725762043,194.39556457189124,2.5953774064322888,2.585815479636396,193.70431458171456,643.2998146518988,8.0298821616314,8.0298821616314,643.2998146518988,238.2604237307214,3.2105606124010757,-0.004074692168162443,0.9086603072892103,755.7639463119817,9.656131219878302,9.656131219878302,755.7639463119817,565.1047537820439,7.281447311860378,6.097107989124344,477.6593672576214,468.6133590095498,5.816477356852109,5.651704617927038,456.5406811636688,463.5423772120999,5.753434400867171,5.565730455210491,449.7890994014813,2967.9233170638186,37.9551767575529,-37.9551767575529,-2967.9233170638186,449.14406651861674,5.575070503494326,5.311735086935845,429.8427522439397,1.0258581547963639,1.0267929601955224,1.5,1.029554676438194,193.70431458171456,643.2998146518988,hourly_window_mean_factor_top_available_analogs,3,192.79565427442535,-112.46413166008286,-8.855606306736407e-13,192.79565427442535,-112.46413166008286,-8.855606306736407e-13,-0.9086603072892103,-755.7639463119817,-477.65936725762134,194.39556457189124,2.5953774064322888,238.2604237307214,3.2105606124010757,643.2998146518988,8.0298821616314,755.7639463119817,9.656131219878302,565.1047537820439,7.281447311860378,-112.4641316600829,-1.626249058246902,-1.2537511126707557
experiment_2026_08_31_06_38_ercot_criterion_holiday_identity,ERCOT_demand_FWEST,2025-08-27,Lyndon B. Johnson Day,H2,L,observance_tier,True,2025-08-27,19,True,True,3,False,2,6,3,pearson,RidgeReg,minmax,2,{'alpha': 134.81402151051657},2025-08-26 10:00:00,2025-08-28,193.5688582292136,2.3589929922523054,198.297366,2.801,,14,24,3,4,3,3,0.04019295660068399,7897.566686416737,7885.5065327385555,193.5688582292136,2.3589929922523054,1.7487848089758782,146.14476058326346,142.92352126486307,1.7573760820624786,1.4771184095502299,120.97343792066756,223.11197145841803,2.7099361898630376,1.9072568753075068,160.82803213644442,126.36664219425367,1.5712038256891447,0.5344941271083844,43.96090205494583,325.4585382615367,4.071353007852528,2.5732763273552752,205.75201139144795,252.10889234201136,3.1502454144239125,1.8221460430537895,146.14476058326295,207.71366955511928,2.560333416797095,0.45831090817986114,44.34976345507755,207.36357918771526,2.5574512007491346,0.40861392950508457,40.354709004421956,3781.9252342328327,47.139114687038735,-47.139114687038735,-3781.9252342328327,205.7789889063664,2.5485470230218747,0.05155707746491541,11.651524144531285,1.0147711840955023,1.0152778166667986,1.5,1.0189178091949542,120.97343792066756,160.82803213644442,hourly_window_mean_factor_top_available_analogs,3,77.01253586572173,-44.92397925500355,5.026154930850393e-13,77.01253586572173,-44.92397925500355,5.026154930850393e-13,-43.960902054945834,-205.75201139144798,-146.14476058326295,142.92352126486307,1.7573760820624786,126.36664219425367,1.5712038256891447,223.11197145841803,2.7099361898630376,325.4585382615367,4.071353007852528,252.10889234201136,3.1502454144239125,-102.34656680311869,-1.36141681798949,-0.7912524221716071
experiment_2026_08_31_06_38_ercot_criterion_holiday_identity,ERCOT_demand_FWEST,2025-09-01,Labor Day,H2,K,observance_tier,True,2025-09-01,19,True,True,6,False,2,6,6,pearson,RidgeReg,minmax,2,{'alpha': 97.68525423955113},2025-08-31 10:00:00,2025-09-02,120.69683992720195,1.5120327649082386,197.113453,2.754,,14,24,4,4,6,4,0.050362334013318716,7976.176027577983,7946.657167122128,120.69683992720195,1.5120327649082386,0.01638943626460215,2.4532909746469014,115.17460661640618,1.427082127898484,0.39167494457268165,32.79852142626227,123.91814269183283,1.561587303163929,-0.2025271102484442,-15.248093455462064,233.65732474559465,2.907572877050795,-0.48414083244042844,-38.59388501704981,353.8210907333293,4.462282064882499,0.3875735023873392,26.3974769698054,309.5502295799534,3.8894944693655553,0.06641558955605636,2.4532909746482177,127.4870398117876,1.6079828419362059,-0.5949953027679389,-46.37315851016891,127.72780272301513,1.6110662620951766,-0.6119683580521049,-47.719222879119194,3988.5766770165264,50.30379066537267,-50.30379066537267,-3988.5766770165264,177.92529874947388,2.2482562030781135,-2.012360874028188,-158.77868958918927,1.0039167494457268,1.0040861369429652,1.5,1.0180617576819042,32.79852142626227,-15.248093455462064,hourly_window_mean_factor_top_available_analogs,4,71.39240644331208,-41.645570425267465,-1.3163739104608172e-12,71.39240644331208,-41.645570425267465,-1.3163739104608172e-12,38.593885017049814,-26.397476969805403,-2.4532909746482177,115.17460661640618,1.427082127898484,233.65732474559465,2.907572877050795,123.91814269183283,1.561587303163929,353.8210907333293,4.462282064882499,309.5502295799534,3.8894944693655553,-229.90294804149647,-2.9006947617185697,-2.3774617044573167
experiment_2026_08_31_06_38_ercot_criterion_holiday_identity,ERCOT_demand_FWEST,2025-11-11,Veterans Day,H2,T,observance_tier,True,2025-11-11,19,True,True,6,False,2,6,6,pearson,RidgeReg,minmax,2,{'alpha': 97.68525423955113},2025-11-10 10:00:00,2025-11-12,110.46972158241772,1.4330776051950378,195.983192,2.722,,14,24,4,4,6,4,0.013906228207097929,7654.228669396251,7653.145973288255,110.46972158241772,1.4330776051950378,0.19047775550487858,17.64335734059104,94.64302008764253,1.2695926768536931,-1.0811027822571007,-80.054172795672,119.7019641210366,1.5284438133941556,0.9322330691993664,74.63358325341115,152.17687185542368,2.041841086835388,-1.9762177694881538,-147.1694226504267,160.54171352812307,2.062175450267052,1.4486349291748004,113.78414566868548,157.45992975397067,2.0546838426869654,0.186847092825291,17.64335734059152,163.2112438561168,2.080683307038695,2.0032574538082364,157.3719573008281,161.175629483528,2.054532692352112,1.9681134731582752,154.65702768921747,3751.939403390717,48.601650396200945,-48.601650396200945,-3751.939403390717,121.19985951888039,1.547021521621457,0.9901000228832267,79.10389945506165,0.989188972177429,0.9895437190516015,1.5,0.9994158851513805,-80.054172795672,74.63358325341115,hourly_window_mean_factor_top_available_analogs,4,67.1152498547547,-39.15056241527433,-4.786814219857517e-13,67.1152498547547,-39.15056241527433,-4.786814219857517e-13,147.1694226504267,-113.78414566868548,-17.64335734059152,94.64302008764253,1.2695926768536931,152.17687185542368,2.041841086835388,119.7019641210366,1.5284438133941556,160.54171352812307,2.062175450267052,157.45992975397067,2.0546838426869654,-40.83974940708647,-0.5337316368728964,-0.6216062374919276
experiment_2026_08_31_06_38_ercot_criterion_holiday_identity,ERCOT_demand_FWEST,2025-11-27,Thanksgiving Day,H1,S,observance_tier,True,2025-11-27,19,True,True,6,False,2,6,6,pearson,RidgeReg,minmax,2,{'alpha': 97.68525423955113},2025-11-26 10:00:00,2025-11-28,359.71707383265067,4.533842505895007,197.281272,2.731,,14,24,4,4,6,4,0.016357055775150914,7519.291832550737,7509.170308806024,359.71707383265067,4.533842505895007,3.453510946716135,280.2660246861043,306.0181913156185,3.9110801348838033,2.1075811812275167,173.5247279583245,391.04142196758613,4.897120555651543,4.238636643251161,342.53178111064244,326.7071095769267,4.198526979558997,1.8430381406800993,153.7589913874465,357.7364356468532,4.475382088740773,4.425453672370673,354.0617941103225,346.30457867372246,4.373382837989592,3.4740374238530927,280.2660246861051,310.8255622252043,3.9309589873381205,2.220388170257422,184.26992081592266,303.515768957453,3.843054020093277,2.0338135555884413,169.63958862620765,3412.05337329237,43.64204503512326,-43.64204503512326,-3412.05337329237,390.3930159298149,4.889200723914037,4.2244437608346095,341.4188398627018,1.0210758118122751,1.0230241405340992,1.5,1.0001482109477042,173.5247279583245,342.53178111064244,hourly_window_mean_factor_top_available_analogs,4,19.765736570877966,-11.530012999680025,-7.658902751772027e-13,19.765736570877966,-11.530012999680025,-7.658902751772027e-13,-153.7589913874465,-354.06179411032247,-280.266024686105,306.0181913156185,3.9110801348838033,326.7071095769267,4.198526979558997,391.04142196758613,4.897120555651543,357.7364356468532,4.475382088740773,346.30457867372246,4.373382837989592,33.30498632073295,0.42173846691077,0.16045966790541488
experiment_2026_08_31_06_38_ercot_criterion_holiday_identity,ERCOT_demand_FWEST,2025-11-28,Day after Thanksgiving,H2,H,observance_tier,True,2025-11-28,19,True,True,3,False,2,6,3,pearson,RidgeReg,minmax,2,{'alpha': 134.81402151051657},2025-11-27 10:00:00,2025-11-29,249.28199569678108,3.2772131248065657,206.505832,2.826,,14,24,3,4,3,3,0.011058182211192471,7758.8139338165665,7757.9173154725895,249.28199569678108,3.2772131248065657,-1.611079357906596,-114.97559031656658,301.65493955557315,3.8783877945605028,0.6105269452662956,60.30097159375821,218.73111177915234,2.926527900783434,-2.907016368090782,-217.22025143092273,281.84325622640506,3.650378246729396,0.08857064544749349,18.328840956157105,225.4568834894518,3.0136204588897457,-2.5894119607572783,-192.73650855898893,246.2308102872766,3.2482154333569855,-1.602786790050257,-114.97559031656671,264.5844270333619,3.535291431587566,-3.535291431587566,-264.5844270333619,277.5023123890795,3.7066442555072894,-3.7066442555072894,-277.5023123890795,4096.178909167218,54.36052455213618,-54.36052455213618,-4096.178909167218,143.24647398560592,1.917930355775856,-1.5756603374197862,-116.85245953559736,1.0061052694526629,1.0077703922981918,1.5,0.9870625339490086,60.30097159375821,-217.22025143092273,hourly_window_mean_factor_top_available_analogs,3,41.972130637601104,-24.48374287193379,1.1967035549643792e-13,41.972130637601104,-24.48374287193379,1.1967035549643792e-13,-18.32884095615711,192.73650855898893,114.9755903165667,301.65493955557315,3.8783877945605028,281.84325622640506,3.650378246729396,218.73111177915234,2.926527900783434,225.4568834894518,3.0136204588897457,246.2308102872766,3.2482154333569855,-6.725771710299455,-0.08709255810631156,0.0289976914495802
experiment_2026_08_31_06_38_ercot_criterion_holiday_identity,ERCOT_demand_FWEST,2025-12-24,Christmas Eve,H1,G,observance_tier,True,2025-12-24,19,True,True,6,False,2,6,6,pearson,RidgeReg,minmax,2,{'alpha': 153.65793972245612},2025-12-23 10:00:00,2025-12-25,187.95482897082218,2.437473273471309,210.413697,2.87,,14,24,4,4,6,4,0.012217495873728584,7581.419713085379,7586.288381046649,187.95482897082218,2.437473273471309,0.7782750921545825,68.2411225988291,342.8147514974962,4.422852047413385,2.1231804223717377,182.4181818482219,97.61987416359564,1.279335655338431,-0.006253017138758106,1.6378380366832819,392.5494535893448,5.067449713590411,1.8825406533606561,166.22280872525957,149.30520905546572,1.9547702344582056,0.10615451880048171,11.085139025081617,238.92150967321055,3.1015468846648075,0.7606125683752826,68.2411225988314,179.3961327543752,2.384357920015552,-2.1295662023461968,-159.43275165436128,193.9685603678779,2.5792028608411535,-2.4151770859654023,-181.09866216027254,3791.506352486642,50.00937952570814,-50.00937952570814,-3791.506352486642,198.4768525705584,2.588827942632436,2.5786752124157832,197.7256865669987,1.0212318042237174,1.0240877344781012,1.5,0.9741523339634418,182.4181818482219,1.6378380366832819,hourly_window_mean_factor_top_available_analogs,4,16.195373122962337,-9.447300988398334,-2.297670825531608e-12,16.195373122962337,-9.447300988398334,-2.297670825531608e-12,-166.22280872525957,-11.085139025081617,-68.2411225988314,342.8147514974962,4.422852047413385,392.5494535893448,5.067449713590411,97.61987416359564,1.279335655338431,149.30520905546572,1.9547702344582056,238.92150967321055,3.1015468846648075,-51.685334891870085,-0.6754345791197747,-0.6640736111934986
experiment_2026_08_31_06_38_ercot_criterion_holiday_identity,ERCOT_demand_FWEST,2025-12-25,Christmas Day,H2,F,observance_tier,True,2025-12-25,19,True,True,6,False,2,6,6,pearson,RidgeReg,minmax,2,{'alpha': 155.673567951874},2025-12-24 10:00:00,2025-12-26,180.35440622540588,2.4029898037141293,206.308563,2.773,,14,24,4,4,6,4,0.007269990888313649,7744.629545122824,7746.906053339681,180.35440622540588,2.4029898037141293,-1.9059610949424226,-141.16212922808717,133.3956888300202,1.7707422280394256,-1.4321696279940213,-106.85035910820963,207.7469913727142,2.7718008895243735,-2.1823394506623237,-161.1773284646824,214.11102258735323,2.8350088192759624,-2.141139785664557,-159.77219577385955,238.0550110758688,3.157595140710992,-1.7910924781358786,-130.30625707638708,229.2335416327315,3.0387475486033497,-1.9200572756464442,-141.16212922808748,160.95584915355423,2.1243581641451486,-0.7189150198761892,-50.22849285952145,162.2795710166704,2.142993441830896,-0.7718492316179786,-54.24167525068439,4034.630355134524,53.27350917599349,-53.27350917599349,-4034.630355134524,154.8231943280822,1.9931496431974232,1.7392207510317617,136.13391561491264,0.9856783037200598,0.9861963405161086,1.5,0.9616219375796581,-106.85035910820963,-161.1773284646824,hourly_window_mean_factor_top_available_analogs,4,52.921836665649934,-30.871071388295302,3.111429242907386e-13,52.921836665649934,-30.871071388295302,3.111429242907386e-13,159.77219577385955,130.3062570763871,141.16212922808748,133.3956888300202,1.7707422280394256,214.11102258735323,2.8350088192759624,207.7469913727142,2.7718008895243735,238.0550110758688,3.157595140710992,229.2335416327315,3.0387475486033497,-30.3080197031546,-0.38579425118661836,-0.6357577448892204
experiment_2026_08_31_06_38_ercot_criterion_holiday_identity,ERCOT_demand_FWEST,2026-01-01,New Year's Day,H2,O,observance_tier,True,2026-01-01,19,True,True,3,False,2,6,3,pearson,RidgeReg,minmax,2,{'alpha': 111.01729122325105},2025-12-31 10:00:00,2026-01-02,145.15615279650342,1.9091455566824234,205.618969,2.742,,14,24,3,4,3,3,0.013811675833226442,7814.77195102437,7784.78229482154,145.15615279650342,1.9091455566824234,-0.806776743730037,-57.279667498053975,107.69811664583345,1.3530644633804183,0.7654779966491841,62.02252312792137,167.00667388439425,2.2335261944419265,-1.7239253422845824,-126.87261202987293,112.96268312961001,1.4275861119555793,-0.16314741295718033,-11.257052965857058,158.6802650549696,2.1161448915450936,-1.16390341380471,-84.12619264183513,141.83694539825817,1.8624653411700096,-0.7952038345450938,-57.27966749805373,195.64099850334642,2.6187017360153955,-2.5025996081076185,-186.46340758377355,196.83170458162297,2.634511092150959,-2.5259883861337014,-188.2533163438052,4019.263759440643,52.58588801342688,-52.58588801342688,-4019.263759440643,170.62918142872942,2.283282929379141,-1.8662333913288427,-137.76323758214747,1.0076547799664919,1.0078847040275953,1.5,1.0013989634057614,62.02252312792137,-126.87261202987293,hourly_window_mean_factor_top_available_analogs,3,73.27957609377843,-42.74641938803779,-2.3934071099287584e-13,73.27957609377843,-42.74641938803779,-2.3934071099287584e-13,11.257052965857063,84.12619264183513,57.27966749805373,107.69811664583345,1.3530644633804183,112.96268312961001,1.4275861119555793,167.00667388439425,2.2335261944419265,158.6802650549696,2.1161448915450936,141.83694539825817,1.8624653411700096,8.32640882942465,0.1173813028968329,0.04668021551241375
experiment_2026_08_31_06_38_ercot_criterion_holiday_identity,ERCOT_demand_FWEST,2026-01-19,Martin Luther King Jr. Day,H2,M,observance_tier,True,2026-01-19,19,True,True,3,False,2,6,3,pearson,RidgeReg,minmax,2,{'alpha': 111.01729122325105},2026-01-18 10:00:00,2026-01-20,196.13895379560626,2.558050051357096,207.336159,2.757,,14,24,3,4,3,3,0.017600268947577147,7954.183901559733,7934.18890651633,196.13895379560626,2.558050051357096,-2.277196797059318,-173.46337166499526,116.4690660469303,1.4859901332202596,-0.9730445799550245,-74.87534641985212,242.6130549823339,3.1834183369369167,-3.0379522570368227,-230.97305305799543,175.81729531708783,2.2515614664265087,-2.1887916960844302,-170.83528608798062,240.24193715947868,3.1428756073074937,-2.319272360427559,-174.99642158492233,216.5065427964926,2.8144967132987104,-2.271200536722196,-173.46337166499643,182.4348294982376,2.3946532368760507,-2.0353470473030764,-153.76985793974518,184.09086591158754,2.4165773241233945,-2.072183965128301,-156.60639591781035,4198.06750631616,54.55692838555524,-54.55692838555524,-4198.06750631616,278.3662085150192,3.6511531396053556,-3.595005490495959,-273.8675932583388,0.9902695542004497,0.990627062448802,1.5,1.0054062917716913,-74.87534641985212,-230.97305305799543,hourly_window_mean_factor_top_available_analogs,3,95.9599396681285,-55.9766314730731,1.1727694838650917e-12,95.9599396681285,-55.9766314730731,1.1727694838650917e-12,170.83528608798062,174.99642158492233,173.46337166499643,116.4690660469303,1.4859901332202596,175.81729531708783,2.2515614664265087,242.6130549823339,3.1834183369369167,240.24193715947868,3.1428756073074937,216.5065427964926,2.8144967132987104,2.3711178228552114,0.04054272962942296,-0.25644666194161436
experiment_2026_08_31_06_38_ercot_criterion_holiday_identity,ERCOT_demand_FWEST,2026-02-16,Presidents' Day,H2,P,observance_tier,True,2026-02-16,19,True,True,3,False,2,6,3,pearson,RidgeReg,minmax,2,{'alpha': 111.01729122325105},2026-02-15 10:00:00,2026-02-17,189.61596669586459,2.5199871260888886,207.373011,2.745,,14,24,3,4,3,3,0.009645054793262102,7413.128631859039,7409.722520241351,189.61596669586459,2.5199871260888886,0.6288693146087894,52.54489695675035,270.15401793920927,3.5042492697034904,3.5042492697034904,270.15401793920927,142.6354368039135,1.9458342089803702,-1.0484356591964525,-74.39375694968403,229.0973622275037,2.978602265991132,2.978602265991132,229.0973622275037,148.12836909860334,2.0162893812768705,-0.7255565503843554,-50.44404111785608,177.9590507776719,2.370825707224231,0.6391335398592453,52.54489695675016,334.40196338392167,4.594027193998257,-4.589424727830653,-334.0489042522971,344.2111219667483,4.728009701838562,-4.728009701838562,-344.2111219667483,2336.888751180395,31.90270573870941,-31.90270573870941,-2336.888751180395,126.03960278305765,1.711815123408743,-0.5062227148199244,-34.63413634295489,1.035042492697035,1.0364139634486982,1.3053413927512385,0.9946341282688904,270.15401793920927,-74.39375694968403,hourly_window_mean_factor_top_available_analogs,3,41.05665571170558,-23.949715831827955,1.9147256879430067e-13,41.05665571170558,-23.949715831827955,1.9147256879430067e-13,-229.09736222750368,50.444041117856074,-52.54489695675016,270.15401793920927,3.5042492697034904,229.0973622275037,2.978602265991132,142.6354368039135,1.9458342089803702,148.12836909860334,2.0162893812768705,177.9590507776719,2.370825707224231,-5.492932294689837,-0.07045517229650033,0.1491614188646575
experiment_2026_08_31_06_38_ercot_criterion_holiday_identity,ERCOT_demand_FWEST,2026-03-02,Texas Independence Day,H2,R,observance_tier,True,2026-03-02,19,True,True,5,False,2,6,5,pearson,RidgeReg,minmax,2,{'alpha': 143.84648405222313},2026-03-01 10:00:00,2026-03-03,232.16364515903632,3.047217121734161,209.109476,2.764,,14,24,4,4,5,4,0.014896981153769213,7799.512399911461,7805.395610637389,232.16364515903632,3.047217121734161,-1.6514086275412883,-119.63677585882854,214.51862316112388,2.721976772836545,0.3970696088342561,37.83694754727594,242.4565746578186,3.2369406585911027,-2.846354265427023,-211.49644784572283,235.07860929880795,2.9792314916571168,0.7187239751834428,63.20380893510622,240.97315046252686,3.2221138670880705,-3.0354558924232897,-226.29378365529217,238.80147740220931,3.1326308866661403,-1.6523369938313357,-119.63677585882961,263.0841448496165,3.5145066387585384,-3.254725882009047,-242.48930166484692,267.6909182836951,3.5764956937829524,-3.345927875118726,-249.41096302838415,4114.194253164417,54.26953139814054,-54.26953139814054,-4114.194253164417,246.21364297981427,3.287496024136067,-2.9207343329772257,-217.14143017807592,1.0039706960883426,1.0048574751459094,1.5,1.0007232154030297,37.83694754727594,-211.49644784572283,hourly_window_mean_factor_top_available_analogs,4,-25.366861387830276,14.797335809569367,1.0770331994679412e-12,-25.366861387830276,14.797335809569367,1.0770331994679412e-12,-63.20380893510622,226.2937836552922,119.63677585882962,214.51862316112388,2.721976772836545,235.07860929880795,2.9792314916571168,242.4565746578186,3.2369406585911027,240.97315046252686,3.2221138670880705,238.80147740220931,3.1326308866661403,1.4834241952917466,0.014826791503032233,-0.0854137649319795
experiment_2026_08_31_06_38_ercot_criterion_holiday_identity,ERCOT_demand_NCENT,2025-01-01,New Year's Day,H2,O,observance_tier,True,2025-01-01,19,True,True,3,False,2,5,3,pearson,RidgeReg,minmax,2,{'alpha': 4.658189565779764},2024-12-31 10:00:00,2025-01-02,1349.6488670365864,10.4692104479861,1357.504473,9.524,,14,24,3,4,3,3,0.05758213915858879,11477.480493016046,11436.618399875704,1349.6488670365864,10.4692104479861,10.4692104479861,1349.6488670365864,1246.7936948862264,9.728786531118189,9.728786531118189,1246.7936948862264,1409.6477174576291,10.901124399492383,10.901124399492383,1409.6477174576291,1246.255375766685,9.744439994857643,9.744439994857643,1246.255375766685,1409.9617369440268,10.922741757143802,10.922741757143802,1409.9617369440268,1349.6488670365852,10.48863058156469,10.48863058156469,1349.6488670365852,780.763618552332,6.132287790033357,2.232884990692445,297.0035269551366,756.3610466980816,5.952566368011124,1.281065539540518,174.82919226194204,1712.2241022595624,13.258395992064868,13.258395992064868,1712.2241022595624,1302.3105757651667,10.066954708801385,10.040039091144118,1299.1199019835774,1.097287865311182,1.1079705977781953,0.9735431948306309,1.009664379068139,1246.7936948862264,1409.6477174576291,hourly_window_mean_factor_top_available_analogs,3,0.5383191195413539,-0.3140194863976073,9.573628439715034e-13,0.5383191195413539,-0.3140194863976073,9.573628439715034e-13,-1246.2553757666851,-1409.9617369440268,-1349.6488670365854,1246.7936948862264,9.728786531118189,1246.255375766685,9.744439994857643,1409.6477174576291,10.901124399492383,1409.9617369440268,10.922741757143802,1349.6488670365852,10.48863058156469,-0.31401948639768307,-0.0216173576514187,-0.019420133578590182
experiment_2026_08_31_06_38_ercot_criterion_holiday_identity,ERCOT_demand_NCENT,2025-01-20,Martin Luther King Jr. Day,H2,M,observance_tier,True,2025-01-20,19,True,True,2,False,2,5,2,pearson,RidgeReg,standard,2,{'alpha': 3.706170797116132},2025-01-19 10:00:00,2025-01-21,919.614773632435,4.62954820730518,1372.849285,9.669,,14,24,2,4,2,2,0.050090364204548786,20779.355392935595,20799.913432905472,919.614773632435,4.62954820730518,-1.502635844696994,-272.4762484619072,1293.878409701508,6.8793334680947895,-6.8793334680947895,-1293.878409701508,701.2943192588094,3.3171734718445727,1.633771102285053,323.3416789278599,1249.2312600744897,6.679012691745659,-6.679012691745659,-1249.2312600744897,523.1544697370651,2.4758066279339386,1.463155682724775,297.29750831209395,790.6564451245373,4.024356230390888,-1.5365905605011745,-272.47624846191053,1754.2370850524712,8.400712008148291,8.400712008148291,1754.2370850524712,1620.7005423454932,7.7691956237895115,7.7691956237895115,1620.7005423454932,1551.5941340728907,7.246065614900066,-6.491861463630094,-1394.8542492130716,1327.651390254968,6.382505480199714,6.371620909511537,1325.1780505436877,0.931206665319052,0.9376267181302201,1.0826059172641913,0.9518345893675249,-1293.878409701508,323.3416789278599,hourly_window_mean_factor_top_available_analogs,2,-44.647149627018216,26.044170615765932,3.350769953900262e-12,-44.647149627018216,26.044170615765932,3.350769953900262e-12,1249.2312600744897,-297.29750831209395,272.47624846191053,1293.878409701508,6.8793334680947895,1249.2312600744897,6.679012691745659,701.2943192588094,3.3171734718445727,523.1544697370651,2.4758066279339386,790.6564451245373,4.024356230390888,178.13984952174428,0.8413668439106341,0.6051919769142922
experiment_2026_08_31_06_38_ercot_criterion_holiday_identity,ERCOT_demand_NCENT,2025-02-17,Presidents' Day,H2,P,observance_tier,True,2025-02-17,19,True,True,2,False,2,5,2,pearson,RidgeReg,standard,2,{'alpha': 3.706170797116132},2025-02-16 10:00:00,2025-02-18,2582.782814863738,15.46234112489303,1400.178476,9.725,,14,24,2,4,2,2,0.05542199637768654,13673.544334978367,13696.591979504017,2582.782814863738,15.46234112489303,15.46234112489303,2582.782814863738,2386.4297344941756,14.695704276708195,14.695704276708195,2386.4297344941756,2697.322111745984,15.90954595300085,15.90954595300085,2697.322111745984,2067.8770426397737,12.71082880231182,12.71082880231182,2067.8770426397737,2883.144515327717,16.88586363363879,16.88586363363879,2883.144515327717,2582.782814863738,15.347692906307804,15.347692906307804,2582.782814863738,1003.0251499015327,5.800527299296472,3.5518615013126578,684.511458450741,880.7440743229389,5.229208037733624,1.190794434477161,299.9425722771007,1348.307796132619,7.705368615374373,7.167010401965745,1273.3442813740562,2637.2857227126383,15.540951544938531,15.540951544938531,2637.2857227126383,1.1469570427670819,1.1750347490132138,1.1039658502277654,1.0043833085721752,2386.4297344941756,2697.322111745984,hourly_window_mean_factor_top_available_analogs,2,318.55269185440153,-185.8224035817333,5.74417706382902e-13,318.55269185440153,-185.8224035817333,5.74417706382902e-13,-2067.877042639774,-2883.1445153277173,-2582.7828148637377,2386.4297344941756,14.695704276708195,2067.8770426397737,12.71082880231182,2697.322111745984,15.90954595300085,2883.144515327717,16.88586363363879,2582.782814863738,15.347692906307804,-185.82240358173294,-0.9763176806379423,0.11464821858522534
experiment_2026_08_31_06_38_ercot_criterion_holiday_identity,ERCOT_demand_NCENT,2025-03-02,Texas Independence Day,H2,R,observance_tier,True,2025-03-02,19,True,True,2,False,2,5,2,pearson,RidgeReg,standard,2,{'alpha': 3.706170797116132},2025-03-01 10:00:00,2025-03-03,660.4302660997298,5.837994542269841,1493.903248,10.117,,14,24,2,4,2,2,0.07501729321346218,11996.416694140367,11881.570247721364,660.4302660997298,5.837994542269841,-5.412999448591318,-613.6347197982631,418.38345450814217,3.5467242415556473,-3.0816082353446173,-361.0557761443766,801.6242395281557,7.174568884353119,-6.7729776563185595,-760.9724369296968,456.0520211249569,3.8751910088685793,-3.674437511959726,-431.2422067771395,817.2209576367082,7.314050823738261,-6.338873855758457,-720.0303523939161,684.158717869221,6.047102470891536,-5.357239413306293,-613.6347197982617,582.6341431459448,5.348761565153576,-3.4826527837387844,-394.82898968766,587.930829475222,5.391688766822246,-3.6113223239085506,-409.147183427559,1764.3626197219949,15.789879912011381,-15.789879912011381,-1764.3626197219949,941.5617689872614,8.397856236502108,-8.373980570644465,-939.1301413499986,0.9691839176465539,0.9703889935280557,1.0844492909499674,1.014994457862543,-361.0557761443766,-760.9724369296968,hourly_window_mean_factor_top_available_analogs,2,70.18643063276288,-40.942084535780474,-1.3403079815601047e-12,70.18643063276288,-40.942084535780474,-1.3403079815601047e-12,431.2422067771395,720.0303523939162,613.6347197982617,418.38345450814217,3.5467242415556473,456.0520211249569,3.8751910088685793,801.6242395281557,7.174568884353119,817.2209576367082,7.314050823738261,684.158717869221,6.047102470891536,-15.596718108552523,-0.13948193938514208,-0.20910792862169547
experiment_2026_08_31_06_38_ercot_criterion_holiday_identity,ERCOT_demand_NCENT,2025-04-21,San Jacinto Day,H2,Q,observance_tier,True,2025-04-21,19,True,True,3,False,2,5,3,pearson,LassoReg,standard,2,{'alpha': 0.021732389322010534},2025-04-20 10:00:00,2025-04-22,1024.2790515434149,8.569880060229343,1444.466011,9.806,,14,24,3,4,3,3,0.10138631904456616,13165.270310331707,12882.01981529384,1024.2790515434149,8.569880060229343,-4.988337249155523,-472.00965806854936,857.2477324680567,6.833756511690042,-6.833756511690042,-857.2477324680567,1121.7139876707067,9.582618796877268,-3.9118426793437213,-247.28744800217024,1121.7290957425366,8.782475428116213,-8.782475428116213,-1121.7290957425366,473.42173506410603,3.9244934760571994,-1.4943421340206655,-93.00665275872318,712.2718153140542,5.714276300499994,-4.1794438739506035,-472.0096580685491,1214.1966102916906,9.192787352351333,3.1892396361730495,633.0384199626748,1190.2140337088124,9.087841486402125,2.613629352306208,561.6796326342544,2708.8223303926848,23.76762842693346,-23.76762842693346,-2708.8223303926848,1951.5279853743093,17.656690593157283,-17.649004831745415,-1950.292519322312,0.9316624348830995,0.9372018447234494,1.1910829914628855,1.132200159271475,-857.2477324680567,-247.28744800217024,hourly_window_mean_factor_top_available_analogs,3,264.4813632744799,-154.28079524344707,-2.87208853191451e-13,264.4813632744799,-154.28079524344707,-2.87208853191451e-13,1121.7290957425366,93.00665275872316,472.0096580685491,857.2477324680567,6.833756511690042,1121.7290957425366,8.782475428116213,1121.7139876707067,9.582618796877268,473.42173506410603,3.9244934760571994,712.2718153140542,5.714276300499994,648.2922526066006,5.658125320820069,2.855603759729349
experiment_2026_08_31_06_38_ercot_criterion_holiday_identity,ERCOT_demand_NCENT,2025-05-26,Memorial Day,H2,N,observance_tier,True,2025-05-26,19,True,True,2,False,2,6,2,euclidian,LassoReg,minmax,2,{'alpha': 0.002456459215250751},2025-05-25 10:00:00,2025-05-27,3571.3102710993867,22.157538411613057,1536.26528,9.825,,14,24,2,4,2,2,0.15573864352872488,15486.445727416416,15399.636412797297,3571.3102710993867,22.157538411613057,-1.743249990571939,309.27749663621705,4233.357044522242,20.749178445233536,20.749178445233536,4233.357044522242,3185.116319936054,22.97908172533444,-14.863833244791804,-1979.7689062972977,3824.386167758084,18.995881117567727,18.995881117567727,3824.386167758084,3190.465766675323,23.05047383793315,-12.992578759653037,-1741.2025615182074,3424.0153881268666,21.55667651990378,-1.207356699624337,309.27749663621586,5327.749679868301,39.64292865983773,-38.69713497378914,-5175.06694550577,6149.328748755707,45.96402376944112,-45.96402376944112,-6149.328748755707,4621.790356455484,34.127040262892,-31.762983890802285,-4245.414830537337,4417.752348810086,32.529023606373435,-29.673970108252927,-3965.3436209684946,1.2074917844523354,1.270757031574684,1.1471233387274817,1.1289364671636766,4233.357044522242,-1979.7689062972977,hourly_window_mean_factor_top_available_analogs,2,408.9708767641579,-238.5663447790902,1.1967035549643793e-12,408.9708767641579,-238.5663447790902,1.1967035549643793e-12,-3824.3861677580844,1741.2025615182074,-309.27749663621586,4233.357044522242,20.749178445233536,3824.386167758084,18.995881117567727,3185.116319936054,22.97908172533444,3190.465766675323,23.05047383793315,3424.0153881268666,21.55667651990378,-5.349446739268842,-0.07139211259871203,0.6008618917092754
experiment_2026_08_31_06_38_ercot_criterion_holiday_identity,ERCOT_demand_NCENT,2025-06-19,Juneteenth National Independence Day,H2,J,observance_tier,True,2025-06-19,19,True,True,2,False,2,6,2,euclidian,LassoReg,minmax,2,{'alpha': 0.002456459215250751},2025-06-18 10:00:00,2025-06-20,632.2772162368685,3.1865732149933104,1275.312057,9.155,,14,24,2,4,2,2,0.14371203730940463,19358.918989452097,18655.829771141147,632.2772162368685,3.1865732149933104,1.3566705396965666,346.1957987321154,540.2266448687266,2.5593073314596415,1.5923340948882518,354.948196586275,685.9733828682847,3.5524783137212843,1.2192001325014168,341.09023331718896,744.5459280255034,3.497798242644842,-2.683421246979459,-581.2565278300509,887.2096558933772,4.613931355303016,4.613931355303016,887.2096558933772,834.64933509995,4.202724419060531,1.9254330281463148,346.1957987321142,571.7012341960047,3.1700176589234736,-0.35372022299209943,44.027095186994224,568.8060280092177,3.1741899728288936,-0.4858037844726848,19.081676220422196,724.4916300997519,4.254740011713891,-3.1356648740244104,-481.3734473477066,576.1492982740596,3.356924156922375,-1.527692840236804,-177.69041806129016,1.0159233409488826,1.0172604789519941,1.0440861484455208,1.02780796446701,354.948196586275,341.09023331718896,hourly_window_mean_factor_top_available_analogs,2,936.2047244163259,-546.1194225761882,1.1967035549643793e-12,936.2047244163259,-546.1194225761882,1.1967035549643793e-12,581.2565278300509,-887.2096558933772,-346.1957987321142,540.2266448687266,2.5593073314596415,744.5459280255034,3.497798242644842,685.9733828682847,3.5524783137212843,887.2096558933772,4.613931355303016,834.64933509995,4.202724419060531,-201.2362730250925,-1.061453041581732,-1.0161512040672207
experiment_2026_08_31_06_38_ercot_criterion_holiday_identity,ERCOT_demand_NCENT,2025-07-04,Independence Day,H2,I,observance_tier,True,2025-07-04,19,True,True,2,False,2,6,2,euclidian,PLS,minmax,2,{},2025-07-03 10:00:00,2025-07-05,2359.108835930854,14.335471522261745,1143.014336,8.046,,14,24,2,4,2,2,0.1574243017812141,18847.243361588746,17929.1464629955,2359.108835930854,14.335471522261745,-14.335471522261745,-2359.108835930854,2554.0870258914624,14.167877762496275,-14.167877762496275,-2554.0870258914624,2245.371558453832,14.433234548791603,-14.433234548791603,-2245.371558453832,3381.682010318295,18.65338483936575,-18.65338483936575,-3381.682010318295,1780.4493208593128,10.83139799128137,-10.695229091958765,-1762.6078175381745,2370.3771538178858,13.713182619522982,-13.627181209424494,-2359.1088359308505,818.8804845280156,5.0637197515617025,1.779526241751845,294.80799628229397,688.5774876120291,4.206567841008824,-0.12097420804925552,-2.9582169321394454,2157.8270376866017,13.874479412338536,-13.874479412338536,-2157.8270376866017,3330.919216644715,21.361770162019805,-21.361770162019805,-3330.919216644715,0.8583212223750373,0.8749291637418504,0.9951171952915931,1.0605465330115618,-2554.0870258914624,-2245.371558453832,hourly_window_mean_factor_top_available_analogs,2,827.5949844268333,-482.7637409156577,-3.111429242907386e-12,827.5949844268333,-482.7637409156577,-3.111429242907386e-12,3381.682010318296,1762.6078175381745,2359.108835930851,2554.0870258914624,14.167877762496275,3381.682010318295,18.65338483936575,2245.371558453832,14.433234548791603,1780.4493208593128,10.83139799128137,2370.3771538178858,13.713182619522982,464.9222375945194,3.6018365575102322,0.622288902738763
experiment_2026_08_31_06_38_ercot_criterion_holiday_identity,ERCOT_demand_NCENT,2025-08-27,Lyndon B. Johnson Day,H2,L,observance_tier,True,2025-08-27,19,True,True,2,False,2,6,2,euclidian,PLS,minmax,2,{},2025-08-26 10:00:00,2025-08-28,1890.3126260572462,10.528546491102727,1201.547982,8.223,,14,24,2,4,2,2,0.14771349080611626,20606.167950696592,19691.757877971228,1890.3126260572462,10.528546491102727,-10.280235334207124,-1838.892071170282,2630.224791511514,13.407859175997816,-13.407859175997816,-2630.224791511514,1458.697196208923,8.848947424913923,-8.455788093162553,-1377.2813176378952,2622.787109518402,13.418618587058774,-13.418618587058774,-2622.787109518402,1478.794251101236,9.134638206062933,-8.670742579988621,-1381.6199654672025,1900.2653042022973,10.712946767482453,-10.419960056277624,-1838.8920711702758,1262.961847918943,6.08581124258729,6.08581124258729,1262.961847918943,986.7093411968777,4.572537098906366,4.409125811073323,958.5347247991189,2205.2651921085517,13.016053570253463,-13.016053570253463,-2205.2651921085517,2179.156218031762,12.872253845650418,-12.872253845650418,-2179.156218031762,0.8659214082400218,0.8813810297225905,1.042047230095029,1.0407213467361849,-2630.224791511514,-1377.2813176378952,hourly_window_mean_factor_top_available_analogs,2,-7.437681993112554,4.338647829307244,-5.313363784041844e-12,-7.437681993112554,4.338647829307244,-5.313363784041844e-12,2622.7871095184014,1381.6199654672025,1838.8920711702767,2630.224791511514,13.407859175997816,2622.787109518402,13.418618587058774,1458.697196208923,8.848947424913923,1478.794251101236,9.134638206062933,1900.2653042022973,10.712946767482453,-20.097054892312826,-0.28569078114900925,-0.18440027637972634
experiment_2026_08_31_06_38_ercot_criterion_holiday_identity,ERCOT_demand_NCENT,2025-09-01,Labor Day,H2,K,observance_tier,True,2025-09-01,19,True,True,2,False,2,6,2,euclidian,PLS,minmax,2,{},2025-08-31 10:00:00,2025-09-02,527.2110635151545,3.3126554520291576,1182.434369,7.705,,14,24,2,4,2,2,0.1777132318320926,16273.556815239157,15955.510991354633,527.2110635151545,3.3126554520291576,-0.4070512014768745,30.449701550318423,243.59736465000307,1.4945163701298032,-0.28084672102219216,-29.059145755474805,692.6523878531592,4.373236583137114,-0.4806704817421059,65.16319581203113,741.5226596661769,4.4077860054871305,-1.9908369518454585,-393.4980959160456,631.0216929019055,4.4317204038096625,2.6082393711417504,277.7525834056944,671.7325753940055,4.422902467585572,0.9138428310938312,30.449701550316508,694.6234789213637,4.337550598172315,-0.19847381343302153,109.97372525358576,693.8650106584595,4.351282427950706,-0.30706200616670615,92.73080585041104,902.2334128259181,6.496771486864932,-6.217293203332358,-845.7657067197215,1775.9932823754625,12.075450334942888,-12.075450334942888,-1775.9932823754625,0.9971915327897781,0.9982722201718693,1.057091803767697,1.1153931377807398,-29.059145755474805,65.16319581203113,hourly_window_mean_factor_top_available_analogs,2,364.43895016057076,-212.58938759366325,1.9147256879430067e-12,364.43895016057076,-212.58938759366325,1.9147256879430067e-12,393.49809591604554,-277.7525834056944,-30.449701550316508,243.59736465000307,1.4945163701298032,741.5226596661769,4.4077860054871305,692.6523878531592,4.373236583137114,631.0216929019055,4.4317204038096625,671.7325753940055,4.422902467585572,61.63069495125376,-0.058483820672548426,-1.1102470155564141
experiment_2026_08_31_06_38_ercot_criterion_holiday_identity,ERCOT_demand_NCENT,2025-11-11,Veterans Day,H2,T,observance_tier,True,2025-11-11,19,True,True,2,False,2,6,2,euclidian,PLS,minmax,2,{},2025-11-10 10:00:00,2025-11-12,1641.9085011690254,11.838169138040719,1145.531104,7.537,,14,24,2,4,2,2,0.0625631127975557,12061.801268330977,11833.07621134351,1641.9085011690254,11.838169138040719,11.838169138040719,1641.9085011690254,1595.9102792619415,11.287714240493857,11.287714240493857,1595.9102792619415,1668.740797281491,12.15926782827639,12.15926782827639,1668.740797281491,1353.3047762842143,9.554534917832862,9.554534917832862,1353.3047762842143,1810.260674018494,13.24030072660445,13.24030072660445,1810.260674018494,1641.9085011690229,11.882387007583338,11.882387007583338,1641.9085011690229,857.285193963688,6.1984372045279725,2.2440569939746693,333.05696868517816,881.7861619270603,6.397807766165169,0.9028813120640097,152.38641113763825,1014.6127537731136,7.303464886624487,7.303464886624487,1014.6127537731136,1861.633579527613,13.591173016793418,13.591173016793418,1861.633579527613,1.1128771424049386,1.1281454086039127,1.0552796273619292,0.9836988472987938,1595.9102792619415,1668.740797281491,hourly_window_mean_factor_top_available_analogs,2,242.605502977727,-141.5198767370032,2.6806159631202094e-12,242.605502977727,-141.5198767370032,2.6806159631202094e-12,-1353.3047762842145,-1810.2606740184942,-1641.9085011690227,1595.9102792619415,11.287714240493857,1353.3047762842143,9.554534917832862,1668.740797281491,12.15926782827639,1810.260674018494,13.24030072660445,1641.9085011690229,11.882387007583338,-141.51987673700296,-1.0810328983280613,-0.04421786954261897
experiment_2026_08_31_06_38_ercot_criterion_holiday_identity,ERCOT_demand_NCENT,2025-11-27,Thanksgiving Day,H1,S,observance_tier,True,2025-11-27,19,True,True,2,False,2,6,2,euclidian,PLS,minmax,2,{},2025-11-26 10:00:00,2025-11-28,421.84610989712144,3.409509648735391,1170.539983,7.808,,14,24,2,4,2,2,0.05720272109179188,12010.518906654937,11672.743731456381,421.84610989712144,3.409509648735391,3.2534934465970418,401.7462856345368,533.5817907904,4.069061064527763,4.069061064527763,533.5817907904,356.66696270937564,3.0247713228565076,2.7777456694707876,324.8422409602833,556.9309225136323,4.238724014279983,4.238724014279983,556.9309225136323,329.67297997202644,2.8068321518716197,2.6655703466256395,311.221914121731,413.39959038209173,3.334371259074701,3.2451532768140816,401.7462856345367,310.55094360768527,2.538351233174794,-1.1782872275489282,-150.12882937851296,319.5060073497052,2.6102327502664147,-1.34281263955366,-169.88215627745998,575.6484787053282,4.866710217541921,4.866710217541921,575.6484787053282,267.4536350364206,2.1995989632398194,-0.08904958110524774,-19.3522700697121,1.0406906106452776,1.042382871467017,0.9785135146016135,1.0294870271247745,533.5817907904,324.8422409602833,hourly_window_mean_factor_top_available_analogs,2,-23.34913172323234,13.620326838552273,4.786814219857517e-14,-23.34913172323234,13.620326838552273,4.786814219857517e-14,-556.9309225136323,-311.221914121731,-401.7462856345367,533.5817907904,4.069061064527763,556.9309225136323,4.238724014279983,356.66696270937564,3.0247713228565076,329.67297997202644,2.8068321518716197,413.39959038209173,3.334371259074701,26.9939827373492,0.2179391709848879,0.07513838966068986
experiment_2026_08_31_06_38_ercot_criterion_holiday_identity,ERCOT_demand_NCENT,2025-11-28,Day after Thanksgiving,H2,H,observance_tier,True,2025-11-28,19,True,True,2,False,2,6,2,euclidian,PLS,minmax,2,{},2025-11-27 10:00:00,2025-11-29,550.9815973023553,4.5357369552967945,1168.179384,7.87,,14,24,2,4,2,2,0.04936331222629581,12491.356488743322,12394.038608396206,550.9815973023553,4.5357369552967945,-1.888496452414109,-212.09571487490024,436.80545783837596,3.5705010816800637,-3.5705010816800637,-436.80545783837596,617.5843453230102,5.098791214906554,-0.9073270853423017,-81.0150314795394,517.5442117828624,4.181718596248286,-4.181718596248286,-517.5442117828624,605.8196028859394,4.972571028933561,-0.5041804479042485,-33.917425011923946,573.2970903742795,4.681204343207408,-1.8590629236099467,-212.09571487490126,640.4971298544118,5.107203035002865,2.6955701197342883,361.51425109709226,637.928586036917,5.092850804762857,2.5747569379540534,346.6752569166099,620.9486386826194,5.139477273123783,-1.2129765281832003,-118.55671556359994,612.7841168316132,4.964775193587684,1.1205969191144909,168.06666686803177,0.9642949891831993,0.9654922578580306,1.0030290113876705,0.9799031045313322,-436.80545783837596,-81.0150314795394,hourly_window_mean_factor_top_available_analogs,2,80.73875394448636,-47.097606467615456,1.0052309861700787e-12,80.73875394448636,-47.097606467615456,1.0052309861700787e-12,517.5442117828624,33.917425011923946,212.09571487490123,436.80545783837596,3.5705010816800637,517.5442117828624,4.181718596248286,617.5843453230102,5.098791214906554,605.8196028859394,4.972571028933561,573.2970903742795,4.681204343207408,11.764742437070822,0.12622018597299345,-0.14546738791061387
experiment_2026_08_31_06_38_ercot_criterion_holiday_identity,ERCOT_demand_NCENT,2025-12-24,Christmas Eve,H1,G,observance_tier,True,2025-12-24,19,True,True,2,False,2,6,2,euclidian,PLS,minmax,2,{},2025-12-23 10:00:00,2025-12-25,2069.028297271101,15.287845247902169,1166.960507,7.952,,14,24,2,4,2,2,0.07993377453831682,11254.335678360478,10440.000940298769,2069.028297271101,15.287845247902169,15.287845247902169,2069.028297271101,1811.6289346765916,12.371681407239167,12.371681407239167,1811.6289346765916,2219.1779254512326,16.98894082162226,16.98894082162226,2219.1779254512326,2115.0846430242846,14.468278874139136,14.468278874139136,2115.0846430242846,2042.162095581744,15.758116160622514,15.758116160622514,2042.162095581744,2069.0282972711007,15.282912949812848,15.282912949812848,2069.0282972711007,927.5742702046956,6.719077047298601,6.719077047298601,927.5742702046956,741.3815218336413,5.267816480955228,5.101097534130447,724.0868336384179,2379.4707303953473,18.263469013063524,18.263469013063524,2379.4707303953473,1358.4437597583149,10.14502814634796,10.14502814634796,1358.4437597583149,1.1237168140723917,1.1432079460876015,0.984646284434192,1.0824457938859424,1811.6289346765916,2219.1779254512326,hourly_window_mean_factor_top_available_analogs,2,-303.4557083476927,177.01582986948839,6.222858485814772e-13,-303.4557083476927,177.01582986948839,6.222858485814772e-13,-2115.084643024284,-2042.162095581744,-2069.0282972711007,1811.6289346765916,12.371681407239167,2115.0846430242846,14.468278874139136,2219.1779254512326,16.98894082162226,2042.162095581744,15.758116160622514,2069.0282972711007,15.282912949812848,177.01582986948847,1.2308246609997475,0.004932298089320497
experiment_2026_08_31_06_38_ercot_criterion_holiday_identity,ERCOT_demand_NCENT,2025-12-25,Christmas Day,H2,F,observance_tier,True,2025-12-25,19,True,True,6,False,2,6,6,pearson,RidgeReg,minmax,2,{'alpha': 24.58319734959593},2025-12-24 10:00:00,2025-12-26,988.4221974234606,8.385635220950855,1248.886744,8.609,,14,24,4,4,6,4,0.04263306877448838,13175.831938307592,13029.820418753761,988.4221974234606,8.385635220950855,-5.995659763560097,-644.1501324128562,563.5081839375081,4.0102266662366395,2.063972992683372,315.4513788144083,1236.288705290266,10.93795687786748,-10.69711220470212,-1203.9176806287605,864.2939127400962,6.309438982414041,0.00043326002759209406,56.91122950566114,1406.9749982137412,12.699196873695415,-10.047983771387619,-1053.1025935319897,1207.0398614602932,10.345075545328593,-6.3459353913925405,-644.1501324128553,1472.8496550669813,12.98187070428758,-12.98187070428758,-1472.8496550669813,1510.0574656035205,13.297976148989365,-13.297976148989365,-1510.0574656035205,641.5444313750824,5.5525756064153855,-2.468573518490581,-235.3614170124265,1082.9349932509074,9.590631443947979,-9.02503228791058,-1007.1022388554469,1.0206397299268337,1.0234953188252798,0.9256661847601295,0.984894999666301,315.4513788144083,-1203.9176806287605,hourly_window_mean_factor_top_available_analogs,4,258.5401493087472,-150.81508709677064,-9.094947017729282e-13,258.5401493087472,-150.81508709677064,-9.094947017729282e-13,-56.91122950566114,1053.10259353199,644.1501324128553,563.5081839375081,4.0102266662366395,864.2939127400962,6.309438982414041,1236.288705290266,10.93795687786748,1406.9749982137412,12.699196873695415,1207.0398614602932,10.345075545328593,-170.6862929234751,-1.7612399958279354,-1.9594403243777379
experiment_2026_08_31_06_38_ercot_criterion_holiday_identity,ERCOT_demand_NCENT,2026-01-01,New Year's Day,H2,O,observance_tier,True,2026-01-01,19,True,True,6,False,2,6,6,pearson,RidgeReg,standard,2,{'alpha': 12.774507865292081},2025-12-31 10:00:00,2026-01-02,2501.5913456971102,20.139556017879357,1226.270505,8.489,,14,24,4,4,6,4,0.05918482614764461,15120.303598486582,15510.68411598724,2501.5913456971102,20.139556017879357,-20.139556017879357,-2501.5913456971102,1200.9648288426033,9.114216134395571,-9.114216134395571,-1200.9648288426033,3260.2901471955724,26.571004283244903,-26.571004283244903,-3260.2901471955724,1536.3993406638294,11.61819438300014,-11.61819438300014,-1536.3993406638294,3064.620015299855,25.009503226201776,-25.009503226201776,-3064.620015299855,2501.5913456971084,20.075863126074857,-20.075863126074857,-2501.5913456971084,1846.612872941133,15.035049389394887,-15.035049389394887,-1846.612872941133,1971.2663314995614,16.052252326359987,-16.052252326359987,-1971.2663314995614,6982.6592692059085,56.946453526013585,-56.946453526013585,-6982.6592692059085,2902.6777487083687,23.652798994413615,-23.652798994413615,-2902.6777487083687,0.9088578386560443,0.9168944576488807,1.2399874237767243,0.9769441247199017,-1200.9648288426033,-3260.2901471955724,hourly_window_mean_factor_top_available_analogs,4,335.434511821226,-195.67013189571807,-1.8189894035458565e-12,335.434511821226,-195.67013189571807,-1.8189894035458565e-12,1536.3993406638292,3064.6200152998545,2501.5913456971084,1200.9648288426033,9.114216134395571,1536.3993406638294,11.61819438300014,3260.2901471955724,26.571004283244903,3064.620015299855,25.009503226201776,2501.5913456971084,20.075863126074857,195.67013189571753,1.5615010570431274,0.0636928918045001
experiment_2026_08_31_06_38_ercot_criterion_holiday_identity,ERCOT_demand_NCENT,2026-01-19,Martin Luther King Jr. Day,H2,M,observance_tier,True,2026-01-19,19,True,True,5,False,2,6,5,euclidian,PCR,,2,{},2026-01-18 10:00:00,2026-01-20,2606.6231105144966,17.548929436604013,1299.620662,9.16,,14,24,4,4,5,4,0.06463201648239135,18070.560201619763,18131.89933829085,2606.6231105144966,17.548929436604013,-17.548929436604013,-2606.6231105144966,3016.572636826465,21.04541193278889,-21.04541193278889,-3016.572636826465,2367.485886832516,15.509314647162837,-15.509314647162837,-2367.485886832516,2777.9983249657894,18.90145445264569,-18.90145445264569,-2777.9983249657894,2506.6542354179132,16.082573176799727,-16.082573176799727,-2506.6542354179132,2606.6231105144993,17.12110838369035,-17.12110838369035,-2606.6231105144993,1448.4470201494166,8.80009644107384,8.80009644107384,1448.4470201494166,912.8788463932315,5.558699444668998,3.8858613254550236,677.042422058997,3149.91115577925,20.493756976808953,-20.493756976808953,-3149.91115577925,829.5559567011779,5.420812366150117,-2.131715679800895,-267.55759442455684,0.7895458806721111,0.8320899398298504,1.043151864807368,0.8841859722895471,-3016.572636826465,-2367.485886832516,hourly_window_mean_factor_top_available_analogs,4,-238.57431186067424,139.16834858539747,2.6327478209216345e-12,-238.57431186067424,139.16834858539747,2.6327478209216345e-12,2777.9983249657907,2506.6542354179132,2606.6231105144993,3016.572636826465,21.04541193278889,2777.9983249657894,18.90145445264569,2367.485886832516,15.509314647162837,2506.6542354179132,16.082573176799727,2606.6231105144993,17.12110838369035,-139.16834858539733,-0.57325852963689,0.42782105291366435
experiment_2026_08_31_06_38_ercot_criterion_holiday_identity,ERCOT_demand_NCENT,2026-02-16,Presidents' Day,H2,P,observance_tier,True,2026-02-16,19,True,True,5,False,2,6,5,euclidian,PCR,,2,{},2026-02-15 10:00:00,2026-02-17,379.5485374744783,2.8642565590974054,1355.778599,9.459,,14,24,4,4,5,4,0.08055219287619747,12944.488587765314,13239.408835712775,379.5485374744783,2.8642565590974054,1.7037079147037044,239.39581023468395,498.0539258331377,3.821627874360929,3.5042965151280066,457.57088335889614,310.42039426526026,2.3057899585270163,0.6533645644561951,112.12701757889347,450.35272569846217,3.4891080855583647,0.9365659556485315,124.84317023235288,460.70003034977964,3.6615584432778085,2.543397262579925,306.21818356937973,456.88786547824174,3.5980241009601186,1.9514067810788855,239.39581023468563,429.04250192374775,3.3658938268589904,-2.828036119008489,-351.82112487453816,442.174498569407,3.469763612242319,-3.0011456786361905,-374.89053455543586,369.9606120878106,2.894554639481873,-1.9983508341709884,-241.2532868920908,1029.980885206912,7.540809064574273,7.540809064574273,1029.980885206912,1.03504296515128,1.0367854454966765,1.0266915470967068,0.9306725942964957,457.57088335889614,112.12701757889347,hourly_window_mean_factor_top_available_analogs,4,332.7277131265433,-194.09116599048625,-1.675384976950131e-12,332.7277131265433,-194.09116599048625,-1.675384976950131e-12,-124.84317023235286,-306.21818356937973,-239.39581023468563,498.0539258331377,3.821627874360929,450.35272569846217,3.4891080855583647,310.42039426526026,2.3057899585270163,460.70003034977964,3.6615584432778085,456.88786547824174,3.5980241009601186,-150.27963608451938,-1.3557684847507923,-0.7337675418627132
experiment_2026_08_31_06_38_ercot_criterion_holiday_identity,ERCOT_demand_NCENT,2026-03-02,Texas Independence Day,H2,R,observance_tier,True,2026-03-02,19,True,True,5,False,2,6,5,euclidian,PCR,,2,{},2026-03-01 10:00:00,2026-03-03,1451.1042012637088,10.473525346799292,1303.975457,8.966,,14,24,4,4,5,4,0.05512113903947256,12545.079062360253,12354.783217957394,1451.1042012637088,10.473525346799292,4.890608541615991,811.7714649818557,1137.093060461326,8.028560235471685,6.0708758638657025,895.8457612348556,1634.2773667317651,11.89975499507373,4.202119270303659,762.7281255009393,1020.4667851710475,7.220504632454713,5.492667512352652,808.1014859651588,1270.6038624818168,9.039530864384739,5.056856168348253,813.9122860749225,1178.4480971567966,8.369363305252625,5.217418242455136,811.7714649818518,1574.6923579168135,12.139193488188601,-1.613651149010325,12.684573089033924,1583.6421348492468,12.310806419923592,-2.4654373857559677,-97.16790196441404,1604.7317476911355,12.715202006123798,-4.472620591844088,-356.02867425972653,1633.7311685128068,11.89851514700298,4.177202757100226,759.5147128781238,1.060708758638657,1.0696002521691772,1.090552523668289,1.0002600946181026,895.8457612348556,762.7281255009393,hourly_window_mean_factor_top_available_analogs,4,87.74427526969677,-51.184160573983185,4.1645283712760394e-12,87.74427526969677,-51.184160573983185,4.1645283712760394e-12,-808.1014859651588,-813.9122860749225,-811.7714649818515,1137.093060461326,8.028560235471685,1020.4667851710475,7.220504632454713,1634.2773667317651,11.89975499507373,1270.6038624818168,9.039530864384739,1178.4480971567966,8.369363305252625,363.67350424994834,2.860224130688991,2.104162041546667
experiment_2026_08_31_06_38_ercot_criterion_holiday_identity,ERCOT_demand_NORTH,2025-01-01,New Year's Day,H2,O,observance_tier,True,2025-01-01,19,True,True,4,False,2,5,4,pearson,RidgeReg,minmax,2,{'alpha': 23.66154006460317},2024-12-31 10:00:00,2025-01-02,108.82478622654916,7.5651034620327575,114.310804,8.337,,14,24,4,4,4,4,0.032077562552675236,1321.391881800136,1324.0228682987974,108.82478622654916,7.5651034620327575,6.710251658855254,98.31982598933796,96.6375436975703,6.815223057449058,6.815223057449058,96.6375436975703,115.93401103512015,8.002533698039915,6.649018343008868,99.30115732620243,100.85864619002004,7.138248086200283,7.138248086200283,100.85864619002004,117.65719036977858,8.159052295671994,6.503515371489937,96.83884753893977,111.46825304039385,7.782966534287679,6.737364266383222,98.31982598933777,62.73915303988812,4.507707384793646,0.2869407167665659,9.066045520004394,59.84558723052884,4.3257173312300585,-0.20141486020991728,2.139562902457186,430.16772194631784,30.681484641749574,-30.681484641749574,-430.16772194631784,157.74152208143363,10.825813448208947,10.468030017935828,153.46725930125015,1.0681522305744906,1.0733836225567506,1.3998940591961384,0.9590897534536965,96.6375436975703,99.30115732620243,hourly_window_mean_factor_top_available_analogs,4,-4.221102492449745,2.462309787262664,1.9745608656912259e-13,-4.221102492449745,2.462309787262664,1.9745608656912259e-13,-100.85864619002004,-96.83884753893976,-98.31982598933776,96.6375436975703,6.815223057449058,100.85864619002004,7.138248086200283,115.93401103512015,8.002533698039915,117.65719036977858,8.159052295671994,111.46825304039385,7.782966534287679,-1.7231793346584254,-0.1565185976320791,-0.21786307225492152
experiment_2026_08_31_06_38_ercot_criterion_holiday_identity,ERCOT_demand_NORTH,2025-01-20,Martin Luther King Jr. Day,H2,M,observance_tier,True,2025-01-20,19,True,True,4,False,2,5,4,pearson,RidgeReg,standard,2,{'alpha': 17.189562446961098},2025-01-19 10:00:00,2025-01-21,91.54333080412717,4.586362879247849,116.485241,8.417,,14,24,4,4,4,4,0.05372041798829629,1899.3221063771243,1899.731539613971,91.54333080412717,4.586362879247849,3.941807378007762,79.16608935971738,41.474345646955825,2.1337543930981258,0.43540201263778666,8.951060386040288,120.75023881247715,6.017051162835188,5.987210507806915,120.12485626102904,55.16744689643003,2.9241207623323633,1.9355446410127097,36.208972681709646,117.0775063009287,5.849480240837036,5.235614121290365,104.22440742188923,94.26853704663974,4.771716222440577,4.019799049609123,79.1660893597178,113.24190023690376,5.644131013114982,5.577876930220981,111.853386902835,112.62025275127284,5.613255357857656,5.543986451424721,111.16855655358533,829.7409135459565,41.019184238289625,-41.019184238289625,-829.7409135459565,182.95077632147976,9.096302436920595,9.096302436920595,182.95077632147976,1.0043540201263779,1.0047145080874236,1.5,0.9669290535265751,8.951060386040288,120.12485626102904,hourly_window_mean_factor_top_available_analogs,4,-27.257912295669353,15.900448839139813,-4.0687920868788895e-13,-27.257912295669353,15.900448839139813,-4.0687920868788895e-13,-36.20897268170964,-104.22440742188923,-79.16608935971779,41.474345646955825,2.1337543930981258,55.16744689643003,2.9241207623323633,120.75023881247715,6.017051162835188,117.0775063009287,5.849480240837036,94.26853704663974,4.771716222440577,3.672732511548446,0.16757092199815204,-0.18535334319272767
experiment_2026_08_31_06_38_ercot_criterion_holiday_identity,ERCOT_demand_NORTH,2025-02-17,Presidents' Day,H2,P,observance_tier,True,2025-02-17,19,True,True,4,False,2,5,4,pearson,RidgeReg,standard,2,{'alpha': 16.965337183706236},2025-02-16 10:00:00,2025-02-18,198.89946184977188,11.10345495676403,119.638714,8.496,,14,24,4,4,4,4,0.042294532407956394,1555.1727468607544,1548.4488773553846,198.89946184977188,11.10345495676403,11.10345495676403,198.89946184977188,169.2958113443257,9.655042328499748,9.655042328499748,169.2958113443257,216.16825797794888,11.94836232325153,11.94836232325153,216.16825797794888,168.66123499698173,9.671686350158295,9.671686350158295,168.66123499698173,216.53842751389956,11.918547001454586,11.918547001454586,216.53842751389956,198.89946184977194,11.09075623518753,11.09075623518753,198.89946184977194,82.76599912112094,4.445044434844575,3.446939434624238,66.66486343410746,77.02779121555058,4.159210790643655,2.4335992307677023,48.844575902362,558.0561806997434,32.07745651512271,-32.07745651512271,-558.0561806997434,238.75742423331997,13.232882020107667,13.232882020107667,238.75742423331997,1.0965504232849974,1.1080588997948457,1.5,0.9854117455308234,169.2958113443257,216.16825797794888,hourly_window_mean_factor_top_available_analogs,4,0.6345763473439254,-0.37016953595067054,-2.991758887410948e-14,0.6345763473439254,-0.37016953595067054,-2.991758887410948e-14,-168.66123499698176,-216.53842751389956,-198.8994618497719,169.2958113443257,9.655042328499748,168.66123499698173,9.671686350158295,216.16825797794888,11.94836232325153,216.53842751389956,11.918547001454586,198.89946184977194,11.09075623518753,-0.37016953595068003,0.029815321796943905,0.012698721576500205
experiment_2026_08_31_06_38_ercot_criterion_holiday_identity,ERCOT_demand_NORTH,2025-03-02,Texas Independence Day,H2,R,observance_tier,True,2025-03-02,19,True,True,4,False,2,5,4,pearson,RidgeReg,minmax,2,{'alpha': 23.66154006460317},2025-03-01 10:00:00,2025-03-03,35.57552787250877,2.576615105114921,126.16474,8.673,,14,24,4,4,4,4,0.044421878160485,1393.3779069388183,1390.8244584599163,35.57552787250877,2.576615105114921,-0.5166144462516491,-7.047779412502713,31.148448905401974,2.255957785552355,-0.3440603419221108,-4.100167045507776,38.157990603321075,2.763665208193084,-0.6172710071105462,-8.767219959916426,40.77704665163598,2.9442156300492215,-0.4997952845836395,-6.2743949008156665,58.40034053254064,4.252327960892821,-0.47088026667905564,-7.498920377653225,51.90754805010208,3.7703918390030733,-0.4815331680123233,-7.047779412502546,37.68739047718011,2.7329224900858082,-0.27108688045078067,-3.981944572602837,37.71210149822096,2.7343134394485475,-0.3221208943693236,-4.687383649421737,704.1794491898745,50.92590651066581,-50.92590651066581,-704.1794491898745,45.34784414880665,3.264562818161816,-2.4325554874235134,-33.85975158009475,0.9965593965807789,0.9970666058641129,1.5,1.018041479977972,-4.100167045507776,-8.767219959916426,hourly_window_mean_factor_top_available_analogs,4,2.1742278553078904,-1.2682995822632013,-1.6753849769501309e-13,2.1742278553078904,-1.2682995822632013,-1.6753849769501309e-13,6.2743949008156665,7.498920377653225,7.047779412502545,31.148448905401974,2.255957785552355,40.77704665163598,2.9442156300492215,38.157990603321075,2.763665208193084,58.40034053254064,4.252327960892821,51.90754805010208,3.7703918390030733,-20.242349929219564,-1.4886627526997365,-1.1937767338881522
experiment_2026_08_31_06_38_ercot_criterion_holiday_identity,ERCOT_demand_NORTH,2025-04-21,San Jacinto Day,H2,Q,observance_tier,True,2025-04-21,19,True,True,4,False,2,5,4,pearson,RidgeReg,minmax,2,{'alpha': 23.66154006460317},2025-04-20 10:00:00,2025-04-22,86.17374782936443,6.564181692917408,118.628536,8.014,,14,24,4,4,4,4,0.0643921447223816,1343.3247824400523,1322.429140663,86.17374782936443,6.564181692917408,-2.1924640203340635,-20.129830282157855,85.3884121292856,6.663967115194083,-6.663967115194083,-85.3884121292856,86.63186032107707,6.505973529922682,0.41591278500094675,17.93767579533333,107.08390227761684,8.326128596144637,-8.326128596144637,-107.08390227761684,50.22651468505175,3.6043890395843916,1.88131854219061,30.593378381860248,71.17397327178625,5.343977297264481,-1.8793198771960593,-20.129830282157627,125.24415083159124,8.760709316434449,7.052163608974676,106.06391885085931,122.41882817902497,8.594103397945023,6.581560079993257,99.8145286337229,643.2768945361667,49.37613082249859,-49.37613082249859,-643.2768945361667,86.78237095934374,6.896565519559037,-3.300101368241311,-31.40921827976292,0.9333603288480592,0.9380860188869246,1.5,1.0373153408055997,-85.3884121292856,17.93767579533333,hourly_window_mean_factor_top_available_analogs,4,21.695490148331242,-12.65570258652692,-2.2737367544323206e-13,21.695490148331242,-12.65570258652692,-2.2737367544323206e-13,107.08390227761684,-30.593378381860248,20.129830282157627,85.3884121292856,6.663967115194083,107.08390227761684,8.326128596144637,86.63186032107707,6.505973529922682,50.22651468505175,3.6043890395843916,71.17397327178625,5.343977297264481,36.405345636025324,2.90158449033829,1.2202043956529272
experiment_2026_08_31_06_38_ercot_criterion_holiday_identity,ERCOT_demand_NORTH,2025-05-26,Memorial Day,H2,N,observance_tier,True,2025-05-26,19,True,True,5,False,2,6,5,euclidian,PCR,minmax,3,{},2025-05-25 10:00:00,2025-05-27,246.27574422010207,16.74961721990106,112.99027,7.69,,14,24,4,4,5,4,0.13426573809053324,1874.0554351799751,1816.8418473805793,246.27574422010207,16.74961721990106,-16.469533911049368,-240.24108146944923,129.68542858785548,8.697475288630029,-7.937249164603999,-113.30562969322622,314.286761672246,21.4467000131425,-21.4467000131425,-314.286761672246,129.22306160524877,8.550404541528517,-8.379612732634039,-126.14765134042193,307.14234626427117,20.805469036007167,-20.781631349547187,-306.79558237804787,241.59313612673662,16.290445274883453,-16.212466595947607,-240.24108146944883,199.45200065739763,13.809353914832274,-11.807172830910218,-170.07949731885503,216.78557518570702,14.933839664557004,-14.469191506422556,-209.90327950195308,1222.7076853625356,82.17005001971374,-82.17005001971374,-1222.7076853625356,437.3071293788658,29.669990176737425,-29.669990176737425,-437.3071293788658,0.92062750835396,0.942546742678353,1.5,1.067711104235068,-113.30562969322622,-314.286761672246,hourly_window_mean_factor_top_available_analogs,4,12.842021647195711,-7.491179294198105,-3.8294513758860134e-13,12.842021647195711,-7.491179294198105,-3.8294513758860134e-13,126.14765134042193,306.79558237804787,240.24108146944886,129.68542858785548,8.697475288630029,129.22306160524877,8.550404541528517,314.286761672246,21.4467000131425,307.14234626427117,20.805469036007167,241.59313612673662,16.290445274883453,7.144415407974805,0.6412309771353328,0.4591719450176086
experiment_2026_08_31_06_38_ercot_criterion_holiday_identity,ERCOT_demand_NORTH,2025-06-19,Juneteenth National Independence Day,H2,J,observance_tier,True,2025-06-19,19,True,True,5,False,2,6,5,euclidian,PCR,,2,{},2025-06-18 10:00:00,2025-06-20,90.56120361712144,4.711183048159545,115.061319,8.064,,14,24,4,4,5,4,0.1320939595618497,1959.2849647221078,1907.2197375447777,90.56120361712144,4.711183048159545,1.158101881785231,32.44136696210236,131.79059252281485,7.301080394045409,-2.2283094621826933,-24.10376488324591,66.51072675546695,3.2004095963927903,3.1335084990998534,65.42602720522218,135.3294184160367,7.62911471079289,-3.773056403945154,-59.34881720528782,95.8247596331131,5.307404393449673,4.861607688249809,85.98564105974715,110.37910760576915,6.162771352470858,1.6804156542832445,32.441366962102684,107.92478508154848,5.291993694898811,5.291993694898811,107.92478508154848,87.86697745067833,4.27327025461837,4.27327025461837,87.86697745067833,888.1838415671667,45.29973725135022,-45.29973725135022,-888.1838415671667,41.22824131190895,2.0126545358422177,0.9402638622060517,22.242885171950366,0.977716905378173,0.9882336839307541,1.5,1.0226419332723888,-24.10376488324591,65.42602720522218,hourly_window_mean_factor_top_available_analogs,4,35.24505232204191,-20.55961385452497,-3.290934776152043e-13,35.24505232204191,-20.55961385452497,-3.290934776152043e-13,59.348817205287816,-85.98564105974715,-32.441366962102684,131.79059252281485,7.301080394045409,135.3294184160367,7.62911471079289,66.51072675546695,3.2004095963927903,95.8247596331131,5.307404393449673,110.37910760576915,6.162771352470858,-29.314032877646156,-2.1069947970568825,-1.4515883043113131
experiment_2026_08_31_06_38_ercot_criterion_holiday_identity,ERCOT_demand_NORTH,2025-07-04,Independence Day,H2,I,observance_tier,True,2025-07-04,19,True,True,4,False,2,6,4,euclidian,RidgeReg,minmax,2,{'alpha': 7.221651252909371},2025-07-03 10:00:00,2025-07-05,119.6278304721198,7.307285905094799,95.644301,6.399,,14,24,4,4,4,4,0.13633460208986017,1920.4206686000925,1866.1505907410556,119.6278304721198,7.307285905094799,-6.500615094822927,-102.59760131061873,237.41026011949967,14.997399163171524,-14.962704300392971,-236.76399900129854,50.921413177814884,2.8213865045500435,-1.5643963915737362,-24.33386932438886,335.8669402623797,20.872390809870147,-20.079019686674176,-321.1416946411755,113.84525379970178,6.395682090599142,2.034625986750628,24.88645313220586,195.64271723331998,11.729206355593725,-6.112506629774299,-102.59760131061884,254.89272536823185,13.63238391497643,13.63238391497643,254.89272536823185,195.1084610670533,10.378652545391557,10.378652545391557,195.1084610670533,684.6908933466206,37.50402681610483,-37.50402681610483,-684.6908933466206,164.74401357642856,9.206154574952302,-9.206154574952302,-164.74401357642856,0.8503729569960703,0.8824090984509987,1.3538605229924137,1.0752405218253487,-236.76399900129854,-24.33386932438886,hourly_window_mean_factor_top_available_analogs,4,84.37769563987695,-49.22032245659472,1.0171980217197224e-13,84.37769563987695,-49.22032245659472,1.0171980217197224e-13,321.1416946411755,-24.88645313220586,102.59760131061883,237.41026011949967,14.997399163171524,335.8669402623797,20.872390809870147,50.921413177814884,2.8213865045500435,113.84525379970178,6.395682090599142,195.64271723331998,11.729206355593725,-62.923840621886896,-3.574295586049099,-4.421920450498925
experiment_2026_08_31_06_38_ercot_criterion_holiday_identity,ERCOT_demand_NORTH,2025-08-27,Lyndon B. Johnson Day,H2,L,observance_tier,True,2025-08-27,19,True,True,5,False,2,6,5,euclidian,PCR,,2,{},2025-08-26 10:00:00,2025-08-28,110.29346480540268,5.352299835577608,101.747081,6.642,,14,24,4,4,5,4,0.12526976411596555,1998.744058167455,1968.1263514722723,110.29346480540268,5.352299835577608,0.004724938804765503,13.563431306229063,58.474575561434804,2.9520259387131427,-2.011040174370877,-38.76625721633968,140.52115019771728,6.7524596087485484,1.180587921490557,44.089082944394164,159.93190994409042,7.848059103650259,-7.209556891069753,-147.9778025810743,110.04034047137797,5.6228702491390115,5.515438338501849,107.79581774048965,128.42144501395623,6.442676669222102,0.8272822012912585,13.563431306229248,145.5091420564994,6.776541687434555,3.167885998466493,83.66889455488142,145.0113725848664,6.764315044628989,3.048177534469234,81.28473361391067,894.0066876696477,45.92109965871452,-45.92109965871452,-894.0066876696477,148.2746649415286,7.785900960198444,-4.2166018744573925,-63.40347583406969,0.9798895982562912,0.9811009843744575,1.4766440782179924,1.0546166960764756,-38.76625721633968,44.089082944394164,hourly_window_mean_factor_top_available_analogs,4,109.21154536473462,-63.70673479609548,-1.8548905101947878e-13,109.21154536473462,-63.70673479609548,-1.8548905101947878e-13,147.9778025810743,-107.79581774048964,-13.563431306229248,58.474575561434804,2.9520259387131427,159.93190994409042,7.848059103650259,140.52115019771728,6.7524596087485484,110.04034047137797,5.6228702491390115,128.42144501395623,6.442676669222102,30.480809726339302,1.129589359609537,-1.090376833644494
experiment_2026_08_31_06_38_ercot_criterion_holiday_identity,ERCOT_demand_NORTH,2025-09-01,Labor Day,H2,K,observance_tier,True,2025-09-01,19,True,True,4,False,2,6,4,euclidian,RidgeReg,minmax,2,{'alpha': 7.221651252909371},2025-08-31 10:00:00,2025-09-02,196.0850381707231,9.846622148479845,96.436437,6.111,,14,24,4,4,4,4,0.11980555005521168,1754.8834475398035,1739.4626805859637,196.0850381707231,9.846622148479845,9.846622148479845,196.0850381707231,222.9135273250431,10.969880760058777,10.969880760058777,222.9135273250431,180.43508616403642,9.191387958392136,9.191387958392136,180.43508616403642,119.16219505614892,5.9682101816009006,5.821302752861951,116.21213969303359,242.67756228270824,13.016209837843363,13.016209837843363,242.67756228270824,197.17190067292324,10.419578385543508,10.365454596008105,196.08503817072287,39.07941927341025,2.0867673445457773,-0.7702085024366268,-10.381895761965959,49.5327891679321,2.7333857337422622,-2.172364112888365,-37.24055268800175,422.5911641912499,22.289584545698602,-22.289584545698602,-422.5911641912499,184.213574031057,9.388643836687043,9.388643836687043,184.213574031057,1.1096988076005878,1.125139585506204,1.3466738649156578,0.9978277844594241,222.9135273250431,180.43508616403642,hourly_window_mean_factor_top_available_analogs,4,106.70138763200953,-62.24247611867188,2.1540663989358825e-13,106.70138763200953,-62.24247611867188,2.1540663989358825e-13,-116.21213969303358,-242.6775622827083,-196.08503817072287,222.9135273250431,10.969880760058777,119.16219505614892,5.9682101816009006,180.43508616403642,9.191387958392136,242.67756228270824,13.016209837843363,197.17190067292324,10.419578385543508,-62.24247611867182,-3.8248218794512265,-0.5729562370636625
experiment_2026_08_31_06_38_ercot_criterion_holiday_identity,ERCOT_demand_NORTH,2025-11-11,Veterans Day,H2,T,observance_tier,True,2025-11-11,19,True,True,4,False,2,6,4,euclidian,RidgeReg,minmax,2,{'alpha': 7.221651252909371},2025-11-10 10:00:00,2025-11-12,319.2766564725698,18.316652658895197,100.703304,6.253,,14,24,4,4,4,4,0.04914316014403975,1417.3218634221669,1385.6245392140002,319.2766564725698,18.316652658895197,18.316652658895197,319.2766564725698,265.4757045781185,15.419431901982293,15.419431901982293,265.4757045781185,350.6605450776663,20.006698100427727,20.006698100427727,350.6605450776663,284.4176333063375,16.308715713515124,16.308715713515124,284.4176333063375,339.6110866528723,19.604709218455824,19.604709218455824,339.6110866528723,319.27665647257,18.39039582189873,18.39039582189873,319.27665647257,182.0790572264358,10.399501055723139,7.67218538787607,137.00511283640762,168.8277070135662,9.689805123996855,5.576546939840051,100.70497282512777,148.29270053664425,8.729516638210923,-5.550936423078835,-92.04259029850897,368.7511017682912,21.05108156934736,21.05108156934736,368.7511017682912,1.154194319019823,1.1803919930534188,1.3194971818464618,0.9869441135180193,265.4757045781185,350.6605450776663,hourly_window_mean_factor_top_available_analogs,4,-18.941928728218972,11.049458424794068,-2.0942312211876637e-13,-18.941928728218972,11.049458424794068,-2.0942312211876637e-13,-284.41763330633745,-339.61108665287225,-319.27665647257004,265.4757045781185,15.419431901982293,284.4176333063375,16.308715713515124,350.6605450776663,20.006698100427727,339.6110866528723,19.604709218455824,319.27665647257,18.39039582189873,11.049458424794011,0.40198888197190286,-0.07374316300353101
experiment_2026_08_31_06_38_ercot_criterion_holiday_identity,ERCOT_demand_NORTH,2025-11-27,Thanksgiving Day,H1,S,observance_tier,True,2025-11-27,19,True,True,4,False,2,6,4,euclidian,RidgeReg,minmax,2,{'alpha': 7.221651252909371},2025-11-26 10:00:00,2025-11-28,104.80264966470587,6.283245677319663,114.379364,7.045,,14,24,4,4,4,4,0.049182803261726846,1565.9535289668731,1533.5912736385824,104.80264966470587,6.283245677319663,6.283245677319663,104.80264966470587,84.35503139891394,4.9297324424145454,4.9297324424145454,84.35503139891394,116.7304269864178,7.072795064347649,7.072795064347649,116.7304269864178,73.64631435705279,4.313387643434392,4.313387643434392,73.64631435705279,122.97717859417013,7.491827179173587,7.491827179173587,122.97717859417013,104.80264966470581,6.320823139690725,6.320823139690725,104.80264966470581,41.12848043581817,2.4917324948057438,2.4917324948057438,41.12848043581817,37.258052525174755,2.25801413342216,2.2382544653088803,36.945295389365185,598.8256268804781,36.28597021009949,-36.28597021009949,-598.8256268804781,86.33451062793176,5.230969541990349,5.230969541990349,86.33451062793176,1.0492973244241455,1.0520250297250031,1.466588501230302,1.0198200895381786,84.35503139891394,116.7304269864178,hourly_window_mean_factor_top_available_analogs,4,10.708717041861146,-6.246751607752316,1.1967035549643792e-14,10.708717041861146,-6.246751607752316,1.1967035549643792e-14,-73.64631435705279,-122.97717859417011,-104.80264966470585,84.35503139891394,4.9297324424145454,73.64631435705279,4.313387643434392,116.7304269864178,7.072795064347649,122.97717859417013,7.491827179173587,104.80264966470581,6.320823139690725,-6.24675160775233,-0.4190321148259377,-0.03757746237106119
experiment_2026_08_31_06_38_ercot_criterion_holiday_identity,ERCOT_demand_NORTH,2025-11-28,Day after Thanksgiving,H2,H,observance_tier,True,2025-11-28,19,True,True,4,False,2,6,4,euclidian,RidgeReg,minmax,2,{'alpha': 7.221651252909371},2025-11-27 10:00:00,2025-11-29,26.146854733732468,1.6060017667826372,115.711043,7.172,,14,24,4,4,4,4,0.03950340423527985,1635.9737767180723,1636.3779233423218,26.146854733732468,1.6060017667826372,-0.07100166778650409,-0.19512611280927822,23.798193176531917,1.4400761854102408,-0.3384979736060118,-4.577758647930539,27.516907308766122,1.702791689249868,0.08503784394154212,2.361409532678124,39.05195412271454,2.402405975773082,-0.23864501932757878,-4.919927884448303,21.50516188595597,1.3086064539546725,0.16186127994258337,2.561008253980475,27.96976955213018,1.7115852251509283,0.014306327579892022,-0.19512611280907477,29.53679746104577,1.817117792715191,0.4232479661690134,7.900515643728018,29.127363974738188,1.7937023016607034,0.36473692621074044,6.942239005340554,815.8275521384827,49.87244323408769,-49.87244323408769,-815.8275521384827,50.857068904478574,3.0591613061739698,2.847398895795859,47.60254803698758,0.9966150202639399,0.99720062865227,1.5,0.9723528789658175,-4.577758647930539,2.361409532678124,hourly_window_mean_factor_top_available_analogs,4,0.34216923651776404,-0.19959872130235112,-2.0343960434394448e-13,0.34216923651776404,-0.19959872130235112,-2.0343960434394448e-13,4.9199278844483025,-2.561008253980475,0.19512611280907477,23.798193176531917,1.4400761854102408,39.05195412271454,2.402405975773082,27.516907308766122,1.702791689249868,21.50516188595597,1.3086064539546725,27.96976955213018,1.7115852251509283,6.011745422810151,0.39418523529519556,-0.10558345836829108
experiment_2026_08_31_06_38_ercot_criterion_holiday_identity,ERCOT_demand_NORTH,2025-12-24,Christmas Eve,H1,G,observance_tier,True,2025-12-24,19,True,True,5,False,2,6,5,euclidian,PCR,,2,{},2025-12-23 10:00:00,2025-12-25,112.29736221333734,6.921340726448097,115.550797,7.322,,14,24,4,4,5,4,0.038189363186098425,1469.1346481258822,1436.9198857644878,112.29736221333734,6.921340726448097,6.875517688272503,111.6214304267494,163.98076096887021,9.589869712890206,9.589869712890206,163.98076096887021,82.14871293927649,5.3646988176902015,5.292145673912177,81.07848761051228,158.21589764361298,9.224818328985489,9.173878320761606,157.3882401482829,91.09132250929547,5.884284696478652,5.468216877203278,84.9241247558548,115.82142913772823,7.115007613718013,6.833460566935293,111.62143042674937,57.1693233752873,3.8181088912302354,-3.7902141638334865,-56.720257312912736,73.49603761319086,4.895911268192163,-4.895911268192163,-73.49603761319086,349.32999056746934,23.076216303558937,-23.076216303558937,-349.32999056746934,76.28243481928459,4.9794452610664095,4.824181370753671,73.9784723285574,1.095898697128902,1.107573516627522,1.2995354733705216,1.0049411350989672,163.98076096887021,81.07848761051228,hourly_window_mean_factor_top_available_analogs,4,6.5925208205872945,-3.8456371453425313,3.5901106648931376e-14,6.5925208205872945,-3.8456371453425313,3.5901106648931376e-14,-157.38824014828293,-84.92412475585482,-111.62143042674936,163.98076096887021,9.589869712890206,158.21589764361298,9.224818328985489,82.14871293927649,5.3646988176902015,91.09132250929547,5.884284696478652,115.82142913772823,7.115007613718013,-8.942609570018973,-0.5195858787884502,-0.19366688726991566
experiment_2026_08_31_06_38_ercot_criterion_holiday_identity,ERCOT_demand_NORTH,2025-12-25,Christmas Day,H2,F,observance_tier,True,2025-12-25,19,True,True,4,False,2,6,4,euclidian,RidgeReg,minmax,2,{'alpha': 7.221651252909371},2025-12-24 10:00:00,2025-12-26,227.61102765807055,15.386327491192363,113.183873,7.047,,14,24,4,4,4,4,0.034426598682626895,1738.6666083159653,1773.506708031906,227.61102765807055,15.386327491192363,-15.386327491192363,-227.61102765807055,111.14706266006651,7.1302028632455245,-7.1302028632455245,-111.14706266006651,295.54834057357294,20.202400190828016,-20.202400190828016,-295.54834057357294,201.3031111921343,12.934451386109814,-12.934451386109814,-201.3031111921343,251.7803134406006,17.47253369161587,-16.919143552064472,-242.95731226320004,233.18344945432355,15.800608631692587,-15.451099069870653,-227.6110276580705,171.6492529700687,11.79230378395279,-11.63172521073175,-169.09371449763046,179.36242290488266,12.32177363146389,-12.244916330812627,-178.14094286447315,721.695352633542,49.08523071623501,-49.08523071623501,-721.695352633542,89.64510586509239,6.04252550369958,-3.2025475959258904,-44.726788218971485,0.9286979713675447,0.9337992931307325,1.2402849733412469,0.8585731019687302,-111.14706266006651,-295.54834057357294,hourly_window_mean_factor_top_available_analogs,4,90.15604853206776,-52.591028310372884,-1.7950553324465688e-14,90.15604853206776,-52.591028310372884,-1.7950553324465688e-14,201.30311119213428,242.95731226320007,227.61102765807053,111.14706266006651,7.1302028632455245,201.3031111921343,12.934451386109814,295.54834057357294,20.202400190828016,251.7803134406006,17.47253369161587,233.18344945432355,15.800608631692587,43.76802713297235,2.7298664992121466,-0.4142811405002238
experiment_2026_08_31_06_38_ercot_criterion_holiday_identity,ERCOT_demand_NORTH,2026-01-01,New Year's Day,H2,O,observance_tier,True,2026-01-01,19,True,True,6,False,2,6,6,pearson,RidgeReg,minmax,2,{'alpha': 26.942213191525507},2025-12-31 10:00:00,2026-01-02,182.90696602019005,11.455900281187782,116.978922,7.216,,14,24,4,4,6,4,0.03238683756050183,1811.4771440728214,1834.847724369989,182.90696602019005,11.455900281187782,-11.455900281187782,-182.90696602019005,91.33417949196344,5.521290230911167,-5.521290230911167,-91.33417949196344,236.3244248283223,14.91775614384914,-14.91775614384914,-236.3244248283223,130.05800476917693,7.771019371559122,-7.771019371559122,-130.05800476917693,213.73552674994733,13.482387825700636,-13.482387825700636,-213.73552674994733,182.9069660201898,11.378199447859027,-11.378199447859027,-182.9069660201898,135.01715667058616,8.57281330029648,-8.57281330029648,-135.01715667058616,141.71956206585276,8.992589491290707,-8.992589491290707,-141.71956206585276,1153.7482870133167,72.3766342157737,-72.3766342157737,-1153.7482870133167,184.5265666718224,11.673621192843234,-11.673621192843234,-184.5265666718224,0.9447870976908883,0.9484399378182988,1.5,0.9717699417403779,-91.33417949196344,-236.3244248283223,hourly_window_mean_factor_top_available_analogs,4,38.7238252772135,-22.58889807837494,-2.5130774654251967e-13,38.7238252772135,-22.58889807837494,-2.5130774654251967e-13,130.05800476917693,213.73552674994735,182.9069660201898,91.33417949196344,5.521290230911167,130.05800476917693,7.771019371559122,236.3244248283223,14.91775614384914,213.73552674994733,13.482387825700636,182.9069660201898,11.378199447859027,22.588898078374967,1.4353683181485035,0.07770083332875544
experiment_2026_08_31_06_38_ercot_criterion_holiday_identity,ERCOT_demand_NORTH,2026-01-19,Martin Luther King Jr. Day,H2,M,observance_tier,True,2026-01-19,19,True,True,6,False,2,6,6,pearson,RidgeReg,minmax,2,{'alpha': 26.942213191525507},2026-01-18 10:00:00,2026-01-20,112.16996788887347,6.039515211667145,122.99564,7.568,,14,24,4,4,6,4,0.05602400193624877,1960.019194679607,1969.943736253068,112.16996788887347,6.039515211667145,-4.1485281270305405,-72.71393289013353,98.40081172718438,5.453895108633712,-5.436350925050503,-98.05679148224581,120.20197564985875,6.381126938436647,-3.3972981615188966,-57.93059871140135,80.35274802233427,4.365921988834463,-2.648311374196216,-49.287201676789614,154.08757496340948,8.115133608850842,-4.811775239464624,-86.37952609791698,126.9221124061713,6.733845117265861,-4.014709604892053,-72.7139328901332,98.46470742142458,5.005771059072377,2.2237418135620644,49.162455817366784,96.68478661827749,4.9295959845509225,1.8208066194296455,41.48566274916567,1042.9024668379352,55.09594724227835,-55.09594724227835,-1042.9024668379352,127.65152890833456,6.81475438900523,-4.330450413336283,-75.70918157694712,0.945636490749495,0.9495334513209693,1.5,1.0090249191072642,-98.05679148224581,-57.93059871140135,hourly_window_mean_factor_top_available_analogs,4,-48.7695898054562,28.448927386515617,-3.171264420655605e-13,-48.7695898054562,28.448927386515617,-3.171264420655605e-13,49.287201676789614,86.37952609791697,72.71393289013322,98.40081172718438,5.453895108633712,80.35274802233427,4.365921988834463,120.20197564985875,6.381126938436647,154.08757496340948,8.115133608850842,126.9221124061713,6.733845117265861,-33.88559931355073,-1.7340066704141952,-0.6943299055987158
experiment_2026_08_31_06_38_ercot_criterion_holiday_identity,ERCOT_demand_NORTH,2026-02-16,Presidents' Day,H2,P,observance_tier,True,2026-02-16,19,True,True,6,False,2,6,6,pearson,RidgeReg,minmax,2,{'alpha': 26.942213191525507},2026-02-15 10:00:00,2026-02-17,116.98481819134997,7.156423583158189,122.134744,7.441,,14,24,4,4,6,4,0.050275359050442274,1507.8786298086497,1502.3357551504487,116.98481819134997,7.156423583158189,7.156423583158189,116.98481819134997,119.15810827729035,7.2426931287458,7.2426931287458,119.15810827729035,115.71706564121807,7.106099681565415,7.106099681565415,115.71706564121807,117.55595701953011,7.169104120902972,7.169104120902972,117.55595701953011,116.65165387491201,7.312074035682521,7.312074035682521,116.65165387491201,116.98481819135027,7.2594009091847935,7.2594009091847935,116.98481819135027,28.062228619533766,1.717622203018263,0.3780795461781909,6.907497132245349,28.649404649695906,1.7688574252153175,-0.18874822818646755,-2.259580894635453,635.4508119340062,39.34085047765188,-39.34085047765188,-635.4508119340062,162.1177314140966,9.975191231997913,9.975191231997913,162.1177314140966,1.072426931287458,1.078528814967889,1.5,0.9691143170800512,119.15810827729035,115.71706564121807,hourly_window_mean_factor_top_available_analogs,4,1.6021512577602348,-0.9345882336939345,-2.931923709662729e-13,1.6021512577602348,-0.9345882336939345,-2.931923709662729e-13,-117.55595701953011,-116.651653874912,-116.98481819135027,119.15810827729035,7.2426931287458,117.55595701953011,7.169104120902972,115.71706564121807,7.106099681565415,116.65165387491201,7.312074035682521,116.98481819135027,7.2594009091847935,-0.934588233693944,-0.20597435411710574,-0.10297732602660492
experiment_2026_08_31_06_38_ercot_criterion_holiday_identity,ERCOT_demand_NORTH,2026-03-02,Texas Independence Day,H2,R,observance_tier,True,2026-03-02,19,True,True,6,False,2,6,6,pearson,RidgeReg,minmax,2,{'alpha': 26.942213191525507},2026-03-01 10:00:00,2026-03-03,75.524756672934,4.620751260100213,121.236855,7.289,,14,24,4,4,6,4,0.04262598366290711,1604.1887300997867,1613.303016362214,75.524756672934,4.620751260100213,0.5855334781164148,13.839989163371072,102.55751925419415,5.938316561001351,5.310307911561525,92.85830542151646,59.75564516719894,3.8521715012412163,-2.1705849413932334,-32.254028653880404,105.17553868766174,6.078103896840922,5.399586399166088,94.5187227730216,53.68011287756304,3.3781639606125213,-2.1196081036748127,-33.22260544225822,72.65211186023099,4.372878673959827,0.6506214500034132,13.83998916337118,117.9253863692238,7.596157596824728,-7.596157596824728,-117.9253863692238,126.55842032945709,8.142888198943629,-8.142888198943629,-126.55842032945709,838.9055368349873,53.25587741208985,-53.25587741208985,-838.9055368349873,58.09993707855103,3.720496745889792,-1.3168438083776088,-18.773209826458913,1.0531030791156153,1.0584542337794798,1.5,0.9916439635389643,92.85830542151646,-32.254028653880404,hourly_window_mean_factor_top_available_analogs,4,-1.6604173515051213,0.9685767883778169,-1.0770331994679413e-13,-1.6604173515051213,0.9685767883778169,-1.0770331994679413e-13,-94.51872277302158,33.22260544225822,-13.83998916337118,102.55751925419415,5.938316561001351,105.17553868766174,6.078103896840922,59.75564516719894,3.8521715012412163,53.68011287756304,3.3781639606125213,72.65211186023099,4.372878673959827,6.075532289635902,0.474007540628695,0.2478725861403861
experiment_2026_08_31_06_38_ercot_criterion_holiday_identity,ERCOT_demand_SCENT,2025-01-01,New Year's Day,H2,O,observance_tier,True,2025-01-01,19,True,True,3,False,2,5,3,pearson,LassoReg,,2,{'alpha': 721.7681864806402},2024-12-31 10:00:00,2025-01-02,313.31767660941836,4.448757599082192,914.852757,10.49,,14,24,3,4,3,3,0.05454402909699368,6615.909081657893,6615.909081657895,313.31767660941836,4.448757599082192,2.9576498688011266,218.37783715789487,289.19084629323316,4.048162423915792,4.040188422484953,288.66358791353395,327.39166096052634,4.682438117929259,2.326169045818895,177.3778158837721,310.14944585042633,4.477628358852004,2.077633040470608,148.58445351208016,278.6413439818073,4.175064512577663,3.8858120056922636,259.09064428462307,290.24959203866695,4.286535403310315,3.2196408079790224,218.3778371578967,322.8195710278611,4.792972875779954,-1.6200377641894441,-89.91737687550005,327.2939083511902,4.872835966447553,-1.9355096049143752,-111.28577202976078,314.42850595833335,4.607972428765003,-0.27328145748331967,1.3047774443892877,632.8804595177006,9.050972495254134,9.050972495254134,632.8804595177006,1.0404018842248495,1.0436317344072685,1.0266135819380486,0.9311504075990441,288.66358791353395,177.3778158837721,hourly_window_mean_factor_top_available_analogs,3,140.0791344014538,-81.71282840085098,-1.842923474645144e-12,140.0791344014538,-81.71282840085098,-1.842923474645144e-12,-148.58445351208013,-259.09064428462307,-218.37783715789672,289.19084629323316,4.048162423915792,310.14944585042633,4.477628358852004,327.39166096052634,4.682438117929259,278.6413439818073,4.175064512577663,290.24959203866695,4.286535403310315,48.75031697871901,0.5073736053515958,0.1622221957718777
experiment_2026_08_31_06_38_ercot_criterion_holiday_identity,ERCOT_demand_SCENT,2025-01-20,Martin Luther King Jr. Day,H2,M,observance_tier,True,2025-01-20,19,True,True,3,False,2,5,3,pearson,LassoReg,,2,{'alpha': 721.7681864806402},2025-01-19 10:00:00,2025-01-21,3460.6956348437952,28.776449452225663,914.713121,10.48,,14,24,3,4,3,3,0.0799930634384459,8253.240153840417,8280.732707987494,3460.6956348437952,28.776449452225663,28.776449452225663,3460.6956348437952,2189.8919264831493,20.635230577123078,20.635230577123078,2189.8919264831493,4201.997798054173,33.5254937960355,33.5254937960355,4201.997798054173,2342.7430044209796,22.487091723040738,22.487091723040738,2342.7430044209796,4112.834669257101,32.945990692623326,32.945990692623326,4112.834669257101,3460.695634843793,29.092712124882375,29.092712124882375,3460.695634843793,2493.249510285704,19.808326165843432,19.808326165843432,2493.249510285704,1992.191986561105,15.786030960342368,15.786030960342368,1992.191986561105,1809.6147782034834,14.320372038884331,14.320372038884331,1809.6147782034834,3875.4005222541687,30.9036977060079,30.9036977060079,3875.4005222541687,1.2063523057712309,1.2668611449517644,1.2889095813397073,1.039440625282467,2189.8919264831493,4201.997798054173,hourly_window_mean_factor_top_available_analogs,3,-152.85107793783013,89.16312879707084,2.0583301145387323e-12,-152.85107793783013,89.16312879707084,2.0583301145387323e-12,-2342.7430044209796,-4112.834669257101,-3460.695634843793,2189.8919264831493,20.635230577123078,2342.7430044209796,22.487091723040738,4201.997798054173,33.5254937960355,4112.834669257101,32.945990692623326,3460.695634843793,29.092712124882375,89.1631287970713,0.579503103412172,-0.3162626726567126
experiment_2026_08_31_06_38_ercot_criterion_holiday_identity,ERCOT_demand_SCENT,2025-02-17,Presidents' Day,H2,P,observance_tier,True,2025-02-17,19,True,True,4,False,2,5,4,pearson,LassoReg,,2,{'alpha': 293.2570340159227},2025-02-16 10:00:00,2025-02-18,962.0407723365003,10.794904944907383,1015.626357,11.253,,14,24,4,4,4,4,0.09570606619967056,7382.94620544154,7390.266714865339,962.0407723365003,10.794904944907383,10.027120323015856,906.445310742669,709.2329943200215,8.471922492756606,7.394059379093476,632.6271313563972,1109.5119761794463,12.149978041995338,11.563072540303912,1066.1725820513275,715.9754018659102,8.62005188018855,8.62005188018855,715.9754018659102,1642.3602821261945,18.631782404932288,10.503120412634539,1017.5527575874476,1301.0605893987217,14.94325010634249,9.809358321733384,906.4453107426704,851.2541443407766,9.45243125488305,5.0239936108881595,519.7318728808036,837.274475288183,9.362678678786828,3.972219355437734,431.83994249742454,859.1470386627726,10.170286414510892,-3.1468731753730186,-163.06983197969467,1510.1522073909482,16.876032875113495,16.876032875113495,1510.1522073909482,1.0739405937909348,1.0858335245570987,1.1663326184910798,0.9399237344916704,632.6271313563972,1066.1725820513275,hourly_window_mean_factor_top_available_analogs,4,-83.34827050951306,48.61982446387996,-1.675384976950131e-12,-83.34827050951306,48.61982446387996,-1.675384976950131e-12,-715.9754018659103,-1017.5527575874476,-906.4453107426707,709.2329943200215,8.471922492756606,715.9754018659102,8.62005188018855,1109.5119761794463,12.149978041995338,1642.3602821261945,18.631782404932288,1301.0605893987217,14.94325010634249,-532.8483059467483,-6.48180436293695,-4.148345161435106
experiment_2026_08_31_06_38_ercot_criterion_holiday_identity,ERCOT_demand_SCENT,2025-03-02,Texas Independence Day,H2,R,observance_tier,True,2025-03-02,19,True,True,4,False,2,5,4,pearson,LassoReg,,2,{'alpha': 293.2570340159227},2025-03-01 10:00:00,2025-03-03,566.0066973714814,8.122498619390848,1054.739926,11.648,,14,24,4,4,4,4,0.07810443505237509,6862.935352268655,6836.279386673021,566.0066973714814,8.122498619390848,0.7242664182009952,126.27253549450236,523.9554625383365,6.903491771030026,5.112766709461711,407.88466563882713,590.5365843574824,8.833585947601327,-1.8356920850344223,-38.00120708968708,340.0602141180107,4.6336293486070685,1.1931919901647876,112.71437244323202,553.5474419231822,8.343709560673213,1.393933671267824,134.18146394107714,474.8942527318033,6.976837903596214,1.3199762098088101,126.27253549450262,649.1601268166282,10.305690724277936,-7.042313448307989,-387.524223737298,664.74881946931,10.623240226549626,-7.848057697387683,-441.61422585869894,1823.3356571081622,28.430680241211387,-28.430680241211387,-1823.3356571081622,595.168259187532,9.00842550149082,-2.741535632811933,-98.81092366775313,1.051127667094617,1.059039865976782,1.2611558640360565,1.0088951479508885,407.88466563882713,-38.00120708968708,hourly_window_mean_factor_top_available_analogs,4,295.1702931955951,-172.18267103076423,-2.6327478209216345e-13,295.1702931955951,-172.18267103076423,-2.6327478209216345e-13,-112.71437244323204,-134.18146394107714,-126.27253549450263,523.9554625383365,6.903491771030026,340.0602141180107,4.6336293486070685,590.5365843574824,8.833585947601327,553.5474419231822,8.343709560673213,474.8942527318033,6.976837903596214,36.98914243430022,0.4898763869281133,1.1456607157946346
experiment_2026_08_31_06_38_ercot_criterion_holiday_identity,ERCOT_demand_SCENT,2025-04-21,San Jacinto Day,H2,Q,observance_tier,True,2025-04-21,19,True,True,4,False,2,5,4,pearson,LassoReg,,2,{'alpha': 293.2570340159227},2025-04-20 10:00:00,2025-04-22,1057.554261138369,12.26890369699781,1067.195442,11.827,,14,24,4,4,4,4,0.09015182099428398,7217.183184336902,6974.563180380542,1057.554261138369,12.26890369699781,7.1548235560660745,742.3853468473076,806.4632513897419,9.434186751818919,6.76224511248062,616.797435880765,1204.0240168250677,13.922488581685492,7.383827648157589,815.6449615777907,612.4331882735961,7.085514460170173,6.652554038638548,582.1884123344296,835.8335586464883,9.071763830834842,9.071763830834842,835.8335586464883,753.5281590354228,8.339987746905756,8.18047601265726,742.3853468473087,1166.1966796269562,14.590499879358175,1.1208950599284953,344.0079037956345,1162.4553272847459,14.770665293997022,-0.1000771540426808,252.06124230459008,1469.2128684487227,22.128666600066662,-19.748098066097644,-1227.5546794155805,1197.6835766488086,16.893493800890052,-8.986094346850859,-417.1100995831477,1.0676224511248062,1.0808055937981267,1.2929501946072974,1.1767501461064516,616.797435880765,815.6449615777907,hourly_window_mean_factor_top_available_analogs,4,34.60902354633533,-20.188597068697504,-1.1967035549643793e-12,34.60902354633533,-20.188597068697504,-1.1967035549643793e-12,-582.1884123344296,-835.8335586464882,-742.3853468473088,806.4632513897419,9.434186751818919,612.4331882735961,7.085514460170173,1204.0240168250677,13.922488581685492,835.8335586464883,9.071763830834842,753.5281590354228,8.339987746905756,368.19045817857943,4.850724750850651,3.9289159500920547
experiment_2026_08_31_06_38_ercot_criterion_holiday_identity,ERCOT_demand_SCENT,2025-05-26,Memorial Day,H2,N,observance_tier,True,2025-05-26,19,True,True,5,False,2,6,5,pearson,RidgeReg,minmax,2,{'alpha': 23.66154006460317},2025-05-25 10:00:00,2025-05-27,618.2724560163955,5.8868398595609035,1035.638284,11.437,,14,24,4,4,5,4,0.15389092869626964,10875.96293868138,10582.035148454423,618.2724560163955,5.8868398595609035,-3.3655261612736966,-326.3773703655872,336.3833365129462,2.7693796090526916,2.579464146460886,318.93552485813103,782.707775726741,7.705358339024027,-6.83343717411887,-702.8098925794228,226.4285835969575,2.0402052602095604,2.0402052602095604,226.4285835969575,1119.655501777073,11.110930083860813,-5.778807201522501,-648.8475101770761,790.5719003422935,7.769084096199826,-2.8981183998317417,-326.37737036559,975.7696951996935,9.589167382457081,-9.589167382457081,-975.7696951996935,999.3858713349322,9.8275900709137,-9.8275900709137,-999.3858713349322,3222.2012806785533,32.26854845484605,-32.26854845484605,-3222.2012806785533,1079.106898124763,10.632432540960831,-10.632432540960831,-1079.106898124763,1.0257946414646089,1.0280263649283783,1.2380819334612685,1.0355599844705015,318.93552485813103,-702.8098925794228,hourly_window_mean_factor_top_available_analogs,4,92.50694126117352,-53.96238240234667,2.8720885319145103e-12,92.50694126117352,-53.96238240234667,2.8720885319145103e-12,-226.4285835969575,648.8475101770762,326.3773703655901,336.3833365129462,2.7693796090526916,226.4285835969575,2.0402052602095604,782.707775726741,7.705358339024027,1119.655501777073,11.110930083860813,790.5719003422935,7.769084096199826,-336.9477260503319,-3.405571744836786,-1.8822442366389227
experiment_2026_08_31_06_38_ercot_criterion_holiday_identity,ERCOT_demand_SCENT,2025-06-19,Juneteenth National Independence Day,H2,J,observance_tier,True,2025-06-19,19,True,True,5,False,2,6,5,pearson,RidgeReg,minmax,2,{'alpha': 23.66154006460317},2025-06-18 10:00:00,2025-06-20,602.6968884325597,5.007903323842586,786.482086,9.674,,14,24,4,4,5,4,0.135737536191907,10647.37627702282,10092.102921012758,602.6968884325597,5.007903323842586,4.997135969729461,601.3274167140222,231.117532124532,1.9775474404361726,1.9483217649862614,227.40039460278746,819.4515129455762,6.7756109224963295,6.7756109224963295,819.4515129455762,269.0940078966502,2.274830294593762,-0.7252984042149796,-109.20138733382166,1015.8025524085965,8.999244933017032,8.999244933017032,1015.8025524085965,740.6994044305111,6.521829013597933,5.416518440352608,601.3274167140214,632.3747568354011,5.069372903067655,4.959299859823839,622.8248751906691,631.3230391170224,5.060046131045035,4.9479737917561835,621.5987599459326,1608.6400781371003,15.653545515415926,-15.653545515415926,-1608.6400781371003,521.7178999283229,4.479107289231475,1.723848833203353,272.5677688726634,1.0194832176498627,1.0196047101925303,1.240593225226345,1.054189275352538,227.40039460278746,819.4515129455762,hourly_window_mean_factor_top_available_analogs,4,336.60178193660914,-196.3510394630205,9.334287728722159e-13,336.60178193660914,-196.3510394630205,9.334287728722159e-13,109.20138733382169,-1015.8025524085966,-601.3274167140213,231.117532124532,1.9775474404361726,269.0940078966502,2.274830294593762,819.4515129455762,6.7756109224963295,1015.8025524085965,8.999244933017032,740.6994044305111,6.521829013597933,-196.35103946302036,-2.223634010520702,-1.5139256897553466
experiment_2026_08_31_06_38_ercot_criterion_holiday_identity,ERCOT_demand_SCENT,2025-07-04,Independence Day,H2,I,observance_tier,True,2025-07-04,19,True,True,5,False,2,6,5,pearson,RidgeReg,standard,2,{'alpha': 17.189562446961098},2025-07-03 10:00:00,2025-07-05,541.0190487561805,5.945489543684381,768.337527,9.304,,14,24,4,4,5,4,0.1519681371572194,9820.545905118077,9460.03029541607,541.0190487561805,5.945489543684381,-5.62111240447787,-506.167826565444,117.88639012494176,1.1401158806036356,-0.25966364561453453,-23.290215607228284,787.8464329577364,8.748624180481482,-8.748624180481482,-787.8464329577364,346.3989430152902,3.3331213084591016,-1.482626494662712,-175.05768606908754,1161.387537769839,13.01320567482957,-7.1520524941692925,-699.3154085216543,861.1285818076367,9.446858803008872,-5.063316599614237,-506.1678265654454,763.2821734164194,8.466243538378789,-8.466243538378789,-763.2821734164194,766.7395103630262,8.5059876644049,-8.5059876644049,-766.7395103630262,1624.786163655345,18.369739694186563,-18.369739694186563,-1624.786163655345,1384.6381151864123,15.609096328881634,-15.609096328881634,-1384.6381151864123,0.9974033635438546,0.9977688313952929,1.0884711469796406,1.063085599474016,-23.290215607228284,-787.8464329577364,hourly_window_mean_factor_top_available_analogs,4,151.76747046185923,-88.53102443608218,1.507846479255118e-12,151.76747046185923,-88.53102443608218,1.507846479255118e-12,175.0576860690875,699.3154085216543,506.1678265654455,117.88639012494176,1.1401158806036356,346.3989430152902,3.3331213084591016,787.8464329577364,8.748624180481482,1161.387537769839,13.01320567482957,861.1285818076367,9.446858803008872,-373.5411048121025,-4.2645814943480875,-3.501369259324491
experiment_2026_08_31_06_38_ercot_criterion_holiday_identity,ERCOT_demand_SCENT,2025-08-27,Lyndon B. Johnson Day,H2,L,observance_tier,True,2025-08-27,19,True,True,5,False,2,6,5,pearson,RidgeReg,standard,2,{'alpha': 17.189562446961098},2025-08-26 10:00:00,2025-08-28,201.81623256746704,1.7501442245760774,747.5035,8.879,,14,24,4,4,5,4,0.1466502188540363,11486.431178024346,11023.11350702084,201.81623256746704,1.7501442245760774,-1.0702416364159715,-122.66396918224382,214.69561509944924,1.8852070132270295,-0.9580479424598564,-93.40765224465147,194.30325942381077,1.6713575978630217,-1.135687957890372,-139.73015406250602,235.03385888900735,2.0417257815326955,-1.7131030825886568,-193.37371998440722,269.5255159125757,2.3569200921037465,-0.3683931209902693,-81.41661454764365,256.8180633249453,2.2407958724196755,-0.8638125805265172,-122.66396918224075,150.18589682037964,1.32580532720166,-0.16675958031717944,-34.12344191347802,157.53411752070465,1.3782863297712522,-0.3664439547013722,-55.887703064614776,1621.3905181500115,14.729736512909474,-14.729736512909474,-1621.3905181500115,1083.9187929738946,9.79850064665632,-9.79850064665632,-1083.9187929738946,0.9904195205754014,0.9923939410635216,1.1344139623658784,1.0856553493992434,-93.40765224465147,-139.73015406250602,hourly_window_mean_factor_top_available_analogs,4,99.96606773975574,-58.31353951486236,-3.0635611007088107e-12,99.96606773975574,-58.31353951486236,-3.0635611007088107e-12,193.37371998440722,81.41661454764366,122.66396918224075,214.69561509944924,1.8852070132270295,235.03385888900735,2.0417257815326955,194.30325942381077,1.6713575978630217,269.5255159125757,2.3569200921037465,256.8180633249453,2.2407958724196755,-75.22225648876494,-0.6855624942407248,-0.49065164784359805
experiment_2026_08_31_06_38_ercot_criterion_holiday_identity,ERCOT_demand_SCENT,2025-09-01,Labor Day,H2,K,observance_tier,True,2025-09-01,19,True,True,5,False,2,6,5,pearson,RidgeReg,standard,2,{'alpha': 17.189562446961098},2025-08-31 10:00:00,2025-09-02,1286.0573967304986,13.136891310615514,662.571141,7.519,,14,24,4,4,5,4,0.15114230526855432,11397.949451677867,10968.066733270693,1286.0573967304986,13.136891310615514,-13.136891310615514,-1286.0573967304986,1283.9682454473084,11.85954064427602,-11.85954064427602,-1283.9682454473084,1287.2760683123595,13.882012532646884,-13.882012532646884,-1287.2760683123595,1573.6963426338468,14.357043413842154,-14.357043413842154,-1573.6963426338468,1118.2680116202116,11.417761447048298,-11.417761447048298,-1118.2680116202116,1286.0573967304986,12.500654803235506,-12.500654803235506,-1286.0573967304986,272.3459824138118,2.8881288924336856,-0.37612896981811333,13.486263811195803,267.6727781573724,3.074119663754986,-1.8323876327632187,-126.7671602447466,4067.4646276499802,42.748856257912394,-42.748856257912394,-4067.4646276499802,1871.549156784852,19.948550674877072,-19.948550674877072,-1871.549156784852,0.8814045935572398,0.8941920270645958,1.253480273866693,1.0532703805220431,-1283.9682454473084,-1287.2760683123595,hourly_window_mean_factor_top_available_analogs,4,289.7280971865383,-169.00805669214802,-4.308132797871765e-13,289.7280971865383,-169.00805669214802,-4.308132797871765e-13,1573.6963426338466,1118.2680116202114,1286.057396730498,1283.9682454473084,11.85954064427602,1573.6963426338468,14.357043413842154,1287.2760683123595,13.882012532646884,1118.2680116202116,11.417761447048298,1286.0573967304986,12.500654803235506,169.00805669214787,2.464251085598587,0.6362365073800085
experiment_2026_08_31_06_38_ercot_criterion_holiday_identity,ERCOT_demand_SCENT,2025-11-11,Veterans Day,H2,T,observance_tier,True,2025-11-11,19,True,True,5,False,2,6,5,pearson,RidgeReg,standard,2,{'alpha': 17.189562446961098},2025-11-10 10:00:00,2025-11-12,325.4880336736548,4.562464067390913,695.419051,7.893,,14,24,4,4,5,4,0.08539116177652684,7041.003810891154,6867.194852382004,325.4880336736548,4.562464067390913,0.6673031175221454,55.297162319372234,343.61553633802384,4.836909774888064,-1.7877236843210944,-116.86510762112539,314.91365711943956,4.4023707380175745,2.0994020852640354,155.72515311799586,490.49759577002214,6.9132408823155815,-4.502381901743954,-313.3487194013684,479.3794781387648,6.935794193828227,3.9233308104991473,270.340593323138,483.47562673975443,6.92748507906041,0.8191208638832683,55.2971623193725,371.730077233135,5.200685672475689,3.8495942612777347,278.49162194250806,364.2618976640503,5.095012084438738,3.6583642207483478,265.0778739377418,567.2418907501602,8.139633472442702,-7.322580698570164,-505.17573053880415,290.3840570832304,4.068892848133434,0.6536018771963472,54.310126469616115,0.982122763156789,0.9840760713551305,1.096240298675602,1.0147680426765817,-116.86510762112539,155.72515311799586,hourly_window_mean_factor_top_available_analogs,4,196.48361178024302,-114.61544020514218,-2.6327478209216345e-13,196.48361178024302,-114.61544020514218,-2.6327478209216345e-13,313.3487194013684,-270.340593323138,-55.2971623193725,343.61553633802384,4.836909774888064,490.49759577002214,6.9132408823155815,314.91365711943956,4.4023707380175745,479.3794781387648,6.935794193828227,483.47562673975443,6.92748507906041,-164.46582101932523,-2.5334234558106523,-2.365021011669497
experiment_2026_08_31_06_38_ercot_criterion_holiday_identity,ERCOT_demand_SCENT,2025-11-27,Thanksgiving Day,H1,S,observance_tier,True,2025-11-27,19,True,True,5,False,2,6,5,pearson,RidgeReg,standard,2,{'alpha': 17.189562446961098},2025-11-26 10:00:00,2025-11-28,385.3932637735248,5.576115114530137,646.094999,7.408,,14,24,4,4,5,4,0.0665462600125175,7231.841746168262,6953.46220475953,385.3932637735248,5.576115114530137,-5.576115114530137,-385.3932637735248,521.6431032975162,7.27276841211346,-7.27276841211346,-521.6431032975162,305.9141907178631,4.586400690939864,-4.586400690939864,-305.9141907178631,539.5075437554445,7.526381074598419,-7.526381074598419,-539.5075437554445,295.4932671174056,4.385484519554385,-4.385484519554385,-295.4932671174056,385.3932637735253,5.542656934570608,-5.542656934570608,-385.3932637735253,199.79501205813617,3.019926021877224,3.019926021877224,199.79501205813617,164.60021792942788,2.49056428342401,2.49056428342401,164.60021792942788,2115.792993619993,31.80862526171494,-31.80862526171494,-2115.792993619993,673.7430633457489,10.118881737867069,-10.118881737867069,-673.7430633457489,0.9272723158788654,0.9323337936135999,1.26028455316307,1.0528986657001045,-521.6431032975162,-305.9141907178631,hourly_window_mean_factor_top_available_analogs,4,17.864440457928463,-10.420923600457513,4.786814219857517e-13,17.864440457928463,-10.420923600457513,4.786814219857517e-13,539.5075437554447,295.4932671174056,385.39326377352523,521.6431032975162,7.27276841211346,539.5075437554445,7.526381074598419,305.9141907178631,4.586400690939864,295.4932671174056,4.385484519554385,385.3932637735253,5.542656934570608,10.420923600457513,0.20091617138547857,0.03345817995952949
experiment_2026_08_31_06_38_ercot_criterion_holiday_identity,ERCOT_demand_SCENT,2025-11-28,Day after Thanksgiving,H2,H,observance_tier,True,2025-11-28,19,True,True,5,False,2,6,5,pearson,RidgeReg,standard,2,{'alpha': 17.189562446961098},2025-11-27 10:00:00,2025-11-29,122.07410461378804,1.7545566041069005,656.17622,7.613,,14,24,4,4,5,4,0.062494973587300245,6724.884503606251,6596.422617875954,122.07410461378804,1.7545566041069005,0.8987278801741133,64.48821144638025,112.94479879712442,1.6244661337390374,-0.431122985326902,-25.605102858189575,127.3995330068418,1.8304427118214874,1.674474218383039,117.04264479071264,127.59250047236414,1.8584883804655536,-1.0179851675082476,-66.79078198198398,160.27011003867383,2.461495183005821,2.1852766933284165,141.06762427959302,148.23099072477027,2.239334782069933,1.0051275867043823,64.48821144638043,148.75504909670417,2.148598625774987,2.09837816047112,145.4813389056785,145.50122036679042,2.100203078735182,2.0369792121930304,141.36223140113358,890.6625335478622,13.346264632473549,-13.346264632473549,-890.6625335478622,95.98099566648234,1.4604429266168426,-0.9099959056495056,-56.34322877438259,0.995688770146731,0.9963132158111707,1.1527654058440324,1.0262848340091535,-25.605102858189575,117.04264479071264,hourly_window_mean_factor_top_available_analogs,4,41.18567912379441,-24.024979488880376,-1.9147256879430067e-13,41.18567912379441,-24.024979488880376,-1.9147256879430067e-13,66.79078198198398,-141.06762427959302,-64.48821144638043,112.94479879712442,1.6244661337390374,127.59250047236414,1.8584883804655536,127.3995330068418,1.8304427118214874,160.27011003867383,2.461495183005821,148.23099072477027,2.239334782069933,-32.87057703183203,-0.6310524711843335,-0.4847781779630327
experiment_2026_08_31_06_38_ercot_criterion_holiday_identity,ERCOT_demand_SCENT,2025-12-24,Christmas Eve,H1,G,observance_tier,True,2025-12-24,19,True,True,5,False,2,6,5,pearson,RidgeReg,standard,2,{'alpha': 17.189562446961098},2025-12-23 10:00:00,2025-12-25,562.4113391763507,7.191637737979787,597.299551,7.036,,14,24,4,4,5,4,0.04381601029973658,7368.173661772459,7277.599564224142,562.4113391763507,7.191637737979787,3.4048708104501,315.0196868064888,628.4427570783344,7.621535753364376,7.585793327848663,625.712400573285,523.8930120668603,6.940863895672109,0.9659993419676041,133.78227044252435,672.795634278183,8.169740486497556,8.169740486497556,672.795634278183,494.24648234869636,6.5148740306045765,0.7339901749982535,106.31705078133291,560.0277488490336,7.12456167224936,3.473477131866418,315.01968680648827,655.8246794523615,9.350932325098933,-6.54651527225101,-418.2813917279334,682.1209607760366,9.754219925744296,-7.2704952809542505,-471.48369155260826,1257.1696035118168,17.96215513875659,-17.96215513875659,-1257.1696035118168,529.4509080077355,7.206956146238333,-1.1311380069003112,-20.327689317052847,1.0758579332784866,1.0831683519618958,1.191127838469171,1.0211759328607697,625.712400573285,133.78227044252435,hourly_window_mean_factor_top_available_analogs,4,-47.08323370489812,27.46521966119144,5.504836352836145e-13,-47.08323370489812,27.46521966119144,5.504836352836145e-13,-672.7956342781831,-106.31705078133291,-315.0196868064882,628.4427570783344,7.621535753364376,672.795634278183,8.169740486497556,523.8930120668603,6.940863895672109,494.24648234869636,6.5148740306045765,560.0277488490336,7.12456167224936,29.64652971816389,0.42598986506753267,0.06707606573042657
experiment_2026_08_31_06_38_ercot_criterion_holiday_identity,ERCOT_demand_SCENT,2025-12-25,Christmas Day,H2,F,observance_tier,True,2025-12-25,19,True,True,5,False,2,6,5,pearson,RidgeReg,standard,2,{'alpha': 17.189562446961098},2025-12-24 10:00:00,2025-12-26,437.25414278734024,6.281537512947799,604.621985,7.198,,14,24,4,4,5,4,0.04745857115920856,7630.273050247693,7494.301213398008,437.25414278734024,6.281537512947799,-3.82323470499691,-234.7921543792722,236.674108343747,2.8907646917594563,1.4454972157902506,128.56510665284512,554.2591628794361,8.259488325307666,-6.896661658789419,-446.7505566480074,366.0097625773434,4.6060534728594025,-0.6516366937061938,-29.98393545320336,595.2692891093883,8.835490191982089,-5.770845323469797,-354.26361541947927,510.8052530186349,7.277276663884258,-3.8848210914516264,-234.79215437927235,617.7891886525259,9.23484154318305,-8.441849926839955,-555.0804720306111,627.1848550738259,9.376618424517511,-8.644409107169553,-569.2814722056638,2285.851408149916,33.12909292642098,-33.12909292642098,-2285.851408149916,678.3124539676027,10.133852753237521,-9.624053293984348,-637.9622757407549,1.0144549721579026,1.016349878670289,1.2453999110969864,1.0255142826059496,128.56510665284512,-446.7505566480074,hourly_window_mean_factor_top_available_analogs,4,158.5490421060485,-92.48694122852805,1.436044265957255e-13,158.5490421060485,-92.48694122852805,1.436044265957255e-13,29.983935453203372,354.2636154194793,234.79215437927235,236.674108343747,2.8907646917594563,366.0097625773434,4.6060534728594025,554.2591628794361,8.259488325307666,595.2692891093883,8.835490191982089,510.8052530186349,7.277276663884258,-41.01012622995222,-0.5760018666744227,-0.9957391509364593
experiment_2026_08_31_06_38_ercot_criterion_holiday_identity,ERCOT_demand_SCENT,2026-01-01,New Year's Day,H2,O,observance_tier,True,2026-01-01,19,True,True,5,False,2,6,5,pearson,RidgeReg,standard,2,{'alpha': 17.189562446961098},2025-12-31 10:00:00,2026-01-02,2707.200390489553,37.15692376739273,559.096514,6.707,,14,24,4,4,5,4,0.04673475622542701,10067.1745540685,10260.966858727706,2707.200390489553,37.15692376739273,-37.15692376739273,-2707.200390489553,2142.1876065812876,28.6059763427794,-28.6059763427794,-2142.1876065812876,3036.791181102706,42.144976431750514,-42.144976431750514,-3036.791181102706,2420.838832906265,32.07630876731265,-32.07630876731265,-2420.838832906265,2874.244632413138,39.8640203276011,-39.8640203276011,-2874.244632413138,2707.2003904895537,36.994863436968515,-36.994863436968515,-2707.2003904895537,350.22864519128126,4.870232246640886,-1.483018101234613,-101.54142895462478,778.8550519466297,10.865830686309055,-10.865830686309055,-778.8550519466297,5775.855811337145,80.0891860437862,-80.0891860437862,-5775.855811337145,675.2787705698188,9.430990453619648,-9.430990453619648,-675.2787705698188,0.7139402365722061,0.7799489891894996,1.2669402082616281,0.7698547862939205,-2142.1876065812876,-3036.791181102706,hourly_window_mean_factor_top_available_analogs,4,278.65122632497724,-162.54654868956845,1.0052309861700787e-12,278.65122632497724,-162.54654868956845,1.0052309861700787e-12,2420.838832906265,2874.244632413138,2707.2003904895537,2142.1876065812876,28.6059763427794,2420.838832906265,32.07630876731265,3036.791181102706,42.144976431750514,2874.244632413138,39.8640203276011,2707.2003904895537,36.994863436968515,162.54654868956823,2.2809561041494177,0.16206033042421808
experiment_2026_08_31_06_38_ercot_criterion_holiday_identity,ERCOT_demand_SCENT,2026-01-19,Martin Luther King Jr. Day,H2,M,observance_tier,True,2026-01-19,19,True,True,5,False,2,6,5,pearson,RidgeReg,minmax,2,{'alpha': 23.66154006460317},2026-01-18 10:00:00,2026-01-20,916.7363772031206,11.39733563396575,667.405359,8.127,,14,24,4,4,5,4,0.07235960032711208,9116.95305407154,9309.322916340025,916.7363772031206,11.39733563396575,-11.39733563396575,-916.7363772031206,734.1640466112834,9.241193062639864,-9.241193062639864,-734.1640466112834,1023.2369033816922,12.655085467239184,-12.655085467239184,-1023.2369033816922,641.8219672680482,7.969748647905924,-7.969748647905924,-641.8219672680482,1077.103116331911,13.129657891984087,-13.129657891984087,-1077.103116331911,916.7363772031194,11.228638696797395,-11.228638696797395,-916.7363772031194,284.7817615333113,3.534822524968557,-2.2444115243296703,-162.94439985813474,315.2015145661157,3.955909374493413,-3.242811031026754,-245.44776283379568,3296.5151577197425,40.16475059914268,-40.16475059914268,-3296.5151577197425,725.653909700628,9.053938757858814,-9.053938757858814,-725.653909700628,0.9075880693736014,0.916450514442603,1.244193726522035,0.9680338735313675,-734.1640466112834,-1023.2369033816922,hourly_window_mean_factor_top_available_analogs,4,-92.34207934323533,53.8662129502189,-1.0770331994679412e-12,-92.34207934323533,53.8662129502189,-1.0770331994679412e-12,641.8219672680481,1077.103116331911,916.7363772031196,734.1640466112834,9.241193062639864,641.8219672680482,7.969748647905924,1023.2369033816922,12.655085467239184,1077.103116331911,13.129657891984087,916.7363772031194,11.228638696797395,-53.866212950218824,-0.4745724247449026,0.1686969371683542
experiment_2026_08_31_06_38_ercot_criterion_holiday_identity,ERCOT_demand_SCENT,2026-02-16,Presidents' Day,H2,P,observance_tier,True,2026-02-16,19,True,True,5,False,2,6,5,pearson,RidgeReg,minmax,2,{'alpha': 23.66154006460317},2026-02-15 10:00:00,2026-02-17,340.92949996384624,5.144345932588858,686.796346,8.304,,14,24,4,4,5,4,0.08169250798445107,7086.055565700932,7097.461671367222,340.92949996384624,5.144345932588858,-3.4981803661482815,-211.6071480430373,354.0496598867661,5.286122229087321,-3.6952536777875387,-237.48244398729295,333.276073342143,5.061643092964755,-3.383220934358715,-196.5132254088882,389.11387736421506,5.778906965580529,-4.650959772478338,-306.2568785406387,276.13099945967616,3.9206325055869544,-2.4514352670390447,-156.3948052527693,317.75627026661147,4.605259938216166,-3.261786400621942,-211.60714804303697,269.37437497851164,3.7548009402048717,0.43705133943338703,65.75598803186965,271.6621142986838,3.825747699620353,0.09115707261093366,42.0096655732497,2427.9933551821205,35.88746173887961,-35.88746173887961,-2427.9933551821205,467.46163273148596,7.175080300615105,-6.378698774665739,-402.1586770292028,0.9630474632221246,0.9663932118232644,1.314405379429597,1.0289745068226201,-237.48244398729295,-196.5132254088882,hourly_window_mean_factor_top_available_analogs,4,68.77443455334573,-40.11842015611891,-3.590110664893138e-13,68.77443455334573,-40.11842015611891,-3.590110664893138e-13,306.2568785406387,156.3948052527693,211.60714804303694,354.0496598867661,5.286122229087321,389.11387736421506,5.778906965580529,333.276073342143,5.061643092964755,276.13099945967616,3.9206325055869544,317.75627026661147,4.605259938216166,57.14507388246682,1.1410105873778007,0.5390859943726918
experiment_2026_08_31_06_38_ercot_criterion_holiday_identity,ERCOT_demand_SCENT,2026-03-02,Texas Independence Day,H2,R,observance_tier,True,2026-03-02,19,True,True,5,False,2,6,5,pearson,RidgeReg,minmax,2,{'alpha': 23.66154006460317},2026-03-01 10:00:00,2026-03-03,729.7435116275307,8.340336089219914,681.69948,8.231,,14,24,4,4,5,4,0.07942854207947372,7424.44177932812,7193.577293820788,729.7435116275307,8.340336089219914,7.541904934563411,673.3523661718808,395.6938177532199,4.782791057613353,2.6156207806885567,242.6321372307418,924.6058330542119,10.415570690990409,10.415570690990409,924.6058330542119,387.85071951245015,4.8071727654883665,1.1548827807166226,126.5566813519941,1017.0798803012757,11.771798597177018,11.432633406073395,992.3165156501465,785.2586105369714,9.205883817081197,7.646093701994585,673.3523661718799,750.2798957476724,8.263970812171529,8.072381741722706,736.4491304821419,723.8119249291218,7.947244786495709,7.636097630499343,701.415771444652,702.5336631940396,9.54370342571776,-8.318815913978936,-579.7544573965544,687.5546414798883,7.516099313528957,7.003616918346964,650.627940068007,1.0261562078068855,1.0310262964438122,1.2091254780487306,1.0380864598788073,242.6321372307418,924.6058330542119,hourly_window_mean_factor_top_available_analogs,4,116.07545587874769,-67.7106825959346,9.81296915070791e-13,116.07545587874769,-67.7106825959346,9.81296915070791e-13,-126.5566813519941,-992.3165156501465,-673.3523661718798,395.6938177532199,4.782791057613353,387.85071951245015,4.8071727654883665,924.6058330542119,10.415570690990409,1017.0798803012757,11.771798597177018,785.2586105369714,9.205883817081197,-92.47404724706382,-1.356227906186609,-0.8655477278612835
experiment_2026_08_31_06_38_ercot_criterion_holiday_identity,ERCOT_demand_SOUTH,2025-01-01,New Year's Day,H2,O,observance_tier,True,2025-01-01,19,True,True,5,False,2,5,5,pearson,RidgeReg,minmax,2,{'alpha': 36.78857996118115},2024-12-31 10:00:00,2025-01-02,176.19466678209625,5.224056736296025,366.754192,9.309,,14,24,4,4,5,4,0.06979764336161408,3508.42072462053,3394.317828156509,176.19466678209625,5.224056736296025,-4.0447917206881385,-133.36074538368817,190.11098094009517,5.48028238083384,-3.4103999523338224,-108.58799863028013,168.07681685659688,5.074591776982301,-4.414853585561489,-147.81151432317623,199.52833049013753,5.702651549414836,-2.6129942065870493,-77.98973879751718,165.66049922562092,5.012111239962852,-5.012111239962852,-165.66049922562092,178.13812127044284,5.266520827655689,-4.128226017140188,-133.360745383688,134.46691903777094,4.140498019449978,-0.8538894686500725,-32.05170072966829,137.93861460829703,4.232832431773748,-1.3538057076326757,-48.302976714776264,766.7831911400211,23.455450335908083,-23.455450335908083,-766.7831911400211,376.05985835413156,11.436151716645094,-11.436151716645094,-376.05985835413156,0.9658960004766618,0.9706837890126382,1.182355250201486,1.067244246292316,-108.58799863028013,-147.81151432317623,hourly_window_mean_factor_top_available_analogs,4,-30.598259832762942,17.848984902444688,-2.2737367544323206e-13,-30.598259832762942,17.848984902444688,-2.2737367544323206e-13,77.98973879751719,165.66049922562092,133.36074538368794,190.11098094009517,5.48028238083384,199.52833049013753,5.702651549414836,168.07681685659688,5.074591776982301,165.66049922562092,5.012111239962852,178.13812127044284,5.266520827655689,2.4163176309759535,0.062480537019448334,-0.04246409135966367
experiment_2026_08_31_06_38_ercot_criterion_holiday_identity,ERCOT_demand_SOUTH,2025-01-20,Martin Luther King Jr. Day,H2,M,observance_tier,True,2025-01-20,19,True,True,5,False,2,5,5,pearson,RidgeReg,minmax,2,{'alpha': 36.78857996118115},2025-01-19 10:00:00,2025-01-21,1711.3383013313717,31.05452805159792,364.606061,9.255,,14,24,4,4,5,4,0.06690372440165744,3555.266934905471,3571.6939882506,1711.3383013313717,31.05452805159792,31.05452805159792,1711.3383013313717,894.8472991861805,19.819404867493255,19.819404867493255,894.8472991861805,2187.6247192493997,37.6083499089923,37.6083499089923,2187.6247192493997,936.0823648647764,20.936997578212306,20.936997578212306,936.0823648647764,2163.5709309368845,37.248161850554986,37.248161850554986,2163.5709309368845,1711.3383013313712,31.238785539691897,31.238785539691897,1711.3383013313712,1479.7362270900967,25.242696173945763,25.242696173945763,1479.7362270900967,1281.4652580920867,21.779226749739053,21.779226749739053,1281.4652580920867,1731.3703632932654,29.63833281823477,29.63833281823477,1731.3703632932654,2152.745506196181,36.999067125129834,36.999067125129834,2152.745506196181,1.1981940486749325,1.2537057945440466,1.1277417263228662,1.0097654539184928,894.8472991861805,2187.6247192493997,hourly_window_mean_factor_top_available_analogs,4,-41.235065678595774,24.053788312515167,6.103188130318334e-13,-41.235065678595774,24.053788312515167,6.103188130318334e-13,-936.0823648647763,-2163.5709309368845,-1711.338301331371,894.8472991861805,19.819404867493255,936.0823648647764,20.936997578212306,2187.6247192493997,37.6083499089923,2163.5709309368845,37.248161850554986,1711.3383013313712,31.238785539691897,24.05378831251528,0.36018805843731627,-0.18425748809397646
experiment_2026_08_31_06_38_ercot_criterion_holiday_identity,ERCOT_demand_SOUTH,2025-02-17,Presidents' Day,H2,P,observance_tier,True,2025-02-17,19,True,True,5,False,2,5,5,pearson,RidgeReg,minmax,2,{'alpha': 36.78857996118115},2025-02-16 10:00:00,2025-02-18,308.2922373973431,8.465980755151447,448.112612,10.684,,14,24,4,4,5,4,0.09903978752253143,3705.4567986410034,3694.1437506950147,308.2922373973431,8.465980755151447,-2.288572973777506,-64.08995885152932,240.9507942844185,7.121710416451691,-6.169331568924577,-204.67447469126887,347.5747458798824,9.250138452726306,-0.024797126608381292,17.91767538831876,280.85457334100784,8.253222548880634,-6.5328896071101425,-217.8435918188648,569.3418132615923,15.386865340422993,0.206323936970215,25.599660379415884,463.0570406592717,12.758681154065279,-2.276544210848865,-64.08995885152963,360.7017778259213,9.451057021237096,6.14606425927623,245.82165200140062,349.6498177939184,9.171151144115273,5.4714025960896935,220.90485898117208,1084.8497617904031,29.88397333242845,-29.88397333242845,-1084.8497617904031,381.5720445877003,10.2961257512617,-5.122840219197964,-170.36467631118603,0.9383066843107543,0.9450516283902965,1.2985177382367017,1.0509677923778904,-204.67447469126887,17.91767538831876,hourly_window_mean_factor_top_available_analogs,4,13.169117127595948,-7.681984991097124,3.231099598403824e-13,13.169117127595948,-7.681984991097124,3.231099598403824e-13,217.8435918188648,-25.599660379415884,64.08995885152964,240.9507942844185,7.121710416451691,280.85457334100784,8.253222548880634,347.5747458798824,9.250138452726306,569.3418132615923,15.386865340422993,463.0570406592717,12.758681154065279,-221.76706738170986,-6.136726887696687,-4.292700398913832
experiment_2026_08_31_06_38_ercot_criterion_holiday_identity,ERCOT_demand_SOUTH,2025-03-02,Texas Independence Day,H2,R,observance_tier,True,2025-03-02,19,True,True,5,False,2,5,5,pearson,RidgeReg,minmax,2,{'alpha': 36.78857996118115},2025-03-01 10:00:00,2025-03-03,289.6245336778231,7.3544703801551945,457.204051,10.914,,14,24,4,4,5,4,0.1162964412074361,3487.082379547643,3388.3235882679437,289.6245336778231,7.3544703801551945,5.962885777643777,246.8301407944622,262.56022549301696,6.485431971497785,6.3719330905373255,258.676803758587,305.4120467856267,7.861409451872016,5.724274845122539,239.9195873987227,64.93188801514472,1.6868826907424859,0.8548744357997905,33.464068025032184,380.3694273114733,10.401807084904299,10.10353484172961,371.2936832432965,264.1555970444049,7.191045466002578,6.6961336395449385,246.83014079446232,234.88690267105562,6.553606284213932,-0.28291128236511226,24.017875463396155,231.5365811912062,6.541848781899955,-0.9454154354813683,0.20709654187066917,237.44523939972888,7.034234212956709,-3.705768620912208,-99.00157880674834,281.2946642492732,7.341852717418729,4.173499070863411,184.1838173751618,1.0637193309053732,1.070746634615081,1.1000262098280649,1.0164493645815134,258.676803758587,239.9195873987227,hourly_window_mean_factor_top_available_analogs,4,225.21273573355484,-131.3740958445738,-8.376924884750654e-14,225.21273573355484,-131.3740958445738,-8.376924884750654e-14,-33.46406802503219,-371.2936832432965,-246.8301407944623,262.56022549301696,6.485431971497785,64.93188801514472,1.6868826907424859,305.4120467856267,7.861409451872016,380.3694273114733,10.401807084904299,264.1555970444049,7.191045466002578,-74.95738052584659,-2.540397633032282,0.16342491415261673
experiment_2026_08_31_06_38_ercot_criterion_holiday_identity,ERCOT_demand_SOUTH,2025-04-21,San Jacinto Day,H2,Q,observance_tier,True,2025-04-21,19,True,True,5,False,2,5,5,pearson,RidgeReg,minmax,2,{'alpha': 36.78857996118115},2025-04-20 10:00:00,2025-04-22,306.35680328661203,7.574947152151397,460.120112,10.906,,14,24,4,4,5,4,0.10146747892152053,4138.069488558314,4001.978182034103,306.35680328661203,7.574947152151397,-3.9045494085332386,-132.2017265583135,406.85843638553075,10.20717893182854,-10.20717893182854,-406.85843638553075,247.730850645576,6.039478614006396,-0.2280155199443116,28.014687507563224,537.7405077545931,13.438629339839421,-13.438629339839421,-537.7405077545931,182.4053444763913,4.22671168747094,2.126188834724522,104.3625624728483,313.3182993683604,7.620576085711957,-3.6082178611674562,-132.20172655831428,436.5037613605232,10.002437363997286,10.002437363997286,436.5037613605232,400.4926534668037,9.100552916684387,9.100552916684387,400.4926534668037,688.972014100828,18.18467369939341,-18.18467369939341,-688.972014100828,355.0336561516285,9.695024858002414,-9.112484799093433,-326.7309595019986,0.8979282106817146,0.9069265375729961,1.179158073581492,1.0886425739655716,-406.85843638553075,28.014687507563224,hourly_window_mean_factor_top_available_analogs,4,130.8820713690623,-76.34787496528507,8.017913818261341e-13,130.8820713690623,-76.34787496528507,8.017913818261341e-13,537.7405077545931,-104.3625624728483,132.2017265583143,406.85843638553075,10.20717893182854,537.7405077545931,13.438629339839421,247.730850645576,6.039478614006396,182.4053444763913,4.22671168747094,313.3182993683604,7.620576085711957,65.3255061691847,1.8127669265354562,-0.04562893356056019
experiment_2026_08_31_06_38_ercot_criterion_holiday_identity,ERCOT_demand_SOUTH,2025-05-26,Memorial Day,H2,N,observance_tier,True,2025-05-26,19,True,True,5,False,2,6,5,pearson,RidgeReg,minmax,2,{'alpha': 23.66154006460317},2025-05-25 10:00:00,2025-05-27,304.33679080310657,5.551402720836538,451.296509,10.506,,14,24,4,4,5,4,0.12980240439667942,5058.527308749525,4918.340658327285,304.33679080310657,5.551402720836538,5.551402720836538,304.33679080310657,310.67571816949254,5.488047117933097,5.488047117933097,310.67571816949254,300.6390831727147,5.588360155863545,5.588360155863545,300.6390831727147,142.90433824502387,2.62116280167121,2.1185902088501023,114.00575437166779,415.3632287214454,8.313324991838657,8.313324991838657,415.3632287214454,314.98363749329013,6.216212605987492,6.031054282316558,304.3367908031063,88.095691472262,1.6808901734906936,0.4070048764040437,30.718230423252635,84.6958347404415,1.6494466680037447,0.05292905977353812,12.272777214948823,332.19237115476295,6.559365977512215,-6.559365977512215,-332.19237115476295,139.5729833347829,2.527391103983777,2.331637803766817,130.98129538675872,1.054880471179331,1.058630811891716,1.128667674382421,1.0344949241160648,310.67571816949254,300.6390831727147,hourly_window_mean_factor_top_available_analogs,4,196.66996379782475,-114.72414554873065,2.87208853191451e-13,196.66996379782475,-114.72414554873065,2.87208853191451e-13,-114.00575437166779,-415.36322872144535,-304.3367908031063,310.67571816949254,5.488047117933097,142.90433824502387,2.62116280167121,300.6390831727147,5.588360155863545,415.3632287214454,8.313324991838657,314.98363749329013,6.216212605987492,-114.72414554873069,-2.724964835975112,-0.6648098851509534
experiment_2026_08_31_06_38_ercot_criterion_holiday_identity,ERCOT_demand_SOUTH,2025-06-19,Juneteenth National Independence Day,H2,J,observance_tier,True,2025-06-19,19,True,True,5,False,2,6,5,pearson,RidgeReg,minmax,2,{'alpha': 23.66154006460317},2025-06-18 10:00:00,2025-06-20,341.35877322508605,6.421170261797127,399.868223,9.5,,14,24,4,4,5,4,0.11997220906068676,4859.170223669651,4677.249712460163,341.35877322508605,6.421170261797127,6.421170261797127,341.35877322508605,431.4809326855132,7.640237713729208,7.640237713729208,431.4809326855132,288.787513539837,5.710047581503415,5.710047581503415,288.787513539837,301.10464497351535,5.415107594620467,5.415107594620467,301.10464497351535,364.840348038502,7.697212367405957,7.697212367405957,364.840348038502,341.3587732250857,6.856436924800776,6.856436924800776,341.3587732250857,78.97906134124544,1.677814925535559,-1.4939289234318895,-68.56548295683547,103.79593876658669,2.197826407083015,-2.1576858252712916,-101.4911202982621,417.1591440469081,8.521323597274082,-8.521323597274082,-417.1591440469081,50.86472526524202,1.0280711961471967,0.13491635606387375,12.23332879088529,1.0764023771372921,1.083441906639793,1.1509320008521478,1.0591275218879619,431.4809326855132,288.787513539837,hourly_window_mean_factor_top_available_analogs,4,130.37628771199783,-76.05283449866492,3.111429242907386e-13,130.37628771199783,-76.05283449866492,3.111429242907386e-13,-301.1046449735154,-364.84034803850193,-341.35877322508577,431.4809326855132,7.640237713729208,301.10464497351535,5.415107594620467,288.787513539837,5.710047581503415,364.840348038502,7.697212367405957,341.3587732250857,6.856436924800776,-76.05283449866499,-1.987164785902542,-0.4352666630036488
experiment_2026_08_31_06_38_ercot_criterion_holiday_identity,ERCOT_demand_SOUTH,2025-07-04,Independence Day,H2,I,observance_tier,True,2025-07-04,19,True,True,5,False,2,6,5,pearson,RidgeReg,minmax,2,{'alpha': 23.66154006460317},2025-07-03 10:00:00,2025-07-05,509.3474295185988,9.93341454006884,400.942538,9.346,,14,24,4,4,5,4,0.1300858303313718,4401.776130665612,4300.310151333007,509.3474295185988,9.93341454006884,9.93341454006884,509.3474295185988,676.3292885499235,12.66949136545399,12.66949136545399,676.3292885499235,411.94134508365954,8.337369725260842,8.337369725260842,411.94134508365954,484.83372696094267,9.28095268890812,9.28095268890812,484.83372696094267,523.6470893438977,11.593624877343492,11.593624877343492,523.6470893438977,509.3474295185984,10.741587755288357,10.741587755288357,509.3474295185984,185.25831306204006,4.229108289069802,-3.275819302745249,-132.88607822721713,235.88598027336616,5.432848957172783,-5.211132193132566,-223.6803925905891,418.9305701710086,8.486347527452624,8.486347527452624,418.9305701710086,194.1935817469222,3.8805701762740896,2.50432230948482,138.2866077050275,1.1266949136545399,1.1478083476088856,0.9983747160457292,1.0636360466451018,676.3292885499235,411.94134508365954,hourly_window_mean_factor_top_available_analogs,4,191.49556158898085,-111.70574426023825,3.7097810203895756e-13,191.49556158898085,-111.70574426023825,3.7097810203895756e-13,-484.8337269609426,-523.6470893438977,-509.3474295185984,676.3292885499235,12.66949136545399,484.83372696094267,9.28095268890812,411.94134508365954,8.337369725260842,523.6470893438977,11.593624877343492,509.3474295185984,10.741587755288357,-111.70574426023819,-3.25625515208265,-0.8081732152195169
experiment_2026_08_31_06_38_ercot_criterion_holiday_identity,ERCOT_demand_SOUTH,2025-08-27,Lyndon B. Johnson Day,H2,L,observance_tier,True,2025-08-27,19,True,True,5,False,2,6,5,pearson,RidgeReg,minmax,2,{'alpha': 23.66154006460317},2025-08-26 10:00:00,2025-08-28,82.58807444150273,1.5732873624524124,412.899185,9.423,,14,24,4,4,5,4,0.1437783877907718,5361.107562083455,5192.710726076191,82.58807444150273,1.5732873624524124,-0.6078987986505237,-27.250840872929146,114.32359100267233,2.0891372745799797,-1.6214891229073378,-87.38668731019405,64.07568978082047,1.2723749137113316,-0.016637776167382195,7.828402882142048,214.1339973786979,3.7605282435088574,-3.522146382265894,-201.32867056401705,183.0629478999309,3.759970680471177,1.9839739701939187,74.29455978020543,194.5101766552661,3.760176098432428,-0.04459668597548568,-27.25084087292916,110.71931987284172,2.0455074417217474,1.6051211264708052,92.02764248951023,108.21380419924401,2.0027307848273597,1.5303446733556558,88.14536351290685,805.1532075218714,15.675450973317231,-15.675450973317231,-805.1532075218714,236.50023132576482,4.722643905721875,-4.722643905721875,-236.50023132576482,0.9837851087709266,0.984532748911385,1.156562083522479,1.0470522328503615,-87.38668731019405,7.828402882142048,hourly_window_mean_factor_top_available_analogs,4,113.94198325382298,-66.46615689806339,1.1967035549643792e-14,113.94198325382298,-66.46615689806339,1.1967035549643792e-14,201.32867056401705,-74.29455978020543,27.250840872929157,114.32359100267233,2.0891372745799797,214.1339973786979,3.7605282435088574,64.07568978082047,1.2723749137113316,183.0629478999309,3.759970680471177,194.5101766552661,3.760176098432428,-118.98725811911042,-2.4875957667598456,-2.1868887359800153
experiment_2026_08_31_06_38_ercot_criterion_holiday_identity,ERCOT_demand_SOUTH,2025-09-01,Labor Day,H2,K,observance_tier,True,2025-09-01,19,True,True,5,False,2,6,5,pearson,RidgeReg,minmax,2,{'alpha': 23.66154006460317},2025-08-31 10:00:00,2025-09-02,157.83240073248842,3.1968319738227153,378.080647,8.368,,14,24,4,4,5,4,0.12865424956118823,5562.308178740959,5360.129417653687,157.83240073248842,3.1968319738227153,-2.876768872003968,-138.08293776727584,115.60873657849321,2.124132064851431,-1.4828422864759647,-75.68404053342861,182.46287148898566,3.8225735873892983,-3.6898927135619695,-174.48229448702003,142.11170614754616,2.4536450823728297,-2.418994510043189,-139.996556480554,145.65714033795874,2.7432548009623,-2.545012910690647,-136.96666018452882,144.35092774149095,2.636556483587232,-2.498585078873163,-138.08293776727496,130.94027022113428,2.7483144805831956,-2.1523351376037176,-95.00002887221353,135.69826539368657,2.856466711405217,-2.361782643890908,-105.82717615266722,1479.7469963868743,28.939797400012534,-28.939797400012534,-1479.7469963868743,448.4247415410321,8.98921680285887,-8.98921680285887,-448.4247415410321,0.9851715771352404,0.9871915185278483,1.2435136542787457,1.051107431501892,-75.68404053342861,-174.48229448702003,hourly_window_mean_factor_top_available_analogs,4,64.31251594712538,-37.51563430249121,-8.855606306736407e-13,64.31251594712538,-37.51563430249121,-8.855606306736407e-13,139.99655648055398,136.96666018452882,138.08293776727496,115.60873657849321,2.124132064851431,142.11170614754616,2.4536450823728297,182.46287148898566,3.8225735873892983,145.65714033795874,2.7432548009623,144.35092774149095,2.636556483587232,36.80573115102692,1.0793187864269984,0.5602754902354832
experiment_2026_08_31_06_38_ercot_criterion_holiday_identity,ERCOT_demand_SOUTH,2025-11-11,Veterans Day,H2,T,observance_tier,True,2025-11-11,19,True,True,5,False,2,6,5,pearson,RidgeReg,minmax,2,{'alpha': 23.66154006460317},2025-11-10 10:00:00,2025-11-12,290.422103194998,7.857823847211585,379.156918,8.404,,14,24,4,4,5,4,0.08857638995087033,3944.4569100427425,3923.557826471669,290.422103194998,7.857823847211585,-5.381190211912304,-197.5505318585321,265.88943402172555,7.374317395867342,-7.374317395867342,-265.88943402172555,304.732826879407,8.139869277162395,-4.218532687938532,-157.68617226333598,330.3589189073445,9.074016592640204,-9.074016592640204,-330.3589189073445,371.49153376048463,9.960063060727519,-3.1475713482734644,-120.07897274672466,356.3374124988014,9.6336248882743,-5.330998543566473,-197.550531858532,295.2298883404298,7.9360312773277615,3.466872697785806,131.6494350710787,287.81500579792726,7.745698957706469,2.7434346727856913,104.41386715672724,983.9226721155104,26.165235011744212,-26.165235011744212,-983.9226721155104,291.1319078320452,7.798418257594727,-3.144734721310281,-117.26045998979107,0.9262568260413266,0.933198374788384,1.2105834898819836,0.9896966696907591,-265.88943402172555,-157.68617226333598,hourly_window_mean_factor_top_available_analogs,4,64.46948488561894,-37.60719951661133,-1.795055332446569e-13,64.46948488561894,-37.60719951661133,-1.795055332446569e-13,330.3589189073445,120.07897274672465,197.55053185853194,265.88943402172555,7.374317395867342,330.3589189073445,9.074016592640204,304.732826879407,8.139869277162395,371.49153376048463,9.960063060727519,356.3374124988014,9.6336248882743,-66.75870688107761,-1.8201937835651236,-1.7758010410627145
experiment_2026_08_31_06_38_ercot_criterion_holiday_identity,ERCOT_demand_SOUTH,2025-11-27,Thanksgiving Day,H1,S,observance_tier,True,2025-11-27,19,True,True,5,False,2,6,5,pearson,RidgeReg,minmax,2,{'alpha': 23.66154006460317},2025-11-26 10:00:00,2025-11-28,488.0471303142871,12.586858357546271,355.403146,7.897,,14,24,4,4,5,4,0.09009827062244341,4335.856244340602,4159.404484330752,488.0471303142871,12.586858357546271,-12.586858357546271,-488.0471303142871,626.0078565717755,15.571944185343904,-15.571944185343904,-626.0078565717755,407.57003999741886,10.845558291330988,-10.845558291330988,-407.57003999741886,618.8782898687758,15.384700028312096,-15.384700028312096,-618.8782898687758,411.72895390750017,10.663678872097513,-10.663678872097513,-411.72895390750017,488.04713031428594,12.403002455966043,-12.403002455966043,-488.04713031428594,240.1301047452571,6.41525017772791,6.41525017772791,240.1301047452571,155.22865306942245,4.150063476973818,4.114560181680679,153.79827120924284,2046.487645525541,54.521699350136004,-54.521699350136004,-2046.487645525541,547.7612772754127,14.581568102873035,-14.581568102873035,-547.7612772754127,0.844280558146561,0.8650363739998261,1.394026984320046,1.0337046415673494,-626.0078565717755,-407.57003999741886,hourly_window_mean_factor_top_available_analogs,4,-7.129566702999715,4.15891391008131,-1.1727694838650917e-12,-7.129566702999715,4.15891391008131,-1.1727694838650917e-12,618.8782898687758,411.72895390750017,488.0471303142859,626.0078565717755,15.571944185343904,618.8782898687758,15.384700028312096,407.57003999741886,10.845558291330988,411.72895390750017,10.663678872097513,488.04713031428594,12.403002455966043,-4.15891391008131,0.18187941923347495,0.18385590158022858
experiment_2026_08_31_06_38_ercot_criterion_holiday_identity,ERCOT_demand_SOUTH,2025-11-28,Day after Thanksgiving,H2,H,observance_tier,True,2025-11-28,19,True,True,5,False,2,6,5,pearson,RidgeReg,minmax,2,{'alpha': 23.66154006460317},2025-11-27 10:00:00,2025-11-29,79.72713077068092,2.0798486138887737,378.129953,8.504,,14,24,4,4,5,4,0.083016069162377,3839.534783764854,3772.663381752643,79.72713077068092,2.0798486138887737,-1.0924711278842896,-39.94872852801154,78.77756041759024,1.9742961821207001,0.35603448688895317,16.65778707135746,80.28104680998382,2.1414208657534832,-1.937432736502015,-72.96919596097679,75.4086916047403,1.9085777327499667,-0.7290612457734154,-28.12844939804365,163.9957820471835,4.435482948968859,-0.9782123561418029,-46.84389135382696,131.35843293680975,3.504517869309267,-0.8864198417955548,-39.948728528012055,89.43802219801523,2.387246950664231,-2.300365152093183,-86.40117867424692,91.32999008565797,2.437552769399101,-2.3668658202088597,-88.86234165164514,1217.090421200143,32.85160891355607,-32.85160891355607,-1217.090421200143,286.37513408855546,7.703665040361579,-7.703665040361579,-286.37513408855546,1.0035603448688895,1.0042127123685456,1.3032661834535708,1.0565663873325581,16.65778707135746,-72.96919596097679,hourly_window_mean_factor_top_available_analogs,4,44.78623646940111,-26.125304607149832,5.145825286346831e-13,44.78623646940111,-26.125304607149832,5.145825286346831e-13,28.12844939804365,46.84389135382696,39.948728528012055,78.77756041759024,1.9742961821207001,75.4086916047403,1.9085777327499667,80.28104680998382,2.1414208657534832,163.9957820471835,4.435482948968859,131.35843293680975,3.504517869309267,-83.71473523719968,-2.294062083215376,-1.4246692554204934
experiment_2026_08_31_06_38_ercot_criterion_holiday_identity,ERCOT_demand_SOUTH,2025-12-24,Christmas Eve,H1,G,observance_tier,True,2025-12-24,19,True,True,5,False,2,6,5,pearson,RidgeReg,minmax,2,{'alpha': 23.66154006460317},2025-12-23 10:00:00,2025-12-25,175.35884522277888,4.437533561530828,372.839012,8.419,,14,24,4,4,5,4,0.06378128058189535,4246.235645277723,4155.73824078318,175.35884522277888,4.437533561530828,-2.245780671705774,-72.37163796193309,127.63121381784019,2.8938459967141346,-0.08322321808994612,3.6554363030616708,203.19996354232646,5.338017974340567,-3.5072725196483403,-116.72076461651336,147.85424245822148,3.365039064557856,-0.7575322572118084,-25.982227491465274,190.9219741807252,4.906201628268854,-2.973891213935408,-99.43212740303996,175.05491512506592,4.338404894270067,-2.157337914089871,-72.3716379619335,201.93609417551397,5.298899163129291,-3.421130436500359,-113.2622255171391,204.4612351639515,5.377056381115888,-3.593237547170317,-120.17219506721177,1589.4059937830916,40.18754989012067,-40.18754989012067,-1589.4059937830916,346.9049104006046,9.240485664200547,-9.240485664200547,-346.9049104006046,0.9991677678191005,1.0008305216187168,1.3543739147750171,1.055389471724935,3.6554363030616708,-116.72076461651336,hourly_window_mean_factor_top_available_analogs,4,29.637663794526947,-17.288637213473407,4.0687920868788895e-13,29.637663794526947,-17.288637213473407,4.0687920868788895e-13,25.982227491465277,99.43212740303996,72.3716379619335,127.63121381784019,2.8938459967141346,147.85424245822148,3.365039064557856,203.19996354232646,5.338017974340567,190.9219741807252,4.906201628268854,175.05491512506592,4.338404894270067,12.277989361601271,0.43181634607171304,0.09912866726076164
experiment_2026_08_31_06_38_ercot_criterion_holiday_identity,ERCOT_demand_SOUTH,2025-12-25,Christmas Day,H2,F,observance_tier,True,2025-12-25,19,True,True,5,False,2,6,5,pearson,RidgeReg,minmax,2,{'alpha': 23.66154006460317},2025-12-24 10:00:00,2025-12-26,162.57434927143115,3.9970296512192722,370.415204,8.395,,14,24,4,4,5,4,0.053556041725120185,4115.309487755384,3953.908082138745,162.57434927143115,3.9970296512192722,-0.046782645641917975,16.506535849880084,83.26433996324947,1.8990368499929278,0.10037121478283674,10.99144625895149,208.8385213678704,5.220858785267973,-0.13262239755635838,19.723671444588433,82.25327133846794,1.875708184833798,-0.02422014356483255,5.253240374293942,259.43636636927477,6.511368690612822,-0.19688292043127084,23.070958210637304,194.15838398950382,4.803493767431076,-0.13327031842784628,16.506535849879224,209.0036008360723,5.234463292551413,-0.23312672705069473,15.755085871149086,209.25012256221706,5.2547796084167055,-0.38321505155195545,9.828591337488698,1286.2011931548534,33.205136636628446,-33.205136636628446,-1286.2011931548534,269.2648970695587,7.181211036523816,-5.446064840511166,-190.08670319801908,1.0010037121478284,1.002502607521859,1.3302871077096567,1.0530640496147086,10.99144625895149,19.723671444588433,hourly_window_mean_factor_top_available_analogs,4,5.738205884657548,-3.3472867660488723,8.61626559574353e-13,5.738205884657548,-3.3472867660488723,8.61626559574353e-13,-5.2532403742939415,-23.070958210637304,-16.50653584987922,83.26433996324947,1.8990368499929278,82.25327133846794,1.875708184833798,208.8385213678704,5.220858785267973,259.43636636927477,6.511368690612822,194.15838398950382,4.803493767431076,-50.59784500140435,-1.290509905344849,-0.8064641162118034
experiment_2026_08_31_06_38_ercot_criterion_holiday_identity,ERCOT_demand_SOUTH,2026-01-01,New Year's Day,H2,O,observance_tier,True,2026-01-01,19,True,True,5,False,2,6,5,pearson,RidgeReg,minmax,2,{'alpha': 23.66154006460317},2025-12-31 10:00:00,2026-01-02,452.4793484590605,12.345396965566975,348.04361,7.908,,14,24,4,4,5,4,0.05042830588928988,4173.507512222218,4172.788993994803,452.4793484590605,12.345396965566975,-12.345396965566975,-452.4793484590605,364.24264832636044,9.71457216959841,-9.71457216959841,-364.24264832636044,503.9507568698021,13.880044763215304,-13.880044763215304,-503.9507568698021,295.74067187617305,7.860642562422982,-7.644756942459156,-286.71035537090063,549.1779277604863,15.003668402680395,-15.003668402680395,-549.1779277604863,455.80630717152866,12.372027303638191,-12.292490496283097,-452.47934845905985,114.10807698685149,3.2194925617337624,-2.817085627921776,-98.58215856311756,141.84111199223668,3.9937794253814984,-3.9441022923111824,-139.8782674906398,1927.7141018901877,52.73612727696932,-52.73612727696932,-1927.7141018901877,502.3424871174104,13.836153295983848,-13.836153295983848,-502.3424871174104,0.9028542783040159,0.9127508029034991,1.3412018549390756,0.9996145815772841,-364.24264832636044,-503.9507568698021,hourly_window_mean_factor_top_available_analogs,4,-77.53229295545982,45.22717089068417,-4.547473508864641e-13,-77.53229295545982,45.22717089068417,-4.547473508864641e-13,286.71035537090063,549.1779277604862,452.47934845906,364.24264832636044,9.71457216959841,295.74067187617305,7.860642562422982,503.9507568698021,13.880044763215304,549.1779277604863,15.003668402680395,455.80630717152866,12.372027303638191,-45.22717089068425,-1.123623639465091,-0.026630338071216286
experiment_2026_08_31_06_38_ercot_criterion_holiday_identity,ERCOT_demand_SOUTH,2026-01-19,Martin Luther King Jr. Day,H2,M,observance_tier,True,2026-01-19,19,True,True,5,False,2,6,5,pearson,RidgeReg,minmax,2,{'alpha': 23.66154006460317},2026-01-18 10:00:00,2026-01-20,167.08064592570162,4.1432453875505,350.801713,8.035,,14,24,4,4,5,4,0.06683891720226398,4224.882836174916,4314.527766879936,167.08064592570162,4.1432453875505,-1.895186986744171,-66.68355104333779,64.34188485782342,1.6874348135079018,-0.4386218605794418,-13.217571323454617,227.01158988196389,5.575801555742014,-2.7448499770069303,-97.87203921326964,71.3885328650532,1.7814706330655794,1.5440645008807512,62.70274364867753,224.53798948463705,5.585797364772706,-3.7077374105934866,-142.15888961367818,168.11450546689565,4.184203305722711,-1.7728630221556094,-66.6835510433366,224.08535178267206,5.478241227786093,-2.2941886043882227,-78.94757724696406,224.84564204896174,5.503589188274636,-2.4112786850203096,-83.86449915814893,1147.2644829250332,27.734761972437184,-27.734761972437184,-1147.2644829250332,215.0970654473241,5.0031365421362,1.46449749114256,78.88958471085918,0.9956137813942055,0.996753401342634,1.2432230131342126,0.9590310612250493,-13.217571323454617,-97.87203921326964,hourly_window_mean_factor_top_available_analogs,4,-75.92031497213215,44.28685040040855,-1.1847365194147354e-12,-75.92031497213215,44.28685040040855,-1.1847365194147354e-12,-62.702743648677526,142.15888961367818,66.6835510433366,64.34188485782342,1.6874348135079018,71.3885328650532,1.7814706330655794,227.01158988196389,5.575801555742014,224.53798948463705,5.585797364772706,168.11450546689565,4.184203305722711,2.473600397326834,-0.009995809030691305,-0.04095791817221084
experiment_2026_08_31_06_38_ercot_criterion_holiday_identity,ERCOT_demand_SOUTH,2026-02-16,Presidents' Day,H2,P,observance_tier,True,2026-02-16,19,True,True,5,False,2,6,5,pearson,RidgeReg,standard,2,{'alpha': 17.189562446961098},2026-02-15 10:00:00,2026-02-17,375.27880460879004,10.958539151994406,342.879888,7.776,,14,24,4,4,5,4,0.07126568340702007,3975.3443298607767,3984.2056802556876,375.27880460879004,10.958539151994406,-10.843532301849715,-370.59497430814486,270.76209664267986,7.562360222105224,-7.25019877171249,-258.0488429695,436.2468842556877,12.939643527763096,-12.939643527763096,-436.2468842556877,291.47820376049873,8.192651122257258,-7.934998296974769,-280.9848974175576,422.867519160988,12.808357372194513,-12.808357372194513,-422.867519160988,374.4609292765972,11.10783401695447,-11.012909291850395,-370.5949743081452,197.65132486320292,5.918706952278744,-4.751294879936751,-147.38405296329054,215.97063481195312,6.493182354619987,-5.580346784909115,-176.6307656838395,1533.038308156729,44.030215245371274,-44.030215245371274,-1533.038308156729,471.00602406505067,13.924955325006755,-13.924955325006755,-471.00602406505067,0.9274980122828751,0.9348386756591374,1.2752848401718695,1.008724233284847,-258.0488429695,-436.2468842556877,hourly_window_mean_factor_top_available_analogs,4,22.936054448057575,-13.379365094699702,3.4704403093967e-13,22.936054448057575,-13.379365094699702,3.4704403093967e-13,280.9848974175576,422.86751916098797,370.5949743081452,270.76209664267986,7.562360222105224,291.47820376049873,8.192651122257258,436.2468842556877,12.939643527763096,422.867519160988,12.808357372194513,374.4609292765972,11.10783401695447,13.379365094699665,0.13128615556858314,-0.14929486496006383
experiment_2026_08_31_06_38_ercot_criterion_holiday_identity,ERCOT_demand_SOUTH,2026-03-02,Texas Independence Day,H2,R,observance_tier,True,2026-03-02,19,True,True,5,False,2,6,5,pearson,RidgeReg,minmax,2,{'alpha': 23.66154006460317},2026-03-01 10:00:00,2026-03-03,206.67623960692964,4.462498727940165,346.722672,7.939,,14,24,4,4,5,4,0.108926405440753,4159.2256569768,3983.2822524250855,206.67623960692964,4.462498727940165,3.772133755900696,179.1524240758304,135.61980251895534,3.0376953480122433,1.163847566762256,60.912303220257364,248.125827908248,5.29363403289812,5.29363403289812,248.125827908248,138.91465312394052,3.1828075223854495,-1.3608376060669385,-56.31150999308079,316.50638561603097,7.263967281829345,7.263967281829345,316.50638561603097,251.0778525926292,5.760382107297382,4.086407586288608,179.1524240758319,206.1152819263202,4.3100506379809085,4.191396297021037,201.76649433612545,201.69797966295178,4.2189808485530165,4.000429366953401,193.73456136550809,755.5563124179049,18.569874017153243,-18.569874017153243,-755.5563124179049,212.40631960663075,5.372634798972285,-4.034614738875707,-144.21366690163643,1.0116384756676227,1.013654886371566,1.2519736430214292,1.0984965337495283,60.912303220257364,248.125827908248,hourly_window_mean_factor_top_available_analogs,4,117.22381321333816,-68.380557707783,-1.5198135148047616e-12,117.22381321333816,-68.380557707783,-1.5198135148047616e-12,56.3115099930808,-316.506385616031,-179.1524240758319,135.61980251895534,3.0376953480122433,138.91465312394052,3.1828075223854495,248.125827908248,5.29363403289812,316.50638561603097,7.263967281829345,251.0778525926292,5.760382107297382,-68.38055770778297,-1.970333248931225,-1.2978833793572173
experiment_2026_08_31_06_38_ercot_criterion_holiday_identity,ERCOT_demand_WEST,2025-01-01,New Year's Day,H2,O,observance_tier,True,2025-01-01,19,True,True,4,False,2,5,4,pearson,RidgeReg,minmax,2,{'alpha': 23.66154006460317},2024-12-31 10:00:00,2025-01-02,166.235283466104,13.30525933213423,104.043864,7.688,,14,24,4,4,4,4,0.03643707124272808,1061.8556583760017,1064.2412110576568,166.235283466104,13.30525933213423,13.30525933213423,166.235283466104,128.7692312211221,10.846054358572797,10.846054358572797,128.7692312211221,188.0904806090101,14.739795566711736,14.739795566711736,188.0904806090101,133.42883436704776,11.272375367522141,11.272375367522141,133.42883436704776,185.3723787738862,14.510392009704693,14.510392009704693,185.3723787738862,166.23528346610362,13.317438509953227,13.317438509953227,166.23528346610362,81.03326606330329,6.234429372329683,5.492427447646997,72.66230035136321,74.06032506874938,5.726960927203876,4.360477711168696,58.53299387815795,296.7915561895838,23.448231050907555,23.448231050907555,296.7915561895838,225.21545544043295,17.714011290384093,17.714011290384093,225.21545544043295,1.108460543585728,1.12173695717167,0.8978604902242555,0.9651160146349458,128.7692312211221,188.0904806090101,hourly_window_mean_factor_top_available_analogs,4,-4.659603145925636,2.718101835123884,3.769616198137795e-13,-4.659603145925636,2.718101835123884,3.769616198137795e-13,-133.42883436704776,-185.3723787738862,-166.23528346610362,128.7692312211221,10.846054358572797,133.42883436704776,11.272375367522141,188.0904806090101,14.739795566711736,185.3723787738862,14.510392009704693,166.23528346610362,13.317438509953227,2.718101835123889,0.22940355700704274,-0.012179177818996578
experiment_2026_08_31_06_38_ercot_criterion_holiday_identity,ERCOT_demand_WEST,2025-01-20,Martin Luther King Jr. Day,H2,M,observance_tier,True,2025-01-20,19,True,True,4,False,2,5,4,pearson,RidgeReg,standard,2,{'alpha': 70.48581800265528},2025-01-19 10:00:00,2025-01-21,225.16186990017354,13.205859449452817,108.734542,8.049,,14,24,4,4,4,4,0.06352028189682904,1472.9228126261423,1502.6162053691571,225.16186990017354,13.205859449452817,13.205859449452817,225.16186990017354,180.65800707616947,11.19000874418545,11.19000874418545,180.65800707616947,251.1224565475092,14.381772360858777,14.381772360858777,251.1224565475092,180.2531736514688,11.191419044906066,11.191419044906066,180.2531736514688,251.35860937858456,14.409415760692637,14.409415760692637,251.35860937858456,225.16186990017349,13.223838023297585,13.223838023297585,225.16186990017349,82.97957177515285,4.801085201422269,4.801085201422269,82.97957177515285,64.12511786464106,3.7072251188098897,3.5045554675021173,60.22522795548767,146.45690443470443,8.417987972836059,8.417987972836059,146.45690443470443,357.34977185543306,20.43454513878461,20.43454513878461,357.34977185543306,1.1119000874418545,1.1270432382599804,1.0696555459330288,0.9293050913943616,180.65800707616947,251.1224565475092,hourly_window_mean_factor_top_available_analogs,4,0.40483342470067135,-0.23615283107532528,4.188462442375327e-14,0.40483342470067135,-0.23615283107532528,4.188462442375327e-14,-180.25317365146879,-251.3586093785845,-225.1618699001735,180.65800707616947,11.19000874418545,180.2531736514688,11.191419044906066,251.1224565475092,14.381772360858777,251.35860937858456,14.409415760692637,225.16186990017349,13.223838023297585,-0.23615283107537266,-0.02764339983385966,-0.01797857384476842
experiment_2026_08_31_06_38_ercot_criterion_holiday_identity,ERCOT_demand_WEST,2025-02-17,Presidents' Day,H2,P,observance_tier,True,2025-02-17,19,True,True,4,False,2,5,4,pearson,RidgeReg,minmax,2,{'alpha': 23.66154006460317},2025-02-16 10:00:00,2025-02-18,103.99487048241578,7.2638673654904355,115.990939,8.407,,14,24,4,4,4,4,0.04690842369033752,1245.5557966194372,1237.2623609340746,103.99487048241578,7.2638673654904355,6.843063843118656,99.03043809108928,89.76332295857519,6.454470202063299,5.8941048083049035,83.01983791994208,112.29660653798942,7.736015710822933,7.396623280093347,108.36995485759182,101.89653285434967,7.500371171815636,7.500371171815636,101.89653285434967,125.73276472695704,8.845742717308045,6.469353253075262,97.35854947918718,116.95099508968063,8.350079516337159,6.8492019599796095,99.03043809108915,76.70021355150968,5.40815568309776,1.9384832001926255,35.44441455042978,76.53937852649325,5.44525686031731,1.2940027090000803,26.83358973654988,116.72788363878038,8.052210488345995,7.831933564033018,114.1860821817081,241.21886354758678,17.339750887208506,17.339750887208506,241.21886354758678,1.058941048083049,1.065900626815711,0.9952991964293447,0.8926267274552018,83.01983791994208,108.36995485759182,hourly_window_mean_factor_top_available_analogs,4,-18.876694934407606,11.011405378404637,1.2565387327125983e-13,-18.876694934407606,11.011405378404637,1.2565387327125983e-13,-101.89653285434969,-97.35854947918719,-99.03043809108915,89.76332295857519,6.454470202063299,101.89653285434967,7.500371171815636,112.29660653798942,7.736015710822933,125.73276472695704,8.845742717308045,116.95099508968063,8.350079516337159,-13.436158188967624,-1.1097270064851124,-1.0862121508467233
experiment_2026_08_31_06_38_ercot_criterion_holiday_identity,ERCOT_demand_WEST,2025-03-02,Texas Independence Day,H2,R,observance_tier,True,2025-03-02,19,True,True,4,False,2,5,4,pearson,RidgeReg,minmax,2,{'alpha': 23.66154006460317},2025-03-01 10:00:00,2025-03-03,35.809398283184535,3.3994660576962183,119.610623,8.628,,14,24,4,4,4,4,0.04202320543430021,1109.9034539431632,1109.38320798056,35.809398283184535,3.3994660576962183,-1.875094367794936,-18.11476207474232,16.618106957479558,1.4468300982845572,1.0594561804817437,12.336691406659432,47.0043182231791,4.538503700686355,-3.586915520956333,-35.87810993889334,23.870155408615524,2.0918917842055,1.4707077641107402,16.923216852096612,50.49616251271425,4.84722430496925,-3.7910792790328784,-38.55358311539804,40.6865809480463,3.8321017973194476,-1.8525261578747034,-18.114762074742117,53.288694018846144,5.166617617150053,-4.68437349961352,-47.63153890107015,53.66152168540699,5.202983475472957,-4.737370339912057,-48.19911835265958,70.78276842974807,6.845860713414751,-6.843468492332204,-70.75476558767267,54.54246780127584,5.288911544962324,-4.862595383013035,-49.54023908529461,1.0105945618048175,1.0111061789336027,1.0314378795333186,1.0123150675511583,12.336691406659432,-35.87810993889334,hourly_window_mean_factor_top_available_analogs,4,-4.586525445437181,2.6754731765047004,-2.0343960434394448e-13,-4.586525445437181,2.6754731765047004,-2.0343960434394448e-13,-16.923216852096612,38.55358311539804,18.114762074742117,16.618106957479558,1.4468300982845572,23.870155408615524,2.0918917842055,47.0043182231791,4.538503700686355,50.49616251271425,4.84722430496925,40.6865809480463,3.8321017973194476,-3.491844289535152,-0.30872060428289494,-0.4326357396232292
experiment_2026_08_31_06_38_ercot_criterion_holiday_identity,ERCOT_demand_WEST,2025-04-21,San Jacinto Day,H2,Q,observance_tier,True,2025-04-21,19,True,True,4,False,2,5,4,pearson,RidgeReg,minmax,2,{'alpha': 23.66154006460317},2025-04-20 10:00:00,2025-04-22,63.4957403817909,5.337453096494706,118.013991,8.52,,14,24,4,4,4,4,0.07094826087379069,1174.7522108843325,1153.1078644083093,63.4957403817909,5.337453096494706,-0.9154065984613046,-4.340962647490408,62.28194616311365,5.574099727757079,-5.552232517671811,-62.01044712894343,64.20378700935264,5.199409228258321,1.7894085210781572,29.299569966690523,75.81562402822907,6.67692642241221,-6.67692642241221,-75.81562402822907,48.44449705631704,3.8642091473578213,2.787816578962479,37.35258982460714,58.52859646702149,4.900473406588384,-0.6991940004913536,-4.3409626474904055,95.51376179200531,7.454441127005886,7.242288916968673,93.32279977819961,91.9324973742094,7.167493597897185,6.81482296448987,88.30384668823797,65.46467419435409,5.273115286048703,2.1549893067536883,33.59191840580463,61.90899700241085,5.215171649257804,-0.3016631772464433,4.747928600216928,0.9444776748232819,0.9488302191470838,0.9962775828943664,1.0212917127046668,-62.01044712894343,29.299569966690523,hourly_window_mean_factor_top_available_analogs,4,13.805176899285632,-8.053019857916624,-2.991758887410948e-15,13.805176899285632,-8.053019857916624,-2.991758887410948e-15,75.81562402822907,-37.35258982460715,4.3409626474904055,62.28194616311365,5.574099727757079,75.81562402822907,6.67692642241221,64.20378700935264,5.199409228258321,48.44449705631704,3.8642091473578213,58.52859646702149,4.900473406588384,15.759289953035598,1.3352000809004996,0.4369796899063214
experiment_2026_08_31_06_38_ercot_criterion_holiday_identity,ERCOT_demand_WEST,2025-05-26,Memorial Day,H2,N,observance_tier,True,2025-05-26,19,True,True,6,False,2,6,6,pearson,RidgeReg,minmax,2,{'alpha': 26.942213191525507},2025-05-25 10:00:00,2025-05-27,136.20763703219967,9.630493000994592,115.514875,8.275,,14,24,4,4,6,4,0.11708762389527322,1556.9517272735625,1517.6399650698897,136.20763703219967,9.630493000994592,-7.526938284731712,-98.73822764198327,58.108872967587835,3.3690264065834343,2.3406221089872403,43.59380966299956,181.76524940322327,13.283015181067768,-13.283015181067768,-181.76524940322327,44.54761857940563,2.5670866611915764,1.853526872279016,34.416778407667366,176.41198117094655,12.642442269728273,-12.642442269728273,-176.41198117094655,127.83037390037883,8.930469150793702,-7.301822059515062,-98.73822764198353,217.2874659604754,15.934542480123218,-15.934542480123218,-217.2874659604754,222.49537521774937,16.323282680060046,-16.323282680060046,-222.49537521774937,419.0243593122009,30.99303071062559,-30.99303071062559,-419.0243593122009,279.20364241470315,20.55622569791786,-20.55622569791786,-279.20364241470315,1.0234062210898724,1.0268378052449683,1.1563342527672902,1.0642038923948558,43.59380966299956,-181.76524940322327,hourly_window_mean_factor_top_available_analogs,4,9.1770312553322,-5.35326823227669,2.692582998669853e-13,9.1770312553322,-5.35326823227669,2.692582998669853e-13,-34.416778407667366,176.41198117094658,98.73822764198354,58.108872967587835,3.3690264065834343,44.54761857940563,2.5670866611915764,181.76524940322327,13.283015181067768,176.41198117094655,12.642442269728273,127.83037390037883,8.930469150793702,5.353268232276719,0.6405729113394951,0.7000238502008909
experiment_2026_08_31_06_38_ercot_criterion_holiday_identity,ERCOT_demand_WEST,2025-06-19,Juneteenth National Independence Day,H2,J,observance_tier,True,2025-06-19,19,True,True,6,False,2,6,6,pearson,RidgeReg,minmax,2,{'alpha': 26.942213191525507},2025-06-18 10:00:00,2025-06-20,33.88356302419055,2.0272556376951094,99.22606,7.54,,14,24,4,4,6,4,0.1267780580752684,1623.6249281536948,1557.8109119458088,33.88356302419055,2.0272556376951094,0.8711667110193296,13.141680319989387,38.051715187046575,2.177066267220063,-0.96088939089991,-18.247680724356574,31.4521409291912,1.939866103805553,1.939866103805553,31.4521409291912,56.52545806877122,3.214984471353252,-2.2396930725623343,-41.287055917673115,50.429265793495226,3.4029020259278986,3.1058029550713138,44.89177645862597,52.675231368596904,3.3336692426635546,1.1364096817326013,13.141680319989465,46.420980712359615,2.882115527116332,2.882115527116332,46.420980712359615,47.82258248630558,2.970342703192927,2.970342703192927,47.82258248630558,95.39395983324475,6.044765105022017,-6.044765105022017,-95.39395983324475,63.62713112593327,4.045126090678791,-4.045126090678791,-63.62713112593327,0.9903911060910009,0.9894913808655592,1.081425864840038,1.0610338978408902,-18.247680724356574,31.4521409291912,hourly_window_mean_factor_top_available_analogs,4,23.03937519331654,-13.439635529434772,-7.778573107268465e-14,23.03937519331654,-13.439635529434772,-7.778573107268465e-14,41.287055917673115,-44.89177645862597,-13.141680319989465,38.051715187046575,2.177066267220063,56.52545806877122,3.214984471353252,31.4521409291912,1.939866103805553,50.429265793495226,3.4029020259278986,52.675231368596904,3.3336692426635546,-18.977124864304027,-1.4630359221223457,-1.3064136049684452
experiment_2026_08_31_06_38_ercot_criterion_holiday_identity,ERCOT_demand_WEST,2025-07-04,Independence Day,H2,I,observance_tier,True,2025-07-04,19,True,True,6,False,2,6,6,pearson,RidgeReg,minmax,2,{'alpha': 26.942213191525507},2025-07-03 10:00:00,2025-07-05,41.522476309141695,2.952954551032353,91.24044,6.829,,14,24,4,4,6,4,0.13332794076564075,1354.595964204329,1327.4914019457976,41.522476309141695,2.952954551032353,1.5512995842596184,24.845994058828968,49.81671435247443,3.40987035700052,3.40987035700052,49.81671435247443,36.68417078386427,2.6864203308842556,0.4671333001607591,10.279740554202448,61.53135395028072,4.2541129593123586,-0.8933306460109831,-16.3430834613068,86.63288848199807,6.771169712263457,4.199466417199873,48.87295594557471,77.38495470715483,5.843833013807789,2.3231727623327165,24.84599405882889,50.91735065757834,3.994286305041997,-2.9268084169098905,-34.985995252477785,51.820640748426236,4.070399440802108,-3.0718993640914505,-36.921104641666155,138.27722518500693,10.064149564822612,10.064149564822612,138.27722518500693,69.51350779367964,5.503991952567966,-5.405532209059605,-68.0452713587345,1.034098703570005,1.0355564225325173,0.9035794247381267,1.0590022743636083,49.81671435247443,10.279740554202448,hourly_window_mean_factor_top_available_analogs,4,66.15979781378122,-38.59321539137226,7.778573107268465e-14,66.15979781378122,-38.59321539137226,7.778573107268465e-14,16.343083461306797,-48.87295594557471,-24.84599405882889,49.81671435247443,3.40987035700052,61.53135395028072,4.2541129593123586,36.68417078386427,2.6864203308842556,86.63288848199807,6.771169712263457,77.38495470715483,5.843833013807789,-49.9487176981338,-4.084749381379201,-2.8908784627754356
experiment_2026_08_31_06_38_ercot_criterion_holiday_identity,ERCOT_demand_WEST,2025-08-27,Lyndon B. Johnson Day,H2,L,observance_tier,True,2025-08-27,19,True,True,6,False,2,6,6,pearson,RidgeReg,minmax,2,{'alpha': 26.942213191525507},2025-08-26 10:00:00,2025-08-28,30.424916952122455,1.8954492433130499,83.618083,6.093,,14,24,4,4,6,4,0.1385805311980639,1661.1059727009008,1594.6224043912225,30.424916952122455,1.8954492433130499,-1.3071642455932495,-19.939305148269256,32.06633394702125,1.9099327462532265,-0.4670548532811953,-5.754786303206596,29.467423705098156,1.8870005332646134,-1.7972280577752804,-28.213607807889144,24.222337299359133,1.3926497844835424,-0.49045388720065203,-8.752670414792062,58.06132687285452,3.556447633255337,-1.2066346821695906,-26.464842076130935,45.59433071419833,2.7592589521288864,-0.9427785998126134,-19.939305148269245,23.642637948510195,1.5278960657316667,-1.3217791636257201,-20.765846476670742,25.424236273904494,1.6377335678706428,-1.4672023584049259,-23.043856290272515,166.56625359345,10.629360226899133,-10.629360226899133,-166.56625359345,96.3453110264531,6.146607893030148,-6.146607893030148,-96.3453110264531,0.9953294514671881,0.9967580089785643,1.08676201049513,1.0427259161986844,-5.754786303206596,-28.213607807889144,hourly_window_mean_factor_top_available_analogs,4,2.9978841115854657,-1.7487657317582073,-1.1967035549643792e-14,2.9978841115854657,-1.7487657317582073,-1.1967035549643792e-14,8.752670414792062,26.464842076130935,19.939305148269245,32.06633394702125,1.9099327462532265,24.222337299359133,1.3926497844835424,29.467423705098156,1.8870005332646134,58.06132687285452,3.556447633255337,45.59433071419833,2.7592589521288864,-28.593903167756366,-1.6694470999907236,-0.8638097088158365
experiment_2026_08_31_06_38_ercot_criterion_holiday_identity,ERCOT_demand_WEST,2025-09-01,Labor Day,H2,K,observance_tier,True,2025-09-01,19,True,True,5,False,2,6,5,pearson,PLS,standard,2,{},2025-08-31 10:00:00,2025-09-02,181.03214065329198,12.142810840523946,76.32181,5.532,,14,24,4,4,5,4,0.12855035905118864,1663.708623521713,1619.7224297412943,181.03214065329198,12.142810840523946,-12.142810840523946,-181.03214065329198,177.46494671671618,11.301041896555612,-11.301041896555612,-177.46494671671618,183.11300378296116,12.633842724505469,-12.633842724505469,-183.11300378296116,205.7634381326359,13.057087902521548,-13.057087902521548,-205.7634381326359,166.60555045700792,11.390480766154354,-11.390480766154354,-166.60555045700792,181.0321406532919,12.004493921658058,-12.004493921658058,-181.0321406532919,12.074291038224496,0.8620505590820153,0.09495503149144342,-0.06749338998900119,21.044273824957184,1.4099052782499477,-1.1403096195022036,-17.83112298375812,327.7812596138981,22.693925412310733,-22.693925412310733,-327.7812596138981,191.23898671268594,13.198915274272423,-13.198915274272423,-191.23898671268594,0.8869895810344439,0.8979566635836473,1.0893166959810785,1.0050168984392114,-177.46494671671618,-183.11300378296116,hourly_window_mean_factor_top_available_analogs,4,28.298491415919734,-16.507453325953236,-3.5901106648931376e-14,28.298491415919734,-16.507453325953236,-3.5901106648931376e-14,205.7634381326359,166.60555045700792,181.03214065329195,177.46494671671618,11.301041896555612,205.7634381326359,13.057087902521548,183.11300378296116,12.633842724505469,166.60555045700792,11.390480766154354,181.0321406532919,12.004493921658058,16.507453325953236,1.2433619583511142,0.13831691886588793
experiment_2026_08_31_06_38_ercot_criterion_holiday_identity,ERCOT_demand_WEST,2025-11-11,Veterans Day,H2,T,observance_tier,True,2025-11-11,19,True,True,6,False,2,6,6,pearson,RidgeReg,minmax,2,{'alpha': 26.942213191525507},2025-11-10 10:00:00,2025-11-12,40.86466014377732,2.893303533336008,79.207768,5.684,,14,24,4,4,6,4,0.04126979723840282,1341.7589908244743,1325.9725342752288,40.86466014377732,2.893303533336008,2.649304200084981,37.633626596578345,39.949522126305574,2.771308539466301,2.6868990415541676,38.79160773396201,41.39849065396917,2.9644672797600045,2.627373875894622,36.95813759977121,30.01793691516642,2.1021396532831242,1.2259430305039667,18.070709418834717,53.719807920534215,3.9782752204129097,3.627740666117519,49.0453282835955,44.98753965539871,3.28706737989141,2.7428678529967363,37.633626596578374,34.615406920150825,2.528510637358757,0.011069717829907733,1.3305942850585286,34.77243570761098,2.5440643080975693,-0.13210992121952225,-0.619155623144735,291.59594044241794,21.49995348254046,-21.49995348254046,-291.59594044241794,34.32153354578423,2.49940253700511,0.2790249402360239,4.979476722236247,1.0268689904155417,1.0283394205019907,1.2477834717909715,1.0241171367060136,38.79160773396201,36.95813759977121,hourly_window_mean_factor_top_available_analogs,4,20.720898315127297,-12.087190683824295,-2.3934071099287584e-14,20.720898315127297,-12.087190683824295,-2.3934071099287584e-14,-18.070709418834713,-49.04532828359551,-37.63362659657837,39.949522126305574,2.771308539466301,30.01793691516642,2.1021396532831242,41.39849065396917,2.9644672797600045,53.719807920534215,3.9782752204129097,44.98753965539871,3.28706737989141,-12.321317266565046,-1.0138079406529052,-0.39376384655540164
experiment_2026_08_31_06_38_ercot_criterion_holiday_identity,ERCOT_demand_WEST,2025-11-27,Thanksgiving Day,H1,S,observance_tier,True,2025-11-27,19,True,True,6,False,2,6,6,pearson,RidgeReg,minmax,2,{'alpha': 26.942213191525507},2025-11-26 10:00:00,2025-11-28,27.84203564692534,2.1456282451841284,73.859536,5.345,,14,24,4,4,6,4,0.039772659294966636,1284.8607193398188,1264.4050824940011,27.84203564692534,2.1456282451841284,0.8305672384603258,10.981912660181115,17.140370400519974,1.3171451258688762,-1.190393457116493,-15.493672861220798,34.08467370732847,2.628910064784692,2.0094609775468033,26.426004214332227,32.96427241801267,2.5255185600248566,-2.3118419804459913,-30.18828768138753,41.12194146023927,3.212720752650858,2.716507551274321,34.997862859429574,38.1164844446821,2.9595409974728573,0.8639577237984168,10.981912660181168,44.69049898884071,3.4377048682780047,3.1759339426632667,41.477399587789165,44.515898373878436,3.4243099764321596,3.159700915677565,41.26793934775231,210.65380081035013,16.364063620980705,-16.364063620980705,-210.65380081035013,23.078674276518324,1.8213149975491696,-1.467613018102633,-18.439858104268648,0.9880960654288351,0.9882617245541715,1.1875030465371506,1.0354837725186175,-15.493672861220798,26.426004214332227,hourly_window_mean_factor_top_available_analogs,4,14.694614820166732,-8.571858645097345,-5.3851659973397064e-14,14.694614820166732,-8.571858645097345,-5.3851659973397064e-14,30.18828768138753,-34.997862859429574,-10.981912660181168,17.140370400519974,1.3171451258688762,32.96427241801267,2.5255185600248566,34.08467370732847,2.628910064784692,41.12194146023927,3.212720752650858,38.1164844446821,2.9595409974728573,-7.0372677529108,-0.583810687866166,-0.8139127522887288
experiment_2026_08_31_06_38_ercot_criterion_holiday_identity,ERCOT_demand_WEST,2025-11-28,Day after Thanksgiving,H2,H,observance_tier,True,2025-11-28,19,True,True,6,False,2,6,6,pearson,RidgeReg,minmax,2,{'alpha': 26.942213191525507},2025-11-27 10:00:00,2025-11-29,35.262559843526425,2.6834513560632915,73.408533,5.353,,14,24,4,4,6,4,0.042487321224790764,1268.8538091513567,1260.421307241698,35.262559843526425,2.6834513560632915,1.7750326788180697,24.179955874959084,30.407847995094194,2.3316989891487196,0.9758820994472784,13.63202771779988,38.09447508844523,2.8886402367634574,2.241203850117697,30.33291396663529,29.251717826558792,2.2808052339322544,-0.5532754323018706,-6.863377978641698,42.28856728955957,3.3267399431379334,3.3267399431379334,42.28856728955957,37.48551748740139,2.941395576588472,1.8972605942916898,24.179955874959102,32.55784350189666,2.494814095281088,1.2871932578558403,18.03268805164417,32.08481627261376,2.461306972634106,1.2027555326727057,16.944017649109043,205.4508107402071,16.04627903091878,-16.04627903091878,-205.4508107402071,29.656028638480922,2.2952446369550965,0.6219170090160216,9.455164675088687,1.0097588209944728,1.0106225563155755,1.1870673903655522,1.0165641037418158,13.63202771779988,30.33291396663529,hourly_window_mean_factor_top_available_analogs,4,20.495405696441576,-11.955653322924283,-1.7950553324465688e-14,20.495405696441576,-11.955653322924283,-1.7950553324465688e-14,6.8633779786416955,-42.28856728955957,-24.179955874959102,30.407847995094194,2.3316989891487196,29.251717826558792,2.2808052339322544,38.09447508844523,2.8886402367634574,42.28856728955957,3.3267399431379334,37.48551748740139,2.941395576588472,-4.194092201114344,-0.43809970637447604,-0.2579442205251805
experiment_2026_08_31_06_38_ercot_criterion_holiday_identity,ERCOT_demand_WEST,2025-12-24,Christmas Eve,H1,G,observance_tier,True,2025-12-24,19,True,True,6,False,2,6,6,pearson,RidgeReg,minmax,2,{'alpha': 26.942213191525507},2025-12-23 10:00:00,2025-12-25,67.18984834138347,5.271537974707238,69.143851,5.097,,14,24,4,4,6,4,0.030911174946533476,1322.7910828117194,1326.9338864672507,67.18984834138347,5.271537974707238,-1.815116213390575,-19.63006170645641,47.19766817572928,3.431025821353437,2.730952618634529,38.11204466919094,78.85195343801509,6.345170064163621,-4.466989698738552,-53.31295709225069,45.32260820394686,3.3203653802328863,1.5202094147750447,21.809331631561236,74.14961751262845,5.910815439564551,-3.6782725840470634,-43.80304115363311,63.52914039890366,4.956439101916042,-1.7630423739547079,-19.630061706456246,99.91133551871435,8.080060380452178,-7.3199336895249045,-89.55089281227686,101.39598342739623,8.200684076763862,-7.493122905975742,-91.75073259651928,220.82589479626063,17.654965765971298,-17.654965765971298,-220.82589479626063,66.27232929257983,5.26116432673548,-1.955797920170393,-21.415938943174154,1.0273095261863452,1.0289673629532539,1.1262406058149486,0.9759618633042847,38.11204466919094,-53.31295709225069,hourly_window_mean_factor_top_available_analogs,4,16.3027130376297,-9.509915938617581,-1.615549799201912e-13,16.3027130376297,-9.509915938617581,-1.615549799201912e-13,-21.809331631561236,43.80304115363311,19.63006170645625,47.19766817572928,3.431025821353437,45.32260820394686,3.3203653802328863,78.85195343801509,6.345170064163621,74.14961751262845,5.910815439564551,63.52914039890366,4.956439101916042,4.702335925386635,0.43435462459906926,0.31509887279119564
experiment_2026_08_31_06_38_ercot_criterion_holiday_identity,ERCOT_demand_WEST,2025-12-25,Christmas Day,H2,F,observance_tier,True,2025-12-25,19,True,True,6,False,2,6,6,pearson,RidgeReg,minmax,2,{'alpha': 26.942213191525507},2025-12-24 10:00:00,2025-12-26,53.051676893039875,4.199496157228422,68.317274,5.063,,14,24,4,4,6,4,0.03387913907521795,1327.586356971735,1331.3111792933819,53.051676893039875,4.199496157228422,-3.185882293153771,-39.298746182261546,26.730476231252528,2.015921999156579,0.2879157665146574,4.549446293944811,68.40571061241583,5.473247749436996,-5.212264494627021,-64.87685846004858,52.015300718543344,3.9321413870446884,-0.024784847037317537,1.062595993876211,95.2571121060118,7.660631804925565,-5.25719299011021,-62.84286245167502,79.32591843694448,6.286977440443137,-3.32946367424125,-39.298746182261404,71.60009339709596,5.728935898076912,-5.515187192414153,-68.70991324660642,72.22613118444298,5.779045873497849,-5.574554233950107,-69.46111850255285,81.2811598890204,6.503838010638838,-6.433240843734463,-80.32657310146824,42.49726621344936,3.358622576146639,-2.1272049978511522,-25.83982968235627,1.0028791576651466,1.003443417372141,1.0116048861315954,0.9706777578489111,4.549446293944811,-64.87685846004858,hourly_window_mean_factor_top_available_analogs,4,3.4868503000686,-2.033996008373568,-1.3762090882090361e-13,3.4868503000686,-2.033996008373568,-1.3762090882090361e-13,-1.062595993876211,62.84286245167501,39.29874618226141,26.730476231252528,2.015921999156579,52.015300718543344,3.9321413870446884,68.40571061241583,5.473247749436996,95.2571121060118,7.660631804925565,79.32591843694448,6.286977440443137,-26.851401493595972,-2.187384055488569,-2.087481283214715
experiment_2026_08_31_06_38_ercot_criterion_holiday_identity,ERCOT_demand_WEST,2026-01-01,New Year's Day,H2,O,observance_tier,True,2026-01-01,19,True,True,6,False,2,6,6,pearson,RidgeReg,minmax,2,{'alpha': 26.942213191525507},2025-12-31 10:00:00,2026-01-02,72.47044360288544,5.428431362477626,67.33899,4.965,,14,24,4,4,6,4,0.04534413996095871,1418.3115809432784,1438.053635739799,72.47044360288544,5.428431362477626,-5.373151607307124,-71.75306473275202,20.903332011033644,1.5157818849621756,-1.3657368352136692,-18.956160792100086,102.55125869813234,7.71081022436164,-7.71081022436164,-102.55125869813234,24.983263898916352,1.8067544979610768,-0.8393695993435529,-12.40917626998521,106.37033300269935,7.9997579503421195,-7.9997579503421195,-106.37033300269935,76.38562333288456,5.718125099464893,-5.361720136816332,-71.75306473275204,82.91123048470446,6.239764013620437,-6.239764013620437,-82.91123048470446,82.86140324739468,6.236031933002237,-6.236031933002237,-82.86140324739468,399.7839413785168,29.97366070573103,-29.97366070573103,-399.7839413785168,46.80428570821429,3.5350202066922223,-3.351259751155302,-44.346632856708915,0.9863426316478633,0.9863079825665833,1.2066909573421263,0.959525413798992,-18.956160792100086,-102.55125869813234,hourly_window_mean_factor_top_available_analogs,4,-6.546984522114875,3.8190743045670104,0.0,-6.546984522114875,3.8190743045670104,0.0,12.40917626998521,106.37033300269935,71.75306473275202,20.903332011033644,1.5157818849621756,24.983263898916352,1.8067544979610768,102.55125869813234,7.71081022436164,106.37033300269935,7.9997579503421195,76.38562333288456,5.718125099464893,-3.8190743045670104,-0.2889477259804796,-0.2896937369872665
experiment_2026_08_31_06_38_ercot_criterion_holiday_identity,ERCOT_demand_WEST,2026-01-19,Martin Luther King Jr. Day,H2,M,observance_tier,True,2026-01-19,19,True,True,6,False,2,6,6,pearson,RidgeReg,minmax,2,{'alpha': 24.58319734959593},2026-01-18 10:00:00,2026-01-20,145.93943888740034,9.365417555540247,67.64436,4.967,,14,24,4,4,6,4,0.06760819553331383,1731.620280940032,1760.027684065765,145.93943888740034,9.365417555540247,-9.365417555540247,-145.93943888740034,142.47182679591816,9.383576571304241,-9.383576571304241,-142.47182679591816,147.9622126074316,9.354824796344587,-9.354824796344587,-147.9622126074316,115.98793251793848,7.438733011836332,-7.438733011836332,-115.98793251793848,163.4111509362532,10.140050257548468,-10.140050257548468,-163.4111509362532,145.9394388874004,9.144828114391368,-9.144828114391368,-145.9394388874004,41.68801618166913,2.5457270934202274,0.9065689228360062,17.191332803032157,37.87891876834957,2.35573046552366,-0.0971272859962992,1.037193127653514,624.6387584927592,38.97190447738723,-38.97190447738723,-624.6387584927592,116.99532860171179,7.430776552335442,-7.430776552335442,-116.99532860171179,0.9061642342869576,0.9153425783673539,1.2708346864091236,0.982405456297037,-142.47182679591816,-147.9622126074316,hourly_window_mean_factor_top_available_analogs,4,-26.48389427797968,15.448938328821583,6.581869552304086e-14,-26.48389427797968,15.448938328821583,6.581869552304086e-14,115.98793251793848,163.4111509362532,145.9394388874004,142.47182679591816,9.383576571304241,115.98793251793848,7.438733011836332,147.9622126074316,9.354824796344587,163.4111509362532,10.140050257548468,145.9394388874004,9.144828114391368,-15.448938328821583,-0.7852254612038809,0.22058944114887957
experiment_2026_08_31_06_38_ercot_criterion_holiday_identity,ERCOT_demand_WEST,2026-02-16,Presidents' Day,H2,P,observance_tier,True,2026-02-16,19,True,True,5,False,2,6,5,pearson,RidgeReg,minmax,2,{'alpha': 23.66154006460317},2026-02-15 10:00:00,2026-02-17,84.68931309257809,6.110739141157942,70.056781,5.035,,14,24,4,4,5,4,0.04475914839230883,1273.0451055652668,1267.0227662173343,84.68931309257809,6.110739141157942,5.7632175047663905,80.33464622420709,61.640920052427745,4.527301720431078,3.584028707368295,49.82110998113506,98.13420903266577,7.034410969915278,7.034410969915278,98.13420903266577,84.9769992822364,6.250158400146232,6.250158400146232,84.9769992822364,77.6266069403564,5.694938626962691,5.694938626962691,77.6266069403564,80.3346462242069,5.899493280240836,5.899493280240836,80.3346462242069,56.4156469163974,3.9928428036049417,3.702497571103015,52.72374936254468,54.1711067744399,3.8364967060600272,3.425434582504426,48.94767352746313,152.2749007401543,11.338921387820912,-11.338921387820912,-152.2749007401543,48.47400342816373,3.4405022384347403,2.705996823363852,39.142496910849594,1.035840287073683,1.0388205617268014,1.1976358408463412,1.0465593150294643,49.82110998113506,98.13420903266577,hourly_window_mean_factor_top_available_analogs,4,-35.15588930110135,20.507602092309384,1.6753849769501309e-13,-35.15588930110135,20.507602092309384,1.6753849769501309e-13,-84.9769992822364,-77.62660694035638,-80.33464622420692,61.640920052427745,4.527301720431078,84.9769992822364,6.250158400146232,98.13420903266577,7.034410969915278,77.6266069403564,5.694938626962691,80.3346462242069,5.899493280240836,20.50760209230937,1.339472342952587,0.2112458609171055
experiment_2026_08_31_06_38_ercot_criterion_holiday_identity,ERCOT_demand_WEST,2026-03-02,Texas Independence Day,H2,R,observance_tier,True,2026-03-02,19,True,True,5,False,2,6,5,pearson,RidgeReg,minmax,2,{'alpha': 23.66154006460317},2026-03-01 10:00:00,2026-03-03,113.0860001323603,9.015626286570603,72.80569,5.206,,14,24,4,4,5,4,0.03798397329625111,1439.995948618407,1436.6988045842147,113.0860001323603,9.015626286570603,-7.873856355439388,-96.12812422367024,53.061113595976735,3.8582426409322284,-2.38474279503913,-31.090848177022558,148.10051727858408,12.024100079859652,-11.075839265672869,-134.0665352508814,57.6288645530878,4.188205338782707,-2.436609261523926,-31.52505932872384,141.7432001730044,11.429578788358716,-10.89451344376491,-133.81324541238894,110.75370810250881,8.761704359567554,-7.778443481886653,-96.12812422367024,127.8656893600624,10.335984924887581,-8.42696619175549,-99.80496402214601,129.55170695907404,10.48067701573819,-8.68698555602714,-103.16815724479022,543.5818352008796,42.73679387142545,-42.73679387142545,-543.5818352008796,148.56594118807712,12.061552040949204,-11.123642207689505,-134.68483739565872,0.9761525720496087,0.9784934894443423,1.2850390761399104,1.000430363095455,-31.090848177022558,-134.0665352508814,hourly_window_mean_factor_top_available_analogs,4,0.4342111517012849,-0.25328983849244463,-1.7950553324465688e-14,0.4342111517012849,-0.25328983849244463,-1.7950553324465688e-14,31.52505932872384,133.81324541238897,96.12812422367023,53.061113595976735,3.8582426409322284,57.6288645530878,4.188205338782707,148.10051727858408,12.024100079859652,141.7432001730044,11.429578788358716,110.75370810250881,8.761704359567554,6.357317105579682,0.5945212915009357,0.2539219270030486
