experiment_id,unique_id,target_date,holiday_label,holiday_day_type,analog_cluster,cluster_filter_label,filter_by_cluster,train_end,eligible_tuning_dates,target_exists,target_has_complete_profile,selected_analogs,fail,optuna_k_min,optuna_k_max,k,typedist,typereg,scale_method,n_components,regressor_params,forecast_start,forecast_end,mae_window,mape_window_pct,tuning_best_mean_mae,tuning_best_mean_mape_pct,error,bias_head_hours,bias_tail_hours,hourly_factor_analog_count,hourly_factor_requested_analogs,hourly_factor_available_neighbors,hourly_factor_selected_analogs,hourly_factor_mean_abs,forecast_window_mean_38,forecast_daily_mean_24,mae_38,mape_38_pct,mpe_38_pct,bias_38,mae_14,mape_14_pct,mpe_14_pct,bias_14,mae_24,mape_24_pct,mpe_24_pct,bias_24,mae_14_bias_adjusted,mape_14_bias_adjusted_pct,mpe_14_bias_adjusted_pct,bias_14_bias_adjusted,mae_24_bias_adjusted,mape_24_bias_adjusted_pct,mpe_24_bias_adjusted_pct,bias_24_bias_adjusted,mae_38_bias_adjusted,mape_38_bias_adjusted_pct,mpe_38_bias_adjusted_pct,bias_38_bias_adjusted,head_bias_mean,tail_bias_mean,bias_model_method,bias_train_samples,bias_train_window_mean,bias_train_head_tail_corr,bias_model_intercept,bias_model_slope,predicted_head_bias_mean,predicted_tail_bias_mean,predicted_full_bias_mean,predicted_bias_14,predicted_bias_24,predicted_bias_38,bias_14_prediction_error,bias_24_prediction_error,bias_38_prediction_error,mae_head14,mape_head14_pct,mae_head14_bias_adjusted,mape_head14_bias_adjusted_pct,mae_holiday24_raw,mape_holiday24_raw_pct,mae_holiday24_bias_adjusted,mape_holiday24_bias_adjusted_pct,mae_window_bias_adjusted,mape_window_bias_adjusted_pct,mae_holiday24_improvement,mape_holiday24_improvement_pct,mape_head14_improvement_pct,mape_window_improvement_pct,bias_14_prediction_abs_error,bias_24_prediction_abs_error,bias_38_prediction_abs_error
experiment_2026_06_15_10_04,SEN_demand_CEL,2025-01-01,New Year's Day,H3,H,observance_tier,True,2025-01-01,12,True,True,4,False,4,6,4,euclidian,RidgeReg,standard,2,{},2024-12-31 10:00:00,2025-01-02,96.63018586685156,1.8964970374706207,176.134212,2.884,,14,24,4,4,4,4,0.133025882944763,5096.978304098474,4662.548848306927,96.63018586685156,1.8964970374706207,1.3058659326898818,66.26334326994615,104.64326075862034,1.7790731843672078,1.6280007790456121,95.88774311601297,91.95589217998645,1.9649942851142785,1.117953938982373,48.9824433597405,149.80392372919368,2.5334542920349254,2.5334542920349254,149.80392372919368,69.13335790412047,1.4587402333367232,0.4471764048249238,17.53133800205315,98.85409268177902,1.8546875181202715,1.215805100112819,66.26334326994703,95.88774311601297,48.9824433597405,hourly_window_mean_factor_top_available_analogs,4,5197.010528355263,,5197.010528355263,0.0,-53.916180613180714,31.45110535768735,-8.855606306736407e-13,-53.916180613180714,31.45110535768735,-8.855606306736407e-13,-149.80392372919368,-17.53133800205315,-66.26334326994703,104.64326075862034,1.7790731843672078,149.80392372919368,2.5334542920349254,91.95589217998645,1.9649942851142785,69.13335790412047,1.4587402333367232,98.85409268177902,1.8546875181202715,22.822534275865976,0.5062540517775553,-0.7543811076677176,0.041809519350349156,149.80392372919368,17.53133800205315,66.26334326994703
experiment_2026_06_15_10_04,SEN_demand_CEL,2025-02-03,Constitution Day,H2,H,observance_tier,True,2025-02-03,12,True,True,6,False,4,6,6,pearson,RidgeReg,standard,2,{},2025-02-02 10:00:00,2025-02-04,113.94031936924823,1.9852933084601225,211.736948,3.53,,14,24,4,4,6,4,0.08804346788813104,6046.367666042267,5934.270391273912,113.94031936924823,1.9852933084601225,-1.1525460113360424,-61.736210515950056,99.89461894828595,1.598384991779104,0.004102081252571713,2.716337926270041,122.13364461480955,2.2109898265240493,-1.8272573986794003,-99.33353044057844,103.58693357664073,1.6453071961257695,0.23722140247474063,15.414379286910519,138.33464969332775,2.4391326993813425,-1.8585833034059434,-106.74072123428721,125.53285954507464,2.146670671866131,-1.086444727555165,-61.7362105159512,2.716337926270041,-99.33353044057844,hourly_window_mean_factor_top_available_analogs,4,5975.8668882894735,,5975.8668882894735,0.0,-12.698041360640477,7.407190793708764,1.148835412765804e-12,-12.698041360640477,7.407190793708764,1.148835412765804e-12,-15.414379286910519,106.74072123428721,61.73621051595121,99.89461894828595,1.598384991779104,103.58693357664073,1.6453071961257695,122.13364461480955,2.2109898265240493,138.33464969332775,2.4391326993813425,125.53285954507464,2.146670671866131,-16.201005078518193,-0.22814287285729318,-0.0469222043466655,-0.1613773634060085,15.414379286910519,106.74072123428721,61.73621051595121
experiment_2026_06_15_10_04,SEN_demand_CEL,2025-03-17,Benito Juarez's Birthday,H2,H,observance_tier,True,2025-03-17,12,True,True,6,False,4,6,6,pearson,RidgeReg,standard,2,{},2025-03-16 10:00:00,2025-03-18,109.48117151396403,1.8007087977737912,214.648605,3.583,,14,24,4,4,6,4,0.08731499439499124,6112.347541460808,5980.167841828687,109.48117151396403,1.8007087977737912,-0.4625524302174917,-33.3840722502826,69.91388832259028,1.101997861850699,0.4634036528156603,29.059253455553907,132.56208670893204,2.2082901770622616,-1.0026934786534971,-69.80934557868723,60.12054999075924,0.9569214264494553,0.7163429258598664,45.01343792830884,111.2328171947097,1.8660213046401994,-1.2497483319599867,-79.1159531877933,92.40198190904374,1.531089770569925,-0.5253989211842515,-33.38407225028198,29.059253455553907,-69.80934557868723,hourly_window_mean_factor_top_available_analogs,4,5986.440503355263,,5986.440503355263,0.0,-15.95418447275493,9.306607609106058,-6.222858485814772e-13,-15.95418447275493,9.306607609106058,-6.222858485814772e-13,-45.01343792830884,79.11595318779328,33.384072250281974,69.91388832259028,1.101997861850699,60.12054999075924,0.9569214264494553,132.56208670893204,2.2082901770622616,111.2328171947097,1.8660213046401994,92.40198190904374,1.531089770569925,21.329269514222347,0.34226887242206216,0.1450764354012436,0.2696190272038663,45.01343792830884,79.11595318779328,33.384072250281974
experiment_2026_06_15_10_04,SEN_demand_CEL,2025-04-17,Maundy Thursday,H1,G,observance_tier,True,2025-04-17,12,True,True,4,False,2,6,4,euclidian,PCR,standard,4,{},2025-04-16 10:00:00,2025-04-18,182.9881140531708,2.7503863094997563,206.659662,3.421,,14,24,4,4,4,4,0.0868453517832088,6502.220084309442,6097.445428259877,182.9881140531708,2.7503863094997563,2.5387601059120604,168.10526042739954,90.75667379495333,1.2245336866841143,0.6820323207327733,52.50300746272933,236.789787537131,3.640467006142213,3.621851313933312,235.53990799012385,87.77230862572462,1.1889635421930638,0.5563017091558237,43.365111900070914,243.63131530302942,3.7301703039586585,3.6841819986063116,240.87034706834118,186.2095760008645,2.793936233834492,2.5318050498613953,168.1052604273995,52.50300746272933,235.53990799012385,hourly_window_mean_factor_top_available_analogs,4,6509.6878475657895,,6509.6878475657895,0.0,9.137895562658416,-5.330439078217334,4.786814219857517e-14,9.137895562658416,-5.330439078217334,4.786814219857517e-14,-43.365111900070914,-240.87034706834118,-168.1052604273995,90.75667379495333,1.2245336866841143,87.77230862572462,1.1889635421930638,236.789787537131,3.640467006142213,243.63131530302942,3.7301703039586585,186.2095760008645,2.793936233834492,-6.841527765898434,-0.08970329781644537,0.03557014449105056,-0.04354992433473592,43.365111900070914,240.87034706834118,168.1052604273995
experiment_2026_06_15_10_04,SEN_demand_CEL,2025-04-18,Good Friday,H2,G,observance_tier,True,2025-04-18,12,True,True,4,False,2,6,4,euclidian,LassoReg,,2,{},2025-04-17 10:00:00,2025-04-19,161.54261530922523,2.587710064541624,212.842055,3.499,,14,24,4,4,4,4,0.08852345776489787,6033.140262884813,5634.512363422077,161.54261530922523,2.587710064541624,2.0310060429395533,126.64083685203042,105.94717004233085,1.5752368910312886,0.26792250614770186,22.218135893359563,193.9732917149136,3.1783194157559866,3.0594714394014666,187.55407907792176,117.51642640527942,1.7349111326179114,0.75177832926588,55.181272879282396,171.53232490048234,2.810141083448146,2.751832260755427,168.32558250279843,151.63173071803917,2.41400373314227,2.0149702859961196,126.64083685202937,22.218135893359563,187.55407907792176,hourly_window_mean_factor_top_available_analogs,4,6258.87488125,,6258.87488125,0.0,-32.96313698592284,19.22849657512332,1.0530991283686538e-12,-32.96313698592284,19.22849657512332,1.0530991283686538e-12,-55.1812728792824,-168.32558250279843,-126.64083685202937,105.94717004233085,1.5752368910312886,117.51642640527942,1.7349111326179114,193.9732917149136,3.1783194157559866,171.53232490048234,2.810141083448146,151.63173071803917,2.41400373314227,22.44096681443125,0.3681783323078407,-0.1596742415866228,0.17370633139935387,55.1812728792824,168.32558250279843,126.64083685202937
experiment_2026_06_15_10_04,SEN_demand_CEL,2025-04-19,Holy Saturday,H3,G,observance_tier,True,2025-04-19,12,True,True,7,False,2,7,7,pearson,RidgeReg,standard,2,{},2025-04-18 10:00:00,2025-04-20,78.68917571475112,1.3345960623533253,184.990469,3.111,,14,24,4,4,7,4,0.07512102354683049,5989.21620491417,5832.931004631185,78.68917571475112,1.3345960623533253,0.03933167526676894,2.393295085829538,91.3903623865356,1.5132866176346589,-1.4370174987932554,-86.24472754214587,71.28015015621015,1.2303599051058804,0.9005353601351165,54.09880828548186,83.78440584786313,1.3726597293426603,-0.39092332891624426,-20.112145765523955,57.48932505282153,0.9891548940200514,0.24395157118176455,15.521468915786764,67.17698639836317,1.1304461491389073,0.010050292198287587,2.393295085830184,-86.24472754214587,54.09880828548186,hourly_window_mean_factor_top_available_analogs,4,5758.6324263157885,,5758.6324263157885,0.0,-66.13258177662192,38.577339369695096,-6.462199196807648e-13,-66.13258177662192,38.577339369695096,-6.462199196807648e-13,20.112145765523948,-15.521468915786762,-2.393295085830184,91.3903623865356,1.5132866176346589,83.78440584786313,1.3726597293426603,71.28015015621015,1.2303599051058804,57.48932505282153,0.9891548940200514,67.17698639836317,1.1304461491389073,13.790825103388627,0.24120501108582904,0.14062688829199854,0.204149913214418,20.112145765523948,15.521468915786762,2.393295085830184
experiment_2026_06_15_10_04,SEN_demand_CEL,2025-05-01,Labor Day,H2,F,observance_tier,True,2025-05-01,12,True,True,5,False,2,8,5,pearson,PLS,minmax,4,{},2025-04-30 10:00:00,2025-05-02,214.05359582871054,3.0531757372885084,172.155916,2.874,,14,24,4,4,5,4,0.09788934821915334,6813.589194198549,6429.3380629168905,214.05359582871054,3.0531757372885084,0.1529766442650819,24.899117117241268,300.5862908876001,3.860780710005379,3.3301435018121706,260.7106764614678,163.57619037769163,2.5820728365370007,-1.7003706893040533,-112.65762583355756,235.67494282110596,3.0242390297241184,2.1777010177683374,171.78155404313142,121.84695808952627,1.9382715199894058,-0.9141042188797265,-60.78230442286258,163.78358404326616,2.3383648130495627,0.22498192093798086,24.89911711724048,260.7106764614678,-112.65762583355756,hourly_window_mean_factor_top_available_analogs,4,6262.643355328948,,6262.643355328948,0.0,88.92912241833639,-51.87532141069497,7.898243462764903e-13,88.92912241833639,-51.87532141069497,7.898243462764903e-13,-171.78155404313142,60.78230442286259,-24.89911711724048,300.5862908876001,3.860780710005379,235.67494282110596,3.0242390297241184,163.57619037769163,2.5820728365370007,121.84695808952627,1.9382715199894058,163.78358404326616,2.3383648130495627,41.72923228816536,0.6438013165475949,0.8365416802812606,0.7148109242389458,171.78155404313142,60.78230442286259,24.89911711724048
experiment_2026_06_15_10_04,SEN_demand_CEL,2025-09-16,Independence Day,H2,H,observance_tier,True,2025-09-16,12,True,True,4,False,4,8,4,pearson,PLS,minmax,3,{},2025-09-15 10:00:00,2025-09-17,393.8213938854796,6.228493350406427,159.620372,2.641,,14,24,4,4,4,4,0.09602988892411761,5450.866403416995,5250.4324776883395,393.8213938854796,6.228493350406427,6.09843893372499,387.7589963198482,741.3928674767407,11.259522961621501,11.259522961621501,741.3928674767407,191.07136762391073,3.2937260771976327,3.0878065841186917,181.4725714783276,686.5561006481161,10.429163882134743,10.429163882134743,686.5561006481161,213.46068546168988,3.8563610976478913,3.8563610976478913,213.46068546168988,387.75899631984686,6.277920018248311,6.277920018248311,387.75899631984686,741.3928674767407,181.4725714783276,hourly_window_mean_factor_top_available_analogs,4,5534.7338586184205,,5534.7338586184205,0.0,54.836766828624796,-31.98811398336227,1.38817612375868e-12,54.836766828624796,-31.98811398336227,1.38817612375868e-12,-686.5561006481158,-213.46068546168988,-387.75899631984686,741.3928674767407,11.259522961621501,686.5561006481161,10.429163882134743,191.07136762391073,3.2937260771976327,213.46068546168988,3.8563610976478913,387.75899631984686,6.277920018248311,-22.389317837779146,-0.5626350204502586,0.8303590794867581,-0.04942666784188443,686.5561006481158,213.46068546168988,387.75899631984686
experiment_2026_06_15_10_04,SEN_demand_CEL,2025-11-17,Mexican Revolution Day,H2,F,observance_tier,True,2025-11-17,12,True,True,4,False,2,8,4,pearson,RidgeReg,minmax,2,{},2025-11-16 10:00:00,2025-11-18,82.3178721641279,1.3783304232633826,183.792369,2.998,,14,24,4,4,4,4,0.0866534462124275,6207.282600227317,6085.131107036191,82.3178721641279,1.3783304232633826,-1.0412369155928396,-60.87455496415872,66.54835529742091,1.0414672247817547,-0.4020357524581595,-25.08334498353218,91.51675700304031,1.5748339557109992,-1.4141042607547363,-81.75276078619088,77.72291502473243,1.198143926893037,-0.6797538632505601,-44.97147510562146,94.58685038159092,1.547337538985072,-1.0881775230968593,-70.15135154830561,88.37382156590621,1.4186872608459011,-0.9377056484166438,-60.87455496415882,-25.08334498353218,-81.75276078619088,hourly_window_mean_factor_top_available_analogs,4,6048.19490888158,,6048.19490888158,0.0,19.888130122089283,-11.601409237885264,9.573628439715034e-14,19.888130122089283,-11.601409237885264,9.573628439715034e-14,44.971475105621465,70.15135154830561,60.87455496415881,66.54835529742091,1.0414672247817547,77.72291502473243,1.198143926893037,91.51675700304031,1.5748339557109992,94.58685038159092,1.547337538985072,88.37382156590621,1.4186872608459011,-3.0700933785506095,0.027496416725927064,-0.15667670211128226,-0.04035683758251851,44.971475105621465,70.15135154830561,60.87455496415881
experiment_2026_06_15_10_04,SEN_demand_CEL,2025-12-24,Christmas Eve,H1,G,observance_tier,True,2025-12-24,12,True,True,3,False,2,8,3,pearson,RidgeReg,,2,{},2025-12-23 10:00:00,2025-12-25,156.836178930379,2.4207933344788857,154.879155,2.534,,14,24,3,4,3,3,0.08713125652570732,6430.472277922704,6043.730923502731,156.836178930379,2.4207933344788857,0.5628436544108177,44.67421391940106,160.0492231637833,2.1883607374684457,2.089246283179252,153.11349592876786,154.96190312755982,2.5563790160683095,-0.32755787903743555,-18.582033919396242,155.95011289122274,2.137811842072981,1.9667175696662327,143.9637271227801,175.64544033754248,2.9091480372399245,-0.21802043169438404,-13.244668782569951,168.38926706784574,2.6249715442836816,0.5868830424911062,44.67421391940113,153.11349592876786,-18.582033919396242,hourly_window_mean_factor_top_available_analogs,3,6320.789084473684,,6320.789084473684,0.0,9.149768805987735,-5.337365136826293,-7.180221329786275e-14,9.149768805987735,-5.337365136826293,-7.180221329786275e-14,-143.9637271227801,13.24466878256995,-44.67421391940113,160.0492231637833,2.1883607374684457,155.95011289122274,2.137811842072981,154.96190312755982,2.5563790160683095,175.64544033754248,2.9091480372399245,168.38926706784574,2.6249715442836816,-20.68353720998266,-0.352769021171615,0.05054889539546492,-0.20417820980479595,143.9637271227801,13.24466878256995,44.67421391940113
experiment_2026_06_15_10_04,SEN_demand_CEL,2025-12-25,Christmas Day,H2,H,observance_tier,True,2025-12-25,12,True,True,4,False,4,8,4,pearson,LassoReg,,2,{},2025-12-24 10:00:00,2025-12-26,120.53876117508693,2.282019625217193,161.625088,2.621,,14,24,4,4,4,4,0.1370454971102479,5550.734194811022,5101.723842790142,120.53876117508693,2.282019625217193,-1.4468206659141942,-69.08374586365231,143.61565977106798,2.3010915312128195,-0.7828928175845807,-46.57849970395585,107.07723699409797,2.2708943467197438,-1.8341119107731358,-82.21180612347524,170.9798785769408,2.763442389656806,-1.5478413707141268,-93.79298362635447,94.24453149132825,1.8778188873734234,-1.147215114598881,-54.67002383541063,122.51544883865917,2.204101230319932,-1.2948142615887084,-69.08374586365309,-46.57849970395585,-82.21180612347524,hourly_window_mean_factor_top_available_analogs,4,5286.5120926315785,,5286.5120926315785,0.0,47.21448392239862,-27.54178228806461,7.898243462764903e-13,47.21448392239862,-27.54178228806461,7.898243462764903e-13,93.79298362635447,54.67002383541063,69.0837458636531,143.61565977106798,2.3010915312128195,170.9798785769408,2.763442389656806,107.07723699409797,2.2708943467197438,94.24453149132825,1.8778188873734234,122.51544883865917,2.204101230319932,12.832705502769727,0.3930754593463204,-0.4623508584439864,0.07791839489726105,93.79298362635447,54.67002383541063,69.0837458636531
experiment_2026_06_15_10_04,SEN_demand_CEL,2025-12-31,New Year's Eve,H1,G,observance_tier,True,2025-12-31,12,True,True,3,False,2,8,3,pearson,LassoReg,,2,{},2025-12-30 10:00:00,2026-01-01,113.12351336535781,1.783544625456589,139.830875,2.267,,14,24,3,4,3,3,0.0933048851691628,6120.950352286073,5709.721423724278,113.12351336535781,1.783544625456589,1.5925501169804808,101.331670345505,139.24885758567325,1.9884419511130063,1.6098190099186136,114.66922446513165,97.88372923684047,1.6640211854903455,1.5824765960999034,93.55143044238946,144.92128826830913,2.0682291455340716,1.5874666650109945,113.66415216039286,95.79182287139827,1.6287457765297504,1.595794466179686,94.137722620155,113.8921522281549,1.7906607019523948,1.5927263289070102,101.3316703455058,114.66922446513165,93.55143044238946,hourly_window_mean_factor_top_available_analogs,3,6255.729466842106,,6255.729466842106,0.0,1.005072304738795,-0.5862921777655478,-7.898243462764903e-13,1.005072304738795,-0.5862921777655478,-7.898243462764903e-13,-113.66415216039286,-94.137722620155,-101.3316703455058,139.24885758567325,1.9884419511130063,144.92128826830913,2.0682291455340716,97.88372923684047,1.6640211854903455,95.79182287139827,1.6287457765297504,113.8921522281549,1.7906607019523948,2.091906365442199,0.03527540896059511,-0.0797871944210653,-0.007116076495805812,113.66415216039286,94.137722620155,101.3316703455058
experiment_2026_06_15_10_04,SEN_demand_CEL,2026-01-01,New Year's Day,H3,H,observance_tier,True,2026-01-01,12,True,True,4,False,4,8,4,pearson,LassoReg,,2,{},2025-12-31 10:00:00,2026-01-02,66.19373725967743,1.2629856244504802,146.561127,2.36,,14,24,4,4,4,4,0.1378444814734625,5317.330923844537,4864.839902572264,66.19373725967743,1.2629856244504802,0.6380150661019885,31.995122734409495,50.67322389356611,0.8394606612798693,-0.23258849829806974,-13.337109597008618,75.24737005657572,1.5100418529666697,1.1458671453353557,58.43892492773673,75.80023687488958,1.2540595419706733,-0.3411922451962227,-19.801805881433925,81.21018574672115,1.649569616518353,1.23800445420769,62.20999776031948,79.21704668867794,1.503855378527103,0.6561951439009853,31.99512273441033,-13.337109597008618,58.43892492773673,hourly_window_mean_factor_top_available_analogs,4,5317.294089539474,,5317.294089539474,0.0,6.464696284425307,-3.7710728325827554,-8.376924884750655e-13,6.464696284425307,-3.7710728325827554,-8.376924884750655e-13,19.801805881433925,-62.20999776031948,-31.995122734410334,50.67322389356611,0.8394606612798693,75.80023687488958,1.2540595419706733,75.24737005657572,1.5100418529666697,81.21018574672115,1.649569616518353,79.21704668867794,1.503855378527103,-5.962815690145433,-0.1395277635516834,-0.414598880690804,-0.2408697540766227,19.801805881433925,62.20999776031948,31.995122734410334
experiment_2026_06_15_10_04,SEN_demand_CEL,2026-02-02,Constitution Day,H2,H,observance_tier,True,2026-02-02,12,True,True,4,False,4,8,4,pearson,LassoReg,,2,{},2026-02-01 10:00:00,2026-02-03,94.06524184710025,1.57821719886754,139.589488,2.281,,14,24,4,4,4,4,0.08675550130021956,6095.562983818201,5946.39136007927,94.06524184710025,1.57821719886754,0.04857458297061565,1.489849602851121,120.5331655379573,1.9663295069713704,-1.2136661119259338,-68.22765808494172,78.62561969410031,1.3518183524736394,0.7848816549936027,42.15839575406361,106.23463617152922,1.7124979418030752,-0.5652194604203764,-28.391017841787484,131.87172896901222,2.277410288438196,0.4963912636227159,18.92035561222417,122.42648425415007,2.06928468704631,0.10527152318578707,1.489849602851456,-68.22765808494172,42.15839575406361,hourly_window_mean_factor_top_available_analogs,4,6003.320520855264,,6003.320520855264,0.0,-39.83664024315424,23.238040141839445,-3.3507699539002617e-13,-39.83664024315424,23.238040141839445,-3.3507699539002617e-13,28.39101784178748,-18.920355612224167,-1.489849602851456,120.5331655379573,1.9663295069713704,106.23463617152922,1.7124979418030752,78.62561969410031,1.3518183524736394,131.87172896901222,2.277410288438196,122.42648425415007,2.06928468704631,-53.246109274911916,-0.9255919359645568,0.2538315651682952,-0.4910674881787702,28.39101784178748,18.920355612224167,1.489849602851456
experiment_2026_06_15_10_04,SEN_demand_CEL,2026-03-16,Benito Juarez's Birthday,H2,H,observance_tier,True,2026-03-16,12,True,True,4,False,4,8,4,pearson,LassoReg,,2,{},2026-03-15 10:00:00,2026-03-17,142.29867185227525,2.234168974460537,136.708109,2.24,,14,24,4,4,4,4,0.08492504757940231,6244.5820876409625,6067.09820931269,142.29867185227525,2.234168974460537,1.759014490766042,113.0033799906164,80.18715956364485,1.219611887420346,-0.07009313975042479,0.6713673677136934,178.5303873539763,2.825993941900648,2.825993941900648,178.5303873539763,66.3889175566517,1.022657653884839,-0.23870999587665725,-11.716934707393648,190.61732102931623,3.1524473156842436,3.0788238688115754,185.756896897789,144.84896185517667,2.3677879666002526,1.8565745502422266,113.00337999061644,0.6713673677136934,178.5303873539763,hourly_window_mean_factor_top_available_analogs,4,6075.841964210526,,6075.841964210526,0.0,12.388302075107342,-7.226509543812692,-4.786814219857517e-14,12.388302075107342,-7.226509543812692,-4.786814219857517e-14,11.716934707393648,-185.75689689778898,-113.00337999061644,80.18715956364485,1.219611887420346,66.3889175566517,1.022657653884839,178.5303873539763,2.825993941900648,190.61732102931623,3.1524473156842436,144.84896185517667,2.3677879666002526,-12.086933675339935,-0.3264533737835955,0.196954233535507,-0.1336189921397155,11.716934707393648,185.75689689778898,113.00337999061644
experiment_2026_06_15_10_04,SEN_demand_CEL,2026-04-02,Maundy Thursday,H1,G,observance_tier,True,2026-04-02,12,True,True,3,False,2,8,3,pearson,LassoReg,,2,{},2026-04-01 10:00:00,2026-04-03,65.46650266498469,0.9583832062221392,131.856081,2.159,,14,24,3,4,3,3,0.08028144311702794,6786.468189963918,6448.565448627531,65.46650266498469,0.9583832062221392,-0.21343452256289333,-15.114008648127742,85.74051083699707,1.1880938292401457,-0.5613902271292855,-38.626692254867,53.63999789797746,0.8243853427949691,-0.010460361565831263,-1.3982765441965057,82.37662035586884,1.1522909619992288,-0.992832351139145,-70.71673318866677,73.41954093707018,1.1514094166170106,0.33367761477674285,17.32091400051858,76.71951756504863,1.1517341964946697,-0.15503658319226843,-15.114008648128651,-38.626692254867,-1.3982765441965057,hourly_window_mean_factor_top_available_analogs,3,6659.020606754387,,6659.020606754387,0.0,32.090040933799756,-18.719190544715087,9.094947017729282e-13,32.090040933799756,-18.719190544715087,9.094947017729282e-13,70.71673318866675,-17.32091400051858,15.114008648128651,85.74051083699707,1.1880938292401457,82.37662035586884,1.1522909619992288,53.63999789797746,0.8243853427949691,73.41954093707018,1.1514094166170106,76.71951756504863,1.1517341964946697,-19.779543039092722,-0.32702407382204146,0.03580286724091697,-0.19335099027253044,70.71673318866675,17.32091400051858,15.114008648128651
experiment_2026_06_15_10_04,SEN_demand_CEL,2026-04-03,Good Friday,H2,G,observance_tier,True,2026-04-03,12,True,True,3,False,2,8,3,pearson,LassoReg,,2,{},2026-04-02 10:00:00,2026-04-04,67.01018331915661,1.079734858849922,131.636292,2.142,,14,24,3,4,3,3,0.08916960232795662,6272.154947339058,5933.750702664122,67.01018331915661,1.079734858849922,-0.4176490612472613,-24.367284181162752,64.7751684613908,0.952374640822682,-0.4737076438611802,-31.876946067517697,68.31394198618666,1.154028319365812,-0.3849482213891418,-19.986648080789035,99.7770620967849,1.4594249194448696,-1.3714816708864837,-93.68636758754838,74.6812607465015,1.2890550379630632,0.28463890233995887,16.06884780589515,83.9270822966059,1.3518228890353077,-0.3255107825329411,-24.36728418116299,-31.876946067517697,-19.986648080789035,hourly_window_mean_factor_top_available_analogs,3,6098.982476140351,,6098.982476140351,0.0,61.80942152003068,-36.055495886684184,2.3934071099287584e-13,61.80942152003068,-36.055495886684184,2.3934071099287584e-13,93.68636758754838,-16.06884780589515,24.36728418116299,64.7751684613908,0.952374640822682,99.7770620967849,1.4594249194448696,68.31394198618666,1.154028319365812,74.6812607465015,1.2890550379630632,83.9270822966059,1.3518228890353077,-6.367318760314831,-0.13502671859725113,-0.5070502786221877,-0.27208803018538563,93.68636758754838,16.06884780589515,24.36728418116299
experiment_2026_06_15_10_04,SEN_demand_CEL,2026-04-04,Holy Saturday,H3,G,observance_tier,True,2026-04-04,12,True,True,5,False,2,9,5,pearson,LassoReg,,2,{},2026-04-03 10:00:00,2026-04-05,88.32193516938725,1.4301998665534477,128.994678,2.108,,14,24,4,4,5,4,0.07468306187362668,6069.972585167636,5981.514508962038,88.32193516938725,1.4301998665534477,0.06285885416573964,5.411453516574846,68.88794404706108,1.1069575253849055,0.022649320427820006,4.009274908482309,99.65842999074418,1.6187578989017635,0.08631441551285952,6.229391037962159,72.93839033329355,1.1971781837125561,-0.44546233003754443,-24.920177927610762,134.8092385652064,2.2108867955723834,0.471462754864629,23.104905192349822,112.01471553239641,1.8374152017292895,0.13364824990067037,5.41145351657487,4.009274908482309,6.229391037962159,hourly_window_mean_factor_top_available_analogs,4,5790.753613421051,,5790.753613421051,0.0,28.929452836093073,-16.875514154387663,-2.3934071099287584e-14,28.929452836093073,-16.875514154387663,-2.3934071099287584e-14,24.920177927610766,-23.104905192349822,-5.41145351657487,68.88794404706108,1.1069575253849055,72.93839033329355,1.1971781837125561,99.65842999074418,1.6187578989017635,134.8092385652064,2.2108867955723834,112.01471553239641,1.8374152017292895,-35.15080857446223,-0.59212889667062,-0.09022065832765058,-0.40721533517584185,24.920177927610766,23.104905192349822,5.41145351657487
experiment_2026_06_15_10_04,SEN_demand_CEL,2026-05-01,Labor Day,H2,F,observance_tier,True,2026-05-01,12,True,True,2,False,2,10,2,pearson,LassoReg,,2,{},2026-04-30 10:00:00,2026-05-02,154.61197815719598,2.171465085350939,105.454725,1.74,,14,24,2,4,2,2,0.1112089979526006,7229.996368353801,6673.688377101923,154.61197815719598,2.171465085350939,-1.1793884259422895,-89.26495230116889,174.74259868554893,2.1849207302171356,-1.838499030217419,-145.68973192844942,142.8691161823234,2.163615959178992,-0.7949072401151306,-56.35049751858859,197.78414773062255,2.4771504165822873,-2.3224024151466662,-184.55161867704263,150.846888227542,2.2859764219729635,-0.42162807844912226,-33.68106358190975,168.1395627813085,2.356408946302714,-1.121913360390323,-89.26495230116923,-145.68973192844942,-56.35049751858859,hourly_window_mean_factor_top_available_analogs,2,6287.366837763158,,6287.366837763158,0.0,38.861886748593214,-22.669433936678843,3.3507699539002617e-13,38.861886748593214,-22.669433936678843,3.3507699539002617e-13,184.55161867704263,33.68106358190975,89.26495230116923,174.74259868554893,2.1849207302171356,197.78414773062255,2.4771504165822873,142.8691161823234,2.163615959178992,150.846888227542,2.2859764219729635,168.1395627813085,2.356408946302714,-7.977772045218586,-0.12236046279397161,-0.2922296863651517,-0.18494386095177484,184.55161867704263,33.68106358190975,89.26495230116923
experiment_2026_06_15_10_04,SEN_demand_NES,2025-01-01,New Year's Day,H3,H,observance_tier,True,2025-01-01,12,True,True,5,False,4,6,5,pearson,LassoReg,,2,{},2024-12-31 10:00:00,2025-01-02,110.58715150964774,2.731050250517204,367.310879,6.622,,14,24,4,4,5,4,0.0881163274847348,4114.119785043118,3819.1532660167036,110.58715150964774,2.731050250517204,-0.09352736634251081,-12.484340832592471,132.2271334237214,2.9719136361661542,-2.4053657458495636,-107.15757980268775,97.96382872643811,2.590546608888649,1.25504502170327,42.74171523329644,78.36951712081616,1.7601211423662417,-0.8081745738093471,-32.87450846108053,79.58460018219756,2.0539876747359718,-0.08941150376186635,-0.5900763826400066,79.13693800168862,1.945721057547124,-0.3542189506214644,-12.484340832591778,-107.15757980268775,42.74171523329644,hourly_window_mean_factor_top_available_analogs,4,5164.647042434211,,5164.647042434211,0.0,-74.28307134160721,43.331791615936446,-6.9408806187934e-13,-74.28307134160721,43.331791615936446,-6.9408806187934e-13,32.87450846108054,0.5900763826400066,12.484340832591776,132.2271334237214,2.9719136361661542,78.36951712081616,1.7601211423662417,97.96382872643811,2.590546608888649,79.58460018219756,2.0539876747359718,79.13693800168862,1.945721057547124,18.379228544240547,0.5365589341526773,1.2117924937999125,0.7853291929700801,32.87450846108054,0.5900763826400066,12.484340832591776
experiment_2026_06_15_10_04,SEN_demand_NES,2025-02-03,Constitution Day,H2,H,observance_tier,True,2025-02-03,12,True,True,5,False,4,6,5,euclidian,PCR,standard,5,{},2025-02-02 10:00:00,2025-02-04,138.7751005676373,2.844841935500506,290.303464,5.263,,14,24,4,4,5,4,0.0416225197781101,4817.479608384408,4804.244073566638,138.7751005676373,2.844841935500506,-0.23495638977390196,1.005540562961486,111.86224046147689,2.4577139774387873,-1.815560997883719,-80.29918592915439,154.47426896289755,3.0706665777031756,0.6870629649568247,48.43329768336241,195.6436456737085,4.3347917712728625,-3.993985738028687,-178.28263114520627,203.7494104346298,4.003258027589449,1.77535235561709,105.59030739272502,200.7630760490272,4.125402038420181,-0.35019325783135424,1.0055405629608638,-80.29918592915439,48.43329768336241,hourly_window_mean_factor_top_available_analogs,4,4700.29032618421,,4700.29032618421,0.0,97.98344521605188,-57.157009709362605,6.222858485814772e-13,97.98344521605188,-57.157009709362605,6.222858485814772e-13,178.28263114520627,-105.59030739272501,-1.0055405629608636,111.86224046147689,2.4577139774387873,195.6436456737085,4.3347917712728625,154.47426896289755,3.0706665777031756,203.7494104346298,4.003258027589449,200.7630760490272,4.125402038420181,-49.27514147173224,-0.9325914498862731,-1.8770777938340752,-1.280560102919675,178.28263114520627,105.59030739272501,1.0055405629608636
experiment_2026_06_15_10_04,SEN_demand_NES,2025-03-17,Benito Juarez's Birthday,H2,H,observance_tier,True,2025-03-17,12,True,True,5,False,4,6,5,euclidian,PCR,standard,5,{},2025-03-16 10:00:00,2025-03-18,206.29740192990815,3.842333398446472,275.372607,5.032,,14,24,4,4,5,4,0.045931621744475216,5142.25733554237,5019.071344765892,206.29740192990815,3.842333398446472,0.7559722097321954,57.506459720787824,125.26179402237196,2.42959333823288,-1.1273707431110687,-51.780234730618695,253.56817320930426,4.6664317669044015,1.8545889322240996,121.25703148410828,262.6830159966682,4.914639188023938,0.8669077945290581,63.16517877306679,207.43781158377632,3.935528955386335,0.6687880609923909,54.20554027362497,227.79130794642066,4.296253777937031,0.7417795417690577,57.506459720787745,-51.780234730618695,121.25703148410828,hourly_window_mean_factor_top_available_analogs,4,5533.002233552632,,5533.002233552632,0.0,-114.94541350368549,67.05149121048332,7.180221329786275e-14,-114.94541350368549,67.05149121048332,7.180221329786275e-14,-63.16517877306679,-54.20554027362496,-57.50645972078775,125.26179402237196,2.42959333823288,262.6830159966682,4.914639188023938,253.56817320930426,4.6664317669044015,207.43781158377632,3.935528955386335,227.79130794642066,4.296253777937031,46.13036162552794,0.7309028115180665,-2.485045849791058,-0.4539203794905595,63.16517877306679,54.20554027362496,57.50645972078775
experiment_2026_06_15_10_04,SEN_demand_NES,2025-04-17,Maundy Thursday,H1,G,observance_tier,True,2025-04-17,12,True,True,5,False,2,6,5,euclidian,PCR,standard,5,{},2025-04-16 10:00:00,2025-04-18,761.5598353468253,10.542846227629806,251.755409,4.606,,14,24,4,4,5,4,0.06275828063849895,6534.513635528157,6022.634815773414,761.5598353468253,10.542846227629806,10.00468399005085,723.0367086823693,345.39270012437765,4.466426179969986,3.005700106541391,240.82992774942574,1004.3239975599196,14.0874245887647,14.0874245887647,1004.3239975599196,572.606974475652,7.310278663636211,7.310278663636211,572.606974475652,810.7873869696218,11.255364987352266,11.255364987352266,810.7873869696218,723.0367086823697,9.80191213124635,9.80191213124635,723.0367086823697,240.82992774942574,1004.3239975599196,hourly_window_mean_factor_top_available_analogs,4,5618.75830263158,,5618.75830263158,0.0,-331.7770467262262,193.53661059029784,-5.026154930850393e-13,-331.7770467262262,193.53661059029784,-5.026154930850393e-13,-572.6069744756519,-810.7873869696217,-723.0367086823697,345.39270012437765,4.466426179969986,572.606974475652,7.310278663636211,1004.3239975599196,14.0874245887647,810.7873869696218,11.255364987352266,723.0367086823697,9.80191213124635,193.53661059029776,2.8320596014124337,-2.8438524836662253,0.7409340963834552,572.6069744756519,810.7873869696217,723.0367086823697
experiment_2026_06_15_10_04,SEN_demand_NES,2025-04-18,Good Friday,H2,G,observance_tier,True,2025-04-18,12,True,True,5,False,2,6,5,pearson,RidgeReg,standard,2,{},2025-04-17 10:00:00,2025-04-19,576.0459759227168,8.388443664017299,268.16937,4.69,,14,24,4,4,5,4,0.06816933926364226,6397.132262571033,5935.472033627199,576.0459759227168,8.388443664017299,6.8346070072188025,471.4463116394937,321.3400008654312,4.489855232614649,0.2722985927330149,37.42662638239712,724.6244613728,10.662620249002181,10.662620249002181,724.6244613728,350.94260945154645,4.75626944568316,3.235569379080513,250.83159811074438,600.1382278645974,8.78623118685242,8.78623118685242,600.1382278645974,508.3293158176838,7.301508440105851,6.7412505208311915,471.44631163949356,37.42662638239712,724.6244613728,hourly_window_mean_factor_top_available_analogs,4,5686.924035328948,,5686.924035328948,0.0,-213.40497172834725,124.48623350820269,7.180221329786275e-14,-213.40497172834725,124.48623350820269,7.180221329786275e-14,-250.83159811074438,-600.1382278645974,-471.4463116394936,321.3400008654312,4.489855232614649,350.94260945154645,4.75626944568316,724.6244613728,10.662620249002181,600.1382278645974,8.78623118685242,508.3293158176838,7.301508440105851,124.48623350820264,1.8763890621497605,-0.26641421306851143,1.0869352239114471,250.83159811074438,600.1382278645974,471.4463116394936
experiment_2026_06_15_10_04,SEN_demand_NES,2025-04-19,Holy Saturday,H3,G,observance_tier,True,2025-04-19,12,True,True,7,False,2,7,7,pearson,RidgeReg,standard,2,{},2025-04-18 10:00:00,2025-04-20,271.49121309295543,4.13819928430206,278.567362,4.857,,14,24,4,4,7,4,0.058949823824129055,6653.417186838157,6557.63547566662,271.49121309295543,4.13819928430206,-1.2433958413995168,-85.42482762762994,76.09939655545688,1.1329213316478972,-0.03974651021224825,2.2499368677821883,385.46977273982947,5.891278090016988,-1.9455246179254235,-136.56844024995368,238.69190312692146,3.660426933616048,-3.194624697092885,-205.37448502912932,132.02093768315694,2.02168527340621,-0.22692993010137838,-15.454194143423441,171.32076705717546,2.6254322008519395,-1.3202911600456178,-85.42482762763086,2.2499368677821883,-136.56844024995368,hourly_window_mean_factor_top_available_analogs,4,6117.239038289474,,6117.239038289474,0.0,207.6244218969115,-121.11424610653023,9.334287728722159e-13,207.6244218969115,-121.11424610653023,9.334287728722159e-13,205.37448502912932,15.45419414342345,85.42482762763088,76.09939655545688,1.1329213316478972,238.69190312692146,3.660426933616048,385.46977273982947,5.891278090016988,132.02093768315694,2.02168527340621,171.32076705717546,2.6254322008519395,253.44883505667252,3.8695928166107785,-2.527505601968151,1.5127670834501208,205.37448502912932,15.45419414342345,85.42482762763088
experiment_2026_06_15_10_04,SEN_demand_NES,2025-05-01,Labor Day,H2,F,observance_tier,True,2025-05-01,12,True,True,6,False,2,8,6,pearson,PLS,standard,2,{},2025-04-30 10:00:00,2025-05-02,568.9349026528745,6.887018907688245,258.674639,4.891,,14,24,4,4,6,4,0.05499436151280496,7380.815618384701,7292.447880245937,568.9349026528745,6.887018907688245,5.001080904943194,428.9801179310887,994.7217505202758,11.52250262490311,11.52250262490311,994.7217505202758,320.55924139689046,4.1829867393129065,1.1969182349665772,98.96416558739627,835.3801109342324,9.651250546559883,9.651250546559883,835.3801109342324,359.0994852543551,4.737252179751444,2.5112474998937877,191.91345534592062,534.5712947153627,6.547672630680869,5.141774938139191,428.98011793108816,994.7217505202758,98.96416558739627,hourly_window_mean_factor_top_available_analogs,4,5493.328904078948,,5493.328904078948,0.0,159.341639586043,-92.94928975852436,4.547473508864641e-13,159.341639586043,-92.94928975852436,4.547473508864641e-13,-835.3801109342328,-191.91345534592062,-428.9801179310883,994.7217505202758,11.52250262490311,835.3801109342324,9.651250546559883,320.55924139689046,4.1829867393129065,359.0994852543551,4.737252179751444,534.5712947153627,6.547672630680869,-38.540243857464645,-0.5542654404385372,1.8712520783432272,0.3393462770073761,835.3801109342328,191.91345534592062,428.9801179310883
experiment_2026_06_15_10_04,SEN_demand_NES,2025-09-16,Independence Day,H2,H,observance_tier,True,2025-09-16,12,True,True,8,False,4,8,8,pearson,RidgeReg,standard,2,{},2025-09-15 10:00:00,2025-09-17,552.2046562925701,7.534408988319219,234.079273,3.994,,14,24,4,4,8,4,0.07435412651688696,6681.037719036476,6810.918326084243,552.2046562925701,7.534408988319219,6.087641492589708,459.3525930687871,917.6835166168377,12.334374945636307,12.334374945636307,917.6835166168377,339.00865443674735,4.734428846550917,2.443713644979192,191.9928876657575,999.3628260983298,13.507371940867454,13.507371940867454,999.3628260983298,303.1938066465039,4.385978349805453,1.9638967204831737,144.34662380155362,559.67712960244,7.746491778091452,6.216756012203697,459.3525930687871,917.6835166168377,191.9928876657575,hourly_window_mean_factor_top_available_analogs,4,4892.550037763158,,4892.550037763158,0.0,-81.67930948149225,47.64626386420389,4.786814219857517e-14,-81.67930948149225,47.64626386420389,4.786814219857517e-14,-999.36282609833,-144.34662380155362,-459.35259306878703,917.6835166168377,12.334374945636307,999.3628260983298,13.507371940867454,339.00865443674735,4.734428846550917,303.1938066465039,4.385978349805453,559.67712960244,7.746491778091452,35.81484779024345,0.348450496745464,-1.1729969952311468,-0.21208278977223305,999.36282609833,144.34662380155362,459.35259306878703
experiment_2026_06_15_10_04,SEN_demand_NES,2025-11-17,Mexican Revolution Day,H2,F,observance_tier,True,2025-11-17,12,True,True,8,False,2,8,8,pearson,RidgeReg,standard,2,{},2025-11-16 10:00:00,2025-11-18,205.86261671868292,3.4118182767187717,271.003811,4.401,,14,24,4,4,8,4,0.06356673686789346,5621.425498361495,5619.515265849589,205.86261671868292,3.4118182767187717,2.6278876999566196,166.24993005955793,224.38131112143355,3.8630367511431083,1.735225185645837,116.8611616180943,195.06004498374503,3.1486074999712415,3.1486074999712415,195.06004498374503,252.31736915209208,4.340410434027896,2.1033895382750765,139.38078005718353,197.5954220507658,3.2228940344505603,2.9263190990570997,181.92360089427655,217.75613940388598,3.6346106027158944,2.6231345240321438,166.24993005955807,116.8611616180943,195.06004498374503,hourly_window_mean_factor_top_available_analogs,4,5263.518139144737,,5263.518139144737,0.0,-22.519618439089236,13.136444089468492,-1.436044265957255e-13,-22.519618439089236,13.136444089468492,-1.436044265957255e-13,-139.38078005718353,-181.92360089427655,-166.24993005955807,224.38131112143355,3.8630367511431083,252.31736915209208,4.340410434027896,195.06004498374503,3.1486074999712415,197.5954220507658,3.2228940344505603,217.75613940388598,3.6346106027158944,-2.535377067020761,-0.07428653447931888,-0.47737368288478743,-0.22279232599712273,139.38078005718353,181.92360089427655,166.24993005955807
experiment_2026_06_15_10_04,SEN_demand_NES,2025-12-24,Christmas Eve,H1,G,observance_tier,True,2025-12-24,12,True,True,8,False,2,8,8,pearson,RidgeReg,standard,2,{},2025-12-23 10:00:00,2025-12-25,151.30922675903682,2.872257941453213,275.042772,4.404,,14,24,4,4,8,4,0.08602969568351614,5222.653456760892,4799.404615328763,151.30922675903682,2.872257941453213,1.1328923173219199,51.19240192331807,149.97626666110824,2.6010332286255227,-2.10415422738027,-121.05810564454325,152.08678681616183,3.030472357269366,3.021169468398197,151.67186467123716,92.42744455067466,1.5868022301092064,0.19927009613328686,13.104270469560495,99.93908619783595,1.9998648481556722,1.427171669786486,73.41047860467673,97.17163927519759,1.8476838836122378,0.9747868794932018,51.192401923318116,-121.05810564454325,151.67186467123716,hourly_window_mean_factor_top_available_analogs,4,5068.205883618421,,5068.205883618421,0.0,-134.16237611410375,78.26138606656043,-4.786814219857517e-14,-134.16237611410375,78.26138606656043,-4.786814219857517e-14,-13.104270469560504,-73.41047860467673,-51.19240192331812,149.97626666110824,2.6010332286255227,92.42744455067466,1.5868022301092064,152.08678681616183,3.030472357269366,99.93908619783595,1.9998648481556722,97.17163927519759,1.8476838836122378,52.147700618325885,1.030607509113694,1.0142309985163163,1.0245740578409752,13.104270469560504,73.41047860467673,51.19240192331812
experiment_2026_06_15_10_04,SEN_demand_NES,2025-12-25,Christmas Day,H2,H,observance_tier,True,2025-12-25,12,True,True,8,False,4,8,8,pearson,RidgeReg,standard,2,{},2025-12-24 10:00:00,2025-12-26,177.9055292105438,4.23008942716946,277.938352,4.431,,14,24,4,4,8,4,0.08253219342587756,4679.602071217053,4457.154553723658,177.9055292105438,4.23008942716946,-4.147723944896136,-173.68801726968385,125.88850933091915,2.6111752305221247,-2.387611778637386,-114.44097692001358,208.24879080699148,5.174456041880405,-5.174456041880405,-208.24879080699148,154.73899636423033,3.1844724942345244,-3.000851084509962,-145.33106391565187,194.57818222618155,4.797288419373801,-4.70172736306069,-190.2295733928703,179.90058743493637,4.203093078533015,-4.075088734120948,-173.68801726968456,-114.44097692001358,-208.24879080699148,hourly_window_mean_factor_top_available_analogs,4,4154.84264125,,4154.84264125,0.0,30.890086995638285,-18.019217414121176,7.299891685282714e-13,30.890086995638285,-18.019217414121176,7.299891685282714e-13,145.33106391565187,190.2295733928703,173.6880172696846,125.88850933091915,2.6111752305221247,154.73899636423033,3.1844724942345244,208.24879080699148,5.174456041880405,194.57818222618155,4.797288419373801,179.90058743493637,4.203093078533015,13.670608580809926,0.3771676225066045,-0.5732972637123996,0.02699634863644551,145.33106391565187,190.2295733928703,173.6880172696846
experiment_2026_06_15_10_04,SEN_demand_NES,2025-12-31,New Year's Eve,H1,G,observance_tier,True,2025-12-31,12,True,True,4,False,2,8,4,pearson,PLS,minmax,3,{},2025-12-30 10:00:00,2026-01-01,291.2687943152478,6.44967220105775,293.871682,4.539,,14,24,4,4,4,4,0.05257560159958463,4998.972891203761,4848.803183958054,291.2687943152478,6.44967220105775,-5.249419425088726,-231.42253330902363,193.29532852420667,3.8476535418514843,-2.692464003628578,-132.02614076782746,348.41998269335505,7.967516418928073,-6.740976754273812,-289.4037622913881,231.81956695600098,4.609730914941225,-3.7035962010545918,-183.94828766099863,358.2026187530499,8.153975921618851,-6.0736819208277,-259.1158432703721,311.64044177518974,6.848201445474462,-5.200492445121818,-231.42253330902398,-132.02614076782746,-289.4037622913881,hourly_window_mean_factor_top_available_analogs,4,5017.81144743421,,5017.81144743421,0.0,51.92214689317117,-30.28791902101595,3.590110664893138e-13,51.92214689317117,-30.28791902101595,3.590110664893138e-13,183.94828766099863,259.1158432703721,231.422533309024,193.29532852420667,3.8476535418514843,231.81956695600098,4.609730914941225,348.41998269335505,7.967516418928073,358.2026187530499,8.153975921618851,311.64044177518974,6.848201445474462,-9.782636059694823,-0.18645950269077805,-0.7620773730897406,-0.39852924441671256,183.94828766099863,259.1158432703721,231.422533309024
experiment_2026_06_15_10_04,SEN_demand_NES,2026-01-01,New Year's Day,H3,H,observance_tier,True,2026-01-01,12,True,True,8,False,4,8,8,pearson,RidgeReg,standard,2,{},2025-12-31 10:00:00,2026-01-02,678.8864864611675,17.269626073498817,295.36801,4.773,,14,24,4,4,8,4,0.08489472699506968,4738.335000408535,4658.850008287392,678.8864864611675,17.269626073498817,-17.269626073498817,-678.8864864611675,480.37898975906853,11.042778954375889,-11.042778954375889,-480.37898975906853,794.6825262040583,20.901953559653865,-20.901953559653865,-794.6825262040583,756.5116275086148,17.29918391082712,-17.29918391082712,-756.5116275086148,633.6051541834886,16.446575249486006,-16.446575249486006,-633.6051541834886,678.8864864611666,16.760694229980107,-16.760694229980107,-678.8864864611666,-480.37898975906853,-794.6825262040583,hourly_window_mean_factor_top_available_analogs,4,4262.173024605263,,4262.173024605263,0.0,276.13263774954606,-161.07737202056967,-7.180221329786276e-13,276.13263774954606,-161.07737202056967,-7.180221329786276e-13,756.5116275086145,633.6051541834886,678.8864864611668,480.37898975906853,11.042778954375889,756.5116275086148,17.29918391082712,794.6825262040583,20.901953559653865,633.6051541834886,16.446575249486006,678.8864864611666,16.760694229980107,161.07737202056967,4.455378310167859,-6.256404956451233,0.5089318435187096,756.5116275086145,633.6051541834886,678.8864864611668
experiment_2026_06_15_10_04,SEN_demand_NES,2026-02-02,Constitution Day,H2,H,observance_tier,True,2026-02-02,12,True,True,8,False,4,8,8,pearson,RidgeReg,standard,2,{},2026-02-01 10:00:00,2026-02-03,449.3151777533053,8.94398354739296,305.528068,5.673,,14,24,4,4,8,4,0.06426639524178371,5521.522711174358,5613.437187470915,449.3151777533053,8.94398354739296,-8.94398354739296,-449.3151777533053,200.5888425231154,3.943508969293135,-3.943508969293135,-200.5888425231154,594.4055399709162,11.860927051284529,-11.860927051284529,-594.4055399709162,203.70090230826423,3.933542348437992,-3.397797350332307,-175.69911243716328,608.9245491877215,12.102672386358307,-12.102672386358307,-608.9245491877215,459.6316266531846,9.092992898703454,-8.895613162559254,-449.31517775330536,-200.5888425231154,-594.4055399709162,hourly_window_mean_factor_top_available_analogs,4,4371.069186447367,,4371.069186447367,0.0,-24.889730085952124,14.519009216805367,-2.3934071099287584e-14,-24.889730085952124,14.519009216805367,-2.3934071099287584e-14,175.69911243716328,608.9245491877215,449.3151777533053,200.5888425231154,3.943508969293135,203.70090230826423,3.933542348437992,594.4055399709162,11.860927051284529,608.9245491877215,12.102672386358307,459.6316266531846,9.092992898703454,-14.51900921680533,-0.24174533507377838,0.009966620855143216,-0.1490093513104931,175.69911243716328,608.9245491877215,449.3151777533053
experiment_2026_06_15_10_04,SEN_demand_NES,2026-03-16,Benito Juarez's Birthday,H2,H,observance_tier,True,2026-03-16,12,True,True,7,False,4,8,7,pearson,RidgeReg,standard,2,{},2026-03-15 10:00:00,2026-03-17,488.6564641040907,8.289879809584152,314.837449,5.852,,14,24,4,4,7,4,0.09569338363867826,5386.561019673651,4962.460380507599,488.6564641040907,8.289879809584152,3.2833136967788144,233.35834348424282,621.3708709498429,9.497479759462482,3.4209410040217665,280.1114453274016,411.2397267774019,7.585446505488458,3.2030311008870918,206.08570074240018,638.2232874484596,9.672977407962355,4.9654197709321926,377.94512133671554,393.0296166013286,7.151321653755656,2.157867122106068,149.01605640363582,483.3641269134296,8.080352721094968,3.192228624305167,233.35834348424405,280.1114453274016,206.08570074240018,hourly_window_mean_factor_top_available_analogs,4,5206.2487669078955,,5206.2487669078955,0.0,-97.83367600931395,57.069644338764384,-1.3163739104608172e-12,-97.83367600931395,57.069644338764384,-1.3163739104608172e-12,-377.94512133671554,-149.0160564036358,-233.35834348424413,621.3708709498429,9.497479759462482,638.2232874484596,9.672977407962355,411.2397267774019,7.585446505488458,393.0296166013286,7.151321653755656,483.3641269134296,8.080352721094968,18.21011017607333,0.43412485173280224,-0.17549764849987248,0.20952708848918355,377.94512133671554,149.0160564036358,233.35834348424413
experiment_2026_06_15_10_04,SEN_demand_NES,2026-04-02,Maundy Thursday,H1,G,observance_tier,True,2026-04-02,12,True,True,7,False,2,8,7,pearson,RidgeReg,standard,2,{},2026-04-01 10:00:00,2026-04-03,486.7096783216208,6.4932750149611635,332.934553,6.198,,14,24,4,4,7,4,0.06250034346284672,6990.4012029049845,6622.063949654671,486.7096783216208,6.4932750149611635,6.492579249895963,486.6562786739623,245.5631477095478,3.0401497463069,3.038261241129927,245.41820580876023,627.3784878453301,8.507598088342819,8.507598088342819,627.3784878453301,353.6930540659136,4.433830611296149,4.433830611296149,353.6930540659136,564.218159695325,7.64225565681966,7.64225565681966,564.218159695325,486.65627867396285,6.460204324258366,6.460204324258366,486.65627867396285,245.41820580876023,627.3784878453301,hourly_window_mean_factor_top_available_analogs,4,6480.754960855263,,6480.754960855263,0.0,-108.27484825715335,63.16032815000509,-6.462199196807648e-13,-108.27484825715335,63.16032815000509,-6.462199196807648e-13,-353.6930540659136,-564.2181596953251,-486.6562786739629,245.5631477095478,3.0401497463069,353.6930540659136,4.433830611296149,627.3784878453301,8.507598088342819,564.218159695325,7.64225565681966,486.65627867396285,6.460204324258366,63.16032815000517,0.8653424315231595,-1.3936808649892494,0.033070690702797556,353.6930540659136,564.2181596953251,486.6562786739629
experiment_2026_06_15_10_04,SEN_demand_NES,2026-04-03,Good Friday,H2,G,observance_tier,True,2026-04-03,12,True,True,5,False,2,8,5,pearson,RidgeReg,,2,{},2026-04-02 10:00:00,2026-04-04,265.19384586740927,3.819341305461692,322.718989,5.873,,14,24,4,4,5,4,0.06061087184109065,7283.955178597165,7138.260418808325,265.19384586740927,3.819341305461692,-3.77530497196888,-262.3031707024284,107.62015094530794,1.4246068270577876,-1.3594109614463583,-103.20682966374645,357.11183457196836,5.216269751197303,-5.184576478107016,-355.1093696416596,387.90515635748204,5.346208594458206,-5.346208594458206,-387.90515635748204,189.03534573698036,2.8235929367523984,-2.8235929367523984,-189.03534573698036,262.3031707024283,3.7529776527492764,-3.7529776527492764,-262.3031707024283,-103.20682966374645,-355.1093696416596,hourly_window_mean_factor_top_available_analogs,4,6752.282475131578,,6752.282475131578,0.0,284.69832669373557,-166.07402390467925,-9.573628439715034e-14,284.69832669373557,-166.07402390467925,-9.573628439715034e-14,387.90515635748204,189.03534573698036,262.3031707024283,107.62015094530794,1.4246068270577876,387.90515635748204,5.346208594458206,357.11183457196836,5.216269751197303,189.03534573698036,2.8235929367523984,262.3031707024283,3.7529776527492764,168.076488834988,2.3926768144449047,-3.9216017674004187,0.06636365271241562,387.90515635748204,189.03534573698036,262.3031707024283
experiment_2026_06_15_10_04,SEN_demand_NES,2026-04-04,Holy Saturday,H3,G,observance_tier,True,2026-04-04,12,True,True,5,False,2,9,5,pearson,RidgeReg,,2,{},2026-04-03 10:00:00,2026-04-05,353.9164028112945,5.562960659885813,306.572375,5.708,,14,24,4,4,5,4,0.06318688879961444,6796.616310442873,6642.719924978439,353.9164028112945,5.562960659885813,-5.562960659885813,-353.9164028112945,254.73522552476228,3.7312306085094806,-3.7312306085094806,-254.73522552476228,411.77208956177157,6.631469856522009,-6.631469856522009,-411.77208956177157,440.975635784668,6.561769586117336,-6.561769586117336,-440.975635784668,303.13185024349315,4.85374220582833,-4.85374220582833,-303.13185024349315,353.91640281129446,5.483015451197963,-5.483015451197963,-353.91640281129446,-254.73522552476228,-411.77208956177157,hourly_window_mean_factor_top_available_analogs,4,6110.189575986842,,6110.189575986842,0.0,186.24041025990567,-108.64023931827842,-7.180221329786275e-14,186.24041025990567,-108.64023931827842,-7.180221329786275e-14,440.97563578466793,303.13185024349315,353.91640281129446,254.73522552476228,3.7312306085094806,440.975635784668,6.561769586117336,411.77208956177157,6.631469856522009,303.13185024349315,4.85374220582833,353.91640281129446,5.483015451197963,108.64023931827842,1.777727650693679,-2.8305389776078553,0.0799452086878496,440.97563578466793,303.13185024349315,353.91640281129446
experiment_2026_06_15_10_04,SEN_demand_NES,2026-05-01,Labor Day,H2,F,observance_tier,True,2026-05-01,12,True,True,3,False,2,10,3,pearson,LassoReg,,2,{},2026-04-30 10:00:00,2026-05-02,1097.416950177421,14.340037924470682,345.204102,6.722,,14,24,3,4,3,3,0.060292975330968786,8964.43169175637,8394.704824945098,1097.416950177421,14.340037924470682,-14.340037924470682,-1097.416950177421,982.4775791471177,10.900832498457913,-10.900832498457913,-982.4775791471177,1164.464916611765,16.346241089644796,-16.346241089644796,-1164.464916611765,531.632009511196,5.944223484713731,-5.944223484713731,-531.632009511196,1427.458165566055,20.323696993240926,-20.323696993240926,-1427.458165566055,1097.4169501774224,15.025996226941428,-15.025996226941428,-1097.4169501774224,-982.4775791471177,-1164.464916611765,hourly_window_mean_factor_top_available_analogs,3,6045.138209298246,,6045.138209298246,0.0,-450.8455696359218,262.99324895429027,1.6275168347515558e-12,-450.8455696359218,262.99324895429027,1.6275168347515558e-12,531.632009511196,1427.4581655660552,1097.4169501774227,982.4775791471177,10.900832498457913,531.632009511196,5.944223484713731,1164.464916611765,16.346241089644796,1427.458165566055,20.323696993240926,1097.4169501774224,15.025996226941428,-262.99324895429004,-3.9774559035961303,4.956609013744181,-0.6859583024707465,531.632009511196,1427.4581655660552,1097.4169501774227
experiment_2026_06_15_10_04,SEN_demand_NOR,2025-01-01,New Year's Day,H3,H,observance_tier,True,2025-01-01,12,True,True,6,False,4,6,6,pearson,RidgeReg,standard,2,{},2024-12-31 10:00:00,2025-01-02,37.812536948369164,1.9957741881846907,84.87147,3.578,,14,24,4,4,6,4,0.09300080256280922,1838.4328143127148,1723.9214367111636,37.812536948369164,1.9957741881846907,1.0291741231000515,22.045742792548715,45.37074174120239,2.136012053120098,2.0013463772913442,42.66221122748401,33.403584152549776,1.913968766972369,0.46207364148846386,10.01946953883646,46.650160278833255,2.2120635164509737,1.2164781022305091,26.610711739686653,39.44499332451749,2.2655808315225023,1.0216542382807094,19.382844240051167,42.09952851821277,2.2458639259698336,1.0934314513148462,22.045742792548452,42.66221122748401,10.01946953883646,hourly_window_mean_factor_top_available_analogs,4,1864.0413019078949,,1864.0413019078949,0.0,16.05149948779735,-9.363374701214704,2.6327478209216345e-13,16.05149948779735,-9.363374701214704,2.6327478209216345e-13,-26.610711739686657,-19.382844240051163,-22.045742792548452,45.37074174120239,2.136012053120098,46.650160278833255,2.2120635164509737,33.403584152549776,1.913968766972369,39.44499332451749,2.2655808315225023,42.09952851821277,2.2458639259698336,-6.0414091719677145,-0.3516120645501333,-0.07605146333087554,-0.250089737785143,26.610711739686657,19.382844240051163,22.045742792548452
experiment_2026_06_15_10_04,SEN_demand_NOR,2025-02-03,Constitution Day,H2,H,observance_tier,True,2025-02-03,12,True,True,4,False,4,6,4,euclidian,PLS,,3,{},2025-02-02 10:00:00,2025-02-04,42.8948804537543,2.112513827283767,81.318423,3.681,,14,24,4,4,4,4,0.05912209912132631,1933.9222730864901,1905.885085350943,42.8948804537543,2.112513827283767,0.5880662399945562,13.818155860878038,36.8617406376252,1.900006012057018,-1.7248214108563338,-33.25006134742874,46.41421201316294,2.2364767194993718,1.9372507029909087,41.27461589905699,42.99084710416709,2.200637894719964,-2.094579441292112,-40.805187358192015,45.68177273866933,2.2237986053747885,2.2237986053747885,45.68177273866933,44.69037908385271,2.215265711975642,0.6328172197606671,13.818155860878308,-33.25006134742874,41.27461589905699,hourly_window_mean_factor_top_available_analogs,4,1945.2940820394736,,1945.2940820394736,0.0,7.555126010763274,-4.407156839612337,-2.692582998669853e-13,7.555126010763274,-4.407156839612337,-2.692582998669853e-13,40.805187358192015,-45.68177273866932,-13.818155860878308,36.8617406376252,1.900006012057018,42.99084710416709,2.200637894719964,46.41421201316294,2.2364767194993718,45.68177273866933,2.2237986053747885,44.69037908385271,2.215265711975642,0.7324392744936077,0.012678114124583306,-0.30063188266294594,-0.1027518846918749,40.805187358192015,45.68177273866932,13.818155860878308
experiment_2026_06_15_10_04,SEN_demand_NOR,2025-03-17,Benito Juarez's Birthday,H2,H,observance_tier,True,2025-03-17,12,True,True,5,False,4,6,5,euclidian,PCR,,3,{},2025-03-16 10:00:00,2025-03-18,129.70774727067175,5.881597474413156,78.33848,3.564,,14,24,4,4,5,4,0.056135149420798613,1995.1370512691399,1945.436420447322,129.70774727067175,5.881597474413156,5.620474201858179,124.26210662559731,37.72785335866107,1.7523742794057704,1.0436111110422601,22.94682875060193,183.36268538601135,8.290311004834132,8.290311004834132,183.36268538601135,54.71156526396708,2.5467667381363315,2.5467667381363315,54.71156526396708,164.83325575321442,7.5302204462340745,7.5302204462340745,164.83325575321442,124.26210662559697,5.694211185355959,5.694211185355959,124.26210662559697,22.94682875060193,183.36268538601135,hourly_window_mean_factor_top_available_analogs,4,1988.6185667105265,,1988.6185667105265,0.0,-31.764736513365147,18.529429632796916,3.649945842641357e-13,-31.764736513365147,18.529429632796916,3.649945842641357e-13,-54.711565263967074,-164.83325575321444,-124.26210662559694,37.72785335866107,1.7523742794057704,54.71156526396708,2.5467667381363315,183.36268538601135,8.290311004834132,164.83325575321442,7.5302204462340745,124.26210662559697,5.694211185355959,18.529429632796933,0.7600905586000577,-0.7943924587305611,0.1873862890571969,54.711565263967074,164.83325575321444,124.26210662559694
experiment_2026_06_15_10_04,SEN_demand_NOR,2025-04-17,Maundy Thursday,H1,G,observance_tier,True,2025-04-17,12,True,True,2,False,2,6,2,pearson,LassoReg,,2,{},2025-04-16 10:00:00,2025-04-18,132.65941578012408,4.3742940289434085,76.705368,3.417,,14,24,2,4,2,2,0.054317913629685494,3117.0151084158515,3013.4666838486537,132.65941578012408,4.3742940289434085,-2.3984506085837407,-66.5633244684836,97.96019198912794,2.861742711468247,1.2797624144786754,46.459777326093864,152.90062965820513,5.25661563080392,-4.544074872036817,-132.49346718198714,149.42874286159199,4.3170675103075595,3.615826179946233,128.87622970096066,197.50752969193385,7.073011596294464,-6.5516249199779955,-180.56973106732525,179.79429243865002,6.057663775141394,-2.8057218831638058,-66.56332446848307,46.459777326093864,-132.49346718198714,hourly_window_mean_factor_top_available_analogs,2,2156.6688634210527,,2156.6688634210527,0.0,-82.4164523748668,48.07626388533811,-5.385165997339706e-13,-82.4164523748668,48.07626388533811,-5.385165997339706e-13,-128.87622970096066,180.56973106732525,66.56332446848306,97.96019198912794,2.861742711468247,149.42874286159199,4.3170675103075595,152.90062965820513,5.25661563080392,197.50752969193385,7.073011596294464,179.79429243865002,6.057663775141394,-44.60690003372872,-1.8163959654905435,-1.4553247988393125,-1.683369746197986,128.87622970096066,180.56973106732525,66.56332446848306
experiment_2026_06_15_10_04,SEN_demand_NOR,2025-04-18,Good Friday,H2,G,observance_tier,True,2025-04-18,12,True,True,2,False,2,6,2,pearson,RidgeReg,,2,{},2025-04-17 10:00:00,2025-04-19,426.2040843166002,16.25676986743138,81.319021,3.483,,14,24,2,4,2,2,0.06132570182048191,3086.0313030008106,2977.3100798723485,426.2040843166002,16.25676986743138,-16.25676986743138,-426.2040843166002,340.33957836388834,11.601110236818968,-11.601110236818968,-340.33957836388834,476.2917127890153,18.972571318621956,-18.972571318621956,-476.2917127890153,274.5003752046739,9.537410960366374,-9.537410960366374,-274.5003752046739,514.6979146318903,20.807405704058386,-20.807405704058386,-514.6979146318903,426.2040843166,16.65530237743501,-16.65530237743501,-426.2040843166,-340.33957836388834,-476.2917127890153,hourly_window_mean_factor_top_available_analogs,2,2117.2952134210527,,2117.2952134210527,0.0,-65.83920315921442,38.40620184287485,-1.436044265957255e-13,-65.83920315921442,38.40620184287485,-1.436044265957255e-13,274.5003752046739,514.6979146318902,426.2040843166,340.33957836388834,11.601110236818968,274.5003752046739,9.537410960366374,476.2917127890153,18.972571318621956,514.6979146318903,20.807405704058386,426.2040843166,16.65530237743501,-38.406201842874964,-1.8348343854364302,2.063699276452594,-0.3985325100036299,274.5003752046739,514.6979146318902,426.2040843166
experiment_2026_06_15_10_04,SEN_demand_NOR,2025-04-19,Holy Saturday,H3,G,observance_tier,True,2025-04-19,12,True,True,2,False,2,7,2,pearson,RidgeReg,,2,{},2025-04-18 10:00:00,2025-04-20,195.57324813153645,7.883849552026582,111.385752,4.643,,14,24,2,4,2,2,0.05625584976540841,2622.033896260572,2520.9266377785866,195.57324813153645,7.883849552026582,-7.511178210420185,-187.04861836583532,320.7137565154044,12.852411955504092,-12.852411955504092,-320.7137565154044,122.57461824094678,4.985521483331369,-4.395458525787908,-109.07728777858672,252.91130395715004,10.2248898436622,-10.2248898436622,-252.91130395715004,152.91915417993,6.529017762086146,-6.369310774827354,-148.62871843756815,189.7583672557479,7.890654844772061,-7.789787273871772,-187.04861836583518,-320.7137565154044,-109.07728777858672,hourly_window_mean_factor_top_available_analogs,2,1884.7881530263157,,1884.7881530263157,0.0,-67.80245255825434,39.55143065898144,-1.6753849769501309e-13,-67.80245255825434,39.55143065898144,-1.6753849769501309e-13,252.91130395715004,148.62871843756815,187.04861836583515,320.7137565154044,12.852411955504092,252.91130395715004,10.2248898436622,122.57461824094678,4.985521483331369,152.91915417993,6.529017762086146,189.7583672557479,7.890654844772061,-30.344535938983213,-1.5434962787547768,2.627522111841891,-0.006805292745478475,252.91130395715004,148.62871843756815,187.04861836583515
experiment_2026_06_15_10_04,SEN_demand_NOR,2025-05-01,Labor Day,H2,F,observance_tier,True,2025-05-01,12,True,True,2,False,2,8,2,pearson,RidgeReg,,2,{},2025-04-30 10:00:00,2025-05-02,136.81711567220847,4.7027207215542175,105.907798,4.41,,14,24,2,4,2,2,0.06945787699374333,2814.0140243227543,2791.0571273152914,136.81711567220847,4.7027207215542175,1.2346857613944002,52.04300462461461,214.4216022358818,6.708628430508093,6.708628430508093,214.4216022358818,91.54783184339908,3.532607891331123,-1.9584474622552535,-42.67784398195791,175.946440574749,5.43088361671704,5.270353973913579,171.8753170437514,118.68308939129548,4.492643239952475,-1.242833583876245,-17.859177619882626,139.78011351151517,4.838310747181526,1.1567618321515851,52.04300462461412,214.4216022358818,-42.67784398195791,hourly_window_mean_factor_top_available_analogs,2,2608.6187492105264,,2608.6187492105264,0.0,42.54628519213039,-24.818666362075287,4.906484575353955e-13,42.54628519213039,-24.818666362075287,4.906484575353955e-13,-171.8753170437514,17.859177619882626,-52.04300462461412,214.4216022358818,6.708628430508093,175.946440574749,5.43088361671704,91.54783184339908,3.532607891331123,118.68308939129548,4.492643239952475,139.78011351151517,4.838310747181526,-27.1352575478964,-0.9600353486213518,1.2777448137910534,-0.13559002562730882,171.8753170437514,17.859177619882626,52.04300462461412
experiment_2026_06_15_10_04,SEN_demand_NOR,2025-09-16,Independence Day,H2,H,observance_tier,True,2025-09-16,12,True,True,8,False,4,8,8,euclidian,RidgeReg,standard,2,{},2025-09-15 10:00:00,2025-09-17,113.60909206594387,2.8228023871725703,118.115436,4.992,,14,24,4,4,8,4,0.0926064493924813,4052.9987890310763,3916.7757721030835,113.60909206594387,2.8228023871725703,1.301618263873159,48.801304389977055,116.57973194950968,2.6698473430553853,2.6698473430553853,116.57973194950968,111.87621880053051,2.9120261629075954,0.5034846343501941,9.263888313583019,161.15405057363344,3.6333925092524204,3.6333925092524204,161.15405057363344,82.38218636914979,2.0942213633637814,-0.34671824608206153,-16.737797550490257,111.40339949711745,2.6612844171122285,1.119638347988537,48.80130438997637,116.57973194950968,9.263888313583019,hourly_window_mean_factor_top_available_analogs,4,4010.973664078947,,4010.973664078947,0.0,-44.57431862412376,26.001685864073277,6.821210263296962e-13,-44.57431862412376,26.001685864073277,6.821210263296962e-13,-161.15405057363344,16.737797550490257,-48.80130438997637,116.57973194950968,2.6698473430553853,161.15405057363344,3.6333925092524204,111.87621880053051,2.9120261629075954,82.38218636914979,2.0942213633637814,111.40339949711745,2.6612844171122285,29.494032431380717,0.817804799543814,-0.9635451661970351,0.16151797006034174,161.15405057363344,16.737797550490257,48.80130438997637
experiment_2026_06_15_10_04,SEN_demand_NOR,2025-11-17,Mexican Revolution Day,H2,F,observance_tier,True,2025-11-17,12,True,True,2,False,2,8,2,pearson,RidgeReg,,2,{},2025-11-16 10:00:00,2025-11-18,91.25611026732594,3.4196516851982226,118.176215,4.536,,14,24,2,4,2,2,0.07549017871138904,2662.4787744675145,2646.416131405879,91.25611026732594,3.4196516851982226,-2.6289528221662413,-73.62132420435647,49.90108444971789,1.822993050354846,-1.26277817219564,-36.66882900174645,115.37987532759729,4.351035888856859,-3.425888034649091,-95.17694640587898,90.06958921236358,3.510115338299254,-3.510115338299254,-90.06958921236358,71.10271788913515,2.9662094915407327,-2.721071148538657,-64.02650294968589,78.09051258716669,3.166595856135977,-3.011771639503087,-73.62132420435663,-36.66882900174645,-95.17694640587898,hourly_window_mean_factor_top_available_analogs,2,2472.405771710526,,2472.405771710526,0.0,53.400760210617136,-31.150443456193084,1.555714621453693e-13,53.400760210617136,-31.150443456193084,1.555714621453693e-13,90.06958921236358,64.02650294968589,73.62132420435663,49.90108444971789,1.822993050354846,90.06958921236358,3.510115338299254,115.37987532759729,4.351035888856859,71.10271788913515,2.9662094915407327,78.09051258716669,3.166595856135977,44.27715743846214,1.3848263973161261,-1.6871222879444079,0.2530558290622458,90.06958921236358,64.02650294968589,73.62132420435663
experiment_2026_06_15_10_04,SEN_demand_NOR,2025-12-24,Christmas Eve,H1,G,observance_tier,True,2025-12-24,12,True,True,2,False,2,8,2,pearson,LassoReg,,2,{},2025-12-23 10:00:00,2025-12-25,77.07701345726713,3.3815481911736627,118.530436,4.465,,14,24,2,4,2,2,0.06411017033655877,2334.7834481034074,2250.405348230241,77.07701345726713,3.3815481911736627,-1.3724246693386184,-31.958379156039175,75.07390500422814,3.1707184692427575,-2.3154212953715563,-53.19816217169302,78.24549338820653,3.5045321956333573,-0.8223433041527383,-19.5685057302411,69.41057928717503,2.9402818537703617,-1.8381487662671012,-41.27540058581111,68.97855004541093,3.064651700562656,-1.168229600099612,-26.523449988671995,69.1377187134293,3.0188312306918106,-1.4150419244771082,-31.95837915603904,-53.19816217169302,-19.5685057302411,hourly_window_mean_factor_top_available_analogs,2,2320.4035689473685,,2320.4035689473685,0.0,-11.922761585881906,6.954944258430895,-1.3762090882090361e-13,-11.922761585881906,6.954944258430895,-1.3762090882090361e-13,41.27540058581111,26.523449988671995,31.958379156039037,75.07390500422814,3.1707184692427575,69.41057928717503,2.9402818537703617,78.24549338820653,3.5045321956333573,68.97855004541093,3.064651700562656,69.1377187134293,3.0188312306918106,9.2669433427956,0.43988049507070137,0.2304366154723958,0.3627169604818521,41.27540058581111,26.523449988671995,31.958379156039037
experiment_2026_06_15_10_04,SEN_demand_NOR,2025-12-25,Christmas Day,H2,H,observance_tier,True,2025-12-25,12,True,True,8,False,4,8,8,pearson,RidgeReg,standard,2,{},2025-12-24 10:00:00,2025-12-26,54.054007511382295,2.648647427325521,123.992877,4.874,,14,24,4,4,8,4,0.09353194804987763,2152.7612052962236,2038.8363790712347,54.054007511382295,2.648647427325521,-2.388278852358941,-48.301970559381466,54.690558607797094,2.3983101965386884,-2.115358933017486,-48.50983382477619,53.68268603847366,2.79467747861784,-2.547482138641456,-48.180716987901214,102.81771080439343,4.524420689599495,-4.524420689599495,-102.81771080439343,54.348368574950115,2.761466907254252,-0.9934873896039814,-16.501122083124482,72.20549465948186,3.410976195486709,-2.2943575527602236,-48.30197055938146,-48.50983382477619,-48.180716987901214,hourly_window_mean_factor_top_available_analogs,4,1855.0769248026318,,1855.0769248026318,0.0,54.30787697961724,-31.679594904776735,-5.983517774821896e-15,54.30787697961724,-31.679594904776735,-5.983517774821896e-15,102.81771080439343,16.50112208312448,48.30197055938146,54.690558607797094,2.3983101965386884,102.81771080439343,4.524420689599495,53.68268603847366,2.79467747861784,54.348368574950115,2.761466907254252,72.20549465948186,3.410976195486709,-0.6656825364764529,0.03321057136358796,-2.1261104930608066,-0.7623287681611877,102.81771080439343,16.50112208312448,48.30197055938146
experiment_2026_06_15_10_04,SEN_demand_NOR,2025-12-31,New Year's Eve,H1,G,observance_tier,True,2025-12-31,12,True,True,2,False,2,8,2,pearson,LassoReg,,2,{},2025-12-30 10:00:00,2026-01-01,42.34698017910791,1.8206495352379313,127.168316,4.798,,14,24,2,4,2,2,0.06655316860939135,2284.5768851936505,2211.0530863787867,42.34698017910791,1.8206495352379313,1.6255447164378385,37.97150243792899,50.34075826658496,2.025638478301507,2.025638478301507,50.34075826658496,37.68394296141296,1.7010726517841785,1.3921566886840313,30.75610320454634,30.38693608993312,1.2190451580320054,1.1408637852031813,28.648554560357884,60.393911959410595,2.724990015991466,1.9910648144891727,43.40988869984469,49.338710323287316,2.1701682262169273,1.677832856331176,37.9715024379285,50.34075826658496,30.75610320454634,hourly_window_mean_factor_top_available_analogs,2,2145.1273688157894,,2145.1273688157894,0.0,21.692203706227083,-12.653785495298356,4.906484575353955e-13,21.692203706227083,-12.653785495298356,4.906484575353955e-13,-28.64855456035788,-43.40988869984469,-37.9715024379285,50.34075826658496,2.025638478301507,30.38693608993312,1.2190451580320054,37.68394296141296,1.7010726517841785,60.393911959410595,2.724990015991466,49.338710323287316,2.1701682262169273,-22.709968997997635,-1.0239173642072874,0.8065933202695017,-0.349518690978996,28.64855456035788,43.40988869984469,37.9715024379285
experiment_2026_06_15_10_04,SEN_demand_NOR,2026-01-01,New Year's Day,H3,H,observance_tier,True,2026-01-01,12,True,True,8,False,4,8,8,pearson,PCR,standard,4,{},2025-12-31 10:00:00,2026-01-02,101.15009093909198,5.108201243230243,113.81699,4.38,,14,24,4,4,8,4,0.09110651023379976,2166.3921912022497,2050.8855744496545,101.15009093909198,5.108201243230243,-5.108201243230243,-101.15009093909198,73.3894327781271,3.209268909588244,-3.209268909588244,-73.3894327781271,117.34380819965484,6.215911771188075,-6.215911771188075,-117.34380819965484,107.70906283577753,4.708823775710299,-4.708823775710299,-107.70906283577753,97.32402399935847,5.11597450413159,-5.11597450413159,-97.32402399935847,101.15009093909181,4.965971604186904,-4.965971604186904,-101.15009093909181,-73.3894327781271,-117.34380819965484,hourly_window_mean_factor_top_available_analogs,4,1931.5995036842107,,1931.5995036842107,0.0,34.31963005765043,-20.019784200296368,-1.795055332446569e-13,34.31963005765043,-20.019784200296368,-1.795055332446569e-13,107.70906283577753,97.32402399935847,101.1500909390918,73.3894327781271,3.209268909588244,107.70906283577753,4.708823775710299,117.34380819965484,6.215911771188075,97.32402399935847,5.11597450413159,101.15009093909181,4.965971604186904,20.01978420029637,1.099937267056485,-1.4995548661220552,0.14222963904333952,107.70906283577753,97.32402399935847,101.1500909390918
experiment_2026_06_15_10_04,SEN_demand_NOR,2026-02-02,Constitution Day,H2,H,observance_tier,True,2026-02-02,12,True,True,7,False,4,8,7,euclidian,PCR,,3,{},2026-02-01 10:00:00,2026-02-03,92.1657858877394,4.516950733080518,116.020322,4.698,,14,24,4,4,7,4,0.06186215241260517,1996.963622675936,1942.2898532765296,92.1657858877394,4.516950733080518,2.003553214242951,43.098389955643,72.99998802648693,3.702341050986372,-3.1197379287155926,-60.182943789203314,103.34583464013667,4.992139714302102,4.992139714302102,103.34583464013667,58.124866436538355,2.962112976570325,-1.8540707446665654,-33.6676919677286,88.10297413099663,4.289205036293319,4.277863621270707,87.87860441094305,77.05840813830146,3.8002763827111643,2.0187299075043437,43.09838995564297,-60.182943789203314,103.34583464013667,hourly_window_mean_factor_top_available_analogs,4,2003.8596284210525,,2003.8596284210525,0.0,-26.515251821474717,15.467230229193623,2.3934071099287584e-14,-26.515251821474717,15.467230229193623,2.3934071099287584e-14,33.6676919677286,-87.87860441094305,-43.09838995564298,72.99998802648693,3.702341050986372,58.124866436538355,2.962112976570325,103.34583464013667,4.992139714302102,88.10297413099663,4.289205036293319,77.05840813830146,3.8002763827111643,15.242860509140044,0.7029346780087824,0.7402280744160472,0.7166743503693533,33.6676919677286,87.87860441094305,43.09838995564298
experiment_2026_06_15_10_04,SEN_demand_NOR,2026-03-16,Benito Juarez's Birthday,H2,H,observance_tier,True,2026-03-16,12,True,True,6,False,4,8,6,pearson,RidgeReg,standard,2,{},2026-03-15 10:00:00,2026-03-17,116.6150313578883,4.777616559273024,94.207572,3.805,,14,24,4,4,6,4,0.0847377604946591,2545.326522457402,2486.171304841751,116.6150313578883,4.777616559273024,-3.443611547637044,-80.43174140476984,208.14805765565947,8.73028020831562,-8.73028020831562,-208.14805765565947,63.220766017521804,2.4718960973315105,-0.35972149557454075,-5.930556925084204,196.08101102134333,8.388135155186971,-8.388135155186971,-196.08101102134333,82.81166621227527,3.2123106113660946,-0.8174414055114286,-12.969667461769689,124.5424774577214,5.1191933380369425,-3.6066443659182075,-80.4317414047705,-208.14805765565947,-5.930556925084204,hourly_window_mean_factor_top_available_analogs,4,3485.8434440789474,,3485.8434440789474,0.0,-12.067046634316155,7.0391105366854845,6.701539907800523e-13,-12.067046634316155,7.0391105366854845,6.701539907800523e-13,196.08101102134333,12.969667461769689,80.4317414047705,208.14805765565947,8.73028020831562,196.08101102134333,8.388135155186971,63.220766017521804,2.4718960973315105,82.81166621227527,3.2123106113660946,124.5424774577214,5.1191933380369425,-19.590900194753466,-0.7404145140345841,0.3421450531286485,-0.3415767787639181,196.08101102134333,12.969667461769689,80.4317414047705
experiment_2026_06_15_10_04,SEN_demand_NOR,2026-04-02,Maundy Thursday,H1,G,observance_tier,True,2026-04-02,12,True,True,6,False,2,8,6,pearson,RidgeReg,standard,2,{},2026-04-01 10:00:00,2026-04-03,98.58348486686513,3.2272489161201396,77.065178,3.116,,14,24,4,4,6,4,0.06999736957121383,3079.513617843006,2911.2710203123734,98.58348486686513,3.2272489161201396,-1.887246826602369,-55.75780284300626,119.06919075266235,3.6232365704614087,-3.6232365704614087,-119.06919075266235,86.63348976681675,2.996256117754399,-0.8745861426845952,-18.826159895706876,29.487900049308173,0.9324053281209171,-0.6578878914554954,-20.28363048078274,92.14261314190922,3.461718336080272,-2.9731242952713237,-76.45107005430303,69.05929779200358,2.5298661752531415,-2.1201424622865446,-55.75780284300608,-119.06919075266235,-18.826159895706876,hourly_window_mean_factor_top_available_analogs,4,2536.839840460526,,2536.839840460526,0.0,-98.7855602718796,57.62491015859615,-1.795055332446569e-13,-98.7855602718796,57.62491015859615,-1.795055332446569e-13,20.283630480782747,76.45107005430303,55.75780284300608,119.06919075266235,3.6232365704614087,29.487900049308173,0.9324053281209171,86.63348976681675,2.996256117754399,92.14261314190922,3.461718336080272,69.05929779200358,2.5298661752531415,-5.5091233750924715,-0.465462218325873,2.6908312423404914,0.6973827408669981,20.283630480782747,76.45107005430303,55.75780284300608
experiment_2026_06_15_10_04,SEN_demand_NOR,2026-04-03,Good Friday,H2,G,observance_tier,True,2026-04-03,12,True,True,6,False,2,8,6,pearson,RidgeReg,standard,2,{},2026-04-02 10:00:00,2026-04-04,105.34237184284154,3.7907541642421743,77.857671,3.083,,14,24,4,4,6,4,0.06198666804333428,2762.742199273609,2698.907127183192,105.34237184284154,3.7907541642421743,0.6039566849620481,28.898932305338924,140.17179074270047,4.550460932622269,3.0661671467986302,101.89408142853465,85.02521081792383,3.347591882687117,-0.8323327511092914,-13.681571349858586,138.1524734445139,4.5595430710789255,2.0909417042970513,73.7876618817739,104.07951272094856,3.9839039323878276,-0.3526337027374678,2.713840052417671,116.63270877699897,4.195981509800337,0.5476309209068286,28.898932305338384,101.89408142853465,-13.681571349858586,hourly_window_mean_factor_top_available_analogs,4,2216.0972006578945,,2216.0972006578945,0.0,28.10641954676076,-16.395411402276256,5.385165997339706e-13,28.10641954676076,-16.395411402276256,5.385165997339706e-13,-73.78766188177389,-2.7138400524176696,-28.898932305338384,140.17179074270047,4.550460932622269,138.1524734445139,4.5595430710789255,85.02521081792383,3.347591882687117,104.07951272094856,3.9839039323878276,116.63270877699897,4.195981509800337,-19.054301903024722,-0.6363120497007104,-0.009082138456656175,-0.40522734555816253,73.78766188177389,2.7138400524176696,28.898932305338384
experiment_2026_06_15_10_04,SEN_demand_NOR,2026-04-04,Holy Saturday,H3,G,observance_tier,True,2026-04-04,12,True,True,6,False,2,9,6,pearson,PCR,,3,{},2026-04-03 10:00:00,2026-04-05,140.9343512286081,5.0659785043289505,78.322011,3.093,,14,24,4,4,6,4,0.061111560904119566,2621.807171218259,2559.127237645361,140.9343512286081,5.0659785043289505,3.245329633097648,97.28311983437197,114.74187844522764,4.341562862998969,-0.5110636445502376,-1.6111552003706688,156.21329368558006,5.488554295104772,5.436559045058914,154.97144693797185,134.45393196442757,5.189385401725163,-1.7390050178062537,-32.139481722894125,185.21389579552866,6.318334196549498,5.767364711686693,172.7796374094447,166.51285648933356,5.902405693193165,3.001860074505082,97.2831198343725,-1.6111552003706688,154.97144693797185,hourly_window_mean_factor_top_available_analogs,4,2262.1322009210526,,2262.1322009210526,0.0,30.528326522523457,-17.80819047147285,-5.265495641843269e-13,30.528326522523457,-17.80819047147285,-5.265495641843269e-13,32.139481722894125,-172.7796374094447,-97.2831198343725,114.74187844522764,4.341562862998969,134.45393196442757,5.189385401725163,156.21329368558006,5.488554295104772,185.21389579552866,6.318334196549498,166.51285648933356,5.902405693193165,-29.000602109948602,-0.8297799014447254,-0.8478225387261942,-0.8364271888642145,32.139481722894125,172.7796374094447,97.2831198343725
experiment_2026_06_15_10_04,SEN_demand_NOR,2026-05-01,Labor Day,H2,F,observance_tier,True,2026-05-01,12,True,True,10,False,2,10,10,pearson,RidgeReg,standard,2,{},2026-04-30 10:00:00,2026-05-02,171.26076833179445,5.394392202001732,103.566462,4.179,,14,24,4,4,10,4,0.07667260534512695,3405.6692702081373,3316.2291993046492,171.26076833179445,5.394392202001732,-4.916215065860456,-155.9084383660324,113.18561023547234,3.2149147023492852,-1.917005332822966,-71.51500032840393,205.13794388798237,6.665754076798993,-6.665754076798993,-205.13794388798237,81.71007178125751,2.310786661748011,0.4442994388126997,16.06740854105994,256.2276823951692,8.667092002823566,-8.667092002823566,-256.2276823951692,191.93172059004385,6.3252952982167825,-5.310263576957573,-155.9084383660322,-71.51500032840393,-205.13794388798237,hourly_window_mean_factor_top_available_analogs,4,2542.5455041447367,,2542.5455041447367,0.0,-87.58240886946386,51.08973850718684,-2.6327478209216345e-13,-87.58240886946386,51.08973850718684,-2.6327478209216345e-13,-16.067408541059933,256.2276823951692,155.90843836603216,113.18561023547234,3.2149147023492852,81.71007178125751,2.310786661748011,205.13794388798237,6.665754076798993,256.2276823951692,8.667092002823566,191.93172059004385,6.3252952982167825,-51.08973850718684,-2.001337926024573,0.9041280406012744,-0.9309030962150509,16.067408541059933,256.2276823951692,155.90843836603216
experiment_2026_06_15_10_04,SEN_demand_NTE,2025-01-01,New Year's Day,H3,H,observance_tier,True,2025-01-01,12,True,True,5,False,4,6,5,pearson,RidgeReg,minmax,2,{},2024-12-31 10:00:00,2025-01-02,117.52270053384434,5.723680816351122,138.331037,4.837,,14,24,4,4,5,4,0.07787935532349027,2332.1694779647523,2278.6943793487635,117.52270053384434,5.723680816351122,-4.8271615511417965,-94.37341375422591,54.80255399398305,2.2323351126281183,0.20107432151147928,8.031224407838506,154.10945268209682,7.760299143522874,-7.760299143522874,-154.10945268209682,86.74104437473443,3.628114468888886,-3.628114468888886,-86.74104437473443,98.82562922559616,4.851762017841797,-4.851762017841797,-98.82562922559616,94.37341375422605,4.400944499806514,-4.400944499806514,-94.37341375422605,8.031224407838506,-154.10945268209682,hourly_window_mean_factor_top_available_analogs,4,2328.592380263158,,2328.592380263158,0.0,94.77226878257294,-55.28382345650066,1.3762090882090361e-13,94.77226878257294,-55.28382345650066,1.3762090882090361e-13,86.74104437473443,98.82562922559615,94.37341375422605,54.80255399398305,2.2323351126281183,86.74104437473443,3.628114468888886,154.10945268209682,7.760299143522874,98.82562922559616,4.851762017841797,94.37341375422605,4.400944499806514,55.283823456500656,2.908537125681077,-1.3957793562607677,1.3227363165446073,86.74104437473443,98.82562922559615,94.37341375422605
experiment_2026_06_15_10_04,SEN_demand_NTE,2025-02-03,Constitution Day,H2,H,observance_tier,True,2025-02-03,12,True,True,5,False,4,6,5,euclidian,RidgeReg,standard,2,{},2025-02-02 10:00:00,2025-02-04,112.14259302064066,4.370974053881055,119.276437,4.096,,14,24,4,4,5,4,0.06067428146797112,2690.918045125904,2706.4278409430303,112.14259302064066,4.370974053881055,-4.370974053881055,-112.14259302064066,93.1402737251152,3.698214081553846,-3.698214081553846,-93.1402737251152,123.22727927636384,4.763417371071928,-4.763417371071928,-123.22727927636384,80.58624846167643,3.2961114732923678,-2.6372148464194765,-62.93060081455032,141.05194236331872,5.494929578724488,-5.487365402139076,-140.84958847419372,118.7751077679768,4.684838697775811,-4.43730993424238,-112.1425930206409,-93.1402737251152,-123.22727927636384,hourly_window_mean_factor_top_available_analogs,4,2761.2502786842106,,2761.2502786842106,0.0,-30.209672910564873,17.622309197829868,2.2737367544323206e-13,-30.209672910564873,17.622309197829868,2.2737367544323206e-13,62.93060081455032,140.84958847419372,112.14259302064089,93.1402737251152,3.698214081553846,80.58624846167643,3.2961114732923678,123.22727927636384,4.763417371071928,141.05194236331872,5.494929578724488,118.7751077679768,4.684838697775811,-17.82466308695487,-0.7315122076525595,0.40210260826147826,-0.31386464389475677,62.93060081455032,140.84958847419372,112.14259302064089
experiment_2026_06_15_10_04,SEN_demand_NTE,2025-03-17,Benito Juarez's Birthday,H2,H,observance_tier,True,2025-03-17,12,True,True,6,False,4,6,6,pearson,RidgeReg,standard,2,{},2025-03-16 10:00:00,2025-03-18,46.36300839217683,1.7226120917767702,108.799874,3.89,,14,24,4,4,6,4,0.05620498568774716,2759.844133749866,2797.922851717842,46.36300839217683,1.7226120917767702,-0.9786130482489837,-24.835612697234804,70.76838866190785,2.7128023713030234,-2.7128023713030234,-70.76838866190785,32.12653656816707,1.145001095386456,0.032997390199205966,1.9585066154911412,146.59750825204597,5.7180293157841735,-5.7180293157841735,-146.59750825204597,71.54750969272622,2.4911686634620867,1.5147885731565374,46.19215970973877,99.19750916194928,3.6800120616860132,-1.1499338069795144,-24.835612697234552,-70.76838866190785,1.9585066154911412,hourly_window_mean_factor_top_available_analogs,4,2498.15815381579,,2498.15815381579,0.0,75.8291195901381,-44.23365309424762,-2.5130774654251967e-13,75.8291195901381,-44.23365309424762,-2.5130774654251967e-13,146.59750825204594,-46.19215970973876,24.835612697234552,70.76838866190785,2.7128023713030234,146.59750825204597,5.7180293157841735,32.12653656816707,1.145001095386456,71.54750969272622,2.4911686634620867,99.19750916194928,3.6800120616860132,-39.420973124559154,-1.3461675680756306,-3.00522694448115,-1.957399969909243,146.59750825204594,46.19215970973876,24.835612697234552
experiment_2026_06_15_10_04,SEN_demand_NTE,2025-04-17,Maundy Thursday,H1,G,observance_tier,True,2025-04-17,12,True,True,2,False,2,6,2,pearson,RidgeReg,,2,{},2025-04-16 10:00:00,2025-04-18,102.59644485560014,2.5711891499397934,91.029805,3.337,,14,24,2,4,2,2,0.044407743287326315,3935.0059462656095,3801.2092125757586,102.59644485560014,2.5711891499397934,1.1948374078373742,49.66291583965351,115.187741504712,2.7895578539536037,0.14204110342508597,12.375154551788,95.25152181028488,2.4438074059317376,1.8089685854112088,71.41410992424171,119.32534025116463,2.8783904188953437,0.3445138068448587,20.940375301760405,93.74267073657965,2.4020842880900695,1.6736231001882587,66.41773115342487,103.16786476826886,2.577565494176223,1.183951255272269,49.66291583965375,12.375154551788,71.41410992424171,hourly_window_mean_factor_top_available_analogs,2,3060.4024928947365,,3060.4024928947365,0.0,-8.565220749972402,4.9963787708168566,-2.3934071099287584e-13,-8.565220749972402,4.9963787708168566,-2.3934071099287584e-13,-20.940375301760405,-66.41773115342485,-49.66291583965375,115.187741504712,2.7895578539536037,119.32534025116463,2.8783904188953437,95.25152181028488,2.4438074059317376,93.74267073657965,2.4020842880900695,103.16786476826886,2.577565494176223,1.5088510737052303,0.041723117841668156,-0.08883256494174008,-0.006376344236429521,20.940375301760405,66.41773115342485,49.66291583965375
experiment_2026_06_15_10_04,SEN_demand_NTE,2025-04-18,Good Friday,H2,G,observance_tier,True,2025-04-18,12,True,True,2,False,2,6,2,pearson,RidgeReg,,2,{},2025-04-17 10:00:00,2025-04-19,95.18946845602586,3.009599986949396,91.236014,3.245,,14,24,2,4,2,2,0.10857554952758974,3400.1124789779265,3066.5628290970076,95.18946845602586,3.009599986949396,-1.8827150000246313,-55.68722845161053,80.07488164231447,2.0620550946797294,-1.156360995207473,-43.03350448807266,104.00631076402418,3.5623345074400348,-2.3064215028346404,-63.068567430340956,80.74641202514447,2.026359558954616,0.9090232646498649,38.18632175859573,138.1239441217513,4.782735531256609,-3.948784516109686,-110.44679940756443,116.98485334931719,3.767228594092716,-2.1590658600403776,-55.687228451610686,-43.03350448807266,-63.068567430340956,hourly_window_mean_factor_top_available_analogs,2,2912.4286523684214,,2912.4286523684214,0.0,-81.21982624666839,47.37823197722347,1.555714621453693e-13,-81.21982624666839,47.37823197722347,1.555714621453693e-13,-38.18632175859573,110.44679940756443,55.687228451610686,80.07488164231447,2.0620550946797294,80.74641202514447,2.026359558954616,104.00631076402418,3.5623345074400348,138.1239441217513,4.782735531256609,116.98485334931719,3.767228594092716,-34.117633357727115,-1.2204010238165743,0.03569553572511319,-0.75762860714332,38.18632175859573,110.44679940756443,55.687228451610686
experiment_2026_06_15_10_04,SEN_demand_NTE,2025-04-19,Holy Saturday,H3,G,observance_tier,True,2025-04-19,12,True,True,2,False,2,7,2,pearson,PLS,,2,{},2025-04-18 10:00:00,2025-04-20,227.9764200308853,7.452263354164669,81.076048,2.986,,14,24,2,4,2,2,0.0715835212385856,3298.834492662464,3406.644639257013,227.9764200308853,7.452263354164669,-7.452263354164669,-227.9764200308853,221.12042350038092,7.708870970211351,-7.708870970211351,-221.12042350038092,231.9757513403462,7.302575578137435,-7.302575578137435,-231.9757513403462,231.7084773677854,8.09257970398387,-8.09257970398387,-231.7084773677854,225.79938658436012,7.145993853972605,-7.145993853972605,-225.79938658436012,227.9764200308852,7.4947360092399125,-7.4947360092399125,-227.9764200308852,-221.12042350038092,-231.9757513403462,hourly_window_mean_factor_top_available_analogs,2,2849.4785069736845,,2849.4785069736845,0.0,10.588053867404467,-6.17636475598611,-1.0770331994679413e-13,10.588053867404467,-6.17636475598611,-1.0770331994679413e-13,231.70847736778538,225.7993865843601,227.97642003088518,221.12042350038092,7.708870970211351,231.7084773677854,8.09257970398387,231.9757513403462,7.302575578137435,225.79938658436012,7.145993853972605,227.9764200308852,7.4947360092399125,6.1763647559860715,0.15658172416482952,-0.3837087337725178,-0.04247265507524389,231.70847736778538,225.7993865843601,227.97642003088518
experiment_2026_06_15_10_04,SEN_demand_NTE,2025-05-01,Labor Day,H2,F,observance_tier,True,2025-05-01,12,True,True,2,False,2,8,2,pearson,RidgeReg,,2,{},2025-04-30 10:00:00,2025-05-02,281.2892233158074,7.541115984087891,102.025821,3.714,,14,24,2,4,2,2,0.05606432100881888,4129.8003152411775,4065.331268858657,281.2892233158074,7.541115984087891,-7.443304547711611,-277.0383923464398,152.70612881378014,3.776769743915669,-3.5112815594657625,-141.16815903978224,356.2960284419901,9.736984624188352,-9.736984624188352,-356.2960284419901,312.261569280178,7.814636882890396,-7.814636882890396,-312.261569280178,256.49153913509394,7.065527162938206,-7.065527162938206,-256.49153913509394,277.0383923464408,7.341514954499539,-7.341514954499539,-277.0383923464408,-141.16815903978224,-356.2960284419901,hourly_window_mean_factor_top_available_analogs,2,3320.2094925,,3320.2094925,0.0,171.09341024039577,-99.80448930689607,9.21461737322572e-13,171.09341024039577,-99.80448930689607,9.21461737322572e-13,312.26156928017804,256.491539135094,277.03839234644073,152.70612881378014,3.776769743915669,312.261569280178,7.814636882890396,356.2960284419901,9.736984624188352,256.49153913509394,7.065527162938206,277.0383923464408,7.341514954499539,99.80448930689613,2.671457461250146,-4.037867138974727,0.19960102958835169,312.26156928017804,256.491539135094,277.03839234644073
experiment_2026_06_15_10_04,SEN_demand_NTE,2025-09-16,Independence Day,H2,H,observance_tier,True,2025-09-16,12,True,True,4,False,4,8,4,pearson,LassoReg,,2,{},2025-09-15 10:00:00,2025-09-17,279.7060533733106,7.693257390303822,139.386223,4.645,,14,24,4,4,4,4,0.06409441358567712,3625.6872429632194,3725.7016750881266,279.7060533733106,7.693257390303822,-0.7703879879079766,-16.17133322637752,356.6844488305498,9.36517645595573,9.063384765548964,345.3661413937651,234.80198935658777,6.717971268673547,-6.506755427424525,-227.06819342146073,261.40265251522266,6.788045110657215,6.767951063534129,260.7135320419428,182.65023033354407,5.192528615517685,-5.056143022980524,-177.6875046328975,211.66428061100459,5.780350482148039,-0.6998978332119677,-16.171333226377374,345.3661413937651,-227.06819342146073,hourly_window_mean_factor_top_available_analogs,4,2367.3964442105266,,2367.3964442105266,0.0,84.65260935182232,-49.38068878856325,-1.436044265957255e-13,84.65260935182232,-49.38068878856325,-1.436044265957255e-13,-260.71353204194276,177.6875046328975,16.171333226377378,356.6844488305498,9.36517645595573,261.40265251522266,6.788045110657215,234.80198935658777,6.717971268673547,182.65023033354407,5.192528615517685,211.66428061100459,5.780350482148039,52.151759023043695,1.5254426531558618,2.5771313452985147,1.912906908155783,260.71353204194276,177.6875046328975,16.171333226377378
experiment_2026_06_15_10_04,SEN_demand_NTE,2025-11-17,Mexican Revolution Day,H2,F,observance_tier,True,2025-11-17,12,True,True,7,False,2,8,7,pearson,RidgeReg,standard,2,{},2025-11-16 10:00:00,2025-11-18,41.087067580149956,1.7932245710731067,131.819806,4.243,,14,24,4,4,7,4,0.06836864342906725,2425.0288692842655,2417.8039024860464,41.087067580149956,1.7932245710731067,-1.3293339432612772,-29.245389284265467,64.01502018088756,2.8610900191444455,-2.080486487411404,-44.05565808121274,27.71242856305302,1.1703030596981596,-0.8911616258403693,-20.606065819379562,82.42392363656943,3.4986658448589236,-0.16509077138930772,3.0310239511813637,71.47143270509191,3.0950566044498955,-2.074604377608768,-48.073297004942866,75.50656094300469,3.2437547456532214,-1.3710993647910719,-29.245389284265517,-44.05565808121274,-20.606065819379562,hourly_window_mean_factor_top_available_analogs,4,2413.163099078947,,2413.163099078947,0.0,-47.0866820323941,27.467231185563303,4.786814219857517e-14,-47.0866820323941,27.467231185563303,4.786814219857517e-14,-3.0310239511813606,48.073297004942866,29.245389284265514,64.01502018088756,2.8610900191444455,82.42392363656943,3.4986658448589236,27.71242856305302,1.1703030596981596,71.47143270509191,3.0950566044498955,75.50656094300469,3.2437547456532214,-43.75900414203889,-1.9247535447517359,-0.6375758257144781,-1.4505301745801147,3.0310239511813606,48.073297004942866,29.245389284265514
experiment_2026_06_15_10_04,SEN_demand_NTE,2025-12-24,Christmas Eve,H1,G,observance_tier,True,2025-12-24,12,True,True,7,False,2,8,7,pearson,RidgeReg,standard,2,{},2025-12-23 10:00:00,2025-12-25,90.88489998707163,3.5854742288392623,130.239643,4.176,,14,24,4,4,7,4,0.06847056888323826,2600.220532872285,2532.153590073844,90.88489998707163,3.5854742288392623,-1.036700810539,-18.904134451231954,83.91671095732626,2.9723656551938133,1.6992626757270177,51.745743758960124,94.94967692108976,3.943120896799108,-2.632679510860844,-60.11656340717733,114.47461400200427,4.316233419475812,-2.5801324096103206,-63.37052267658159,85.47865282837931,3.4846331861649946,0.11513470133690928,7.034592013554932,96.16137536603061,3.7910122194900326,-0.8778584448015437,-18.904134451232206,51.745743758960124,-60.11656340717733,hourly_window_mean_factor_top_available_analogs,4,2938.322894013158,,2938.322894013158,0.0,115.1162664355417,-67.15115542073227,2.5130774654251967e-13,115.1162664355417,-67.15115542073227,2.5130774654251967e-13,63.37052267658158,-7.034592013554935,18.904134451232206,83.91671095732626,2.9723656551938133,114.47461400200427,4.316233419475812,94.94967692108976,3.943120896799108,85.47865282837931,3.4846331861649946,96.16137536603061,3.7910122194900326,9.47102409271045,0.4584877106341132,-1.3438677642819985,-0.20553799065077039,63.37052267658158,7.034592013554935,18.904134451232206
experiment_2026_06_15_10_04,SEN_demand_NTE,2025-12-25,Christmas Day,H2,H,observance_tier,True,2025-12-25,12,True,True,7,False,4,8,7,pearson,RidgeReg,standard,2,{},2025-12-24 10:00:00,2025-12-26,144.22719623820643,6.78798768298087,133.637936,4.306,,14,24,4,4,7,4,0.05898825721201123,2347.773592703152,2292.5071762265798,144.22719623820643,6.78798768298087,-6.30495999263155,-132.1476195452576,58.47049697242301,2.4071836723085602,-1.0961085127889745,-25.683074520133363,194.25193747658008,9.343456689206386,-9.343456689206386,-194.25193747658008,73.47402754112854,3.0086653950077675,0.7509716882255532,19.607306656977308,220.67132649656105,10.726746851843961,-10.726746851843961,-220.67132649656105,166.44074267087538,7.8832431572201,-6.49811370550256,-132.14761954525747,-25.683074520133363,-194.25193747658008,hourly_window_mean_factor_top_available_analogs,4,2477.2583613157894,,2477.2583613157894,0.0,-45.29038117711067,26.41938901998098,-1.555714621453693e-13,-45.29038117711067,26.41938901998098,-1.555714621453693e-13,-19.607306656977304,220.67132649656105,132.14761954525747,58.47049697242301,2.4071836723085602,73.47402754112854,3.0086653950077675,194.25193747658008,9.343456689206386,220.67132649656105,10.726746851843961,166.44074267087538,7.8832431572201,-26.41938901998097,-1.383290162637575,-0.6014817226992073,-1.09525547423923,19.607306656977304,220.67132649656105,132.14761954525747
experiment_2026_06_15_10_04,SEN_demand_NTE,2025-12-31,New Year's Eve,H1,G,observance_tier,True,2025-12-31,12,True,True,7,False,2,8,7,pearson,RidgeReg,standard,2,{},2025-12-30 10:00:00,2026-01-01,330.8996194747492,12.290594316658483,144.404909,4.82,,14,24,4,4,7,4,0.06758084649823771,2403.8015007884087,2224.9096753362282,330.8996194747492,12.290594316658483,12.290594316658483,330.8996194747492,238.55363343642438,8.097708014799112,8.097708014799112,238.55363343642438,384.76811133043856,14.736444659409786,14.736444659409786,384.76811133043856,332.09124802289443,11.175452977854688,11.175452977854688,332.09124802289443,330.20450282166456,12.522394762633908,12.522394762633908,330.20450282166456,330.8996194747492,12.02615305245209,12.02615305245209,330.8996194747492,238.55363343642438,384.76811133043856,hourly_window_mean_factor_top_available_analogs,4,2938.2522157236845,,2938.2522157236845,0.0,-93.53761458647,54.563608508774024,-8.975276662232845e-14,-93.53761458647,54.563608508774024,-8.975276662232845e-14,-332.0912480228944,-330.2045028216645,-330.89961947474933,238.55363343642438,8.097708014799112,332.09124802289443,11.175452977854688,384.76811133043856,14.736444659409786,330.20450282166456,12.522394762633908,330.8996194747492,12.02615305245209,54.563608508773996,2.2140498967758777,-3.0777449630555758,0.26444126420639336,332.0912480228944,330.2045028216645,330.89961947474933
experiment_2026_06_15_10_04,SEN_demand_NTE,2026-01-01,New Year's Day,H3,H,observance_tier,True,2026-01-01,12,True,True,6,False,4,8,6,pearson,PCR,minmax,2,{},2025-12-31 10:00:00,2026-01-02,156.21663030415763,7.024871940402027,164.92563,5.484,,14,24,4,4,6,4,0.08289032128682543,2472.9939708680863,2376.516080639035,156.21663030415763,7.024871940402027,-6.779247003678041,-149.58436297334953,86.72374615865348,3.458456209611797,-2.7917599527895547,-68.72187768931715,196.75414605570177,9.105281116696325,-9.105281116696325,-196.75414605570177,120.32365208052185,4.815926769027695,-4.815926769027695,-120.32365208052185,166.6531109941656,7.706821906809565,-7.706821906809565,-166.6531109941656,149.5843629733495,6.641755277100455,-6.641755277100455,-149.5843629733495,-68.72187768931715,-196.75414605570177,hourly_window_mean_factor_top_available_analogs,4,2309.8772370394736,,2309.8772370394736,0.0,51.6017743912047,-30.10103506153617,-5.983517774821896e-14,51.6017743912047,-30.10103506153617,-5.983517774821896e-14,120.32365208052185,166.6531109941656,149.58436297334947,86.72374615865348,3.458456209611797,120.32365208052185,4.815926769027695,196.75414605570177,9.105281116696325,166.6531109941656,7.706821906809565,149.5843629733495,6.641755277100455,30.10103506153618,1.3984592098867603,-1.3574705594158982,0.38311666330157124,120.32365208052185,166.6531109941656,149.58436297334947
experiment_2026_06_15_10_04,SEN_demand_NTE,2026-02-02,Constitution Day,H2,H,observance_tier,True,2026-02-02,12,True,True,5,False,4,8,5,pearson,LassoReg,,2,{},2026-02-01 10:00:00,2026-02-03,104.36320829681989,4.157139791573994,186.590437,6.571,,14,24,4,4,5,4,0.06355495131639105,2599.8265044619807,2640.4097644322896,104.36320829681989,4.157139791573994,-1.9630340979370233,-48.797696304086145,80.26657136914352,3.2584429580349767,-1.1230492039726916,-25.419444512880773,118.41957983796443,4.68137961113842,-2.453025286082884,-62.43500984895595,71.40220459722309,2.940034753956822,-1.293402452581804,-25.323018287185764,140.7900245606028,5.624752085343495,-2.5868131327077784,-62.49125848061101,115.22609088988395,4.635645700095772,-2.1102934084508407,-48.79769630408592,-25.419444512880773,-62.43500984895595,hourly_window_mean_factor_top_available_analogs,4,2512.9310596052637,,2512.9310596052637,0.0,-0.09642622569500807,0.05624863165506137,-2.2737367544323206e-13,-0.09642622569500807,0.05624863165506137,-2.2737367544323206e-13,25.323018287185764,62.49125848061101,48.79769630408592,80.26657136914352,3.2584429580349767,71.40220459722309,2.940034753956822,118.41957983796443,4.68137961113842,140.7900245606028,5.624752085343495,115.22609088988395,4.635645700095772,-22.370444722638368,-0.9433724742050753,0.3184082040781546,-0.478505908521778,25.323018287185764,62.49125848061101,48.79769630408592
experiment_2026_06_15_10_04,SEN_demand_NTE,2026-03-16,Benito Juarez's Birthday,H2,H,observance_tier,True,2026-03-16,12,True,True,7,False,4,8,7,pearson,PLS,standard,2,{},2026-03-15 10:00:00,2026-03-17,130.92636756408592,4.887414913556399,171.684001,6.21,,14,24,4,4,7,4,0.07625734640168916,2818.5152323106113,2893.7553374341296,130.92636756408592,4.887414913556399,-3.9705504864571783,-104.6629344158746,78.8439879939049,3.0559410348899907,-0.7085309016136758,-11.546280670294957,161.30775564669156,5.9557746761118056,-5.873395244282555,-158.9809824341294,85.55072223596494,3.2788899187850613,-0.506290880077544,-5.27684582660897,167.0058670463808,6.177895329430133,-6.018532531806432,-162.63815275961272,136.99607685306972,5.1098407044556335,-3.9877066601168423,-104.66293441587449,-11.546280670294957,-158.9809824341294,hourly_window_mean_factor_top_available_analogs,4,2472.9844151973684,,2472.9844151973684,0.0,-6.2694348436859855,3.657170325483321,-1.0770331994679413e-13,-6.2694348436859855,3.657170325483321,-1.0770331994679413e-13,5.276845826608971,162.63815275961272,104.66293441587449,78.8439879939049,3.0559410348899907,85.55072223596494,3.2788899187850613,161.30775564669156,5.9557746761118056,167.0058670463808,6.177895329430133,136.99607685306972,5.1098407044556335,-5.698111399689253,-0.22212065331832775,-0.22294888389507062,-0.22242579089923442,5.276845826608971,162.63815275961272,104.66293441587449
experiment_2026_06_15_10_04,SEN_demand_NTE,2026-04-02,Maundy Thursday,H1,G,observance_tier,True,2026-04-02,12,True,True,7,False,2,8,7,pearson,RidgeReg,standard,2,{},2026-04-01 10:00:00,2026-04-03,126.00384281863674,3.412791387896394,157.200627,5.755,,14,24,4,4,7,4,0.06870959554074842,3610.9125543299606,3436.9679012419997,126.00384281863674,3.412791387896394,2.7203111579741526,100.03467672267038,37.31097263687031,0.9917286236879511,-0.8878605718152748,-33.17676390932411,177.7413504246672,4.8250780003513185,4.8250780003513185,177.7413504246672,80.87714029091337,2.183074369297254,-1.7113792012084983,-61.86023747936367,194.47337667385798,5.2625597297889275,5.2625597297889275,194.47337667385798,152.62213169066789,4.128012491713047,2.6932138078425076,100.03467672267107,-33.17676390932411,177.7413504246672,hourly_window_mean_factor_top_available_analogs,4,3397.7636719078946,,3397.7636719078946,0.0,28.68347357003956,-16.732026249190824,-6.821210263296962e-13,28.68347357003956,-16.732026249190824,-6.821210263296962e-13,61.86023747936367,-194.473376673858,-100.03467672267107,37.31097263687031,0.9917286236879511,80.87714029091337,2.183074369297254,177.7413504246672,4.8250780003513185,194.47337667385798,5.2625597297889275,152.62213169066789,4.128012491713047,-16.732026249190795,-0.437481729437609,-1.1913457456093028,-0.7152211038166532,61.86023747936367,194.473376673858,100.03467672267107
experiment_2026_06_15_10_04,SEN_demand_NTE,2026-04-03,Good Friday,H2,G,observance_tier,True,2026-04-03,12,True,True,2,False,2,8,2,pearson,LassoReg,,2,{},2026-04-02 10:00:00,2026-04-04,438.4329537310809,14.472296352194839,155.126053,5.585,,14,24,2,4,2,2,0.08556441766037115,3673.5073971521333,3526.964205453692,438.4329537310809,14.472296352194839,-14.472296352194839,-438.4329537310809,257.6702522066045,7.072867526139538,-7.072867526139538,-257.6702522066045,543.877862953692,18.788629834060433,-18.788629834060433,-543.877862953692,415.97357304281684,11.435291588575966,-11.435291588575966,-415.97357304281684,451.53425913256797,15.541346159964036,-15.541346159964036,-451.53425913256797,438.43295373108066,14.028589212610537,-14.028589212610537,-438.43295373108066,-257.6702522066045,-543.877862953692,hourly_window_mean_factor_top_available_analogs,2,3664.547056315789,,3664.547056315789,0.0,158.30332083621238,-92.34360382112402,-8.376924884750654e-14,158.30332083621238,-92.34360382112402,-8.376924884750654e-14,415.9735730428169,451.53425913256797,438.43295373108083,257.6702522066045,7.072867526139538,415.97357304281684,11.435291588575966,543.877862953692,18.788629834060433,451.53425913256797,15.541346159964036,438.43295373108066,14.028589212610537,92.34360382112402,3.2472836740963977,-4.362424062436428,0.4437071395843013,415.9735730428169,451.53425913256797,438.43295373108083
experiment_2026_06_15_10_04,SEN_demand_NTE,2026-04-04,Holy Saturday,H3,G,observance_tier,True,2026-04-04,12,True,True,7,False,2,9,7,pearson,RidgeReg,standard,2,{},2026-04-03 10:00:00,2026-04-05,286.6769605982634,9.096798205858631,143.933995,5.376,,14,24,4,4,7,4,0.0686059698028952,2801.584555305934,2811.4608862929854,286.6769605982634,9.096798205858631,8.964885708612481,283.1387846940663,163.53357526897585,5.243006208562891,4.884958001751913,153.92995495758376,358.5106020403479,11.344843537614475,11.344843537614475,358.5106020403479,281.73202170305996,9.140161490071236,9.140161490071236,281.73202170305996,283.95939643881957,8.975648742041704,8.975648742041704,283.95939643881957,283.138784694066,9.036258701842057,9.036258701842057,283.138784694066,153.92995495758376,358.5106020403479,hourly_window_mean_factor_top_available_analogs,4,2861.2618007236842,,2861.2618007236842,0.0,-127.8020667454762,74.55120560152828,3.111429242907386e-13,-127.8020667454762,74.55120560152828,3.111429242907386e-13,-281.73202170305996,-283.9593964388196,-283.13878469406603,163.53357526897585,5.243006208562891,281.73202170305996,9.140161490071236,358.5106020403479,11.344843537614475,283.95939643881957,8.975648742041704,283.138784694066,9.036258701842057,74.55120560152835,2.3691947955727706,-3.8971552815083452,0.0605395040165746,281.73202170305996,283.9593964388196,283.13878469406603
experiment_2026_06_15_10_04,SEN_demand_NTE,2026-05-01,Labor Day,H2,F,observance_tier,True,2026-05-01,12,True,True,5,False,2,10,5,pearson,RidgeReg,,2,{},2026-04-30 10:00:00,2026-05-02,210.7279123583135,5.847459814673363,148.921306,5.58,,14,24,4,4,5,4,0.04631349759093075,3919.911876426242,3774.892859941414,210.7279123583135,5.847459814673363,-4.762058472824579,-165.96039247887447,118.79479150157032,2.846829460064277,0.0992598963824223,2.717048171192638,264.35556619141363,7.597827521528664,-7.597827521528664,-264.35556619141363,114.33340753639384,2.72556776718343,2.492817206305019,104.66780719605,324.6940041025868,9.512077944136978,-9.488807514084256,-323.8268422892459,247.19273168346305,7.011784721048829,-5.074524722361891,-165.9603924788737,2.717048171192638,-264.35556619141363,hourly_window_mean_factor_top_available_analogs,4,3234.241020263158,,3234.241020263158,0.0,-101.95075902485736,59.47127609783223,-7.778573107268465e-13,-101.95075902485736,59.47127609783223,-7.778573107268465e-13,-104.66780719605,323.82684228924586,165.9603924788737,118.79479150157032,2.846829460064277,114.33340753639384,2.72556776718343,264.35556619141363,7.597827521528664,324.6940041025868,9.512077944136978,247.19273168346305,7.011784721048829,-60.33843791117317,-1.9142504226083137,0.12126169288084698,-1.164324906375466,104.66780719605,323.82684228924586,165.9603924788737
experiment_2026_06_15_10_04,SEN_demand_OCC,2025-01-01,New Year's Day,H3,H,observance_tier,True,2025-01-01,12,True,True,6,False,4,6,6,pearson,PCR,,4,{},2024-12-31 10:00:00,2025-01-02,252.42258840410096,4.231733880092627,225.963818,3.098,,14,24,4,4,6,4,0.11518734600666765,5805.216165016952,5318.547110405837,252.42258840410096,4.231733880092627,4.231733880092627,252.42258840410096,197.05031993542298,2.870615161944531,2.870615161944531,197.05031993542298,284.72307834416307,5.025719799012351,5.025719799012351,284.72307834416307,238.33556085068443,3.4236006070707736,3.090856935020996,216.36354092763168,291.79762229901985,4.98104496418139,4.6024394502393156,273.4570327653744,272.10107334437004,4.4072496747195835,4.045540628843092,252.42258840410076,197.05031993542298,284.72307834416307,hourly_window_mean_factor_top_available_analogs,4,6506.840486381579,,6506.840486381579,0.0,-19.3132209922087,11.266045578788711,1.9147256879430067e-13,-19.3132209922087,11.266045578788711,1.9147256879430067e-13,-216.36354092763168,-273.4570327653744,-252.42258840410076,197.05031993542298,2.870615161944531,238.33556085068443,3.4236006070707736,284.72307834416307,5.025719799012351,291.79762229901985,4.98104496418139,272.10107334437004,4.4072496747195835,-7.074543954856779,0.04467483483096135,-0.5529854451262426,-0.1755157946269561,216.36354092763168,273.4570327653744,252.42258840410076
experiment_2026_06_15_10_04,SEN_demand_OCC,2025-02-03,Constitution Day,H2,H,observance_tier,True,2025-02-03,12,True,True,6,False,4,6,6,pearson,RidgeReg,standard,2,{},2025-02-02 10:00:00,2025-02-04,207.89556175198476,2.9430539390862087,272.345587,3.719,,14,24,4,4,6,4,0.06729399180612164,6900.020244907028,6802.694452857529,207.89556175198476,2.9430539390862087,2.6500212119116573,188.66049193507743,104.13936251115105,1.433118126291944,0.637743581103875,51.92988729383114,268.42001130913775,3.8238498298828634,3.8238498298828634,268.42001130913775,121.85323743816473,1.7099151925757332,0.024485836157717027,10.70337672521347,292.46880914083016,4.140066926951898,4.140066926951898,292.46880914083016,229.61044061879554,3.244747866918574,2.623800209290884,188.66049193507666,51.92988729383114,268.42001130913775,hourly_window_mean_factor_top_available_analogs,4,6671.348922697369,,6671.348922697369,0.0,41.22651056861768,-24.04879783169243,7.658902751772027e-13,41.22651056861768,-24.04879783169243,7.658902751772027e-13,-10.703376725213467,-292.46880914083016,-188.66049193507666,104.13936251115105,1.433118126291944,121.85323743816473,1.7099151925757332,268.42001130913775,3.8238498298828634,292.46880914083016,4.140066926951898,229.61044061879554,3.244747866918574,-24.04879783169241,-0.316217097069035,-0.2767970662837893,-0.30169392783236537,10.703376725213467,292.46880914083016,188.66049193507666
experiment_2026_06_15_10_04,SEN_demand_OCC,2025-03-17,Benito Juarez's Birthday,H2,H,observance_tier,True,2025-03-17,12,True,True,6,False,4,6,6,pearson,RidgeReg,standard,2,{},2025-03-16 10:00:00,2025-03-18,167.07246683211005,2.3843019339753284,281.248652,3.85,,14,24,4,4,6,4,0.06935045763242931,7329.682285643558,7366.319848434003,167.07246683211005,2.3843019339753284,-2.267025727594062,-157.80806485408385,157.4893869431523,2.2762343352255168,-1.9579132036192228,-132.34315300279545,172.66259676733543,2.447341366579385,-2.447341366579385,-172.66259676733543,426.8884744884912,6.186409886977659,-6.186409886977659,-426.8884744884912,93.39912970165221,1.295197214365459,-0.10884668550551324,-0.8444925673475533,216.26362514943503,3.0972229358541647,-2.3479489176268307,-157.8080648540847,-132.34315300279545,-172.66259676733543,hourly_window_mean_factor_top_available_analogs,4,6679.509539736842,,6679.509539736842,0.0,294.54532148569575,-171.81810419998786,8.376924884750655e-13,294.54532148569575,-171.81810419998786,8.376924884750655e-13,426.88847448849117,0.8444925673475723,157.80806485408468,157.4893869431523,2.2762343352255168,426.8884744884912,6.186409886977659,172.66259676733543,2.447341366579385,93.39912970165221,1.295197214365459,216.26362514943503,3.0972229358541647,79.26346706568322,1.1521441522139257,-3.910175551752142,-0.7129210018788363,426.88847448849117,0.8444925673475723,157.80806485408468
experiment_2026_06_15_10_04,SEN_demand_OCC,2025-04-17,Maundy Thursday,H1,G,observance_tier,True,2025-04-17,12,True,True,6,False,2,6,6,pearson,RidgeReg,standard,2,{},2025-04-16 10:00:00,2025-04-18,200.0838866443127,2.27623979369773,279.986116,3.834,,14,24,4,4,6,4,0.08054907852934831,8669.496159408318,8227.573107029737,200.0838866443127,2.27623979369773,2.27623979369773,200.0838866443127,187.90303365696997,1.9602007175499832,1.9602007175499832,187.90303365696997,207.18938422026267,2.460595921450582,2.460595921450582,207.18938422026267,79.56622230064113,0.8219193045774641,0.4662490041962278,45.728817898530515,290.124343412687,3.4285606667926074,3.4285606667926074,290.124343412687,212.55029879245959,2.4682191122922914,2.3371826858360465,200.08388664431357,187.90303365696997,207.18938422026267,hourly_window_mean_factor_top_available_analogs,4,7385.91421368421,,7385.91421368421,0.0,142.17421575843946,-82.93495919242434,-8.376924884750655e-13,142.17421575843946,-82.93495919242434,-8.376924884750655e-13,-45.72881789853051,-290.12434341268704,-200.08388664431354,187.90303365696997,1.9602007175499832,79.56622230064113,0.8219193045774641,207.18938422026267,2.460595921450582,290.124343412687,3.4285606667926074,212.55029879245959,2.4682191122922914,-82.93495919242432,-0.9679647453420253,1.138281412972519,-0.1919793185945613,45.72881789853051,290.12434341268704,200.08388664431354
experiment_2026_06_15_10_04,SEN_demand_OCC,2025-04-18,Good Friday,H2,G,observance_tier,True,2025-04-18,12,True,True,6,False,2,6,6,pearson,RidgeReg,standard,2,{},2025-04-17 10:00:00,2025-04-19,193.18492331364544,2.5653393149609287,282.429755,3.826,,14,24,4,4,6,4,0.0927380065434082,7529.282709889699,6989.204017242133,193.18492331364544,2.5653393149609287,2.3453811547742953,175.16707116293418,135.87404783783683,1.5626710544784685,0.9656417625433209,86.96844914304913,226.61626734120046,3.150229133575697,3.150229133575697,226.61626734120046,151.12361135545734,1.734847847474919,1.4243005913754039,125.70928687406929,205.57584886470886,2.765647578498482,2.742196728262144,204.01744533143673,185.51449820340568,2.3858792565424327,2.25665604625124,175.16707116293293,86.96844914304913,226.61626734120046,hourly_window_mean_factor_top_available_analogs,4,7044.299828552632,,7044.299828552632,0.0,-38.740837731020164,22.598822009763733,1.2445716971629545e-12,-38.740837731020164,22.598822009763733,1.2445716971629545e-12,-125.70928687406929,-204.01744533143673,-175.16707116293293,135.87404783783683,1.5626710544784685,151.12361135545734,1.734847847474919,226.61626734120046,3.150229133575697,205.57584886470886,2.765647578498482,185.51449820340568,2.3858792565424327,21.040418476491595,0.38458155507721514,-0.1721767929964504,0.179460058418496,125.70928687406929,204.01744533143673,175.16707116293293
experiment_2026_06_15_10_04,SEN_demand_OCC,2025-04-19,Holy Saturday,H3,G,observance_tier,True,2025-04-19,12,True,True,6,False,2,7,6,pearson,RidgeReg,standard,2,{},2025-04-18 10:00:00,2025-04-20,69.44235580898822,0.936241855435589,252.675975,3.54,,14,24,4,4,6,4,0.06027077641637386,7245.868710058493,7282.73669048423,69.44235580898822,0.936241855435589,0.4501053772070304,34.878247573086405,57.52119514453599,0.800177940501895,-0.06425590254206714,-2.0570343286574695,76.39636619658536,1.015612472480244,0.7501494570606709,56.423828682437,220.17302507080376,3.04813014675937,0.14900524149071964,26.393047989559495,186.0719547886017,2.534270238661172,0.49681770065039066,39.82794733014297,198.63550699783403,2.7235870469078765,0.36867626832840655,34.8782475730859,-2.0570343286574695,56.423828682437,hourly_window_mean_factor_top_available_analogs,4,6806.886343881579,,6806.886343881579,0.0,-28.450082318216964,16.595881352294025,5.026154930850393e-13,-28.450082318216964,16.595881352294025,5.026154930850393e-13,-26.393047989559495,-39.827947330142976,-34.8782475730859,57.52119514453599,0.800177940501895,220.17302507080376,3.04813014675937,76.39636619658536,1.015612472480244,186.0719547886017,2.534270238661172,198.63550699783403,2.7235870469078765,-109.67558859201633,-1.518657766180928,-2.247952206257475,-1.7873451914722875,26.393047989559495,39.827947330142976,34.8782475730859
experiment_2026_06_15_10_04,SEN_demand_OCC,2025-05-01,Labor Day,H2,F,observance_tier,True,2025-05-01,12,True,True,6,False,2,8,6,pearson,RidgeReg,standard,2,{},2025-04-30 10:00:00,2025-05-02,204.26131175291331,2.078552787748373,245.056314,3.436,,14,24,4,4,6,4,0.06993776283766129,9217.474092142093,8732.017819083363,204.26131175291331,2.078552787748373,1.3447993778360923,143.12832812106433,382.3507990429385,3.6658176007951466,3.6658176007951466,382.3507990429385,100.37577750039861,1.1526483134710899,-0.009127918890022485,3.5818867499710527,416.43788617412935,3.955103487106573,3.955103487106573,416.43788617412935,299.1970165971157,3.473171025235222,-0.3212891878580428,-16.30224740988884,342.39102117812075,3.6507250901351935,1.2542239029183948,143.12832812106524,382.3507990429385,3.5818867499710527,hourly_window_mean_factor_top_available_analogs,4,7788.1843265131565,,7788.1843265131565,0.0,-34.087087131190856,19.884134159859894,-9.094947017729282e-13,-34.087087131190856,19.884134159859894,-9.094947017729282e-13,-416.43788617412935,16.302247409888842,-143.12832812106524,382.3507990429385,3.6658176007951466,416.43788617412935,3.955103487106573,100.37577750039861,1.1526483134710899,299.1970165971157,3.473171025235222,342.39102117812075,3.6507250901351935,-198.82123909671708,-2.3205227117641325,-0.2892858863114265,-1.5721723023868206,416.43788617412935,16.302247409888842,143.12832812106524
experiment_2026_06_15_10_04,SEN_demand_OCC,2025-09-16,Independence Day,H2,H,observance_tier,True,2025-09-16,12,True,True,6,False,4,8,6,pearson,RidgeReg,standard,2,{},2025-09-15 10:00:00,2025-09-17,784.8121811742733,10.338421852150272,229.542117,3.155,,14,24,4,4,6,4,0.10237026806085434,6676.072851983622,6325.1724106721485,784.8121811742733,10.338421852150272,10.338421852150272,784.8121811742733,996.09964219671,12.008126606580865,12.008126606580865,996.09964219671,661.5611622445185,9.364427412065762,9.364427412065762,661.5611622445185,1965.4893149305542,23.740943489373564,23.740943489373564,1965.4893149305542,425.4371480641269,6.240769632413676,1.4346218881297161,96.08385314977504,992.8247884886002,12.688202106030477,9.652740372798503,784.8121811742727,996.09964219671,661.5611622445185,hourly_window_mean_factor_top_available_analogs,4,6457.471617105262,,6457.471617105262,0.0,-969.3896727338443,565.4773090947434,5.983517774821897e-13,-969.3896727338443,565.4773090947434,5.983517774821897e-13,-1965.4893149305544,-96.08385314977511,-784.8121811742727,996.09964219671,12.008126606580865,1965.4893149305542,23.740943489373564,661.5611622445185,9.364427412065762,425.4371480641269,6.240769632413676,992.8247884886002,12.688202106030477,236.1240141803916,3.1236577796520857,-11.732816882792699,-2.349780253880205,1965.4893149305544,96.08385314977511,784.8121811742727
experiment_2026_06_15_10_04,SEN_demand_OCC,2025-11-17,Mexican Revolution Day,H2,F,observance_tier,True,2025-11-17,12,True,True,7,False,2,8,7,pearson,RidgeReg,standard,2,{},2025-11-16 10:00:00,2025-11-18,112.61637213911756,1.500023494450747,260.309198,3.492,,14,24,4,4,7,4,0.06377505503842182,7255.293374368187,7197.785335225869,112.61637213911756,1.500023494450747,0.7664013022863951,63.583726947602734,94.90911598774197,1.2891866362577586,-0.13451742953486456,-1.170650755017115,122.94560489408666,1.62301166172999,1.2919372291821298,101.35711394079765,235.89079165245508,3.247022576118386,-0.45553585919017553,-12.178157586167929,181.8187528935333,2.46743043141563,1.4103407883677417,107.77815959230209,201.74003033103077,2.7546485899903295,0.7229125497937723,63.583726947602614,-1.170650755017115,101.35711394079765,hourly_window_mean_factor_top_available_analogs,4,7130.512497697368,,7130.512497697368,0.0,11.007506831150815,-6.4210456515044525,1.1967035549643792e-13,11.007506831150815,-6.4210456515044525,1.1967035549643792e-13,12.17815758616793,-107.7781595923021,-63.583726947602614,94.90911598774197,1.2891866362577586,235.89079165245508,3.247022576118386,122.94560489408666,1.62301166172999,181.8187528935333,2.46743043141563,201.74003033103077,2.7546485899903295,-58.87314799944663,-0.8444187696856402,-1.9578359398606275,-1.2546250955395826,12.17815758616793,107.7781595923021,63.583726947602614
experiment_2026_06_15_10_04,SEN_demand_OCC,2025-12-24,Christmas Eve,H1,G,observance_tier,True,2025-12-24,12,True,True,8,False,2,8,8,pearson,RidgeReg,,2,{},2025-12-23 10:00:00,2025-12-25,322.20480107965386,4.409169302640718,235.511905,3.189,,14,24,4,4,8,4,0.0700053433108282,7791.146202470304,7393.135246910165,322.20480107965386,4.409169302640718,-1.7102173941515488,-104.2002419439894,174.38389951035282,2.018561515556839,1.4884119534575426,128.98352371231172,408.43366032841277,5.803690511772982,-3.5760845135901853,-240.22410524349837,217.71495375865365,2.4998036006545243,0.9507381429539805,89.75328494151589,300.69684331456364,4.314295071393157,-3.2067639561335426,-217.33979929386567,270.1245682150179,3.6457982137526086,-1.6750526564697183,-104.20024194398825,128.98352371231172,-240.22410524349837,hourly_window_mean_factor_top_available_analogs,4,8118.776223026316,,8118.776223026316,0.0,39.23023877079582,-22.884305949632715,-1.148835412765804e-12,39.23023877079582,-22.884305949632715,-1.148835412765804e-12,-89.7532849415159,217.33979929386567,104.20024194398825,174.38389951035282,2.018561515556839,217.71495375865365,2.4998036006545243,408.43366032841277,5.803690511772982,300.69684331456364,4.314295071393157,270.1245682150179,3.6457982137526086,107.73681701384913,1.489395440379825,-0.4812420850976853,0.7633710888881096,89.7532849415159,217.33979929386567,104.20024194398825
experiment_2026_06_15_10_04,SEN_demand_OCC,2025-12-25,Christmas Day,H2,H,observance_tier,True,2025-12-25,12,True,True,8,False,4,8,8,pearson,RidgeReg,standard,2,{},2025-12-24 10:00:00,2025-12-26,197.51621728314635,3.2285108752076597,222.560179,2.957,,14,24,4,4,8,4,0.12239403219533758,6232.162384947356,5642.319692289514,197.51621728314635,3.2285108752076597,1.4098291321563223,71.92356610527615,184.8649487360005,2.6731017512158735,-2.2374091686505224,-154.39788164651353,204.8961239356481,3.552499530869534,3.537384807626981,203.94441062715347,302.7960505489991,4.2963930950748415,-0.7902762692637735,-45.000757640119055,292.99239665867236,5.050947623007438,1.9943959891345118,140.129421623422,296.60426914458213,4.772953849558586,0.9684641044614595,71.92356610527528,-154.39788164651353,203.94441062715347,hourly_window_mean_factor_top_available_analogs,4,5932.4009125,,5932.4009125,0.0,-109.39712400639448,63.814989003731476,8.61626559574353e-13,-109.39712400639448,63.814989003731476,8.61626559574353e-13,45.00075764011905,-140.129421623422,-71.92356610527528,184.8649487360005,2.6731017512158735,302.7960505489991,4.2963930950748415,204.8961239356481,3.552499530869534,292.99239665867236,5.050947623007438,296.60426914458213,4.772953849558586,-88.09627272302427,-1.4984480921379042,-1.623291343858968,-1.5444429743509267,45.00075764011905,140.129421623422,71.92356610527528
experiment_2026_06_15_10_04,SEN_demand_OCC,2025-12-31,New Year's Eve,H1,G,observance_tier,True,2025-12-31,12,True,True,8,False,2,8,8,pearson,RidgeReg,standard,2,{},2025-12-30 10:00:00,2026-01-01,197.11240519580122,2.77328779975906,239.544475,3.265,,14,24,4,4,8,4,0.07333903013201615,7254.11019395036,6794.26461084919,197.11240519580122,2.77328779975906,2.6956041911035746,190.94208947069362,39.56388841578558,0.4778318961576912,0.2669763869499439,22.81588859049355,289.01570665081033,4.1123037435265255,4.1123037435265255,289.01570665081033,232.9722291624354,2.8245821352764984,1.3042377384631467,117.52380811647117,236.1253336786771,3.2830840071769987,3.2481625662970353,233.76942026065566,234.96366359374596,3.1141622648978666,2.5319797349898128,190.94208947069296,22.81588859049355,289.01570665081033,hourly_window_mean_factor_top_available_analogs,4,7986.924255131579,,7986.924255131579,0.0,-94.70791952597763,55.24628639015467,6.701539907800523e-13,-94.70791952597763,55.24628639015467,6.701539907800523e-13,-117.52380811647117,-233.76942026065566,-190.94208947069293,39.56388841578558,0.4778318961576912,232.9722291624354,2.8245821352764984,289.01570665081033,4.1123037435265255,236.1253336786771,3.2830840071769987,234.96366359374596,3.1141622648978666,52.890372972133235,0.8292197363495268,-2.346750239118807,-0.3408744651388065,117.52380811647117,233.76942026065566,190.94208947069293
experiment_2026_06_15_10_04,SEN_demand_OCC,2026-01-01,New Year's Day,H3,H,observance_tier,True,2026-01-01,12,True,True,8,False,4,8,8,pearson,RidgeReg,standard,2,{},2025-12-31 10:00:00,2026-01-02,216.44696183761516,3.6086883559942904,242.580799,3.309,,14,24,4,4,8,4,0.11151662082763797,6490.4087853403935,6051.0257587234455,216.44696183761516,3.6086883559942904,-3.3631126808486185,-198.6882384982877,188.94605074761947,2.647305888230378,-1.9807433414064113,-140.7438016837305,232.48915997344602,4.1694947955232395,-4.1694947955232395,-232.48915997344602,141.4735070976722,2.0041450588793617,-1.9093479520942587,-134.56509303203407,236.09340668693656,4.208892392303141,-4.208892392303141,-236.09340668693656,201.2334436803655,3.396617058936485,-3.3616918090682897,-198.68823849828829,-140.7438016837305,-232.48915997344602,hourly_window_mean_factor_top_available_analogs,4,6005.202466710526,,6005.202466710526,0.0,-6.17870865169646,3.6042467134905487,5.983517774821897e-13,-6.17870865169646,3.6042467134905487,5.983517774821897e-13,134.56509303203404,236.09340668693656,198.68823849828829,188.94605074761947,2.647305888230378,141.4735070976722,2.0041450588793617,232.48915997344602,4.1694947955232395,236.09340668693656,4.208892392303141,201.2334436803655,3.396617058936485,-3.6042467134905394,-0.03939759677990118,0.6431608293510163,0.21207129705780536,134.56509303203404,236.09340668693656,198.68823849828829
experiment_2026_06_15_10_04,SEN_demand_OCC,2026-02-02,Constitution Day,H2,H,observance_tier,True,2026-02-02,12,True,True,6,False,4,8,6,pearson,RidgeReg,standard,2,{},2026-02-01 10:00:00,2026-02-03,405.7983091559735,5.639158775150158,241.22917,3.32,,14,24,4,4,6,4,0.11186431600217392,7546.56115602513,7757.2772208157285,405.7983091559735,5.639158775150158,-5.219674294991246,-376.90668128828855,172.33306916782436,2.5054477482393316,-1.3668470163794253,-93.91293638410805,541.9863658157273,7.467156874181474,-7.467156874181474,-541.9863658157273,93.35558204424355,1.3569242479073456,1.2092233605143954,83.62120140003519,668.3649028169518,9.11460717912065,-8.791312191466877,-645.5479461898093,456.5193635849014,6.256513467621012,-5.106904356526407,-376.90668128828764,-93.91293638410805,-541.9863658157273,hourly_window_mean_factor_top_available_analogs,4,6870.64711486842,,6870.64711486842,0.0,-177.53413778414324,103.56158037408208,-9.334287728722159e-13,-177.53413778414324,103.56158037408208,-9.334287728722159e-13,-83.62120140003519,645.5479461898093,376.90668128828764,172.33306916782436,2.5054477482393316,93.35558204424355,1.3569242479073456,541.9863658157273,7.467156874181474,668.3649028169518,9.11460717912065,456.5193635849014,6.256513467621012,-126.37853700122457,-1.6474503049391762,1.148523500331986,-0.6173546924708537,83.62120140003519,645.5479461898093,376.90668128828764
experiment_2026_06_15_10_04,SEN_demand_OCC,2026-03-16,Benito Juarez's Birthday,H2,H,observance_tier,True,2026-03-16,12,True,True,8,False,4,8,8,pearson,RidgeReg,standard,2,{},2026-03-15 10:00:00,2026-03-17,134.70129933453072,1.8509446067787259,246.930324,3.455,,14,24,4,4,8,4,0.07142439190714252,7634.854855254346,7610.491990804628,134.70129933453072,1.8509446067787259,-0.15724769136029104,-4.517974201714304,223.81377787035692,3.125113467023142,-2.170800782239474,-142.35697716814911,82.71902018863209,1.1076794383028157,1.017324944985899,75.88811086203934,349.21352868029874,4.937308390629503,-4.414966095559341,-304.9615184334433,170.74075993346045,2.2255689392084217,2.2255689392084217,170.74075993346045,236.49388526124298,3.2246308423635575,-0.22094396833759594,-4.517974201714615,-142.35697716814911,75.88811086203934,hourly_window_mean_factor_top_available_analogs,4,6758.429274802632,,6758.429274802632,0.0,162.60454126529416,-94.85264907142111,3.111429242907386e-13,162.60454126529416,-94.85264907142111,3.111429242907386e-13,304.9615184334433,-170.74075993346045,4.5179742017146145,223.81377787035692,3.125113467023142,349.21352868029874,4.937308390629503,82.71902018863209,1.1076794383028157,170.74075993346045,2.2255689392084217,236.49388526124298,3.2246308423635575,-88.02173974482837,-1.117889500905606,-1.8121949236063606,-1.3736862355848316,304.9615184334433,170.74075993346045,4.5179742017146145
experiment_2026_06_15_10_04,SEN_demand_OCC,2026-04-02,Maundy Thursday,H1,G,observance_tier,True,2026-04-02,12,True,True,8,False,2,8,8,pearson,RidgeReg,standard,2,{},2026-04-01 10:00:00,2026-04-03,86.96276071560672,0.964959851734217,253.528866,3.546,,14,24,4,4,8,4,0.07446706886353376,8816.03071459649,8460.378346024423,86.96276071560672,0.964959851734217,0.04954493138128688,8.720648824563412,137.29077489679665,1.4454438621278436,0.21595265738511538,27.93922927996976,57.60475244324592,0.6846775123379351,-0.04752624212094642,-2.4901897744236217,214.62198465083682,2.360036183728623,-2.0166499488043366,-180.3847978721599,119.96839003784885,1.4213996183422954,1.4096755888250065,119.03215939764975,154.84076700052864,1.767213089800416,0.14734512759314317,8.720648824561977,27.93922927996976,-2.4901897744236217,hourly_window_mean_factor_top_available_analogs,4,7789.210102171052,,7789.210102171052,0.0,208.32402715212967,-121.52234917207336,1.4360442659572551e-12,208.32402715212967,-121.52234917207336,1.4360442659572551e-12,180.3847978721599,-119.03215939764974,-8.720648824561977,137.29077489679665,1.4454438621278436,214.62198465083682,2.360036183728623,57.60475244324592,0.6846775123379351,119.96839003784885,1.4213996183422954,154.84076700052864,1.767213089800416,-62.36363759460293,-0.7367221060043604,-0.9145923216007794,-0.802253238066199,180.3847978721599,119.03215939764974,8.720648824561977
experiment_2026_06_15_10_04,SEN_demand_OCC,2026-04-03,Good Friday,H2,G,observance_tier,True,2026-04-03,12,True,True,8,False,2,8,8,pearson,RidgeReg,standard,2,{},2026-04-02 10:00:00,2026-04-04,562.3340621724647,7.683425893666348,254.4062,3.537,,14,24,4,4,8,4,0.0821363831684984,8279.068961119834,7968.634445739978,562.3340621724647,7.683425893666348,-7.683425893666348,-562.3340621724647,307.76702177101373,3.5892315177817045,-3.5892315177817045,-307.76702177101373,710.8315024066445,10.071705946265723,-10.071705946265723,-710.8315024066445,611.1584386104262,7.285887920650921,-7.285887920650921,-611.1584386104262,533.8531759169883,7.680198693053474,-7.680198693053474,-533.8531759169883,562.3340621724655,7.5349263032209555,-7.5349263032209555,-562.3340621724655,-307.76702177101373,-710.8315024066445,hourly_window_mean_factor_top_available_analogs,4,7599.209796118421,,7599.209796118421,0.0,303.39141683941256,-176.97832648965615,7.419562040779151e-13,303.39141683941256,-176.97832648965615,7.419562040779151e-13,611.1584386104263,533.8531759169883,562.3340621724655,307.76702177101373,3.5892315177817045,611.1584386104262,7.285887920650921,710.8315024066445,10.071705946265723,533.8531759169883,7.680198693053474,562.3340621724655,7.5349263032209555,176.97832648965618,2.391507253212249,-3.696656402869216,0.1484995904453923,611.1584386104263,533.8531759169883,562.3340621724655
experiment_2026_06_15_10_04,SEN_demand_OCC,2026-04-04,Holy Saturday,H3,G,observance_tier,True,2026-04-04,12,True,True,8,False,2,9,8,pearson,RidgeReg,standard,2,{},2026-04-03 10:00:00,2026-04-05,105.39767568766162,1.5408040245358978,284.418861,4.002,,14,24,4,4,8,4,0.06269023953578728,7390.531369594573,7422.786980175241,105.39767568766162,1.5408040245358978,-1.0173749234477552,-67.68761538404816,138.78043790088967,2.1153983245649526,-2.0656869243886136,-134.7224007420053,85.92439772994526,1.2056240161856164,-0.40585958956558815,-28.583990591906474,334.59521194239295,4.82607774032811,-1.829646363045102,-95.76911507934847,269.4750408765836,3.7411794045109694,-0.8425204921990949,-51.306740561787706,293.46668284819754,4.140878791390968,-1.206198444616045,-67.68761538404694,-134.7224007420053,-28.583990591906474,hourly_window_mean_factor_top_available_analogs,4,7045.26721875,,7045.26721875,0.0,-38.95328566265685,22.72274996988123,-1.2206376260636668e-12,-38.95328566265685,22.72274996988123,-1.2206376260636668e-12,95.76911507934845,51.306740561787706,67.68761538404694,138.78043790088967,2.1153983245649526,334.59521194239295,4.82607774032811,85.92439772994526,1.2056240161856164,269.4750408765836,3.7411794045109694,293.46668284819754,4.140878791390968,-183.55064314663832,-2.5355553883253528,-2.710679415763157,-2.60007476685507,95.76911507934845,51.306740561787706,67.68761538404694
experiment_2026_06_15_10_04,SEN_demand_OCC,2026-05-01,Labor Day,H2,F,observance_tier,True,2026-05-01,12,True,True,3,False,2,10,3,pearson,RidgeReg,,2,{},2026-04-30 10:00:00,2026-05-02,483.0608290283861,5.454743553238948,201.573343,2.859,,14,24,3,4,3,3,0.08253670357414576,10085.340462044269,9583.783054317655,483.0608290283861,5.454743553238948,-5.430708060925497,-480.54114125479504,134.02735996106654,1.2346520890498012,-1.169412895627577,-127.18820743274786,686.6636859843225,7.916463574015952,-7.916463574015952,-686.6636859843225,417.8532823660128,3.920805871469738,-3.3492389798697397,-353.94945567682834,556.4153373042735,6.5923096915121215,-6.571429780770235,-554.3862911752756,505.36615916912496,5.608071442022823,-5.384306854122684,-480.54114125479504,-127.18820743274786,-686.6636859843225,hourly_window_mean_factor_top_available_analogs,3,8168.164491491228,,8168.164491491228,0.0,226.7612482440805,-132.27739480904688,4.786814219857517e-14,226.7612482440805,-132.27739480904688,4.786814219857517e-14,353.94945567682834,554.3862911752756,480.5411412547951,134.02735996106654,1.2346520890498012,417.8532823660128,3.920805871469738,686.6636859843225,7.916463574015952,556.4153373042735,6.5923096915121215,505.36615916912496,5.608071442022823,130.24834868004893,1.3241538825038308,-2.686153782419937,-0.15332788878387493,353.94945567682834,554.3862911752756,480.5411412547951
experiment_2026_06_15_10_04,SEN_demand_ORI,2025-01-01,New Year's Day,H3,H,observance_tier,True,2025-01-01,12,True,True,5,False,4,6,5,euclidian,PCR,,3,{},2024-12-31 10:00:00,2025-01-02,250.56025603760673,4.735467478119823,219.419514,3.676,,14,24,4,4,5,4,0.10259513648973993,5038.963770741354,4727.175270878357,250.56025603760673,4.735467478119823,4.721920454025744,249.83666794285674,266.0974364649731,4.460153048115751,4.423382554146111,264.13341163636596,241.49690078830977,4.896067562288863,4.896067562288863,241.49690078830977,284.0835361665942,4.786707137699418,4.786707137699418,284.0835361665942,229.8593281456763,4.59585163048364,4.59585163048364,229.8593281456763,249.83666794285665,4.666166817352611,4.666166817352611,249.83666794285665,264.13341163636596,241.49690078830977,hourly_window_mean_factor_top_available_analogs,4,4993.291573157894,,4993.291573157894,0.0,-19.950124530228226,11.637572642633472,2.1540663989358825e-13,-19.950124530228226,11.637572642633472,2.1540663989358825e-13,-284.0835361665942,-229.8593281456763,-249.8366679428565,266.0974364649731,4.460153048115751,284.0835361665942,4.786707137699418,241.49690078830977,4.896067562288863,229.8593281456763,4.59585163048364,249.83666794285665,4.666166817352611,11.637572642633472,0.3002159318052229,-0.3265540895836665,0.06930066076721175,284.0835361665942,229.8593281456763,249.8366679428565
experiment_2026_06_15_10_04,SEN_demand_ORI,2025-02-03,Constitution Day,H2,H,observance_tier,True,2025-02-03,12,True,True,4,False,4,6,4,pearson,RidgeReg,standard,2,{},2025-02-02 10:00:00,2025-02-04,145.02755522205604,2.6236071543166783,243.752323,4.125,,14,24,4,4,4,4,0.08935509013892075,5294.399728488353,5232.513198370946,145.02755522205604,2.6236071543166783,2.480713573528952,137.63074440638465,176.2157705960945,3.112627749125481,3.112627749125481,176.2157705960945,126.83442958720025,2.338345140678211,2.1120969710976447,115.12281246238724,313.8628683254368,5.768899508851751,5.768899508851751,313.8628683254368,100.7739321320726,1.9364901862132093,0.7298010802000866,34.8286721202702,179.28038230857518,3.348430462974777,2.586311027598067,137.6307444063842,176.2157705960945,115.12281246238724,hourly_window_mean_factor_top_available_analogs,4,4891.694749736842,,4891.694749736842,0.0,-137.64709772934228,80.29414034211705,4.547473508864641e-13,-137.64709772934228,80.29414034211705,4.547473508864641e-13,-313.8628683254368,-34.8286721202702,-137.6307444063842,176.2157705960945,3.112627749125481,313.8628683254368,5.768899508851751,126.83442958720025,2.338345140678211,100.7739321320726,1.9364901862132093,179.28038230857518,3.348430462974777,26.060497455127646,0.40185495446500186,-2.65627175972627,-0.7248233086580989,313.8628683254368,34.8286721202702,137.6307444063842
experiment_2026_06_15_10_04,SEN_demand_ORI,2025-03-17,Benito Juarez's Birthday,H2,H,observance_tier,True,2025-03-17,12,True,True,4,False,4,6,4,pearson,RidgeReg,standard,2,{},2025-03-16 10:00:00,2025-03-18,395.3534000260609,6.600908169084261,211.873921,3.55,,14,24,4,4,4,4,0.07282151782978381,6271.542896078693,6078.095459513282,395.3534000260609,6.600908169084261,-6.600908169084261,-395.3534000260609,426.3058109051106,6.860940210954782,-6.860940210954782,-426.3058109051106,377.29782701328185,6.449222811326457,-6.449222811326457,-377.29782701328185,329.795882516003,5.3169154506660306,-5.3169154506660306,-329.795882516003,433.59528524026217,7.542183195655706,-7.542183195655706,-433.59528524026217,395.3534000260615,6.72234771065951,-6.72234771065951,-395.3534000260615,-426.3058109051106,-377.29782701328185,hourly_window_mean_factor_top_available_analogs,4,6365.733806381579,,6365.733806381579,0.0,-96.50992838910757,56.29745822698029,5.504836352836145e-13,-96.50992838910757,56.29745822698029,5.504836352836145e-13,329.795882516003,433.5952852402621,395.3534000260615,426.3058109051106,6.860940210954782,329.795882516003,5.3169154506660306,377.29782701328185,6.449222811326457,433.59528524026217,7.542183195655706,395.3534000260615,6.72234771065951,-56.297458226980325,-1.092960384329249,1.5440247602887514,-0.12143954157524917,329.795882516003,433.5952852402621,395.3534000260615
experiment_2026_06_15_10_04,SEN_demand_ORI,2025-04-17,Maundy Thursday,H1,G,observance_tier,True,2025-04-17,12,True,True,6,False,2,6,6,pearson,RidgeReg,standard,2,{},2025-04-16 10:00:00,2025-04-18,147.9509244688241,2.1815157026715646,227.70295,3.892,,14,24,4,4,6,4,0.06829625490657898,6534.545278562021,6336.541378016813,147.9509244688241,2.1815157026715646,1.9812622308549435,135.1425714379802,70.69634440626591,1.0335912657000625,0.8469777586092305,57.1370105033393,193.01609617198304,2.85113829090494,2.6429281729982765,180.64581531652072,78.76608601555108,1.1622389709218268,-0.2480122330290208,-14.524451143146118,304.842665257515,4.539426865601297,3.2122485883590737,222.44833461030183,221.55129395784408,3.295199746508861,1.9374156541634595,135.14257143797892,57.1370105033393,180.64581531652072,hourly_window_mean_factor_top_available_analogs,4,6261.990922039473,,6261.990922039473,0.0,71.66146164648542,-41.80251929378111,1.2924398393615296e-12,71.66146164648542,-41.80251929378111,1.2924398393615296e-12,14.524451143146123,-222.44833461030183,-135.14257143797892,70.69634440626591,1.0335912657000625,78.76608601555108,1.1622389709218268,193.01609617198304,2.85113829090494,304.842665257515,4.539426865601297,221.55129395784408,3.295199746508861,-111.82656908553199,-1.6882885746963572,-0.12864770522176427,-1.1136840438372966,14.524451143146123,222.44833461030183,135.14257143797892
experiment_2026_06_15_10_04,SEN_demand_ORI,2025-04-18,Good Friday,H2,G,observance_tier,True,2025-04-18,12,True,True,6,False,2,6,6,pearson,RidgeReg,standard,2,{},2025-04-17 10:00:00,2025-04-19,255.90836164890194,3.9153620907536784,190.882458,3.279,,14,24,4,4,6,4,0.06700526317302265,6197.303793174232,5951.352446145583,255.90836164890194,3.9153620907536784,3.887613784616173,254.2313734047138,166.23963643944737,2.357412872273998,2.282096041329339,161.68781120522226,308.2151180210839,4.824165801533493,4.824165801533493,308.2151180210839,192.13032835877468,2.730695225023335,2.719534728797654,191.4558359815814,290.8504369015438,4.4705327031068505,4.4705327031068505,290.8504369015438,254.47987059631305,3.82953994802345,3.8254281862560937,254.23137340471553,161.68781120522226,308.2151180210839,hourly_window_mean_factor_top_available_analogs,4,6350.401540460526,,6350.401540460526,0.0,-29.768024776359134,17.364681119540137,-1.6993190480494186e-12,-29.768024776359134,17.364681119540137,-1.6993190480494186e-12,-191.4558359815814,-290.8504369015438,-254.2313734047155,166.23963643944737,2.357412872273998,192.13032835877468,2.730695225023335,308.2151180210839,4.824165801533493,290.8504369015438,4.4705327031068505,254.47987059631305,3.82953994802345,17.364681119540137,0.35363309842664226,-0.37328235274933697,0.08582214273022837,191.4558359815814,290.8504369015438,254.2313734047155
experiment_2026_06_15_10_04,SEN_demand_ORI,2025-04-19,Holy Saturday,H3,G,observance_tier,True,2025-04-19,12,True,True,7,False,2,7,7,pearson,RidgeReg,standard,2,{},2025-04-18 10:00:00,2025-04-20,353.2561310463119,5.31824613132101,191.675493,3.327,,14,24,4,4,7,4,0.06426949905761917,6091.713274800921,5973.947724731811,353.2561310463119,5.31824613132101,5.238274522253914,348.73353046223656,127.34570523737933,1.9293295064209792,1.7122637103817198,115.0700750806034,485.03721276818925,7.295114162512693,7.295114162512693,485.03721276818925,166.33447208741816,2.613557023823932,-0.6301307591139995,-24.874603427874263,566.6716085648021,8.442495625752988,8.442495625752988,566.6716085648021,419.17897933629223,6.294991930305441,5.099949062907255,348.73353046223707,115.0700750806034,485.03721276818925,hourly_window_mean_factor_top_available_analogs,4,6153.654938223684,,6153.654938223684,0.0,139.94467850847766,-81.63439579661292,-5.983517774821897e-13,139.94467850847766,-81.63439579661292,-5.983517774821897e-13,24.874603427874263,-566.6716085648022,-348.7335304622372,127.34570523737933,1.9293295064209792,166.33447208741816,2.613557023823932,485.03721276818925,7.295114162512693,566.6716085648021,8.442495625752988,419.17897933629223,6.294991930305441,-81.63439579661286,-1.1473814632402952,-0.6842275174029526,-0.9767457989844308,24.874603427874263,566.6716085648022,348.7335304622372
experiment_2026_06_15_10_04,SEN_demand_ORI,2025-05-01,Labor Day,H2,F,observance_tier,True,2025-05-01,12,True,True,7,False,2,8,7,pearson,RidgeReg,standard,2,{},2025-04-30 10:00:00,2025-05-02,74.95213469569724,1.0441836894793313,223.977784,3.798,,14,24,4,4,7,4,0.06960315485863976,7112.210036669031,6854.101655034242,74.95213469569724,1.0441836894793313,0.24055069297143178,17.819060962549287,91.02762761706506,1.1902115175049908,0.4953539671447457,35.20374909990479,65.57476382489934,0.9590007897976971,0.09191544970366528,7.677992882425239,174.92392352530098,2.3207031577647004,2.2194744054758684,166.92230513444306,135.43569314943045,2.0973943983475074,-1.173110504463743,-69.15783147105765,149.98398855106697,2.179666046553842,0.07678919919821908,17.819060962547873,35.20374909990479,7.677992882425239,hourly_window_mean_factor_top_available_analogs,4,6333.673184276316,,6333.673184276316,0.0,-131.71855603453827,76.83582435348289,1.4121101948579675e-12,-131.71855603453827,76.83582435348289,1.4121101948579675e-12,-166.92230513444306,69.15783147105765,-17.819060962547876,91.02762761706506,1.1902115175049908,174.92392352530098,2.3207031577647004,65.57476382489934,0.9590007897976971,135.43569314943045,2.0973943983475074,149.98398855106697,2.179666046553842,-69.86092932453111,-1.1383936085498103,-1.1304916402597096,-1.135482357074511,166.92230513444306,69.15783147105765,17.819060962547876
experiment_2026_06_15_10_04,SEN_demand_ORI,2025-09-16,Independence Day,H2,H,observance_tier,True,2025-09-16,12,True,True,8,False,4,8,8,pearson,RidgeReg,,2,{},2025-09-15 10:00:00,2025-09-17,622.878137507897,9.741567573601825,199.876496,3.389,,14,24,4,4,8,4,0.08564616015342955,5882.513527755261,5486.300325898484,622.878137507897,9.741567573601825,9.741567573601825,622.878137507897,499.5384090616937,7.022475425321477,7.022475425321477,499.5384090616937,694.826312434849,11.327704660098698,11.327704660098698,694.826312434849,738.2183609031287,10.455704305515956,10.455704305515956,738.2183609031287,555.5963405273451,8.964665129810648,8.964665129810648,555.5963405273451,622.878137507897,9.51399535243892,9.51399535243892,622.878137507897,499.5384090616937,694.826312434849,hourly_window_mean_factor_top_available_analogs,4,6008.73461381579,,6008.73461381579,0.0,-238.67995184143496,139.22997190750377,2.3934071099287584e-14,-238.67995184143496,139.22997190750377,2.3934071099287584e-14,-738.2183609031287,-555.5963405273452,-622.878137507897,499.5384090616937,7.022475425321477,738.2183609031287,10.455704305515956,694.826312434849,11.327704660098698,555.5963405273451,8.964665129810648,622.878137507897,9.51399535243892,139.2299719075039,2.3630395302880505,-3.4332288801944797,0.2275722211629052,738.2183609031287,555.5963405273452,622.878137507897
experiment_2026_06_15_10_04,SEN_demand_ORI,2025-11-17,Mexican Revolution Day,H2,F,observance_tier,True,2025-11-17,12,True,True,7,False,2,8,7,pearson,RidgeReg,standard,2,{},2025-11-16 10:00:00,2025-11-18,92.67831166857177,1.4426163080746335,254.069117,4.139,,14,24,4,4,7,4,0.07683060361336423,6067.236213086221,5972.363146676081,92.67831166857177,1.4426163080746335,1.189934563960755,79.44760428219902,91.21615163925162,1.391786386530191,1.391786386530191,91.21615163925162,93.53123835234184,1.4722670956422252,1.0721876674619177,72.58261832391834,111.9144651872036,1.7488464343961032,1.7488464343961032,111.9144651872036,106.22869071058115,1.7221667694424163,0.8739265039625925,60.50860208761454,108.32344972828416,1.7319961196885114,1.1962654257012542,79.44760428219998,91.21615163925162,72.58261832391834,hourly_window_mean_factor_top_available_analogs,4,5669.03190506579,,5669.03190506579,0.0,-20.69831354795198,12.074016236303805,-9.573628439715034e-13,-20.69831354795198,12.074016236303805,-9.573628439715034e-13,-111.9144651872036,-60.508602087614534,-79.44760428219998,91.21615163925162,1.391786386530191,111.9144651872036,1.7488464343961032,93.53123835234184,1.4722670956422252,106.22869071058115,1.7221667694424163,108.32344972828416,1.7319961196885114,-12.697452358239303,-0.24989967380019107,-0.3570600478659123,-0.28937981161387794,111.9144651872036,60.508602087614534,79.44760428219998
experiment_2026_06_15_10_04,SEN_demand_ORI,2025-12-24,Christmas Eve,H1,G,observance_tier,True,2025-12-24,12,True,True,7,False,2,8,7,pearson,RidgeReg,standard,2,{},2025-12-23 10:00:00,2025-12-25,221.94020206308952,3.8115045360706117,249.975003,4.032,,14,24,4,4,7,4,0.06853156308392454,5869.559558370944,5647.603001648665,221.94020206308952,3.8115045360706117,2.279046264133447,128.81894005010955,62.377838625218565,0.9828904106568529,0.44040151860877,28.376198676577328,315.01824740184753,5.461529442561971,3.3515890323561752,187.41053918467,67.67431145271237,1.0667559720765987,0.3735102227493742,24.77415268903022,236.84980542719381,4.090992683270986,3.3109436570948945,189.51173267740464,174.52199185764803,2.9768002107256857,2.228731339178124,128.8189400501088,28.376198676577328,187.41053918467,hourly_window_mean_factor_top_available_analogs,4,5348.146820526315,,5348.146820526315,0.0,3.6020459875471067,-2.1011934927346374,7.419562040779151e-13,3.6020459875471067,-2.1011934927346374,7.419562040779151e-13,-24.77415268903022,-189.51173267740464,-128.8189400501088,62.377838625218565,0.9828904106568529,67.67431145271237,1.0667559720765987,315.01824740184753,5.461529442561971,236.84980542719381,4.090992683270986,174.52199185764803,2.9768002107256857,78.16844197465372,1.3705367592909843,-0.08386556141974577,0.834704325344926,24.77415268903022,189.51173267740464,128.8189400501088
experiment_2026_06_15_10_04,SEN_demand_ORI,2025-12-25,Christmas Day,H2,H,observance_tier,True,2025-12-25,12,True,True,8,False,4,8,8,pearson,LassoReg,standard,2,{},2025-12-24 10:00:00,2025-12-26,201.36600583369292,3.88291867738214,243.978793,3.866,,14,24,4,4,8,4,0.1060617114890309,5663.424145223071,5459.985816438769,201.36600583369292,3.88291867738214,-3.240971935022113,-161.4661952230704,105.9660322676068,1.7876341046570283,-0.9882536855971258,-55.404458853302,257.01599041390983,5.105168011471789,-4.555057580520022,-223.33554143876862,314.47700554388996,5.278723211277296,-5.278723211277296,-314.47700554388996,92.00236130584774,1.6880599434667996,-1.3237925816993645,-72.20988920259303,173.9667039198633,3.010935884239088,-2.7808722873333402,-161.46619522307086,-55.404458853302,-223.33554143876862,hourly_window_mean_factor_top_available_analogs,4,5319.5747264473675,,5319.5747264473675,0.0,259.07254669058796,-151.1256522361756,4.547473508864641e-13,259.07254669058796,-151.1256522361756,4.547473508864641e-13,314.47700554388996,72.20988920259302,161.46619522307086,105.9660322676068,1.7876341046570283,314.47700554388996,5.278723211277296,257.01599041390983,5.105168011471789,92.00236130584774,1.6880599434667996,173.9667039198633,3.010935884239088,165.0136291080621,3.417108068004989,-3.491089106620268,0.8719827931430517,314.47700554388996,72.20988920259302,161.46619522307086
experiment_2026_06_15_10_04,SEN_demand_ORI,2025-12-31,New Year's Eve,H1,G,observance_tier,True,2025-12-31,12,True,True,7,False,2,8,7,pearson,RidgeReg,standard,2,{},2025-12-30 10:00:00,2026-01-01,145.96299731526807,2.804508910675852,241.762733,3.854,,14,24,4,4,7,4,0.06764641149747684,5256.748241360217,4987.065039395925,145.96299731526807,2.804508910675852,0.35034265176355117,11.987013639782976,126.95350115614708,2.2621352497971503,-2.2621352497971503,-126.95350115614708,157.05187007475533,3.120893546188428,1.8742880943406268,93.03564727074217,45.1932335729585,0.8123243217533417,-0.2505519539420161,-12.759194787390177,129.1789139098662,2.5715513863611292,0.4466535602225223,26.422301888966633,98.23682115416337,1.9234150994003651,0.18978837079348185,11.987013639782546,-126.95350115614708,93.03564727074217,hourly_window_mean_factor_top_available_analogs,4,5511.80662,,5511.80662,0.0,-114.1943063687569,66.61334538177555,4.308132797871765e-13,-114.1943063687569,66.61334538177555,4.308132797871765e-13,12.759194787390186,-26.42230188896663,-11.987013639782544,126.95350115614708,2.2621352497971503,45.1932335729585,0.8123243217533417,157.05187007475533,3.120893546188428,129.1789139098662,2.5715513863611292,98.23682115416337,1.9234150994003651,27.872956164889132,0.5493421598272987,1.4498109280438087,0.8810938112754867,12.759194787390186,26.42230188896663,11.987013639782544
experiment_2026_06_15_10_04,SEN_demand_ORI,2026-01-01,New Year's Day,H3,H,observance_tier,True,2026-01-01,12,True,True,8,False,4,8,8,pearson,RidgeReg,standard,2,{},2025-12-31 10:00:00,2026-01-02,128.39989730557218,2.6387143181673105,235.295669,3.766,,14,24,4,4,8,4,0.08553902596907362,4839.737262069728,4590.7835172490495,128.39989730557218,2.6387143181673105,0.7356877059912643,28.975430035534398,157.58209174388745,3.017332674178085,1.0611982157868338,50.83005680910752,111.3769505498883,2.4178536104943587,0.5458065752771818,16.226897750950076,399.7856031635234,7.625015810235696,7.462976903158543,391.07290842555085,269.5260936959489,6.017053626748517,-4.1287344554245,-182.2480990253074,317.51643928926586,6.609460746980638,0.1418960451060946,28.975430035535116,50.83005680910752,16.226897750950076,hourly_window_mean_factor_top_available_analogs,4,4875.024676052632,,4875.024676052632,0.0,-340.2428516164433,198.47499677625748,-7.180221329786276e-13,-340.2428516164433,198.47499677625748,-7.180221329786276e-13,-391.07290842555085,182.2480990253074,-28.975430035535116,157.58209174388745,3.017332674178085,399.7856031635234,7.625015810235696,111.3769505498883,2.4178536104943587,269.5260936959489,6.017053626748517,317.51643928926586,6.609460746980638,-158.14914314606057,-3.599200016254158,-4.607683136057611,-3.970746428813327,391.07290842555085,182.2480990253074,28.975430035535116
experiment_2026_06_15_10_04,SEN_demand_ORI,2026-02-02,Constitution Day,H2,H,observance_tier,True,2026-02-02,12,True,True,8,False,4,8,8,pearson,RidgeReg,standard,2,{},2026-02-01 10:00:00,2026-02-03,153.91887913136884,3.046432127315991,225.75307,3.726,,14,24,4,4,8,4,0.08907970586354434,5181.844417520988,5014.384147645948,153.91887913136884,3.046432127315991,-0.15071878904068683,-9.52360515256719,87.68329666015254,1.5975274767648133,-1.5548647057026403,-85.22048587819849,192.55630223957834,3.891626506804178,0.6683663290121195,34.63290860405107,176.92639335816406,3.4329022429159046,3.1990517254028528,163.10347301708785,126.68787607485763,2.36565211885514,-2.0065024780004994,-110.2227340848654,145.19680349502315,2.7588495329827905,-0.08866671885189593,-9.523605152566832,-85.22048587819849,34.63290860405107,hourly_window_mean_factor_top_available_analogs,4,4857.569146973685,,4857.569146973685,0.0,-248.32395889528632,144.85564268891645,-3.590110664893138e-13,-248.32395889528632,144.85564268891645,-3.590110664893138e-13,-163.10347301708782,110.22273408486538,9.523605152566832,87.68329666015254,1.5975274767648133,176.92639335816406,3.4329022429159046,192.55630223957834,3.891626506804178,126.68787607485763,2.36565211885514,145.19680349502315,2.7588495329827905,65.86842616472072,1.5259743879490384,-1.8353747661510913,0.28758259433320044,163.10347301708782,110.22273408486538,9.523605152566832
experiment_2026_06_15_10_04,SEN_demand_ORI,2026-03-16,Benito Juarez's Birthday,H2,H,observance_tier,True,2026-03-16,12,True,True,4,False,4,8,4,pearson,RidgeReg,standard,2,{},2026-03-15 10:00:00,2026-03-17,256.7856594597747,4.136625014303799,215.193133,3.554,,14,24,4,4,4,4,0.08586590404874164,6110.978867863569,5851.182534854347,256.7856594597747,4.136625014303799,3.05254746038254,191.30172687327527,214.83816435896122,3.1937769167718497,0.6675859984454409,64.80581126348586,281.25503160191585,4.686619737864101,4.443774979845849,265.09101097898576,315.24791511687926,4.766360692025723,-0.2584838185516495,15.941612298011089,313.4483164287482,5.196196454522473,4.888029079301058,293.59512704217633,314.1113264717438,5.037835910444722,2.9919453800921656,191.30172687327337,64.80581126348586,265.09101097898576,hourly_window_mean_factor_top_available_analogs,4,5666.270919144737,,5666.270919144737,0.0,48.86419896547477,-28.504116063190583,1.9147256879430067e-12,48.86419896547477,-28.504116063190583,1.9147256879430067e-12,-15.941612298011094,-293.59512704217633,-191.30172687327337,214.83816435896122,3.1937769167718497,315.24791511687926,4.766360692025723,281.25503160191585,4.686619737864101,313.4483164287482,5.196196454522473,314.1113264717438,5.037835910444722,-32.19328482683238,-0.5095767166583718,-1.572583775253873,-0.9012108961409231,15.941612298011094,293.59512704217633,191.30172687327337
experiment_2026_06_15_10_04,SEN_demand_ORI,2026-04-02,Maundy Thursday,H1,G,observance_tier,True,2026-04-02,12,True,True,8,False,2,8,8,pearson,RidgeReg,standard,2,{},2026-04-01 10:00:00,2026-04-03,211.57043771700543,3.4515959289682137,210.285115,3.569,,14,24,4,4,8,4,0.06589355764082871,6396.848347222532,6234.9135773217495,211.57043771700543,3.4515959289682137,-1.961820342175086,-109.71424222253216,144.5419577667313,2.2006250867764647,-2.2006250867764647,-144.5419577667313,250.67038435466534,4.1813289202467345,-1.8225175744909483,-89.39807482174933,149.85990336809851,2.271320061165056,-2.2623032930669775,-149.2599461266706,221.94229054770992,3.7250952668741326,-1.7136030727838676,-86.64591494511717,195.38562158680045,3.1894938752971047,-1.91575578551975,-109.71424222253158,-144.5419577667313,-89.39807482174933,hourly_window_mean_factor_top_available_analogs,4,6409.977354539473,,6409.977354539473,0.0,4.717988359939292,-2.752159876632163,-5.74417706382902e-13,4.717988359939292,-2.752159876632163,-5.74417706382902e-13,149.25994612667057,86.64591494511717,109.7142422225316,144.5419577667313,2.2006250867764647,149.85990336809851,2.271320061165056,250.67038435466534,4.1813289202467345,221.94229054770992,3.7250952668741326,195.38562158680045,3.1894938752971047,28.728093806955428,0.4562336533726019,-0.07069497438859118,0.26210205367110895,149.25994612667057,86.64591494511717,109.7142422225316
experiment_2026_06_15_10_04,SEN_demand_ORI,2026-04-03,Good Friday,H2,G,observance_tier,True,2026-04-03,12,True,True,8,False,2,8,8,pearson,RidgeReg,standard,2,{},2026-04-02 10:00:00,2026-04-04,435.142763737329,6.810102156520265,201.088075,3.459,,14,24,4,4,8,4,0.06692986388939562,5760.845773631092,5587.9889933042405,435.142763737329,6.810102156520265,6.810102156520265,435.142763737329,441.9358908085924,6.625525833600294,6.625525833600294,441.9358908085924,431.18010627909206,6.917771678223578,6.917771678223578,431.18010627909206,367.2407088940419,5.444050775812606,5.426403188244506,366.24487238984403,475.3332003566955,7.604437135651463,7.604437135651463,475.3332003566955,435.5096508704548,6.808505318868727,6.802003576080479,435.1427637373292,441.9358908085924,431.18010627909206,hourly_window_mean_factor_top_available_analogs,4,5983.851031776316,,5983.851031776316,0.0,75.69101841874837,-44.15309407760348,-1.6753849769501309e-13,75.69101841874837,-44.15309407760348,-1.6753849769501309e-13,-366.244872389844,-475.33320035669556,-435.1427637373292,441.9358908085924,6.625525833600294,367.2407088940419,5.444050775812606,431.18010627909206,6.917771678223578,475.3332003566955,7.604437135651463,435.5096508704548,6.808505318868727,-44.15309407760344,-0.6866654574278854,1.1814750577876882,0.0015968376515376193,366.244872389844,475.33320035669556,435.1427637373292
experiment_2026_06_15_10_04,SEN_demand_ORI,2026-04-04,Holy Saturday,H3,G,observance_tier,True,2026-04-04,12,True,True,3,False,2,9,3,pearson,RidgeReg,minmax,2,{},2026-04-03 10:00:00,2026-04-05,572.7651229631635,8.951234900319783,223.902712,3.837,,14,24,3,4,3,3,0.07125544994352659,5795.43320363489,5560.938287382606,572.7651229631635,8.951234900319783,7.398107315341919,486.0300084703743,224.3187092701958,3.6622712825070596,-0.5533607338614356,-11.10517292451797,776.025530950728,12.036463677377208,12.036463677377208,776.025530950728,257.3265989371884,4.169201093254484,-0.27108792548724103,10.098443907249864,763.656754465529,11.784211633120814,11.784211633120814,763.656754465529,577.1140655866666,8.978681434222693,7.342785479949424,486.03000847037356,-11.10517292451797,776.025530950728,hourly_window_mean_factor_top_available_analogs,3,6260.545259210526,,6260.545259210526,0.0,-21.203616831767835,12.36877648519904,7.180221329786276e-13,-21.203616831767835,12.36877648519904,7.180221329786276e-13,-10.098443907249866,-763.6567544655289,-486.03000847037356,224.3187092701958,3.6622712825070596,257.3265989371884,4.169201093254484,776.025530950728,12.036463677377208,763.656754465529,11.784211633120814,577.1140655866666,8.978681434222693,12.368776485198964,0.25225204425639447,-0.5069298107474247,-0.02744653390291063,10.098443907249866,763.6567544655289,486.03000847037356
experiment_2026_06_15_10_04,SEN_demand_ORI,2026-05-01,Labor Day,H2,F,observance_tier,True,2026-05-01,12,True,True,6,False,2,10,6,pearson,RidgeReg,minmax,2,{},2026-04-30 10:00:00,2026-05-02,224.04589412105398,3.1298821070611034,217.135421,3.827,,14,24,4,4,6,4,0.07201219661999896,7707.361319552449,7467.924510835665,224.04589412105398,3.1298821070611034,-3.029019062482358,-215.9592461313974,123.51740689600592,1.5023027324805427,-1.2285316114810911,-101.56793378122373,282.6875116689987,4.079303408899764,-4.079303408899764,-282.6875116689987,102.25774997375025,1.2675878762970239,-1.118136328174159,-90.12736348072296,289.3611776776218,4.223957847500439,-4.223957847500439,-289.3611776776218,220.42833589198494,3.1347689107412857,-3.0797078140644403,-215.9592461313959,-101.56793378122373,-282.6875116689987,hourly_window_mean_factor_top_available_analogs,4,6722.913177894737,,6722.913177894737,0.0,-11.440570300500765,6.673666008623134,-1.4599783370565428e-12,-11.440570300500765,6.673666008623134,-1.4599783370565428e-12,90.12736348072296,289.3611776776218,215.95924613139596,123.51740689600592,1.5023027324805427,102.25774997375025,1.2675878762970239,282.6875116689987,4.079303408899764,289.3611776776218,4.223957847500439,220.42833589198494,3.1347689107412857,-6.673666008623115,-0.14465443860067495,0.23471485618351884,-0.00488680368018235,90.12736348072296,289.3611776776218,215.95924613139596
experiment_2026_06_15_10_04,SEN_demand_PEN,2025-01-01,New Year's Day,H3,H,observance_tier,True,2025-01-01,12,True,True,4,False,4,6,4,pearson,RidgeReg,standard,2,{},2024-12-31 10:00:00,2025-01-02,20.430695821168527,1.2937007667078715,94.219514,5.619,,14,24,4,4,4,4,0.07119776953480543,1585.792733829791,1513.9391125658901,20.430695821168527,1.2937007667078715,-0.30242911620471763,-4.910760408738281,15.764887802750422,0.9281160534926612,0.1457056090106484,3.0523611463793094,23.152417165245755,1.506958516083411,-0.5638410392470145,-9.555914649223544,43.28628820817926,2.5644028569998745,1.5872663292779534,26.933523427342966,40.5604583755457,2.747309504193842,-1.6113702671889574,-23.48659264645239,41.56471147177912,2.679922844701328,-0.43292520533272744,-4.910760408738311,3.0523611463793094,-9.555914649223544,hourly_window_mean_factor_top_available_analogs,4,1334.5939683552633,,1334.5939683552633,0.0,-23.881162280963654,13.930677997228846,2.991758887410948e-14,-23.881162280963654,13.930677997228846,2.991758887410948e-14,-26.933523427342962,23.48659264645239,4.910760408738311,15.764887802750422,0.9281160534926612,43.28628820817926,2.5644028569998745,23.152417165245755,1.506958516083411,40.5604583755457,2.747309504193842,41.56471147177912,2.679922844701328,-17.408041210299945,-1.2403509881104309,-1.6362868035072133,-1.3862220779934564,26.933523427342962,23.48659264645239,4.910760408738311
experiment_2026_06_15_10_04,SEN_demand_PEN,2025-02-03,Constitution Day,H2,H,observance_tier,True,2025-02-03,12,True,True,6,False,4,6,6,pearson,RidgeReg,standard,2,{},2025-02-02 10:00:00,2025-02-04,78.87563158274567,4.610367118053452,83.83801,5.287,,14,24,4,4,6,4,0.07391899497764966,1569.249972832061,1556.9799775135577,78.87563158274567,4.610367118053452,3.829162481423756,67.63821032583341,78.11991872707848,4.573950316387072,2.5825847839137483,49.52046305050395,79.31646408188485,4.63161025235884,4.55633280497126,78.20689623644229,70.90150566859381,4.054040605653957,3.6481221513874575,65.08844270594508,69.63357660886219,4.0666166184310555,4.032043680893893,69.1255747707687,70.10070836771068,4.061983350565809,3.8905989068652067,67.63821032583368,49.52046305050395,78.20689623644229,hourly_window_mean_factor_top_available_analogs,4,1720.474300394737,,1720.474300394737,0.0,-15.567979655441134,9.081321465673597,-2.5130774654251967e-13,-15.567979655441134,9.081321465673597,-2.5130774654251967e-13,-65.08844270594508,-69.1255747707687,-67.63821032583367,78.11991872707848,4.573950316387072,70.90150566859381,4.054040605653957,79.31646408188485,4.63161025235884,69.63357660886219,4.0666166184310555,70.10070836771068,4.061983350565809,9.68288747302266,0.5649936339277843,0.5199097107331152,0.5483837674876426,65.08844270594508,69.1255747707687,67.63821032583367
experiment_2026_06_15_10_04,SEN_demand_PEN,2025-03-17,Benito Juarez's Birthday,H2,H,observance_tier,True,2025-03-17,12,True,True,6,False,4,6,6,pearson,RidgeReg,standard,2,{},2025-03-16 10:00:00,2025-03-18,192.37964860887237,11.24680548944505,67.481793,4.2,,14,24,4,4,6,4,0.07475677729071233,2011.3412638720301,1982.6966707640674,192.37964860887237,11.24680548944505,-11.24680548944505,-192.37964860887237,67.66238134282382,3.4819237271375676,-3.4819237271375676,-67.66238134282382,265.1313878474006,15.776319850791083,-15.776319850791083,-265.1313878474006,60.81571307944408,3.2336004969145797,-2.5640748404735705,-45.84541397646141,278.67887658545635,16.72785028309737,-16.6904285303178,-277.85795214444516,198.41350055692547,11.75628457239845,-11.485982434059398,-192.37964860887217,-67.66238134282382,-265.1313878474006,hourly_window_mean_factor_top_available_analogs,4,2022.9320319078952,,2022.9320319078952,0.0,-21.816967366362423,12.726564297044556,-1.1967035549643792e-13,-21.816967366362423,12.726564297044556,-1.1967035549643792e-13,45.8454139764614,277.85795214444516,192.37964860887226,67.66238134282382,3.4819237271375676,60.81571307944408,3.2336004969145797,265.1313878474006,15.776319850791083,278.67887658545635,16.72785028309737,198.41350055692547,11.75628457239845,-13.547488738055733,-0.9515304323062885,0.24832323022298786,-0.5094790829533995,45.8454139764614,277.85795214444516,192.37964860887226
experiment_2026_06_15_10_04,SEN_demand_PEN,2025-04-17,Maundy Thursday,H1,G,observance_tier,True,2025-04-17,12,True,True,6,False,2,6,6,pearson,RidgeReg,standard,2,{},2025-04-16 10:00:00,2025-04-18,80.36647310001547,4.356836606335495,71.4625,4.362,,14,24,4,4,6,4,0.07384558945096037,1759.2184508952923,1685.9922427628944,80.36647310001547,4.356836606335495,2.977825983785799,56.2222912099709,21.67342118332088,1.16581271982881,-0.2080561779216876,-2.5714484079741817,114.60408671808732,6.218267206797729,4.836257244781834,90.51863932043887,55.96043878694093,3.100368028842639,-1.1631117707583702,-17.218242259353133,119.91599015668508,6.3561929483841615,5.067343324460326,99.06260240040983,96.35341859941092,5.156678504342548,2.77191249990607,56.22229120997085,-2.5714484079741817,90.51863932043887,hourly_window_mean_factor_top_available_analogs,4,1789.407032236842,,1789.407032236842,0.0,14.64679385137895,-8.54396307997096,5.983517774821896e-14,14.64679385137895,-8.54396307997096,5.983517774821896e-14,17.218242259353133,-99.06260240040983,-56.22229120997084,21.67342118332088,1.16581271982881,55.96043878694093,3.100368028842639,114.60408671808732,6.218267206797729,119.91599015668508,6.3561929483841615,96.35341859941092,5.156678504342548,-5.311903438597767,-0.13792574158643234,-1.934555309013829,-0.7998418980070525,17.218242259353133,99.06260240040983,56.22229120997084
experiment_2026_06_15_10_04,SEN_demand_PEN,2025-04-18,Good Friday,H2,G,observance_tier,True,2025-04-18,12,True,True,6,False,2,6,6,pearson,RidgeReg,standard,2,{},2025-04-17 10:00:00,2025-04-19,51.97428152346052,2.7932746652033287,74.117676,4.486,,14,24,4,4,6,4,0.07002745969049917,1760.9215802945312,1723.3157440645182,51.97428152346052,2.7932746652033287,2.0440138345456487,40.241735758100084,28.949159008278325,1.489469634930886,1.390681696641792,27.292431168302592,65.40560299065014,3.5538275995289204,2.4251242483228985,47.79549676881529,48.0124984743136,2.677716754644684,-0.6067807091432869,-6.713963957910421,91.89141418668937,4.774838652855377,3.191775644828187,67.63256059244006,75.72549787160357,4.0022147956198575,1.7923075144176441,40.24173575810041,27.292431168302592,47.79549676881529,hourly_window_mean_factor_top_available_analogs,4,1869.8462690131578,,1869.8462690131578,0.0,34.006395126213015,-19.83706382362477,-3.231099598403824e-13,34.006395126213015,-19.83706382362477,-3.231099598403824e-13,6.713963957910423,-67.63256059244006,-40.241735758100404,28.949159008278325,1.489469634930886,48.0124984743136,2.677716754644684,65.40560299065014,3.5538275995289204,91.89141418668937,4.774838652855377,75.72549787160357,4.0022147956198575,-26.485811196039236,-1.2210110533264564,-1.1882471197137978,-1.2089401304165288,6.713963957910423,67.63256059244006,40.241735758100404
experiment_2026_06_15_10_04,SEN_demand_PEN,2025-04-19,Holy Saturday,H3,G,observance_tier,True,2025-04-19,12,True,True,6,False,2,7,6,pearson,RidgeReg,standard,2,{},2025-04-18 10:00:00,2025-04-20,151.54984085538644,8.178422551576892,74.679999,4.541,,14,24,4,4,6,4,0.07002745969049917,1682.838834969523,1642.529668362975,151.54984085538644,8.178422551576892,7.9067537732773285,147.37223081995057,86.0759823725774,4.380748858336186,3.643362174380234,74.73675513353722,189.74292497035842,10.3937322059673,10.3937322059673,189.74292497035842,116.65829683215648,6.208930836530986,1.9459886022595234,49.73115229159782,204.32952662815637,10.835694967560121,10.835694967560121,204.32952662815637,172.02959986120908,9.131097656128336,7.560539990870428,147.37223081995063,74.73675513353722,189.74292497035842,hourly_window_mean_factor_top_available_analogs,4,1869.8462690131576,,1869.8462690131576,0.0,25.005602841939385,-14.586601657797976,0.0,25.005602841939385,-14.586601657797976,0.0,-49.73115229159783,-204.3295266281564,-147.37223081995057,86.0759823725774,4.380748858336186,116.65829683215648,6.208930836530986,189.74292497035842,10.3937322059673,204.32952662815637,10.835694967560121,172.02959986120908,9.131097656128336,-14.586601657797956,-0.441962761592821,-1.8281819781948005,-0.9526751045514441,49.73115229159783,204.3295266281564,147.37223081995057
experiment_2026_06_15_10_04,SEN_demand_PEN,2025-05-01,Labor Day,H2,F,observance_tier,True,2025-05-01,12,True,True,7,False,2,8,7,pearson,RidgeReg,standard,2,{},2025-04-30 10:00:00,2025-05-02,59.49208413532081,2.7825587799502696,87.439708,5.262,,14,24,4,4,7,4,0.07023186977182283,2046.4396464051147,2016.4009516351596,59.49208413532081,2.7825587799502696,1.0946076494602253,24.723989384359008,68.22153827496209,3.031292219724347,3.031292219724347,68.22153827496209,54.3999025538634,2.6374642734153912,-0.03512501652717873,-0.6495808018261187,74.16258654321094,3.274643246311371,3.220270945637849,73.10575343902549,66.0505647646844,3.3455768948336613,-0.5552811961753741,-3.498706314196435,69.03920436729943,3.319443445378081,0.8357116981768657,24.723989384359008,68.22153827496209,-0.6495808018261187,hourly_window_mean_factor_top_available_analogs,4,1752.1114278289472,,1752.1114278289472,0.0,-4.8842151640633995,2.8491255123703163,0.0,-4.8842151640633995,2.8491255123703163,0.0,-73.10575343902549,3.498706314196435,-24.723989384359008,68.22153827496209,3.031292219724347,74.16258654321094,3.274643246311371,54.3999025538634,2.6374642734153912,66.0505647646844,3.3455768948336613,69.03920436729943,3.319443445378081,-11.650662210820997,-0.70811262141827,-0.24335102658702423,-0.5368846654278112,73.10575343902549,3.498706314196435,24.723989384359008
experiment_2026_06_15_10_04,SEN_demand_PEN,2025-09-16,Independence Day,H2,H,observance_tier,True,2025-09-16,12,True,True,8,False,4,8,8,pearson,RidgeReg,,2,{},2025-09-15 10:00:00,2025-09-17,87.66252422762238,4.26156351142927,85.102369,5.012,,14,24,4,4,8,4,0.07906909119544249,1853.650919139811,1802.412082460555,87.66252422762238,4.26156351142927,3.8463567860392702,80.54532322861047,145.67520226717977,6.9228746352992685,6.9228746352992685,145.67520226717977,53.821795371213916,2.7091320225051043,2.051721373970938,42.55289378944505,177.15499982142165,8.530095749004326,8.530095749004326,177.15499982142165,47.21145126939845,2.505808770659327,1.0518437421487474,24.18967854946979,95.08539020961753,4.725282920575905,3.8069892183586975,80.54532322860996,145.67520226717977,42.55289378944505,hourly_window_mean_factor_top_available_analogs,4,2019.634716907895,,2019.634716907895,0.0,-31.47979755424189,18.36321523997526,5.205660464095049e-13,-31.47979755424189,18.36321523997526,5.205660464095049e-13,-177.15499982142165,-24.18967854946979,-80.54532322860994,145.67520226717977,6.9228746352992685,177.15499982142165,8.530095749004326,53.821795371213916,2.7091320225051043,47.21145126939845,2.505808770659327,95.08539020961753,4.725282920575905,6.610344101815464,0.20332325184577726,-1.6072211137050578,-0.463719409146635,177.15499982142165,24.18967854946979,80.54532322860994
experiment_2026_06_15_10_04,SEN_demand_PEN,2025-11-17,Mexican Revolution Day,H2,F,observance_tier,True,2025-11-17,12,True,True,8,False,2,8,8,pearson,RidgeReg,standard,2,{},2025-11-16 10:00:00,2025-11-18,33.68612201556132,2.0575447323446343,92.188246,5.254,,14,24,4,4,8,4,0.08557175999219786,1625.5434470771318,1636.033937602763,33.68612201556132,2.0575447323446343,0.8550530129347768,15.297769501815752,49.6203031936249,2.973290612490256,2.063104226513404,36.95276096680792,24.391182995024234,1.523359635593021,0.15035647168057678,2.665691147236989,39.9999284009314,2.512145909290457,-0.12377905484817621,3.124555434579309,29.215273953431176,1.6844273946594086,1.2203851012769356,22.398811041036794,33.188567697247045,1.9893763211024265,0.7251667279676838,15.297769501815615,36.95276096680792,2.665691147236989,hourly_window_mean_factor_top_available_analogs,4,1682.152084868421,,1682.152084868421,0.0,33.82820553222861,-19.733119893799806,1.3762090882090361e-13,33.82820553222861,-19.733119893799806,1.3762090882090361e-13,-3.124555434579314,-22.398811041036794,-15.297769501815615,49.6203031936249,2.973290612490256,39.9999284009314,2.512145909290457,24.391182995024234,1.523359635593021,29.215273953431176,1.6844273946594086,33.188567697247045,1.9893763211024265,-4.824090958406941,-0.1610677590663876,0.46114470319979883,0.06816841124220785,3.124555434579314,22.398811041036794,15.297769501815615
experiment_2026_06_15_10_04,SEN_demand_PEN,2025-12-24,Christmas Eve,H1,G,observance_tier,True,2025-12-24,12,True,True,8,False,2,8,8,pearson,RidgeReg,standard,2,{},2025-12-23 10:00:00,2025-12-25,43.91335700971519,2.604401491006831,89.584065,5.06,,14,24,4,4,8,4,0.06283953596892071,1767.7517024708995,1726.5158493989845,43.91335700971519,2.604401491006831,-2.2356506102043356,-37.6325966814257,29.827836209473162,1.7521317694733551,-1.5997863408406354,-26.908032737039612,52.129910809856376,3.101558828568025,-2.6065714339998274,-43.888592315650925,46.412971637760656,2.653239973914521,-2.2823407774196816,-39.26794764145812,52.935611331163784,3.179917896051078,-2.2061705355645955,-36.67864195474044,50.532533549383686,2.985878661579715,-2.234233256248048,-37.6325966814259,-26.908032737039612,-43.888592315650925,hourly_window_mean_factor_top_available_analogs,4,1727.1369384210527,,1727.1369384210527,0.0,12.359914904418506,-7.209950360910483,1.9745608656912259e-13,12.359914904418506,-7.209950360910483,1.9745608656912259e-13,39.26794764145812,36.67864195474044,37.6325966814259,29.827836209473162,1.7521317694733551,46.412971637760656,2.653239973914521,52.129910809856376,3.101558828568025,52.935611331163784,3.179917896051078,50.532533549383686,2.985878661579715,-0.8057005213074078,-0.07835906748305277,-0.901108204441166,-0.3814771705728841,39.26794764145812,36.67864195474044,37.6325966814259
experiment_2026_06_15_10_04,SEN_demand_PEN,2025-12-25,Christmas Day,H2,H,observance_tier,True,2025-12-25,12,True,True,8,False,4,8,8,pearson,RidgeReg,standard,2,{},2025-12-24 10:00:00,2025-12-26,184.87153895906772,12.516496263246902,87.617727,4.938,,14,24,4,4,8,4,0.0772613265093585,1745.0380668538048,1706.948718441706,184.87153895906772,12.516496263246902,-12.516496263246902,-184.87153895906772,94.6099419888303,5.54961927542339,-5.54961927542339,-94.6099419888303,237.52413719170622,16.58050783947729,-16.58050783947729,-237.52413719170622,147.90641566282798,8.586091749476507,-8.586091749476507,-147.90641566282798,206.43452754854138,14.352370775147401,-14.352370775147401,-206.43452754854138,184.871538959068,12.227952186742334,-12.227952186742334,-184.871538959068,-94.6099419888303,-237.52413719170622,hourly_window_mean_factor_top_available_analogs,4,1611.7007025657895,,1611.7007025657895,0.0,53.29647367399765,-31.089609643164817,3.051594065159167e-13,53.29647367399765,-31.089609643164817,3.051594065159167e-13,147.90641566282795,206.4345275485414,184.87153895906803,94.6099419888303,5.54961927542339,147.90641566282798,8.586091749476507,237.52413719170622,16.58050783947729,206.43452754854138,14.352370775147401,184.871538959068,12.227952186742334,31.089609643164835,2.2281370643298875,-3.0364724740531175,0.2885440765045679,147.90641566282795,206.4345275485414,184.87153895906803
experiment_2026_06_15_10_04,SEN_demand_PEN,2025-12-31,New Year's Eve,H1,G,observance_tier,True,2025-12-31,12,True,True,8,False,2,8,8,pearson,RidgeReg,standard,2,{},2025-12-30 10:00:00,2026-01-01,187.30270465184637,13.366241860819516,91.203549,5.236,,14,24,4,4,8,4,0.06483425496531406,1640.5065670202673,1590.022114720854,187.30270465184637,13.366241860819516,-13.366241860819516,-187.30270465184637,99.0692873906903,6.06628095159987,-6.06628095159987,-99.0692873906903,238.77219805418738,17.624552391197643,-17.624552391197643,-238.77219805418738,93.19479416791205,5.715766694416807,-5.715766694416807,-93.19479416791205,242.19898576747457,17.88478063478838,-17.88478063478838,-242.19898576747457,187.30270465184626,13.401459709388327,-13.401459709388327,-187.30270465184626,-99.0692873906903,-238.77219805418738,hourly_window_mean_factor_top_available_analogs,4,1489.679803881579,,1489.679803881579,0.0,-5.874493222778256,3.426787713287174,-8.975276662232845e-14,-5.874493222778256,3.426787713287174,-8.975276662232845e-14,93.19479416791205,242.19898576747457,187.30270465184628,99.0692873906903,6.06628095159987,93.19479416791205,5.715766694416807,238.77219805418738,17.624552391197643,242.19898576747457,17.88478063478838,187.30270465184626,13.401459709388327,-3.426787713287183,-0.2602282435907384,0.35051425718306284,-0.03521784856881105,93.19479416791205,242.19898576747457,187.30270465184628
experiment_2026_06_15_10_04,SEN_demand_PEN,2026-01-01,New Year's Day,H3,H,observance_tier,True,2026-01-01,12,True,True,8,False,4,8,8,pearson,RidgeReg,standard,2,{},2025-12-31 10:00:00,2026-01-02,142.53720268987425,12.608412234623016,100.125892,5.96,,14,24,4,4,8,4,0.07888923521543856,1366.3904759129766,1344.140709955442,142.53720268987425,12.608412234623016,-12.258195067655093,-137.72116222876625,40.87083880604387,3.0048604472691145,-2.0542709940704613,-27.798728983036476,201.8425816221086,18.21048411057946,-18.21048411057946,-201.8425816221086,42.2232255329625,3.0920047455409025,-2.93976628811016,-40.102159563223054,194.66558045033284,17.596531569958344,-17.596531569958344,-194.66558045033284,138.50260758603847,12.252758529383495,-12.196670676645853,-137.72116222876605,-27.798728983036476,-201.8425816221086,hourly_window_mean_factor_top_available_analogs,4,1181.3177705921053,,1181.3177705921053,0.0,12.303430580186582,-7.177001171775818,-1.9745608656912259e-13,12.303430580186582,-7.177001171775818,-1.9745608656912259e-13,40.102159563223054,194.66558045033278,137.72116222876605,40.87083880604387,3.0048604472691145,42.2232255329625,3.0920047455409025,201.8425816221086,18.21048411057946,194.66558045033284,17.596531569958344,138.50260758603847,12.252758529383495,7.177001171775771,0.613952540621117,-0.08714429827178805,0.35565370523952033,40.102159563223054,194.66558045033278,137.72116222876605
experiment_2026_06_15_10_04,SEN_demand_PEN,2026-02-02,Constitution Day,H2,H,observance_tier,True,2026-02-02,12,True,True,8,False,4,8,8,pearson,RidgeReg,standard,2,{},2026-02-01 10:00:00,2026-02-03,107.97486144846526,10.327956885459717,96.43451,6.244,,14,24,4,4,8,4,0.09845810893610987,1183.75286092215,1177.476866561065,107.97486144846526,10.327956885459717,-10.327956885459717,-107.97486144846526,96.75563339829439,9.117293266227657,-9.117293266227657,-96.75563339829439,114.5194111443983,11.03417733001175,-11.03417733001175,-114.5194111443983,131.29239942564138,12.66308887051608,-12.66308887051608,-131.29239942564138,94.37296429511325,9.358671639082418,-9.358671639082418,-94.37296429511325,107.97486144846572,10.576088513821139,-10.576088513821139,-107.97486144846572,-96.75563339829439,-114.5194111443983,hourly_window_mean_factor_top_available_analogs,4,1224.0269742105263,,1224.0269742105263,0.0,34.53676602734698,-20.146446849285052,4.338050386745875e-13,34.53676602734698,-20.146446849285052,4.338050386745875e-13,131.29239942564138,94.37296429511325,107.9748614484657,96.75563339829439,9.117293266227657,131.29239942564138,12.66308887051608,114.5194111443983,11.03417733001175,94.37296429511325,9.358671639082418,107.97486144846572,10.576088513821139,20.146446849285056,1.6755056909293309,-3.5457956042884238,-0.24813162836142233,131.29239942564138,94.37296429511325,107.9748614484657
experiment_2026_06_15_10_04,SEN_demand_PEN,2026-03-16,Benito Juarez's Birthday,H2,H,observance_tier,True,2026-03-16,12,True,True,5,False,4,8,5,pearson,RidgeReg,minmax,2,{},2026-03-15 10:00:00,2026-03-17,158.09264098011457,7.957821264319862,98.59746,6.73,,14,24,4,4,5,4,0.08179982580033855,1789.894625448927,1769.5846247671832,158.09264098011457,7.957821264319862,5.2619851745355355,115.74912823528341,150.2308665469107,7.945906596312848,0.6286372097553843,35.29847481094047,162.67867606615013,7.964771487323955,7.964771487323955,162.67867606615013,122.21335665335053,6.260694240388574,2.1089206998592283,57.6597141808001,149.63461976706557,7.425673748878396,7.425673748878396,149.63461976706557,139.53204914622313,6.996470772066357,5.466869993976599,115.74912823528355,35.29847481094047,162.67867606615013,hourly_window_mean_factor_top_available_analogs,4,1974.116358881579,,1974.116358881579,0.0,-22.361239369859636,13.044056299084579,-1.3163739104608172e-13,-22.361239369859636,13.044056299084579,-1.3163739104608172e-13,-57.65971418080011,-149.63461976706554,-115.74912823528354,150.2308665469107,7.945906596312848,122.21335665335053,6.260694240388574,162.67867606615013,7.964771487323955,149.63461976706557,7.425673748878396,139.53204914622313,6.996470772066357,13.04405629908456,0.5390977384455589,1.685212355924274,0.961350492253505,57.65971418080011,149.63461976706554,115.74912823528354
experiment_2026_06_15_10_04,SEN_demand_PEN,2026-04-02,Maundy Thursday,H1,G,observance_tier,True,2026-04-02,12,True,True,5,False,2,8,5,pearson,RidgeReg,minmax,2,{},2026-04-01 10:00:00,2026-04-03,131.58528206075488,7.540205206846097,100.228292,6.77,,14,24,4,4,5,4,0.08984045125188095,1890.8370110530423,1869.7048782291865,131.58528206075488,7.540205206846097,-6.865030376128088,-119.04469842146385,52.56731434344355,2.6953978782928334,-0.8627804806296699,-18.528587322510766,177.67909656251982,10.366342815168833,-10.366342815168833,-177.67909656251982,60.06983343753033,3.0649583621276553,-1.7624399916808606,-36.344846432646186,168.23228793458523,9.751623666269143,-9.697016522993847,-167.2862787482733,128.382962593565,7.288115396322279,-6.773751485141695,-119.04469842146332,-18.528587322510766,-177.67909656251982,hourly_window_mean_factor_top_available_analogs,4,1821.4179290789473,,1821.4179290789473,0.0,17.816259110135416,-10.392817814246504,-5.325330819591488e-13,17.816259110135416,-10.392817814246504,-5.325330819591488e-13,36.34484643264618,167.2862787482733,119.04469842146332,52.56731434344355,2.6953978782928334,60.06983343753033,3.0649583621276553,177.67909656251982,10.366342815168833,168.23228793458523,9.751623666269143,128.382962593565,7.288115396322279,9.446808627934587,0.6147191488996899,-0.3695604838348219,0.2520898105238176,36.34484643264618,167.2862787482733,119.04469842146332
experiment_2026_06_15_10_04,SEN_demand_PEN,2026-04-03,Good Friday,H2,G,observance_tier,True,2026-04-03,12,True,True,4,False,2,8,4,pearson,PCR,minmax,2,{},2026-04-02 10:00:00,2026-04-04,60.84318710661158,3.683416162842357,103.652606,6.935,,14,24,4,4,4,4,0.0851632633666508,1647.1004769722895,1589.4841274522717,60.84318710661158,3.683416162842357,-1.216774509803475,-18.300206709131764,66.74389932396355,3.8366481720354355,-1.8892082506592136,-33.38341686374891,57.40110497982295,3.594030824146396,-0.8245214943042942,-9.50166745227176,62.177123081388004,3.578347246690179,-1.5565761467054124,-27.567696948013545,55.99057470084398,3.5198984634485377,-1.0649280360517543,-12.894170736450425,58.2698293673602,3.5414322256954582,-1.2460615505031019,-18.300206709131572,-33.38341686374891,-9.50166745227176,hourly_window_mean_factor_top_available_analogs,4,1706.4457782894735,,1706.4457782894735,0.0,-5.815719915735372,3.3925032841786638,-1.9147256879430067e-13,-5.815719915735372,3.3925032841786638,-1.9147256879430067e-13,27.56769694801354,12.894170736450425,18.300206709131572,66.74389932396355,3.8366481720354355,62.177123081388004,3.578347246690179,57.40110497982295,3.594030824146396,55.99057470084398,3.5198984634485377,58.2698293673602,3.5414322256954582,1.4105302789789675,0.07413236069785833,0.2583009253452566,0.14198393714689894,27.56769694801354,12.894170736450425,18.300206709131572
experiment_2026_06_15_10_04,SEN_demand_PEN,2026-04-04,Holy Saturday,H3,G,observance_tier,True,2026-04-04,12,True,True,5,False,2,9,5,pearson,RidgeReg,minmax,2,{},2026-04-03 10:00:00,2026-04-05,236.85204884722924,13.645159813036365,105.147192,7.144,,14,24,4,4,5,4,0.0743178091199887,1449.6218144726997,1417.6279745006175,236.85204884722924,13.645159813036365,13.197159673258751,230.79277473782656,168.72084101496634,9.63701314300492,8.421012763608536,152.2742398608734,276.5952534160493,15.98324537055471,15.98324537055471,276.5952534160493,156.33046300845425,8.960753520681406,7.707749993466562,139.38295445117754,284.11516990503856,16.593858862279635,16.593858862279635,284.11516990503856,237.03659367998117,13.781662157480289,13.320029279032715,230.7927747378266,152.2742398608734,276.5952534160493,hourly_window_mean_factor_top_available_analogs,4,1515.4718917105263,,1515.4718917105263,0.0,12.891285409695845,-7.519916488989272,-1.7950553324465688e-14,12.891285409695845,-7.519916488989272,-1.7950553324465688e-14,-139.38295445117754,-284.11516990503856,-230.7927747378266,168.72084101496634,9.63701314300492,156.33046300845425,8.960753520681406,276.5952534160493,15.98324537055471,284.11516990503856,16.593858862279635,237.03659367998117,13.781662157480289,-7.519916488989281,-0.6106134917249246,0.6762596223235136,-0.13650234444392417,139.38295445117754,284.11516990503856,230.7927747378266
experiment_2026_06_15_10_04,SEN_demand_PEN,2026-05-01,Labor Day,H2,F,observance_tier,True,2026-05-01,12,True,True,10,False,2,10,10,euclidian,RidgeReg,minmax,2,{},2026-04-30 10:00:00,2026-05-02,93.92304592779341,4.00193945921869,120.261771,8.087,,14,24,4,4,10,4,0.06300887237114412,2207.8003769959973,2163.52723107569,93.92304592779341,4.00193945921869,3.194808933419555,77.6251593197917,81.72903769552032,3.379013004299831,1.9153796523300965,51.60695356918882,101.03621739661939,4.365313224588025,3.9411426807217396,92.80244600764338,132.04522483093578,5.617340789768436,1.515007703653637,47.95498454949859,152.49750452751024,6.513389115764594,3.535004821589601,94.9327612691301,144.96245411298284,6.183266048292324,2.790795357086877,77.62515931979219,51.60695356918882,92.80244600764338,hourly_window_mean_factor_top_available_analogs,4,1402.211745394737,,1402.211745394737,0.0,3.6519690196902275,-2.1303152614867145,-4.726979042109298e-13,3.6519690196902275,-2.1303152614867145,-4.726979042109298e-13,-47.95498454949859,-94.9327612691301,-77.62515931979217,81.72903769552032,3.379013004299831,132.04522483093578,5.617340789768436,101.03621739661939,4.365313224588025,152.49750452751024,6.513389115764594,144.96245411298284,6.183266048292324,-51.46128713089085,-2.1480758911765685,-2.238327785468605,-2.1813265890736337,47.95498454949859,94.9327612691301,77.62515931979217
experiment_2026_06_15_10_04,SEN_demand_SIN,2025-01-01,New Year's Day,H3,H,observance_tier,True,2025-01-01,12,True,True,6,False,4,6,6,pearson,RidgeReg,standard,2,{},2024-12-31 10:00:00,2025-01-02,253.43418619454246,1.015307627509217,917.591834,3.12,,14,24,4,4,6,4,0.1031469184830445,26310.694513036706,24536.18529142147,253.43418619454246,1.015307627509217,-0.08105395246534217,-20.221634615652395,178.30595952904332,0.6096286674452729,-0.037019408065969976,-7.045647234258338,297.2589850827503,1.2519536875465178,-0.10674077003164266,-27.90762725479893,383.3949141521979,1.2910712922308318,-0.08663648003404409,-11.221154069800832,405.20104314109693,1.6993941310291005,-0.19775588887660087,-25.471914934065655,397.16720614518675,1.5489594009455276,-0.1568171593030273,-20.2216346156523,-7.045647234258338,-27.90762725479893,hourly_window_mean_factor_top_available_analogs,4,29113.46204953947,,29113.46204953947,0.0,4.175506835542494,-2.4357123207332734,-9.573628439715034e-14,4.175506835542494,-2.4357123207332734,-9.573628439715034e-14,11.221154069800832,25.471914934065655,20.2216346156523,178.30595952904332,0.6096286674452729,383.3949141521979,1.2910712922308318,297.2589850827503,1.2519536875465178,405.20104314109693,1.6993941310291005,397.16720614518675,1.5489594009455276,-107.94205805834662,-0.4474404434825827,-0.681442624785559,-0.5336517734363107,11.221154069800832,25.471914934065655,20.2216346156523
experiment_2026_06_15_10_04,SEN_demand_SIN,2025-02-03,Constitution Day,H2,H,observance_tier,True,2025-02-03,12,True,True,6,False,4,6,6,pearson,RidgeReg,standard,2,{},2025-02-02 10:00:00,2025-02-04,428.4156443717598,1.478990101837277,728.627762,2.347,,14,24,4,4,6,4,0.0635451104714594,29642.721478830164,29489.326976332173,428.4156443717598,1.478990101837277,-0.6181705227464205,-155.48960040911018,342.8091898742836,1.177879808829758,-0.21883687063285504,-49.33154525528854,478.35274282862093,1.6546377727583301,-0.8511151531460003,-217.4151325821728,761.0581340772104,2.6243958677546138,-2.4765986465471252,-714.5110034298092,350.4558790367293,1.1445519387517384,0.4825165209018813,170.6062180196303,501.7303940516434,1.68975759680543,-0.6076838039477529,-155.48960040911055,-49.33154525528854,-217.4151325821728,hourly_window_mean_factor_top_available_analogs,4,28340.80953631579,,28340.80953631579,0.0,665.1794581745206,-388.0213506018031,3.8294513758860134e-13,665.1794581745206,-388.0213506018031,3.8294513758860134e-13,714.5110034298092,-170.6062180196303,155.48960040911055,342.8091898742836,1.177879808829758,761.0581340772104,2.6243958677546138,478.35274282862093,1.6546377727583301,350.4558790367293,1.1445519387517384,501.7303940516434,1.68975759680543,127.89686379189163,0.5100858340065917,-1.4465160589248558,-0.21076749496815284,714.5110034298092,170.6062180196303,155.48960040911055
experiment_2026_06_15_10_04,SEN_demand_SIN,2025-03-17,Benito Juarez's Birthday,H2,H,observance_tier,True,2025-03-17,12,True,True,6,False,4,6,6,pearson,RidgeReg,standard,2,{},2025-03-16 10:00:00,2025-03-18,522.7591329093271,1.668650083183094,724.198332,2.323,,14,24,4,4,6,4,0.06874499152357003,31492.483154599548,31039.72851404078,522.7591329093271,1.668650083183094,-1.5664074956131018,-492.32287907322575,592.5387342993436,1.9102577838396166,-1.8390152530750754,-567.7203684145619,482.0543654318176,1.5277122578001219,-1.4073863037602834,-448.34101029077965,937.9428059669962,3.0257575312245826,-2.7371785160048736,-839.4388940545996,307.2326690466819,1.0186089481536273,-0.9635724683077869,-289.83853700076696,539.5995615962714,1.7580847419166108,-1.6170062753540815,-492.3228790732316,-567.7203684145619,-448.34101029077965,hourly_window_mean_factor_top_available_analogs,4,30764.84855605263,,30764.84855605263,0.0,271.7185256400376,-158.50247329001272,5.839913348226171e-12,271.7185256400376,-158.50247329001272,5.839913348226171e-12,839.4388940545996,289.8385370007669,492.3228790732316,592.5387342993436,1.9102577838396166,937.9428059669962,3.0257575312245826,482.0543654318176,1.5277122578001219,307.2326690466819,1.0186089481536273,539.5995615962714,1.7580847419166108,174.82169638513568,0.5091033096464945,-1.115499747384966,-0.08943465873351686,839.4388940545996,289.8385370007669,492.3228790732316
experiment_2026_06_15_10_04,SEN_demand_SIN,2025-04-17,Maundy Thursday,H1,G,observance_tier,True,2025-04-17,12,True,True,6,False,2,6,6,pearson,RidgeReg,standard,2,{},2025-04-16 10:00:00,2025-04-18,1232.616903077318,3.2263232687749728,725.527833,2.28,,14,24,4,4,6,4,0.0658579218145118,37142.58514579731,35311.42455629827,1232.616903077318,3.2263232687749728,3.0756162409813035,1175.1198273605883,721.8286812926059,1.736149173035177,1.327087240452362,565.7651900614821,1530.5766991183998,4.095591491289853,4.095591491289853,1530.5766991183998,792.8259230898537,1.9042624196400284,1.5540103629023325,659.0369938948008,1476.1681468822917,3.91001155177384,3.91001155177384,1476.1681468822917,1224.410485485078,3.1710513451982254,3.0420111137685475,1175.1198273605848,565.7651900614821,1530.5766991183998,hourly_window_mean_factor_top_available_analogs,4,33293.81682664473,,33293.81682664473,0.0,-93.2718038333187,54.40855223610803,3.446506238297412e-12,-93.2718038333187,54.40855223610803,3.446506238297412e-12,-659.0369938948008,-1476.1681468822917,-1175.1198273605848,721.8286812926059,1.736149173035177,792.8259230898537,1.9042624196400284,1530.5766991183998,4.095591491289853,1476.1681468822917,3.91001155177384,1224.410485485078,3.1710513451982254,54.40855223610811,0.18557993951601315,-0.16811324660485139,0.05527192357674737,659.0369938948008,1476.1681468822917,1175.1198273605848
experiment_2026_06_15_10_04,SEN_demand_SIN,2025-04-18,Good Friday,H2,G,observance_tier,True,2025-04-18,12,True,True,6,False,2,6,6,pearson,RidgeReg,standard,2,{},2025-04-17 10:00:00,2025-04-19,710.3416021317411,2.0116018004967158,796.902773,2.44,,14,24,4,4,6,4,0.06958101732608049,34752.03956924836,32663.25918108704,710.3416021317411,2.0116018004967158,0.6893419565438171,237.72083759375096,792.1483054654522,2.124018375334397,-0.9567458979034384,-331.7556832391726,662.6210251870763,1.946025465174735,1.6495598716380495,569.9154747462898,858.7924024101319,2.2583300685918712,0.5212646943922543,239.2376616857899,835.3105412518903,2.4813956512032918,0.5483037020803753,236.83602354005674,843.9617532575583,2.3992135944517154,0.5383419624058043,237.72083759374792,-331.7556832391726,569.9154747462898,hourly_window_mean_factor_top_available_analogs,4,33871.76160105263,,33871.76160105263,0.0,-570.9933449249626,333.079451206233,3.0635611007088107e-12,-570.9933449249626,333.079451206233,3.0635611007088107e-12,-239.23766168579,-236.83602354005677,-237.7208375937479,792.1483054654522,2.124018375334397,858.7924024101319,2.2583300685918712,662.6210251870763,1.946025465174735,835.3105412518903,2.4813956512032918,843.9617532575583,2.3992135944517154,-172.68951606481403,-0.5353701860285567,-0.13431169325747438,-0.3876117939549997,239.23766168579,236.83602354005677,237.7208375937479
experiment_2026_06_15_10_04,SEN_demand_SIN,2025-04-19,Holy Saturday,H3,G,observance_tier,True,2025-04-19,12,True,True,6,False,2,6,6,pearson,RidgeReg,standard,2,{},2025-04-18 10:00:00,2025-04-20,1210.4127495196713,3.6306101544750766,817.941844,2.49,,14,24,4,4,6,4,0.05101382111301154,33116.103951168625,32170.365723805426,1210.4127495196713,3.6306101544750766,1.4934668705729126,500.74608725242416,963.1190416484068,2.900408742438651,-2.900408742438651,-963.1190416484068,1354.6674124445756,4.056560978162992,4.056560978162992,1354.6674124445756,831.9653993920549,2.529045252916453,-0.9620924135194721,-266.2126343530584,959.6777388627597,2.7671418708848265,2.7314555711453194,948.13867485563,912.625824320921,2.6794220642648994,1.37067473468987,500.74608725242905,-963.1190416484068,1354.6674124445756,hourly_window_mean_factor_top_available_analogs,4,30470.020174144738,,30470.020174144738,0.0,-696.9064072953485,406.5287375889455,-4.882550504254667e-12,-696.9064072953485,406.5287375889455,-4.882550504254667e-12,266.2126343530583,-948.1386748556301,-500.74608725242905,963.1190416484068,2.900408742438651,831.9653993920549,2.529045252916453,1354.6674124445756,4.056560978162992,959.6777388627597,2.7671418708848265,912.625824320921,2.6794220642648994,394.98967358181585,1.289419107278165,0.371363489522198,0.9511880902101773,266.2126343530583,948.1386748556301,500.74608725242905
experiment_2026_06_15_10_04,SEN_demand_SIN,2025-05-01,Labor Day,H2,F,observance_tier,True,2025-05-01,12,True,True,6,False,2,6,6,pearson,RidgeReg,standard,2,{},2025-04-30 10:00:00,2025-05-02,1113.2805945553198,2.7493097645023408,876.751089,2.671,,14,24,4,4,6,4,0.06147948176187305,39813.946147578055,38377.38462731413,1113.2805945553198,2.7493097645023408,0.12155428077205084,114.95200557983021,1338.435836969484,3.0454955883156565,3.0454955883156565,1338.435836969484,981.9400364803909,2.576534700611238,-1.5840781486283861,-598.7468960641345,1817.010965342306,4.117982765174991,4.117982765174991,1817.010965342306,1456.700593214826,3.886250878835483,-2.3924562040403146,-877.9157209482664,1589.4465197881082,3.971625784328987,0.006126574091640244,114.95200557983921,1338.435836969484,-598.7468960641345,hourly_window_mean_factor_top_available_analogs,4,31686.700256118424,,31686.700256118424,0.0,-478.575128372822,279.16882488413194,-8.999210733332133e-12,-478.575128372822,279.16882488413194,-8.999210733332133e-12,-1817.010965342306,877.9157209482664,-114.95200557983921,1338.435836969484,3.0454955883156565,1817.010965342306,4.117982765174991,981.9400364803909,2.576534700611238,1456.700593214826,3.886250878835483,1589.4465197881082,3.971625784328987,-474.7605567344352,-1.309716178224245,-1.072487176859335,-1.2223160198266463,1817.010965342306,877.9157209482664,114.95200557983921
experiment_2026_06_15_10_04,SEN_demand_SIN,2025-09-16,Independence Day,H2,H,observance_tier,True,2025-09-16,12,True,True,6,False,4,6,6,pearson,RidgeReg,standard,2,{},2025-09-15 10:00:00,2025-09-17,5098.404544754967,13.894447068496348,906.321128,2.69,,14,24,4,4,6,4,0.07063070163037802,31492.400111034505,30486.51863738812,5098.404544754967,13.894447068496348,13.894447068496348,5098.404544754967,6320.019269857406,15.983750817503784,15.983750817503784,6320.019269857406,4385.795955111879,12.675686548242012,12.675686548242012,4385.795955111879,6888.74838434663,17.40737057662335,17.40737057662335,6888.74838434663,4054.037304993168,11.622396053527074,11.622396053527074,4054.037304993168,5098.40454475497,13.75370245677307,13.75370245677307,5098.40454475497,6320.019269857406,4385.795955111879,hourly_window_mean_factor_top_available_analogs,4,30864.599358486845,,30864.599358486845,0.0,-568.7291144892222,331.75865011871093,-1.2445716971629545e-12,-568.7291144892222,331.75865011871093,-1.2445716971629545e-12,-6888.748384346628,-4054.037304993168,-5098.404544754968,6320.019269857406,15.983750817503784,6888.74838434663,17.40737057662335,4385.795955111879,12.675686548242012,4054.037304993168,11.622396053527074,5098.40454475497,13.75370245677307,331.7586501187111,1.053290494714938,-1.4236197591195658,0.140744611723278,6888.748384346628,4054.037304993168,5098.404544754968
experiment_2026_06_15_10_04,SEN_demand_SIN,2025-11-17,Mexican Revolution Day,H2,F,observance_tier,True,2025-11-17,12,True,True,6,False,2,6,6,pearson,RidgeReg,standard,2,{},2025-11-16 10:00:00,2025-11-18,514.8138535738825,1.55085587510979,1198.273578,3.422,,14,24,4,4,6,4,0.07129839316207619,31701.932591529312,31289.555802811636,514.8138535738825,1.55085587510979,0.9060548040762249,323.19394768121964,609.4272273776252,1.873167608127401,0.1229932724648671,89.3160542403974,459.6227188550326,1.3628406975161838,1.3628406975161838,459.6227188550326,729.2544193695687,2.2293045481388285,0.7760478056714126,301.04707713417963,642.8107982698234,2.005614487698985,0.988154574298322,336.1129555003179,674.6584481486769,2.0880266152294538,0.9100099753305134,323.19394768121435,89.3160542403974,459.6227188550326,hourly_window_mean_factor_top_available_analogs,4,30165.718667499998,,30165.718667499998,0.0,-211.7310228937822,123.50976335471462,5.265495641843269e-12,-211.7310228937822,123.50976335471462,5.265495641843269e-12,-301.04707713417963,-336.112955500318,-323.19394768121435,609.4272273776252,1.873167608127401,729.2544193695687,2.2293045481388285,459.6227188550326,1.3628406975161838,642.8107982698234,2.005614487698985,674.6584481486769,2.0880266152294538,-183.18807941479082,-0.6427737901828015,-0.3561369400114276,-0.5371707401196637,301.04707713417963,336.112955500318,323.19394768121435
experiment_2026_06_15_10_04,SEN_demand_SIN,2025-12-24,Christmas Eve,H1,G,observance_tier,True,2025-12-24,12,True,True,6,False,2,7,6,pearson,RidgeReg,standard,2,{},2025-12-23 10:00:00,2025-12-25,877.1412699327752,2.7651148582214717,1096.341182,3.193,,14,24,4,4,6,4,0.07260384457613944,32667.26154451568,30977.902359097818,877.1412699327752,2.7651148582214717,-2.0100458957392,-618.6841618841064,940.2563606897222,2.7424287099421725,-1.816262389572881,-602.2835580891796,840.3241336578893,2.7783484447177305,-2.1230862743362198,-628.2511807644804,861.5740167698813,2.5103006178693223,-2.1865511756800866,-743.1673980156068,671.453184627494,2.221976165004533,-1.8220892450328996,-546.0689408073891,741.497701732584,2.3282009634284027,-1.9563646931660734,-618.684161884101,-602.2835580891796,-628.2511807644804,hourly_window_mean_factor_top_available_analogs,4,30744.53197861842,,30744.53197861842,0.0,140.88383992642724,-82.1822399570912,-5.4569682106375694e-12,140.88383992642724,-82.1822399570912,-5.4569682106375694e-12,743.1673980156068,546.0689408073893,618.684161884101,940.2563606897222,2.7424287099421725,861.5740167698813,2.5103006178693223,840.3241336578893,2.7783484447177305,671.453184627494,2.221976165004533,741.497701732584,2.3282009634284027,168.8709490303953,0.5563722797131976,0.23212809207285012,0.4369138947930691,743.1673980156068,546.0689408073893,618.684161884101
experiment_2026_06_15_10_04,SEN_demand_SIN,2025-12-25,Christmas Day,H2,H,observance_tier,True,2025-12-25,12,True,True,6,False,4,7,6,pearson,RidgeReg,standard,2,{},2025-12-24 10:00:00,2025-12-26,804.9286048442697,3.0032480221366695,1096.341182,3.193,,14,24,4,4,6,4,0.11003122031726055,28478.78874458111,26763.6339731062,804.9286048442697,3.0032480221366695,-3.0032480221366695,-804.9286048442697,720.8639613952455,2.3596122860610103,-2.3596122860610103,-720.8639613952455,853.9663135228672,3.3787022015141375,-3.3787022015141375,-853.9663135228672,1235.6626210981428,4.067341630603349,-4.058828053656535,-1232.9597630662017,612.9085428401999,2.435936812545602,-2.226443248258807,-555.2437625481392,842.3442558825999,3.036980692882666,-2.9015323870895493,-804.9286048442675,-720.8639613952455,-853.9663135228672,hourly_window_mean_factor_top_available_analogs,4,25528.44211980263,,25528.44211980263,0.0,512.0958016709563,-298.722550974728,-2.201934541134458e-12,512.0958016709563,-298.722550974728,-2.201934541134458e-12,1232.959763066202,555.2437625481391,804.9286048442675,720.8639613952455,2.3596122860610103,1235.6626210981428,4.067341630603349,853.9663135228672,3.3787022015141375,612.9085428401999,2.435936812545602,842.3442558825999,3.036980692882666,241.0577706826673,0.9427653889685357,-1.7077293445423387,-0.03373267074599662,1232.959763066202,555.2437625481391,804.9286048442675
experiment_2026_06_15_10_04,SEN_demand_SIN,2025-12-31,New Year's Eve,H1,G,observance_tier,True,2025-12-31,12,True,True,6,False,2,7,6,pearson,RidgeReg,standard,2,{},2025-12-30 10:00:00,2026-01-01,680.2475060926757,2.3068672407731765,1088.662546,3.228,,14,24,4,4,6,4,0.06560469395114278,30743.80588044047,29312.771263532588,680.2475060926757,2.3068672407731765,-1.795455911807748,-529.7325912299375,530.2968386700488,1.654744482438318,-1.384415992092356,-436.7351637111068,767.7187287558746,2.687272183135178,-2.035229198308393,-583.981090615922,654.516078325001,2.0433753338911944,-1.623379387608562,-509.4714708679593,692.6706923055302,2.42926126246984,-1.9129673479084557,-541.5515781077696,678.6137292600721,2.287092762467181,-1.8062770467453368,-529.7325912299448,-436.7351637111068,-583.981090615922,hourly_window_mean_factor_top_available_analogs,4,32001.941631776313,,32001.941631776313,0.0,72.73630715685249,-42.429512508152435,7.275957614183426e-12,72.73630715685249,-42.429512508152435,7.275957614183426e-12,509.4714708679593,541.5515781077695,529.7325912299448,530.2968386700488,1.654744482438318,654.516078325001,2.0433753338911944,767.7187287558746,2.687272183135178,692.6706923055302,2.42926126246984,678.6137292600721,2.287092762467181,75.0480364503444,0.2580109206653378,-0.38863085145287646,0.019774478305995657,509.4714708679593,541.5515781077695,529.7325912299448
experiment_2026_06_15_10_04,SEN_demand_SIN,2026-01-01,New Year's Day,H3,H,observance_tier,True,2026-01-01,12,True,True,8,False,4,8,8,pearson,RidgeReg,standard,2,{},2025-12-31 10:00:00,2026-01-02,820.2957007825482,3.2573929641613133,1096.444348,3.257,,14,24,4,4,8,4,0.10896169419314318,26991.834662227557,25444.563415867917,820.2957007825482,3.2573929641613133,-3.205367348492628,-805.3058409117723,553.4284506362058,1.8974147022736647,-1.7562023168872307,-512.7416881298141,975.9682633679146,4.050713616929109,-4.050713616929109,-975.9682633679146,1063.3676591304172,3.697411875650066,-3.697411875650066,-1063.3676591304172,654.7697802842209,2.7767875484618045,-2.7767875484618045,-654.7697802842209,805.305840911767,3.1159649321627434,-3.1159649321627434,-805.305840911767,-512.7416881298141,-975.9682633679146,hourly_window_mean_factor_top_available_analogs,4,26102.352399078947,,26102.352399078947,0.0,550.6259710006032,-321.19848308369365,-5.361231926240419e-12,550.6259710006032,-321.19848308369365,-5.361231926240419e-12,1063.3676591304172,654.7697802842209,805.305840911767,553.4284506362058,1.8974147022736647,1063.3676591304172,3.697411875650066,975.9682633679146,4.050713616929109,654.7697802842209,2.7767875484618045,805.305840911767,3.1159649321627434,321.19848308369365,1.2739260684673042,-1.7999971733764013,0.1414280319985699,1063.3676591304172,654.7697802842209,805.305840911767
experiment_2026_06_15_10_04,SEN_demand_SIN,2026-02-02,Constitution Day,H2,H,observance_tier,True,2026-02-02,12,True,True,8,False,4,8,8,pearson,RidgeReg,standard,2,{},2026-02-01 10:00:00,2026-02-03,657.572596024946,2.2645347305913757,1069.09014,3.156,,14,24,4,4,8,4,0.0716125141189738,29781.754536312717,29560.060823465392,657.572596024946,2.2645347305913757,-2.0806543469854186,-603.6500621021903,664.6275150763239,2.3279396163030937,-2.152317790240487,-607.158264050993,653.457226578309,2.227548547259541,-2.038850671753296,-601.6036109653887,729.8172500658214,2.546516367491287,-2.3125094956356445,-663.95386676001,682.2626265555119,2.3216153469599474,-1.8990839035385463,-568.4728427184617,699.7827510066786,2.404473617682019,-2.0513985953637928,-603.65006210219,-607.158264050993,-601.6036109653887,hourly_window_mean_factor_top_available_analogs,4,27390.711644276318,,27390.711644276318,0.0,56.79560270901701,-33.13076824692704,-2.87208853191451e-13,56.79560270901701,-33.13076824692704,-2.87208853191451e-13,663.95386676001,568.4728427184617,603.65006210219,664.6275150763239,2.3279396163030937,729.8172500658214,2.546516367491287,653.457226578309,2.227548547259541,682.2626265555119,2.3216153469599474,699.7827510066786,2.404473617682019,-28.80539997720291,-0.09406679970040654,-0.21857675118819353,-0.1399388870906435,663.95386676001,568.4728427184617,603.65006210219
experiment_2026_06_15_10_04,SEN_demand_SIN,2026-03-16,Benito Juarez's Birthday,H2,H,observance_tier,True,2026-03-16,12,True,True,8,False,4,8,8,pearson,RidgeReg,standard,2,{},2026-03-15 10:00:00,2026-03-17,2324.3777682166346,7.070951145751562,1107.249111,3.279,,14,24,4,4,8,4,0.07249282865703287,30931.180097530247,29727.407597489128,2324.3777682166346,7.070951145751562,6.21287533829312,2063.333041680276,1788.9697165693665,5.0111416605557215,2.682078754597096,1080.4197445421073,2636.6991316775398,8.272506678782468,8.272506678782468,2636.6991316775398,1903.383520715489,5.279425904813567,5.279425904813567,1903.383520715489,2156.636928909742,6.73090462599284,6.73090462599284,2156.636928909742,2063.33304168028,6.196149307663634,6.196149307663634,2063.33304168028,1080.4197445421073,2636.6991316775398,hourly_window_mean_factor_top_available_analogs,4,29991.704355,,29991.704355,0.0,-822.9637761733817,480.06220276779794,-5.074023073048968e-12,-822.9637761733817,480.06220276779794,-5.074023073048968e-12,-1903.3835207154889,-2156.636928909742,-2063.333041680281,1788.9697165693665,5.0111416605557215,1903.383520715489,5.279425904813567,2636.6991316775398,8.272506678782468,2156.636928909742,6.73090462599284,2063.33304168028,6.196149307663634,480.06220276779777,1.5416020527896288,-0.2682842442578455,0.8748018380879277,1903.3835207154889,2156.636928909742,2063.333041680281
experiment_2026_06_15_10_04,SEN_demand_SIN,2026-04-02,Maundy Thursday,H1,G,observance_tier,True,2026-04-02,12,True,True,2,False,2,8,2,pearson,LassoReg,,2,{},2026-04-01 10:00:00,2026-04-03,480.99857515069704,1.2430647371173589,1198.542194,3.525,,14,24,2,4,2,2,0.05891348297031645,38924.496778730994,37601.43109801248,480.99857515069704,1.2430647371173589,-1.1226909894335497,-433.7599366257288,627.4665171055785,1.5744039463565824,-1.5744039463565824,-627.4665171055785,395.5589423436829,1.049783531727812,-0.8591917645617807,-320.7644313458165,992.7151525763018,2.500646215420977,-2.500646215420977,-992.7151525763018,346.8747205250732,0.9330311020807897,-0.33741061924212495,-107.70272732122885,584.8159323334206,1.5105735122587536,-1.1343921546764388,-433.7599366257294,-627.4665171055785,-320.7644313458165,hourly_window_mean_factor_top_available_analogs,2,36770.843829342106,,36770.843829342106,0.0,365.2486354707232,-213.0617040245876,5.74417706382902e-13,365.2486354707232,-213.0617040245876,5.74417706382902e-13,992.7151525763018,107.70272732122888,433.7599366257294,627.4665171055785,1.5744039463565824,992.7151525763018,2.500646215420977,395.5589423436829,1.049783531727812,346.8747205250732,0.9330311020807897,584.8159323334206,1.5105735122587536,48.68422181860967,0.11675242964702226,-0.9262422690643948,-0.2675087751413947,992.7151525763018,107.70272732122888,433.7599366257294
experiment_2026_06_15_10_04,SEN_demand_SIN,2026-04-03,Good Friday,H2,G,observance_tier,True,2026-04-03,12,True,True,2,False,2,8,2,pearson,LassoReg,,2,{},2026-04-02 10:00:00,2026-04-04,518.617251545482,1.5491247125493885,1198.542194,3.525,,14,24,2,4,2,2,0.08044831523197146,35930.20871791694,34408.94599030361,518.617251545482,1.5491247125493885,-1.2951736563376528,-421.9192442327293,250.29847419530986,0.6519177092473003,-0.6374199949076959,-244.58767953979623,675.1365383330823,2.0724954644756064,-1.6788632921717943,-525.3626569702736,964.066185739185,2.5776471697689525,-2.5776471697689525,-964.066185739185,436.24161775104267,1.3083266000348348,-0.4112959164660248,-105.66686168729682,630.7033006940425,1.775971020463194,-1.2094253255776297,-421.9192442327293,-244.58767953979623,-525.3626569702736,hourly_window_mean_factor_top_available_analogs,2,33263.60858710527,,33263.60858710527,0.0,719.4785061993888,-419.6957952829768,0.0,719.4785061993888,-419.6957952829768,0.0,964.066185739185,105.66686168729683,421.9192442327293,250.29847419530986,0.6519177092473003,964.066185739185,2.5776471697689525,675.1365383330823,2.0724954644756064,436.24161775104267,1.3083266000348348,630.7033006940425,1.775971020463194,238.89492058203962,0.7641688644407716,-1.9257294605216522,-0.22684630791380545,964.066185739185,105.66686168729683,421.9192442327293
experiment_2026_06_15_10_04,SEN_demand_SIN,2026-04-04,Holy Saturday,H3,G,observance_tier,True,2026-04-04,12,True,True,2,False,2,8,2,pearson,LassoReg,,2,{},2026-04-03 10:00:00,2026-04-05,421.4630776226709,1.2322684892636173,1199.039058,3.514,,14,24,2,4,2,2,0.06507561338425397,34226.37769647371,34119.43339632013,421.4630776226709,1.2322684892636173,-0.0521424881114185,0.43809299997155904,571.4611582259028,1.6889167060397428,-0.29689933142669983,-57.35363959414254,333.96419727078563,0.9658903628108776,0.09063233715582912,34.149937013204784,604.6764155787953,1.7592310187578595,0.16431947988052595,101.05267502200617,630.1537228920906,1.8415524715737448,-0.1347171647995132,-58.25374651288106,620.7673465135082,1.8112235152731557,-0.024545769391077787,0.43809299997213347,-57.35363959414254,34.149937013204784,hourly_window_mean_factor_top_available_analogs,2,32040.751780394734,,32040.751780394734,0.0,-158.4063146161487,92.40368352608584,-5.74417706382902e-13,-158.4063146161487,92.40368352608584,-5.74417706382902e-13,-101.05267502200616,58.25374651288106,-0.43809299997213347,571.4611582259028,1.6889167060397428,604.6764155787953,1.7592310187578595,333.96419727078563,0.9658903628108776,630.1537228920906,1.8415524715737448,620.7673465135082,1.8112235152731557,-296.189525621305,-0.8756621087628672,-0.07031431271811672,-0.5789550260095384,101.05267502200616,58.25374651288106,0.43809299997213347
experiment_2026_06_15_10_04,SEN_demand_SIN,2026-05-01,Labor Day,H2,F,observance_tier,True,2026-05-01,12,True,True,2,False,2,8,2,pearson,LassoReg,,2,{},2026-04-30 10:00:00,2026-05-02,1493.054470044626,3.6437612209079617,1170.462307,3.453,,14,24,2,4,2,2,0.07663368257277703,43540.78921752344,41273.02238630248,1493.054470044626,3.6437612209079617,-3.578861089420157,-1463.4734280497462,1027.2466424736365,2.209426376741613,-2.209426376741613,-1027.2466424736365,1764.7757027943699,4.4804565466716655,-4.377698005149308,-1717.9390529691434,812.7392094320733,1.7573158449749162,-1.6696030189423514,-770.5142549799966,1919.242999409664,4.892744850748709,-4.779589145616954,-1867.699612340444,1511.5837083652884,3.737586795989943,-3.6338047831578892,-1463.4734280497528,-1027.2466424736365,-1717.9390529691434,hourly_window_mean_factor_top_available_analogs,2,35195.024286052634,,35195.024286052634,0.0,-256.73238749364,149.7605593713006,6.701539907800524e-12,-256.73238749364,149.7605593713006,6.701539907800524e-12,770.5142549799965,1867.699612340444,1463.4734280497528,1027.2466424736365,2.209426376741613,812.7392094320733,1.7573158449749162,1764.7757027943699,4.4804565466716655,1919.242999409664,4.892744850748709,1511.5837083652884,3.737586795989943,-154.46729661529412,-0.41228830407704375,0.4521105317666969,-0.09382557508198142,770.5142549799965,1867.699612340444,1463.4734280497528
