unique_id,holiday_name,anchor_holiday_name,date,holiday_day_type,weekday_name,day_class_code,day_class_name,season,date_rule,is_fixed_date,is_observed_monday_rule,best_matching_weekday,daily_profile_cluster,daily_profile_cluster_id,daily_profile_archetype,event_profile_cluster,event_profile_cluster_id,analog_cluster,analog_cluster_criterion
ERCOT_demand_COAST,Martin Luther King Jr. Day,Martin Luther King Jr. Day,2016-01-18,H2,Monday,1,Weekday,Winter,relative_weekday_rule,False,False,,,,,,,L,best_matching_weekday
ERCOT_demand_COAST,Presidents' Day,Presidents' Day,2016-02-15,H2,Monday,1,Weekday,Winter,relative_weekday_rule,False,False,,,,,,,F,best_matching_weekday
ERCOT_demand_COAST,Texas Independence Day,Texas Independence Day,2016-03-02,H2,Wednesday,1,Weekday,Spring,fixed_date,True,False,,,,,,,L,best_matching_weekday
ERCOT_demand_COAST,San Jacinto Day,San Jacinto Day,2016-04-21,H2,Thursday,1,Weekday,Spring,fixed_date,True,False,Monday,A,0.0,Friday-like,D,1.0,G,best_matching_weekday
ERCOT_demand_COAST,Memorial Day,Memorial Day,2016-05-30,H2,Monday,1,Weekday,Spring,relative_weekday_rule,False,False,Sunday,A,0.0,Friday-like,E,2.0,I,best_matching_weekday
ERCOT_demand_COAST,Juneteenth National Independence Day,Juneteenth National Independence Day,2016-06-19,H2,Sunday,3,Sunday,Summer,fixed_date,True,False,,,,,,,G,best_matching_weekday
ERCOT_demand_COAST,Independence Day,Independence Day,2016-07-04,H2,Monday,1,Weekday,Summer,fixed_date,True,False,,,,,,,I,best_matching_weekday
ERCOT_demand_COAST,Lyndon B. Johnson Day,Lyndon B. Johnson Day,2016-08-27,H2,Saturday,2,Saturday,Summer,fixed_date,True,False,,,,,,,I,best_matching_weekday
ERCOT_demand_COAST,Labor Day,Labor Day,2016-09-05,H2,Monday,1,Weekday,Autumn,relative_weekday_rule,False,False,,,,,,,I,best_matching_weekday
ERCOT_demand_COAST,Veterans Day,Veterans Day,2016-11-11,H2,Friday,1,Weekday,Autumn,fixed_date,True,False,,,,,,,G,best_matching_weekday
ERCOT_demand_COAST,Thanksgiving Day,Thanksgiving Day,2016-11-24,H1,Thursday,1,Weekday,Autumn,relative_weekday_rule,False,False,Friday,A,0.0,Friday-like,D,1.0,F,best_matching_weekday
ERCOT_demand_COAST,Day after Thanksgiving,Day after Thanksgiving,2016-11-25,H2,Friday,1,Weekday,Autumn,relative_to_holiday_rule,False,False,,,,,,,G,best_matching_weekday
ERCOT_demand_COAST,Post-holiday recovery,Day after Thanksgiving,2016-11-26,H4,Saturday,2,Saturday,Autumn,derived_recovery_day,False,False,,,,,,,G,best_matching_weekday
ERCOT_demand_COAST,Christmas Eve,Christmas Eve,2016-12-24,H1,Saturday,2,Saturday,Winter,fixed_date,True,False,,,,,,,K,best_matching_weekday
ERCOT_demand_COAST,Christmas Day,Christmas Day,2016-12-25,H2,Sunday,3,Sunday,Winter,fixed_date,True,False,,,,,,,I,best_matching_weekday
ERCOT_demand_COAST,Post-holiday recovery,Christmas Day,2016-12-26,H4,Monday,1,Weekday,Winter,derived_recovery_day,False,False,,,,,,,K,best_matching_weekday
ERCOT_demand_COAST,New Year's Day,New Year's Day,2017-01-01,H2,Sunday,3,Sunday,Winter,fixed_date,True,False,,,,,,,I,best_matching_weekday
ERCOT_demand_COAST,Martin Luther King Jr. Day,Martin Luther King Jr. Day,2017-01-16,H2,Monday,1,Weekday,Winter,relative_weekday_rule,False,False,,,,,,,L,best_matching_weekday
ERCOT_demand_COAST,Presidents' Day,Presidents' Day,2017-02-20,H2,Monday,1,Weekday,Winter,relative_weekday_rule,False,False,,,,,,,F,best_matching_weekday
ERCOT_demand_COAST,Texas Independence Day,Texas Independence Day,2017-03-02,H2,Thursday,1,Weekday,Spring,fixed_date,True,False,Wednesday,A,0.0,Friday-like,D,1.0,L,best_matching_weekday
ERCOT_demand_COAST,San Jacinto Day,San Jacinto Day,2017-04-21,H2,Friday,1,Weekday,Spring,fixed_date,True,False,,,,,,,G,best_matching_weekday
ERCOT_demand_COAST,Memorial Day,Memorial Day,2017-05-29,H2,Monday,1,Weekday,Spring,relative_weekday_rule,False,False,Sunday,A,0.0,Friday-like,E,2.0,I,best_matching_weekday
ERCOT_demand_COAST,Juneteenth National Independence Day,Juneteenth National Independence Day,2017-06-19,H2,Monday,1,Weekday,Summer,fixed_date,True,False,,,,,,,G,best_matching_weekday
ERCOT_demand_COAST,Independence Day,Independence Day,2017-07-04,H2,Tuesday,1,Weekday,Summer,fixed_date,True,False,,,,,,,I,best_matching_weekday
ERCOT_demand_COAST,Lyndon B. Johnson Day,Lyndon B. Johnson Day,2017-08-27,H2,Sunday,3,Sunday,Summer,fixed_date,True,False,Sunday,A,0.0,Friday-like,D,1.0,I,best_matching_weekday
ERCOT_demand_COAST,Labor Day,Labor Day,2017-09-04,H2,Monday,1,Weekday,Autumn,relative_weekday_rule,False,False,,,,,,,I,best_matching_weekday
ERCOT_demand_COAST,Veterans Day,Veterans Day,2017-11-11,H2,Saturday,2,Saturday,Autumn,fixed_date,True,False,,,,,,,G,best_matching_weekday
ERCOT_demand_COAST,Thanksgiving Day,Thanksgiving Day,2017-11-23,H1,Thursday,1,Weekday,Autumn,relative_weekday_rule,False,False,Friday,A,0.0,Friday-like,D,1.0,F,best_matching_weekday
ERCOT_demand_COAST,Day after Thanksgiving,Day after Thanksgiving,2017-11-24,H2,Friday,1,Weekday,Autumn,relative_to_holiday_rule,False,False,,,,,,,G,best_matching_weekday
ERCOT_demand_COAST,Post-holiday recovery,Day after Thanksgiving,2017-11-25,H4,Saturday,2,Saturday,Autumn,derived_recovery_day,False,False,,,,,,,G,best_matching_weekday
ERCOT_demand_COAST,Christmas Eve,Christmas Eve,2017-12-24,H1,Sunday,3,Sunday,Winter,fixed_date,True,False,Tuesday,B,1.0,Wednesday-like,D,1.0,K,best_matching_weekday
ERCOT_demand_COAST,Christmas Day,Christmas Day,2017-12-25,H2,Monday,1,Weekday,Winter,fixed_date,True,False,Tuesday,B,1.0,Wednesday-like,D,1.0,K,best_matching_weekday
ERCOT_demand_COAST,Post-holiday recovery,Christmas Day,2017-12-26,H4,Tuesday,1,Weekday,Winter,derived_recovery_day,False,False,,,,,,,K,best_matching_weekday
ERCOT_demand_COAST,New Year's Day,New Year's Day,2018-01-01,H2,Monday,1,Weekday,Winter,fixed_date,True,False,,,,,,,I,best_matching_weekday
ERCOT_demand_COAST,Martin Luther King Jr. Day,Martin Luther King Jr. Day,2018-01-15,H2,Monday,1,Weekday,Winter,relative_weekday_rule,False,False,Wednesday,B,1.0,Wednesday-like,D,1.0,L,best_matching_weekday
ERCOT_demand_COAST,Presidents' Day,Presidents' Day,2018-02-19,H2,Monday,1,Weekday,Winter,relative_weekday_rule,False,False,,,,,,,F,best_matching_weekday
ERCOT_demand_COAST,Texas Independence Day,Texas Independence Day,2018-03-02,H2,Friday,1,Weekday,Spring,fixed_date,True,False,,,,,,,L,best_matching_weekday
ERCOT_demand_COAST,San Jacinto Day,San Jacinto Day,2018-04-21,H2,Saturday,2,Saturday,Spring,fixed_date,True,False,,,,,,,G,best_matching_weekday
ERCOT_demand_COAST,Memorial Day,Memorial Day,2018-05-28,H2,Monday,1,Weekday,Spring,relative_weekday_rule,False,False,,,,,,,I,best_matching_weekday
ERCOT_demand_COAST,Juneteenth National Independence Day,Juneteenth National Independence Day,2018-06-19,H2,Tuesday,1,Weekday,Summer,fixed_date,True,False,Monday,A,0.0,Friday-like,E,2.0,G,best_matching_weekday
ERCOT_demand_COAST,Independence Day,Independence Day,2018-07-04,H2,Wednesday,1,Weekday,Summer,fixed_date,True,False,Sunday,A,0.0,Friday-like,E,2.0,I,best_matching_weekday
ERCOT_demand_COAST,Lyndon B. Johnson Day,Lyndon B. Johnson Day,2018-08-27,H2,Monday,1,Weekday,Summer,fixed_date,True,False,,,,,,,I,best_matching_weekday
ERCOT_demand_COAST,Labor Day,Labor Day,2018-09-03,H2,Monday,1,Weekday,Autumn,relative_weekday_rule,False,False,Sunday,A,0.0,Friday-like,E,2.0,I,best_matching_weekday
ERCOT_demand_COAST,Veterans Day,Veterans Day,2018-11-11,H2,Sunday,3,Sunday,Autumn,fixed_date,True,False,,,,,,,G,best_matching_weekday
ERCOT_demand_COAST,Thanksgiving Day,Thanksgiving Day,2018-11-22,H1,Thursday,1,Weekday,Autumn,relative_weekday_rule,False,False,Friday,A,0.0,Friday-like,D,1.0,F,best_matching_weekday
ERCOT_demand_COAST,Day after Thanksgiving,Day after Thanksgiving,2018-11-23,H2,Friday,1,Weekday,Autumn,relative_to_holiday_rule,False,False,,,,,,,G,best_matching_weekday
ERCOT_demand_COAST,Post-holiday recovery,Day after Thanksgiving,2018-11-24,H4,Saturday,2,Saturday,Autumn,derived_recovery_day,False,False,,,,,,,G,best_matching_weekday
ERCOT_demand_COAST,Christmas Eve,Christmas Eve,2018-12-24,H1,Monday,1,Weekday,Winter,fixed_date,True,False,,,,,,,K,best_matching_weekday
ERCOT_demand_COAST,Christmas Day,Christmas Day,2018-12-25,H2,Tuesday,1,Weekday,Winter,fixed_date,True,False,,,,,,,I,best_matching_weekday
ERCOT_demand_COAST,Post-holiday recovery,Christmas Day,2018-12-26,H4,Wednesday,1,Weekday,Winter,derived_recovery_day,False,False,,,,,,,K,best_matching_weekday
ERCOT_demand_COAST,New Year's Day,New Year's Day,2019-01-01,H2,Tuesday,1,Weekday,Winter,fixed_date,True,False,Sunday,B,1.0,Wednesday-like,D,1.0,I,best_matching_weekday
ERCOT_demand_COAST,Martin Luther King Jr. Day,Martin Luther King Jr. Day,2019-01-21,H2,Monday,1,Weekday,Winter,relative_weekday_rule,False,False,Wednesday,B,1.0,Wednesday-like,D,1.0,L,best_matching_weekday
ERCOT_demand_COAST,Presidents' Day,Presidents' Day,2019-02-18,H2,Monday,1,Weekday,Winter,relative_weekday_rule,False,False,,,,,,,F,best_matching_weekday
ERCOT_demand_COAST,Texas Independence Day,Texas Independence Day,2019-03-02,H2,Saturday,2,Saturday,Spring,fixed_date,True,False,,,,,,,L,best_matching_weekday
ERCOT_demand_COAST,San Jacinto Day,San Jacinto Day,2019-04-21,H2,Sunday,3,Sunday,Spring,fixed_date,True,False,,,,,,,G,best_matching_weekday
ERCOT_demand_COAST,Memorial Day,Memorial Day,2019-05-27,H2,Monday,1,Weekday,Spring,relative_weekday_rule,False,False,,,,,,,I,best_matching_weekday
ERCOT_demand_COAST,Juneteenth National Independence Day,Juneteenth National Independence Day,2019-06-19,H2,Wednesday,1,Weekday,Summer,fixed_date,True,False,,,,,,,G,best_matching_weekday
ERCOT_demand_COAST,Independence Day,Independence Day,2019-07-04,H2,Thursday,1,Weekday,Summer,fixed_date,True,False,,,,,,,I,best_matching_weekday
ERCOT_demand_COAST,Lyndon B. Johnson Day,Lyndon B. Johnson Day,2019-08-27,H2,Tuesday,1,Weekday,Summer,fixed_date,True,False,Friday,A,0.0,Friday-like,C,0.0,F,best_matching_weekday
ERCOT_demand_COAST,Labor Day,Labor Day,2019-09-02,H2,Monday,1,Weekday,Autumn,relative_weekday_rule,False,False,,,,,,,I,best_matching_weekday
ERCOT_demand_COAST,Veterans Day,Veterans Day,2019-11-11,H2,Monday,1,Weekday,Autumn,fixed_date,True,False,,,,,,,G,best_matching_weekday
ERCOT_demand_COAST,Thanksgiving Day,Thanksgiving Day,2019-11-28,H1,Thursday,1,Weekday,Autumn,relative_weekday_rule,False,False,,,,,,,F,best_matching_weekday
ERCOT_demand_COAST,Day after Thanksgiving,Day after Thanksgiving,2019-11-29,H2,Friday,1,Weekday,Autumn,relative_to_holiday_rule,False,False,Sunday,A,0.0,Friday-like,D,1.0,I,best_matching_weekday
ERCOT_demand_COAST,Post-holiday recovery,Day after Thanksgiving,2019-11-30,H4,Saturday,2,Saturday,Autumn,derived_recovery_day,False,False,,,,,,,G,best_matching_weekday
ERCOT_demand_COAST,Christmas Eve,Christmas Eve,2019-12-24,H1,Tuesday,1,Weekday,Winter,fixed_date,True,False,Tuesday,B,1.0,Wednesday-like,D,1.0,K,best_matching_weekday
ERCOT_demand_COAST,Christmas Day,Christmas Day,2019-12-25,H2,Wednesday,1,Weekday,Winter,fixed_date,True,False,,,,,,,I,best_matching_weekday
ERCOT_demand_COAST,Post-holiday recovery,Christmas Day,2019-12-26,H4,Thursday,1,Weekday,Winter,derived_recovery_day,False,False,,,,,,,K,best_matching_weekday
ERCOT_demand_COAST,New Year's Day,New Year's Day,2020-01-01,H2,Wednesday,1,Weekday,Winter,fixed_date,True,False,Sunday,A,0.0,Friday-like,D,1.0,I,best_matching_weekday
ERCOT_demand_COAST,Martin Luther King Jr. Day,Martin Luther King Jr. Day,2020-01-20,H2,Monday,1,Weekday,Winter,relative_weekday_rule,False,False,,,,,,,L,best_matching_weekday
ERCOT_demand_COAST,Presidents' Day,Presidents' Day,2020-02-17,H2,Monday,1,Weekday,Winter,relative_weekday_rule,False,False,,,,,,,F,best_matching_weekday
ERCOT_demand_COAST,Texas Independence Day,Texas Independence Day,2020-03-02,H2,Monday,1,Weekday,Spring,fixed_date,True,False,,,,,,,L,best_matching_weekday
ERCOT_demand_COAST,San Jacinto Day,San Jacinto Day,2020-04-21,H2,Tuesday,1,Weekday,Spring,fixed_date,True,False,,,,,,,G,best_matching_weekday
ERCOT_demand_COAST,Memorial Day,Memorial Day,2020-05-25,H2,Monday,1,Weekday,Spring,relative_weekday_rule,False,False,Sunday,A,0.0,Friday-like,E,2.0,I,best_matching_weekday
ERCOT_demand_COAST,Juneteenth National Independence Day,Juneteenth National Independence Day,2020-06-19,H2,Friday,1,Weekday,Summer,fixed_date,True,False,Monday,A,0.0,Friday-like,C,0.0,G,best_matching_weekday
ERCOT_demand_COAST,Independence Day,Independence Day,2020-07-04,H2,Saturday,2,Saturday,Summer,fixed_date,True,False,Sunday,A,0.0,Friday-like,C,0.0,I,best_matching_weekday
ERCOT_demand_COAST,Lyndon B. Johnson Day,Lyndon B. Johnson Day,2020-08-27,H2,Thursday,1,Weekday,Summer,fixed_date,True,False,Sunday,A,0.0,Friday-like,C,0.0,I,best_matching_weekday
ERCOT_demand_COAST,Labor Day,Labor Day,2020-09-07,H2,Monday,1,Weekday,Autumn,relative_weekday_rule,False,False,Saturday,A,0.0,Friday-like,C,0.0,H,best_matching_weekday
ERCOT_demand_COAST,Veterans Day,Veterans Day,2020-11-11,H2,Wednesday,1,Weekday,Autumn,fixed_date,True,False,,,,,,,G,best_matching_weekday
ERCOT_demand_COAST,Thanksgiving Day,Thanksgiving Day,2020-11-26,H1,Thursday,1,Weekday,Autumn,relative_weekday_rule,False,False,,,,,,,F,best_matching_weekday
ERCOT_demand_COAST,Day after Thanksgiving,Day after Thanksgiving,2020-11-27,H2,Friday,1,Weekday,Autumn,relative_to_holiday_rule,False,False,,,,,,,G,best_matching_weekday
ERCOT_demand_COAST,Post-holiday recovery,Day after Thanksgiving,2020-11-28,H4,Saturday,2,Saturday,Autumn,derived_recovery_day,False,False,,,,,,,G,best_matching_weekday
ERCOT_demand_COAST,Christmas Eve,Christmas Eve,2020-12-24,H1,Thursday,1,Weekday,Winter,fixed_date,True,False,,,,,,,K,best_matching_weekday
ERCOT_demand_COAST,Christmas Day,Christmas Day,2020-12-25,H2,Friday,1,Weekday,Winter,fixed_date,True,False,Tuesday,B,1.0,Wednesday-like,D,1.0,K,best_matching_weekday
ERCOT_demand_COAST,Post-holiday recovery,Christmas Day,2020-12-26,H4,Saturday,2,Saturday,Winter,derived_recovery_day,False,False,,,,,,,K,best_matching_weekday
ERCOT_demand_COAST,New Year's Day,New Year's Day,2022-01-01,H2,Saturday,2,Saturday,Winter,fixed_date,True,False,,,,,,,I,best_matching_weekday
ERCOT_demand_COAST,Martin Luther King Jr. Day,Martin Luther King Jr. Day,2022-01-17,H2,Monday,1,Weekday,Winter,relative_weekday_rule,False,False,Wednesday,B,1.0,Wednesday-like,E,2.0,L,best_matching_weekday
ERCOT_demand_COAST,Presidents' Day,Presidents' Day,2022-02-21,H2,Monday,1,Weekday,Winter,relative_weekday_rule,False,False,,,,,,,F,best_matching_weekday
ERCOT_demand_COAST,Texas Independence Day,Texas Independence Day,2022-03-02,H2,Wednesday,1,Weekday,Spring,fixed_date,True,False,Wednesday,B,1.0,Wednesday-like,D,1.0,L,best_matching_weekday
ERCOT_demand_COAST,San Jacinto Day,San Jacinto Day,2022-04-21,H2,Thursday,1,Weekday,Spring,fixed_date,True,False,,,,,,,G,best_matching_weekday
ERCOT_demand_COAST,Memorial Day,Memorial Day,2022-05-30,H2,Monday,1,Weekday,Spring,relative_weekday_rule,False,False,,,,,,,I,best_matching_weekday
ERCOT_demand_COAST,Juneteenth National Independence Day,Juneteenth National Independence Day,2022-06-19,H2,Sunday,3,Sunday,Summer,fixed_date,True,False,,,,,,,G,best_matching_weekday
ERCOT_demand_COAST,Independence Day,Independence Day,2022-07-04,H2,Monday,1,Weekday,Summer,fixed_date,True,False,,,,,,,I,best_matching_weekday
ERCOT_demand_COAST,Lyndon B. Johnson Day,Lyndon B. Johnson Day,2022-08-27,H2,Saturday,2,Saturday,Summer,fixed_date,True,False,,,,,,,I,best_matching_weekday
ERCOT_demand_COAST,Labor Day,Labor Day,2022-09-05,H2,Monday,1,Weekday,Autumn,relative_weekday_rule,False,False,,,,,,,I,best_matching_weekday
ERCOT_demand_COAST,Veterans Day,Veterans Day,2022-11-11,H2,Friday,1,Weekday,Autumn,fixed_date,True,False,,,,,,,G,best_matching_weekday
ERCOT_demand_COAST,Thanksgiving Day,Thanksgiving Day,2022-11-24,H1,Thursday,1,Weekday,Autumn,relative_weekday_rule,False,False,Friday,A,0.0,Friday-like,D,1.0,F,best_matching_weekday
ERCOT_demand_COAST,Day after Thanksgiving,Day after Thanksgiving,2022-11-25,H2,Friday,1,Weekday,Autumn,relative_to_holiday_rule,False,False,,,,,,,G,best_matching_weekday
ERCOT_demand_COAST,Post-holiday recovery,Day after Thanksgiving,2022-11-26,H4,Saturday,2,Saturday,Autumn,derived_recovery_day,False,False,,,,,,,G,best_matching_weekday
ERCOT_demand_COAST,Christmas Eve,Christmas Eve,2022-12-24,H1,Saturday,2,Saturday,Winter,fixed_date,True,False,Tuesday,B,1.0,Wednesday-like,C,0.0,K,best_matching_weekday
ERCOT_demand_COAST,Christmas Day,Christmas Day,2022-12-25,H2,Sunday,3,Sunday,Winter,fixed_date,True,False,Tuesday,B,1.0,Wednesday-like,E,2.0,K,best_matching_weekday
ERCOT_demand_COAST,Post-holiday recovery,Christmas Day,2022-12-26,H4,Monday,1,Weekday,Winter,derived_recovery_day,False,False,Tuesday,B,1.0,Wednesday-like,,,K,best_matching_weekday
ERCOT_demand_COAST,New Year's Day,New Year's Day,2023-01-01,H2,Sunday,3,Sunday,Winter,fixed_date,True,False,,,,,,,I,best_matching_weekday
ERCOT_demand_COAST,Martin Luther King Jr. Day,Martin Luther King Jr. Day,2023-01-16,H2,Monday,1,Weekday,Winter,relative_weekday_rule,False,False,,,,,,,L,best_matching_weekday
ERCOT_demand_COAST,Presidents' Day,Presidents' Day,2023-02-20,H2,Monday,1,Weekday,Winter,relative_weekday_rule,False,False,,,,,,,F,best_matching_weekday
ERCOT_demand_COAST,Texas Independence Day,Texas Independence Day,2023-03-02,H2,Thursday,1,Weekday,Spring,fixed_date,True,False,,,,,,,L,best_matching_weekday
ERCOT_demand_COAST,San Jacinto Day,San Jacinto Day,2023-04-21,H2,Friday,1,Weekday,Spring,fixed_date,True,False,,,,,,,G,best_matching_weekday
ERCOT_demand_COAST,Memorial Day,Memorial Day,2023-05-29,H2,Monday,1,Weekday,Spring,relative_weekday_rule,False,False,,,,,,,I,best_matching_weekday
ERCOT_demand_COAST,Juneteenth National Independence Day,Juneteenth National Independence Day,2023-06-19,H2,Monday,1,Weekday,Summer,fixed_date,True,False,,,,,,,G,best_matching_weekday
ERCOT_demand_COAST,Independence Day,Independence Day,2023-07-04,H2,Tuesday,1,Weekday,Summer,fixed_date,True,False,,,,,,,I,best_matching_weekday
ERCOT_demand_COAST,Lyndon B. Johnson Day,Lyndon B. Johnson Day,2023-08-27,H2,Sunday,3,Sunday,Summer,fixed_date,True,False,,,,,,,I,best_matching_weekday
ERCOT_demand_COAST,Labor Day,Labor Day,2023-09-04,H2,Monday,1,Weekday,Autumn,relative_weekday_rule,False,False,Sunday,A,0.0,Friday-like,C,0.0,I,best_matching_weekday
ERCOT_demand_COAST,Veterans Day,Veterans Day,2023-11-11,H2,Saturday,2,Saturday,Autumn,fixed_date,True,False,,,,,,,G,best_matching_weekday
ERCOT_demand_COAST,Thanksgiving Day,Thanksgiving Day,2023-11-23,H1,Thursday,1,Weekday,Autumn,relative_weekday_rule,False,False,Friday,A,0.0,Friday-like,E,2.0,F,best_matching_weekday
ERCOT_demand_COAST,Day after Thanksgiving,Day after Thanksgiving,2023-11-24,H2,Friday,1,Weekday,Autumn,relative_to_holiday_rule,False,False,Monday,A,0.0,Friday-like,D,1.0,G,best_matching_weekday
ERCOT_demand_COAST,Post-holiday recovery,Day after Thanksgiving,2023-11-25,H4,Saturday,2,Saturday,Autumn,derived_recovery_day,False,False,,,,,,,G,best_matching_weekday
ERCOT_demand_COAST,Christmas Eve,Christmas Eve,2023-12-24,H1,Sunday,3,Sunday,Winter,fixed_date,True,False,,,,,,,K,best_matching_weekday
ERCOT_demand_COAST,Christmas Day,Christmas Day,2023-12-25,H2,Monday,1,Weekday,Winter,fixed_date,True,False,Sunday,A,0.0,Friday-like,D,1.0,I,best_matching_weekday
ERCOT_demand_COAST,Post-holiday recovery,Christmas Day,2023-12-26,H4,Tuesday,1,Weekday,Winter,derived_recovery_day,False,False,,,,,,,K,best_matching_weekday
ERCOT_demand_COAST,New Year's Day,New Year's Day,2024-01-01,H2,Monday,1,Weekday,Winter,fixed_date,True,False,Sunday,A,0.0,Friday-like,D,1.0,I,best_matching_weekday
ERCOT_demand_COAST,Martin Luther King Jr. Day,Martin Luther King Jr. Day,2024-01-15,H2,Monday,1,Weekday,Winter,relative_weekday_rule,False,False,,,,,,,L,best_matching_weekday
ERCOT_demand_COAST,Presidents' Day,Presidents' Day,2024-02-19,H2,Monday,1,Weekday,Winter,relative_weekday_rule,False,False,Friday,B,1.0,Wednesday-like,E,2.0,F,best_matching_weekday
ERCOT_demand_COAST,Texas Independence Day,Texas Independence Day,2024-03-02,H2,Saturday,2,Saturday,Spring,fixed_date,True,False,,,,,,,L,best_matching_weekday
ERCOT_demand_COAST,San Jacinto Day,San Jacinto Day,2024-04-21,H2,Sunday,3,Sunday,Spring,fixed_date,True,False,Sunday,A,0.0,Friday-like,D,1.0,I,best_matching_weekday
ERCOT_demand_COAST,Memorial Day,Memorial Day,2024-05-27,H2,Monday,1,Weekday,Spring,relative_weekday_rule,False,False,Sunday,A,0.0,Friday-like,C,0.0,I,best_matching_weekday
ERCOT_demand_COAST,Juneteenth National Independence Day,Juneteenth National Independence Day,2024-06-19,H2,Wednesday,1,Weekday,Summer,fixed_date,True,False,Saturday,A,0.0,Friday-like,C,0.0,H,best_matching_weekday
ERCOT_demand_COAST,Independence Day,Independence Day,2024-07-04,H2,Thursday,1,Weekday,Summer,fixed_date,True,False,,,,,,,I,best_matching_weekday
ERCOT_demand_COAST,Lyndon B. Johnson Day,Lyndon B. Johnson Day,2024-08-27,H2,Tuesday,1,Weekday,Summer,fixed_date,True,False,Monday,A,0.0,Friday-like,C,0.0,G,best_matching_weekday
ERCOT_demand_COAST,Labor Day,Labor Day,2024-09-02,H2,Monday,1,Weekday,Autumn,relative_weekday_rule,False,False,Sunday,A,0.0,Friday-like,C,0.0,I,best_matching_weekday
ERCOT_demand_COAST,Veterans Day,Veterans Day,2024-11-11,H2,Monday,1,Weekday,Autumn,fixed_date,True,False,Thursday,A,0.0,Friday-like,E,2.0,J,best_matching_weekday
ERCOT_demand_COAST,Thanksgiving Day,Thanksgiving Day,2024-11-28,H1,Thursday,1,Weekday,Autumn,relative_weekday_rule,False,False,Saturday,A,0.0,Friday-like,E,2.0,H,best_matching_weekday
ERCOT_demand_COAST,Day after Thanksgiving,Day after Thanksgiving,2024-11-29,H2,Friday,1,Weekday,Autumn,relative_to_holiday_rule,False,False,Monday,A,0.0,Friday-like,D,1.0,G,best_matching_weekday
ERCOT_demand_COAST,Post-holiday recovery,Day after Thanksgiving,2024-11-30,H4,Saturday,2,Saturday,Autumn,derived_recovery_day,False,False,,,,,,,G,best_matching_weekday
ERCOT_demand_COAST,Christmas Eve,Christmas Eve,2024-12-24,H1,Tuesday,1,Weekday,Winter,fixed_date,True,False,Saturday,A,0.0,Friday-like,E,2.0,H,best_matching_weekday
ERCOT_demand_COAST,Christmas Day,Christmas Day,2024-12-25,H2,Wednesday,1,Weekday,Winter,fixed_date,True,False,Sunday,A,0.0,Friday-like,D,1.0,I,best_matching_weekday
ERCOT_demand_COAST,Post-holiday recovery,Christmas Day,2024-12-26,H4,Thursday,1,Weekday,Winter,derived_recovery_day,False,False,,,,,,,K,best_matching_weekday
ERCOT_demand_COAST,New Year's Day,New Year's Day,2025-01-01,H2,Wednesday,1,Weekday,Winter,fixed_date,True,False,Sunday,A,0.0,Friday-like,D,1.0,I,best_matching_weekday
ERCOT_demand_COAST,Martin Luther King Jr. Day,Martin Luther King Jr. Day,2025-01-20,H2,Monday,1,Weekday,Winter,relative_weekday_rule,False,False,,,,,,,L,best_matching_weekday
ERCOT_demand_COAST,Presidents' Day,Presidents' Day,2025-02-17,H2,Monday,1,Weekday,Winter,relative_weekday_rule,False,False,Friday,B,1.0,Wednesday-like,E,2.0,F,best_matching_weekday
ERCOT_demand_COAST,Texas Independence Day,Texas Independence Day,2025-03-02,H2,Sunday,3,Sunday,Spring,fixed_date,True,False,,,,,,,L,best_matching_weekday
ERCOT_demand_COAST,San Jacinto Day,San Jacinto Day,2025-04-21,H2,Monday,1,Weekday,Spring,fixed_date,True,False,Thursday,A,0.0,Friday-like,C,0.0,J,best_matching_weekday
ERCOT_demand_COAST,Memorial Day,Memorial Day,2025-05-26,H2,Monday,1,Weekday,Spring,relative_weekday_rule,False,False,Saturday,A,0.0,Friday-like,C,0.0,H,best_matching_weekday
ERCOT_demand_COAST,Juneteenth National Independence Day,Juneteenth National Independence Day,2025-06-19,H2,Thursday,1,Weekday,Summer,fixed_date,True,False,,,,,,,G,best_matching_weekday
ERCOT_demand_COAST,Independence Day,Independence Day,2025-07-04,H2,Friday,1,Weekday,Summer,fixed_date,True,False,,,,,,,I,best_matching_weekday
ERCOT_demand_COAST,Lyndon B. Johnson Day,Lyndon B. Johnson Day,2025-08-27,H2,Wednesday,1,Weekday,Summer,fixed_date,True,False,,,,,,,I,best_matching_weekday
ERCOT_demand_COAST,Labor Day,Labor Day,2025-09-01,H2,Monday,1,Weekday,Autumn,relative_weekday_rule,False,False,,,,,,,I,best_matching_weekday
ERCOT_demand_COAST,Veterans Day,Veterans Day,2025-11-11,H2,Tuesday,1,Weekday,Autumn,fixed_date,True,False,Monday,A,0.0,Friday-like,E,2.0,G,best_matching_weekday
ERCOT_demand_COAST,Thanksgiving Day,Thanksgiving Day,2025-11-27,H1,Thursday,1,Weekday,Autumn,relative_weekday_rule,False,False,,,,,,,F,best_matching_weekday
ERCOT_demand_COAST,Day after Thanksgiving,Day after Thanksgiving,2025-11-28,H2,Friday,1,Weekday,Autumn,relative_to_holiday_rule,False,False,,,,,,,G,best_matching_weekday
ERCOT_demand_COAST,Post-holiday recovery,Day after Thanksgiving,2025-11-29,H4,Saturday,2,Saturday,Autumn,derived_recovery_day,False,False,,,,,,,G,best_matching_weekday
ERCOT_demand_COAST,Christmas Eve,Christmas Eve,2025-12-24,H1,Wednesday,1,Weekday,Winter,fixed_date,True,False,Saturday,A,0.0,Friday-like,E,2.0,H,best_matching_weekday
ERCOT_demand_COAST,Christmas Day,Christmas Day,2025-12-25,H2,Thursday,1,Weekday,Winter,fixed_date,True,False,Sunday,A,0.0,Friday-like,E,2.0,I,best_matching_weekday
ERCOT_demand_COAST,Post-holiday recovery,Christmas Day,2025-12-26,H4,Friday,1,Weekday,Winter,derived_recovery_day,False,False,,,,,,,K,best_matching_weekday
ERCOT_demand_COAST,New Year's Day,New Year's Day,2026-01-01,H2,Thursday,1,Weekday,Winter,fixed_date,True,False,Sunday,B,1.0,Wednesday-like,E,2.0,I,best_matching_weekday
ERCOT_demand_COAST,Martin Luther King Jr. Day,Martin Luther King Jr. Day,2026-01-19,H2,Monday,1,Weekday,Winter,relative_weekday_rule,False,False,Wednesday,B,1.0,Wednesday-like,E,2.0,L,best_matching_weekday
ERCOT_demand_COAST,Presidents' Day,Presidents' Day,2026-02-16,H2,Monday,1,Weekday,Winter,relative_weekday_rule,False,False,,,,,,,F,best_matching_weekday
ERCOT_demand_COAST,Texas Independence Day,Texas Independence Day,2026-03-02,H2,Monday,1,Weekday,Spring,fixed_date,True,False,,,,,,,L,best_matching_weekday
ERCOT_demand_EAST,Martin Luther King Jr. Day,Martin Luther King Jr. Day,2016-01-18,H2,Monday,1,Weekday,Winter,relative_weekday_rule,False,False,,,,,,,I,best_matching_weekday
ERCOT_demand_EAST,Presidents' Day,Presidents' Day,2016-02-15,H2,Monday,1,Weekday,Winter,relative_weekday_rule,False,False,,,,,,,F,best_matching_weekday
ERCOT_demand_EAST,Texas Independence Day,Texas Independence Day,2016-03-02,H2,Wednesday,1,Weekday,Spring,fixed_date,True,False,,,,,,,L,best_matching_weekday
ERCOT_demand_EAST,San Jacinto Day,San Jacinto Day,2016-04-21,H2,Thursday,1,Weekday,Spring,fixed_date,True,False,,,,,,,G,best_matching_weekday
ERCOT_demand_EAST,Memorial Day,Memorial Day,2016-05-30,H2,Monday,1,Weekday,Spring,relative_weekday_rule,False,False,Sunday,B,1.0,Tuesday-like,D,1.0,I,best_matching_weekday
ERCOT_demand_EAST,Juneteenth National Independence Day,Juneteenth National Independence Day,2016-06-19,H2,Sunday,3,Sunday,Summer,fixed_date,True,False,,,,,,,J,best_matching_weekday
ERCOT_demand_EAST,Independence Day,Independence Day,2016-07-04,H2,Monday,1,Weekday,Summer,fixed_date,True,False,Sunday,B,1.0,Tuesday-like,C,0.0,I,best_matching_weekday
ERCOT_demand_EAST,Lyndon B. Johnson Day,Lyndon B. Johnson Day,2016-08-27,H2,Saturday,2,Saturday,Summer,fixed_date,True,False,Wednesday,B,1.0,Tuesday-like,C,0.0,L,best_matching_weekday
ERCOT_demand_EAST,Labor Day,Labor Day,2016-09-05,H2,Monday,1,Weekday,Autumn,relative_weekday_rule,False,False,Friday,B,1.0,Tuesday-like,C,0.0,F,best_matching_weekday
ERCOT_demand_EAST,Veterans Day,Veterans Day,2016-11-11,H2,Friday,1,Weekday,Autumn,fixed_date,True,False,,,,,,,I,best_matching_weekday
ERCOT_demand_EAST,Thanksgiving Day,Thanksgiving Day,2016-11-24,H1,Thursday,1,Weekday,Autumn,relative_weekday_rule,False,False,,,,,,,G,best_matching_weekday
ERCOT_demand_EAST,Day after Thanksgiving,Day after Thanksgiving,2016-11-25,H2,Friday,1,Weekday,Autumn,relative_to_holiday_rule,False,False,,,,,,,L,best_matching_weekday
ERCOT_demand_EAST,Post-holiday recovery,Day after Thanksgiving,2016-11-26,H4,Saturday,2,Saturday,Autumn,derived_recovery_day,False,False,,,,,,,L,best_matching_weekday
ERCOT_demand_EAST,Christmas Eve,Christmas Eve,2016-12-24,H1,Saturday,2,Saturday,Winter,fixed_date,True,False,,,,,,,H,best_matching_weekday
ERCOT_demand_EAST,Christmas Day,Christmas Day,2016-12-25,H2,Sunday,3,Sunday,Winter,fixed_date,True,False,,,,,,,K,best_matching_weekday
ERCOT_demand_EAST,Post-holiday recovery,Christmas Day,2016-12-26,H4,Monday,1,Weekday,Winter,derived_recovery_day,False,False,,,,,,,K,best_matching_weekday
ERCOT_demand_EAST,New Year's Day,New Year's Day,2017-01-01,H2,Sunday,3,Sunday,Winter,fixed_date,True,False,Saturday,B,1.0,Tuesday-like,D,1.0,H,best_matching_weekday
ERCOT_demand_EAST,Martin Luther King Jr. Day,Martin Luther King Jr. Day,2017-01-16,H2,Monday,1,Weekday,Winter,relative_weekday_rule,False,False,Tuesday,B,1.0,Tuesday-like,D,1.0,K,best_matching_weekday
ERCOT_demand_EAST,Presidents' Day,Presidents' Day,2017-02-20,H2,Monday,1,Weekday,Winter,relative_weekday_rule,False,False,Wednesday,B,1.0,Tuesday-like,D,1.0,L,best_matching_weekday
ERCOT_demand_EAST,Texas Independence Day,Texas Independence Day,2017-03-02,H2,Thursday,1,Weekday,Spring,fixed_date,True,False,Tuesday,A,0.0,unclear,D,1.0,K,best_matching_weekday
ERCOT_demand_EAST,San Jacinto Day,San Jacinto Day,2017-04-21,H2,Friday,1,Weekday,Spring,fixed_date,True,False,,,,,,,G,best_matching_weekday
ERCOT_demand_EAST,Memorial Day,Memorial Day,2017-05-29,H2,Monday,1,Weekday,Spring,relative_weekday_rule,False,False,Sunday,B,1.0,Tuesday-like,D,1.0,I,best_matching_weekday
ERCOT_demand_EAST,Juneteenth National Independence Day,Juneteenth National Independence Day,2017-06-19,H2,Monday,1,Weekday,Summer,fixed_date,True,False,Thursday,B,1.0,Tuesday-like,C,0.0,J,best_matching_weekday
ERCOT_demand_EAST,Independence Day,Independence Day,2017-07-04,H2,Tuesday,1,Weekday,Summer,fixed_date,True,False,Sunday,B,1.0,Tuesday-like,C,0.0,I,best_matching_weekday
ERCOT_demand_EAST,Lyndon B. Johnson Day,Lyndon B. Johnson Day,2017-08-27,H2,Sunday,3,Sunday,Summer,fixed_date,True,False,Sunday,B,1.0,Tuesday-like,D,1.0,I,best_matching_weekday
ERCOT_demand_EAST,Labor Day,Labor Day,2017-09-04,H2,Monday,1,Weekday,Autumn,relative_weekday_rule,False,False,,,,,,,I,best_matching_weekday
ERCOT_demand_EAST,Veterans Day,Veterans Day,2017-11-11,H2,Saturday,2,Saturday,Autumn,fixed_date,True,False,,,,,,,I,best_matching_weekday
ERCOT_demand_EAST,Thanksgiving Day,Thanksgiving Day,2017-11-23,H1,Thursday,1,Weekday,Autumn,relative_weekday_rule,False,False,Monday,A,0.0,unclear,D,1.0,G,best_matching_weekday
ERCOT_demand_EAST,Day after Thanksgiving,Day after Thanksgiving,2017-11-24,H2,Friday,1,Weekday,Autumn,relative_to_holiday_rule,False,False,Monday,A,0.0,unclear,D,1.0,G,best_matching_weekday
ERCOT_demand_EAST,Post-holiday recovery,Day after Thanksgiving,2017-11-25,H4,Saturday,2,Saturday,Autumn,derived_recovery_day,False,False,,,,,,,L,best_matching_weekday
ERCOT_demand_EAST,Christmas Eve,Christmas Eve,2017-12-24,H1,Sunday,3,Sunday,Winter,fixed_date,True,False,,,,,,,H,best_matching_weekday
ERCOT_demand_EAST,Christmas Day,Christmas Day,2017-12-25,H2,Monday,1,Weekday,Winter,fixed_date,True,False,Tuesday,A,0.0,unclear,D,1.0,K,best_matching_weekday
ERCOT_demand_EAST,Post-holiday recovery,Christmas Day,2017-12-26,H4,Tuesday,1,Weekday,Winter,derived_recovery_day,False,False,,,,,,,K,best_matching_weekday
ERCOT_demand_EAST,New Year's Day,New Year's Day,2018-01-01,H2,Monday,1,Weekday,Winter,fixed_date,True,False,,,,,,,H,best_matching_weekday
ERCOT_demand_EAST,Martin Luther King Jr. Day,Martin Luther King Jr. Day,2018-01-15,H2,Monday,1,Weekday,Winter,relative_weekday_rule,False,False,,,,,,,I,best_matching_weekday
ERCOT_demand_EAST,Presidents' Day,Presidents' Day,2018-02-19,H2,Monday,1,Weekday,Winter,relative_weekday_rule,False,False,,,,,,,F,best_matching_weekday
ERCOT_demand_EAST,Texas Independence Day,Texas Independence Day,2018-03-02,H2,Friday,1,Weekday,Spring,fixed_date,True,False,,,,,,,L,best_matching_weekday
ERCOT_demand_EAST,San Jacinto Day,San Jacinto Day,2018-04-21,H2,Saturday,2,Saturday,Spring,fixed_date,True,False,,,,,,,G,best_matching_weekday
ERCOT_demand_EAST,Memorial Day,Memorial Day,2018-05-28,H2,Monday,1,Weekday,Spring,relative_weekday_rule,False,False,,,,,,,I,best_matching_weekday
ERCOT_demand_EAST,Juneteenth National Independence Day,Juneteenth National Independence Day,2018-06-19,H2,Tuesday,1,Weekday,Summer,fixed_date,True,False,,,,,,,J,best_matching_weekday
ERCOT_demand_EAST,Independence Day,Independence Day,2018-07-04,H2,Wednesday,1,Weekday,Summer,fixed_date,True,False,Saturday,B,1.0,Tuesday-like,C,0.0,H,best_matching_weekday
ERCOT_demand_EAST,Lyndon B. Johnson Day,Lyndon B. Johnson Day,2018-08-27,H2,Monday,1,Weekday,Summer,fixed_date,True,False,,,,,,,F,best_matching_weekday
ERCOT_demand_EAST,Labor Day,Labor Day,2018-09-03,H2,Monday,1,Weekday,Autumn,relative_weekday_rule,False,False,Monday,B,1.0,Tuesday-like,C,0.0,G,best_matching_weekday
ERCOT_demand_EAST,Veterans Day,Veterans Day,2018-11-11,H2,Sunday,3,Sunday,Autumn,fixed_date,True,False,,,,,,,I,best_matching_weekday
ERCOT_demand_EAST,Thanksgiving Day,Thanksgiving Day,2018-11-22,H1,Thursday,1,Weekday,Autumn,relative_weekday_rule,False,False,Monday,A,0.0,unclear,D,1.0,G,best_matching_weekday
ERCOT_demand_EAST,Day after Thanksgiving,Day after Thanksgiving,2018-11-23,H2,Friday,1,Weekday,Autumn,relative_to_holiday_rule,False,False,,,,,,,L,best_matching_weekday
ERCOT_demand_EAST,Post-holiday recovery,Day after Thanksgiving,2018-11-24,H4,Saturday,2,Saturday,Autumn,derived_recovery_day,False,False,,,,,,,L,best_matching_weekday
ERCOT_demand_EAST,Christmas Eve,Christmas Eve,2018-12-24,H1,Monday,1,Weekday,Winter,fixed_date,True,False,Tuesday,A,0.0,unclear,D,1.0,K,best_matching_weekday
ERCOT_demand_EAST,Christmas Day,Christmas Day,2018-12-25,H2,Tuesday,1,Weekday,Winter,fixed_date,True,False,,,,,,,K,best_matching_weekday
ERCOT_demand_EAST,Post-holiday recovery,Christmas Day,2018-12-26,H4,Wednesday,1,Weekday,Winter,derived_recovery_day,False,False,,,,,,,K,best_matching_weekday
ERCOT_demand_EAST,New Year's Day,New Year's Day,2019-01-01,H2,Tuesday,1,Weekday,Winter,fixed_date,True,False,,,,,,,H,best_matching_weekday
ERCOT_demand_EAST,Martin Luther King Jr. Day,Martin Luther King Jr. Day,2019-01-21,H2,Monday,1,Weekday,Winter,relative_weekday_rule,False,False,,,,,,,I,best_matching_weekday
ERCOT_demand_EAST,Presidents' Day,Presidents' Day,2019-02-18,H2,Monday,1,Weekday,Winter,relative_weekday_rule,False,False,,,,,,,F,best_matching_weekday
ERCOT_demand_EAST,Texas Independence Day,Texas Independence Day,2019-03-02,H2,Saturday,2,Saturday,Spring,fixed_date,True,False,,,,,,,L,best_matching_weekday
ERCOT_demand_EAST,San Jacinto Day,San Jacinto Day,2019-04-21,H2,Sunday,3,Sunday,Spring,fixed_date,True,False,,,,,,,G,best_matching_weekday
ERCOT_demand_EAST,Memorial Day,Memorial Day,2019-05-27,H2,Monday,1,Weekday,Spring,relative_weekday_rule,False,False,Saturday,B,1.0,Tuesday-like,C,0.0,H,best_matching_weekday
ERCOT_demand_EAST,Juneteenth National Independence Day,Juneteenth National Independence Day,2019-06-19,H2,Wednesday,1,Weekday,Summer,fixed_date,True,False,,,,,,,J,best_matching_weekday
ERCOT_demand_EAST,Independence Day,Independence Day,2019-07-04,H2,Thursday,1,Weekday,Summer,fixed_date,True,False,,,,,,,H,best_matching_weekday
ERCOT_demand_EAST,Lyndon B. Johnson Day,Lyndon B. Johnson Day,2019-08-27,H2,Tuesday,1,Weekday,Summer,fixed_date,True,False,Wednesday,B,1.0,Tuesday-like,E,2.0,L,best_matching_weekday
ERCOT_demand_EAST,Labor Day,Labor Day,2019-09-02,H2,Monday,1,Weekday,Autumn,relative_weekday_rule,False,False,Sunday,B,1.0,Tuesday-like,C,0.0,I,best_matching_weekday
ERCOT_demand_EAST,Veterans Day,Veterans Day,2019-11-11,H2,Monday,1,Weekday,Autumn,fixed_date,True,False,Sunday,B,1.0,Tuesday-like,D,1.0,I,best_matching_weekday
ERCOT_demand_EAST,Thanksgiving Day,Thanksgiving Day,2019-11-28,H1,Thursday,1,Weekday,Autumn,relative_weekday_rule,False,False,,,,,,,G,best_matching_weekday
ERCOT_demand_EAST,Day after Thanksgiving,Day after Thanksgiving,2019-11-29,H2,Friday,1,Weekday,Autumn,relative_to_holiday_rule,False,False,,,,,,,L,best_matching_weekday
ERCOT_demand_EAST,Post-holiday recovery,Day after Thanksgiving,2019-11-30,H4,Saturday,2,Saturday,Autumn,derived_recovery_day,False,False,,,,,,,L,best_matching_weekday
ERCOT_demand_EAST,Christmas Eve,Christmas Eve,2019-12-24,H1,Tuesday,1,Weekday,Winter,fixed_date,True,False,Tuesday,A,0.0,unclear,D,1.0,K,best_matching_weekday
ERCOT_demand_EAST,Christmas Day,Christmas Day,2019-12-25,H2,Wednesday,1,Weekday,Winter,fixed_date,True,False,,,,,,,K,best_matching_weekday
ERCOT_demand_EAST,Post-holiday recovery,Christmas Day,2019-12-26,H4,Thursday,1,Weekday,Winter,derived_recovery_day,False,False,,,,,,,K,best_matching_weekday
ERCOT_demand_EAST,New Year's Day,New Year's Day,2020-01-01,H2,Wednesday,1,Weekday,Winter,fixed_date,True,False,,,,,,,H,best_matching_weekday
ERCOT_demand_EAST,Martin Luther King Jr. Day,Martin Luther King Jr. Day,2020-01-20,H2,Monday,1,Weekday,Winter,relative_weekday_rule,False,False,,,,,,,I,best_matching_weekday
ERCOT_demand_EAST,Presidents' Day,Presidents' Day,2020-02-17,H2,Monday,1,Weekday,Winter,relative_weekday_rule,False,False,,,,,,,F,best_matching_weekday
ERCOT_demand_EAST,Texas Independence Day,Texas Independence Day,2020-03-02,H2,Monday,1,Weekday,Spring,fixed_date,True,False,,,,,,,L,best_matching_weekday
ERCOT_demand_EAST,San Jacinto Day,San Jacinto Day,2020-04-21,H2,Tuesday,1,Weekday,Spring,fixed_date,True,False,,,,,,,G,best_matching_weekday
ERCOT_demand_EAST,Memorial Day,Memorial Day,2020-05-25,H2,Monday,1,Weekday,Spring,relative_weekday_rule,False,False,,,,,,,I,best_matching_weekday
ERCOT_demand_EAST,Juneteenth National Independence Day,Juneteenth National Independence Day,2020-06-19,H2,Friday,1,Weekday,Summer,fixed_date,True,False,,,,,,,J,best_matching_weekday
ERCOT_demand_EAST,Independence Day,Independence Day,2020-07-04,H2,Saturday,2,Saturday,Summer,fixed_date,True,False,,,,,,,H,best_matching_weekday
ERCOT_demand_EAST,Lyndon B. Johnson Day,Lyndon B. Johnson Day,2020-08-27,H2,Thursday,1,Weekday,Summer,fixed_date,True,False,,,,,,,F,best_matching_weekday
ERCOT_demand_EAST,Labor Day,Labor Day,2020-09-07,H2,Monday,1,Weekday,Autumn,relative_weekday_rule,False,False,,,,,,,I,best_matching_weekday
ERCOT_demand_EAST,Veterans Day,Veterans Day,2020-11-11,H2,Wednesday,1,Weekday,Autumn,fixed_date,True,False,,,,,,,I,best_matching_weekday
ERCOT_demand_EAST,Thanksgiving Day,Thanksgiving Day,2020-11-26,H1,Thursday,1,Weekday,Autumn,relative_weekday_rule,False,False,Friday,A,0.0,unclear,D,1.0,F,best_matching_weekday
ERCOT_demand_EAST,Day after Thanksgiving,Day after Thanksgiving,2020-11-27,H2,Friday,1,Weekday,Autumn,relative_to_holiday_rule,False,False,,,,,,,L,best_matching_weekday
ERCOT_demand_EAST,Post-holiday recovery,Day after Thanksgiving,2020-11-28,H4,Saturday,2,Saturday,Autumn,derived_recovery_day,False,False,,,,,,,L,best_matching_weekday
ERCOT_demand_EAST,Christmas Eve,Christmas Eve,2020-12-24,H1,Thursday,1,Weekday,Winter,fixed_date,True,False,,,,,,,H,best_matching_weekday
ERCOT_demand_EAST,Christmas Day,Christmas Day,2020-12-25,H2,Friday,1,Weekday,Winter,fixed_date,True,False,Tuesday,A,0.0,unclear,C,0.0,K,best_matching_weekday
ERCOT_demand_EAST,Post-holiday recovery,Christmas Day,2020-12-26,H4,Saturday,2,Saturday,Winter,derived_recovery_day,False,False,,,,,,,K,best_matching_weekday
ERCOT_demand_EAST,New Year's Day,New Year's Day,2022-01-01,H2,Saturday,2,Saturday,Winter,fixed_date,True,False,Saturday,B,1.0,Tuesday-like,,,H,best_matching_weekday
ERCOT_demand_EAST,Martin Luther King Jr. Day,Martin Luther King Jr. Day,2022-01-17,H2,Monday,1,Weekday,Winter,relative_weekday_rule,False,False,Sunday,A,0.0,unclear,C,0.0,I,best_matching_weekday
ERCOT_demand_EAST,Presidents' Day,Presidents' Day,2022-02-21,H2,Monday,1,Weekday,Winter,relative_weekday_rule,False,False,,,,,,,F,best_matching_weekday
ERCOT_demand_EAST,Texas Independence Day,Texas Independence Day,2022-03-02,H2,Wednesday,1,Weekday,Spring,fixed_date,True,False,Wednesday,A,0.0,unclear,D,1.0,L,best_matching_weekday
ERCOT_demand_EAST,San Jacinto Day,San Jacinto Day,2022-04-21,H2,Thursday,1,Weekday,Spring,fixed_date,True,False,,,,,,,G,best_matching_weekday
ERCOT_demand_EAST,Memorial Day,Memorial Day,2022-05-30,H2,Monday,1,Weekday,Spring,relative_weekday_rule,False,False,,,,,,,I,best_matching_weekday
ERCOT_demand_EAST,Juneteenth National Independence Day,Juneteenth National Independence Day,2022-06-19,H2,Sunday,3,Sunday,Summer,fixed_date,True,False,,,,,,,J,best_matching_weekday
ERCOT_demand_EAST,Independence Day,Independence Day,2022-07-04,H2,Monday,1,Weekday,Summer,fixed_date,True,False,Saturday,B,1.0,Tuesday-like,E,2.0,H,best_matching_weekday
ERCOT_demand_EAST,Lyndon B. Johnson Day,Lyndon B. Johnson Day,2022-08-27,H2,Saturday,2,Saturday,Summer,fixed_date,True,False,,,,,,,F,best_matching_weekday
ERCOT_demand_EAST,Labor Day,Labor Day,2022-09-05,H2,Monday,1,Weekday,Autumn,relative_weekday_rule,False,False,,,,,,,I,best_matching_weekday
ERCOT_demand_EAST,Veterans Day,Veterans Day,2022-11-11,H2,Friday,1,Weekday,Autumn,fixed_date,True,False,,,,,,,I,best_matching_weekday
ERCOT_demand_EAST,Thanksgiving Day,Thanksgiving Day,2022-11-24,H1,Thursday,1,Weekday,Autumn,relative_weekday_rule,False,False,Saturday,B,1.0,Tuesday-like,D,1.0,H,best_matching_weekday
ERCOT_demand_EAST,Day after Thanksgiving,Day after Thanksgiving,2022-11-25,H2,Friday,1,Weekday,Autumn,relative_to_holiday_rule,False,False,,,,,,,L,best_matching_weekday
ERCOT_demand_EAST,Post-holiday recovery,Day after Thanksgiving,2022-11-26,H4,Saturday,2,Saturday,Autumn,derived_recovery_day,False,False,,,,,,,L,best_matching_weekday
ERCOT_demand_EAST,Christmas Eve,Christmas Eve,2022-12-24,H1,Saturday,2,Saturday,Winter,fixed_date,True,False,Tuesday,A,0.0,unclear,E,2.0,K,best_matching_weekday
ERCOT_demand_EAST,Christmas Day,Christmas Day,2022-12-25,H2,Sunday,3,Sunday,Winter,fixed_date,True,False,Tuesday,A,0.0,unclear,E,2.0,K,best_matching_weekday
ERCOT_demand_EAST,Post-holiday recovery,Christmas Day,2022-12-26,H4,Monday,1,Weekday,Winter,derived_recovery_day,False,False,Tuesday,A,0.0,unclear,,,K,best_matching_weekday
ERCOT_demand_EAST,New Year's Day,New Year's Day,2023-01-01,H2,Sunday,3,Sunday,Winter,fixed_date,True,False,Saturday,B,1.0,Tuesday-like,D,1.0,H,best_matching_weekday
ERCOT_demand_EAST,Martin Luther King Jr. Day,Martin Luther King Jr. Day,2023-01-16,H2,Monday,1,Weekday,Winter,relative_weekday_rule,False,False,Tuesday,B,1.0,Tuesday-like,D,1.0,K,best_matching_weekday
ERCOT_demand_EAST,Presidents' Day,Presidents' Day,2023-02-20,H2,Monday,1,Weekday,Winter,relative_weekday_rule,False,False,Wednesday,B,1.0,Tuesday-like,D,1.0,L,best_matching_weekday
ERCOT_demand_EAST,Texas Independence Day,Texas Independence Day,2023-03-02,H2,Thursday,1,Weekday,Spring,fixed_date,True,False,,,,,,,L,best_matching_weekday
ERCOT_demand_EAST,San Jacinto Day,San Jacinto Day,2023-04-21,H2,Friday,1,Weekday,Spring,fixed_date,True,False,,,,,,,G,best_matching_weekday
ERCOT_demand_EAST,Memorial Day,Memorial Day,2023-05-29,H2,Monday,1,Weekday,Spring,relative_weekday_rule,False,False,,,,,,,I,best_matching_weekday
ERCOT_demand_EAST,Juneteenth National Independence Day,Juneteenth National Independence Day,2023-06-19,H2,Monday,1,Weekday,Summer,fixed_date,True,False,,,,,,,J,best_matching_weekday
ERCOT_demand_EAST,Independence Day,Independence Day,2023-07-04,H2,Tuesday,1,Weekday,Summer,fixed_date,True,False,Saturday,B,1.0,Tuesday-like,E,2.0,H,best_matching_weekday
ERCOT_demand_EAST,Lyndon B. Johnson Day,Lyndon B. Johnson Day,2023-08-27,H2,Sunday,3,Sunday,Summer,fixed_date,True,False,Friday,B,1.0,Tuesday-like,E,2.0,F,best_matching_weekday
ERCOT_demand_EAST,Labor Day,Labor Day,2023-09-04,H2,Monday,1,Weekday,Autumn,relative_weekday_rule,False,False,Sunday,B,1.0,Tuesday-like,E,2.0,I,best_matching_weekday
ERCOT_demand_EAST,Veterans Day,Veterans Day,2023-11-11,H2,Saturday,2,Saturday,Autumn,fixed_date,True,False,,,,,,,I,best_matching_weekday
ERCOT_demand_EAST,Thanksgiving Day,Thanksgiving Day,2023-11-23,H1,Thursday,1,Weekday,Autumn,relative_weekday_rule,False,False,Monday,A,0.0,unclear,C,0.0,G,best_matching_weekday
ERCOT_demand_EAST,Day after Thanksgiving,Day after Thanksgiving,2023-11-24,H2,Friday,1,Weekday,Autumn,relative_to_holiday_rule,False,False,Wednesday,A,0.0,unclear,D,1.0,L,best_matching_weekday
ERCOT_demand_EAST,Post-holiday recovery,Day after Thanksgiving,2023-11-25,H4,Saturday,2,Saturday,Autumn,derived_recovery_day,False,False,,,,,,,L,best_matching_weekday
ERCOT_demand_EAST,Christmas Eve,Christmas Eve,2023-12-24,H1,Sunday,3,Sunday,Winter,fixed_date,True,False,Saturday,B,1.0,Tuesday-like,D,1.0,H,best_matching_weekday
ERCOT_demand_EAST,Christmas Day,Christmas Day,2023-12-25,H2,Monday,1,Weekday,Winter,fixed_date,True,False,,,,,,,K,best_matching_weekday
ERCOT_demand_EAST,Post-holiday recovery,Christmas Day,2023-12-26,H4,Tuesday,1,Weekday,Winter,derived_recovery_day,False,False,,,,,,,K,best_matching_weekday
ERCOT_demand_EAST,New Year's Day,New Year's Day,2024-01-01,H2,Monday,1,Weekday,Winter,fixed_date,True,False,,,,,,,H,best_matching_weekday
ERCOT_demand_EAST,Martin Luther King Jr. Day,Martin Luther King Jr. Day,2024-01-15,H2,Monday,1,Weekday,Winter,relative_weekday_rule,False,False,Saturday,B,1.0,Tuesday-like,E,2.0,H,best_matching_weekday
ERCOT_demand_EAST,Presidents' Day,Presidents' Day,2024-02-19,H2,Monday,1,Weekday,Winter,relative_weekday_rule,False,False,Friday,A,0.0,unclear,C,0.0,F,best_matching_weekday
ERCOT_demand_EAST,Texas Independence Day,Texas Independence Day,2024-03-02,H2,Saturday,2,Saturday,Spring,fixed_date,True,False,Wednesday,B,1.0,Tuesday-like,D,1.0,L,best_matching_weekday
ERCOT_demand_EAST,San Jacinto Day,San Jacinto Day,2024-04-21,H2,Sunday,3,Sunday,Spring,fixed_date,True,False,Monday,B,1.0,Tuesday-like,D,1.0,G,best_matching_weekday
ERCOT_demand_EAST,Memorial Day,Memorial Day,2024-05-27,H2,Monday,1,Weekday,Spring,relative_weekday_rule,False,False,Saturday,B,1.0,Tuesday-like,E,2.0,H,best_matching_weekday
ERCOT_demand_EAST,Juneteenth National Independence Day,Juneteenth National Independence Day,2024-06-19,H2,Wednesday,1,Weekday,Summer,fixed_date,True,False,,,,,,,J,best_matching_weekday
ERCOT_demand_EAST,Independence Day,Independence Day,2024-07-04,H2,Thursday,1,Weekday,Summer,fixed_date,True,False,,,,,,,H,best_matching_weekday
ERCOT_demand_EAST,Lyndon B. Johnson Day,Lyndon B. Johnson Day,2024-08-27,H2,Tuesday,1,Weekday,Summer,fixed_date,True,False,Friday,B,1.0,Tuesday-like,E,2.0,F,best_matching_weekday
ERCOT_demand_EAST,Labor Day,Labor Day,2024-09-02,H2,Monday,1,Weekday,Autumn,relative_weekday_rule,False,False,,,,,,,I,best_matching_weekday
ERCOT_demand_EAST,Veterans Day,Veterans Day,2024-11-11,H2,Monday,1,Weekday,Autumn,fixed_date,True,False,Thursday,B,1.0,Tuesday-like,C,0.0,J,best_matching_weekday
ERCOT_demand_EAST,Thanksgiving Day,Thanksgiving Day,2024-11-28,H1,Thursday,1,Weekday,Autumn,relative_weekday_rule,False,False,,,,,,,G,best_matching_weekday
ERCOT_demand_EAST,Day after Thanksgiving,Day after Thanksgiving,2024-11-29,H2,Friday,1,Weekday,Autumn,relative_to_holiday_rule,False,False,Wednesday,A,0.0,unclear,D,1.0,L,best_matching_weekday
ERCOT_demand_EAST,Post-holiday recovery,Day after Thanksgiving,2024-11-30,H4,Saturday,2,Saturday,Autumn,derived_recovery_day,False,False,,,,,,,L,best_matching_weekday
ERCOT_demand_EAST,Christmas Eve,Christmas Eve,2024-12-24,H1,Tuesday,1,Weekday,Winter,fixed_date,True,False,Saturday,B,1.0,Tuesday-like,D,1.0,H,best_matching_weekday
ERCOT_demand_EAST,Christmas Day,Christmas Day,2024-12-25,H2,Wednesday,1,Weekday,Winter,fixed_date,True,False,Saturday,B,1.0,Tuesday-like,D,1.0,H,best_matching_weekday
ERCOT_demand_EAST,Post-holiday recovery,Christmas Day,2024-12-26,H4,Thursday,1,Weekday,Winter,derived_recovery_day,False,False,,,,,,,K,best_matching_weekday
ERCOT_demand_EAST,New Year's Day,New Year's Day,2025-01-01,H2,Wednesday,1,Weekday,Winter,fixed_date,True,False,,,,,,,H,best_matching_weekday
ERCOT_demand_EAST,Martin Luther King Jr. Day,Martin Luther King Jr. Day,2025-01-20,H2,Monday,1,Weekday,Winter,relative_weekday_rule,False,False,,,,,,,I,best_matching_weekday
ERCOT_demand_EAST,Presidents' Day,Presidents' Day,2025-02-17,H2,Monday,1,Weekday,Winter,relative_weekday_rule,False,False,Friday,A,0.0,unclear,E,2.0,F,best_matching_weekday
ERCOT_demand_EAST,Texas Independence Day,Texas Independence Day,2025-03-02,H2,Sunday,3,Sunday,Spring,fixed_date,True,False,,,,,,,L,best_matching_weekday
ERCOT_demand_EAST,San Jacinto Day,San Jacinto Day,2025-04-21,H2,Monday,1,Weekday,Spring,fixed_date,True,False,Sunday,B,1.0,Tuesday-like,C,0.0,I,best_matching_weekday
ERCOT_demand_EAST,Memorial Day,Memorial Day,2025-05-26,H2,Monday,1,Weekday,Spring,relative_weekday_rule,False,False,Sunday,B,1.0,Tuesday-like,C,0.0,I,best_matching_weekday
ERCOT_demand_EAST,Juneteenth National Independence Day,Juneteenth National Independence Day,2025-06-19,H2,Thursday,1,Weekday,Summer,fixed_date,True,False,,,,,,,J,best_matching_weekday
ERCOT_demand_EAST,Independence Day,Independence Day,2025-07-04,H2,Friday,1,Weekday,Summer,fixed_date,True,False,Friday,B,1.0,Tuesday-like,E,2.0,F,best_matching_weekday
ERCOT_demand_EAST,Lyndon B. Johnson Day,Lyndon B. Johnson Day,2025-08-27,H2,Wednesday,1,Weekday,Summer,fixed_date,True,False,,,,,,,F,best_matching_weekday
ERCOT_demand_EAST,Labor Day,Labor Day,2025-09-01,H2,Monday,1,Weekday,Autumn,relative_weekday_rule,False,False,,,,,,,I,best_matching_weekday
ERCOT_demand_EAST,Veterans Day,Veterans Day,2025-11-11,H2,Tuesday,1,Weekday,Autumn,fixed_date,True,False,Wednesday,A,0.0,unclear,C,0.0,L,best_matching_weekday
ERCOT_demand_EAST,Thanksgiving Day,Thanksgiving Day,2025-11-27,H1,Thursday,1,Weekday,Autumn,relative_weekday_rule,False,False,Saturday,A,0.0,unclear,D,1.0,H,best_matching_weekday
ERCOT_demand_EAST,Day after Thanksgiving,Day after Thanksgiving,2025-11-28,H2,Friday,1,Weekday,Autumn,relative_to_holiday_rule,False,False,,,,,,,L,best_matching_weekday
ERCOT_demand_EAST,Post-holiday recovery,Day after Thanksgiving,2025-11-29,H4,Saturday,2,Saturday,Autumn,derived_recovery_day,False,False,,,,,,,L,best_matching_weekday
ERCOT_demand_EAST,Christmas Eve,Christmas Eve,2025-12-24,H1,Wednesday,1,Weekday,Winter,fixed_date,True,False,Saturday,B,1.0,Tuesday-like,C,0.0,H,best_matching_weekday
ERCOT_demand_EAST,Christmas Day,Christmas Day,2025-12-25,H2,Thursday,1,Weekday,Winter,fixed_date,True,False,Saturday,B,1.0,Tuesday-like,D,1.0,H,best_matching_weekday
ERCOT_demand_EAST,Post-holiday recovery,Christmas Day,2025-12-26,H4,Friday,1,Weekday,Winter,derived_recovery_day,False,False,,,,,,,K,best_matching_weekday
ERCOT_demand_EAST,New Year's Day,New Year's Day,2026-01-01,H2,Thursday,1,Weekday,Winter,fixed_date,True,False,,,,,,,H,best_matching_weekday
ERCOT_demand_EAST,Martin Luther King Jr. Day,Martin Luther King Jr. Day,2026-01-19,H2,Monday,1,Weekday,Winter,relative_weekday_rule,False,False,Sunday,A,0.0,unclear,E,2.0,I,best_matching_weekday
ERCOT_demand_EAST,Presidents' Day,Presidents' Day,2026-02-16,H2,Monday,1,Weekday,Winter,relative_weekday_rule,False,False,,,,,,,F,best_matching_weekday
ERCOT_demand_EAST,Texas Independence Day,Texas Independence Day,2026-03-02,H2,Monday,1,Weekday,Spring,fixed_date,True,False,,,,,,,L,best_matching_weekday
ERCOT_demand_ERCOT,Martin Luther King Jr. Day,Martin Luther King Jr. Day,2016-01-18,H2,Monday,1,Weekday,Winter,relative_weekday_rule,False,False,,,,,,,F,best_matching_weekday
ERCOT_demand_ERCOT,Presidents' Day,Presidents' Day,2016-02-15,H2,Monday,1,Weekday,Winter,relative_weekday_rule,False,False,,,,,,,F,best_matching_weekday
ERCOT_demand_ERCOT,Texas Independence Day,Texas Independence Day,2016-03-02,H2,Wednesday,1,Weekday,Spring,fixed_date,True,False,,,,,,,L,best_matching_weekday
ERCOT_demand_ERCOT,San Jacinto Day,San Jacinto Day,2016-04-21,H2,Thursday,1,Weekday,Spring,fixed_date,True,False,,,,,,,H,best_matching_weekday
ERCOT_demand_ERCOT,Memorial Day,Memorial Day,2016-05-30,H2,Monday,1,Weekday,Spring,relative_weekday_rule,False,False,Sunday,B,1.0,unclear,E,2.0,I,best_matching_weekday
ERCOT_demand_ERCOT,Juneteenth National Independence Day,Juneteenth National Independence Day,2016-06-19,H2,Sunday,3,Sunday,Summer,fixed_date,True,False,,,,,,,F,best_matching_weekday
ERCOT_demand_ERCOT,Independence Day,Independence Day,2016-07-04,H2,Monday,1,Weekday,Summer,fixed_date,True,False,Sunday,B,1.0,unclear,D,1.0,I,best_matching_weekday
ERCOT_demand_ERCOT,Lyndon B. Johnson Day,Lyndon B. Johnson Day,2016-08-27,H2,Saturday,2,Saturday,Summer,fixed_date,True,False,,,,,,,F,best_matching_weekday
ERCOT_demand_ERCOT,Labor Day,Labor Day,2016-09-05,H2,Monday,1,Weekday,Autumn,relative_weekday_rule,False,False,,,,,,,H,best_matching_weekday
ERCOT_demand_ERCOT,Veterans Day,Veterans Day,2016-11-11,H2,Friday,1,Weekday,Autumn,fixed_date,True,False,,,,,,,I,best_matching_weekday
ERCOT_demand_ERCOT,Thanksgiving Day,Thanksgiving Day,2016-11-24,H1,Thursday,1,Weekday,Autumn,relative_weekday_rule,False,False,,,,,,,F,best_matching_weekday
ERCOT_demand_ERCOT,Day after Thanksgiving,Day after Thanksgiving,2016-11-25,H2,Friday,1,Weekday,Autumn,relative_to_holiday_rule,False,False,,,,,,,L,best_matching_weekday
ERCOT_demand_ERCOT,Post-holiday recovery,Day after Thanksgiving,2016-11-26,H4,Saturday,2,Saturday,Autumn,derived_recovery_day,False,False,,,,,,,L,best_matching_weekday
ERCOT_demand_ERCOT,Christmas Eve,Christmas Eve,2016-12-24,H1,Saturday,2,Saturday,Winter,fixed_date,True,False,,,,,,,K,best_matching_weekday
ERCOT_demand_ERCOT,Christmas Day,Christmas Day,2016-12-25,H2,Sunday,3,Sunday,Winter,fixed_date,True,False,,,,,,,K,best_matching_weekday
ERCOT_demand_ERCOT,Post-holiday recovery,Christmas Day,2016-12-26,H4,Monday,1,Weekday,Winter,derived_recovery_day,False,False,,,,,,,K,best_matching_weekday
ERCOT_demand_ERCOT,New Year's Day,New Year's Day,2017-01-01,H2,Sunday,3,Sunday,Winter,fixed_date,True,False,Sunday,B,1.0,unclear,E,2.0,I,best_matching_weekday
ERCOT_demand_ERCOT,Martin Luther King Jr. Day,Martin Luther King Jr. Day,2017-01-16,H2,Monday,1,Weekday,Winter,relative_weekday_rule,False,False,Tuesday,B,1.0,unclear,E,2.0,K,best_matching_weekday
ERCOT_demand_ERCOT,Presidents' Day,Presidents' Day,2017-02-20,H2,Monday,1,Weekday,Winter,relative_weekday_rule,False,False,,,,,,,F,best_matching_weekday
ERCOT_demand_ERCOT,Texas Independence Day,Texas Independence Day,2017-03-02,H2,Thursday,1,Weekday,Spring,fixed_date,True,False,Wednesday,B,1.0,unclear,E,2.0,L,best_matching_weekday
ERCOT_demand_ERCOT,San Jacinto Day,San Jacinto Day,2017-04-21,H2,Friday,1,Weekday,Spring,fixed_date,True,False,,,,,,,H,best_matching_weekday
ERCOT_demand_ERCOT,Memorial Day,Memorial Day,2017-05-29,H2,Monday,1,Weekday,Spring,relative_weekday_rule,False,False,Sunday,B,1.0,unclear,E,2.0,I,best_matching_weekday
ERCOT_demand_ERCOT,Juneteenth National Independence Day,Juneteenth National Independence Day,2017-06-19,H2,Monday,1,Weekday,Summer,fixed_date,True,False,,,,,,,F,best_matching_weekday
ERCOT_demand_ERCOT,Independence Day,Independence Day,2017-07-04,H2,Tuesday,1,Weekday,Summer,fixed_date,True,False,Sunday,B,1.0,unclear,D,1.0,I,best_matching_weekday
ERCOT_demand_ERCOT,Lyndon B. Johnson Day,Lyndon B. Johnson Day,2017-08-27,H2,Sunday,3,Sunday,Summer,fixed_date,True,False,Sunday,B,1.0,unclear,E,2.0,I,best_matching_weekday
ERCOT_demand_ERCOT,Labor Day,Labor Day,2017-09-04,H2,Monday,1,Weekday,Autumn,relative_weekday_rule,False,False,,,,,,,H,best_matching_weekday
ERCOT_demand_ERCOT,Veterans Day,Veterans Day,2017-11-11,H2,Saturday,2,Saturday,Autumn,fixed_date,True,False,,,,,,,I,best_matching_weekday
ERCOT_demand_ERCOT,Thanksgiving Day,Thanksgiving Day,2017-11-23,H1,Thursday,1,Weekday,Autumn,relative_weekday_rule,False,False,Friday,A,0.0,unclear,E,2.0,F,best_matching_weekday
ERCOT_demand_ERCOT,Day after Thanksgiving,Day after Thanksgiving,2017-11-24,H2,Friday,1,Weekday,Autumn,relative_to_holiday_rule,False,False,,,,,,,L,best_matching_weekday
ERCOT_demand_ERCOT,Post-holiday recovery,Day after Thanksgiving,2017-11-25,H4,Saturday,2,Saturday,Autumn,derived_recovery_day,False,False,,,,,,,L,best_matching_weekday
ERCOT_demand_ERCOT,Christmas Eve,Christmas Eve,2017-12-24,H1,Sunday,3,Sunday,Winter,fixed_date,True,False,,,,,,,K,best_matching_weekday
ERCOT_demand_ERCOT,Christmas Day,Christmas Day,2017-12-25,H2,Monday,1,Weekday,Winter,fixed_date,True,False,Tuesday,A,0.0,unclear,E,2.0,K,best_matching_weekday
ERCOT_demand_ERCOT,Post-holiday recovery,Christmas Day,2017-12-26,H4,Tuesday,1,Weekday,Winter,derived_recovery_day,False,False,,,,,,,K,best_matching_weekday
ERCOT_demand_ERCOT,New Year's Day,New Year's Day,2018-01-01,H2,Monday,1,Weekday,Winter,fixed_date,True,False,,,,,,,I,best_matching_weekday
ERCOT_demand_ERCOT,Martin Luther King Jr. Day,Martin Luther King Jr. Day,2018-01-15,H2,Monday,1,Weekday,Winter,relative_weekday_rule,False,False,,,,,,,F,best_matching_weekday
ERCOT_demand_ERCOT,Presidents' Day,Presidents' Day,2018-02-19,H2,Monday,1,Weekday,Winter,relative_weekday_rule,False,False,Tuesday,B,1.0,unclear,E,2.0,K,best_matching_weekday
ERCOT_demand_ERCOT,Texas Independence Day,Texas Independence Day,2018-03-02,H2,Friday,1,Weekday,Spring,fixed_date,True,False,Friday,B,1.0,unclear,E,2.0,F,best_matching_weekday
ERCOT_demand_ERCOT,San Jacinto Day,San Jacinto Day,2018-04-21,H2,Saturday,2,Saturday,Spring,fixed_date,True,False,,,,,,,H,best_matching_weekday
ERCOT_demand_ERCOT,Memorial Day,Memorial Day,2018-05-28,H2,Monday,1,Weekday,Spring,relative_weekday_rule,False,False,Saturday,B,1.0,unclear,D,1.0,H,best_matching_weekday
ERCOT_demand_ERCOT,Juneteenth National Independence Day,Juneteenth National Independence Day,2018-06-19,H2,Tuesday,1,Weekday,Summer,fixed_date,True,False,Monday,B,1.0,unclear,D,1.0,G,best_matching_weekday
ERCOT_demand_ERCOT,Independence Day,Independence Day,2018-07-04,H2,Wednesday,1,Weekday,Summer,fixed_date,True,False,Saturday,B,1.0,unclear,D,1.0,H,best_matching_weekday
ERCOT_demand_ERCOT,Lyndon B. Johnson Day,Lyndon B. Johnson Day,2018-08-27,H2,Monday,1,Weekday,Summer,fixed_date,True,False,,,,,,,F,best_matching_weekday
ERCOT_demand_ERCOT,Labor Day,Labor Day,2018-09-03,H2,Monday,1,Weekday,Autumn,relative_weekday_rule,False,False,Saturday,B,1.0,unclear,D,1.0,H,best_matching_weekday
ERCOT_demand_ERCOT,Veterans Day,Veterans Day,2018-11-11,H2,Sunday,3,Sunday,Autumn,fixed_date,True,False,,,,,,,I,best_matching_weekday
ERCOT_demand_ERCOT,Thanksgiving Day,Thanksgiving Day,2018-11-22,H1,Thursday,1,Weekday,Autumn,relative_weekday_rule,False,False,Friday,A,0.0,unclear,E,2.0,F,best_matching_weekday
ERCOT_demand_ERCOT,Day after Thanksgiving,Day after Thanksgiving,2018-11-23,H2,Friday,1,Weekday,Autumn,relative_to_holiday_rule,False,False,,,,,,,L,best_matching_weekday
ERCOT_demand_ERCOT,Post-holiday recovery,Day after Thanksgiving,2018-11-24,H4,Saturday,2,Saturday,Autumn,derived_recovery_day,False,False,,,,,,,L,best_matching_weekday
ERCOT_demand_ERCOT,Christmas Eve,Christmas Eve,2018-12-24,H1,Monday,1,Weekday,Winter,fixed_date,True,False,Tuesday,A,0.0,unclear,E,2.0,K,best_matching_weekday
ERCOT_demand_ERCOT,Christmas Day,Christmas Day,2018-12-25,H2,Tuesday,1,Weekday,Winter,fixed_date,True,False,Saturday,B,1.0,unclear,E,2.0,H,best_matching_weekday
ERCOT_demand_ERCOT,Post-holiday recovery,Christmas Day,2018-12-26,H4,Wednesday,1,Weekday,Winter,derived_recovery_day,False,False,,,,,,,K,best_matching_weekday
ERCOT_demand_ERCOT,New Year's Day,New Year's Day,2019-01-01,H2,Tuesday,1,Weekday,Winter,fixed_date,True,False,Sunday,B,1.0,unclear,E,2.0,I,best_matching_weekday
ERCOT_demand_ERCOT,Martin Luther King Jr. Day,Martin Luther King Jr. Day,2019-01-21,H2,Monday,1,Weekday,Winter,relative_weekday_rule,False,False,Friday,A,0.0,unclear,E,2.0,F,best_matching_weekday
ERCOT_demand_ERCOT,Presidents' Day,Presidents' Day,2019-02-18,H2,Monday,1,Weekday,Winter,relative_weekday_rule,False,False,,,,,,,F,best_matching_weekday
ERCOT_demand_ERCOT,Texas Independence Day,Texas Independence Day,2019-03-02,H2,Saturday,2,Saturday,Spring,fixed_date,True,False,Monday,B,1.0,unclear,E,2.0,G,best_matching_weekday
ERCOT_demand_ERCOT,San Jacinto Day,San Jacinto Day,2019-04-21,H2,Sunday,3,Sunday,Spring,fixed_date,True,False,,,,,,,H,best_matching_weekday
ERCOT_demand_ERCOT,Memorial Day,Memorial Day,2019-05-27,H2,Monday,1,Weekday,Spring,relative_weekday_rule,False,False,,,,,,,H,best_matching_weekday
ERCOT_demand_ERCOT,Juneteenth National Independence Day,Juneteenth National Independence Day,2019-06-19,H2,Wednesday,1,Weekday,Summer,fixed_date,True,False,,,,,,,F,best_matching_weekday
ERCOT_demand_ERCOT,Independence Day,Independence Day,2019-07-04,H2,Thursday,1,Weekday,Summer,fixed_date,True,False,,,,,,,H,best_matching_weekday
ERCOT_demand_ERCOT,Lyndon B. Johnson Day,Lyndon B. Johnson Day,2019-08-27,H2,Tuesday,1,Weekday,Summer,fixed_date,True,False,Friday,B,1.0,unclear,C,0.0,F,best_matching_weekday
ERCOT_demand_ERCOT,Labor Day,Labor Day,2019-09-02,H2,Monday,1,Weekday,Autumn,relative_weekday_rule,False,False,,,,,,,H,best_matching_weekday
ERCOT_demand_ERCOT,Veterans Day,Veterans Day,2019-11-11,H2,Monday,1,Weekday,Autumn,fixed_date,True,False,Sunday,B,1.0,unclear,E,2.0,I,best_matching_weekday
ERCOT_demand_ERCOT,Thanksgiving Day,Thanksgiving Day,2019-11-28,H1,Thursday,1,Weekday,Autumn,relative_weekday_rule,False,False,,,,,,,F,best_matching_weekday
ERCOT_demand_ERCOT,Day after Thanksgiving,Day after Thanksgiving,2019-11-29,H2,Friday,1,Weekday,Autumn,relative_to_holiday_rule,False,False,,,,,,,L,best_matching_weekday
ERCOT_demand_ERCOT,Post-holiday recovery,Day after Thanksgiving,2019-11-30,H4,Saturday,2,Saturday,Autumn,derived_recovery_day,False,False,,,,,,,L,best_matching_weekday
ERCOT_demand_ERCOT,Christmas Eve,Christmas Eve,2019-12-24,H1,Tuesday,1,Weekday,Winter,fixed_date,True,False,Tuesday,A,0.0,unclear,E,2.0,K,best_matching_weekday
ERCOT_demand_ERCOT,Christmas Day,Christmas Day,2019-12-25,H2,Wednesday,1,Weekday,Winter,fixed_date,True,False,,,,,,,K,best_matching_weekday
ERCOT_demand_ERCOT,Post-holiday recovery,Christmas Day,2019-12-26,H4,Thursday,1,Weekday,Winter,derived_recovery_day,False,False,,,,,,,K,best_matching_weekday
ERCOT_demand_ERCOT,New Year's Day,New Year's Day,2020-01-01,H2,Wednesday,1,Weekday,Winter,fixed_date,True,False,Sunday,B,1.0,unclear,E,2.0,I,best_matching_weekday
ERCOT_demand_ERCOT,Martin Luther King Jr. Day,Martin Luther King Jr. Day,2020-01-20,H2,Monday,1,Weekday,Winter,relative_weekday_rule,False,False,,,,,,,F,best_matching_weekday
ERCOT_demand_ERCOT,Presidents' Day,Presidents' Day,2020-02-17,H2,Monday,1,Weekday,Winter,relative_weekday_rule,False,False,,,,,,,F,best_matching_weekday
ERCOT_demand_ERCOT,Texas Independence Day,Texas Independence Day,2020-03-02,H2,Monday,1,Weekday,Spring,fixed_date,True,False,,,,,,,L,best_matching_weekday
ERCOT_demand_ERCOT,San Jacinto Day,San Jacinto Day,2020-04-21,H2,Tuesday,1,Weekday,Spring,fixed_date,True,False,Saturday,B,1.0,unclear,E,2.0,H,best_matching_weekday
ERCOT_demand_ERCOT,Memorial Day,Memorial Day,2020-05-25,H2,Monday,1,Weekday,Spring,relative_weekday_rule,False,False,Sunday,B,1.0,unclear,E,2.0,I,best_matching_weekday
ERCOT_demand_ERCOT,Juneteenth National Independence Day,Juneteenth National Independence Day,2020-06-19,H2,Friday,1,Weekday,Summer,fixed_date,True,False,Friday,B,1.0,unclear,D,1.0,F,best_matching_weekday
ERCOT_demand_ERCOT,Independence Day,Independence Day,2020-07-04,H2,Saturday,2,Saturday,Summer,fixed_date,True,False,,,,,,,H,best_matching_weekday
ERCOT_demand_ERCOT,Lyndon B. Johnson Day,Lyndon B. Johnson Day,2020-08-27,H2,Thursday,1,Weekday,Summer,fixed_date,True,False,,,,,,,F,best_matching_weekday
ERCOT_demand_ERCOT,Labor Day,Labor Day,2020-09-07,H2,Monday,1,Weekday,Autumn,relative_weekday_rule,False,False,Saturday,B,1.0,unclear,D,1.0,H,best_matching_weekday
ERCOT_demand_ERCOT,Veterans Day,Veterans Day,2020-11-11,H2,Wednesday,1,Weekday,Autumn,fixed_date,True,False,,,,,,,I,best_matching_weekday
ERCOT_demand_ERCOT,Thanksgiving Day,Thanksgiving Day,2020-11-26,H1,Thursday,1,Weekday,Autumn,relative_weekday_rule,False,False,,,,,,,F,best_matching_weekday
ERCOT_demand_ERCOT,Day after Thanksgiving,Day after Thanksgiving,2020-11-27,H2,Friday,1,Weekday,Autumn,relative_to_holiday_rule,False,False,,,,,,,L,best_matching_weekday
ERCOT_demand_ERCOT,Post-holiday recovery,Day after Thanksgiving,2020-11-28,H4,Saturday,2,Saturday,Autumn,derived_recovery_day,False,False,,,,,,,L,best_matching_weekday
ERCOT_demand_ERCOT,Christmas Eve,Christmas Eve,2020-12-24,H1,Thursday,1,Weekday,Winter,fixed_date,True,False,Tuesday,A,0.0,unclear,E,2.0,K,best_matching_weekday
ERCOT_demand_ERCOT,Christmas Day,Christmas Day,2020-12-25,H2,Friday,1,Weekday,Winter,fixed_date,True,False,Tuesday,A,0.0,unclear,E,2.0,K,best_matching_weekday
ERCOT_demand_ERCOT,Post-holiday recovery,Christmas Day,2020-12-26,H4,Saturday,2,Saturday,Winter,derived_recovery_day,False,False,,,,,,,K,best_matching_weekday
ERCOT_demand_ERCOT,New Year's Day,New Year's Day,2022-01-01,H2,Saturday,2,Saturday,Winter,fixed_date,True,False,Sunday,B,1.0,unclear,,,I,best_matching_weekday
ERCOT_demand_ERCOT,Martin Luther King Jr. Day,Martin Luther King Jr. Day,2022-01-17,H2,Monday,1,Weekday,Winter,relative_weekday_rule,False,False,Friday,A,0.0,unclear,D,1.0,F,best_matching_weekday
ERCOT_demand_ERCOT,Presidents' Day,Presidents' Day,2022-02-21,H2,Monday,1,Weekday,Winter,relative_weekday_rule,False,False,,,,,,,F,best_matching_weekday
ERCOT_demand_ERCOT,Texas Independence Day,Texas Independence Day,2022-03-02,H2,Wednesday,1,Weekday,Spring,fixed_date,True,False,Wednesday,A,0.0,unclear,E,2.0,L,best_matching_weekday
ERCOT_demand_ERCOT,San Jacinto Day,San Jacinto Day,2022-04-21,H2,Thursday,1,Weekday,Spring,fixed_date,True,False,,,,,,,H,best_matching_weekday
ERCOT_demand_ERCOT,Memorial Day,Memorial Day,2022-05-30,H2,Monday,1,Weekday,Spring,relative_weekday_rule,False,False,Saturday,B,1.0,unclear,C,0.0,H,best_matching_weekday
ERCOT_demand_ERCOT,Juneteenth National Independence Day,Juneteenth National Independence Day,2022-06-19,H2,Sunday,3,Sunday,Summer,fixed_date,True,False,,,,,,,F,best_matching_weekday
ERCOT_demand_ERCOT,Independence Day,Independence Day,2022-07-04,H2,Monday,1,Weekday,Summer,fixed_date,True,False,Sunday,B,1.0,unclear,C,0.0,I,best_matching_weekday
ERCOT_demand_ERCOT,Lyndon B. Johnson Day,Lyndon B. Johnson Day,2022-08-27,H2,Saturday,2,Saturday,Summer,fixed_date,True,False,,,,,,,F,best_matching_weekday
ERCOT_demand_ERCOT,Labor Day,Labor Day,2022-09-05,H2,Monday,1,Weekday,Autumn,relative_weekday_rule,False,False,Sunday,B,1.0,unclear,D,1.0,I,best_matching_weekday
ERCOT_demand_ERCOT,Veterans Day,Veterans Day,2022-11-11,H2,Friday,1,Weekday,Autumn,fixed_date,True,False,,,,,,,I,best_matching_weekday
ERCOT_demand_ERCOT,Thanksgiving Day,Thanksgiving Day,2022-11-24,H1,Thursday,1,Weekday,Autumn,relative_weekday_rule,False,False,Saturday,B,1.0,unclear,E,2.0,H,best_matching_weekday
ERCOT_demand_ERCOT,Day after Thanksgiving,Day after Thanksgiving,2022-11-25,H2,Friday,1,Weekday,Autumn,relative_to_holiday_rule,False,False,,,,,,,L,best_matching_weekday
ERCOT_demand_ERCOT,Post-holiday recovery,Day after Thanksgiving,2022-11-26,H4,Saturday,2,Saturday,Autumn,derived_recovery_day,False,False,,,,,,,L,best_matching_weekday
ERCOT_demand_ERCOT,Christmas Eve,Christmas Eve,2022-12-24,H1,Saturday,2,Saturday,Winter,fixed_date,True,False,Tuesday,A,0.0,unclear,C,0.0,K,best_matching_weekday
ERCOT_demand_ERCOT,Christmas Day,Christmas Day,2022-12-25,H2,Sunday,3,Sunday,Winter,fixed_date,True,False,Tuesday,A,0.0,unclear,D,1.0,K,best_matching_weekday
ERCOT_demand_ERCOT,Post-holiday recovery,Christmas Day,2022-12-26,H4,Monday,1,Weekday,Winter,derived_recovery_day,False,False,Tuesday,A,0.0,unclear,,,K,best_matching_weekday
ERCOT_demand_ERCOT,New Year's Day,New Year's Day,2023-01-01,H2,Sunday,3,Sunday,Winter,fixed_date,True,False,Sunday,B,1.0,unclear,E,2.0,I,best_matching_weekday
ERCOT_demand_ERCOT,Martin Luther King Jr. Day,Martin Luther King Jr. Day,2023-01-16,H2,Monday,1,Weekday,Winter,relative_weekday_rule,False,False,Tuesday,B,1.0,unclear,E,2.0,K,best_matching_weekday
ERCOT_demand_ERCOT,Presidents' Day,Presidents' Day,2023-02-20,H2,Monday,1,Weekday,Winter,relative_weekday_rule,False,False,,,,,,,F,best_matching_weekday
ERCOT_demand_ERCOT,Texas Independence Day,Texas Independence Day,2023-03-02,H2,Thursday,1,Weekday,Spring,fixed_date,True,False,,,,,,,L,best_matching_weekday
ERCOT_demand_ERCOT,San Jacinto Day,San Jacinto Day,2023-04-21,H2,Friday,1,Weekday,Spring,fixed_date,True,False,,,,,,,H,best_matching_weekday
ERCOT_demand_ERCOT,Memorial Day,Memorial Day,2023-05-29,H2,Monday,1,Weekday,Spring,relative_weekday_rule,False,False,Saturday,B,1.0,unclear,D,1.0,H,best_matching_weekday
ERCOT_demand_ERCOT,Juneteenth National Independence Day,Juneteenth National Independence Day,2023-06-19,H2,Monday,1,Weekday,Summer,fixed_date,True,False,,,,,,,F,best_matching_weekday
ERCOT_demand_ERCOT,Independence Day,Independence Day,2023-07-04,H2,Tuesday,1,Weekday,Summer,fixed_date,True,False,Saturday,B,1.0,unclear,C,0.0,H,best_matching_weekday
ERCOT_demand_ERCOT,Lyndon B. Johnson Day,Lyndon B. Johnson Day,2023-08-27,H2,Sunday,3,Sunday,Summer,fixed_date,True,False,Saturday,B,1.0,unclear,C,0.0,H,best_matching_weekday
ERCOT_demand_ERCOT,Labor Day,Labor Day,2023-09-04,H2,Monday,1,Weekday,Autumn,relative_weekday_rule,False,False,Sunday,B,1.0,unclear,C,0.0,I,best_matching_weekday
ERCOT_demand_ERCOT,Veterans Day,Veterans Day,2023-11-11,H2,Saturday,2,Saturday,Autumn,fixed_date,True,False,,,,,,,I,best_matching_weekday
ERCOT_demand_ERCOT,Thanksgiving Day,Thanksgiving Day,2023-11-23,H1,Thursday,1,Weekday,Autumn,relative_weekday_rule,False,False,Friday,A,0.0,unclear,D,1.0,F,best_matching_weekday
ERCOT_demand_ERCOT,Day after Thanksgiving,Day after Thanksgiving,2023-11-24,H2,Friday,1,Weekday,Autumn,relative_to_holiday_rule,False,False,Wednesday,A,0.0,unclear,E,2.0,L,best_matching_weekday
ERCOT_demand_ERCOT,Post-holiday recovery,Day after Thanksgiving,2023-11-25,H4,Saturday,2,Saturday,Autumn,derived_recovery_day,False,False,,,,,,,L,best_matching_weekday
ERCOT_demand_ERCOT,Christmas Eve,Christmas Eve,2023-12-24,H1,Sunday,3,Sunday,Winter,fixed_date,True,False,,,,,,,K,best_matching_weekday
ERCOT_demand_ERCOT,Christmas Day,Christmas Day,2023-12-25,H2,Monday,1,Weekday,Winter,fixed_date,True,False,,,,,,,K,best_matching_weekday
ERCOT_demand_ERCOT,Post-holiday recovery,Christmas Day,2023-12-26,H4,Tuesday,1,Weekday,Winter,derived_recovery_day,False,False,,,,,,,K,best_matching_weekday
ERCOT_demand_ERCOT,New Year's Day,New Year's Day,2024-01-01,H2,Monday,1,Weekday,Winter,fixed_date,True,False,,,,,,,I,best_matching_weekday
ERCOT_demand_ERCOT,Martin Luther King Jr. Day,Martin Luther King Jr. Day,2024-01-15,H2,Monday,1,Weekday,Winter,relative_weekday_rule,False,False,,,,,,,F,best_matching_weekday
ERCOT_demand_ERCOT,Presidents' Day,Presidents' Day,2024-02-19,H2,Monday,1,Weekday,Winter,relative_weekday_rule,False,False,Friday,A,0.0,unclear,D,1.0,F,best_matching_weekday
ERCOT_demand_ERCOT,Texas Independence Day,Texas Independence Day,2024-03-02,H2,Saturday,2,Saturday,Spring,fixed_date,True,False,,,,,,,L,best_matching_weekday
ERCOT_demand_ERCOT,San Jacinto Day,San Jacinto Day,2024-04-21,H2,Sunday,3,Sunday,Spring,fixed_date,True,False,Sunday,B,1.0,unclear,E,2.0,I,best_matching_weekday
ERCOT_demand_ERCOT,Memorial Day,Memorial Day,2024-05-27,H2,Monday,1,Weekday,Spring,relative_weekday_rule,False,False,Saturday,B,1.0,unclear,C,0.0,H,best_matching_weekday
ERCOT_demand_ERCOT,Juneteenth National Independence Day,Juneteenth National Independence Day,2024-06-19,H2,Wednesday,1,Weekday,Summer,fixed_date,True,False,Saturday,B,1.0,unclear,C,0.0,H,best_matching_weekday
ERCOT_demand_ERCOT,Independence Day,Independence Day,2024-07-04,H2,Thursday,1,Weekday,Summer,fixed_date,True,False,Saturday,B,1.0,unclear,C,0.0,H,best_matching_weekday
ERCOT_demand_ERCOT,Lyndon B. Johnson Day,Lyndon B. Johnson Day,2024-08-27,H2,Tuesday,1,Weekday,Summer,fixed_date,True,False,,,,,,,F,best_matching_weekday
ERCOT_demand_ERCOT,Labor Day,Labor Day,2024-09-02,H2,Monday,1,Weekday,Autumn,relative_weekday_rule,False,False,Saturday,B,1.0,unclear,C,0.0,H,best_matching_weekday
ERCOT_demand_ERCOT,Veterans Day,Veterans Day,2024-11-11,H2,Monday,1,Weekday,Autumn,fixed_date,True,False,,,,,,,I,best_matching_weekday
ERCOT_demand_ERCOT,Thanksgiving Day,Thanksgiving Day,2024-11-28,H1,Thursday,1,Weekday,Autumn,relative_weekday_rule,False,False,Saturday,B,1.0,unclear,D,1.0,H,best_matching_weekday
ERCOT_demand_ERCOT,Day after Thanksgiving,Day after Thanksgiving,2024-11-29,H2,Friday,1,Weekday,Autumn,relative_to_holiday_rule,False,False,Wednesday,A,0.0,unclear,D,1.0,L,best_matching_weekday
ERCOT_demand_ERCOT,Post-holiday recovery,Day after Thanksgiving,2024-11-30,H4,Saturday,2,Saturday,Autumn,derived_recovery_day,False,False,,,,,,,L,best_matching_weekday
ERCOT_demand_ERCOT,Christmas Eve,Christmas Eve,2024-12-24,H1,Tuesday,1,Weekday,Winter,fixed_date,True,False,Saturday,B,1.0,unclear,D,1.0,H,best_matching_weekday
ERCOT_demand_ERCOT,Christmas Day,Christmas Day,2024-12-25,H2,Wednesday,1,Weekday,Winter,fixed_date,True,False,Saturday,B,1.0,unclear,D,1.0,H,best_matching_weekday
ERCOT_demand_ERCOT,Post-holiday recovery,Christmas Day,2024-12-26,H4,Thursday,1,Weekday,Winter,derived_recovery_day,False,False,,,,,,,K,best_matching_weekday
ERCOT_demand_ERCOT,New Year's Day,New Year's Day,2025-01-01,H2,Wednesday,1,Weekday,Winter,fixed_date,True,False,,,,,,,I,best_matching_weekday
ERCOT_demand_ERCOT,Martin Luther King Jr. Day,Martin Luther King Jr. Day,2025-01-20,H2,Monday,1,Weekday,Winter,relative_weekday_rule,False,False,,,,,,,F,best_matching_weekday
ERCOT_demand_ERCOT,Presidents' Day,Presidents' Day,2025-02-17,H2,Monday,1,Weekday,Winter,relative_weekday_rule,False,False,Friday,A,0.0,unclear,D,1.0,F,best_matching_weekday
ERCOT_demand_ERCOT,Texas Independence Day,Texas Independence Day,2025-03-02,H2,Sunday,3,Sunday,Spring,fixed_date,True,False,,,,,,,L,best_matching_weekday
ERCOT_demand_ERCOT,San Jacinto Day,San Jacinto Day,2025-04-21,H2,Monday,1,Weekday,Spring,fixed_date,True,False,,,,,,,H,best_matching_weekday
ERCOT_demand_ERCOT,Memorial Day,Memorial Day,2025-05-26,H2,Monday,1,Weekday,Spring,relative_weekday_rule,False,False,Sunday,B,1.0,unclear,C,0.0,I,best_matching_weekday
ERCOT_demand_ERCOT,Juneteenth National Independence Day,Juneteenth National Independence Day,2025-06-19,H2,Thursday,1,Weekday,Summer,fixed_date,True,False,,,,,,,F,best_matching_weekday
ERCOT_demand_ERCOT,Independence Day,Independence Day,2025-07-04,H2,Friday,1,Weekday,Summer,fixed_date,True,False,Friday,B,1.0,unclear,C,0.0,F,best_matching_weekday
ERCOT_demand_ERCOT,Lyndon B. Johnson Day,Lyndon B. Johnson Day,2025-08-27,H2,Wednesday,1,Weekday,Summer,fixed_date,True,False,,,,,,,F,best_matching_weekday
ERCOT_demand_ERCOT,Labor Day,Labor Day,2025-09-01,H2,Monday,1,Weekday,Autumn,relative_weekday_rule,False,False,,,,,,,H,best_matching_weekday
ERCOT_demand_ERCOT,Veterans Day,Veterans Day,2025-11-11,H2,Tuesday,1,Weekday,Autumn,fixed_date,True,False,Wednesday,A,0.0,unclear,D,1.0,L,best_matching_weekday
ERCOT_demand_ERCOT,Thanksgiving Day,Thanksgiving Day,2025-11-27,H1,Thursday,1,Weekday,Autumn,relative_weekday_rule,False,False,Friday,B,1.0,unclear,D,1.0,F,best_matching_weekday
ERCOT_demand_ERCOT,Day after Thanksgiving,Day after Thanksgiving,2025-11-28,H2,Friday,1,Weekday,Autumn,relative_to_holiday_rule,False,False,,,,,,,L,best_matching_weekday
ERCOT_demand_ERCOT,Post-holiday recovery,Day after Thanksgiving,2025-11-29,H4,Saturday,2,Saturday,Autumn,derived_recovery_day,False,False,,,,,,,L,best_matching_weekday
ERCOT_demand_ERCOT,Christmas Eve,Christmas Eve,2025-12-24,H1,Wednesday,1,Weekday,Winter,fixed_date,True,False,Saturday,B,1.0,unclear,D,1.0,H,best_matching_weekday
ERCOT_demand_ERCOT,Christmas Day,Christmas Day,2025-12-25,H2,Thursday,1,Weekday,Winter,fixed_date,True,False,Sunday,B,1.0,unclear,D,1.0,I,best_matching_weekday
ERCOT_demand_ERCOT,Post-holiday recovery,Christmas Day,2025-12-26,H4,Friday,1,Weekday,Winter,derived_recovery_day,False,False,,,,,,,K,best_matching_weekday
ERCOT_demand_ERCOT,New Year's Day,New Year's Day,2026-01-01,H2,Thursday,1,Weekday,Winter,fixed_date,True,False,,,,,,,I,best_matching_weekday
ERCOT_demand_ERCOT,Martin Luther King Jr. Day,Martin Luther King Jr. Day,2026-01-19,H2,Monday,1,Weekday,Winter,relative_weekday_rule,False,False,,,,,,,F,best_matching_weekday
ERCOT_demand_ERCOT,Presidents' Day,Presidents' Day,2026-02-16,H2,Monday,1,Weekday,Winter,relative_weekday_rule,False,False,,,,,,,F,best_matching_weekday
ERCOT_demand_ERCOT,Texas Independence Day,Texas Independence Day,2026-03-02,H2,Monday,1,Weekday,Spring,fixed_date,True,False,,,,,,,L,best_matching_weekday
ERCOT_demand_FWEST,Martin Luther King Jr. Day,Martin Luther King Jr. Day,2016-01-18,H2,Monday,1,Weekday,Winter,relative_weekday_rule,False,False,,,,,,,I,best_matching_weekday
ERCOT_demand_FWEST,Presidents' Day,Presidents' Day,2016-02-15,H2,Monday,1,Weekday,Winter,relative_weekday_rule,False,False,,,,,,,H,best_matching_weekday
ERCOT_demand_FWEST,Texas Independence Day,Texas Independence Day,2016-03-02,H2,Wednesday,1,Weekday,Spring,fixed_date,True,False,,,,,,,G,best_matching_weekday
ERCOT_demand_FWEST,San Jacinto Day,San Jacinto Day,2016-04-21,H2,Thursday,1,Weekday,Spring,fixed_date,True,False,,,,,,,I,best_matching_weekday
ERCOT_demand_FWEST,Memorial Day,Memorial Day,2016-05-30,H2,Monday,1,Weekday,Spring,relative_weekday_rule,False,False,,,,,,,F,best_matching_weekday
ERCOT_demand_FWEST,Juneteenth National Independence Day,Juneteenth National Independence Day,2016-06-19,H2,Sunday,3,Sunday,Summer,fixed_date,True,False,Saturday,B,1.0,Tuesday-like,D,1.0,H,best_matching_weekday
ERCOT_demand_FWEST,Independence Day,Independence Day,2016-07-04,H2,Monday,1,Weekday,Summer,fixed_date,True,False,,,,,,,H,best_matching_weekday
ERCOT_demand_FWEST,Lyndon B. Johnson Day,Lyndon B. Johnson Day,2016-08-27,H2,Saturday,2,Saturday,Summer,fixed_date,True,False,,,,,,,F,best_matching_weekday
ERCOT_demand_FWEST,Labor Day,Labor Day,2016-09-05,H2,Monday,1,Weekday,Autumn,relative_weekday_rule,False,False,,,,,,,F,best_matching_weekday
ERCOT_demand_FWEST,Veterans Day,Veterans Day,2016-11-11,H2,Friday,1,Weekday,Autumn,fixed_date,True,False,,,,,,,K,best_matching_weekday
ERCOT_demand_FWEST,Thanksgiving Day,Thanksgiving Day,2016-11-24,H1,Thursday,1,Weekday,Autumn,relative_weekday_rule,False,False,,,,,,,I,best_matching_weekday
ERCOT_demand_FWEST,Day after Thanksgiving,Day after Thanksgiving,2016-11-25,H2,Friday,1,Weekday,Autumn,relative_to_holiday_rule,False,False,Monday,B,1.0,Tuesday-like,D,1.0,G,best_matching_weekday
ERCOT_demand_FWEST,Post-holiday recovery,Day after Thanksgiving,2016-11-26,H4,Saturday,2,Saturday,Autumn,derived_recovery_day,False,False,,,,,,,G,best_matching_weekday
ERCOT_demand_FWEST,Christmas Eve,Christmas Eve,2016-12-24,H1,Saturday,2,Saturday,Winter,fixed_date,True,False,,,,,,,I,best_matching_weekday
ERCOT_demand_FWEST,Christmas Day,Christmas Day,2016-12-25,H2,Sunday,3,Sunday,Winter,fixed_date,True,False,Wednesday,B,1.0,Tuesday-like,D,1.0,L,best_matching_weekday
ERCOT_demand_FWEST,Post-holiday recovery,Christmas Day,2016-12-26,H4,Monday,1,Weekday,Winter,derived_recovery_day,False,False,,,,,,,I,best_matching_weekday
ERCOT_demand_FWEST,New Year's Day,New Year's Day,2017-01-01,H2,Sunday,3,Sunday,Winter,fixed_date,True,False,,,,,,,H,best_matching_weekday
ERCOT_demand_FWEST,Martin Luther King Jr. Day,Martin Luther King Jr. Day,2017-01-16,H2,Monday,1,Weekday,Winter,relative_weekday_rule,False,False,,,,,,,I,best_matching_weekday
ERCOT_demand_FWEST,Presidents' Day,Presidents' Day,2017-02-20,H2,Monday,1,Weekday,Winter,relative_weekday_rule,False,False,,,,,,,H,best_matching_weekday
ERCOT_demand_FWEST,Texas Independence Day,Texas Independence Day,2017-03-02,H2,Thursday,1,Weekday,Spring,fixed_date,True,False,Wednesday,A,0.0,unclear,D,1.0,L,best_matching_weekday
ERCOT_demand_FWEST,San Jacinto Day,San Jacinto Day,2017-04-21,H2,Friday,1,Weekday,Spring,fixed_date,True,False,,,,,,,I,best_matching_weekday
ERCOT_demand_FWEST,Memorial Day,Memorial Day,2017-05-29,H2,Monday,1,Weekday,Spring,relative_weekday_rule,False,False,,,,,,,F,best_matching_weekday
ERCOT_demand_FWEST,Juneteenth National Independence Day,Juneteenth National Independence Day,2017-06-19,H2,Monday,1,Weekday,Summer,fixed_date,True,False,,,,,,,G,best_matching_weekday
ERCOT_demand_FWEST,Independence Day,Independence Day,2017-07-04,H2,Tuesday,1,Weekday,Summer,fixed_date,True,False,,,,,,,H,best_matching_weekday
ERCOT_demand_FWEST,Lyndon B. Johnson Day,Lyndon B. Johnson Day,2017-08-27,H2,Sunday,3,Sunday,Summer,fixed_date,True,False,,,,,,,F,best_matching_weekday
ERCOT_demand_FWEST,Labor Day,Labor Day,2017-09-04,H2,Monday,1,Weekday,Autumn,relative_weekday_rule,False,False,,,,,,,F,best_matching_weekday
ERCOT_demand_FWEST,Veterans Day,Veterans Day,2017-11-11,H2,Saturday,2,Saturday,Autumn,fixed_date,True,False,,,,,,,K,best_matching_weekday
ERCOT_demand_FWEST,Thanksgiving Day,Thanksgiving Day,2017-11-23,H1,Thursday,1,Weekday,Autumn,relative_weekday_rule,False,False,Sunday,A,0.0,unclear,D,1.0,I,best_matching_weekday
ERCOT_demand_FWEST,Day after Thanksgiving,Day after Thanksgiving,2017-11-24,H2,Friday,1,Weekday,Autumn,relative_to_holiday_rule,False,False,Monday,A,0.0,unclear,D,1.0,G,best_matching_weekday
ERCOT_demand_FWEST,Post-holiday recovery,Day after Thanksgiving,2017-11-25,H4,Saturday,2,Saturday,Autumn,derived_recovery_day,False,False,,,,,,,G,best_matching_weekday
ERCOT_demand_FWEST,Christmas Eve,Christmas Eve,2017-12-24,H1,Sunday,3,Sunday,Winter,fixed_date,True,False,,,,,,,I,best_matching_weekday
ERCOT_demand_FWEST,Christmas Day,Christmas Day,2017-12-25,H2,Monday,1,Weekday,Winter,fixed_date,True,False,Sunday,A,0.0,unclear,D,1.0,I,best_matching_weekday
ERCOT_demand_FWEST,Post-holiday recovery,Christmas Day,2017-12-26,H4,Tuesday,1,Weekday,Winter,derived_recovery_day,False,False,,,,,,,I,best_matching_weekday
ERCOT_demand_FWEST,New Year's Day,New Year's Day,2018-01-01,H2,Monday,1,Weekday,Winter,fixed_date,True,False,,,,,,,H,best_matching_weekday
ERCOT_demand_FWEST,Martin Luther King Jr. Day,Martin Luther King Jr. Day,2018-01-15,H2,Monday,1,Weekday,Winter,relative_weekday_rule,False,False,,,,,,,I,best_matching_weekday
ERCOT_demand_FWEST,Presidents' Day,Presidents' Day,2018-02-19,H2,Monday,1,Weekday,Winter,relative_weekday_rule,False,False,,,,,,,H,best_matching_weekday
ERCOT_demand_FWEST,Texas Independence Day,Texas Independence Day,2018-03-02,H2,Friday,1,Weekday,Spring,fixed_date,True,False,Friday,A,0.0,unclear,D,1.0,F,best_matching_weekday
ERCOT_demand_FWEST,San Jacinto Day,San Jacinto Day,2018-04-21,H2,Saturday,2,Saturday,Spring,fixed_date,True,False,,,,,,,I,best_matching_weekday
ERCOT_demand_FWEST,Memorial Day,Memorial Day,2018-05-28,H2,Monday,1,Weekday,Spring,relative_weekday_rule,False,False,,,,,,,F,best_matching_weekday
ERCOT_demand_FWEST,Juneteenth National Independence Day,Juneteenth National Independence Day,2018-06-19,H2,Tuesday,1,Weekday,Summer,fixed_date,True,False,,,,,,,G,best_matching_weekday
ERCOT_demand_FWEST,Independence Day,Independence Day,2018-07-04,H2,Wednesday,1,Weekday,Summer,fixed_date,True,False,,,,,,,H,best_matching_weekday
ERCOT_demand_FWEST,Lyndon B. Johnson Day,Lyndon B. Johnson Day,2018-08-27,H2,Monday,1,Weekday,Summer,fixed_date,True,False,,,,,,,F,best_matching_weekday
ERCOT_demand_FWEST,Labor Day,Labor Day,2018-09-03,H2,Monday,1,Weekday,Autumn,relative_weekday_rule,False,False,,,,,,,F,best_matching_weekday
ERCOT_demand_FWEST,Veterans Day,Veterans Day,2018-11-11,H2,Sunday,3,Sunday,Autumn,fixed_date,True,False,Tuesday,A,0.0,unclear,D,1.0,K,best_matching_weekday
ERCOT_demand_FWEST,Thanksgiving Day,Thanksgiving Day,2018-11-22,H1,Thursday,1,Weekday,Autumn,relative_weekday_rule,False,False,Sunday,A,0.0,unclear,D,1.0,I,best_matching_weekday
ERCOT_demand_FWEST,Day after Thanksgiving,Day after Thanksgiving,2018-11-23,H2,Friday,1,Weekday,Autumn,relative_to_holiday_rule,False,False,Tuesday,A,0.0,unclear,D,1.0,K,best_matching_weekday
ERCOT_demand_FWEST,Post-holiday recovery,Day after Thanksgiving,2018-11-24,H4,Saturday,2,Saturday,Autumn,derived_recovery_day,False,False,,,,,,,G,best_matching_weekday
ERCOT_demand_FWEST,Christmas Eve,Christmas Eve,2018-12-24,H1,Monday,1,Weekday,Winter,fixed_date,True,False,Sunday,A,0.0,unclear,D,1.0,I,best_matching_weekday
ERCOT_demand_FWEST,Christmas Day,Christmas Day,2018-12-25,H2,Tuesday,1,Weekday,Winter,fixed_date,True,False,,,,,,,I,best_matching_weekday
ERCOT_demand_FWEST,Post-holiday recovery,Christmas Day,2018-12-26,H4,Wednesday,1,Weekday,Winter,derived_recovery_day,False,False,,,,,,,I,best_matching_weekday
ERCOT_demand_FWEST,New Year's Day,New Year's Day,2019-01-01,H2,Tuesday,1,Weekday,Winter,fixed_date,True,False,,,,,,,H,best_matching_weekday
ERCOT_demand_FWEST,Martin Luther King Jr. Day,Martin Luther King Jr. Day,2019-01-21,H2,Monday,1,Weekday,Winter,relative_weekday_rule,False,False,,,,,,,I,best_matching_weekday
ERCOT_demand_FWEST,Presidents' Day,Presidents' Day,2019-02-18,H2,Monday,1,Weekday,Winter,relative_weekday_rule,False,False,,,,,,,H,best_matching_weekday
ERCOT_demand_FWEST,Texas Independence Day,Texas Independence Day,2019-03-02,H2,Saturday,2,Saturday,Spring,fixed_date,True,False,,,,,,,G,best_matching_weekday
ERCOT_demand_FWEST,San Jacinto Day,San Jacinto Day,2019-04-21,H2,Sunday,3,Sunday,Spring,fixed_date,True,False,,,,,,,I,best_matching_weekday
ERCOT_demand_FWEST,Memorial Day,Memorial Day,2019-05-27,H2,Monday,1,Weekday,Spring,relative_weekday_rule,False,False,,,,,,,F,best_matching_weekday
ERCOT_demand_FWEST,Juneteenth National Independence Day,Juneteenth National Independence Day,2019-06-19,H2,Wednesday,1,Weekday,Summer,fixed_date,True,False,,,,,,,G,best_matching_weekday
ERCOT_demand_FWEST,Independence Day,Independence Day,2019-07-04,H2,Thursday,1,Weekday,Summer,fixed_date,True,False,,,,,,,H,best_matching_weekday
ERCOT_demand_FWEST,Lyndon B. Johnson Day,Lyndon B. Johnson Day,2019-08-27,H2,Tuesday,1,Weekday,Summer,fixed_date,True,False,Saturday,B,1.0,Tuesday-like,D,1.0,H,best_matching_weekday
ERCOT_demand_FWEST,Labor Day,Labor Day,2019-09-02,H2,Monday,1,Weekday,Autumn,relative_weekday_rule,False,False,,,,,,,F,best_matching_weekday
ERCOT_demand_FWEST,Veterans Day,Veterans Day,2019-11-11,H2,Monday,1,Weekday,Autumn,fixed_date,True,False,,,,,,,K,best_matching_weekday
ERCOT_demand_FWEST,Thanksgiving Day,Thanksgiving Day,2019-11-28,H1,Thursday,1,Weekday,Autumn,relative_weekday_rule,False,False,Sunday,A,0.0,unclear,D,1.0,I,best_matching_weekday
ERCOT_demand_FWEST,Day after Thanksgiving,Day after Thanksgiving,2019-11-29,H2,Friday,1,Weekday,Autumn,relative_to_holiday_rule,False,False,,,,,,,G,best_matching_weekday
ERCOT_demand_FWEST,Post-holiday recovery,Day after Thanksgiving,2019-11-30,H4,Saturday,2,Saturday,Autumn,derived_recovery_day,False,False,,,,,,,G,best_matching_weekday
ERCOT_demand_FWEST,Christmas Eve,Christmas Eve,2019-12-24,H1,Tuesday,1,Weekday,Winter,fixed_date,True,False,Sunday,A,0.0,unclear,D,1.0,I,best_matching_weekday
ERCOT_demand_FWEST,Christmas Day,Christmas Day,2019-12-25,H2,Wednesday,1,Weekday,Winter,fixed_date,True,False,Sunday,A,0.0,unclear,D,1.0,I,best_matching_weekday
ERCOT_demand_FWEST,Post-holiday recovery,Christmas Day,2019-12-26,H4,Thursday,1,Weekday,Winter,derived_recovery_day,False,False,,,,,,,I,best_matching_weekday
ERCOT_demand_FWEST,New Year's Day,New Year's Day,2020-01-01,H2,Wednesday,1,Weekday,Winter,fixed_date,True,False,,,,,,,H,best_matching_weekday
ERCOT_demand_FWEST,Martin Luther King Jr. Day,Martin Luther King Jr. Day,2020-01-20,H2,Monday,1,Weekday,Winter,relative_weekday_rule,False,False,,,,,,,I,best_matching_weekday
ERCOT_demand_FWEST,Presidents' Day,Presidents' Day,2020-02-17,H2,Monday,1,Weekday,Winter,relative_weekday_rule,False,False,,,,,,,H,best_matching_weekday
ERCOT_demand_FWEST,Texas Independence Day,Texas Independence Day,2020-03-02,H2,Monday,1,Weekday,Spring,fixed_date,True,False,,,,,,,G,best_matching_weekday
ERCOT_demand_FWEST,San Jacinto Day,San Jacinto Day,2020-04-21,H2,Tuesday,1,Weekday,Spring,fixed_date,True,False,,,,,,,I,best_matching_weekday
ERCOT_demand_FWEST,Memorial Day,Memorial Day,2020-05-25,H2,Monday,1,Weekday,Spring,relative_weekday_rule,False,False,,,,,,,F,best_matching_weekday
ERCOT_demand_FWEST,Juneteenth National Independence Day,Juneteenth National Independence Day,2020-06-19,H2,Friday,1,Weekday,Summer,fixed_date,True,False,,,,,,,G,best_matching_weekday
ERCOT_demand_FWEST,Independence Day,Independence Day,2020-07-04,H2,Saturday,2,Saturday,Summer,fixed_date,True,False,,,,,,,H,best_matching_weekday
ERCOT_demand_FWEST,Lyndon B. Johnson Day,Lyndon B. Johnson Day,2020-08-27,H2,Thursday,1,Weekday,Summer,fixed_date,True,False,,,,,,,F,best_matching_weekday
ERCOT_demand_FWEST,Labor Day,Labor Day,2020-09-07,H2,Monday,1,Weekday,Autumn,relative_weekday_rule,False,False,,,,,,,F,best_matching_weekday
ERCOT_demand_FWEST,Veterans Day,Veterans Day,2020-11-11,H2,Wednesday,1,Weekday,Autumn,fixed_date,True,False,,,,,,,K,best_matching_weekday
ERCOT_demand_FWEST,Thanksgiving Day,Thanksgiving Day,2020-11-26,H1,Thursday,1,Weekday,Autumn,relative_weekday_rule,False,False,Sunday,A,0.0,unclear,D,1.0,I,best_matching_weekday
ERCOT_demand_FWEST,Day after Thanksgiving,Day after Thanksgiving,2020-11-27,H2,Friday,1,Weekday,Autumn,relative_to_holiday_rule,False,False,,,,,,,G,best_matching_weekday
ERCOT_demand_FWEST,Post-holiday recovery,Day after Thanksgiving,2020-11-28,H4,Saturday,2,Saturday,Autumn,derived_recovery_day,False,False,,,,,,,G,best_matching_weekday
ERCOT_demand_FWEST,Christmas Eve,Christmas Eve,2020-12-24,H1,Thursday,1,Weekday,Winter,fixed_date,True,False,Sunday,A,0.0,unclear,D,1.0,I,best_matching_weekday
ERCOT_demand_FWEST,Christmas Day,Christmas Day,2020-12-25,H2,Friday,1,Weekday,Winter,fixed_date,True,False,Sunday,A,0.0,unclear,D,1.0,I,best_matching_weekday
ERCOT_demand_FWEST,Post-holiday recovery,Christmas Day,2020-12-26,H4,Saturday,2,Saturday,Winter,derived_recovery_day,False,False,,,,,,,I,best_matching_weekday
ERCOT_demand_FWEST,New Year's Day,New Year's Day,2022-01-01,H2,Saturday,2,Saturday,Winter,fixed_date,True,False,Wednesday,B,1.0,Tuesday-like,,,L,best_matching_weekday
ERCOT_demand_FWEST,Martin Luther King Jr. Day,Martin Luther King Jr. Day,2022-01-17,H2,Monday,1,Weekday,Winter,relative_weekday_rule,False,False,,,,,,,I,best_matching_weekday
ERCOT_demand_FWEST,Presidents' Day,Presidents' Day,2022-02-21,H2,Monday,1,Weekday,Winter,relative_weekday_rule,False,False,,,,,,,H,best_matching_weekday
ERCOT_demand_FWEST,Texas Independence Day,Texas Independence Day,2022-03-02,H2,Wednesday,1,Weekday,Spring,fixed_date,True,False,Wednesday,A,0.0,unclear,D,1.0,L,best_matching_weekday
ERCOT_demand_FWEST,San Jacinto Day,San Jacinto Day,2022-04-21,H2,Thursday,1,Weekday,Spring,fixed_date,True,False,,,,,,,I,best_matching_weekday
ERCOT_demand_FWEST,Memorial Day,Memorial Day,2022-05-30,H2,Monday,1,Weekday,Spring,relative_weekday_rule,False,False,Sunday,B,1.0,Tuesday-like,C,0.0,I,best_matching_weekday
ERCOT_demand_FWEST,Juneteenth National Independence Day,Juneteenth National Independence Day,2022-06-19,H2,Sunday,3,Sunday,Summer,fixed_date,True,False,,,,,,,G,best_matching_weekday
ERCOT_demand_FWEST,Independence Day,Independence Day,2022-07-04,H2,Monday,1,Weekday,Summer,fixed_date,True,False,,,,,,,H,best_matching_weekday
ERCOT_demand_FWEST,Lyndon B. Johnson Day,Lyndon B. Johnson Day,2022-08-27,H2,Saturday,2,Saturday,Summer,fixed_date,True,False,Sunday,B,1.0,Tuesday-like,C,0.0,I,best_matching_weekday
ERCOT_demand_FWEST,Labor Day,Labor Day,2022-09-05,H2,Monday,1,Weekday,Autumn,relative_weekday_rule,False,False,,,,,,,F,best_matching_weekday
ERCOT_demand_FWEST,Veterans Day,Veterans Day,2022-11-11,H2,Friday,1,Weekday,Autumn,fixed_date,True,False,,,,,,,K,best_matching_weekday
ERCOT_demand_FWEST,Thanksgiving Day,Thanksgiving Day,2022-11-24,H1,Thursday,1,Weekday,Autumn,relative_weekday_rule,False,False,,,,,,,I,best_matching_weekday
ERCOT_demand_FWEST,Day after Thanksgiving,Day after Thanksgiving,2022-11-25,H2,Friday,1,Weekday,Autumn,relative_to_holiday_rule,False,False,,,,,,,G,best_matching_weekday
ERCOT_demand_FWEST,Post-holiday recovery,Day after Thanksgiving,2022-11-26,H4,Saturday,2,Saturday,Autumn,derived_recovery_day,False,False,,,,,,,G,best_matching_weekday
ERCOT_demand_FWEST,Christmas Eve,Christmas Eve,2022-12-24,H1,Saturday,2,Saturday,Winter,fixed_date,True,False,Wednesday,A,0.0,unclear,C,0.0,L,best_matching_weekday
ERCOT_demand_FWEST,Christmas Day,Christmas Day,2022-12-25,H2,Sunday,3,Sunday,Winter,fixed_date,True,False,Sunday,A,0.0,unclear,C,0.0,I,best_matching_weekday
ERCOT_demand_FWEST,Post-holiday recovery,Christmas Day,2022-12-26,H4,Monday,1,Weekday,Winter,derived_recovery_day,False,False,,,,,,,I,best_matching_weekday
ERCOT_demand_FWEST,New Year's Day,New Year's Day,2023-01-01,H2,Sunday,3,Sunday,Winter,fixed_date,True,False,Sunday,B,1.0,Tuesday-like,C,0.0,I,best_matching_weekday
ERCOT_demand_FWEST,Martin Luther King Jr. Day,Martin Luther King Jr. Day,2023-01-16,H2,Monday,1,Weekday,Winter,relative_weekday_rule,False,False,Tuesday,B,1.0,Tuesday-like,C,0.0,K,best_matching_weekday
ERCOT_demand_FWEST,Presidents' Day,Presidents' Day,2023-02-20,H2,Monday,1,Weekday,Winter,relative_weekday_rule,False,False,Sunday,B,1.0,Tuesday-like,C,0.0,I,best_matching_weekday
ERCOT_demand_FWEST,Texas Independence Day,Texas Independence Day,2023-03-02,H2,Thursday,1,Weekday,Spring,fixed_date,True,False,Monday,A,0.0,unclear,C,0.0,G,best_matching_weekday
ERCOT_demand_FWEST,San Jacinto Day,San Jacinto Day,2023-04-21,H2,Friday,1,Weekday,Spring,fixed_date,True,False,Sunday,B,1.0,Tuesday-like,C,0.0,I,best_matching_weekday
ERCOT_demand_FWEST,Memorial Day,Memorial Day,2023-05-29,H2,Monday,1,Weekday,Spring,relative_weekday_rule,False,False,,,,,,,F,best_matching_weekday
ERCOT_demand_FWEST,Juneteenth National Independence Day,Juneteenth National Independence Day,2023-06-19,H2,Monday,1,Weekday,Summer,fixed_date,True,False,Monday,B,1.0,Tuesday-like,C,0.0,G,best_matching_weekday
ERCOT_demand_FWEST,Independence Day,Independence Day,2023-07-04,H2,Tuesday,1,Weekday,Summer,fixed_date,True,False,,,,,,,H,best_matching_weekday
ERCOT_demand_FWEST,Lyndon B. Johnson Day,Lyndon B. Johnson Day,2023-08-27,H2,Sunday,3,Sunday,Summer,fixed_date,True,False,Friday,B,1.0,Tuesday-like,C,0.0,F,best_matching_weekday
ERCOT_demand_FWEST,Labor Day,Labor Day,2023-09-04,H2,Monday,1,Weekday,Autumn,relative_weekday_rule,False,False,,,,,,,F,best_matching_weekday
ERCOT_demand_FWEST,Veterans Day,Veterans Day,2023-11-11,H2,Saturday,2,Saturday,Autumn,fixed_date,True,False,,,,,,,K,best_matching_weekday
ERCOT_demand_FWEST,Thanksgiving Day,Thanksgiving Day,2023-11-23,H1,Thursday,1,Weekday,Autumn,relative_weekday_rule,False,False,Sunday,A,0.0,unclear,C,0.0,I,best_matching_weekday
ERCOT_demand_FWEST,Day after Thanksgiving,Day after Thanksgiving,2023-11-24,H2,Friday,1,Weekday,Autumn,relative_to_holiday_rule,False,False,,,,,,,G,best_matching_weekday
ERCOT_demand_FWEST,Post-holiday recovery,Day after Thanksgiving,2023-11-25,H4,Saturday,2,Saturday,Autumn,derived_recovery_day,False,False,,,,,,,G,best_matching_weekday
ERCOT_demand_FWEST,Christmas Eve,Christmas Eve,2023-12-24,H1,Sunday,3,Sunday,Winter,fixed_date,True,False,Wednesday,B,1.0,Tuesday-like,C,0.0,L,best_matching_weekday
ERCOT_demand_FWEST,Christmas Day,Christmas Day,2023-12-25,H2,Monday,1,Weekday,Winter,fixed_date,True,False,,,,,,,I,best_matching_weekday
ERCOT_demand_FWEST,Post-holiday recovery,Christmas Day,2023-12-26,H4,Tuesday,1,Weekday,Winter,derived_recovery_day,False,False,,,,,,,I,best_matching_weekday
ERCOT_demand_FWEST,New Year's Day,New Year's Day,2024-01-01,H2,Monday,1,Weekday,Winter,fixed_date,True,False,,,,,,,H,best_matching_weekday
ERCOT_demand_FWEST,Martin Luther King Jr. Day,Martin Luther King Jr. Day,2024-01-15,H2,Monday,1,Weekday,Winter,relative_weekday_rule,False,False,Sunday,A,0.0,unclear,C,0.0,I,best_matching_weekday
ERCOT_demand_FWEST,Presidents' Day,Presidents' Day,2024-02-19,H2,Monday,1,Weekday,Winter,relative_weekday_rule,False,False,Saturday,A,0.0,unclear,C,0.0,H,best_matching_weekday
ERCOT_demand_FWEST,Texas Independence Day,Texas Independence Day,2024-03-02,H2,Saturday,2,Saturday,Spring,fixed_date,True,False,Monday,B,1.0,Tuesday-like,C,0.0,G,best_matching_weekday
ERCOT_demand_FWEST,San Jacinto Day,San Jacinto Day,2024-04-21,H2,Sunday,3,Sunday,Spring,fixed_date,True,False,Thursday,B,1.0,Tuesday-like,C,0.0,J,best_matching_weekday
ERCOT_demand_FWEST,Memorial Day,Memorial Day,2024-05-27,H2,Monday,1,Weekday,Spring,relative_weekday_rule,False,False,Friday,B,1.0,Tuesday-like,E,2.0,F,best_matching_weekday
ERCOT_demand_FWEST,Juneteenth National Independence Day,Juneteenth National Independence Day,2024-06-19,H2,Wednesday,1,Weekday,Summer,fixed_date,True,False,Saturday,B,1.0,Tuesday-like,E,2.0,H,best_matching_weekday
ERCOT_demand_FWEST,Independence Day,Independence Day,2024-07-04,H2,Thursday,1,Weekday,Summer,fixed_date,True,False,Saturday,B,1.0,Tuesday-like,E,2.0,H,best_matching_weekday
ERCOT_demand_FWEST,Lyndon B. Johnson Day,Lyndon B. Johnson Day,2024-08-27,H2,Tuesday,1,Weekday,Summer,fixed_date,True,False,,,,,,,F,best_matching_weekday
ERCOT_demand_FWEST,Labor Day,Labor Day,2024-09-02,H2,Monday,1,Weekday,Autumn,relative_weekday_rule,False,False,Thursday,A,0.0,unclear,E,2.0,J,best_matching_weekday
ERCOT_demand_FWEST,Veterans Day,Veterans Day,2024-11-11,H2,Monday,1,Weekday,Autumn,fixed_date,True,False,,,,,,,K,best_matching_weekday
ERCOT_demand_FWEST,Thanksgiving Day,Thanksgiving Day,2024-11-28,H1,Thursday,1,Weekday,Autumn,relative_weekday_rule,False,False,,,,,,,I,best_matching_weekday
ERCOT_demand_FWEST,Day after Thanksgiving,Day after Thanksgiving,2024-11-29,H2,Friday,1,Weekday,Autumn,relative_to_holiday_rule,False,False,Sunday,A,0.0,unclear,E,2.0,I,best_matching_weekday
ERCOT_demand_FWEST,Post-holiday recovery,Day after Thanksgiving,2024-11-30,H4,Saturday,2,Saturday,Autumn,derived_recovery_day,False,False,,,,,,,G,best_matching_weekday
ERCOT_demand_FWEST,Christmas Eve,Christmas Eve,2024-12-24,H1,Tuesday,1,Weekday,Winter,fixed_date,True,False,Sunday,B,1.0,Tuesday-like,E,2.0,I,best_matching_weekday
ERCOT_demand_FWEST,Christmas Day,Christmas Day,2024-12-25,H2,Wednesday,1,Weekday,Winter,fixed_date,True,False,Sunday,B,1.0,Tuesday-like,E,2.0,I,best_matching_weekday
ERCOT_demand_FWEST,Post-holiday recovery,Christmas Day,2024-12-26,H4,Thursday,1,Weekday,Winter,derived_recovery_day,False,False,,,,,,,I,best_matching_weekday
ERCOT_demand_FWEST,New Year's Day,New Year's Day,2025-01-01,H2,Wednesday,1,Weekday,Winter,fixed_date,True,False,Tuesday,B,1.0,Tuesday-like,E,2.0,K,best_matching_weekday
ERCOT_demand_FWEST,Martin Luther King Jr. Day,Martin Luther King Jr. Day,2025-01-20,H2,Monday,1,Weekday,Winter,relative_weekday_rule,False,False,Sunday,A,0.0,unclear,E,2.0,I,best_matching_weekday
ERCOT_demand_FWEST,Presidents' Day,Presidents' Day,2025-02-17,H2,Monday,1,Weekday,Winter,relative_weekday_rule,False,False,Saturday,A,0.0,unclear,E,2.0,H,best_matching_weekday
ERCOT_demand_FWEST,Texas Independence Day,Texas Independence Day,2025-03-02,H2,Sunday,3,Sunday,Spring,fixed_date,True,False,,,,,,,G,best_matching_weekday
ERCOT_demand_FWEST,San Jacinto Day,San Jacinto Day,2025-04-21,H2,Monday,1,Weekday,Spring,fixed_date,True,False,,,,,,,I,best_matching_weekday
ERCOT_demand_FWEST,Memorial Day,Memorial Day,2025-05-26,H2,Monday,1,Weekday,Spring,relative_weekday_rule,False,False,Friday,B,1.0,Tuesday-like,E,2.0,F,best_matching_weekday
ERCOT_demand_FWEST,Juneteenth National Independence Day,Juneteenth National Independence Day,2025-06-19,H2,Thursday,1,Weekday,Summer,fixed_date,True,False,Monday,B,1.0,Tuesday-like,E,2.0,G,best_matching_weekday
ERCOT_demand_FWEST,Independence Day,Independence Day,2025-07-04,H2,Friday,1,Weekday,Summer,fixed_date,True,False,Thursday,B,1.0,Tuesday-like,E,2.0,J,best_matching_weekday
ERCOT_demand_FWEST,Lyndon B. Johnson Day,Lyndon B. Johnson Day,2025-08-27,H2,Wednesday,1,Weekday,Summer,fixed_date,True,False,,,,,,,F,best_matching_weekday
ERCOT_demand_FWEST,Labor Day,Labor Day,2025-09-01,H2,Monday,1,Weekday,Autumn,relative_weekday_rule,False,False,Friday,B,1.0,Tuesday-like,E,2.0,F,best_matching_weekday
ERCOT_demand_FWEST,Veterans Day,Veterans Day,2025-11-11,H2,Tuesday,1,Weekday,Autumn,fixed_date,True,False,,,,,,,K,best_matching_weekday
ERCOT_demand_FWEST,Thanksgiving Day,Thanksgiving Day,2025-11-27,H1,Thursday,1,Weekday,Autumn,relative_weekday_rule,False,False,,,,,,,I,best_matching_weekday
ERCOT_demand_FWEST,Day after Thanksgiving,Day after Thanksgiving,2025-11-28,H2,Friday,1,Weekday,Autumn,relative_to_holiday_rule,False,False,,,,,,,G,best_matching_weekday
ERCOT_demand_FWEST,Post-holiday recovery,Day after Thanksgiving,2025-11-29,H4,Saturday,2,Saturday,Autumn,derived_recovery_day,False,False,,,,,,,G,best_matching_weekday
ERCOT_demand_FWEST,Christmas Eve,Christmas Eve,2025-12-24,H1,Wednesday,1,Weekday,Winter,fixed_date,True,False,Sunday,B,1.0,Tuesday-like,E,2.0,I,best_matching_weekday
ERCOT_demand_FWEST,Christmas Day,Christmas Day,2025-12-25,H2,Thursday,1,Weekday,Winter,fixed_date,True,False,Sunday,B,1.0,Tuesday-like,E,2.0,I,best_matching_weekday
ERCOT_demand_FWEST,Post-holiday recovery,Christmas Day,2025-12-26,H4,Friday,1,Weekday,Winter,derived_recovery_day,False,False,,,,,,,I,best_matching_weekday
ERCOT_demand_FWEST,New Year's Day,New Year's Day,2026-01-01,H2,Thursday,1,Weekday,Winter,fixed_date,True,False,Saturday,B,1.0,Tuesday-like,E,2.0,H,best_matching_weekday
ERCOT_demand_FWEST,Martin Luther King Jr. Day,Martin Luther King Jr. Day,2026-01-19,H2,Monday,1,Weekday,Winter,relative_weekday_rule,False,False,Tuesday,B,1.0,Tuesday-like,E,2.0,K,best_matching_weekday
ERCOT_demand_FWEST,Presidents' Day,Presidents' Day,2026-02-16,H2,Monday,1,Weekday,Winter,relative_weekday_rule,False,False,Wednesday,B,1.0,Tuesday-like,E,2.0,L,best_matching_weekday
ERCOT_demand_FWEST,Texas Independence Day,Texas Independence Day,2026-03-02,H2,Monday,1,Weekday,Spring,fixed_date,True,False,,,,,,,G,best_matching_weekday
ERCOT_demand_NCENT,Martin Luther King Jr. Day,Martin Luther King Jr. Day,2016-01-18,H2,Monday,1,Weekday,Winter,relative_weekday_rule,False,False,,,,,,,H,best_matching_weekday
ERCOT_demand_NCENT,Presidents' Day,Presidents' Day,2016-02-15,H2,Monday,1,Weekday,Winter,relative_weekday_rule,False,False,,,,,,,F,best_matching_weekday
ERCOT_demand_NCENT,Texas Independence Day,Texas Independence Day,2016-03-02,H2,Wednesday,1,Weekday,Spring,fixed_date,True,False,,,,,,,F,best_matching_weekday
ERCOT_demand_NCENT,San Jacinto Day,San Jacinto Day,2016-04-21,H2,Thursday,1,Weekday,Spring,fixed_date,True,False,,,,,,,I,best_matching_weekday
ERCOT_demand_NCENT,Memorial Day,Memorial Day,2016-05-30,H2,Monday,1,Weekday,Spring,relative_weekday_rule,False,False,Sunday,A,0.0,Saturday-like,D,1.0,I,best_matching_weekday
ERCOT_demand_NCENT,Juneteenth National Independence Day,Juneteenth National Independence Day,2016-06-19,H2,Sunday,3,Sunday,Summer,fixed_date,True,False,,,,,,,H,best_matching_weekday
ERCOT_demand_NCENT,Independence Day,Independence Day,2016-07-04,H2,Monday,1,Weekday,Summer,fixed_date,True,False,Sunday,A,0.0,Saturday-like,E,2.0,I,best_matching_weekday
ERCOT_demand_NCENT,Lyndon B. Johnson Day,Lyndon B. Johnson Day,2016-08-27,H2,Saturday,2,Saturday,Summer,fixed_date,True,False,,,,,,,I,best_matching_weekday
ERCOT_demand_NCENT,Labor Day,Labor Day,2016-09-05,H2,Monday,1,Weekday,Autumn,relative_weekday_rule,False,False,,,,,,,I,best_matching_weekday
ERCOT_demand_NCENT,Veterans Day,Veterans Day,2016-11-11,H2,Friday,1,Weekday,Autumn,fixed_date,True,False,,,,,,,I,best_matching_weekday
ERCOT_demand_NCENT,Thanksgiving Day,Thanksgiving Day,2016-11-24,H1,Thursday,1,Weekday,Autumn,relative_weekday_rule,False,False,Friday,A,0.0,Saturday-like,D,1.0,F,best_matching_weekday
ERCOT_demand_NCENT,Day after Thanksgiving,Day after Thanksgiving,2016-11-25,H2,Friday,1,Weekday,Autumn,relative_to_holiday_rule,False,False,,,,,,,L,best_matching_weekday
ERCOT_demand_NCENT,Post-holiday recovery,Day after Thanksgiving,2016-11-26,H4,Saturday,2,Saturday,Autumn,derived_recovery_day,False,False,,,,,,,L,best_matching_weekday
ERCOT_demand_NCENT,Christmas Eve,Christmas Eve,2016-12-24,H1,Saturday,2,Saturday,Winter,fixed_date,True,False,,,,,,,K,best_matching_weekday
ERCOT_demand_NCENT,Christmas Day,Christmas Day,2016-12-25,H2,Sunday,3,Sunday,Winter,fixed_date,True,False,,,,,,,K,best_matching_weekday
ERCOT_demand_NCENT,Post-holiday recovery,Christmas Day,2016-12-26,H4,Monday,1,Weekday,Winter,derived_recovery_day,False,False,,,,,,,I,best_matching_weekday
ERCOT_demand_NCENT,New Year's Day,New Year's Day,2017-01-01,H2,Sunday,3,Sunday,Winter,fixed_date,True,False,,,,,,,H,best_matching_weekday
ERCOT_demand_NCENT,Martin Luther King Jr. Day,Martin Luther King Jr. Day,2017-01-16,H2,Monday,1,Weekday,Winter,relative_weekday_rule,False,False,,,,,,,H,best_matching_weekday
ERCOT_demand_NCENT,Presidents' Day,Presidents' Day,2017-02-20,H2,Monday,1,Weekday,Winter,relative_weekday_rule,False,False,,,,,,,F,best_matching_weekday
ERCOT_demand_NCENT,Texas Independence Day,Texas Independence Day,2017-03-02,H2,Thursday,1,Weekday,Spring,fixed_date,True,False,Friday,B,1.0,Friday-like,D,1.0,F,best_matching_weekday
ERCOT_demand_NCENT,San Jacinto Day,San Jacinto Day,2017-04-21,H2,Friday,1,Weekday,Spring,fixed_date,True,False,,,,,,,I,best_matching_weekday
ERCOT_demand_NCENT,Memorial Day,Memorial Day,2017-05-29,H2,Monday,1,Weekday,Spring,relative_weekday_rule,False,False,,,,,,,H,best_matching_weekday
ERCOT_demand_NCENT,Juneteenth National Independence Day,Juneteenth National Independence Day,2017-06-19,H2,Monday,1,Weekday,Summer,fixed_date,True,False,Sunday,A,0.0,Saturday-like,E,2.0,I,best_matching_weekday
ERCOT_demand_NCENT,Independence Day,Independence Day,2017-07-04,H2,Tuesday,1,Weekday,Summer,fixed_date,True,False,Sunday,A,0.0,Saturday-like,E,2.0,I,best_matching_weekday
ERCOT_demand_NCENT,Lyndon B. Johnson Day,Lyndon B. Johnson Day,2017-08-27,H2,Sunday,3,Sunday,Summer,fixed_date,True,False,Sunday,A,0.0,Saturday-like,D,1.0,I,best_matching_weekday
ERCOT_demand_NCENT,Labor Day,Labor Day,2017-09-04,H2,Monday,1,Weekday,Autumn,relative_weekday_rule,False,False,,,,,,,I,best_matching_weekday
ERCOT_demand_NCENT,Veterans Day,Veterans Day,2017-11-11,H2,Saturday,2,Saturday,Autumn,fixed_date,True,False,,,,,,,I,best_matching_weekday
ERCOT_demand_NCENT,Thanksgiving Day,Thanksgiving Day,2017-11-23,H1,Thursday,1,Weekday,Autumn,relative_weekday_rule,False,False,Friday,B,1.0,Friday-like,D,1.0,F,best_matching_weekday
ERCOT_demand_NCENT,Day after Thanksgiving,Day after Thanksgiving,2017-11-24,H2,Friday,1,Weekday,Autumn,relative_to_holiday_rule,False,False,,,,,,,L,best_matching_weekday
ERCOT_demand_NCENT,Post-holiday recovery,Day after Thanksgiving,2017-11-25,H4,Saturday,2,Saturday,Autumn,derived_recovery_day,False,False,,,,,,,L,best_matching_weekday
ERCOT_demand_NCENT,Christmas Eve,Christmas Eve,2017-12-24,H1,Sunday,3,Sunday,Winter,fixed_date,True,False,,,,,,,K,best_matching_weekday
ERCOT_demand_NCENT,Christmas Day,Christmas Day,2017-12-25,H2,Monday,1,Weekday,Winter,fixed_date,True,False,Tuesday,B,1.0,Friday-like,D,1.0,K,best_matching_weekday
ERCOT_demand_NCENT,Post-holiday recovery,Christmas Day,2017-12-26,H4,Tuesday,1,Weekday,Winter,derived_recovery_day,False,False,,,,,,,I,best_matching_weekday
ERCOT_demand_NCENT,New Year's Day,New Year's Day,2018-01-01,H2,Monday,1,Weekday,Winter,fixed_date,True,False,,,,,,,H,best_matching_weekday
ERCOT_demand_NCENT,Martin Luther King Jr. Day,Martin Luther King Jr. Day,2018-01-15,H2,Monday,1,Weekday,Winter,relative_weekday_rule,False,False,Saturday,B,1.0,Friday-like,D,1.0,H,best_matching_weekday
ERCOT_demand_NCENT,Presidents' Day,Presidents' Day,2018-02-19,H2,Monday,1,Weekday,Winter,relative_weekday_rule,False,False,,,,,,,F,best_matching_weekday
ERCOT_demand_NCENT,Texas Independence Day,Texas Independence Day,2018-03-02,H2,Friday,1,Weekday,Spring,fixed_date,True,False,Friday,B,1.0,Friday-like,D,1.0,F,best_matching_weekday
ERCOT_demand_NCENT,San Jacinto Day,San Jacinto Day,2018-04-21,H2,Saturday,2,Saturday,Spring,fixed_date,True,False,,,,,,,I,best_matching_weekday
ERCOT_demand_NCENT,Memorial Day,Memorial Day,2018-05-28,H2,Monday,1,Weekday,Spring,relative_weekday_rule,False,False,Saturday,A,0.0,Saturday-like,E,2.0,H,best_matching_weekday
ERCOT_demand_NCENT,Juneteenth National Independence Day,Juneteenth National Independence Day,2018-06-19,H2,Tuesday,1,Weekday,Summer,fixed_date,True,False,,,,,,,H,best_matching_weekday
ERCOT_demand_NCENT,Independence Day,Independence Day,2018-07-04,H2,Wednesday,1,Weekday,Summer,fixed_date,True,False,Saturday,A,0.0,Saturday-like,E,2.0,H,best_matching_weekday
ERCOT_demand_NCENT,Lyndon B. Johnson Day,Lyndon B. Johnson Day,2018-08-27,H2,Monday,1,Weekday,Summer,fixed_date,True,False,,,,,,,I,best_matching_weekday
ERCOT_demand_NCENT,Labor Day,Labor Day,2018-09-03,H2,Monday,1,Weekday,Autumn,relative_weekday_rule,False,False,Saturday,A,0.0,Saturday-like,E,2.0,H,best_matching_weekday
ERCOT_demand_NCENT,Veterans Day,Veterans Day,2018-11-11,H2,Sunday,3,Sunday,Autumn,fixed_date,True,False,,,,,,,I,best_matching_weekday
ERCOT_demand_NCENT,Thanksgiving Day,Thanksgiving Day,2018-11-22,H1,Thursday,1,Weekday,Autumn,relative_weekday_rule,False,False,Friday,B,1.0,Friday-like,D,1.0,F,best_matching_weekday
ERCOT_demand_NCENT,Day after Thanksgiving,Day after Thanksgiving,2018-11-23,H2,Friday,1,Weekday,Autumn,relative_to_holiday_rule,False,False,,,,,,,L,best_matching_weekday
ERCOT_demand_NCENT,Post-holiday recovery,Day after Thanksgiving,2018-11-24,H4,Saturday,2,Saturday,Autumn,derived_recovery_day,False,False,,,,,,,L,best_matching_weekday
ERCOT_demand_NCENT,Christmas Eve,Christmas Eve,2018-12-24,H1,Monday,1,Weekday,Winter,fixed_date,True,False,Tuesday,B,1.0,Friday-like,D,1.0,K,best_matching_weekday
ERCOT_demand_NCENT,Christmas Day,Christmas Day,2018-12-25,H2,Tuesday,1,Weekday,Winter,fixed_date,True,False,Saturday,A,0.0,Saturday-like,D,1.0,H,best_matching_weekday
ERCOT_demand_NCENT,Post-holiday recovery,Christmas Day,2018-12-26,H4,Wednesday,1,Weekday,Winter,derived_recovery_day,False,False,,,,,,,I,best_matching_weekday
ERCOT_demand_NCENT,New Year's Day,New Year's Day,2019-01-01,H2,Tuesday,1,Weekday,Winter,fixed_date,True,False,Saturday,A,0.0,Saturday-like,D,1.0,H,best_matching_weekday
ERCOT_demand_NCENT,Martin Luther King Jr. Day,Martin Luther King Jr. Day,2019-01-21,H2,Monday,1,Weekday,Winter,relative_weekday_rule,False,False,,,,,,,H,best_matching_weekday
ERCOT_demand_NCENT,Presidents' Day,Presidents' Day,2019-02-18,H2,Monday,1,Weekday,Winter,relative_weekday_rule,False,False,,,,,,,F,best_matching_weekday
ERCOT_demand_NCENT,Texas Independence Day,Texas Independence Day,2019-03-02,H2,Saturday,2,Saturday,Spring,fixed_date,True,False,,,,,,,F,best_matching_weekday
ERCOT_demand_NCENT,San Jacinto Day,San Jacinto Day,2019-04-21,H2,Sunday,3,Sunday,Spring,fixed_date,True,False,,,,,,,I,best_matching_weekday
ERCOT_demand_NCENT,Memorial Day,Memorial Day,2019-05-27,H2,Monday,1,Weekday,Spring,relative_weekday_rule,False,False,Saturday,A,0.0,Saturday-like,E,2.0,H,best_matching_weekday
ERCOT_demand_NCENT,Juneteenth National Independence Day,Juneteenth National Independence Day,2019-06-19,H2,Wednesday,1,Weekday,Summer,fixed_date,True,False,,,,,,,H,best_matching_weekday
ERCOT_demand_NCENT,Independence Day,Independence Day,2019-07-04,H2,Thursday,1,Weekday,Summer,fixed_date,True,False,,,,,,,H,best_matching_weekday
ERCOT_demand_NCENT,Lyndon B. Johnson Day,Lyndon B. Johnson Day,2019-08-27,H2,Tuesday,1,Weekday,Summer,fixed_date,True,False,Sunday,A,0.0,Saturday-like,E,2.0,I,best_matching_weekday
ERCOT_demand_NCENT,Labor Day,Labor Day,2019-09-02,H2,Monday,1,Weekday,Autumn,relative_weekday_rule,False,False,Sunday,A,0.0,Saturday-like,E,2.0,I,best_matching_weekday
ERCOT_demand_NCENT,Veterans Day,Veterans Day,2019-11-11,H2,Monday,1,Weekday,Autumn,fixed_date,True,False,Sunday,A,0.0,Saturday-like,D,1.0,I,best_matching_weekday
ERCOT_demand_NCENT,Thanksgiving Day,Thanksgiving Day,2019-11-28,H1,Thursday,1,Weekday,Autumn,relative_weekday_rule,False,False,,,,,,,F,best_matching_weekday
ERCOT_demand_NCENT,Day after Thanksgiving,Day after Thanksgiving,2019-11-29,H2,Friday,1,Weekday,Autumn,relative_to_holiday_rule,False,False,,,,,,,L,best_matching_weekday
ERCOT_demand_NCENT,Post-holiday recovery,Day after Thanksgiving,2019-11-30,H4,Saturday,2,Saturday,Autumn,derived_recovery_day,False,False,,,,,,,L,best_matching_weekday
ERCOT_demand_NCENT,Christmas Eve,Christmas Eve,2019-12-24,H1,Tuesday,1,Weekday,Winter,fixed_date,True,False,Tuesday,B,1.0,Friday-like,D,1.0,K,best_matching_weekday
ERCOT_demand_NCENT,Christmas Day,Christmas Day,2019-12-25,H2,Wednesday,1,Weekday,Winter,fixed_date,True,False,,,,,,,K,best_matching_weekday
ERCOT_demand_NCENT,Post-holiday recovery,Christmas Day,2019-12-26,H4,Thursday,1,Weekday,Winter,derived_recovery_day,False,False,,,,,,,I,best_matching_weekday
ERCOT_demand_NCENT,New Year's Day,New Year's Day,2020-01-01,H2,Wednesday,1,Weekday,Winter,fixed_date,True,False,Saturday,A,0.0,Saturday-like,D,1.0,H,best_matching_weekday
ERCOT_demand_NCENT,Martin Luther King Jr. Day,Martin Luther King Jr. Day,2020-01-20,H2,Monday,1,Weekday,Winter,relative_weekday_rule,False,False,,,,,,,H,best_matching_weekday
ERCOT_demand_NCENT,Presidents' Day,Presidents' Day,2020-02-17,H2,Monday,1,Weekday,Winter,relative_weekday_rule,False,False,,,,,,,F,best_matching_weekday
ERCOT_demand_NCENT,Texas Independence Day,Texas Independence Day,2020-03-02,H2,Monday,1,Weekday,Spring,fixed_date,True,False,,,,,,,F,best_matching_weekday
ERCOT_demand_NCENT,San Jacinto Day,San Jacinto Day,2020-04-21,H2,Tuesday,1,Weekday,Spring,fixed_date,True,False,,,,,,,I,best_matching_weekday
ERCOT_demand_NCENT,Memorial Day,Memorial Day,2020-05-25,H2,Monday,1,Weekday,Spring,relative_weekday_rule,False,False,Saturday,A,0.0,Saturday-like,D,1.0,H,best_matching_weekday
ERCOT_demand_NCENT,Juneteenth National Independence Day,Juneteenth National Independence Day,2020-06-19,H2,Friday,1,Weekday,Summer,fixed_date,True,False,Friday,A,0.0,Saturday-like,E,2.0,F,best_matching_weekday
ERCOT_demand_NCENT,Independence Day,Independence Day,2020-07-04,H2,Saturday,2,Saturday,Summer,fixed_date,True,False,,,,,,,H,best_matching_weekday
ERCOT_demand_NCENT,Lyndon B. Johnson Day,Lyndon B. Johnson Day,2020-08-27,H2,Thursday,1,Weekday,Summer,fixed_date,True,False,,,,,,,I,best_matching_weekday
ERCOT_demand_NCENT,Labor Day,Labor Day,2020-09-07,H2,Monday,1,Weekday,Autumn,relative_weekday_rule,False,False,,,,,,,I,best_matching_weekday
ERCOT_demand_NCENT,Veterans Day,Veterans Day,2020-11-11,H2,Wednesday,1,Weekday,Autumn,fixed_date,True,False,,,,,,,I,best_matching_weekday
ERCOT_demand_NCENT,Thanksgiving Day,Thanksgiving Day,2020-11-26,H1,Thursday,1,Weekday,Autumn,relative_weekday_rule,False,False,Friday,B,1.0,Friday-like,D,1.0,F,best_matching_weekday
ERCOT_demand_NCENT,Day after Thanksgiving,Day after Thanksgiving,2020-11-27,H2,Friday,1,Weekday,Autumn,relative_to_holiday_rule,False,False,,,,,,,L,best_matching_weekday
ERCOT_demand_NCENT,Post-holiday recovery,Day after Thanksgiving,2020-11-28,H4,Saturday,2,Saturday,Autumn,derived_recovery_day,False,False,,,,,,,L,best_matching_weekday
ERCOT_demand_NCENT,Christmas Eve,Christmas Eve,2020-12-24,H1,Thursday,1,Weekday,Winter,fixed_date,True,False,Tuesday,B,1.0,Friday-like,D,1.0,K,best_matching_weekday
ERCOT_demand_NCENT,Christmas Day,Christmas Day,2020-12-25,H2,Friday,1,Weekday,Winter,fixed_date,True,False,Tuesday,B,1.0,Friday-like,D,1.0,K,best_matching_weekday
ERCOT_demand_NCENT,Post-holiday recovery,Christmas Day,2020-12-26,H4,Saturday,2,Saturday,Winter,derived_recovery_day,False,False,,,,,,,I,best_matching_weekday
ERCOT_demand_NCENT,New Year's Day,New Year's Day,2022-01-01,H2,Saturday,2,Saturday,Winter,fixed_date,True,False,Saturday,A,0.0,Saturday-like,,,H,best_matching_weekday
ERCOT_demand_NCENT,Martin Luther King Jr. Day,Martin Luther King Jr. Day,2022-01-17,H2,Monday,1,Weekday,Winter,relative_weekday_rule,False,False,Sunday,B,1.0,Friday-like,D,1.0,I,best_matching_weekday
ERCOT_demand_NCENT,Presidents' Day,Presidents' Day,2022-02-21,H2,Monday,1,Weekday,Winter,relative_weekday_rule,False,False,,,,,,,F,best_matching_weekday
ERCOT_demand_NCENT,Texas Independence Day,Texas Independence Day,2022-03-02,H2,Wednesday,1,Weekday,Spring,fixed_date,True,False,Friday,B,1.0,Friday-like,D,1.0,F,best_matching_weekday
ERCOT_demand_NCENT,San Jacinto Day,San Jacinto Day,2022-04-21,H2,Thursday,1,Weekday,Spring,fixed_date,True,False,,,,,,,I,best_matching_weekday
ERCOT_demand_NCENT,Memorial Day,Memorial Day,2022-05-30,H2,Monday,1,Weekday,Spring,relative_weekday_rule,False,False,Sunday,A,0.0,Saturday-like,E,2.0,I,best_matching_weekday
ERCOT_demand_NCENT,Juneteenth National Independence Day,Juneteenth National Independence Day,2022-06-19,H2,Sunday,3,Sunday,Summer,fixed_date,True,False,,,,,,,H,best_matching_weekday
ERCOT_demand_NCENT,Independence Day,Independence Day,2022-07-04,H2,Monday,1,Weekday,Summer,fixed_date,True,False,,,,,,,H,best_matching_weekday
ERCOT_demand_NCENT,Lyndon B. Johnson Day,Lyndon B. Johnson Day,2022-08-27,H2,Saturday,2,Saturday,Summer,fixed_date,True,False,,,,,,,I,best_matching_weekday
ERCOT_demand_NCENT,Labor Day,Labor Day,2022-09-05,H2,Monday,1,Weekday,Autumn,relative_weekday_rule,False,False,,,,,,,I,best_matching_weekday
ERCOT_demand_NCENT,Veterans Day,Veterans Day,2022-11-11,H2,Friday,1,Weekday,Autumn,fixed_date,True,False,,,,,,,I,best_matching_weekday
ERCOT_demand_NCENT,Thanksgiving Day,Thanksgiving Day,2022-11-24,H1,Thursday,1,Weekday,Autumn,relative_weekday_rule,False,False,,,,,,,F,best_matching_weekday
ERCOT_demand_NCENT,Day after Thanksgiving,Day after Thanksgiving,2022-11-25,H2,Friday,1,Weekday,Autumn,relative_to_holiday_rule,False,False,,,,,,,L,best_matching_weekday
ERCOT_demand_NCENT,Post-holiday recovery,Day after Thanksgiving,2022-11-26,H4,Saturday,2,Saturday,Autumn,derived_recovery_day,False,False,,,,,,,L,best_matching_weekday
ERCOT_demand_NCENT,Christmas Eve,Christmas Eve,2022-12-24,H1,Saturday,2,Saturday,Winter,fixed_date,True,False,Tuesday,B,1.0,Friday-like,C,0.0,K,best_matching_weekday
ERCOT_demand_NCENT,Christmas Day,Christmas Day,2022-12-25,H2,Sunday,3,Sunday,Winter,fixed_date,True,False,Tuesday,B,1.0,Friday-like,E,2.0,K,best_matching_weekday
ERCOT_demand_NCENT,Post-holiday recovery,Christmas Day,2022-12-26,H4,Monday,1,Weekday,Winter,derived_recovery_day,False,False,,,,,,,I,best_matching_weekday
ERCOT_demand_NCENT,New Year's Day,New Year's Day,2023-01-01,H2,Sunday,3,Sunday,Winter,fixed_date,True,False,Saturday,A,0.0,Saturday-like,D,1.0,H,best_matching_weekday
ERCOT_demand_NCENT,Martin Luther King Jr. Day,Martin Luther King Jr. Day,2023-01-16,H2,Monday,1,Weekday,Winter,relative_weekday_rule,False,False,Saturday,A,0.0,Saturday-like,D,1.0,H,best_matching_weekday
ERCOT_demand_NCENT,Presidents' Day,Presidents' Day,2023-02-20,H2,Monday,1,Weekday,Winter,relative_weekday_rule,False,False,,,,,,,F,best_matching_weekday
ERCOT_demand_NCENT,Texas Independence Day,Texas Independence Day,2023-03-02,H2,Thursday,1,Weekday,Spring,fixed_date,True,False,,,,,,,F,best_matching_weekday
ERCOT_demand_NCENT,San Jacinto Day,San Jacinto Day,2023-04-21,H2,Friday,1,Weekday,Spring,fixed_date,True,False,,,,,,,I,best_matching_weekday
ERCOT_demand_NCENT,Memorial Day,Memorial Day,2023-05-29,H2,Monday,1,Weekday,Spring,relative_weekday_rule,False,False,Friday,A,0.0,Saturday-like,D,1.0,F,best_matching_weekday
ERCOT_demand_NCENT,Juneteenth National Independence Day,Juneteenth National Independence Day,2023-06-19,H2,Monday,1,Weekday,Summer,fixed_date,True,False,,,,,,,H,best_matching_weekday
ERCOT_demand_NCENT,Independence Day,Independence Day,2023-07-04,H2,Tuesday,1,Weekday,Summer,fixed_date,True,False,,,,,,,H,best_matching_weekday
ERCOT_demand_NCENT,Lyndon B. Johnson Day,Lyndon B. Johnson Day,2023-08-27,H2,Sunday,3,Sunday,Summer,fixed_date,True,False,Saturday,A,0.0,Saturday-like,C,0.0,H,best_matching_weekday
ERCOT_demand_NCENT,Labor Day,Labor Day,2023-09-04,H2,Monday,1,Weekday,Autumn,relative_weekday_rule,False,False,Sunday,A,0.0,Saturday-like,E,2.0,I,best_matching_weekday
ERCOT_demand_NCENT,Veterans Day,Veterans Day,2023-11-11,H2,Saturday,2,Saturday,Autumn,fixed_date,True,False,,,,,,,I,best_matching_weekday
ERCOT_demand_NCENT,Thanksgiving Day,Thanksgiving Day,2023-11-23,H1,Thursday,1,Weekday,Autumn,relative_weekday_rule,False,False,Friday,B,1.0,Friday-like,D,1.0,F,best_matching_weekday
ERCOT_demand_NCENT,Day after Thanksgiving,Day after Thanksgiving,2023-11-24,H2,Friday,1,Weekday,Autumn,relative_to_holiday_rule,False,False,Wednesday,B,1.0,Friday-like,D,1.0,L,best_matching_weekday
ERCOT_demand_NCENT,Post-holiday recovery,Day after Thanksgiving,2023-11-25,H4,Saturday,2,Saturday,Autumn,derived_recovery_day,False,False,,,,,,,L,best_matching_weekday
ERCOT_demand_NCENT,Christmas Eve,Christmas Eve,2023-12-24,H1,Sunday,3,Sunday,Winter,fixed_date,True,False,,,,,,,K,best_matching_weekday
ERCOT_demand_NCENT,Christmas Day,Christmas Day,2023-12-25,H2,Monday,1,Weekday,Winter,fixed_date,True,False,,,,,,,K,best_matching_weekday
ERCOT_demand_NCENT,Post-holiday recovery,Christmas Day,2023-12-26,H4,Tuesday,1,Weekday,Winter,derived_recovery_day,False,False,,,,,,,I,best_matching_weekday
ERCOT_demand_NCENT,New Year's Day,New Year's Day,2024-01-01,H2,Monday,1,Weekday,Winter,fixed_date,True,False,,,,,,,H,best_matching_weekday
ERCOT_demand_NCENT,Martin Luther King Jr. Day,Martin Luther King Jr. Day,2024-01-15,H2,Monday,1,Weekday,Winter,relative_weekday_rule,False,False,Sunday,B,1.0,Friday-like,C,0.0,I,best_matching_weekday
ERCOT_demand_NCENT,Presidents' Day,Presidents' Day,2024-02-19,H2,Monday,1,Weekday,Winter,relative_weekday_rule,False,False,Friday,B,1.0,Friday-like,D,1.0,F,best_matching_weekday
ERCOT_demand_NCENT,Texas Independence Day,Texas Independence Day,2024-03-02,H2,Saturday,2,Saturday,Spring,fixed_date,True,False,,,,,,,F,best_matching_weekday
ERCOT_demand_NCENT,San Jacinto Day,San Jacinto Day,2024-04-21,H2,Sunday,3,Sunday,Spring,fixed_date,True,False,Sunday,A,0.0,Saturday-like,D,1.0,I,best_matching_weekday
ERCOT_demand_NCENT,Memorial Day,Memorial Day,2024-05-27,H2,Monday,1,Weekday,Spring,relative_weekday_rule,False,False,Saturday,A,0.0,Saturday-like,E,2.0,H,best_matching_weekday
ERCOT_demand_NCENT,Juneteenth National Independence Day,Juneteenth National Independence Day,2024-06-19,H2,Wednesday,1,Weekday,Summer,fixed_date,True,False,Saturday,A,0.0,Saturday-like,E,2.0,H,best_matching_weekday
ERCOT_demand_NCENT,Independence Day,Independence Day,2024-07-04,H2,Thursday,1,Weekday,Summer,fixed_date,True,False,Saturday,A,0.0,Saturday-like,C,0.0,H,best_matching_weekday
ERCOT_demand_NCENT,Lyndon B. Johnson Day,Lyndon B. Johnson Day,2024-08-27,H2,Tuesday,1,Weekday,Summer,fixed_date,True,False,,,,,,,I,best_matching_weekday
ERCOT_demand_NCENT,Labor Day,Labor Day,2024-09-02,H2,Monday,1,Weekday,Autumn,relative_weekday_rule,False,False,Sunday,A,0.0,Saturday-like,E,2.0,I,best_matching_weekday
ERCOT_demand_NCENT,Veterans Day,Veterans Day,2024-11-11,H2,Monday,1,Weekday,Autumn,fixed_date,True,False,,,,,,,I,best_matching_weekday
ERCOT_demand_NCENT,Thanksgiving Day,Thanksgiving Day,2024-11-28,H1,Thursday,1,Weekday,Autumn,relative_weekday_rule,False,False,,,,,,,F,best_matching_weekday
ERCOT_demand_NCENT,Day after Thanksgiving,Day after Thanksgiving,2024-11-29,H2,Friday,1,Weekday,Autumn,relative_to_holiday_rule,False,False,Wednesday,B,1.0,Friday-like,D,1.0,L,best_matching_weekday
ERCOT_demand_NCENT,Post-holiday recovery,Day after Thanksgiving,2024-11-30,H4,Saturday,2,Saturday,Autumn,derived_recovery_day,False,False,,,,,,,L,best_matching_weekday
ERCOT_demand_NCENT,Christmas Eve,Christmas Eve,2024-12-24,H1,Tuesday,1,Weekday,Winter,fixed_date,True,False,Sunday,A,0.0,Saturday-like,D,1.0,I,best_matching_weekday
ERCOT_demand_NCENT,Christmas Day,Christmas Day,2024-12-25,H2,Wednesday,1,Weekday,Winter,fixed_date,True,False,Sunday,A,0.0,Saturday-like,D,1.0,I,best_matching_weekday
ERCOT_demand_NCENT,Post-holiday recovery,Christmas Day,2024-12-26,H4,Thursday,1,Weekday,Winter,derived_recovery_day,False,False,,,,,,,I,best_matching_weekday
ERCOT_demand_NCENT,New Year's Day,New Year's Day,2025-01-01,H2,Wednesday,1,Weekday,Winter,fixed_date,True,False,,,,,,,H,best_matching_weekday
ERCOT_demand_NCENT,Martin Luther King Jr. Day,Martin Luther King Jr. Day,2025-01-20,H2,Monday,1,Weekday,Winter,relative_weekday_rule,False,False,,,,,,,H,best_matching_weekday
ERCOT_demand_NCENT,Presidents' Day,Presidents' Day,2025-02-17,H2,Monday,1,Weekday,Winter,relative_weekday_rule,False,False,Friday,B,1.0,Friday-like,E,2.0,F,best_matching_weekday
ERCOT_demand_NCENT,Texas Independence Day,Texas Independence Day,2025-03-02,H2,Sunday,3,Sunday,Spring,fixed_date,True,False,,,,,,,F,best_matching_weekday
ERCOT_demand_NCENT,San Jacinto Day,San Jacinto Day,2025-04-21,H2,Monday,1,Weekday,Spring,fixed_date,True,False,,,,,,,I,best_matching_weekday
ERCOT_demand_NCENT,Memorial Day,Memorial Day,2025-05-26,H2,Monday,1,Weekday,Spring,relative_weekday_rule,False,False,Sunday,A,0.0,Saturday-like,E,2.0,I,best_matching_weekday
ERCOT_demand_NCENT,Juneteenth National Independence Day,Juneteenth National Independence Day,2025-06-19,H2,Thursday,1,Weekday,Summer,fixed_date,True,False,Saturday,A,0.0,Saturday-like,C,0.0,H,best_matching_weekday
ERCOT_demand_NCENT,Independence Day,Independence Day,2025-07-04,H2,Friday,1,Weekday,Summer,fixed_date,True,False,Friday,A,0.0,Saturday-like,E,2.0,F,best_matching_weekday
ERCOT_demand_NCENT,Lyndon B. Johnson Day,Lyndon B. Johnson Day,2025-08-27,H2,Wednesday,1,Weekday,Summer,fixed_date,True,False,Thursday,A,0.0,Saturday-like,E,2.0,J,best_matching_weekday
ERCOT_demand_NCENT,Labor Day,Labor Day,2025-09-01,H2,Monday,1,Weekday,Autumn,relative_weekday_rule,False,False,,,,,,,I,best_matching_weekday
ERCOT_demand_NCENT,Veterans Day,Veterans Day,2025-11-11,H2,Tuesday,1,Weekday,Autumn,fixed_date,True,False,Wednesday,B,1.0,Friday-like,D,1.0,L,best_matching_weekday
ERCOT_demand_NCENT,Thanksgiving Day,Thanksgiving Day,2025-11-27,H1,Thursday,1,Weekday,Autumn,relative_weekday_rule,False,False,Friday,A,0.0,Saturday-like,D,1.0,F,best_matching_weekday
ERCOT_demand_NCENT,Day after Thanksgiving,Day after Thanksgiving,2025-11-28,H2,Friday,1,Weekday,Autumn,relative_to_holiday_rule,False,False,,,,,,,L,best_matching_weekday
ERCOT_demand_NCENT,Post-holiday recovery,Day after Thanksgiving,2025-11-29,H4,Saturday,2,Saturday,Autumn,derived_recovery_day,False,False,,,,,,,L,best_matching_weekday
ERCOT_demand_NCENT,Christmas Eve,Christmas Eve,2025-12-24,H1,Wednesday,1,Weekday,Winter,fixed_date,True,False,Sunday,A,0.0,Saturday-like,D,1.0,I,best_matching_weekday
ERCOT_demand_NCENT,Christmas Day,Christmas Day,2025-12-25,H2,Thursday,1,Weekday,Winter,fixed_date,True,False,Sunday,A,0.0,Saturday-like,D,1.0,I,best_matching_weekday
ERCOT_demand_NCENT,Post-holiday recovery,Christmas Day,2025-12-26,H4,Friday,1,Weekday,Winter,derived_recovery_day,False,False,Sunday,A,0.0,Saturday-like,,,I,best_matching_weekday
ERCOT_demand_NCENT,New Year's Day,New Year's Day,2026-01-01,H2,Thursday,1,Weekday,Winter,fixed_date,True,False,,,,,,,H,best_matching_weekday
ERCOT_demand_NCENT,Martin Luther King Jr. Day,Martin Luther King Jr. Day,2026-01-19,H2,Monday,1,Weekday,Winter,relative_weekday_rule,False,False,,,,,,,H,best_matching_weekday
ERCOT_demand_NCENT,Presidents' Day,Presidents' Day,2026-02-16,H2,Monday,1,Weekday,Winter,relative_weekday_rule,False,False,,,,,,,F,best_matching_weekday
ERCOT_demand_NCENT,Texas Independence Day,Texas Independence Day,2026-03-02,H2,Monday,1,Weekday,Spring,fixed_date,True,False,,,,,,,F,best_matching_weekday
ERCOT_demand_NORTH,Martin Luther King Jr. Day,Martin Luther King Jr. Day,2016-01-18,H2,Monday,1,Weekday,Winter,relative_weekday_rule,False,False,,,,,,,J,best_matching_weekday
ERCOT_demand_NORTH,Presidents' Day,Presidents' Day,2016-02-15,H2,Monday,1,Weekday,Winter,relative_weekday_rule,False,False,,,,,,,K,best_matching_weekday
ERCOT_demand_NORTH,Texas Independence Day,Texas Independence Day,2016-03-02,H2,Wednesday,1,Weekday,Spring,fixed_date,True,False,,,,,,,G,best_matching_weekday
ERCOT_demand_NORTH,San Jacinto Day,San Jacinto Day,2016-04-21,H2,Thursday,1,Weekday,Spring,fixed_date,True,False,,,,,,,F,best_matching_weekday
ERCOT_demand_NORTH,Memorial Day,Memorial Day,2016-05-30,H2,Monday,1,Weekday,Spring,relative_weekday_rule,False,False,,,,,,,J,best_matching_weekday
ERCOT_demand_NORTH,Juneteenth National Independence Day,Juneteenth National Independence Day,2016-06-19,H2,Sunday,3,Sunday,Summer,fixed_date,True,False,,,,,,,F,best_matching_weekday
ERCOT_demand_NORTH,Independence Day,Independence Day,2016-07-04,H2,Monday,1,Weekday,Summer,fixed_date,True,False,Sunday,B,1.0,Thursday-like,D,1.0,I,best_matching_weekday
ERCOT_demand_NORTH,Lyndon B. Johnson Day,Lyndon B. Johnson Day,2016-08-27,H2,Saturday,2,Saturday,Summer,fixed_date,True,False,,,,,,,F,best_matching_weekday
ERCOT_demand_NORTH,Labor Day,Labor Day,2016-09-05,H2,Monday,1,Weekday,Autumn,relative_weekday_rule,False,False,,,,,,,F,best_matching_weekday
ERCOT_demand_NORTH,Veterans Day,Veterans Day,2016-11-11,H2,Friday,1,Weekday,Autumn,fixed_date,True,False,,,,,,,,best_matching_weekday
ERCOT_demand_NORTH,Thanksgiving Day,Thanksgiving Day,2016-11-24,H1,Thursday,1,Weekday,Autumn,relative_weekday_rule,False,False,Saturday,A,0.0,unclear,D,1.0,H,best_matching_weekday
ERCOT_demand_NORTH,Day after Thanksgiving,Day after Thanksgiving,2016-11-25,H2,Friday,1,Weekday,Autumn,relative_to_holiday_rule,False,False,,,,,,,H,best_matching_weekday
ERCOT_demand_NORTH,Post-holiday recovery,Day after Thanksgiving,2016-11-26,H4,Saturday,2,Saturday,Autumn,derived_recovery_day,False,False,,,,,,,H,best_matching_weekday
ERCOT_demand_NORTH,Christmas Eve,Christmas Eve,2016-12-24,H1,Saturday,2,Saturday,Winter,fixed_date,True,False,,,,,,,F,best_matching_weekday
ERCOT_demand_NORTH,Christmas Day,Christmas Day,2016-12-25,H2,Sunday,3,Sunday,Winter,fixed_date,True,False,,,,,,,F,best_matching_weekday
ERCOT_demand_NORTH,Post-holiday recovery,Christmas Day,2016-12-26,H4,Monday,1,Weekday,Winter,derived_recovery_day,False,False,,,,,,,H,best_matching_weekday
ERCOT_demand_NORTH,New Year's Day,New Year's Day,2017-01-01,H2,Sunday,3,Sunday,Winter,fixed_date,True,False,,,,,,,J,best_matching_weekday
ERCOT_demand_NORTH,Martin Luther King Jr. Day,Martin Luther King Jr. Day,2017-01-16,H2,Monday,1,Weekday,Winter,relative_weekday_rule,False,False,,,,,,,J,best_matching_weekday
ERCOT_demand_NORTH,Presidents' Day,Presidents' Day,2017-02-20,H2,Monday,1,Weekday,Winter,relative_weekday_rule,False,False,Tuesday,B,1.0,Thursday-like,D,1.0,K,best_matching_weekday
ERCOT_demand_NORTH,Texas Independence Day,Texas Independence Day,2017-03-02,H2,Thursday,1,Weekday,Spring,fixed_date,True,False,Monday,A,0.0,unclear,D,1.0,G,best_matching_weekday
ERCOT_demand_NORTH,San Jacinto Day,San Jacinto Day,2017-04-21,H2,Friday,1,Weekday,Spring,fixed_date,True,False,,,,,,,F,best_matching_weekday
ERCOT_demand_NORTH,Memorial Day,Memorial Day,2017-05-29,H2,Monday,1,Weekday,Spring,relative_weekday_rule,False,False,,,,,,,J,best_matching_weekday
ERCOT_demand_NORTH,Juneteenth National Independence Day,Juneteenth National Independence Day,2017-06-19,H2,Monday,1,Weekday,Summer,fixed_date,True,False,,,,,,,F,best_matching_weekday
ERCOT_demand_NORTH,Independence Day,Independence Day,2017-07-04,H2,Tuesday,1,Weekday,Summer,fixed_date,True,False,Sunday,B,1.0,Thursday-like,D,1.0,I,best_matching_weekday
ERCOT_demand_NORTH,Lyndon B. Johnson Day,Lyndon B. Johnson Day,2017-08-27,H2,Sunday,3,Sunday,Summer,fixed_date,True,False,,,,,,,F,best_matching_weekday
ERCOT_demand_NORTH,Labor Day,Labor Day,2017-09-04,H2,Monday,1,Weekday,Autumn,relative_weekday_rule,False,False,,,,,,,F,best_matching_weekday
ERCOT_demand_NORTH,Veterans Day,Veterans Day,2017-11-11,H2,Saturday,2,Saturday,Autumn,fixed_date,True,False,,,,,,,,best_matching_weekday
ERCOT_demand_NORTH,Thanksgiving Day,Thanksgiving Day,2017-11-23,H1,Thursday,1,Weekday,Autumn,relative_weekday_rule,False,False,Tuesday,A,0.0,unclear,D,1.0,K,best_matching_weekday
ERCOT_demand_NORTH,Day after Thanksgiving,Day after Thanksgiving,2017-11-24,H2,Friday,1,Weekday,Autumn,relative_to_holiday_rule,False,False,,,,,,,H,best_matching_weekday
ERCOT_demand_NORTH,Post-holiday recovery,Day after Thanksgiving,2017-11-25,H4,Saturday,2,Saturday,Autumn,derived_recovery_day,False,False,,,,,,,H,best_matching_weekday
ERCOT_demand_NORTH,Christmas Eve,Christmas Eve,2017-12-24,H1,Sunday,3,Sunday,Winter,fixed_date,True,False,,,,,,,F,best_matching_weekday
ERCOT_demand_NORTH,Christmas Day,Christmas Day,2017-12-25,H2,Monday,1,Weekday,Winter,fixed_date,True,False,,,,,,,F,best_matching_weekday
ERCOT_demand_NORTH,Post-holiday recovery,Christmas Day,2017-12-26,H4,Tuesday,1,Weekday,Winter,derived_recovery_day,False,False,,,,,,,H,best_matching_weekday
ERCOT_demand_NORTH,New Year's Day,New Year's Day,2018-01-01,H2,Monday,1,Weekday,Winter,fixed_date,True,False,,,,,,,J,best_matching_weekday
ERCOT_demand_NORTH,Martin Luther King Jr. Day,Martin Luther King Jr. Day,2018-01-15,H2,Monday,1,Weekday,Winter,relative_weekday_rule,False,False,Thursday,B,1.0,Thursday-like,D,1.0,J,best_matching_weekday
ERCOT_demand_NORTH,Presidents' Day,Presidents' Day,2018-02-19,H2,Monday,1,Weekday,Winter,relative_weekday_rule,False,False,Tuesday,B,1.0,Thursday-like,D,1.0,K,best_matching_weekday
ERCOT_demand_NORTH,Texas Independence Day,Texas Independence Day,2018-03-02,H2,Friday,1,Weekday,Spring,fixed_date,True,False,Monday,A,0.0,unclear,D,1.0,G,best_matching_weekday
ERCOT_demand_NORTH,San Jacinto Day,San Jacinto Day,2018-04-21,H2,Saturday,2,Saturday,Spring,fixed_date,True,False,,,,,,,F,best_matching_weekday
ERCOT_demand_NORTH,Memorial Day,Memorial Day,2018-05-28,H2,Monday,1,Weekday,Spring,relative_weekday_rule,False,False,,,,,,,J,best_matching_weekday
ERCOT_demand_NORTH,Juneteenth National Independence Day,Juneteenth National Independence Day,2018-06-19,H2,Tuesday,1,Weekday,Summer,fixed_date,True,False,,,,,,,F,best_matching_weekday
ERCOT_demand_NORTH,Independence Day,Independence Day,2018-07-04,H2,Wednesday,1,Weekday,Summer,fixed_date,True,False,Friday,B,1.0,Thursday-like,D,1.0,F,best_matching_weekday
ERCOT_demand_NORTH,Lyndon B. Johnson Day,Lyndon B. Johnson Day,2018-08-27,H2,Monday,1,Weekday,Summer,fixed_date,True,False,,,,,,,F,best_matching_weekday
ERCOT_demand_NORTH,Labor Day,Labor Day,2018-09-03,H2,Monday,1,Weekday,Autumn,relative_weekday_rule,False,False,,,,,,,F,best_matching_weekday
ERCOT_demand_NORTH,Veterans Day,Veterans Day,2018-11-11,H2,Sunday,3,Sunday,Autumn,fixed_date,True,False,,,,,,,,best_matching_weekday
ERCOT_demand_NORTH,Thanksgiving Day,Thanksgiving Day,2018-11-22,H1,Thursday,1,Weekday,Autumn,relative_weekday_rule,False,False,Tuesday,A,0.0,unclear,D,1.0,K,best_matching_weekday
ERCOT_demand_NORTH,Day after Thanksgiving,Day after Thanksgiving,2018-11-23,H2,Friday,1,Weekday,Autumn,relative_to_holiday_rule,False,False,,,,,,,H,best_matching_weekday
ERCOT_demand_NORTH,Post-holiday recovery,Day after Thanksgiving,2018-11-24,H4,Saturday,2,Saturday,Autumn,derived_recovery_day,False,False,,,,,,,H,best_matching_weekday
ERCOT_demand_NORTH,Christmas Eve,Christmas Eve,2018-12-24,H1,Monday,1,Weekday,Winter,fixed_date,True,False,Friday,A,0.0,unclear,D,1.0,F,best_matching_weekday
ERCOT_demand_NORTH,Christmas Day,Christmas Day,2018-12-25,H2,Tuesday,1,Weekday,Winter,fixed_date,True,False,,,,,,,F,best_matching_weekday
ERCOT_demand_NORTH,Post-holiday recovery,Christmas Day,2018-12-26,H4,Wednesday,1,Weekday,Winter,derived_recovery_day,False,False,,,,,,,H,best_matching_weekday
ERCOT_demand_NORTH,New Year's Day,New Year's Day,2019-01-01,H2,Tuesday,1,Weekday,Winter,fixed_date,True,False,Thursday,B,1.0,Thursday-like,D,1.0,J,best_matching_weekday
ERCOT_demand_NORTH,Martin Luther King Jr. Day,Martin Luther King Jr. Day,2019-01-21,H2,Monday,1,Weekday,Winter,relative_weekday_rule,False,False,,,,,,,J,best_matching_weekday
ERCOT_demand_NORTH,Presidents' Day,Presidents' Day,2019-02-18,H2,Monday,1,Weekday,Winter,relative_weekday_rule,False,False,,,,,,,K,best_matching_weekday
ERCOT_demand_NORTH,Texas Independence Day,Texas Independence Day,2019-03-02,H2,Saturday,2,Saturday,Spring,fixed_date,True,False,,,,,,,G,best_matching_weekday
ERCOT_demand_NORTH,San Jacinto Day,San Jacinto Day,2019-04-21,H2,Sunday,3,Sunday,Spring,fixed_date,True,False,,,,,,,F,best_matching_weekday
ERCOT_demand_NORTH,Memorial Day,Memorial Day,2019-05-27,H2,Monday,1,Weekday,Spring,relative_weekday_rule,False,False,,,,,,,J,best_matching_weekday
ERCOT_demand_NORTH,Juneteenth National Independence Day,Juneteenth National Independence Day,2019-06-19,H2,Wednesday,1,Weekday,Summer,fixed_date,True,False,,,,,,,F,best_matching_weekday
ERCOT_demand_NORTH,Independence Day,Independence Day,2019-07-04,H2,Thursday,1,Weekday,Summer,fixed_date,True,False,,,,,,,I,best_matching_weekday
ERCOT_demand_NORTH,Lyndon B. Johnson Day,Lyndon B. Johnson Day,2019-08-27,H2,Tuesday,1,Weekday,Summer,fixed_date,True,False,Sunday,B,1.0,Thursday-like,D,1.0,I,best_matching_weekday
ERCOT_demand_NORTH,Labor Day,Labor Day,2019-09-02,H2,Monday,1,Weekday,Autumn,relative_weekday_rule,False,False,,,,,,,F,best_matching_weekday
ERCOT_demand_NORTH,Veterans Day,Veterans Day,2019-11-11,H2,Monday,1,Weekday,Autumn,fixed_date,True,False,,,,,,,,best_matching_weekday
ERCOT_demand_NORTH,Thanksgiving Day,Thanksgiving Day,2019-11-28,H1,Thursday,1,Weekday,Autumn,relative_weekday_rule,False,False,,,,,,,K,best_matching_weekday
ERCOT_demand_NORTH,Day after Thanksgiving,Day after Thanksgiving,2019-11-29,H2,Friday,1,Weekday,Autumn,relative_to_holiday_rule,False,False,,,,,,,H,best_matching_weekday
ERCOT_demand_NORTH,Post-holiday recovery,Day after Thanksgiving,2019-11-30,H4,Saturday,2,Saturday,Autumn,derived_recovery_day,False,False,,,,,,,H,best_matching_weekday
ERCOT_demand_NORTH,Christmas Eve,Christmas Eve,2019-12-24,H1,Tuesday,1,Weekday,Winter,fixed_date,True,False,Friday,A,0.0,unclear,D,1.0,F,best_matching_weekday
ERCOT_demand_NORTH,Christmas Day,Christmas Day,2019-12-25,H2,Wednesday,1,Weekday,Winter,fixed_date,True,False,,,,,,,F,best_matching_weekday
ERCOT_demand_NORTH,Post-holiday recovery,Christmas Day,2019-12-26,H4,Thursday,1,Weekday,Winter,derived_recovery_day,False,False,,,,,,,H,best_matching_weekday
ERCOT_demand_NORTH,New Year's Day,New Year's Day,2020-01-01,H2,Wednesday,1,Weekday,Winter,fixed_date,True,False,,,,,,,J,best_matching_weekday
ERCOT_demand_NORTH,Martin Luther King Jr. Day,Martin Luther King Jr. Day,2020-01-20,H2,Monday,1,Weekday,Winter,relative_weekday_rule,False,False,,,,,,,J,best_matching_weekday
ERCOT_demand_NORTH,Presidents' Day,Presidents' Day,2020-02-17,H2,Monday,1,Weekday,Winter,relative_weekday_rule,False,False,,,,,,,K,best_matching_weekday
ERCOT_demand_NORTH,Texas Independence Day,Texas Independence Day,2020-03-02,H2,Monday,1,Weekday,Spring,fixed_date,True,False,,,,,,,G,best_matching_weekday
ERCOT_demand_NORTH,San Jacinto Day,San Jacinto Day,2020-04-21,H2,Tuesday,1,Weekday,Spring,fixed_date,True,False,,,,,,,F,best_matching_weekday
ERCOT_demand_NORTH,Memorial Day,Memorial Day,2020-05-25,H2,Monday,1,Weekday,Spring,relative_weekday_rule,False,False,Thursday,B,1.0,Thursday-like,D,1.0,J,best_matching_weekday
ERCOT_demand_NORTH,Juneteenth National Independence Day,Juneteenth National Independence Day,2020-06-19,H2,Friday,1,Weekday,Summer,fixed_date,True,False,Friday,B,1.0,Thursday-like,D,1.0,F,best_matching_weekday
ERCOT_demand_NORTH,Independence Day,Independence Day,2020-07-04,H2,Saturday,2,Saturday,Summer,fixed_date,True,False,,,,,,,I,best_matching_weekday
ERCOT_demand_NORTH,Lyndon B. Johnson Day,Lyndon B. Johnson Day,2020-08-27,H2,Thursday,1,Weekday,Summer,fixed_date,True,False,,,,,,,F,best_matching_weekday
ERCOT_demand_NORTH,Labor Day,Labor Day,2020-09-07,H2,Monday,1,Weekday,Autumn,relative_weekday_rule,False,False,,,,,,,F,best_matching_weekday
ERCOT_demand_NORTH,Veterans Day,Veterans Day,2020-11-11,H2,Wednesday,1,Weekday,Autumn,fixed_date,True,False,,,,,,,,best_matching_weekday
ERCOT_demand_NORTH,Thanksgiving Day,Thanksgiving Day,2020-11-26,H1,Thursday,1,Weekday,Autumn,relative_weekday_rule,False,False,Tuesday,A,0.0,unclear,D,1.0,K,best_matching_weekday
ERCOT_demand_NORTH,Day after Thanksgiving,Day after Thanksgiving,2020-11-27,H2,Friday,1,Weekday,Autumn,relative_to_holiday_rule,False,False,,,,,,,H,best_matching_weekday
ERCOT_demand_NORTH,Post-holiday recovery,Day after Thanksgiving,2020-11-28,H4,Saturday,2,Saturday,Autumn,derived_recovery_day,False,False,,,,,,,H,best_matching_weekday
ERCOT_demand_NORTH,Christmas Eve,Christmas Eve,2020-12-24,H1,Thursday,1,Weekday,Winter,fixed_date,True,False,Friday,A,0.0,unclear,D,1.0,F,best_matching_weekday
ERCOT_demand_NORTH,Christmas Day,Christmas Day,2020-12-25,H2,Friday,1,Weekday,Winter,fixed_date,True,False,Friday,A,0.0,unclear,D,1.0,F,best_matching_weekday
ERCOT_demand_NORTH,Post-holiday recovery,Christmas Day,2020-12-26,H4,Saturday,2,Saturday,Winter,derived_recovery_day,False,False,,,,,,,H,best_matching_weekday
ERCOT_demand_NORTH,New Year's Day,New Year's Day,2022-01-01,H2,Saturday,2,Saturday,Winter,fixed_date,True,False,Thursday,B,1.0,Thursday-like,,,J,best_matching_weekday
ERCOT_demand_NORTH,Martin Luther King Jr. Day,Martin Luther King Jr. Day,2022-01-17,H2,Monday,1,Weekday,Winter,relative_weekday_rule,False,False,,,,,,,J,best_matching_weekday
ERCOT_demand_NORTH,Presidents' Day,Presidents' Day,2022-02-21,H2,Monday,1,Weekday,Winter,relative_weekday_rule,False,False,,,,,,,K,best_matching_weekday
ERCOT_demand_NORTH,Texas Independence Day,Texas Independence Day,2022-03-02,H2,Wednesday,1,Weekday,Spring,fixed_date,True,False,Monday,A,0.0,unclear,D,1.0,G,best_matching_weekday
ERCOT_demand_NORTH,San Jacinto Day,San Jacinto Day,2022-04-21,H2,Thursday,1,Weekday,Spring,fixed_date,True,False,,,,,,,F,best_matching_weekday
ERCOT_demand_NORTH,Memorial Day,Memorial Day,2022-05-30,H2,Monday,1,Weekday,Spring,relative_weekday_rule,False,False,Sunday,B,1.0,Thursday-like,E,2.0,I,best_matching_weekday
ERCOT_demand_NORTH,Juneteenth National Independence Day,Juneteenth National Independence Day,2022-06-19,H2,Sunday,3,Sunday,Summer,fixed_date,True,False,,,,,,,F,best_matching_weekday
ERCOT_demand_NORTH,Independence Day,Independence Day,2022-07-04,H2,Monday,1,Weekday,Summer,fixed_date,True,False,,,,,,,I,best_matching_weekday
ERCOT_demand_NORTH,Lyndon B. Johnson Day,Lyndon B. Johnson Day,2022-08-27,H2,Saturday,2,Saturday,Summer,fixed_date,True,False,,,,,,,F,best_matching_weekday
ERCOT_demand_NORTH,Labor Day,Labor Day,2022-09-05,H2,Monday,1,Weekday,Autumn,relative_weekday_rule,False,False,,,,,,,F,best_matching_weekday
ERCOT_demand_NORTH,Veterans Day,Veterans Day,2022-11-11,H2,Friday,1,Weekday,Autumn,fixed_date,True,False,,,,,,,,best_matching_weekday
ERCOT_demand_NORTH,Thanksgiving Day,Thanksgiving Day,2022-11-24,H1,Thursday,1,Weekday,Autumn,relative_weekday_rule,False,False,,,,,,,K,best_matching_weekday
ERCOT_demand_NORTH,Day after Thanksgiving,Day after Thanksgiving,2022-11-25,H2,Friday,1,Weekday,Autumn,relative_to_holiday_rule,False,False,,,,,,,H,best_matching_weekday
ERCOT_demand_NORTH,Post-holiday recovery,Day after Thanksgiving,2022-11-26,H4,Saturday,2,Saturday,Autumn,derived_recovery_day,False,False,,,,,,,H,best_matching_weekday
ERCOT_demand_NORTH,Christmas Eve,Christmas Eve,2022-12-24,H1,Saturday,2,Saturday,Winter,fixed_date,True,False,Sunday,A,0.0,unclear,E,2.0,I,best_matching_weekday
ERCOT_demand_NORTH,Christmas Day,Christmas Day,2022-12-25,H2,Sunday,3,Sunday,Winter,fixed_date,True,False,Friday,A,0.0,unclear,E,2.0,F,best_matching_weekday
ERCOT_demand_NORTH,Post-holiday recovery,Christmas Day,2022-12-26,H4,Monday,1,Weekday,Winter,derived_recovery_day,False,False,,,,,,,H,best_matching_weekday
ERCOT_demand_NORTH,New Year's Day,New Year's Day,2023-01-01,H2,Sunday,3,Sunday,Winter,fixed_date,True,False,Sunday,A,0.0,unclear,D,1.0,I,best_matching_weekday
ERCOT_demand_NORTH,Martin Luther King Jr. Day,Martin Luther King Jr. Day,2023-01-16,H2,Monday,1,Weekday,Winter,relative_weekday_rule,False,False,Thursday,B,1.0,Thursday-like,D,1.0,J,best_matching_weekday
ERCOT_demand_NORTH,Presidents' Day,Presidents' Day,2023-02-20,H2,Monday,1,Weekday,Winter,relative_weekday_rule,False,False,,,,,,,K,best_matching_weekday
ERCOT_demand_NORTH,Texas Independence Day,Texas Independence Day,2023-03-02,H2,Thursday,1,Weekday,Spring,fixed_date,True,False,,,,,,,G,best_matching_weekday
ERCOT_demand_NORTH,San Jacinto Day,San Jacinto Day,2023-04-21,H2,Friday,1,Weekday,Spring,fixed_date,True,False,,,,,,,F,best_matching_weekday
ERCOT_demand_NORTH,Memorial Day,Memorial Day,2023-05-29,H2,Monday,1,Weekday,Spring,relative_weekday_rule,False,False,,,,,,,J,best_matching_weekday
ERCOT_demand_NORTH,Juneteenth National Independence Day,Juneteenth National Independence Day,2023-06-19,H2,Monday,1,Weekday,Summer,fixed_date,True,False,,,,,,,F,best_matching_weekday
ERCOT_demand_NORTH,Independence Day,Independence Day,2023-07-04,H2,Tuesday,1,Weekday,Summer,fixed_date,True,False,,,,,,,I,best_matching_weekday
ERCOT_demand_NORTH,Lyndon B. Johnson Day,Lyndon B. Johnson Day,2023-08-27,H2,Sunday,3,Sunday,Summer,fixed_date,True,False,Friday,B,1.0,Thursday-like,E,2.0,F,best_matching_weekday
ERCOT_demand_NORTH,Labor Day,Labor Day,2023-09-04,H2,Monday,1,Weekday,Autumn,relative_weekday_rule,False,False,,,,,,,F,best_matching_weekday
ERCOT_demand_NORTH,Veterans Day,Veterans Day,2023-11-11,H2,Saturday,2,Saturday,Autumn,fixed_date,True,False,,,,,,,,best_matching_weekday
ERCOT_demand_NORTH,Thanksgiving Day,Thanksgiving Day,2023-11-23,H1,Thursday,1,Weekday,Autumn,relative_weekday_rule,False,False,Saturday,A,0.0,unclear,D,1.0,H,best_matching_weekday
ERCOT_demand_NORTH,Day after Thanksgiving,Day after Thanksgiving,2023-11-24,H2,Friday,1,Weekday,Autumn,relative_to_holiday_rule,False,False,Saturday,B,1.0,Thursday-like,D,1.0,H,best_matching_weekday
ERCOT_demand_NORTH,Post-holiday recovery,Day after Thanksgiving,2023-11-25,H4,Saturday,2,Saturday,Autumn,derived_recovery_day,False,False,,,,,,,H,best_matching_weekday
ERCOT_demand_NORTH,Christmas Eve,Christmas Eve,2023-12-24,H1,Sunday,3,Sunday,Winter,fixed_date,True,False,Saturday,B,1.0,Thursday-like,D,1.0,H,best_matching_weekday
ERCOT_demand_NORTH,Christmas Day,Christmas Day,2023-12-25,H2,Monday,1,Weekday,Winter,fixed_date,True,False,,,,,,,F,best_matching_weekday
ERCOT_demand_NORTH,Post-holiday recovery,Christmas Day,2023-12-26,H4,Tuesday,1,Weekday,Winter,derived_recovery_day,False,False,,,,,,,H,best_matching_weekday
ERCOT_demand_NORTH,New Year's Day,New Year's Day,2024-01-01,H2,Monday,1,Weekday,Winter,fixed_date,True,False,,,,,,,J,best_matching_weekday
ERCOT_demand_NORTH,Martin Luther King Jr. Day,Martin Luther King Jr. Day,2024-01-15,H2,Monday,1,Weekday,Winter,relative_weekday_rule,False,False,Sunday,A,0.0,unclear,C,0.0,I,best_matching_weekday
ERCOT_demand_NORTH,Presidents' Day,Presidents' Day,2024-02-19,H2,Monday,1,Weekday,Winter,relative_weekday_rule,False,False,Sunday,A,0.0,unclear,E,2.0,I,best_matching_weekday
ERCOT_demand_NORTH,Texas Independence Day,Texas Independence Day,2024-03-02,H2,Saturday,2,Saturday,Spring,fixed_date,True,False,,,,,,,G,best_matching_weekday
ERCOT_demand_NORTH,San Jacinto Day,San Jacinto Day,2024-04-21,H2,Sunday,3,Sunday,Spring,fixed_date,True,False,Friday,B,1.0,Thursday-like,E,2.0,F,best_matching_weekday
ERCOT_demand_NORTH,Memorial Day,Memorial Day,2024-05-27,H2,Monday,1,Weekday,Spring,relative_weekday_rule,False,False,,,,,,,J,best_matching_weekday
ERCOT_demand_NORTH,Juneteenth National Independence Day,Juneteenth National Independence Day,2024-06-19,H2,Wednesday,1,Weekday,Summer,fixed_date,True,False,,,,,,,F,best_matching_weekday
ERCOT_demand_NORTH,Independence Day,Independence Day,2024-07-04,H2,Thursday,1,Weekday,Summer,fixed_date,True,False,Friday,B,1.0,Thursday-like,C,0.0,F,best_matching_weekday
ERCOT_demand_NORTH,Lyndon B. Johnson Day,Lyndon B. Johnson Day,2024-08-27,H2,Tuesday,1,Weekday,Summer,fixed_date,True,False,,,,,,,F,best_matching_weekday
ERCOT_demand_NORTH,Labor Day,Labor Day,2024-09-02,H2,Monday,1,Weekday,Autumn,relative_weekday_rule,False,False,Friday,B,1.0,Thursday-like,E,2.0,F,best_matching_weekday
ERCOT_demand_NORTH,Veterans Day,Veterans Day,2024-11-11,H2,Monday,1,Weekday,Autumn,fixed_date,True,False,,,,,,,,best_matching_weekday
ERCOT_demand_NORTH,Thanksgiving Day,Thanksgiving Day,2024-11-28,H1,Thursday,1,Weekday,Autumn,relative_weekday_rule,False,False,,,,,,,K,best_matching_weekday
ERCOT_demand_NORTH,Day after Thanksgiving,Day after Thanksgiving,2024-11-29,H2,Friday,1,Weekday,Autumn,relative_to_holiday_rule,False,False,Saturday,A,0.0,unclear,E,2.0,H,best_matching_weekday
ERCOT_demand_NORTH,Post-holiday recovery,Day after Thanksgiving,2024-11-30,H4,Saturday,2,Saturday,Autumn,derived_recovery_day,False,False,,,,,,,H,best_matching_weekday
ERCOT_demand_NORTH,Christmas Eve,Christmas Eve,2024-12-24,H1,Tuesday,1,Weekday,Winter,fixed_date,True,False,Friday,B,1.0,Thursday-like,E,2.0,F,best_matching_weekday
ERCOT_demand_NORTH,Christmas Day,Christmas Day,2024-12-25,H2,Wednesday,1,Weekday,Winter,fixed_date,True,False,Saturday,B,1.0,Thursday-like,E,2.0,H,best_matching_weekday
ERCOT_demand_NORTH,Post-holiday recovery,Christmas Day,2024-12-26,H4,Thursday,1,Weekday,Winter,derived_recovery_day,False,False,Saturday,B,1.0,Thursday-like,,,H,best_matching_weekday
ERCOT_demand_NORTH,New Year's Day,New Year's Day,2025-01-01,H2,Wednesday,1,Weekday,Winter,fixed_date,True,False,Saturday,A,0.0,unclear,E,2.0,H,best_matching_weekday
ERCOT_demand_NORTH,Martin Luther King Jr. Day,Martin Luther King Jr. Day,2025-01-20,H2,Monday,1,Weekday,Winter,relative_weekday_rule,False,False,,,,,,,J,best_matching_weekday
ERCOT_demand_NORTH,Presidents' Day,Presidents' Day,2025-02-17,H2,Monday,1,Weekday,Winter,relative_weekday_rule,False,False,Friday,A,0.0,unclear,C,0.0,F,best_matching_weekday
ERCOT_demand_NORTH,Texas Independence Day,Texas Independence Day,2025-03-02,H2,Sunday,3,Sunday,Spring,fixed_date,True,False,Tuesday,B,1.0,Thursday-like,E,2.0,K,best_matching_weekday
ERCOT_demand_NORTH,San Jacinto Day,San Jacinto Day,2025-04-21,H2,Monday,1,Weekday,Spring,fixed_date,True,False,,,,,,,F,best_matching_weekday
ERCOT_demand_NORTH,Memorial Day,Memorial Day,2025-05-26,H2,Monday,1,Weekday,Spring,relative_weekday_rule,False,False,Thursday,B,1.0,Thursday-like,E,2.0,J,best_matching_weekday
ERCOT_demand_NORTH,Juneteenth National Independence Day,Juneteenth National Independence Day,2025-06-19,H2,Thursday,1,Weekday,Summer,fixed_date,True,False,,,,,,,F,best_matching_weekday
ERCOT_demand_NORTH,Independence Day,Independence Day,2025-07-04,H2,Friday,1,Weekday,Summer,fixed_date,True,False,Sunday,B,1.0,Thursday-like,C,0.0,I,best_matching_weekday
ERCOT_demand_NORTH,Lyndon B. Johnson Day,Lyndon B. Johnson Day,2025-08-27,H2,Wednesday,1,Weekday,Summer,fixed_date,True,False,Wednesday,B,1.0,Thursday-like,C,0.0,L,best_matching_weekday
ERCOT_demand_NORTH,Labor Day,Labor Day,2025-09-01,H2,Monday,1,Weekday,Autumn,relative_weekday_rule,False,False,Sunday,B,1.0,Thursday-like,C,0.0,I,best_matching_weekday
ERCOT_demand_NORTH,Veterans Day,Veterans Day,2025-11-11,H2,Tuesday,1,Weekday,Autumn,fixed_date,True,False,,,,,,,,best_matching_weekday
ERCOT_demand_NORTH,Thanksgiving Day,Thanksgiving Day,2025-11-27,H1,Thursday,1,Weekday,Autumn,relative_weekday_rule,False,False,Tuesday,A,0.0,unclear,C,0.0,K,best_matching_weekday
ERCOT_demand_NORTH,Day after Thanksgiving,Day after Thanksgiving,2025-11-28,H2,Friday,1,Weekday,Autumn,relative_to_holiday_rule,False,False,,,,,,,H,best_matching_weekday
ERCOT_demand_NORTH,Post-holiday recovery,Day after Thanksgiving,2025-11-29,H4,Saturday,2,Saturday,Autumn,derived_recovery_day,False,False,,,,,,,H,best_matching_weekday
ERCOT_demand_NORTH,Christmas Eve,Christmas Eve,2025-12-24,H1,Wednesday,1,Weekday,Winter,fixed_date,True,False,Thursday,B,1.0,Thursday-like,E,2.0,J,best_matching_weekday
ERCOT_demand_NORTH,Christmas Day,Christmas Day,2025-12-25,H2,Thursday,1,Weekday,Winter,fixed_date,True,False,Thursday,B,1.0,Thursday-like,E,2.0,J,best_matching_weekday
ERCOT_demand_NORTH,Post-holiday recovery,Christmas Day,2025-12-26,H4,Friday,1,Weekday,Winter,derived_recovery_day,False,False,Thursday,B,1.0,Thursday-like,,,J,best_matching_weekday
ERCOT_demand_NORTH,New Year's Day,New Year's Day,2026-01-01,H2,Thursday,1,Weekday,Winter,fixed_date,True,False,Friday,A,0.0,unclear,E,2.0,F,best_matching_weekday
ERCOT_demand_NORTH,Martin Luther King Jr. Day,Martin Luther King Jr. Day,2026-01-19,H2,Monday,1,Weekday,Winter,relative_weekday_rule,False,False,Thursday,B,1.0,Thursday-like,C,0.0,J,best_matching_weekday
ERCOT_demand_NORTH,Presidents' Day,Presidents' Day,2026-02-16,H2,Monday,1,Weekday,Winter,relative_weekday_rule,False,False,,,,,,,K,best_matching_weekday
ERCOT_demand_NORTH,Texas Independence Day,Texas Independence Day,2026-03-02,H2,Monday,1,Weekday,Spring,fixed_date,True,False,,,,,,,G,best_matching_weekday
ERCOT_demand_SCENT,Martin Luther King Jr. Day,Martin Luther King Jr. Day,2016-01-18,H2,Monday,1,Weekday,Winter,relative_weekday_rule,False,False,,,,,,,J,best_matching_weekday
ERCOT_demand_SCENT,Presidents' Day,Presidents' Day,2016-02-15,H2,Monday,1,Weekday,Winter,relative_weekday_rule,False,False,,,,,,,F,best_matching_weekday
ERCOT_demand_SCENT,Texas Independence Day,Texas Independence Day,2016-03-02,H2,Wednesday,1,Weekday,Spring,fixed_date,True,False,,,,,,,G,best_matching_weekday
ERCOT_demand_SCENT,San Jacinto Day,San Jacinto Day,2016-04-21,H2,Thursday,1,Weekday,Spring,fixed_date,True,False,,,,,,,H,best_matching_weekday
ERCOT_demand_SCENT,Memorial Day,Memorial Day,2016-05-30,H2,Monday,1,Weekday,Spring,relative_weekday_rule,False,False,Sunday,B,1.0,Friday-like,C,0.0,I,best_matching_weekday
ERCOT_demand_SCENT,Juneteenth National Independence Day,Juneteenth National Independence Day,2016-06-19,H2,Sunday,3,Sunday,Summer,fixed_date,True,False,,,,,,,G,best_matching_weekday
ERCOT_demand_SCENT,Independence Day,Independence Day,2016-07-04,H2,Monday,1,Weekday,Summer,fixed_date,True,False,,,,,,,I,best_matching_weekday
ERCOT_demand_SCENT,Lyndon B. Johnson Day,Lyndon B. Johnson Day,2016-08-27,H2,Saturday,2,Saturday,Summer,fixed_date,True,False,Friday,B,1.0,Friday-like,E,2.0,F,best_matching_weekday
ERCOT_demand_SCENT,Labor Day,Labor Day,2016-09-05,H2,Monday,1,Weekday,Autumn,relative_weekday_rule,False,False,,,,,,,H,best_matching_weekday
ERCOT_demand_SCENT,Veterans Day,Veterans Day,2016-11-11,H2,Friday,1,Weekday,Autumn,fixed_date,True,False,,,,,,,F,best_matching_weekday
ERCOT_demand_SCENT,Thanksgiving Day,Thanksgiving Day,2016-11-24,H1,Thursday,1,Weekday,Autumn,relative_weekday_rule,False,False,,,,,,,F,best_matching_weekday
ERCOT_demand_SCENT,Day after Thanksgiving,Day after Thanksgiving,2016-11-25,H2,Friday,1,Weekday,Autumn,relative_to_holiday_rule,False,False,,,,,,,L,best_matching_weekday
ERCOT_demand_SCENT,Post-holiday recovery,Day after Thanksgiving,2016-11-26,H4,Saturday,2,Saturday,Autumn,derived_recovery_day,False,False,,,,,,,L,best_matching_weekday
ERCOT_demand_SCENT,Christmas Eve,Christmas Eve,2016-12-24,H1,Saturday,2,Saturday,Winter,fixed_date,True,False,,,,,,,K,best_matching_weekday
ERCOT_demand_SCENT,Christmas Day,Christmas Day,2016-12-25,H2,Sunday,3,Sunday,Winter,fixed_date,True,False,,,,,,,K,best_matching_weekday
ERCOT_demand_SCENT,Post-holiday recovery,Christmas Day,2016-12-26,H4,Monday,1,Weekday,Winter,derived_recovery_day,False,False,,,,,,,K,best_matching_weekday
ERCOT_demand_SCENT,New Year's Day,New Year's Day,2017-01-01,H2,Sunday,3,Sunday,Winter,fixed_date,True,False,Sunday,B,1.0,Friday-like,C,0.0,I,best_matching_weekday
ERCOT_demand_SCENT,Martin Luther King Jr. Day,Martin Luther King Jr. Day,2017-01-16,H2,Monday,1,Weekday,Winter,relative_weekday_rule,False,False,Tuesday,B,1.0,Friday-like,C,0.0,K,best_matching_weekday
ERCOT_demand_SCENT,Presidents' Day,Presidents' Day,2017-02-20,H2,Monday,1,Weekday,Winter,relative_weekday_rule,False,False,,,,,,,F,best_matching_weekday
ERCOT_demand_SCENT,Texas Independence Day,Texas Independence Day,2017-03-02,H2,Thursday,1,Weekday,Spring,fixed_date,True,False,Monday,B,1.0,Friday-like,C,0.0,G,best_matching_weekday
ERCOT_demand_SCENT,San Jacinto Day,San Jacinto Day,2017-04-21,H2,Friday,1,Weekday,Spring,fixed_date,True,False,,,,,,,H,best_matching_weekday
ERCOT_demand_SCENT,Memorial Day,Memorial Day,2017-05-29,H2,Monday,1,Weekday,Spring,relative_weekday_rule,False,False,,,,,,,H,best_matching_weekday
ERCOT_demand_SCENT,Juneteenth National Independence Day,Juneteenth National Independence Day,2017-06-19,H2,Monday,1,Weekday,Summer,fixed_date,True,False,Monday,B,1.0,Friday-like,E,2.0,G,best_matching_weekday
ERCOT_demand_SCENT,Independence Day,Independence Day,2017-07-04,H2,Tuesday,1,Weekday,Summer,fixed_date,True,False,,,,,,,I,best_matching_weekday
ERCOT_demand_SCENT,Lyndon B. Johnson Day,Lyndon B. Johnson Day,2017-08-27,H2,Sunday,3,Sunday,Summer,fixed_date,True,False,Tuesday,B,1.0,Friday-like,C,0.0,K,best_matching_weekday
ERCOT_demand_SCENT,Labor Day,Labor Day,2017-09-04,H2,Monday,1,Weekday,Autumn,relative_weekday_rule,False,False,,,,,,,H,best_matching_weekday
ERCOT_demand_SCENT,Veterans Day,Veterans Day,2017-11-11,H2,Saturday,2,Saturday,Autumn,fixed_date,True,False,,,,,,,F,best_matching_weekday
ERCOT_demand_SCENT,Thanksgiving Day,Thanksgiving Day,2017-11-23,H1,Thursday,1,Weekday,Autumn,relative_weekday_rule,False,False,Friday,A,0.0,unclear,C,0.0,F,best_matching_weekday
ERCOT_demand_SCENT,Day after Thanksgiving,Day after Thanksgiving,2017-11-24,H2,Friday,1,Weekday,Autumn,relative_to_holiday_rule,False,False,Monday,B,1.0,Friday-like,C,0.0,G,best_matching_weekday
ERCOT_demand_SCENT,Post-holiday recovery,Day after Thanksgiving,2017-11-25,H4,Saturday,2,Saturday,Autumn,derived_recovery_day,False,False,,,,,,,L,best_matching_weekday
ERCOT_demand_SCENT,Christmas Eve,Christmas Eve,2017-12-24,H1,Sunday,3,Sunday,Winter,fixed_date,True,False,Tuesday,A,0.0,unclear,C,0.0,K,best_matching_weekday
ERCOT_demand_SCENT,Christmas Day,Christmas Day,2017-12-25,H2,Monday,1,Weekday,Winter,fixed_date,True,False,Tuesday,A,0.0,unclear,C,0.0,K,best_matching_weekday
ERCOT_demand_SCENT,Post-holiday recovery,Christmas Day,2017-12-26,H4,Tuesday,1,Weekday,Winter,derived_recovery_day,False,False,,,,,,,K,best_matching_weekday
ERCOT_demand_SCENT,New Year's Day,New Year's Day,2018-01-01,H2,Monday,1,Weekday,Winter,fixed_date,True,False,,,,,,,I,best_matching_weekday
ERCOT_demand_SCENT,Martin Luther King Jr. Day,Martin Luther King Jr. Day,2018-01-15,H2,Monday,1,Weekday,Winter,relative_weekday_rule,False,False,,,,,,,J,best_matching_weekday
ERCOT_demand_SCENT,Presidents' Day,Presidents' Day,2018-02-19,H2,Monday,1,Weekday,Winter,relative_weekday_rule,False,False,,,,,,,F,best_matching_weekday
ERCOT_demand_SCENT,Texas Independence Day,Texas Independence Day,2018-03-02,H2,Friday,1,Weekday,Spring,fixed_date,True,False,,,,,,,G,best_matching_weekday
ERCOT_demand_SCENT,San Jacinto Day,San Jacinto Day,2018-04-21,H2,Saturday,2,Saturday,Spring,fixed_date,True,False,,,,,,,H,best_matching_weekday
ERCOT_demand_SCENT,Memorial Day,Memorial Day,2018-05-28,H2,Monday,1,Weekday,Spring,relative_weekday_rule,False,False,Saturday,B,1.0,Friday-like,E,2.0,H,best_matching_weekday
ERCOT_demand_SCENT,Juneteenth National Independence Day,Juneteenth National Independence Day,2018-06-19,H2,Tuesday,1,Weekday,Summer,fixed_date,True,False,Monday,B,1.0,Friday-like,E,2.0,G,best_matching_weekday
ERCOT_demand_SCENT,Independence Day,Independence Day,2018-07-04,H2,Wednesday,1,Weekday,Summer,fixed_date,True,False,Friday,B,1.0,Friday-like,E,2.0,F,best_matching_weekday
ERCOT_demand_SCENT,Lyndon B. Johnson Day,Lyndon B. Johnson Day,2018-08-27,H2,Monday,1,Weekday,Summer,fixed_date,True,False,,,,,,,F,best_matching_weekday
ERCOT_demand_SCENT,Labor Day,Labor Day,2018-09-03,H2,Monday,1,Weekday,Autumn,relative_weekday_rule,False,False,Saturday,B,1.0,Friday-like,E,2.0,H,best_matching_weekday
ERCOT_demand_SCENT,Veterans Day,Veterans Day,2018-11-11,H2,Sunday,3,Sunday,Autumn,fixed_date,True,False,,,,,,,F,best_matching_weekday
ERCOT_demand_SCENT,Thanksgiving Day,Thanksgiving Day,2018-11-22,H1,Thursday,1,Weekday,Autumn,relative_weekday_rule,False,False,Friday,A,0.0,unclear,C,0.0,F,best_matching_weekday
ERCOT_demand_SCENT,Day after Thanksgiving,Day after Thanksgiving,2018-11-23,H2,Friday,1,Weekday,Autumn,relative_to_holiday_rule,False,False,,,,,,,L,best_matching_weekday
ERCOT_demand_SCENT,Post-holiday recovery,Day after Thanksgiving,2018-11-24,H4,Saturday,2,Saturday,Autumn,derived_recovery_day,False,False,,,,,,,L,best_matching_weekday
ERCOT_demand_SCENT,Christmas Eve,Christmas Eve,2018-12-24,H1,Monday,1,Weekday,Winter,fixed_date,True,False,Tuesday,A,0.0,unclear,C,0.0,K,best_matching_weekday
ERCOT_demand_SCENT,Christmas Day,Christmas Day,2018-12-25,H2,Tuesday,1,Weekday,Winter,fixed_date,True,False,Saturday,B,1.0,Friday-like,C,0.0,H,best_matching_weekday
ERCOT_demand_SCENT,Post-holiday recovery,Christmas Day,2018-12-26,H4,Wednesday,1,Weekday,Winter,derived_recovery_day,False,False,,,,,,,K,best_matching_weekday
ERCOT_demand_SCENT,New Year's Day,New Year's Day,2019-01-01,H2,Tuesday,1,Weekday,Winter,fixed_date,True,False,,,,,,,I,best_matching_weekday
ERCOT_demand_SCENT,Martin Luther King Jr. Day,Martin Luther King Jr. Day,2019-01-21,H2,Monday,1,Weekday,Winter,relative_weekday_rule,False,False,Thursday,A,0.0,unclear,C,0.0,J,best_matching_weekday
ERCOT_demand_SCENT,Presidents' Day,Presidents' Day,2019-02-18,H2,Monday,1,Weekday,Winter,relative_weekday_rule,False,False,,,,,,,F,best_matching_weekday
ERCOT_demand_SCENT,Texas Independence Day,Texas Independence Day,2019-03-02,H2,Saturday,2,Saturday,Spring,fixed_date,True,False,Monday,B,1.0,Friday-like,C,0.0,G,best_matching_weekday
ERCOT_demand_SCENT,San Jacinto Day,San Jacinto Day,2019-04-21,H2,Sunday,3,Sunday,Spring,fixed_date,True,False,,,,,,,H,best_matching_weekday
ERCOT_demand_SCENT,Memorial Day,Memorial Day,2019-05-27,H2,Monday,1,Weekday,Spring,relative_weekday_rule,False,False,,,,,,,H,best_matching_weekday
ERCOT_demand_SCENT,Juneteenth National Independence Day,Juneteenth National Independence Day,2019-06-19,H2,Wednesday,1,Weekday,Summer,fixed_date,True,False,,,,,,,G,best_matching_weekday
ERCOT_demand_SCENT,Independence Day,Independence Day,2019-07-04,H2,Thursday,1,Weekday,Summer,fixed_date,True,False,,,,,,,I,best_matching_weekday
ERCOT_demand_SCENT,Lyndon B. Johnson Day,Lyndon B. Johnson Day,2019-08-27,H2,Tuesday,1,Weekday,Summer,fixed_date,True,False,Friday,B,1.0,Friday-like,D,1.0,F,best_matching_weekday
ERCOT_demand_SCENT,Labor Day,Labor Day,2019-09-02,H2,Monday,1,Weekday,Autumn,relative_weekday_rule,False,False,Saturday,B,1.0,Friday-like,E,2.0,H,best_matching_weekday
ERCOT_demand_SCENT,Veterans Day,Veterans Day,2019-11-11,H2,Monday,1,Weekday,Autumn,fixed_date,True,False,Sunday,B,1.0,Friday-like,C,0.0,I,best_matching_weekday
ERCOT_demand_SCENT,Thanksgiving Day,Thanksgiving Day,2019-11-28,H1,Thursday,1,Weekday,Autumn,relative_weekday_rule,False,False,Friday,B,1.0,Friday-like,C,0.0,F,best_matching_weekday
ERCOT_demand_SCENT,Day after Thanksgiving,Day after Thanksgiving,2019-11-29,H2,Friday,1,Weekday,Autumn,relative_to_holiday_rule,False,False,,,,,,,L,best_matching_weekday
ERCOT_demand_SCENT,Post-holiday recovery,Day after Thanksgiving,2019-11-30,H4,Saturday,2,Saturday,Autumn,derived_recovery_day,False,False,,,,,,,L,best_matching_weekday
ERCOT_demand_SCENT,Christmas Eve,Christmas Eve,2019-12-24,H1,Tuesday,1,Weekday,Winter,fixed_date,True,False,Tuesday,A,0.0,unclear,C,0.0,K,best_matching_weekday
ERCOT_demand_SCENT,Christmas Day,Christmas Day,2019-12-25,H2,Wednesday,1,Weekday,Winter,fixed_date,True,False,,,,,,,K,best_matching_weekday
ERCOT_demand_SCENT,Post-holiday recovery,Christmas Day,2019-12-26,H4,Thursday,1,Weekday,Winter,derived_recovery_day,False,False,,,,,,,K,best_matching_weekday
ERCOT_demand_SCENT,New Year's Day,New Year's Day,2020-01-01,H2,Wednesday,1,Weekday,Winter,fixed_date,True,False,Tuesday,B,1.0,Friday-like,C,0.0,K,best_matching_weekday
ERCOT_demand_SCENT,Martin Luther King Jr. Day,Martin Luther King Jr. Day,2020-01-20,H2,Monday,1,Weekday,Winter,relative_weekday_rule,False,False,,,,,,,J,best_matching_weekday
ERCOT_demand_SCENT,Presidents' Day,Presidents' Day,2020-02-17,H2,Monday,1,Weekday,Winter,relative_weekday_rule,False,False,,,,,,,F,best_matching_weekday
ERCOT_demand_SCENT,Texas Independence Day,Texas Independence Day,2020-03-02,H2,Monday,1,Weekday,Spring,fixed_date,True,False,,,,,,,G,best_matching_weekday
ERCOT_demand_SCENT,San Jacinto Day,San Jacinto Day,2020-04-21,H2,Tuesday,1,Weekday,Spring,fixed_date,True,False,Saturday,B,1.0,Friday-like,C,0.0,H,best_matching_weekday
ERCOT_demand_SCENT,Memorial Day,Memorial Day,2020-05-25,H2,Monday,1,Weekday,Spring,relative_weekday_rule,False,False,Sunday,B,1.0,Friday-like,C,0.0,I,best_matching_weekday
ERCOT_demand_SCENT,Juneteenth National Independence Day,Juneteenth National Independence Day,2020-06-19,H2,Friday,1,Weekday,Summer,fixed_date,True,False,,,,,,,G,best_matching_weekday
ERCOT_demand_SCENT,Independence Day,Independence Day,2020-07-04,H2,Saturday,2,Saturday,Summer,fixed_date,True,False,,,,,,,I,best_matching_weekday
ERCOT_demand_SCENT,Lyndon B. Johnson Day,Lyndon B. Johnson Day,2020-08-27,H2,Thursday,1,Weekday,Summer,fixed_date,True,False,,,,,,,F,best_matching_weekday
ERCOT_demand_SCENT,Labor Day,Labor Day,2020-09-07,H2,Monday,1,Weekday,Autumn,relative_weekday_rule,False,False,,,,,,,H,best_matching_weekday
ERCOT_demand_SCENT,Veterans Day,Veterans Day,2020-11-11,H2,Wednesday,1,Weekday,Autumn,fixed_date,True,False,,,,,,,F,best_matching_weekday
ERCOT_demand_SCENT,Thanksgiving Day,Thanksgiving Day,2020-11-26,H1,Thursday,1,Weekday,Autumn,relative_weekday_rule,False,False,,,,,,,F,best_matching_weekday
ERCOT_demand_SCENT,Day after Thanksgiving,Day after Thanksgiving,2020-11-27,H2,Friday,1,Weekday,Autumn,relative_to_holiday_rule,False,False,,,,,,,L,best_matching_weekday
ERCOT_demand_SCENT,Post-holiday recovery,Day after Thanksgiving,2020-11-28,H4,Saturday,2,Saturday,Autumn,derived_recovery_day,False,False,,,,,,,L,best_matching_weekday
ERCOT_demand_SCENT,Christmas Eve,Christmas Eve,2020-12-24,H1,Thursday,1,Weekday,Winter,fixed_date,True,False,,,,,,,K,best_matching_weekday
ERCOT_demand_SCENT,Christmas Day,Christmas Day,2020-12-25,H2,Friday,1,Weekday,Winter,fixed_date,True,False,Tuesday,A,0.0,unclear,C,0.0,K,best_matching_weekday
ERCOT_demand_SCENT,Post-holiday recovery,Christmas Day,2020-12-26,H4,Saturday,2,Saturday,Winter,derived_recovery_day,False,False,,,,,,,K,best_matching_weekday
ERCOT_demand_SCENT,New Year's Day,New Year's Day,2022-01-01,H2,Saturday,2,Saturday,Winter,fixed_date,True,False,Tuesday,B,1.0,Friday-like,,,K,best_matching_weekday
ERCOT_demand_SCENT,Martin Luther King Jr. Day,Martin Luther King Jr. Day,2022-01-17,H2,Monday,1,Weekday,Winter,relative_weekday_rule,False,False,Thursday,A,0.0,unclear,C,0.0,J,best_matching_weekday
ERCOT_demand_SCENT,Presidents' Day,Presidents' Day,2022-02-21,H2,Monday,1,Weekday,Winter,relative_weekday_rule,False,False,,,,,,,F,best_matching_weekday
ERCOT_demand_SCENT,Texas Independence Day,Texas Independence Day,2022-03-02,H2,Wednesday,1,Weekday,Spring,fixed_date,True,False,Monday,A,0.0,unclear,C,0.0,G,best_matching_weekday
ERCOT_demand_SCENT,San Jacinto Day,San Jacinto Day,2022-04-21,H2,Thursday,1,Weekday,Spring,fixed_date,True,False,,,,,,,H,best_matching_weekday
ERCOT_demand_SCENT,Memorial Day,Memorial Day,2022-05-30,H2,Monday,1,Weekday,Spring,relative_weekday_rule,False,False,,,,,,,H,best_matching_weekday
ERCOT_demand_SCENT,Juneteenth National Independence Day,Juneteenth National Independence Day,2022-06-19,H2,Sunday,3,Sunday,Summer,fixed_date,True,False,,,,,,,G,best_matching_weekday
ERCOT_demand_SCENT,Independence Day,Independence Day,2022-07-04,H2,Monday,1,Weekday,Summer,fixed_date,True,False,Sunday,B,1.0,Friday-like,D,1.0,I,best_matching_weekday
ERCOT_demand_SCENT,Lyndon B. Johnson Day,Lyndon B. Johnson Day,2022-08-27,H2,Saturday,2,Saturday,Summer,fixed_date,True,False,,,,,,,F,best_matching_weekday
ERCOT_demand_SCENT,Labor Day,Labor Day,2022-09-05,H2,Monday,1,Weekday,Autumn,relative_weekday_rule,False,False,,,,,,,H,best_matching_weekday
ERCOT_demand_SCENT,Veterans Day,Veterans Day,2022-11-11,H2,Friday,1,Weekday,Autumn,fixed_date,True,False,Friday,B,1.0,Friday-like,C,0.0,F,best_matching_weekday
ERCOT_demand_SCENT,Thanksgiving Day,Thanksgiving Day,2022-11-24,H1,Thursday,1,Weekday,Autumn,relative_weekday_rule,False,False,Friday,B,1.0,Friday-like,C,0.0,F,best_matching_weekday
ERCOT_demand_SCENT,Day after Thanksgiving,Day after Thanksgiving,2022-11-25,H2,Friday,1,Weekday,Autumn,relative_to_holiday_rule,False,False,,,,,,,L,best_matching_weekday
ERCOT_demand_SCENT,Post-holiday recovery,Day after Thanksgiving,2022-11-26,H4,Saturday,2,Saturday,Autumn,derived_recovery_day,False,False,,,,,,,L,best_matching_weekday
ERCOT_demand_SCENT,Christmas Eve,Christmas Eve,2022-12-24,H1,Saturday,2,Saturday,Winter,fixed_date,True,False,Tuesday,A,0.0,unclear,D,1.0,K,best_matching_weekday
ERCOT_demand_SCENT,Christmas Day,Christmas Day,2022-12-25,H2,Sunday,3,Sunday,Winter,fixed_date,True,False,Tuesday,A,0.0,unclear,D,1.0,K,best_matching_weekday
ERCOT_demand_SCENT,Post-holiday recovery,Christmas Day,2022-12-26,H4,Monday,1,Weekday,Winter,derived_recovery_day,False,False,Tuesday,A,0.0,unclear,,,K,best_matching_weekday
ERCOT_demand_SCENT,New Year's Day,New Year's Day,2023-01-01,H2,Sunday,3,Sunday,Winter,fixed_date,True,False,,,,,,,I,best_matching_weekday
ERCOT_demand_SCENT,Martin Luther King Jr. Day,Martin Luther King Jr. Day,2023-01-16,H2,Monday,1,Weekday,Winter,relative_weekday_rule,False,False,Tuesday,B,1.0,Friday-like,C,0.0,K,best_matching_weekday
ERCOT_demand_SCENT,Presidents' Day,Presidents' Day,2023-02-20,H2,Monday,1,Weekday,Winter,relative_weekday_rule,False,False,,,,,,,F,best_matching_weekday
ERCOT_demand_SCENT,Texas Independence Day,Texas Independence Day,2023-03-02,H2,Thursday,1,Weekday,Spring,fixed_date,True,False,Friday,B,1.0,Friday-like,E,2.0,F,best_matching_weekday
ERCOT_demand_SCENT,San Jacinto Day,San Jacinto Day,2023-04-21,H2,Friday,1,Weekday,Spring,fixed_date,True,False,,,,,,,H,best_matching_weekday
ERCOT_demand_SCENT,Memorial Day,Memorial Day,2023-05-29,H2,Monday,1,Weekday,Spring,relative_weekday_rule,False,False,Saturday,B,1.0,Friday-like,E,2.0,H,best_matching_weekday
ERCOT_demand_SCENT,Juneteenth National Independence Day,Juneteenth National Independence Day,2023-06-19,H2,Monday,1,Weekday,Summer,fixed_date,True,False,,,,,,,G,best_matching_weekday
ERCOT_demand_SCENT,Independence Day,Independence Day,2023-07-04,H2,Tuesday,1,Weekday,Summer,fixed_date,True,False,Sunday,B,1.0,Friday-like,D,1.0,I,best_matching_weekday
ERCOT_demand_SCENT,Lyndon B. Johnson Day,Lyndon B. Johnson Day,2023-08-27,H2,Sunday,3,Sunday,Summer,fixed_date,True,False,Saturday,B,1.0,Friday-like,D,1.0,H,best_matching_weekday
ERCOT_demand_SCENT,Labor Day,Labor Day,2023-09-04,H2,Monday,1,Weekday,Autumn,relative_weekday_rule,False,False,Sunday,B,1.0,Friday-like,D,1.0,I,best_matching_weekday
ERCOT_demand_SCENT,Veterans Day,Veterans Day,2023-11-11,H2,Saturday,2,Saturday,Autumn,fixed_date,True,False,,,,,,,F,best_matching_weekday
ERCOT_demand_SCENT,Thanksgiving Day,Thanksgiving Day,2023-11-23,H1,Thursday,1,Weekday,Autumn,relative_weekday_rule,False,False,Friday,B,1.0,Friday-like,C,0.0,F,best_matching_weekday
ERCOT_demand_SCENT,Day after Thanksgiving,Day after Thanksgiving,2023-11-24,H2,Friday,1,Weekday,Autumn,relative_to_holiday_rule,False,False,Wednesday,A,0.0,unclear,C,0.0,L,best_matching_weekday
ERCOT_demand_SCENT,Post-holiday recovery,Day after Thanksgiving,2023-11-25,H4,Saturday,2,Saturday,Autumn,derived_recovery_day,False,False,,,,,,,L,best_matching_weekday
ERCOT_demand_SCENT,Christmas Eve,Christmas Eve,2023-12-24,H1,Sunday,3,Sunday,Winter,fixed_date,True,False,,,,,,,K,best_matching_weekday
ERCOT_demand_SCENT,Christmas Day,Christmas Day,2023-12-25,H2,Monday,1,Weekday,Winter,fixed_date,True,False,,,,,,,K,best_matching_weekday
ERCOT_demand_SCENT,Post-holiday recovery,Christmas Day,2023-12-26,H4,Tuesday,1,Weekday,Winter,derived_recovery_day,False,False,,,,,,,K,best_matching_weekday
ERCOT_demand_SCENT,New Year's Day,New Year's Day,2024-01-01,H2,Monday,1,Weekday,Winter,fixed_date,True,False,Sunday,B,1.0,Friday-like,C,0.0,I,best_matching_weekday
ERCOT_demand_SCENT,Martin Luther King Jr. Day,Martin Luther King Jr. Day,2024-01-15,H2,Monday,1,Weekday,Winter,relative_weekday_rule,False,False,,,,,,,J,best_matching_weekday
ERCOT_demand_SCENT,Presidents' Day,Presidents' Day,2024-02-19,H2,Monday,1,Weekday,Winter,relative_weekday_rule,False,False,Friday,A,0.0,unclear,E,2.0,F,best_matching_weekday
ERCOT_demand_SCENT,Texas Independence Day,Texas Independence Day,2024-03-02,H2,Saturday,2,Saturday,Spring,fixed_date,True,False,,,,,,,G,best_matching_weekday
ERCOT_demand_SCENT,San Jacinto Day,San Jacinto Day,2024-04-21,H2,Sunday,3,Sunday,Spring,fixed_date,True,False,Sunday,B,1.0,Friday-like,C,0.0,I,best_matching_weekday
ERCOT_demand_SCENT,Memorial Day,Memorial Day,2024-05-27,H2,Monday,1,Weekday,Spring,relative_weekday_rule,False,False,Saturday,B,1.0,Friday-like,D,1.0,H,best_matching_weekday
ERCOT_demand_SCENT,Juneteenth National Independence Day,Juneteenth National Independence Day,2024-06-19,H2,Wednesday,1,Weekday,Summer,fixed_date,True,False,Saturday,B,1.0,Friday-like,D,1.0,H,best_matching_weekday
ERCOT_demand_SCENT,Independence Day,Independence Day,2024-07-04,H2,Thursday,1,Weekday,Summer,fixed_date,True,False,Sunday,B,1.0,Friday-like,D,1.0,I,best_matching_weekday
ERCOT_demand_SCENT,Lyndon B. Johnson Day,Lyndon B. Johnson Day,2024-08-27,H2,Tuesday,1,Weekday,Summer,fixed_date,True,False,,,,,,,F,best_matching_weekday
ERCOT_demand_SCENT,Labor Day,Labor Day,2024-09-02,H2,Monday,1,Weekday,Autumn,relative_weekday_rule,False,False,Saturday,B,1.0,Friday-like,D,1.0,H,best_matching_weekday
ERCOT_demand_SCENT,Veterans Day,Veterans Day,2024-11-11,H2,Monday,1,Weekday,Autumn,fixed_date,True,False,,,,,,,F,best_matching_weekday
ERCOT_demand_SCENT,Thanksgiving Day,Thanksgiving Day,2024-11-28,H1,Thursday,1,Weekday,Autumn,relative_weekday_rule,False,False,,,,,,,F,best_matching_weekday
ERCOT_demand_SCENT,Day after Thanksgiving,Day after Thanksgiving,2024-11-29,H2,Friday,1,Weekday,Autumn,relative_to_holiday_rule,False,False,Wednesday,A,0.0,unclear,C,0.0,L,best_matching_weekday
ERCOT_demand_SCENT,Post-holiday recovery,Day after Thanksgiving,2024-11-30,H4,Saturday,2,Saturday,Autumn,derived_recovery_day,False,False,,,,,,,L,best_matching_weekday
ERCOT_demand_SCENT,Christmas Eve,Christmas Eve,2024-12-24,H1,Tuesday,1,Weekday,Winter,fixed_date,True,False,Saturday,B,1.0,Friday-like,C,0.0,H,best_matching_weekday
ERCOT_demand_SCENT,Christmas Day,Christmas Day,2024-12-25,H2,Wednesday,1,Weekday,Winter,fixed_date,True,False,,,,,,,K,best_matching_weekday
ERCOT_demand_SCENT,Post-holiday recovery,Christmas Day,2024-12-26,H4,Thursday,1,Weekday,Winter,derived_recovery_day,False,False,,,,,,,K,best_matching_weekday
ERCOT_demand_SCENT,New Year's Day,New Year's Day,2025-01-01,H2,Wednesday,1,Weekday,Winter,fixed_date,True,False,,,,,,,I,best_matching_weekday
ERCOT_demand_SCENT,Martin Luther King Jr. Day,Martin Luther King Jr. Day,2025-01-20,H2,Monday,1,Weekday,Winter,relative_weekday_rule,False,False,,,,,,,J,best_matching_weekday
ERCOT_demand_SCENT,Presidents' Day,Presidents' Day,2025-02-17,H2,Monday,1,Weekday,Winter,relative_weekday_rule,False,False,Friday,A,0.0,unclear,E,2.0,F,best_matching_weekday
ERCOT_demand_SCENT,Texas Independence Day,Texas Independence Day,2025-03-02,H2,Sunday,3,Sunday,Spring,fixed_date,True,False,,,,,,,G,best_matching_weekday
ERCOT_demand_SCENT,San Jacinto Day,San Jacinto Day,2025-04-21,H2,Monday,1,Weekday,Spring,fixed_date,True,False,,,,,,,H,best_matching_weekday
ERCOT_demand_SCENT,Memorial Day,Memorial Day,2025-05-26,H2,Monday,1,Weekday,Spring,relative_weekday_rule,False,False,Sunday,B,1.0,Friday-like,D,1.0,I,best_matching_weekday
ERCOT_demand_SCENT,Juneteenth National Independence Day,Juneteenth National Independence Day,2025-06-19,H2,Thursday,1,Weekday,Summer,fixed_date,True,False,,,,,,,G,best_matching_weekday
ERCOT_demand_SCENT,Independence Day,Independence Day,2025-07-04,H2,Friday,1,Weekday,Summer,fixed_date,True,False,Saturday,B,1.0,Friday-like,E,2.0,H,best_matching_weekday
ERCOT_demand_SCENT,Lyndon B. Johnson Day,Lyndon B. Johnson Day,2025-08-27,H2,Wednesday,1,Weekday,Summer,fixed_date,True,False,,,,,,,F,best_matching_weekday
ERCOT_demand_SCENT,Labor Day,Labor Day,2025-09-01,H2,Monday,1,Weekday,Autumn,relative_weekday_rule,False,False,,,,,,,H,best_matching_weekday
ERCOT_demand_SCENT,Veterans Day,Veterans Day,2025-11-11,H2,Tuesday,1,Weekday,Autumn,fixed_date,True,False,Wednesday,B,1.0,Friday-like,C,0.0,L,best_matching_weekday
ERCOT_demand_SCENT,Thanksgiving Day,Thanksgiving Day,2025-11-27,H1,Thursday,1,Weekday,Autumn,relative_weekday_rule,False,False,Friday,B,1.0,Friday-like,C,0.0,F,best_matching_weekday
ERCOT_demand_SCENT,Day after Thanksgiving,Day after Thanksgiving,2025-11-28,H2,Friday,1,Weekday,Autumn,relative_to_holiday_rule,False,False,,,,,,,L,best_matching_weekday
ERCOT_demand_SCENT,Post-holiday recovery,Day after Thanksgiving,2025-11-29,H4,Saturday,2,Saturday,Autumn,derived_recovery_day,False,False,,,,,,,L,best_matching_weekday
ERCOT_demand_SCENT,Christmas Eve,Christmas Eve,2025-12-24,H1,Wednesday,1,Weekday,Winter,fixed_date,True,False,Saturday,B,1.0,Friday-like,E,2.0,H,best_matching_weekday
ERCOT_demand_SCENT,Christmas Day,Christmas Day,2025-12-25,H2,Thursday,1,Weekday,Winter,fixed_date,True,False,Saturday,B,1.0,Friday-like,E,2.0,H,best_matching_weekday
ERCOT_demand_SCENT,Post-holiday recovery,Christmas Day,2025-12-26,H4,Friday,1,Weekday,Winter,derived_recovery_day,False,False,,,,,,,K,best_matching_weekday
ERCOT_demand_SCENT,New Year's Day,New Year's Day,2026-01-01,H2,Thursday,1,Weekday,Winter,fixed_date,True,False,,,,,,,I,best_matching_weekday
ERCOT_demand_SCENT,Martin Luther King Jr. Day,Martin Luther King Jr. Day,2026-01-19,H2,Monday,1,Weekday,Winter,relative_weekday_rule,False,False,Thursday,A,0.0,unclear,E,2.0,J,best_matching_weekday
ERCOT_demand_SCENT,Presidents' Day,Presidents' Day,2026-02-16,H2,Monday,1,Weekday,Winter,relative_weekday_rule,False,False,,,,,,,F,best_matching_weekday
ERCOT_demand_SCENT,Texas Independence Day,Texas Independence Day,2026-03-02,H2,Monday,1,Weekday,Spring,fixed_date,True,False,,,,,,,G,best_matching_weekday
ERCOT_demand_SOUTH,Martin Luther King Jr. Day,Martin Luther King Jr. Day,2016-01-18,H2,Monday,1,Weekday,Winter,relative_weekday_rule,False,False,Thursday,A,0.0,unclear,E,2.0,J,best_matching_weekday
ERCOT_demand_SOUTH,Presidents' Day,Presidents' Day,2016-02-15,H2,Monday,1,Weekday,Winter,relative_weekday_rule,False,False,,,,,,,F,best_matching_weekday
ERCOT_demand_SOUTH,Texas Independence Day,Texas Independence Day,2016-03-02,H2,Wednesday,1,Weekday,Spring,fixed_date,True,False,,,,,,,G,best_matching_weekday
ERCOT_demand_SOUTH,San Jacinto Day,San Jacinto Day,2016-04-21,H2,Thursday,1,Weekday,Spring,fixed_date,True,False,,,,,,,F,best_matching_weekday
ERCOT_demand_SOUTH,Memorial Day,Memorial Day,2016-05-30,H2,Monday,1,Weekday,Spring,relative_weekday_rule,False,False,,,,,,,H,best_matching_weekday
ERCOT_demand_SOUTH,Juneteenth National Independence Day,Juneteenth National Independence Day,2016-06-19,H2,Sunday,3,Sunday,Summer,fixed_date,True,False,Saturday,B,1.0,unclear,C,0.0,H,best_matching_weekday
ERCOT_demand_SOUTH,Independence Day,Independence Day,2016-07-04,H2,Monday,1,Weekday,Summer,fixed_date,True,False,,,,,,,F,best_matching_weekday
ERCOT_demand_SOUTH,Lyndon B. Johnson Day,Lyndon B. Johnson Day,2016-08-27,H2,Saturday,2,Saturday,Summer,fixed_date,True,False,,,,,,,I,best_matching_weekday
ERCOT_demand_SOUTH,Labor Day,Labor Day,2016-09-05,H2,Monday,1,Weekday,Autumn,relative_weekday_rule,False,False,,,,,,,I,best_matching_weekday
ERCOT_demand_SOUTH,Veterans Day,Veterans Day,2016-11-11,H2,Friday,1,Weekday,Autumn,fixed_date,True,False,,,,,,,I,best_matching_weekday
ERCOT_demand_SOUTH,Thanksgiving Day,Thanksgiving Day,2016-11-24,H1,Thursday,1,Weekday,Autumn,relative_weekday_rule,False,False,,,,,,,F,best_matching_weekday
ERCOT_demand_SOUTH,Day after Thanksgiving,Day after Thanksgiving,2016-11-25,H2,Friday,1,Weekday,Autumn,relative_to_holiday_rule,False,False,,,,,,,L,best_matching_weekday
ERCOT_demand_SOUTH,Post-holiday recovery,Day after Thanksgiving,2016-11-26,H4,Saturday,2,Saturday,Autumn,derived_recovery_day,False,False,,,,,,,L,best_matching_weekday
ERCOT_demand_SOUTH,Christmas Eve,Christmas Eve,2016-12-24,H1,Saturday,2,Saturday,Winter,fixed_date,True,False,,,,,,,H,best_matching_weekday
ERCOT_demand_SOUTH,Christmas Day,Christmas Day,2016-12-25,H2,Sunday,3,Sunday,Winter,fixed_date,True,False,,,,,,,H,best_matching_weekday
ERCOT_demand_SOUTH,Post-holiday recovery,Christmas Day,2016-12-26,H4,Monday,1,Weekday,Winter,derived_recovery_day,False,False,,,,,,,K,best_matching_weekday
ERCOT_demand_SOUTH,New Year's Day,New Year's Day,2017-01-01,H2,Sunday,3,Sunday,Winter,fixed_date,True,False,,,,,,,I,best_matching_weekday
ERCOT_demand_SOUTH,Martin Luther King Jr. Day,Martin Luther King Jr. Day,2017-01-16,H2,Monday,1,Weekday,Winter,relative_weekday_rule,False,False,,,,,,,J,best_matching_weekday
ERCOT_demand_SOUTH,Presidents' Day,Presidents' Day,2017-02-20,H2,Monday,1,Weekday,Winter,relative_weekday_rule,False,False,,,,,,,F,best_matching_weekday
ERCOT_demand_SOUTH,Texas Independence Day,Texas Independence Day,2017-03-02,H2,Thursday,1,Weekday,Spring,fixed_date,True,False,Monday,B,1.0,unclear,E,2.0,G,best_matching_weekday
ERCOT_demand_SOUTH,San Jacinto Day,San Jacinto Day,2017-04-21,H2,Friday,1,Weekday,Spring,fixed_date,True,False,,,,,,,F,best_matching_weekday
ERCOT_demand_SOUTH,Memorial Day,Memorial Day,2017-05-29,H2,Monday,1,Weekday,Spring,relative_weekday_rule,False,False,Sunday,B,1.0,unclear,C,0.0,I,best_matching_weekday
ERCOT_demand_SOUTH,Juneteenth National Independence Day,Juneteenth National Independence Day,2017-06-19,H2,Monday,1,Weekday,Summer,fixed_date,True,False,,,,,,,G,best_matching_weekday
ERCOT_demand_SOUTH,Independence Day,Independence Day,2017-07-04,H2,Tuesday,1,Weekday,Summer,fixed_date,True,False,,,,,,,F,best_matching_weekday
ERCOT_demand_SOUTH,Lyndon B. Johnson Day,Lyndon B. Johnson Day,2017-08-27,H2,Sunday,3,Sunday,Summer,fixed_date,True,False,Sunday,B,1.0,unclear,E,2.0,I,best_matching_weekday
ERCOT_demand_SOUTH,Labor Day,Labor Day,2017-09-04,H2,Monday,1,Weekday,Autumn,relative_weekday_rule,False,False,,,,,,,I,best_matching_weekday
ERCOT_demand_SOUTH,Veterans Day,Veterans Day,2017-11-11,H2,Saturday,2,Saturday,Autumn,fixed_date,True,False,,,,,,,I,best_matching_weekday
ERCOT_demand_SOUTH,Thanksgiving Day,Thanksgiving Day,2017-11-23,H1,Thursday,1,Weekday,Autumn,relative_weekday_rule,False,False,Friday,B,1.0,unclear,E,2.0,F,best_matching_weekday
ERCOT_demand_SOUTH,Day after Thanksgiving,Day after Thanksgiving,2017-11-24,H2,Friday,1,Weekday,Autumn,relative_to_holiday_rule,False,False,,,,,,,L,best_matching_weekday
ERCOT_demand_SOUTH,Post-holiday recovery,Day after Thanksgiving,2017-11-25,H4,Saturday,2,Saturday,Autumn,derived_recovery_day,False,False,,,,,,,L,best_matching_weekday
ERCOT_demand_SOUTH,Christmas Eve,Christmas Eve,2017-12-24,H1,Sunday,3,Sunday,Winter,fixed_date,True,False,,,,,,,H,best_matching_weekday
ERCOT_demand_SOUTH,Christmas Day,Christmas Day,2017-12-25,H2,Monday,1,Weekday,Winter,fixed_date,True,False,,,,,,,H,best_matching_weekday
ERCOT_demand_SOUTH,Post-holiday recovery,Christmas Day,2017-12-26,H4,Tuesday,1,Weekday,Winter,derived_recovery_day,False,False,,,,,,,K,best_matching_weekday
ERCOT_demand_SOUTH,New Year's Day,New Year's Day,2018-01-01,H2,Monday,1,Weekday,Winter,fixed_date,True,False,,,,,,,I,best_matching_weekday
ERCOT_demand_SOUTH,Martin Luther King Jr. Day,Martin Luther King Jr. Day,2018-01-15,H2,Monday,1,Weekday,Winter,relative_weekday_rule,False,False,,,,,,,J,best_matching_weekday
ERCOT_demand_SOUTH,Presidents' Day,Presidents' Day,2018-02-19,H2,Monday,1,Weekday,Winter,relative_weekday_rule,False,False,,,,,,,F,best_matching_weekday
ERCOT_demand_SOUTH,Texas Independence Day,Texas Independence Day,2018-03-02,H2,Friday,1,Weekday,Spring,fixed_date,True,False,,,,,,,G,best_matching_weekday
ERCOT_demand_SOUTH,San Jacinto Day,San Jacinto Day,2018-04-21,H2,Saturday,2,Saturday,Spring,fixed_date,True,False,,,,,,,F,best_matching_weekday
ERCOT_demand_SOUTH,Memorial Day,Memorial Day,2018-05-28,H2,Monday,1,Weekday,Spring,relative_weekday_rule,False,False,,,,,,,H,best_matching_weekday
ERCOT_demand_SOUTH,Juneteenth National Independence Day,Juneteenth National Independence Day,2018-06-19,H2,Tuesday,1,Weekday,Summer,fixed_date,True,False,Monday,B,1.0,unclear,C,0.0,G,best_matching_weekday
ERCOT_demand_SOUTH,Independence Day,Independence Day,2018-07-04,H2,Wednesday,1,Weekday,Summer,fixed_date,True,False,Friday,B,1.0,unclear,C,0.0,F,best_matching_weekday
ERCOT_demand_SOUTH,Lyndon B. Johnson Day,Lyndon B. Johnson Day,2018-08-27,H2,Monday,1,Weekday,Summer,fixed_date,True,False,,,,,,,I,best_matching_weekday
ERCOT_demand_SOUTH,Labor Day,Labor Day,2018-09-03,H2,Monday,1,Weekday,Autumn,relative_weekday_rule,False,False,,,,,,,I,best_matching_weekday
ERCOT_demand_SOUTH,Veterans Day,Veterans Day,2018-11-11,H2,Sunday,3,Sunday,Autumn,fixed_date,True,False,Sunday,B,1.0,unclear,E,2.0,I,best_matching_weekday
ERCOT_demand_SOUTH,Thanksgiving Day,Thanksgiving Day,2018-11-22,H1,Thursday,1,Weekday,Autumn,relative_weekday_rule,False,False,Friday,A,0.0,unclear,E,2.0,F,best_matching_weekday
ERCOT_demand_SOUTH,Day after Thanksgiving,Day after Thanksgiving,2018-11-23,H2,Friday,1,Weekday,Autumn,relative_to_holiday_rule,False,False,Wednesday,B,1.0,unclear,E,2.0,L,best_matching_weekday
ERCOT_demand_SOUTH,Post-holiday recovery,Day after Thanksgiving,2018-11-24,H4,Saturday,2,Saturday,Autumn,derived_recovery_day,False,False,,,,,,,L,best_matching_weekday
ERCOT_demand_SOUTH,Christmas Eve,Christmas Eve,2018-12-24,H1,Monday,1,Weekday,Winter,fixed_date,True,False,,,,,,,H,best_matching_weekday
ERCOT_demand_SOUTH,Christmas Day,Christmas Day,2018-12-25,H2,Tuesday,1,Weekday,Winter,fixed_date,True,False,,,,,,,H,best_matching_weekday
ERCOT_demand_SOUTH,Post-holiday recovery,Christmas Day,2018-12-26,H4,Wednesday,1,Weekday,Winter,derived_recovery_day,False,False,,,,,,,K,best_matching_weekday
ERCOT_demand_SOUTH,New Year's Day,New Year's Day,2019-01-01,H2,Tuesday,1,Weekday,Winter,fixed_date,True,False,Sunday,A,0.0,unclear,E,2.0,I,best_matching_weekday
ERCOT_demand_SOUTH,Martin Luther King Jr. Day,Martin Luther King Jr. Day,2019-01-21,H2,Monday,1,Weekday,Winter,relative_weekday_rule,False,False,Thursday,A,0.0,unclear,E,2.0,J,best_matching_weekday
ERCOT_demand_SOUTH,Presidents' Day,Presidents' Day,2019-02-18,H2,Monday,1,Weekday,Winter,relative_weekday_rule,False,False,,,,,,,F,best_matching_weekday
ERCOT_demand_SOUTH,Texas Independence Day,Texas Independence Day,2019-03-02,H2,Saturday,2,Saturday,Spring,fixed_date,True,False,,,,,,,G,best_matching_weekday
ERCOT_demand_SOUTH,San Jacinto Day,San Jacinto Day,2019-04-21,H2,Sunday,3,Sunday,Spring,fixed_date,True,False,,,,,,,F,best_matching_weekday
ERCOT_demand_SOUTH,Memorial Day,Memorial Day,2019-05-27,H2,Monday,1,Weekday,Spring,relative_weekday_rule,False,False,,,,,,,H,best_matching_weekday
ERCOT_demand_SOUTH,Juneteenth National Independence Day,Juneteenth National Independence Day,2019-06-19,H2,Wednesday,1,Weekday,Summer,fixed_date,True,False,,,,,,,G,best_matching_weekday
ERCOT_demand_SOUTH,Independence Day,Independence Day,2019-07-04,H2,Thursday,1,Weekday,Summer,fixed_date,True,False,,,,,,,F,best_matching_weekday
ERCOT_demand_SOUTH,Lyndon B. Johnson Day,Lyndon B. Johnson Day,2019-08-27,H2,Tuesday,1,Weekday,Summer,fixed_date,True,False,,,,,,,I,best_matching_weekday
ERCOT_demand_SOUTH,Labor Day,Labor Day,2019-09-02,H2,Monday,1,Weekday,Autumn,relative_weekday_rule,False,False,,,,,,,I,best_matching_weekday
ERCOT_demand_SOUTH,Veterans Day,Veterans Day,2019-11-11,H2,Monday,1,Weekday,Autumn,fixed_date,True,False,,,,,,,I,best_matching_weekday
ERCOT_demand_SOUTH,Thanksgiving Day,Thanksgiving Day,2019-11-28,H1,Thursday,1,Weekday,Autumn,relative_weekday_rule,False,False,Friday,B,1.0,unclear,E,2.0,F,best_matching_weekday
ERCOT_demand_SOUTH,Day after Thanksgiving,Day after Thanksgiving,2019-11-29,H2,Friday,1,Weekday,Autumn,relative_to_holiday_rule,False,False,,,,,,,L,best_matching_weekday
ERCOT_demand_SOUTH,Post-holiday recovery,Day after Thanksgiving,2019-11-30,H4,Saturday,2,Saturday,Autumn,derived_recovery_day,False,False,,,,,,,L,best_matching_weekday
ERCOT_demand_SOUTH,Christmas Eve,Christmas Eve,2019-12-24,H1,Tuesday,1,Weekday,Winter,fixed_date,True,False,Tuesday,A,0.0,unclear,E,2.0,K,best_matching_weekday
ERCOT_demand_SOUTH,Christmas Day,Christmas Day,2019-12-25,H2,Wednesday,1,Weekday,Winter,fixed_date,True,False,,,,,,,H,best_matching_weekday
ERCOT_demand_SOUTH,Post-holiday recovery,Christmas Day,2019-12-26,H4,Thursday,1,Weekday,Winter,derived_recovery_day,False,False,,,,,,,K,best_matching_weekday
ERCOT_demand_SOUTH,New Year's Day,New Year's Day,2020-01-01,H2,Wednesday,1,Weekday,Winter,fixed_date,True,False,Sunday,B,1.0,unclear,E,2.0,I,best_matching_weekday
ERCOT_demand_SOUTH,Martin Luther King Jr. Day,Martin Luther King Jr. Day,2020-01-20,H2,Monday,1,Weekday,Winter,relative_weekday_rule,False,False,,,,,,,J,best_matching_weekday
ERCOT_demand_SOUTH,Presidents' Day,Presidents' Day,2020-02-17,H2,Monday,1,Weekday,Winter,relative_weekday_rule,False,False,,,,,,,F,best_matching_weekday
ERCOT_demand_SOUTH,Texas Independence Day,Texas Independence Day,2020-03-02,H2,Monday,1,Weekday,Spring,fixed_date,True,False,,,,,,,G,best_matching_weekday
ERCOT_demand_SOUTH,San Jacinto Day,San Jacinto Day,2020-04-21,H2,Tuesday,1,Weekday,Spring,fixed_date,True,False,,,,,,,F,best_matching_weekday
ERCOT_demand_SOUTH,Memorial Day,Memorial Day,2020-05-25,H2,Monday,1,Weekday,Spring,relative_weekday_rule,False,False,Saturday,B,1.0,unclear,C,0.0,H,best_matching_weekday
ERCOT_demand_SOUTH,Juneteenth National Independence Day,Juneteenth National Independence Day,2020-06-19,H2,Friday,1,Weekday,Summer,fixed_date,True,False,Monday,B,1.0,unclear,C,0.0,G,best_matching_weekday
ERCOT_demand_SOUTH,Independence Day,Independence Day,2020-07-04,H2,Saturday,2,Saturday,Summer,fixed_date,True,False,,,,,,,F,best_matching_weekday
ERCOT_demand_SOUTH,Lyndon B. Johnson Day,Lyndon B. Johnson Day,2020-08-27,H2,Thursday,1,Weekday,Summer,fixed_date,True,False,,,,,,,I,best_matching_weekday
ERCOT_demand_SOUTH,Labor Day,Labor Day,2020-09-07,H2,Monday,1,Weekday,Autumn,relative_weekday_rule,False,False,,,,,,,I,best_matching_weekday
ERCOT_demand_SOUTH,Veterans Day,Veterans Day,2020-11-11,H2,Wednesday,1,Weekday,Autumn,fixed_date,True,False,,,,,,,I,best_matching_weekday
ERCOT_demand_SOUTH,Thanksgiving Day,Thanksgiving Day,2020-11-26,H1,Thursday,1,Weekday,Autumn,relative_weekday_rule,False,False,,,,,,,F,best_matching_weekday
ERCOT_demand_SOUTH,Day after Thanksgiving,Day after Thanksgiving,2020-11-27,H2,Friday,1,Weekday,Autumn,relative_to_holiday_rule,False,False,,,,,,,L,best_matching_weekday
ERCOT_demand_SOUTH,Post-holiday recovery,Day after Thanksgiving,2020-11-28,H4,Saturday,2,Saturday,Autumn,derived_recovery_day,False,False,,,,,,,L,best_matching_weekday
ERCOT_demand_SOUTH,Christmas Eve,Christmas Eve,2020-12-24,H1,Thursday,1,Weekday,Winter,fixed_date,True,False,,,,,,,H,best_matching_weekday
ERCOT_demand_SOUTH,Christmas Day,Christmas Day,2020-12-25,H2,Friday,1,Weekday,Winter,fixed_date,True,False,Tuesday,A,0.0,unclear,E,2.0,K,best_matching_weekday
ERCOT_demand_SOUTH,Post-holiday recovery,Christmas Day,2020-12-26,H4,Saturday,2,Saturday,Winter,derived_recovery_day,False,False,,,,,,,K,best_matching_weekday
ERCOT_demand_SOUTH,New Year's Day,New Year's Day,2022-01-01,H2,Saturday,2,Saturday,Winter,fixed_date,True,False,,,,,,,I,best_matching_weekday
ERCOT_demand_SOUTH,Martin Luther King Jr. Day,Martin Luther King Jr. Day,2022-01-17,H2,Monday,1,Weekday,Winter,relative_weekday_rule,False,False,Thursday,A,0.0,unclear,E,2.0,J,best_matching_weekday
ERCOT_demand_SOUTH,Presidents' Day,Presidents' Day,2022-02-21,H2,Monday,1,Weekday,Winter,relative_weekday_rule,False,False,,,,,,,F,best_matching_weekday
ERCOT_demand_SOUTH,Texas Independence Day,Texas Independence Day,2022-03-02,H2,Wednesday,1,Weekday,Spring,fixed_date,True,False,Tuesday,A,0.0,unclear,E,2.0,K,best_matching_weekday
ERCOT_demand_SOUTH,San Jacinto Day,San Jacinto Day,2022-04-21,H2,Thursday,1,Weekday,Spring,fixed_date,True,False,,,,,,,F,best_matching_weekday
ERCOT_demand_SOUTH,Memorial Day,Memorial Day,2022-05-30,H2,Monday,1,Weekday,Spring,relative_weekday_rule,False,False,,,,,,,H,best_matching_weekday
ERCOT_demand_SOUTH,Juneteenth National Independence Day,Juneteenth National Independence Day,2022-06-19,H2,Sunday,3,Sunday,Summer,fixed_date,True,False,,,,,,,G,best_matching_weekday
ERCOT_demand_SOUTH,Independence Day,Independence Day,2022-07-04,H2,Monday,1,Weekday,Summer,fixed_date,True,False,,,,,,,F,best_matching_weekday
ERCOT_demand_SOUTH,Lyndon B. Johnson Day,Lyndon B. Johnson Day,2022-08-27,H2,Saturday,2,Saturday,Summer,fixed_date,True,False,,,,,,,I,best_matching_weekday
ERCOT_demand_SOUTH,Labor Day,Labor Day,2022-09-05,H2,Monday,1,Weekday,Autumn,relative_weekday_rule,False,False,Thursday,B,1.0,unclear,C,0.0,J,best_matching_weekday
ERCOT_demand_SOUTH,Veterans Day,Veterans Day,2022-11-11,H2,Friday,1,Weekday,Autumn,fixed_date,True,False,,,,,,,I,best_matching_weekday
ERCOT_demand_SOUTH,Thanksgiving Day,Thanksgiving Day,2022-11-24,H1,Thursday,1,Weekday,Autumn,relative_weekday_rule,False,False,Friday,B,1.0,unclear,E,2.0,F,best_matching_weekday
ERCOT_demand_SOUTH,Day after Thanksgiving,Day after Thanksgiving,2022-11-25,H2,Friday,1,Weekday,Autumn,relative_to_holiday_rule,False,False,,,,,,,L,best_matching_weekday
ERCOT_demand_SOUTH,Post-holiday recovery,Day after Thanksgiving,2022-11-26,H4,Saturday,2,Saturday,Autumn,derived_recovery_day,False,False,Wednesday,A,0.0,unclear,,,L,best_matching_weekday
ERCOT_demand_SOUTH,Christmas Eve,Christmas Eve,2022-12-24,H1,Saturday,2,Saturday,Winter,fixed_date,True,False,Tuesday,A,0.0,unclear,D,1.0,K,best_matching_weekday
ERCOT_demand_SOUTH,Christmas Day,Christmas Day,2022-12-25,H2,Sunday,3,Sunday,Winter,fixed_date,True,False,Wednesday,A,0.0,unclear,D,1.0,L,best_matching_weekday
ERCOT_demand_SOUTH,Post-holiday recovery,Christmas Day,2022-12-26,H4,Monday,1,Weekday,Winter,derived_recovery_day,False,False,Tuesday,A,0.0,unclear,,,K,best_matching_weekday
ERCOT_demand_SOUTH,New Year's Day,New Year's Day,2023-01-01,H2,Sunday,3,Sunday,Winter,fixed_date,True,False,Sunday,B,1.0,unclear,E,2.0,I,best_matching_weekday
ERCOT_demand_SOUTH,Martin Luther King Jr. Day,Martin Luther King Jr. Day,2023-01-16,H2,Monday,1,Weekday,Winter,relative_weekday_rule,False,False,,,,,,,J,best_matching_weekday
ERCOT_demand_SOUTH,Presidents' Day,Presidents' Day,2023-02-20,H2,Monday,1,Weekday,Winter,relative_weekday_rule,False,False,,,,,,,F,best_matching_weekday
ERCOT_demand_SOUTH,Texas Independence Day,Texas Independence Day,2023-03-02,H2,Thursday,1,Weekday,Spring,fixed_date,True,False,,,,,,,G,best_matching_weekday
ERCOT_demand_SOUTH,San Jacinto Day,San Jacinto Day,2023-04-21,H2,Friday,1,Weekday,Spring,fixed_date,True,False,Friday,B,1.0,unclear,C,0.0,F,best_matching_weekday
ERCOT_demand_SOUTH,Memorial Day,Memorial Day,2023-05-29,H2,Monday,1,Weekday,Spring,relative_weekday_rule,False,False,,,,,,,H,best_matching_weekday
ERCOT_demand_SOUTH,Juneteenth National Independence Day,Juneteenth National Independence Day,2023-06-19,H2,Monday,1,Weekday,Summer,fixed_date,True,False,,,,,,,G,best_matching_weekday
ERCOT_demand_SOUTH,Independence Day,Independence Day,2023-07-04,H2,Tuesday,1,Weekday,Summer,fixed_date,True,False,,,,,,,F,best_matching_weekday
ERCOT_demand_SOUTH,Lyndon B. Johnson Day,Lyndon B. Johnson Day,2023-08-27,H2,Sunday,3,Sunday,Summer,fixed_date,True,False,,,,,,,I,best_matching_weekday
ERCOT_demand_SOUTH,Labor Day,Labor Day,2023-09-04,H2,Monday,1,Weekday,Autumn,relative_weekday_rule,False,False,Sunday,B,1.0,unclear,D,1.0,I,best_matching_weekday
ERCOT_demand_SOUTH,Veterans Day,Veterans Day,2023-11-11,H2,Saturday,2,Saturday,Autumn,fixed_date,True,False,,,,,,,I,best_matching_weekday
ERCOT_demand_SOUTH,Thanksgiving Day,Thanksgiving Day,2023-11-23,H1,Thursday,1,Weekday,Autumn,relative_weekday_rule,False,False,Friday,A,0.0,unclear,E,2.0,F,best_matching_weekday
ERCOT_demand_SOUTH,Day after Thanksgiving,Day after Thanksgiving,2023-11-24,H2,Friday,1,Weekday,Autumn,relative_to_holiday_rule,False,False,Wednesday,B,1.0,unclear,E,2.0,L,best_matching_weekday
ERCOT_demand_SOUTH,Post-holiday recovery,Day after Thanksgiving,2023-11-25,H4,Saturday,2,Saturday,Autumn,derived_recovery_day,False,False,,,,,,,L,best_matching_weekday
ERCOT_demand_SOUTH,Christmas Eve,Christmas Eve,2023-12-24,H1,Sunday,3,Sunday,Winter,fixed_date,True,False,,,,,,,H,best_matching_weekday
ERCOT_demand_SOUTH,Christmas Day,Christmas Day,2023-12-25,H2,Monday,1,Weekday,Winter,fixed_date,True,False,,,,,,,H,best_matching_weekday
ERCOT_demand_SOUTH,Post-holiday recovery,Christmas Day,2023-12-26,H4,Tuesday,1,Weekday,Winter,derived_recovery_day,False,False,,,,,,,K,best_matching_weekday
ERCOT_demand_SOUTH,New Year's Day,New Year's Day,2024-01-01,H2,Monday,1,Weekday,Winter,fixed_date,True,False,Sunday,B,1.0,unclear,E,2.0,I,best_matching_weekday
ERCOT_demand_SOUTH,Martin Luther King Jr. Day,Martin Luther King Jr. Day,2024-01-15,H2,Monday,1,Weekday,Winter,relative_weekday_rule,False,False,,,,,,,J,best_matching_weekday
ERCOT_demand_SOUTH,Presidents' Day,Presidents' Day,2024-02-19,H2,Monday,1,Weekday,Winter,relative_weekday_rule,False,False,Friday,A,0.0,unclear,E,2.0,F,best_matching_weekday
ERCOT_demand_SOUTH,Texas Independence Day,Texas Independence Day,2024-03-02,H2,Saturday,2,Saturday,Spring,fixed_date,True,False,Wednesday,B,1.0,unclear,E,2.0,L,best_matching_weekday
ERCOT_demand_SOUTH,San Jacinto Day,San Jacinto Day,2024-04-21,H2,Sunday,3,Sunday,Spring,fixed_date,True,False,Sunday,B,1.0,unclear,C,0.0,I,best_matching_weekday
ERCOT_demand_SOUTH,Memorial Day,Memorial Day,2024-05-27,H2,Monday,1,Weekday,Spring,relative_weekday_rule,False,False,Saturday,B,1.0,unclear,D,1.0,H,best_matching_weekday
ERCOT_demand_SOUTH,Juneteenth National Independence Day,Juneteenth National Independence Day,2024-06-19,H2,Wednesday,1,Weekday,Summer,fixed_date,True,False,Saturday,B,1.0,unclear,C,0.0,H,best_matching_weekday
ERCOT_demand_SOUTH,Independence Day,Independence Day,2024-07-04,H2,Thursday,1,Weekday,Summer,fixed_date,True,False,,,,,,,F,best_matching_weekday
ERCOT_demand_SOUTH,Lyndon B. Johnson Day,Lyndon B. Johnson Day,2024-08-27,H2,Tuesday,1,Weekday,Summer,fixed_date,True,False,,,,,,,I,best_matching_weekday
ERCOT_demand_SOUTH,Labor Day,Labor Day,2024-09-02,H2,Monday,1,Weekday,Autumn,relative_weekday_rule,False,False,Saturday,B,1.0,unclear,D,1.0,H,best_matching_weekday
ERCOT_demand_SOUTH,Veterans Day,Veterans Day,2024-11-11,H2,Monday,1,Weekday,Autumn,fixed_date,True,False,,,,,,,I,best_matching_weekday
ERCOT_demand_SOUTH,Thanksgiving Day,Thanksgiving Day,2024-11-28,H1,Thursday,1,Weekday,Autumn,relative_weekday_rule,False,False,Friday,B,1.0,unclear,C,0.0,F,best_matching_weekday
ERCOT_demand_SOUTH,Day after Thanksgiving,Day after Thanksgiving,2024-11-29,H2,Friday,1,Weekday,Autumn,relative_to_holiday_rule,False,False,Wednesday,B,1.0,unclear,E,2.0,L,best_matching_weekday
ERCOT_demand_SOUTH,Post-holiday recovery,Day after Thanksgiving,2024-11-30,H4,Saturday,2,Saturday,Autumn,derived_recovery_day,False,False,,,,,,,L,best_matching_weekday
ERCOT_demand_SOUTH,Christmas Eve,Christmas Eve,2024-12-24,H1,Tuesday,1,Weekday,Winter,fixed_date,True,False,Saturday,B,1.0,unclear,C,0.0,H,best_matching_weekday
ERCOT_demand_SOUTH,Christmas Day,Christmas Day,2024-12-25,H2,Wednesday,1,Weekday,Winter,fixed_date,True,False,Saturday,B,1.0,unclear,C,0.0,H,best_matching_weekday
ERCOT_demand_SOUTH,Post-holiday recovery,Christmas Day,2024-12-26,H4,Thursday,1,Weekday,Winter,derived_recovery_day,False,False,,,,,,,K,best_matching_weekday
ERCOT_demand_SOUTH,New Year's Day,New Year's Day,2025-01-01,H2,Wednesday,1,Weekday,Winter,fixed_date,True,False,Sunday,B,1.0,unclear,E,2.0,I,best_matching_weekday
ERCOT_demand_SOUTH,Martin Luther King Jr. Day,Martin Luther King Jr. Day,2025-01-20,H2,Monday,1,Weekday,Winter,relative_weekday_rule,False,False,,,,,,,J,best_matching_weekday
ERCOT_demand_SOUTH,Presidents' Day,Presidents' Day,2025-02-17,H2,Monday,1,Weekday,Winter,relative_weekday_rule,False,False,Friday,A,0.0,unclear,C,0.0,F,best_matching_weekday
ERCOT_demand_SOUTH,Texas Independence Day,Texas Independence Day,2025-03-02,H2,Sunday,3,Sunday,Spring,fixed_date,True,False,,,,,,,G,best_matching_weekday
ERCOT_demand_SOUTH,San Jacinto Day,San Jacinto Day,2025-04-21,H2,Monday,1,Weekday,Spring,fixed_date,True,False,,,,,,,F,best_matching_weekday
ERCOT_demand_SOUTH,Memorial Day,Memorial Day,2025-05-26,H2,Monday,1,Weekday,Spring,relative_weekday_rule,False,False,,,,,,,H,best_matching_weekday
ERCOT_demand_SOUTH,Juneteenth National Independence Day,Juneteenth National Independence Day,2025-06-19,H2,Thursday,1,Weekday,Summer,fixed_date,True,False,Monday,B,1.0,unclear,D,1.0,G,best_matching_weekday
ERCOT_demand_SOUTH,Independence Day,Independence Day,2025-07-04,H2,Friday,1,Weekday,Summer,fixed_date,True,False,Sunday,B,1.0,unclear,D,1.0,I,best_matching_weekday
ERCOT_demand_SOUTH,Lyndon B. Johnson Day,Lyndon B. Johnson Day,2025-08-27,H2,Wednesday,1,Weekday,Summer,fixed_date,True,False,,,,,,,I,best_matching_weekday
ERCOT_demand_SOUTH,Labor Day,Labor Day,2025-09-01,H2,Monday,1,Weekday,Autumn,relative_weekday_rule,False,False,Sunday,B,1.0,unclear,D,1.0,I,best_matching_weekday
ERCOT_demand_SOUTH,Veterans Day,Veterans Day,2025-11-11,H2,Tuesday,1,Weekday,Autumn,fixed_date,True,False,Wednesday,B,1.0,unclear,C,0.0,L,best_matching_weekday
ERCOT_demand_SOUTH,Thanksgiving Day,Thanksgiving Day,2025-11-27,H1,Thursday,1,Weekday,Autumn,relative_weekday_rule,False,False,,,,,,,F,best_matching_weekday
ERCOT_demand_SOUTH,Day after Thanksgiving,Day after Thanksgiving,2025-11-28,H2,Friday,1,Weekday,Autumn,relative_to_holiday_rule,False,False,,,,,,,L,best_matching_weekday
ERCOT_demand_SOUTH,Post-holiday recovery,Day after Thanksgiving,2025-11-29,H4,Saturday,2,Saturday,Autumn,derived_recovery_day,False,False,,,,,,,L,best_matching_weekday
ERCOT_demand_SOUTH,Christmas Eve,Christmas Eve,2025-12-24,H1,Wednesday,1,Weekday,Winter,fixed_date,True,False,Saturday,B,1.0,unclear,C,0.0,H,best_matching_weekday
ERCOT_demand_SOUTH,Christmas Day,Christmas Day,2025-12-25,H2,Thursday,1,Weekday,Winter,fixed_date,True,False,Saturday,B,1.0,unclear,C,0.0,H,best_matching_weekday
ERCOT_demand_SOUTH,Post-holiday recovery,Christmas Day,2025-12-26,H4,Friday,1,Weekday,Winter,derived_recovery_day,False,False,,,,,,,K,best_matching_weekday
ERCOT_demand_SOUTH,New Year's Day,New Year's Day,2026-01-01,H2,Thursday,1,Weekday,Winter,fixed_date,True,False,Sunday,B,1.0,unclear,C,0.0,I,best_matching_weekday
ERCOT_demand_SOUTH,Martin Luther King Jr. Day,Martin Luther King Jr. Day,2026-01-19,H2,Monday,1,Weekday,Winter,relative_weekday_rule,False,False,Thursday,A,0.0,unclear,C,0.0,J,best_matching_weekday
ERCOT_demand_SOUTH,Presidents' Day,Presidents' Day,2026-02-16,H2,Monday,1,Weekday,Winter,relative_weekday_rule,False,False,,,,,,,F,best_matching_weekday
ERCOT_demand_SOUTH,Texas Independence Day,Texas Independence Day,2026-03-02,H2,Monday,1,Weekday,Spring,fixed_date,True,False,,,,,,,G,best_matching_weekday
ERCOT_demand_WEST,Martin Luther King Jr. Day,Martin Luther King Jr. Day,2016-01-18,H2,Monday,1,Weekday,Winter,relative_weekday_rule,False,False,,,,,,,I,best_matching_weekday
ERCOT_demand_WEST,Presidents' Day,Presidents' Day,2016-02-15,H2,Monday,1,Weekday,Winter,relative_weekday_rule,False,False,,,,,,,I,best_matching_weekday
ERCOT_demand_WEST,Texas Independence Day,Texas Independence Day,2016-03-02,H2,Wednesday,1,Weekday,Spring,fixed_date,True,False,Friday,B,1.0,unclear,D,1.0,F,best_matching_weekday
ERCOT_demand_WEST,San Jacinto Day,San Jacinto Day,2016-04-21,H2,Thursday,1,Weekday,Spring,fixed_date,True,False,,,,,,,L,best_matching_weekday
ERCOT_demand_WEST,Memorial Day,Memorial Day,2016-05-30,H2,Monday,1,Weekday,Spring,relative_weekday_rule,False,False,,,,,,,H,best_matching_weekday
ERCOT_demand_WEST,Juneteenth National Independence Day,Juneteenth National Independence Day,2016-06-19,H2,Sunday,3,Sunday,Summer,fixed_date,True,False,,,,,,,H,best_matching_weekday
ERCOT_demand_WEST,Independence Day,Independence Day,2016-07-04,H2,Monday,1,Weekday,Summer,fixed_date,True,False,Saturday,B,1.0,unclear,E,2.0,H,best_matching_weekday
ERCOT_demand_WEST,Lyndon B. Johnson Day,Lyndon B. Johnson Day,2016-08-27,H2,Saturday,2,Saturday,Summer,fixed_date,True,False,Friday,B,1.0,unclear,E,2.0,F,best_matching_weekday
ERCOT_demand_WEST,Labor Day,Labor Day,2016-09-05,H2,Monday,1,Weekday,Autumn,relative_weekday_rule,False,False,,,,,,,H,best_matching_weekday
ERCOT_demand_WEST,Veterans Day,Veterans Day,2016-11-11,H2,Friday,1,Weekday,Autumn,fixed_date,True,False,,,,,,,L,best_matching_weekday
ERCOT_demand_WEST,Thanksgiving Day,Thanksgiving Day,2016-11-24,H1,Thursday,1,Weekday,Autumn,relative_weekday_rule,False,False,,,,,,,L,best_matching_weekday
ERCOT_demand_WEST,Day after Thanksgiving,Day after Thanksgiving,2016-11-25,H2,Friday,1,Weekday,Autumn,relative_to_holiday_rule,False,False,,,,,,,L,best_matching_weekday
ERCOT_demand_WEST,Post-holiday recovery,Day after Thanksgiving,2016-11-26,H4,Saturday,2,Saturday,Autumn,derived_recovery_day,False,False,,,,,,,L,best_matching_weekday
ERCOT_demand_WEST,Christmas Eve,Christmas Eve,2016-12-24,H1,Saturday,2,Saturday,Winter,fixed_date,True,False,Thursday,B,1.0,unclear,D,1.0,J,best_matching_weekday
ERCOT_demand_WEST,Christmas Day,Christmas Day,2016-12-25,H2,Sunday,3,Sunday,Winter,fixed_date,True,False,Thursday,B,1.0,unclear,D,1.0,J,best_matching_weekday
ERCOT_demand_WEST,Post-holiday recovery,Christmas Day,2016-12-26,H4,Monday,1,Weekday,Winter,derived_recovery_day,False,False,Thursday,B,1.0,unclear,,,J,best_matching_weekday
ERCOT_demand_WEST,New Year's Day,New Year's Day,2017-01-01,H2,Sunday,3,Sunday,Winter,fixed_date,True,False,,,,,,,K,best_matching_weekday
ERCOT_demand_WEST,Martin Luther King Jr. Day,Martin Luther King Jr. Day,2017-01-16,H2,Monday,1,Weekday,Winter,relative_weekday_rule,False,False,,,,,,,I,best_matching_weekday
ERCOT_demand_WEST,Presidents' Day,Presidents' Day,2017-02-20,H2,Monday,1,Weekday,Winter,relative_weekday_rule,False,False,,,,,,,I,best_matching_weekday
ERCOT_demand_WEST,Texas Independence Day,Texas Independence Day,2017-03-02,H2,Thursday,1,Weekday,Spring,fixed_date,True,False,Friday,A,0.0,unclear,D,1.0,F,best_matching_weekday
ERCOT_demand_WEST,San Jacinto Day,San Jacinto Day,2017-04-21,H2,Friday,1,Weekday,Spring,fixed_date,True,False,,,,,,,L,best_matching_weekday
ERCOT_demand_WEST,Memorial Day,Memorial Day,2017-05-29,H2,Monday,1,Weekday,Spring,relative_weekday_rule,False,False,,,,,,,H,best_matching_weekday
ERCOT_demand_WEST,Juneteenth National Independence Day,Juneteenth National Independence Day,2017-06-19,H2,Monday,1,Weekday,Summer,fixed_date,True,False,,,,,,,H,best_matching_weekday
ERCOT_demand_WEST,Independence Day,Independence Day,2017-07-04,H2,Tuesday,1,Weekday,Summer,fixed_date,True,False,Saturday,B,1.0,unclear,E,2.0,H,best_matching_weekday
ERCOT_demand_WEST,Lyndon B. Johnson Day,Lyndon B. Johnson Day,2017-08-27,H2,Sunday,3,Sunday,Summer,fixed_date,True,False,,,,,,,H,best_matching_weekday
ERCOT_demand_WEST,Labor Day,Labor Day,2017-09-04,H2,Monday,1,Weekday,Autumn,relative_weekday_rule,False,False,,,,,,,H,best_matching_weekday
ERCOT_demand_WEST,Veterans Day,Veterans Day,2017-11-11,H2,Saturday,2,Saturday,Autumn,fixed_date,True,False,,,,,,,L,best_matching_weekday
ERCOT_demand_WEST,Thanksgiving Day,Thanksgiving Day,2017-11-23,H1,Thursday,1,Weekday,Autumn,relative_weekday_rule,False,False,Wednesday,A,0.0,unclear,D,1.0,L,best_matching_weekday
ERCOT_demand_WEST,Day after Thanksgiving,Day after Thanksgiving,2017-11-24,H2,Friday,1,Weekday,Autumn,relative_to_holiday_rule,False,False,,,,,,,L,best_matching_weekday
ERCOT_demand_WEST,Post-holiday recovery,Day after Thanksgiving,2017-11-25,H4,Saturday,2,Saturday,Autumn,derived_recovery_day,False,False,,,,,,,L,best_matching_weekday
ERCOT_demand_WEST,Christmas Eve,Christmas Eve,2017-12-24,H1,Sunday,3,Sunday,Winter,fixed_date,True,False,,,,,,,G,best_matching_weekday
ERCOT_demand_WEST,Christmas Day,Christmas Day,2017-12-25,H2,Monday,1,Weekday,Winter,fixed_date,True,False,Monday,A,0.0,unclear,D,1.0,G,best_matching_weekday
ERCOT_demand_WEST,Post-holiday recovery,Christmas Day,2017-12-26,H4,Tuesday,1,Weekday,Winter,derived_recovery_day,False,False,Thursday,B,1.0,unclear,,,J,best_matching_weekday
ERCOT_demand_WEST,New Year's Day,New Year's Day,2018-01-01,H2,Monday,1,Weekday,Winter,fixed_date,True,False,,,,,,,K,best_matching_weekday
ERCOT_demand_WEST,Martin Luther King Jr. Day,Martin Luther King Jr. Day,2018-01-15,H2,Monday,1,Weekday,Winter,relative_weekday_rule,False,False,,,,,,,I,best_matching_weekday
ERCOT_demand_WEST,Presidents' Day,Presidents' Day,2018-02-19,H2,Monday,1,Weekday,Winter,relative_weekday_rule,False,False,Tuesday,B,1.0,unclear,D,1.0,K,best_matching_weekday
ERCOT_demand_WEST,Texas Independence Day,Texas Independence Day,2018-03-02,H2,Friday,1,Weekday,Spring,fixed_date,True,False,Friday,A,0.0,unclear,D,1.0,F,best_matching_weekday
ERCOT_demand_WEST,San Jacinto Day,San Jacinto Day,2018-04-21,H2,Saturday,2,Saturday,Spring,fixed_date,True,False,,,,,,,L,best_matching_weekday
ERCOT_demand_WEST,Memorial Day,Memorial Day,2018-05-28,H2,Monday,1,Weekday,Spring,relative_weekday_rule,False,False,Saturday,B,1.0,unclear,E,2.0,H,best_matching_weekday
ERCOT_demand_WEST,Juneteenth National Independence Day,Juneteenth National Independence Day,2018-06-19,H2,Tuesday,1,Weekday,Summer,fixed_date,True,False,,,,,,,H,best_matching_weekday
ERCOT_demand_WEST,Independence Day,Independence Day,2018-07-04,H2,Wednesday,1,Weekday,Summer,fixed_date,True,False,Friday,B,1.0,unclear,C,0.0,F,best_matching_weekday
ERCOT_demand_WEST,Lyndon B. Johnson Day,Lyndon B. Johnson Day,2018-08-27,H2,Monday,1,Weekday,Summer,fixed_date,True,False,,,,,,,H,best_matching_weekday
ERCOT_demand_WEST,Labor Day,Labor Day,2018-09-03,H2,Monday,1,Weekday,Autumn,relative_weekday_rule,False,False,,,,,,,H,best_matching_weekday
ERCOT_demand_WEST,Veterans Day,Veterans Day,2018-11-11,H2,Sunday,3,Sunday,Autumn,fixed_date,True,False,Wednesday,A,0.0,unclear,D,1.0,L,best_matching_weekday
ERCOT_demand_WEST,Thanksgiving Day,Thanksgiving Day,2018-11-22,H1,Thursday,1,Weekday,Autumn,relative_weekday_rule,False,False,Wednesday,A,0.0,unclear,D,1.0,L,best_matching_weekday
ERCOT_demand_WEST,Day after Thanksgiving,Day after Thanksgiving,2018-11-23,H2,Friday,1,Weekday,Autumn,relative_to_holiday_rule,False,False,Wednesday,A,0.0,unclear,D,1.0,L,best_matching_weekday
ERCOT_demand_WEST,Post-holiday recovery,Day after Thanksgiving,2018-11-24,H4,Saturday,2,Saturday,Autumn,derived_recovery_day,False,False,,,,,,,L,best_matching_weekday
ERCOT_demand_WEST,Christmas Eve,Christmas Eve,2018-12-24,H1,Monday,1,Weekday,Winter,fixed_date,True,False,Monday,A,0.0,unclear,D,1.0,G,best_matching_weekday
ERCOT_demand_WEST,Christmas Day,Christmas Day,2018-12-25,H2,Tuesday,1,Weekday,Winter,fixed_date,True,False,,,,,,,G,best_matching_weekday
ERCOT_demand_WEST,Post-holiday recovery,Christmas Day,2018-12-26,H4,Wednesday,1,Weekday,Winter,derived_recovery_day,False,False,,,,,,,J,best_matching_weekday
ERCOT_demand_WEST,New Year's Day,New Year's Day,2019-01-01,H2,Tuesday,1,Weekday,Winter,fixed_date,True,False,Tuesday,B,1.0,unclear,E,2.0,K,best_matching_weekday
ERCOT_demand_WEST,Martin Luther King Jr. Day,Martin Luther King Jr. Day,2019-01-21,H2,Monday,1,Weekday,Winter,relative_weekday_rule,False,False,,,,,,,I,best_matching_weekday
ERCOT_demand_WEST,Presidents' Day,Presidents' Day,2019-02-18,H2,Monday,1,Weekday,Winter,relative_weekday_rule,False,False,,,,,,,I,best_matching_weekday
ERCOT_demand_WEST,Texas Independence Day,Texas Independence Day,2019-03-02,H2,Saturday,2,Saturday,Spring,fixed_date,True,False,,,,,,,F,best_matching_weekday
ERCOT_demand_WEST,San Jacinto Day,San Jacinto Day,2019-04-21,H2,Sunday,3,Sunday,Spring,fixed_date,True,False,,,,,,,L,best_matching_weekday
ERCOT_demand_WEST,Memorial Day,Memorial Day,2019-05-27,H2,Monday,1,Weekday,Spring,relative_weekday_rule,False,False,,,,,,,H,best_matching_weekday
ERCOT_demand_WEST,Juneteenth National Independence Day,Juneteenth National Independence Day,2019-06-19,H2,Wednesday,1,Weekday,Summer,fixed_date,True,False,,,,,,,H,best_matching_weekday
ERCOT_demand_WEST,Independence Day,Independence Day,2019-07-04,H2,Thursday,1,Weekday,Summer,fixed_date,True,False,,,,,,,H,best_matching_weekday
ERCOT_demand_WEST,Lyndon B. Johnson Day,Lyndon B. Johnson Day,2019-08-27,H2,Tuesday,1,Weekday,Summer,fixed_date,True,False,Saturday,B,1.0,unclear,C,0.0,H,best_matching_weekday
ERCOT_demand_WEST,Labor Day,Labor Day,2019-09-02,H2,Monday,1,Weekday,Autumn,relative_weekday_rule,False,False,,,,,,,H,best_matching_weekday
ERCOT_demand_WEST,Veterans Day,Veterans Day,2019-11-11,H2,Monday,1,Weekday,Autumn,fixed_date,True,False,,,,,,,L,best_matching_weekday
ERCOT_demand_WEST,Thanksgiving Day,Thanksgiving Day,2019-11-28,H1,Thursday,1,Weekday,Autumn,relative_weekday_rule,False,False,,,,,,,L,best_matching_weekday
ERCOT_demand_WEST,Day after Thanksgiving,Day after Thanksgiving,2019-11-29,H2,Friday,1,Weekday,Autumn,relative_to_holiday_rule,False,False,Friday,A,0.0,unclear,D,1.0,F,best_matching_weekday
ERCOT_demand_WEST,Post-holiday recovery,Day after Thanksgiving,2019-11-30,H4,Saturday,2,Saturday,Autumn,derived_recovery_day,False,False,,,,,,,L,best_matching_weekday
ERCOT_demand_WEST,Christmas Eve,Christmas Eve,2019-12-24,H1,Tuesday,1,Weekday,Winter,fixed_date,True,False,,,,,,,G,best_matching_weekday
ERCOT_demand_WEST,Christmas Day,Christmas Day,2019-12-25,H2,Wednesday,1,Weekday,Winter,fixed_date,True,False,,,,,,,G,best_matching_weekday
ERCOT_demand_WEST,Post-holiday recovery,Christmas Day,2019-12-26,H4,Thursday,1,Weekday,Winter,derived_recovery_day,False,False,,,,,,,J,best_matching_weekday
ERCOT_demand_WEST,New Year's Day,New Year's Day,2020-01-01,H2,Wednesday,1,Weekday,Winter,fixed_date,True,False,Tuesday,B,1.0,unclear,D,1.0,K,best_matching_weekday
ERCOT_demand_WEST,Martin Luther King Jr. Day,Martin Luther King Jr. Day,2020-01-20,H2,Monday,1,Weekday,Winter,relative_weekday_rule,False,False,,,,,,,I,best_matching_weekday
ERCOT_demand_WEST,Presidents' Day,Presidents' Day,2020-02-17,H2,Monday,1,Weekday,Winter,relative_weekday_rule,False,False,,,,,,,I,best_matching_weekday
ERCOT_demand_WEST,Texas Independence Day,Texas Independence Day,2020-03-02,H2,Monday,1,Weekday,Spring,fixed_date,True,False,,,,,,,F,best_matching_weekday
ERCOT_demand_WEST,San Jacinto Day,San Jacinto Day,2020-04-21,H2,Tuesday,1,Weekday,Spring,fixed_date,True,False,,,,,,,L,best_matching_weekday
ERCOT_demand_WEST,Memorial Day,Memorial Day,2020-05-25,H2,Monday,1,Weekday,Spring,relative_weekday_rule,False,False,,,,,,,H,best_matching_weekday
ERCOT_demand_WEST,Juneteenth National Independence Day,Juneteenth National Independence Day,2020-06-19,H2,Friday,1,Weekday,Summer,fixed_date,True,False,,,,,,,H,best_matching_weekday
ERCOT_demand_WEST,Independence Day,Independence Day,2020-07-04,H2,Saturday,2,Saturday,Summer,fixed_date,True,False,,,,,,,H,best_matching_weekday
ERCOT_demand_WEST,Lyndon B. Johnson Day,Lyndon B. Johnson Day,2020-08-27,H2,Thursday,1,Weekday,Summer,fixed_date,True,False,,,,,,,H,best_matching_weekday
ERCOT_demand_WEST,Labor Day,Labor Day,2020-09-07,H2,Monday,1,Weekday,Autumn,relative_weekday_rule,False,False,,,,,,,H,best_matching_weekday
ERCOT_demand_WEST,Veterans Day,Veterans Day,2020-11-11,H2,Wednesday,1,Weekday,Autumn,fixed_date,True,False,,,,,,,L,best_matching_weekday
ERCOT_demand_WEST,Thanksgiving Day,Thanksgiving Day,2020-11-26,H1,Thursday,1,Weekday,Autumn,relative_weekday_rule,False,False,,,,,,,L,best_matching_weekday
ERCOT_demand_WEST,Day after Thanksgiving,Day after Thanksgiving,2020-11-27,H2,Friday,1,Weekday,Autumn,relative_to_holiday_rule,False,False,,,,,,,L,best_matching_weekday
ERCOT_demand_WEST,Post-holiday recovery,Day after Thanksgiving,2020-11-28,H4,Saturday,2,Saturday,Autumn,derived_recovery_day,False,False,,,,,,,L,best_matching_weekday
ERCOT_demand_WEST,Christmas Eve,Christmas Eve,2020-12-24,H1,Thursday,1,Weekday,Winter,fixed_date,True,False,Monday,A,0.0,unclear,D,1.0,G,best_matching_weekday
ERCOT_demand_WEST,Christmas Day,Christmas Day,2020-12-25,H2,Friday,1,Weekday,Winter,fixed_date,True,False,Monday,A,0.0,unclear,D,1.0,G,best_matching_weekday
ERCOT_demand_WEST,Post-holiday recovery,Christmas Day,2020-12-26,H4,Saturday,2,Saturday,Winter,derived_recovery_day,False,False,,,,,,,J,best_matching_weekday
ERCOT_demand_WEST,New Year's Day,New Year's Day,2022-01-01,H2,Saturday,2,Saturday,Winter,fixed_date,True,False,Tuesday,B,1.0,unclear,,,K,best_matching_weekday
ERCOT_demand_WEST,Martin Luther King Jr. Day,Martin Luther King Jr. Day,2022-01-17,H2,Monday,1,Weekday,Winter,relative_weekday_rule,False,False,,,,,,,I,best_matching_weekday
ERCOT_demand_WEST,Presidents' Day,Presidents' Day,2022-02-21,H2,Monday,1,Weekday,Winter,relative_weekday_rule,False,False,,,,,,,I,best_matching_weekday
ERCOT_demand_WEST,Texas Independence Day,Texas Independence Day,2022-03-02,H2,Wednesday,1,Weekday,Spring,fixed_date,True,False,Friday,A,0.0,unclear,D,1.0,F,best_matching_weekday
ERCOT_demand_WEST,San Jacinto Day,San Jacinto Day,2022-04-21,H2,Thursday,1,Weekday,Spring,fixed_date,True,False,,,,,,,L,best_matching_weekday
ERCOT_demand_WEST,Memorial Day,Memorial Day,2022-05-30,H2,Monday,1,Weekday,Spring,relative_weekday_rule,False,False,Sunday,B,1.0,unclear,E,2.0,I,best_matching_weekday
ERCOT_demand_WEST,Juneteenth National Independence Day,Juneteenth National Independence Day,2022-06-19,H2,Sunday,3,Sunday,Summer,fixed_date,True,False,,,,,,,H,best_matching_weekday
ERCOT_demand_WEST,Independence Day,Independence Day,2022-07-04,H2,Monday,1,Weekday,Summer,fixed_date,True,False,,,,,,,H,best_matching_weekday
ERCOT_demand_WEST,Lyndon B. Johnson Day,Lyndon B. Johnson Day,2022-08-27,H2,Saturday,2,Saturday,Summer,fixed_date,True,False,,,,,,,H,best_matching_weekday
ERCOT_demand_WEST,Labor Day,Labor Day,2022-09-05,H2,Monday,1,Weekday,Autumn,relative_weekday_rule,False,False,Saturday,B,1.0,unclear,E,2.0,H,best_matching_weekday
ERCOT_demand_WEST,Veterans Day,Veterans Day,2022-11-11,H2,Friday,1,Weekday,Autumn,fixed_date,True,False,,,,,,,L,best_matching_weekday
ERCOT_demand_WEST,Thanksgiving Day,Thanksgiving Day,2022-11-24,H1,Thursday,1,Weekday,Autumn,relative_weekday_rule,False,False,,,,,,,L,best_matching_weekday
ERCOT_demand_WEST,Day after Thanksgiving,Day after Thanksgiving,2022-11-25,H2,Friday,1,Weekday,Autumn,relative_to_holiday_rule,False,False,,,,,,,L,best_matching_weekday
ERCOT_demand_WEST,Post-holiday recovery,Day after Thanksgiving,2022-11-26,H4,Saturday,2,Saturday,Autumn,derived_recovery_day,False,False,,,,,,,L,best_matching_weekday
ERCOT_demand_WEST,Christmas Eve,Christmas Eve,2022-12-24,H1,Saturday,2,Saturday,Winter,fixed_date,True,False,Monday,A,0.0,unclear,C,0.0,G,best_matching_weekday
ERCOT_demand_WEST,Christmas Day,Christmas Day,2022-12-25,H2,Sunday,3,Sunday,Winter,fixed_date,True,False,Monday,A,0.0,unclear,C,0.0,G,best_matching_weekday
ERCOT_demand_WEST,Post-holiday recovery,Christmas Day,2022-12-26,H4,Monday,1,Weekday,Winter,derived_recovery_day,False,False,,,,,,,J,best_matching_weekday
ERCOT_demand_WEST,New Year's Day,New Year's Day,2023-01-01,H2,Sunday,3,Sunday,Winter,fixed_date,True,False,,,,,,,K,best_matching_weekday
ERCOT_demand_WEST,Martin Luther King Jr. Day,Martin Luther King Jr. Day,2023-01-16,H2,Monday,1,Weekday,Winter,relative_weekday_rule,False,False,Tuesday,B,1.0,unclear,D,1.0,K,best_matching_weekday
ERCOT_demand_WEST,Presidents' Day,Presidents' Day,2023-02-20,H2,Monday,1,Weekday,Winter,relative_weekday_rule,False,False,,,,,,,I,best_matching_weekday
ERCOT_demand_WEST,Texas Independence Day,Texas Independence Day,2023-03-02,H2,Thursday,1,Weekday,Spring,fixed_date,True,False,,,,,,,F,best_matching_weekday
ERCOT_demand_WEST,San Jacinto Day,San Jacinto Day,2023-04-21,H2,Friday,1,Weekday,Spring,fixed_date,True,False,,,,,,,L,best_matching_weekday
ERCOT_demand_WEST,Memorial Day,Memorial Day,2023-05-29,H2,Monday,1,Weekday,Spring,relative_weekday_rule,False,False,,,,,,,H,best_matching_weekday
ERCOT_demand_WEST,Juneteenth National Independence Day,Juneteenth National Independence Day,2023-06-19,H2,Monday,1,Weekday,Summer,fixed_date,True,False,,,,,,,H,best_matching_weekday
ERCOT_demand_WEST,Independence Day,Independence Day,2023-07-04,H2,Tuesday,1,Weekday,Summer,fixed_date,True,False,,,,,,,H,best_matching_weekday
ERCOT_demand_WEST,Lyndon B. Johnson Day,Lyndon B. Johnson Day,2023-08-27,H2,Sunday,3,Sunday,Summer,fixed_date,True,False,Saturday,B,1.0,unclear,C,0.0,H,best_matching_weekday
ERCOT_demand_WEST,Labor Day,Labor Day,2023-09-04,H2,Monday,1,Weekday,Autumn,relative_weekday_rule,False,False,Sunday,B,1.0,unclear,C,0.0,I,best_matching_weekday
ERCOT_demand_WEST,Veterans Day,Veterans Day,2023-11-11,H2,Saturday,2,Saturday,Autumn,fixed_date,True,False,,,,,,,L,best_matching_weekday
ERCOT_demand_WEST,Thanksgiving Day,Thanksgiving Day,2023-11-23,H1,Thursday,1,Weekday,Autumn,relative_weekday_rule,False,False,Wednesday,A,0.0,unclear,D,1.0,L,best_matching_weekday
ERCOT_demand_WEST,Day after Thanksgiving,Day after Thanksgiving,2023-11-24,H2,Friday,1,Weekday,Autumn,relative_to_holiday_rule,False,False,Wednesday,A,0.0,unclear,D,1.0,L,best_matching_weekday
ERCOT_demand_WEST,Post-holiday recovery,Day after Thanksgiving,2023-11-25,H4,Saturday,2,Saturday,Autumn,derived_recovery_day,False,False,,,,,,,L,best_matching_weekday
ERCOT_demand_WEST,Christmas Eve,Christmas Eve,2023-12-24,H1,Sunday,3,Sunday,Winter,fixed_date,True,False,,,,,,,G,best_matching_weekday
ERCOT_demand_WEST,Christmas Day,Christmas Day,2023-12-25,H2,Monday,1,Weekday,Winter,fixed_date,True,False,,,,,,,G,best_matching_weekday
ERCOT_demand_WEST,Post-holiday recovery,Christmas Day,2023-12-26,H4,Tuesday,1,Weekday,Winter,derived_recovery_day,False,False,,,,,,,J,best_matching_weekday
ERCOT_demand_WEST,New Year's Day,New Year's Day,2024-01-01,H2,Monday,1,Weekday,Winter,fixed_date,True,False,,,,,,,K,best_matching_weekday
ERCOT_demand_WEST,Martin Luther King Jr. Day,Martin Luther King Jr. Day,2024-01-15,H2,Monday,1,Weekday,Winter,relative_weekday_rule,False,False,Sunday,A,0.0,unclear,C,0.0,I,best_matching_weekday
ERCOT_demand_WEST,Presidents' Day,Presidents' Day,2024-02-19,H2,Monday,1,Weekday,Winter,relative_weekday_rule,False,False,Sunday,A,0.0,unclear,D,1.0,I,best_matching_weekday
ERCOT_demand_WEST,Texas Independence Day,Texas Independence Day,2024-03-02,H2,Saturday,2,Saturday,Spring,fixed_date,True,False,Tuesday,B,1.0,unclear,D,1.0,K,best_matching_weekday
ERCOT_demand_WEST,San Jacinto Day,San Jacinto Day,2024-04-21,H2,Sunday,3,Sunday,Spring,fixed_date,True,False,Wednesday,B,1.0,unclear,D,1.0,L,best_matching_weekday
ERCOT_demand_WEST,Memorial Day,Memorial Day,2024-05-27,H2,Monday,1,Weekday,Spring,relative_weekday_rule,False,False,,,,,,,H,best_matching_weekday
ERCOT_demand_WEST,Juneteenth National Independence Day,Juneteenth National Independence Day,2024-06-19,H2,Wednesday,1,Weekday,Summer,fixed_date,True,False,Saturday,B,1.0,unclear,C,0.0,H,best_matching_weekday
ERCOT_demand_WEST,Independence Day,Independence Day,2024-07-04,H2,Thursday,1,Weekday,Summer,fixed_date,True,False,Sunday,B,1.0,unclear,C,0.0,I,best_matching_weekday
ERCOT_demand_WEST,Lyndon B. Johnson Day,Lyndon B. Johnson Day,2024-08-27,H2,Tuesday,1,Weekday,Summer,fixed_date,True,False,,,,,,,H,best_matching_weekday
ERCOT_demand_WEST,Labor Day,Labor Day,2024-09-02,H2,Monday,1,Weekday,Autumn,relative_weekday_rule,False,False,Saturday,B,1.0,unclear,E,2.0,H,best_matching_weekday
ERCOT_demand_WEST,Veterans Day,Veterans Day,2024-11-11,H2,Monday,1,Weekday,Autumn,fixed_date,True,False,,,,,,,L,best_matching_weekday
ERCOT_demand_WEST,Thanksgiving Day,Thanksgiving Day,2024-11-28,H1,Thursday,1,Weekday,Autumn,relative_weekday_rule,False,False,,,,,,,L,best_matching_weekday
ERCOT_demand_WEST,Day after Thanksgiving,Day after Thanksgiving,2024-11-29,H2,Friday,1,Weekday,Autumn,relative_to_holiday_rule,False,False,Wednesday,A,0.0,unclear,D,1.0,L,best_matching_weekday
ERCOT_demand_WEST,Post-holiday recovery,Day after Thanksgiving,2024-11-30,H4,Saturday,2,Saturday,Autumn,derived_recovery_day,False,False,,,,,,,L,best_matching_weekday
ERCOT_demand_WEST,Christmas Eve,Christmas Eve,2024-12-24,H1,Tuesday,1,Weekday,Winter,fixed_date,True,False,Thursday,B,1.0,unclear,D,1.0,J,best_matching_weekday
ERCOT_demand_WEST,Christmas Day,Christmas Day,2024-12-25,H2,Wednesday,1,Weekday,Winter,fixed_date,True,False,,,,,,,G,best_matching_weekday
ERCOT_demand_WEST,Post-holiday recovery,Christmas Day,2024-12-26,H4,Thursday,1,Weekday,Winter,derived_recovery_day,False,False,,,,,,,J,best_matching_weekday
ERCOT_demand_WEST,New Year's Day,New Year's Day,2025-01-01,H2,Wednesday,1,Weekday,Winter,fixed_date,True,False,,,,,,,K,best_matching_weekday
ERCOT_demand_WEST,Martin Luther King Jr. Day,Martin Luther King Jr. Day,2025-01-20,H2,Monday,1,Weekday,Winter,relative_weekday_rule,False,False,,,,,,,I,best_matching_weekday
ERCOT_demand_WEST,Presidents' Day,Presidents' Day,2025-02-17,H2,Monday,1,Weekday,Winter,relative_weekday_rule,False,False,Sunday,A,0.0,unclear,E,2.0,I,best_matching_weekday
ERCOT_demand_WEST,Texas Independence Day,Texas Independence Day,2025-03-02,H2,Sunday,3,Sunday,Spring,fixed_date,True,False,,,,,,,F,best_matching_weekday
ERCOT_demand_WEST,San Jacinto Day,San Jacinto Day,2025-04-21,H2,Monday,1,Weekday,Spring,fixed_date,True,False,,,,,,,L,best_matching_weekday
ERCOT_demand_WEST,Memorial Day,Memorial Day,2025-05-26,H2,Monday,1,Weekday,Spring,relative_weekday_rule,False,False,Saturday,B,1.0,unclear,E,2.0,H,best_matching_weekday
ERCOT_demand_WEST,Juneteenth National Independence Day,Juneteenth National Independence Day,2025-06-19,H2,Thursday,1,Weekday,Summer,fixed_date,True,False,Sunday,B,1.0,unclear,C,0.0,I,best_matching_weekday
ERCOT_demand_WEST,Independence Day,Independence Day,2025-07-04,H2,Friday,1,Weekday,Summer,fixed_date,True,False,Sunday,B,1.0,unclear,E,2.0,I,best_matching_weekday
ERCOT_demand_WEST,Lyndon B. Johnson Day,Lyndon B. Johnson Day,2025-08-27,H2,Wednesday,1,Weekday,Summer,fixed_date,True,False,,,,,,,H,best_matching_weekday
ERCOT_demand_WEST,Labor Day,Labor Day,2025-09-01,H2,Monday,1,Weekday,Autumn,relative_weekday_rule,False,False,,,,,,,H,best_matching_weekday
ERCOT_demand_WEST,Veterans Day,Veterans Day,2025-11-11,H2,Tuesday,1,Weekday,Autumn,fixed_date,True,False,,,,,,,L,best_matching_weekday
ERCOT_demand_WEST,Thanksgiving Day,Thanksgiving Day,2025-11-27,H1,Thursday,1,Weekday,Autumn,relative_weekday_rule,False,False,Saturday,A,0.0,unclear,E,2.0,H,best_matching_weekday
ERCOT_demand_WEST,Day after Thanksgiving,Day after Thanksgiving,2025-11-28,H2,Friday,1,Weekday,Autumn,relative_to_holiday_rule,False,False,,,,,,,L,best_matching_weekday
ERCOT_demand_WEST,Post-holiday recovery,Day after Thanksgiving,2025-11-29,H4,Saturday,2,Saturday,Autumn,derived_recovery_day,False,False,,,,,,,L,best_matching_weekday
ERCOT_demand_WEST,Christmas Eve,Christmas Eve,2025-12-24,H1,Wednesday,1,Weekday,Winter,fixed_date,True,False,Thursday,B,1.0,unclear,E,2.0,J,best_matching_weekday
ERCOT_demand_WEST,Christmas Day,Christmas Day,2025-12-25,H2,Thursday,1,Weekday,Winter,fixed_date,True,False,Thursday,B,1.0,unclear,E,2.0,J,best_matching_weekday
ERCOT_demand_WEST,Post-holiday recovery,Christmas Day,2025-12-26,H4,Friday,1,Weekday,Winter,derived_recovery_day,False,False,Thursday,B,1.0,unclear,,,J,best_matching_weekday
ERCOT_demand_WEST,New Year's Day,New Year's Day,2026-01-01,H2,Thursday,1,Weekday,Winter,fixed_date,True,False,,,,,,,K,best_matching_weekday
ERCOT_demand_WEST,Martin Luther King Jr. Day,Martin Luther King Jr. Day,2026-01-19,H2,Monday,1,Weekday,Winter,relative_weekday_rule,False,False,,,,,,,I,best_matching_weekday
ERCOT_demand_WEST,Presidents' Day,Presidents' Day,2026-02-16,H2,Monday,1,Weekday,Winter,relative_weekday_rule,False,False,,,,,,,I,best_matching_weekday
ERCOT_demand_WEST,Texas Independence Day,Texas Independence Day,2026-03-02,H2,Monday,1,Weekday,Spring,fixed_date,True,False,Sunday,B,1.0,unclear,E,2.0,I,best_matching_weekday
