experiment_id,unique_id,target_date,holiday_label,holiday_day_type,analog_cluster,cluster_filter_label,filter_by_cluster,train_end,eligible_tuning_dates,target_exists,target_has_complete_profile,selected_analogs,fail,optuna_k_min,optuna_k_max,k,typedist,typereg,scale_method,n_components,regressor_params,forecast_start,forecast_end,mae_window,mape_window_pct,tuning_best_mean_mae,tuning_best_mean_mape_pct,error,bias_head_hours,bias_tail_hours,hourly_factor_analog_count,hourly_factor_requested_analogs,hourly_factor_available_neighbors,hourly_factor_selected_analogs,hourly_factor_mean_abs,forecast_window_mean_38,forecast_daily_mean_24,mae_38,mape_38_pct,mpe_38_pct,bias_38,mae_14,mape_14_pct,mpe_14_pct,bias_14,mae_24,mape_24_pct,mpe_24_pct,bias_24,mae_14_bias_adjusted,mape_14_bias_adjusted_pct,mpe_14_bias_adjusted_pct,bias_14_bias_adjusted,mae_24_bias_adjusted,mape_24_bias_adjusted_pct,mpe_24_bias_adjusted_pct,bias_24_bias_adjusted,mae_38_bias_adjusted,mape_38_bias_adjusted_pct,mpe_38_bias_adjusted_pct,bias_38_bias_adjusted,head_bias_mean,tail_bias_mean,bias_model_method,bias_train_samples,predicted_head_bias_mean,predicted_tail_bias_mean,predicted_full_bias_mean,predicted_bias_14,predicted_bias_24,predicted_bias_38,bias_14_prediction_error,bias_24_prediction_error,bias_38_prediction_error,mae_head14,mape_head14_pct,mae_head14_bias_adjusted,mape_head14_bias_adjusted_pct,mae_holiday24_raw,mape_holiday24_raw_pct,mae_holiday24_bias_adjusted,mape_holiday24_bias_adjusted_pct,mae_window_bias_adjusted,mape_window_bias_adjusted_pct,mae_holiday24_improvement,mape_holiday24_improvement_pct,mape_window_improvement_pct
experiment_2026_08_25_00_00_production_cap_H6_plotted,SEN_demand_CEL,2025-01-01,New Year's Day,H3,H,observance_tier,True,2025-01-01,19,True,True,4,False,2,6,4,euclidian,PLS,standard,3,{},2024-12-31 10:00:00,2025-01-02,97.56844131614515,1.9086325750607074,241.323191,4.182,,14,24,4,4,4,4,0.133025882944763,5099.274860533374,4665.783537960671,97.56844131614515,1.9086325750607074,1.2647055818545283,63.966786835048545,107.18459137444799,1.8251699129284344,1.6183041609881006,95.19941505628321,91.95902044880184,1.9573191279711992,1.0584397440266116,45.74775370599499,147.19610303358377,2.4895385817104208,2.4895385817104208,147.19610303358377,68.55715400413892,1.4443784296314284,0.4023206758028693,15.416352385901101,97.52939838340808,1.8294374330289518,1.1712956937688093,63.966786835047344,95.19941505628321,45.74775370599499,hourly_window_mean_factor_top_available_analogs,4,-51.99668797730055,30.331401320093885,1.1967035549643793e-12,-51.99668797730055,30.331401320093885,1.1967035549643793e-12,-147.19610303358377,-15.416352385901103,-63.96678683504735,107.18459137444799,1.8251699129284344,147.19610303358377,2.4895385817104208,91.95902044880184,1.9573191279711992,68.55715400413892,1.4443784296314284,97.52939838340808,1.8294374330289518,23.401866444662915,0.5129406983397709,0.0791951420317556
experiment_2026_08_25_00_00_production_cap_H6_plotted,SEN_demand_CEL,2025-02-03,Constitution Day,H2,H,observance_tier,True,2025-02-03,19,True,True,4,False,2,6,4,euclidian,PLS,standard,3,{},2025-02-02 10:00:00,2025-02-04,118.692124833774,1.9499339546687502,214.350142,3.584,,14,24,4,4,4,4,0.09221357847409573,5944.138255315827,5744.55977504051,118.692124833774,1.9499339546687502,0.5861517889159554,40.4932002104887,105.33723453324501,1.7286889111287933,-0.794176296932711,-45.02203221636962,126.48247750908259,2.0789935634003918,1.3913431723276775,90.37708579282271,178.39677330427315,2.9529603080040228,-2.5662612681179833,-153.72998579372663,163.5210501219651,2.6739124310092692,2.470875628132934,153.79005871294737,169.001579715447,2.7767195435862835,0.6150883505668068,40.49320021048853,-45.02203221636962,90.37708579282271,hourly_window_mean_factor_top_available_analogs,4,108.707953577357,-63.41297292012465,1.6753849769501309e-13,108.707953577357,-63.41297292012465,1.6753849769501309e-13,153.72998579372663,-153.79005871294737,-40.49320021048853,105.33723453324501,1.7286889111287933,178.39677330427315,2.9529603080040228,126.48247750908259,2.0789935634003918,163.5210501219651,2.6739124310092692,169.001579715447,2.7767195435862835,-37.038572612882504,-0.5949188676088775,-0.8267855889175333
experiment_2026_08_25_00_00_production_cap_H6_plotted,SEN_demand_CEL,2025-03-17,Benito Juarez's Birthday,H2,H,observance_tier,True,2025-03-17,19,True,True,4,False,2,6,4,euclidian,RidgeReg,standard,2,{'alpha': 0.27540427081709706},2025-03-16 10:00:00,2025-03-18,85.60981368458667,1.4054998731192305,189.737763,3.169,,14,24,4,4,4,4,0.09415207608295928,6110.876632437543,5956.42139165463,85.60981368458667,1.4054998731192305,-0.4630703244974071,-31.9131632270161,65.3709077615364,1.0211613856845536,-0.1442218399242416,-7.656479493964396,97.41584213969934,1.6296973241227921,-0.6490652738317537,-46.06289540462959,246.5759074025163,3.9404566387313458,-3.333153571497597,-205.07424756481467,113.69192916058228,1.9181420535649465,1.1885182561638297,69.09746930336564,162.64918430234744,2.6632053217841465,-0.4773608382377491,-31.91316322701658,-7.656479493964396,-46.06289540462959,hourly_window_mean_factor_top_available_analogs,4,197.4177680708503,-115.16036470799524,4.786814219857517e-13,197.4177680708503,-115.16036470799524,4.786814219857517e-13,205.07424756481467,-69.09746930336564,31.91316322701658,65.3709077615364,1.0211613856845536,246.5759074025163,3.9404566387313458,97.41584213969934,1.6296973241227921,113.69192916058228,1.9181420535649465,162.64918430234744,2.6632053217841465,-16.27608702088294,-0.2884447294421544,-1.257705448664916
experiment_2026_08_25_00_00_production_cap_H6_plotted,SEN_demand_CEL,2025-04-17,Maundy Thursday,H1,G,observance_tier,True,2025-04-17,19,True,True,4,False,2,6,4,euclidian,PLS,,3,{},2025-04-16 10:00:00,2025-04-18,183.32165557910284,2.7563591541595645,184.318955,3.064,,14,24,4,4,4,4,0.0868453517832088,6499.276302758721,6095.947660337792,183.32165557910284,2.7563591541595645,2.5812746203700327,171.04904197812243,90.68426531069801,1.222818470564977,0.7558221802642084,57.925669519690864,237.36013323567235,3.6509245529230725,3.646121877098429,237.03767591220753,88.72456142115387,1.2013605380377383,0.6013233357031227,46.627182930976495,246.1616735888218,3.7699822193154326,3.727787524780267,243.62845975562232,188.1585270007336,2.8236479156868084,2.57593229722553,171.0490419781212,57.925669519690864,237.03767591220753,hourly_window_mean_factor_top_available_analogs,4,11.29848658871437,-6.590783843414783,1.2206376260636668e-12,11.29848658871437,-6.590783843414783,1.2206376260636668e-12,-46.627182930976495,-243.62845975562232,-171.0490419781212,90.68426531069801,1.222818470564977,88.72456142115387,1.2013605380377383,237.36013323567235,3.6509245529230725,246.1616735888218,3.7699822193154326,188.1585270007336,2.8236479156868084,-8.801540353149448,-0.11905766639236015,-0.06728876152724395
experiment_2026_08_25_00_00_production_cap_H6_plotted,SEN_demand_CEL,2025-04-18,Good Friday,H2,G,observance_tier,True,2025-04-18,19,True,True,4,False,2,6,4,euclidian,PLS,standard,3,{},2025-04-17 10:00:00,2025-04-19,157.8185357122809,2.5326149322913682,188.031623,3.09,,14,24,4,4,4,4,0.08852345776489787,6040.994473635599,5638.7145306922575,157.8185357122809,2.5326149322913682,1.9092646524853736,118.78662610124408,101.60455679775052,1.5167099825821349,0.05779662140444969,8.103279175817859,190.61002341242363,3.1252261529550878,2.9892876706159126,183.3519118077427,114.11698845278157,1.6880118981006322,0.6225725731129506,46.48034376791007,164.77284144028093,2.6944637001778386,2.6252302639063365,160.96529079568703,146.11015876067592,2.323665667833605,1.8874090094035099,118.78662610124289,8.103279175817859,183.3519118077427,hourly_window_mean_factor_top_available_analogs,4,-38.37706459209221,22.386621012055684,1.1967035549643793e-12,-38.37706459209221,22.386621012055684,1.1967035549643793e-12,-46.48034376791007,-160.96529079568703,-118.78662610124289,101.60455679775052,1.5167099825821349,114.11698845278157,1.6880118981006322,190.61002341242363,3.1252261529550878,164.77284144028093,2.6944637001778386,146.11015876067592,2.323665667833605,25.8371819721427,0.4307624527772491,0.2089492644577633
experiment_2026_08_25_00_00_production_cap_H6_plotted,SEN_demand_CEL,2025-04-19,Holy Saturday,H3,G,observance_tier,True,2025-04-19,19,True,True,4,False,2,6,4,euclidian,PLS,standard,3,{},2025-04-18 10:00:00,2025-04-20,171.90007589918343,2.8379756494530155,181.563349,2.986,,14,24,4,4,4,4,0.07483516532734664,5822.471703666063,5705.826757158462,171.90007589918343,2.8379756494530155,2.784988462262308,169.13779633393554,148.45449446376006,2.3839817281525812,2.3839817281525812,148.45449446376006,185.57666506984708,3.1028054368782683,3.018909057159648,181.20305575820456,115.46589327303322,1.8977984334296953,-0.9301312610778953,-52.562810030906476,298.46315004676205,4.8836305781896785,4.8836305781896785,298.46315004676205,231.04310807749349,3.7835871564360004,2.741718321617414,169.1377963339368,148.45449446376006,181.20305575820456,hourly_window_mean_factor_top_available_analogs,4,201.01730449466655,-117.26009428855748,-1.268505768262242e-12,201.01730449466655,-117.26009428855748,-1.268505768262242e-12,52.56281003090649,-298.46315004676205,-169.13779633393682,148.45449446376006,2.3839817281525812,115.46589327303322,1.8977984334296953,185.57666506984708,3.1028054368782683,298.46315004676205,4.8836305781896785,231.04310807749349,3.7835871564360004,-112.88648497691497,-1.7808251413114102,-0.9456115069829849
experiment_2026_08_25_00_00_production_cap_H6_plotted,SEN_demand_CEL,2025-05-01,Labor Day,H2,F,observance_tier,True,2025-05-01,19,True,True,4,False,2,6,4,euclidian,PLS,standard,3,{},2025-04-30 10:00:00,2025-05-02,144.94001346775585,2.151102524509406,176.725223,2.904,,14,24,4,4,4,4,0.08485248169709306,6919.175863370747,6467.017866901549,144.94001346775585,2.151102524509406,-1.3344571247631605,-80.68755205495626,133.11696914491708,1.7132157888591368,0.4582715899732946,38.7122383963435,151.8367893227451,2.406536453638729,-2.3802155416927593,-150.33742981821445,317.4871977809432,4.091005152855482,3.0402257026065027,238.50092826875178,269.0406738864219,4.203916901102982,-4.166936099343565,-266.8808322437878,286.8893932159823,4.162317835959166,-1.5116659617830137,-80.68755205495741,38.7122383963435,-150.33742981821445,hourly_window_mean_factor_top_available_analogs,4,-199.78868987240827,116.54340242557332,1.148835412765804e-12,-199.78868987240827,116.54340242557332,1.148835412765804e-12,-238.50092826875178,266.8808322437878,80.68755205495741,133.11696914491708,1.7132157888591368,317.4871977809432,4.091005152855482,151.8367893227451,2.406536453638729,269.0406738864219,4.203916901102982,286.8893932159823,4.162317835959166,-117.20388456367684,-1.7973804474642532,-2.0112153114497597
experiment_2026_08_25_00_00_production_cap_H6_plotted,SEN_demand_CEL,2025-09-16,Independence Day,H2,H,observance_tier,True,2025-09-16,19,True,True,4,False,2,6,4,euclidian,PLS,standard,3,{},2025-09-15 10:00:00,2025-09-17,525.5876265557496,8.670819985095244,180.613411,2.961,,14,24,4,4,4,4,0.127129429258624,5314.502593942659,5063.862336775025,525.5876265557496,8.670819985095244,8.638956380897971,524.1228057941842,791.6886801985438,12.097093988315038,12.097093988315038,791.6886801985438,370.3620119307864,6.672160149883697,6.621709443238015,368.0427123916411,555.6186036418795,8.478612916065526,8.478612916065526,555.6186036418795,505.750257049694,9.314611454376921,9.314611454376921,505.750257049694,524.1228057941835,9.006611992893776,9.006611992893776,524.1228057941835,791.6886801985438,368.0427123916411,hourly_window_mean_factor_top_available_analogs,4,236.0700765566644,-137.7075446580529,8.257254529254217e-13,236.0700765566644,-137.7075446580529,8.257254529254217e-13,-555.6186036418794,-505.750257049694,-524.1228057941834,791.6886801985438,12.097093988315038,555.6186036418795,8.478612916065526,370.3620119307864,6.672160149883697,505.750257049694,9.314611454376921,524.1228057941835,9.006611992893776,-135.3882451189076,-2.642451304493224,-0.33579200779853124
experiment_2026_08_25_00_00_production_cap_H6_plotted,SEN_demand_CEL,2025-11-17,Mexican Revolution Day,H2,F,observance_tier,True,2025-11-17,19,True,True,4,False,2,6,4,pearson,PLS,standard,3,{},2025-11-16 10:00:00,2025-11-18,78.00073117513277,1.2894976967805807,203.417038,3.322,,14,24,4,4,4,4,0.0866534462124275,6206.414651894591,6090.084826614056,78.00073117513277,1.2894976967805807,-1.0074369692140264,-60.00660663143323,59.15574228580239,0.9218235022023228,-0.22942320505606315,-14.235394518366386,88.9936413605755,1.5039743102845649,-1.4612783316395053,-86.70648036405555,77.45735042765325,1.193981324272859,-0.665676072672496,-44.07146564650475,94.19165408699287,1.541295036119272,-1.0740426236907548,-69.30210553930765,88.02638431776249,1.4133373528074358,-0.9235917891050804,-60.006606631432895,-14.235394518366386,-86.70648036405555,hourly_window_mean_factor_top_available_analogs,4,29.836071128138364,-17.404374824747908,-3.3507699539002617e-13,29.836071128138364,-17.404374824747908,-3.3507699539002617e-13,44.07146564650475,69.30210553930765,60.006606631432895,59.15574228580239,0.9218235022023228,77.45735042765325,1.193981324272859,88.9936413605755,1.5039743102845649,94.19165408699287,1.541295036119272,88.02638431776249,1.4133373528074358,-5.1980127264173746,-0.03732072583470725,-0.1238396560268551
experiment_2026_08_25_00_00_production_cap_H6_plotted,SEN_demand_CEL,2025-12-24,Christmas Eve,H1,G,observance_tier,True,2025-12-24,19,True,True,4,False,2,6,4,euclidian,PLS,standard,3,{},2025-12-23 10:00:00,2025-12-25,187.26663668817767,2.856156431131351,201.331122,3.295,,14,24,4,4,4,4,0.08722962618317757,6393.889025389242,6021.797189840411,187.26663668817767,2.856156431131351,1.1109268408220359,81.25746645286188,214.81020938418897,2.9245566768846056,2.9245566768846056,214.81020938418897,171.19955261550442,2.8162562877752855,0.05297610311886958,3.3516997429210655,169.2549806973666,2.3096409891181815,2.197676492115237,161.39301222813057,176.4476651359586,2.9310257468727947,0.5616533045835016,34.511731417289866,173.79772876384575,2.702094520331621,1.1643986894636147,81.25746645286276,214.81020938418897,3.3516997429210655,hourly_window_mean_factor_top_available_analogs,4,53.4171971560584,-31.1600316743688,-8.855606306736407e-13,53.4171971560584,-31.1600316743688,-8.855606306736407e-13,-161.39301222813057,-34.511731417289866,-81.25746645286276,214.81020938418897,2.9245566768846056,169.2549806973666,2.3096409891181815,171.19955261550442,2.8162562877752855,176.4476651359586,2.9310257468727947,173.79772876384575,2.702094520331621,-5.248112520454185,-0.11476945909750924,0.15406191079972986
experiment_2026_08_25_00_00_production_cap_H6_plotted,SEN_demand_CEL,2025-12-25,Christmas Day,H2,H,observance_tier,True,2025-12-25,19,True,True,4,False,2,6,4,euclidian,PLS,standard,3,{},2025-12-24 10:00:00,2025-12-26,133.90404416479086,2.3483894695593164,205.193303,3.345,,14,24,4,4,4,4,0.1032811438519166,5422.936877211196,4955.407261178044,133.90404416479086,2.3483894695593164,0.9498932637158749,58.71357173617146,153.71001398017512,2.440289340142645,0.7464936451531229,49.47150816054214,122.35056177248337,2.2947812117190423,1.0685430412108132,64.1047754886219,404.5365061584893,6.399094695122057,5.416187104223369,347.2537636650794,163.27454359841926,3.430954119150126,-2.380108344327071,-109.6015402223562,252.16052980476078,4.524479594508206,0.4922110314546706,58.7135717361727,49.47150816054214,64.1047754886219,hourly_window_mean_factor_top_available_analogs,4,-297.78225550453726,173.7063157109781,-1.2445716971629545e-12,-297.78225550453726,173.7063157109781,-1.2445716971629545e-12,-347.2537636650794,109.60154022235619,-58.7135717361727,153.71001398017512,2.440289340142645,404.5365061584893,6.399094695122057,122.35056177248337,2.2947812117190423,163.27454359841926,3.430954119150126,252.16052980476078,4.524479594508206,-40.92398182593588,-1.1361729074310838,-2.1760901249488893
experiment_2026_08_25_00_00_production_cap_H6_plotted,SEN_demand_CEL,2025-12-31,New Year's Eve,H1,G,observance_tier,True,2025-12-31,19,True,True,3,False,2,7,3,pearson,PCR,,3,{},2025-12-30 10:00:00,2026-01-01,113.12355546806296,1.7835454575733924,170.918333,2.817,,14,24,3,4,3,3,0.0933048851691628,6120.950315367836,5709.721280809353,113.12355546806296,1.7835454575733924,1.5925509604548231,101.33170726374235,139.24876989746878,1.9884407295930764,1.6098169416194252,114.66907967476125,97.88384705090955,1.6640232155619106,1.5824791381088055,93.55157335731467,144.92131206225167,2.0682294777142194,1.5874672585817708,113.66419333665011,95.79185223591416,1.6287462693272996,1.5957950597002313,94.1377570545471,113.89217954035429,1.7906611355751123,1.5927269224460616,101.33170726374294,114.66907967476125,93.55157335731467,hourly_window_mean_factor_top_available_analogs,3,1.0048863381111264,-0.5861836972324378,-5.983517774821897e-13,1.0048863381111264,-0.5861836972324378,-5.983517774821897e-13,-113.66419333665013,-94.13775705454711,-101.33170726374294,139.24876989746878,1.9884407295930764,144.92131206225167,2.0682294777142194,97.88384705090955,1.6640232155619106,95.79185223591416,1.6287462693272996,113.89217954035429,1.7906611355751123,2.091994814995388,0.03527694623461097,-0.007115678001719861
experiment_2026_08_25_00_00_production_cap_H6_plotted,SEN_demand_CEL,2026-01-01,New Year's Day,H3,H,observance_tier,True,2026-01-01,19,True,True,3,False,2,6,3,pearson,RidgeReg,,2,{'alpha': 0.0019723067478103875},2025-12-31 10:00:00,2026-01-02,64.70904232289027,1.2349894321121297,172.13381,2.831,,14,24,3,4,3,3,0.1369653993683878,5320.25404709083,4867.273775129552,64.70904232289027,1.2349894321121297,0.5857196015185087,29.071999488117783,49.94304131130035,0.8278737281467182,-0.29363037806443015,-17.098948310162864,73.32254291298439,1.4724735927586206,1.098673756275223,56.00505237044816,63.148755107763655,1.043398257083213,-0.3317489684969634,-19.550537552802194,73.3769423515353,1.4777153783258978,1.1315876276208685,57.435146095320874,69.60866284067207,1.3177038073417513,0.5924636185248251,29.071999488117637,-17.098948310162864,56.00505237044816,hourly_window_mean_factor_top_available_analogs,3,2.4515892426393293,-1.4300937248727148,1.436044265957255e-13,2.4515892426393293,-1.4300937248727148,1.436044265957255e-13,19.550537552802194,-57.435146095320874,-29.07199948811764,49.94304131130035,0.8278737281467182,63.148755107763655,1.043398257083213,73.32254291298439,1.4724735927586206,73.3769423515353,1.4777153783258978,69.60866284067207,1.3177038073417513,-0.05439943855091656,-0.0052417855672772795,-0.08271437522962155
experiment_2026_08_25_00_00_production_cap_H6_plotted,SEN_demand_CEL,2026-02-02,Constitution Day,H2,H,observance_tier,True,2026-02-02,19,True,True,3,False,2,6,3,pearson,PCR,,3,{},2026-02-01 10:00:00,2026-02-03,108.21112023726192,1.817317912456467,156.229928,2.577,,14,24,3,4,3,3,0.08737745363961036,6127.550019909336,5977.55324082031,108.21112023726192,1.817317912456467,-0.45712937459309433,-30.497186488282654,137.71058310435632,2.272877809003643,-1.7527499244654392,-101.62924620480895,91.00310023145687,1.551574639470614,0.2986492794991068,10.99651501302435,99.27871155105628,1.6344489859364433,-1.0265185791692277,-58.11127629939282,129.65379637397712,2.1887857726523787,-0.04722304883301672,-14.388967431802447,118.46297564974311,1.9845564301780867,-0.4080161389568837,-30.49718648828311,-101.62924620480895,10.99651501302435,hourly_window_mean_factor_top_available_analogs,3,-43.51796990541613,25.385482444826796,4.547473508864641e-13,-43.51796990541613,25.385482444826796,4.547473508864641e-13,58.11127629939282,14.388967431802445,30.49718648828311,137.71058310435632,2.272877809003643,99.27871155105628,1.6344489859364433,91.00310023145687,1.551574639470614,129.65379637397712,2.1887857726523787,118.46297564974311,1.9845564301780867,-38.650696142520246,-0.6372111331817647,-0.1672385177216198
experiment_2026_08_25_00_00_production_cap_H6_plotted,SEN_demand_CEL,2026-03-16,Benito Juarez's Birthday,H2,H,observance_tier,True,2026-03-16,19,True,True,3,False,2,6,3,pearson,PCR,,3,{},2026-03-15 10:00:00,2026-03-17,183.12508395252576,2.8820670849803816,138.776086,2.295,,14,24,3,4,3,3,0.08512450604001298,6221.688580232633,6024.9088610244535,183.12508395252576,2.8820670849803816,2.124423069028572,135.8968873989454,118.67710962734665,1.804623860390573,-0.25183846862148124,-9.513709589514292,220.71973564221358,3.5105756326577695,3.5105756326577695,220.71973564221358,97.92206372113534,1.4928743593113596,-0.21953333473886164,-8.892993895988443,220.36306123176175,3.6089301308530746,3.6088481865624313,220.3576514876571,175.25322004363622,2.8293306360745483,2.1983918366093236,135.89688739894558,-9.513709589514292,220.71973564221358,hourly_window_mean_factor_top_available_analogs,3,-0.6207156935258483,0.36208415455647963,-1.6753849769501309e-13,-0.6207156935258483,0.36208415455647963,-1.6753849769501309e-13,8.892993895988443,-220.3576514876571,-135.89688739894558,118.67710962734665,1.804623860390573,97.92206372113534,1.4928743593113596,220.71973564221358,3.5105756326577695,220.36306123176175,3.6089301308530746,175.25322004363622,2.8293306360745483,0.3566744104518307,-0.09835449819530506,0.05273644890583329
experiment_2026_08_25_00_00_production_cap_H6_plotted,SEN_demand_CEL,2026-04-02,Maundy Thursday,H1,G,observance_tier,True,2026-04-02,19,True,True,5,False,2,8,5,pearson,RidgeReg,,2,{'alpha': 0.03472585588896104},2026-04-01 10:00:00,2026-04-03,75.74606368129969,1.1109825793791586,141.363586,2.314,,14,24,4,4,5,4,0.08173104068354796,6745.492586446831,6389.241065508536,75.74606368129969,1.1109825793791586,0.40062477397539864,25.861594868958875,86.5380952211293,1.1944238407593886,-0.43530689938652695,-29.106139483906905,69.45071194973241,1.062308510240691,0.888251583436522,57.926106574797245,89.62268111156261,1.2507245911299338,-1.1062411499809595,-78.74290074492767,95.35393054940175,1.4998621584883696,1.374055096884489,86.88088397705803,93.24241759861891,1.4080746336721035,0.46026174277616577,25.861594868958036,-29.106139483906905,57.926106574797245,hourly_window_mean_factor_top_available_analogs,4,49.636761261020766,-28.954777402260788,8.376924884750655e-13,49.636761261020766,-28.954777402260788,8.376924884750655e-13,78.74290074492767,-86.88088397705803,-25.861594868958036,86.5380952211293,1.1944238407593886,89.62268111156261,1.2507245911299338,69.45071194973241,1.062308510240691,95.35393054940175,1.4998621584883696,93.24241759861891,1.4080746336721035,-25.903218599669344,-0.4375536482476785,-0.29709205429294494
experiment_2026_08_25_00_00_production_cap_H6_plotted,SEN_demand_CEL,2026-04-03,Good Friday,H2,G,observance_tier,True,2026-04-03,19,True,True,3,False,2,8,3,pearson,RidgeReg,,2,{'alpha': 0.0010369729150838272},2026-04-02 10:00:00,2026-04-04,67.01249338247608,1.0797747334993488,140.175223,2.286,,14,24,3,4,3,3,0.08916960232795662,6272.140872032997,5933.72818099419,67.01249338247608,1.0797747334993488,-0.4174288803359643,-24.353208875101917,64.77167250696233,0.9523297829107609,-0.4737200511014401,-31.877350242380608,68.31963889319245,1.1541176213426918,-0.3845923640561035,-19.96412641085601,99.76375284701193,1.4592292934330928,-1.371254183740153,-93.67085172793934,74.68322834342189,1.2890895467709569,0.28486267299584295,16.08208278905219,83.92342158158664,1.3517726113306912,-0.32528564264373444,-24.353208875102585,-31.877350242380608,-19.96412641085601,hourly_window_mean_factor_top_available_analogs,3,61.793501485558735,-36.0462091999082,6.701539907800523e-13,61.793501485558735,-36.0462091999082,6.701539907800523e-13,93.67085172793935,-16.082082789052187,24.353208875102588,64.77167250696233,0.9523297829107609,99.76375284701193,1.4592292934330928,68.31963889319245,1.1541176213426918,74.68322834342189,1.2890895467709569,83.92342158158664,1.3517726113306912,-6.363589450229441,-0.13497192542826508,-0.2719978778313423
experiment_2026_08_25_00_00_production_cap_H6_plotted,SEN_demand_CEL,2026-04-04,Holy Saturday,H3,G,observance_tier,True,2026-04-04,19,True,True,3,False,2,8,3,pearson,RidgeReg,,2,{'alpha': 0.0010369729150838272},2026-04-03 10:00:00,2026-04-05,89.05114403900205,1.4469320374285244,125.649111,2.042,,14,24,3,4,3,3,0.07626305418591471,6050.510950018599,5957.02117635482,89.05114403900205,1.4469320374285244,0.4005217259060596,24.873088665612038,63.22752227308495,1.0130662558072558,0.2108704879548158,14.84514298635187,104.1149234024537,1.700020410040931,0.5111516147109519,30.72272364518047,62.6782263050974,1.0282156374165132,-0.37886071066940236,-21.766816593742597,137.1818337567231,2.2850265103953835,0.9595049715073328,52.07970006690122,109.73313627454522,1.8219909256136944,0.4664228780737988,24.87308866561139,14.84514298635187,30.72272364518047,hourly_window_mean_factor_top_available_analogs,3,36.61195958009447,-21.35697642172075,6.462199196807648e-13,36.61195958009447,-21.35697642172075,6.462199196807648e-13,21.7668165937426,-52.07970006690122,-24.87308866561139,63.22752227308495,1.0130662558072558,62.6782263050974,1.0282156374165132,104.1149234024537,1.700020410040931,137.1818337567231,2.2850265103953835,109.73313627454522,1.8219909256136944,-33.06691035426941,-0.5850061003544524,-0.37505888818516997
experiment_2026_08_25_00_00_production_cap_H6_plotted,SEN_demand_CEL,2026-05-01,Labor Day,H2,F,observance_tier,True,2026-05-01,19,True,True,3,False,2,8,3,pearson,RidgeReg,,2,{'alpha': 0.0010369729150838272},2026-04-30 10:00:00,2026-05-02,164.4175518402601,2.3154212914971763,124.516742,2.021,,14,24,3,4,3,3,0.10848797292178362,7232.506988762916,6669.940442376889,164.4175518402601,2.3154212914971763,-1.1835665353914713,-91.77557271028392,172.6749948216434,2.1609712680628497,-1.9950680972053874,-158.92930399610415,159.60071010111983,2.4055171385005334,-0.7101906243333534,-52.60256279355546,220.83905161427109,2.76292893198028,-2.234867781731835,-175.85013828681608,135.40412576650715,2.052253522154649,-0.616917808941412,-42.732076123974515,166.88015107884124,2.3140813047219866,-1.213004641022094,-91.77557271028456,-158.92930399610415,-52.60256279355546,hourly_window_mean_factor_top_available_analogs,3,16.92083429071194,-9.870486669580941,6.462199196807648e-13,16.92083429071194,-9.870486669580941,6.462199196807648e-13,175.8501382868161,42.732076123974515,91.77557271028456,172.6749948216434,2.1609712680628497,220.83905161427109,2.76292893198028,159.60071010111983,2.4055171385005334,135.40412576650715,2.052253522154649,166.88015107884124,2.3140813047219866,24.19658433461268,0.3532636163458842,0.001339986775189761
experiment_2026_08_25_00_00_production_cap_H6_plotted,SEN_demand_NES,2025-01-01,New Year's Day,H3,H,observance_tier,True,2025-01-01,19,True,True,3,False,2,6,3,pearson,LassoReg,,2,{'alpha': 26.828108418639797},2024-12-31 10:00:00,2025-01-02,77.49402741516914,1.903579260136935,339.763182,6.537,,14,24,3,4,3,3,0.08924462084582964,4091.9073654245867,3848.1923368312764,77.49402741516914,1.903579260136935,0.28360115362676525,9.728078785939045,87.6961120886003,1.9676727076865548,0.03588004114676575,2.9145377011654676,71.54281135566764,1.8661914157329897,0.42810513590676474,13.702644418723631,79.50493652262604,1.7554630029083502,0.6294936540795636,31.827894309557355,52.50163072966617,1.3811917189631453,-0.08255576841478433,-3.1634802695041344,62.45021707444086,1.5190811393640105,0.17977822934629117,9.728078785939571,2.9145377011654676,13.702644418723631,hourly_window_mean_factor_top_available_analogs,3,-28.913356608391886,16.866124688227767,-5.265495641843269e-13,-28.913356608391886,16.866124688227767,-5.265495641843269e-13,-31.827894309557355,3.163480269504136,-9.728078785939571,87.6961120886003,1.9676727076865548,79.50493652262604,1.7554630029083502,71.54281135566764,1.8661914157329897,52.50163072966617,1.3811917189631453,62.45021707444086,1.5190811393640105,19.04118062600147,0.48499969676984445,0.38449812077292456
experiment_2026_08_25_00_00_production_cap_H6_plotted,SEN_demand_NES,2025-02-03,Constitution Day,H2,H,observance_tier,True,2025-02-03,19,True,True,5,False,2,6,5,pearson,PLS,,3,{},2025-02-02 10:00:00,2025-02-04,150.79688578996863,2.97683807592545,303.265623,5.826,,14,24,4,4,5,4,0.05792852684653578,4728.858510579339,4690.949214818901,150.79688578996863,2.97683807592545,1.6102416623815814,89.62663836802894,114.33646091462313,2.4589203072044916,-0.846178784054992,-33.97596402580556,172.0654669672535,3.2789567743460086,3.0431535894695827,161.72815643109905,102.59772608968024,2.1982055088889356,-0.45356168436387023,-17.449832646610762,152.59920825918064,2.9666172103506363,2.9548848013096056,152.08791312656956,134.17760956515417,2.683518162443694,1.699141359219378,89.62663836802945,-33.97596402580556,161.72815643109905,hourly_window_mean_factor_top_available_analogs,4,-16.526131379194794,9.6402433045295,-5.026154930850393e-13,-16.526131379194794,9.6402433045295,-5.026154930850393e-13,17.449832646610766,-152.08791312656956,-89.62663836802943,114.33646091462313,2.4589203072044916,102.59772608968024,2.1982055088889356,172.0654669672535,3.2789567743460086,152.59920825918064,2.9666172103506363,134.17760956515417,2.683518162443694,19.46625870807287,0.3123395639953723,0.2933199134817559
experiment_2026_08_25_00_00_production_cap_H6_plotted,SEN_demand_NES,2025-03-17,Benito Juarez's Birthday,H2,H,observance_tier,True,2025-03-17,19,True,True,5,False,2,6,5,pearson,LassoReg,,2,{'alpha': 2.0519059010204037},2025-03-16 10:00:00,2025-03-18,241.97101798639832,4.420683832544564,303.002118,5.787,,14,24,4,4,5,4,0.051172364630211166,5036.6641519069435,4885.661620610255,241.97101798639832,4.420683832544564,2.808039324888329,163.09964335621362,171.949390576701,3.2510957338133926,-0.09100671015179625,6.127450870160699,282.81696730872176,5.102943556804415,4.4991495119950695,254.66675563974448,179.99337907037918,3.313093281232295,1.7630920769082337,103.29724120483901,219.349971731507,3.934933974520033,3.465289127692745,197.98437794451647,204.850174435302,3.705834771729813,2.838163898456346,163.09964335621424,6.127450870160699,254.66675563974448,hourly_window_mean_factor_top_available_analogs,4,-97.16979033467831,56.682377695228034,-6.222858485814772e-13,-97.16979033467831,56.682377695228034,-6.222858485814772e-13,-103.29724120483901,-197.98437794451644,-163.09964335621424,171.949390576701,3.2510957338133926,179.99337907037918,3.313093281232295,282.81696730872176,5.102943556804415,219.349971731507,3.934933974520033,204.850174435302,3.705834771729813,63.46699557721476,1.1680095822843817,0.7148490608147515
experiment_2026_08_25_00_00_production_cap_H6_plotted,SEN_demand_NES,2025-04-17,Maundy Thursday,H1,G,observance_tier,True,2025-04-17,19,True,True,3,False,2,6,3,pearson,LassoReg,,2,{'alpha': 83.72082882017594},2025-04-16 10:00:00,2025-04-18,800.2794515719067,10.978531757502248,305.036753,5.676,,14,24,3,4,3,3,0.05693595107660577,6466.286583595946,6026.159758652923,800.2794515719067,10.978531757502248,10.851995962903308,791.2637606145807,456.5315605287586,5.833437692307725,5.489983392682027,432.0603993588738,1000.7990546804099,13.979836628865721,13.979836628865721,1000.7990546804099,740.8823480380548,9.599027873717821,9.599027873717821,740.8823480380548,820.6529179508874,11.564551881751505,11.564551881751505,820.6529179508874,791.2637606145805,10.840411457739096,10.840411457739096,791.2637606145805,432.0603993588738,1000.7990546804099,hourly_window_mean_factor_top_available_analogs,3,-308.8219486791808,180.14613672952257,2.6327478209216345e-13,-308.8219486791808,180.14613672952257,2.6327478209216345e-13,-740.8823480380546,-820.6529179508873,-791.2637606145805,456.5315605287586,5.833437692307725,740.8823480380548,9.599027873717821,1000.7990546804099,13.979836628865721,820.6529179508874,11.564551881751505,791.2637606145805,10.840411457739096,180.14613672952248,2.4152847471142156,0.13812029976315188
experiment_2026_08_25_00_00_production_cap_H6_plotted,SEN_demand_NES,2025-04-18,Good Friday,H2,G,observance_tier,True,2025-04-18,19,True,True,6,False,2,6,6,pearson,PLS,,4,{},2025-04-17 10:00:00,2025-04-19,862.2089197840313,12.588349722233035,306.056224,5.425,,14,24,4,4,6,4,0.06816933926364226,6106.065154845195,5524.426163861858,862.2089197840313,12.588349722233035,11.102165486169,762.5134193653306,393.4179288912683,5.442022593879175,1.4080939531339336,122.81585632622397,1135.6703311381432,16.757040547106115,16.757040547106115,1135.6703311381432,568.198059705151,7.638314514796828,7.638314514796828,568.198059705151,875.8640458337696,12.936423301615074,12.936423301615074,875.8640458337696,762.5134193653312,10.984488485418877,10.984488485418877,762.5134193653312,122.81585632622397,1135.6703311381432,hourly_window_mean_factor_top_available_analogs,4,-445.38220337892704,259.8062853043734,-4.547473508864641e-13,-445.38220337892704,259.8062853043734,-4.547473508864641e-13,-568.198059705151,-875.8640458337698,-762.5134193653311,393.4179288912683,5.442022593879175,568.198059705151,7.638314514796828,1135.6703311381432,16.757040547106115,875.8640458337696,12.936423301615074,762.5134193653312,10.984488485418877,259.80628530437355,3.820617245491041,1.6038612368141578
experiment_2026_08_25_00_00_production_cap_H6_plotted,SEN_demand_NES,2025-04-19,Holy Saturday,H3,G,observance_tier,True,2025-04-19,19,True,True,6,False,2,6,6,pearson,RidgeReg,minmax,2,{'alpha': 3.1783861411957544},2025-04-18 10:00:00,2025-04-20,251.858680685902,3.8641202494433493,325.093641,5.626,,14,24,4,4,6,4,0.058949823824129055,6522.184027147059,6361.3822210806575,251.858680685902,3.8641202494433493,0.7425147428877231,45.80833206346726,145.32614520340607,2.1487647945503747,0.18579555732969988,22.02007673910969,314.0026597173579,4.864744264797584,1.0672676011299038,59.684814336009175,192.72959145366167,2.914392577910477,-1.1591959419373326,-66.80745051460937,134.94324160253493,2.108114416870512,1.7499634964652053,111.50087190067859,156.23294944242372,2.4051642656747094,0.6781679138958493,45.80833206346724,22.02007673910969,59.684814336009175,hourly_window_mean_factor_top_available_analogs,4,88.82752725371905,-51.816057564669414,2.3934071099287584e-14,88.82752725371905,-51.816057564669414,2.3934071099287584e-14,66.80745051460937,-111.50087190067859,-45.80833206346724,145.32614520340607,2.1487647945503747,192.72959145366167,2.914392577910477,314.0026597173579,4.864744264797584,134.94324160253493,2.108114416870512,156.23294944242372,2.4051642656747094,179.059418114823,2.756629847927072,1.4589559837686399
experiment_2026_08_25_00_00_production_cap_H6_plotted,SEN_demand_NES,2025-05-01,Labor Day,H2,F,observance_tier,True,2025-05-01,19,True,True,5,False,2,6,5,pearson,RidgeReg,minmax,2,{'alpha': 23.66154006460317},2025-04-30 10:00:00,2025-05-02,534.0960436728767,6.448701660995414,321.563584,5.597,,14,24,4,4,5,4,0.05499436151280496,7373.447161408186,7251.688263089946,534.0960436728767,6.448701660995414,5.121913435136025,436.3485749076027,944.8482186176874,10.922759222446658,10.922759222446658,944.8482186176874,294.4906082884038,3.8388347501488567,1.73808672587149,139.72378274338666,843.0588766404331,9.74144801356765,9.74144801356765,843.0588766404331,361.7349634749503,4.774119758605051,2.6085730145295827,199.10089889678667,539.0648262201281,6.604188063064956,5.2364743299646594,436.34857490760356,944.8482186176874,139.72378274338666,hourly_window_mean_factor_top_available_analogs,4,101.78934197725448,-59.3771161534,-9.81296915070791e-13,101.78934197725448,-59.3771161534,-9.81296915070791e-13,-843.0588766404329,-199.10089889678667,-436.3485749076037,944.8482186176874,10.922759222446658,843.0588766404331,9.74144801356765,294.4906082884038,3.8388347501488567,361.7349634749503,4.774119758605051,539.0648262201281,6.604188063064956,-67.2443551865465,-0.9352850084561939,-0.1554864020695419
experiment_2026_08_25_00_00_production_cap_H6_plotted,SEN_demand_NES,2025-09-16,Independence Day,H2,H,observance_tier,True,2025-09-16,19,True,True,6,False,2,6,6,pearson,RidgeReg,minmax,2,{'alpha': 3.1783861411957544},2025-09-15 10:00:00,2025-09-17,555.6613659524406,7.6145740723340625,333.079959,5.529,,14,24,4,4,6,4,0.07435412651688696,6678.514786831981,6809.95452425447,555.6613659524406,7.6145740723340625,6.159139013169672,461.8755252732826,922.8792437494305,12.438496253315884,12.438496253315884,922.8792437494305,341.45093723753007,4.8006194667613356,2.496180623084382,192.95668949552967,1001.7708347718351,13.540033788616055,13.540033788616055,1001.7708347718351,304.2630316756021,4.400056499505516,2.0009176822811248,146.93659473245978,561.2395907110564,7.767416553388343,6.252170984615046,461.87552527328234,922.8792437494305,192.95668949552967,hourly_window_mean_factor_top_available_analogs,4,-78.89159102240475,46.02009476306989,2.87208853191451e-13,-78.89159102240475,46.02009476306989,2.87208853191451e-13,-1001.7708347718353,-146.93659473245978,-461.87552527328234,922.8792437494305,12.438496253315884,1001.7708347718351,13.540033788616055,341.45093723753007,4.8006194667613356,304.2630316756021,4.400056499505516,561.2395907110564,7.767416553388343,37.18790556192795,0.4005629672558193,-0.15284248105428055
experiment_2026_08_25_00_00_production_cap_H6_plotted,SEN_demand_NES,2025-11-17,Mexican Revolution Day,H2,F,observance_tier,True,2025-11-17,19,True,True,5,False,2,6,5,pearson,RidgeReg,minmax,2,{'alpha': 23.66154006460317},2025-11-16 10:00:00,2025-11-18,400.1898561371942,6.642416458021217,353.856048,5.917,,14,24,4,4,5,4,0.06356673686789346,5433.633808607786,5386.2131304371405,400.1898561371942,6.642416458021217,5.727639152526384,354.0416198132648,351.89444312176744,5.994994221260988,3.5120272492035842,226.63494452824474,428.3621803961931,7.020079429464684,7.020079429464684,428.3621803961931,353.2631281933889,5.905819694995003,5.373764624652449,326.52956549755027,370.0903181641016,6.169203056571768,6.169203056571768,370.0903181641016,363.8908271222601,6.072167081254014,5.8761467921804424,354.0416198132669,226.63494452824474,428.3621803961931,hourly_window_mean_factor_top_available_analogs,4,-99.8946209693055,58.27186223209151,-2.130132327836595e-12,-99.8946209693055,58.27186223209151,-2.130132327836595e-12,-326.52956549755027,-370.0903181641016,-354.0416198132669,351.89444312176744,5.994994221260988,353.2631281933889,5.905819694995003,428.3621803961931,7.020079429464684,370.0903181641016,6.169203056571768,363.8908271222601,6.072167081254014,58.27186223209151,0.8508763728929161,0.5702493767672037
experiment_2026_08_25_00_00_production_cap_H6_plotted,SEN_demand_NES,2025-12-24,Christmas Eve,H1,G,observance_tier,True,2025-12-24,19,True,True,6,False,2,6,6,pearson,RidgeReg,minmax,2,{'alpha': 3.1783861411957544},2025-12-23 10:00:00,2025-12-25,137.78518252486992,2.6317624963898596,353.781268,5.743,,14,24,4,4,6,4,0.08602969568351614,5221.753547190588,4806.707584633001,137.78518252486992,2.6317624963898596,1.1376382635411983,52.09231149362413,123.2321301593104,2.137258413708209,-1.8449798806868511,-106.0961180035912,146.27446307144632,2.920223211287489,2.8774988476742274,144.36889536699974,92.56701924170049,1.5889903654289077,0.21646664817478484,14.10608472937851,100.36301360690875,2.0081356977068987,1.4441566434824809,74.2509437727656,97.49080515656887,1.8537137331834286,0.9918498031059614,52.09231149362299,-106.0961180035912,144.36889536699974,hourly_window_mean_factor_top_available_analogs,4,-120.20220273296971,70.11795159423416,1.148835412765804e-12,-120.20220273296971,70.11795159423416,1.148835412765804e-12,-14.106084729378509,-74.25094377276558,-52.09231149362298,123.2321301593104,2.137258413708209,92.56701924170049,1.5889903654289077,146.27446307144632,2.920223211287489,100.36301360690875,2.0081356977068987,97.49080515656887,1.8537137331834286,45.91144946453757,0.9120875135805901,0.778048763206431
experiment_2026_08_25_00_00_production_cap_H6_plotted,SEN_demand_NES,2025-12-25,Christmas Day,H2,H,observance_tier,True,2025-12-25,19,True,True,5,False,2,6,5,pearson,RidgeReg,minmax,2,{'alpha': 1.7781539711064587},2025-12-24 10:00:00,2025-12-26,118.03019389127456,2.8223167354922065,314.891392,5.115,,14,24,4,4,5,4,0.08253219342587756,4600.654672059126,4371.13190323353,118.03019389127456,2.8223167354922065,-2.352411528805283,-94.7406181117572,89.1572327102766,1.8378717742490163,-1.025685974392046,-47.62258004586186,134.87275458019005,3.3965762962174018,-3.1263347688796723,-122.22614031686282,107.28605993435725,2.202312034414551,-1.2631714313209517,-59.42914548168359,134.43444438682369,3.3509450413248167,-2.935353013947235,-115.33897714596725,124.43240800959921,2.9277644598315606,-2.3192861150849198,-94.74061811175748,-47.62258004586186,-122.22614031686282,hourly_window_mean_factor_top_available_analogs,4,11.806565435821735,-6.887163170895576,2.7524181764180723e-13,11.806565435821735,-6.887163170895576,2.7524181764180723e-13,59.42914548168359,115.33897714596725,94.74061811175747,89.1572327102766,1.8378717742490163,107.28605993435725,2.202312034414551,134.87275458019005,3.3965762962174018,134.43444438682369,3.3509450413248167,124.43240800959921,2.9277644598315606,0.43831019336636245,0.045631254892585016,-0.10544772433935412
experiment_2026_08_25_00_00_production_cap_H6_plotted,SEN_demand_NES,2025-12-31,New Year's Eve,H1,G,observance_tier,True,2025-12-31,19,True,True,7,False,2,7,7,pearson,RidgeReg,minmax,2,{'alpha': 1.1347948881961303},2025-12-30 10:00:00,2026-01-01,247.56828506678727,5.380894161902018,277.991255,4.716,,14,24,4,4,7,4,0.05257560159958463,4880.964786219025,4675.940716344002,247.56828506678727,5.380894161902018,-2.6459033926989095,-113.41442832428899,190.8015379203891,3.7969005334265407,-2.2488426289339105,-108.0540860047806,280.6822209021862,6.304890445179378,-2.8775221715618264,-116.54129467733556,175.22181659189144,3.465068754948113,-1.2555203394465868,-58.63738109136076,341.464287817382,7.678461024359266,-3.5696567011157634,-145.3677058768291,280.2170615764118,6.126158609313053,-2.7170801468165933,-113.41442832428814,-108.0540860047806,-116.54129467733556,hourly_window_mean_factor_top_available_analogs,4,-49.416704913419835,28.82641119949354,-8.61626559574353e-13,-49.416704913419835,28.82641119949354,-8.61626559574353e-13,58.637381091360766,145.3677058768291,113.41442832428812,190.8015379203891,3.7969005334265407,175.22181659189144,3.465068754948113,280.6822209021862,6.304890445179378,341.464287817382,7.678461024359266,280.2170615764118,6.126158609313053,-60.7820669151958,-1.373570579179888,-0.745264447411035
experiment_2026_08_25_00_00_production_cap_H6_plotted,SEN_demand_NES,2026-01-01,New Year's Day,H3,H,observance_tier,True,2026-01-01,19,True,True,6,False,2,6,6,pearson,RidgeReg,minmax,2,{'alpha': 3.1783861411957544},2025-12-31 10:00:00,2026-01-02,565.7714914805945,14.428093191105212,269.266625,4.683,,14,24,4,4,6,4,0.08489472699506968,4625.220005427963,4523.97280216124,565.7714914805945,14.428093191105212,-14.428093191105212,-565.7714914805945,404.5706424566312,9.30734301779511,-9.30734301779511,-404.5706424566312,659.8053200779065,17.41519745886944,-17.41519745886944,-659.8053200779065,633.551868572509,14.498981603866042,-14.498981603866042,-633.551868572509,526.2329381769777,13.666726679531635,-13.666726679531635,-526.2329381769777,565.7714914805945,13.973346914812737,-13.973346914812737,-565.7714914805945,-404.5706424566312,-659.8053200779065,hourly_window_mean_factor_top_available_analogs,4,228.9812261158777,-133.5723819009289,-1.436044265957255e-13,228.9812261158777,-133.5723819009289,-1.436044265957255e-13,633.551868572509,526.2329381769775,565.7714914805944,404.5706424566312,9.30734301779511,633.551868572509,14.498981603866042,659.8053200779065,17.41519745886944,526.2329381769777,13.666726679531635,565.7714914805945,13.973346914812737,133.5723819009288,3.7484707793378043,0.4547462762924752
experiment_2026_08_25_00_00_production_cap_H6_plotted,SEN_demand_NES,2026-02-02,Constitution Day,H2,H,observance_tier,True,2026-02-02,19,True,True,6,False,2,6,6,pearson,RidgeReg,minmax,2,{'alpha': 5.814588160943591},2026-02-01 10:00:00,2026-02-03,426.66810652074173,8.549889548403783,298.97721,5.496,,14,24,4,4,6,4,0.06426639524178371,5498.22193327646,5562.941932720255,426.66810652074173,8.549889548403783,-8.537440550632827,-426.01439985540713,225.6815144644342,4.47836705789315,-4.444576921086266,-223.90716780138305,543.9102852202544,10.924944334534985,-10.924944334534985,-543.9102852202544,187.35417452135366,3.6155148826665515,-2.9614595433146533,-153.16830319876246,585.1746229051165,11.629600082272859,-11.629600082272859,-585.1746229051165,438.6091945532039,8.677042377154745,-8.436074620551414,-426.0143998554072,-223.90716780138305,-543.9102852202544,hourly_window_mean_factor_top_available_analogs,4,-70.73886460262058,41.264337684862085,4.786814219857517e-14,-70.73886460262058,41.264337684862085,4.786814219857517e-14,153.1683031987625,585.1746229051165,426.0143998554072,225.6815144644342,4.47836705789315,187.35417452135366,3.6155148826665515,543.9102852202544,10.924944334534985,585.1746229051165,11.629600082272859,438.6091945532039,8.677042377154745,-41.264337684862085,-0.7046557477378741,-0.1271528287509618
experiment_2026_08_25_00_00_production_cap_H6_plotted,SEN_demand_NES,2026-03-16,Benito Juarez's Birthday,H2,H,observance_tier,True,2026-03-16,19,True,True,6,False,2,6,6,pearson,RidgeReg,minmax,2,{'alpha': 3.1783861411957544},2026-03-15 10:00:00,2026-03-17,462.66684544837227,7.808681665150485,309.188113,5.64,,14,24,4,4,6,4,0.09569338363867826,5415.865040928975,5020.488180901117,462.66684544837227,7.808681665150485,2.7248536804484957,204.05432222891918,609.7869296066635,9.313398021028991,3.7495952000585335,300.04818830898023,376.8467963560358,6.930930457554688,2.1270877940093063,148.05790034888358,628.6800244753623,9.570165871517444,4.448411730207881,345.21814197684756,396.25609831121636,7.235561423288704,1.6255854063605042,121.70876070929539,481.8859658453754,8.095678851583505,2.665574051988485,204.0543222289199,300.04818830898023,148.05790034888358,hourly_window_mean_factor_top_available_analogs,4,-45.16995366786731,26.349139639588202,-6.701539907800523e-13,-45.16995366786731,26.349139639588202,-6.701539907800523e-13,-345.21814197684756,-121.70876070929538,-204.05432222891986,609.7869296066635,9.313398021028991,628.6800244753623,9.570165871517444,376.8467963560358,6.930930457554688,396.25609831121636,7.235561423288704,481.8859658453754,8.095678851583505,-19.40930195518058,-0.3046309657340158,-0.2869971864330205
experiment_2026_08_25_00_00_production_cap_H6_plotted,SEN_demand_NES,2026-04-02,Maundy Thursday,H1,G,observance_tier,True,2026-04-02,19,True,True,4,False,2,8,4,pearson,RidgeReg,standard,2,{'alpha': 9.336058553851068},2026-04-01 10:00:00,2026-04-03,567.6391044828341,7.5001962608932855,319.366939,5.764,,14,24,4,4,4,4,0.06250034346284672,6909.4183770961135,6659.3419369496705,567.6391044828341,7.5001962608932855,7.5001962608932855,567.6391044828341,529.1338540814126,6.685837613838182,6.685837613838182,529.1338540814126,590.1005005503301,7.975238805008761,7.975238805008761,590.1005005503301,440.7366208534728,5.5409513936641615,5.5409513936641615,440.7366208534728,641.6655532666279,8.712207281217959,8.712207281217959,641.6655532666279,567.6391044828339,7.543849848961296,7.543849848961296,567.6391044828339,529.1338540814126,590.1005005503301,hourly_window_mean_factor_top_available_analogs,4,88.39723322793972,-51.56505271629779,2.3934071099287584e-13,88.39723322793972,-51.56505271629779,2.3934071099287584e-13,-440.7366208534728,-641.665553266628,-567.6391044828339,529.1338540814126,6.685837613838182,440.7366208534728,5.5409513936641615,590.1005005503301,7.975238805008761,641.6655532666279,8.712207281217959,567.6391044828339,7.543849848961296,-51.565052716297714,-0.7369684762091975,-0.04365358806801023
experiment_2026_08_25_00_00_production_cap_H6_plotted,SEN_demand_NES,2026-04-03,Good Friday,H2,G,observance_tier,True,2026-04-03,19,True,True,4,False,2,8,4,pearson,RidgeReg,standard,2,{'alpha': 1.2651987653670376},2026-04-02 10:00:00,2026-04-04,124.15561792886228,1.797611221133452,343.618922,5.98,,14,24,4,4,4,4,0.06061087184109065,7090.489034832869,6862.541016108197,124.15561792886228,1.797611221133452,-1.0057145787085282,-68.83702693813305,80.95162896114984,1.120530541450083,-0.7307672410833268,-50.74627264659408,149.35794482669453,2.192574950948751,-1.1661005256565622,-79.38996694153077,200.30723974682263,2.807539979270211,-2.5481511878386036,-180.24341939886446,74.0110789337701,1.0976010131731566,-0.09253768919739809,-3.849964669371502,120.54124344384208,1.7275785269983872,-0.9972373992231057,-68.83702693813207,-50.74627264659408,-79.38996694153077,hourly_window_mean_factor_top_available_analogs,4,129.49714675227037,-75.54000227215927,-9.81296915070791e-13,129.49714675227037,-75.54000227215927,-9.81296915070791e-13,180.24341939886443,3.849964669371502,68.83702693813207,80.95162896114984,1.120530541450083,200.30723974682263,2.807539979270211,149.35794482669453,2.192574950948751,74.0110789337701,1.0976010131731566,120.54124344384208,1.7275785269983872,75.34686589292444,1.0949739377755943,0.07003269413506485
experiment_2026_08_25_00_00_production_cap_H6_plotted,SEN_demand_NES,2026-04-04,Holy Saturday,H3,G,observance_tier,True,2026-04-04,19,True,True,7,False,2,8,7,pearson,RidgeReg,standard,2,{'alpha': 3.028919192162299},2026-04-03 10:00:00,2026-04-05,361.4181163916673,5.640920053411403,340.322059,5.937,,14,24,4,4,7,4,0.06318688879961444,6804.118024023246,6623.366287487417,361.4181163916673,5.640920053411403,-5.640920053411403,-361.4181163916673,308.27468379895424,4.560722882163007,-4.560722882163007,-308.27468379895424,392.41845207074994,6.271035069972967,-6.271035069972967,-392.41845207074994,448.974102742693,6.679386329146431,-6.679386329146431,-448.974102742693,310.3437910202355,4.969473726621964,-4.969473726621964,-310.3437910202355,361.41811639166724,5.59944152755203,-5.59944152755203,-361.41811639166724,-308.27468379895424,-392.41845207074994,hourly_window_mean_factor_top_available_analogs,4,140.69941894373875,-82.07466105051446,-1.1967035549643792e-13,140.69941894373875,-82.07466105051446,-1.1967035549643792e-13,448.974102742693,310.34379102023547,361.4181163916672,308.27468379895424,4.560722882163007,448.974102742693,6.679386329146431,392.41845207074994,6.271035069972967,310.3437910202355,4.969473726621964,361.41811639166724,5.59944152755203,82.07466105051441,1.3015613433510032,0.04147852585937262
experiment_2026_08_25_00_00_production_cap_H6_plotted,SEN_demand_NES,2026-05-01,Labor Day,H2,F,observance_tier,True,2026-05-01,19,True,True,7,False,2,8,7,pearson,RidgeReg,standard,2,{'alpha': 17.189562446961098},2026-04-30 10:00:00,2026-05-02,896.3850972090395,12.447583402982204,378.415664,6.705,,14,24,4,4,7,4,0.06337270434956653,8762.596224826775,8474.764047074594,896.3850972090395,12.447583402982204,-12.43816007136423,-895.5814832478296,299.5753117252324,3.3412724969341907,-3.315694882542541,-297.39407383052014,1244.52413874126,17.75959809817688,-17.75959809817688,-1244.52413874126,227.29375562497975,2.552756364551437,-1.9226309596249815,-172.00564855151308,1317.6673868206778,18.874009672538648,-18.874009672538648,-1317.6673868206778,915.9507858538418,12.860916348543359,-12.628764883570454,-895.5814832478278,-297.39407383052014,-1244.52413874126,hourly_window_mean_factor_top_available_analogs,4,-125.38842527900708,73.14324807941789,-1.842923474645144e-12,-125.38842527900708,73.14324807941789,-1.842923474645144e-12,172.00564855151305,1317.6673868206778,895.5814832478278,299.5753117252324,3.3412724969341907,227.29375562497975,2.552756364551437,1244.52413874126,17.75959809817688,1317.6673868206778,18.874009672538648,915.9507858538418,12.860916348543359,-73.14324807941784,-1.1144115743617675,-0.4133329455611552
experiment_2026_08_25_00_00_production_cap_H6_plotted,SEN_demand_NOR,2025-01-01,New Year's Day,H3,H,observance_tier,True,2025-01-01,19,True,True,4,False,2,6,4,pearson,PLS,standard,2,{},2024-12-31 10:00:00,2025-01-02,32.04415324632601,1.6875634118565532,80.813402,3.753,,14,24,4,4,4,4,0.09300080256280922,1844.1758230334158,1727.1444846546258,32.04415324632601,1.6875634118565532,0.7384915747915446,16.302734071847496,38.71805415423022,1.81806588720754,1.5143428129911556,32.599269745801834,28.15104438338189,1.6114369679018115,0.2859116858417717,6.796421595374132,44.98040182616699,2.1390038294525864,0.9078921026205463,20.20433013137254,37.115560644796375,2.1424973128893163,0.7124596359842851,14.026803037124457,40.01313371161713,2.1412102400442055,0.7844610710608023,16.302734071847436,32.599269745801834,6.796421595374132,hourly_window_mean_factor_top_available_analogs,4,12.39493961442929,-7.230381441750325,5.983517774821896e-14,12.39493961442929,-7.230381441750325,5.983517774821896e-14,-20.204330131372544,-14.026803037124456,-16.302734071847436,38.71805415423022,1.81806588720754,44.98040182616699,2.1390038294525864,28.15104438338189,1.6114369679018115,37.115560644796375,2.1424973128893163,40.01313371161713,2.1412102400442055,-8.964516261414484,-0.5310603449875049,-0.45364682818765223
experiment_2026_08_25_00_00_production_cap_H6_plotted,SEN_demand_NOR,2025-02-03,Constitution Day,H2,H,observance_tier,True,2025-02-03,19,True,True,4,False,2,6,4,pearson,PLS,standard,2,{},2025-02-02 10:00:00,2025-02-04,48.06021860588818,2.5060090033944853,69.199918,3.13,,14,24,4,4,4,4,0.059344160376330245,1964.8464424357999,1998.4591652669587,48.06021860588818,2.5060090033944853,-0.8952410825717589,-17.1060134884317,41.78230423519941,2.1743880246555762,2.1613371813929616,41.51133027475786,51.72233532212329,2.6994545743255145,-2.678245069884513,-51.29946401695894,47.83801925776317,2.427469683344389,-2.427469683344389,-47.83801925776317,29.7016256506973,1.5282237054290952,-0.10173356012710995,0.8209898770120011,36.38345487435315,1.8595248551873618,-0.9585837107861078,-17.106013488431483,41.51133027475786,-51.29946401695894,hourly_window_mean_factor_top_available_analogs,4,89.34934953252103,-52.12045389397094,-2.1540663989358825e-13,89.34934953252103,-52.12045389397094,-2.1540663989358825e-13,47.83801925776317,-0.8209898770119963,17.106013488431483,41.78230423519941,2.1743880246555762,47.83801925776317,2.427469683344389,51.72233532212329,2.6994545743255145,29.7016256506973,1.5282237054290952,36.38345487435315,1.8595248551873618,22.020709671425994,1.1712308688964193,0.6464841482071235
experiment_2026_08_25_00_00_production_cap_H6_plotted,SEN_demand_NOR,2025-03-17,Benito Juarez's Birthday,H2,H,observance_tier,True,2025-03-17,19,True,True,5,False,2,6,5,pearson,PLS,standard,2,{},2025-03-16 10:00:00,2025-03-18,87.50831093318423,3.9911291724938214,67.664629,2.999,,14,24,4,4,5,4,0.058349519447698124,2032.5924228568088,2010.4891854986872,87.50831093318423,3.9911291724938214,3.9554975669969266,86.80673503792791,34.70555195924968,1.6202260572599643,1.5235116994826785,32.801274529268234,118.30992033464607,5.374155989713572,5.374155989713572,118.30992033464607,26.78905480896492,1.2546491238316098,0.47789287472395164,10.84876416046375,131.11555138311562,5.943502767166794,5.943502767166794,131.11555138311562,92.67947369790221,4.21603037225383,3.9298570173194305,86.80673503792809,32.801274529268234,118.30992033464607,hourly_window_mean_factor_top_available_analogs,4,21.95251036880448,-12.805631048469564,-1.795055332446569e-13,21.95251036880448,-12.805631048469564,-1.795055332446569e-13,-10.848764160463755,-131.11555138311564,-86.80673503792809,34.70555195924968,1.6202260572599643,26.78905480896492,1.2546491238316098,118.30992033464607,5.374155989713572,131.11555138311562,5.943502767166794,92.67947369790221,4.21603037225383,-12.80563104846955,-0.5693467774532222,-0.224901199760009
experiment_2026_08_25_00_00_production_cap_H6_plotted,SEN_demand_NOR,2025-04-17,Maundy Thursday,H1,G,observance_tier,True,2025-04-17,19,True,True,5,False,2,6,5,pearson,PLS,standard,2,{},2025-04-16 10:00:00,2025-04-18,127.1637635733972,4.207419677285462,70.506954,3.122,,14,24,4,4,5,4,0.056306119913479245,3118.740018047839,3008.8174425001203,127.1637635733972,4.207419677285462,-2.4431982622524813,-68.28823410047052,91.52274045680853,2.680005202328537,0.9035629057109451,33.80775172750061,147.95436039140728,5.098411454343668,-4.395475610231147,-127.84422583345368,133.75086453750234,3.881043893777524,3.043085279940106,109.26872944132197,202.54072800400854,7.228004901609519,-6.270998583399705,-171.8631294998494,177.19709409529577,5.994914003987204,-2.8394940021692476,-68.2882341004705,33.80775172750061,-127.84422583345368,hourly_window_mean_factor_top_available_analogs,4,-75.46097771382135,44.01890366639575,-2.3934071099287584e-14,-75.46097771382135,44.01890366639575,-2.3934071099287584e-14,-109.26872944132197,171.86312949984944,68.28823410047049,91.52274045680853,2.680005202328537,133.75086453750234,3.881043893777524,147.95436039140728,5.098411454343668,202.54072800400854,7.228004901609519,177.19709409529577,5.994914003987204,-54.586367612601265,-2.129593447265851,-1.7874943267017418
experiment_2026_08_25_00_00_production_cap_H6_plotted,SEN_demand_NOR,2025-04-18,Good Friday,H2,G,observance_tier,True,2025-04-18,19,True,True,5,False,2,6,5,pearson,PLS,standard,2,{},2025-04-17 10:00:00,2025-04-19,349.20649080282976,13.508225952098563,73.975537,3.164,,14,24,4,4,5,4,0.05796210718289471,3009.0337094870406,2926.679415517791,349.20649080282976,13.508225952098563,-13.508225952098563,-349.20649080282976,218.14153486289666,7.451750279428197,-7.451750279428197,-218.14153486289666,425.6610484344573,17.0411700944896,-17.0411700944896,-425.6610484344573,171.239163144568,6.012698965575473,-6.012698965575473,-171.239163144568,453.02076527014964,18.3724455852071,-18.3724455852071,-453.02076527014964,349.2064908028301,13.818854725342817,-13.818854725342817,-349.2064908028301,-218.14153486289666,-425.6610484344573,hourly_window_mean_factor_top_available_analogs,4,-46.90237171832866,27.359716835692325,3.8294513758860134e-13,-46.90237171832866,27.359716835692325,3.8294513758860134e-13,171.239163144568,453.02076527014964,349.20649080283016,218.14153486289666,7.451750279428197,171.239163144568,6.012698965575473,425.6610484344573,17.0411700944896,453.02076527014964,18.3724455852071,349.2064908028301,13.818854725342817,-27.359716835692325,-1.3312754907174984,-0.31062877324425386
experiment_2026_08_25_00_00_production_cap_H6_plotted,SEN_demand_NOR,2025-04-19,Holy Saturday,H3,G,observance_tier,True,2025-04-19,19,True,True,5,False,2,6,5,pearson,PLS,standard,2,{},2025-04-18 10:00:00,2025-04-20,295.7250310627824,11.983044744536079,88.73976,3.682,,14,24,4,4,5,4,0.056955959153094204,2730.7103089575194,2627.6639808241366,295.7250310627824,11.983044744536079,-11.983044744536079,-295.7250310627824,432.7142886147472,17.38779884641232,-17.38779884641232,-432.7142886147472,215.81463082413643,8.8302715184416,-8.8302715184416,-215.81463082413643,358.6613521697911,14.503356698526236,-14.503356698526236,-358.6613521697911,259.0121770836942,10.921836138327654,-10.921836138327654,-259.0121770836942,295.7250310627825,12.24134371313766,-12.24134371313766,-295.7250310627825,-432.7142886147472,-215.81463082413643,hourly_window_mean_factor_top_available_analogs,4,-74.05293644495613,43.19754625955776,1.1967035549643792e-14,-74.05293644495613,43.19754625955776,1.1967035549643792e-14,358.6613521697911,259.0121770836942,295.7250310627824,432.7142886147472,17.38779884641232,358.6613521697911,14.503356698526236,215.81463082413643,8.8302715184416,259.0121770836942,10.921836138327654,295.7250310627825,12.24134371313766,-43.19754625955778,-2.0915646198860536,-0.2582989686015811
experiment_2026_08_25_00_00_production_cap_H6_plotted,SEN_demand_NOR,2025-05-01,Labor Day,H2,F,observance_tier,True,2025-05-01,19,True,True,2,False,2,6,2,pearson,PLS,standard,2,{},2025-04-30 10:00:00,2025-05-02,136.81709855194745,4.702720570659331,101.412738,4.223,,14,24,2,4,2,2,0.06945787699374333,2814.0141686981556,2791.057303195512,136.81709855194745,4.702720570659331,1.2346806632712497,52.04286024921271,214.42151186874045,6.708625470017196,6.708625470017196,214.42151186874045,91.5478574504849,3.532609379367242,-1.958453807330553,-42.67801986217847,175.94632972305632,5.430880230649102,5.2703491137279,171.8751684663508,118.68307978917294,4.492643470451385,-1.242838778226593,-17.8593195441177,139.78006660691943,4.83830964526107,1.1567567609145357,52.0428602492128,214.42151186874045,-42.67801986217847,hourly_window_mean_factor_top_available_analogs,2,42.54634340238964,-24.818700318060774,-9.573628439715034e-14,42.54634340238964,-24.818700318060774,-9.573628439715034e-14,-171.87516846635083,17.8593195441177,-52.0428602492128,214.42151186874045,6.708625470017196,175.94632972305632,5.430880230649102,91.5478574504849,3.532609379367242,118.68307978917294,4.492643470451385,139.78006660691943,4.83830964526107,-27.13522233868804,-0.9600340910841427,-0.1355890746017394
experiment_2026_08_25_00_00_production_cap_H6_plotted,SEN_demand_NOR,2025-09-16,Independence Day,H2,H,observance_tier,True,2025-09-16,19,True,True,2,False,2,6,2,pearson,PLS,standard,2,{},2025-09-15 10:00:00,2025-09-17,150.44615615295905,3.6941843587701517,104.381233,4.291,,14,24,2,4,2,2,0.09159264999715855,4166.767708773559,4049.3457491402455,150.44615615295905,3.6941843587701517,-1.3671039303092896,-64.96761535250681,75.73723648987104,1.8144964160407782,0.921624862687444,35.041196140758565,194.02635928976042,4.7906689920289525,-2.7021957262240512,-123.30608872357828,91.18168255342633,2.0291485452755937,1.7939967184439236,81.02340251866288,150.12904244402216,3.7402086608260596,-3.7402086608260596,-150.12904244402216,128.41159406327634,3.1098180919390455,-1.7012908895160657,-64.96761535250663,35.041196140758565,-123.30608872357828,hourly_window_mean_factor_top_available_analogs,2,-45.98220637790431,26.822953720443877,-1.9147256879430067e-13,-45.98220637790431,26.822953720443877,-1.9147256879430067e-13,-81.02340251866288,150.12904244402216,64.96761535250663,75.73723648987104,1.8144964160407782,91.18168255342633,2.0291485452755937,194.02635928976042,4.7906689920289525,150.12904244402216,3.7402086608260596,128.41159406327634,3.1098180919390455,43.89731684573826,1.0504603312028928,0.5843662668311063
experiment_2026_08_25_00_00_production_cap_H6_plotted,SEN_demand_NOR,2025-11-17,Mexican Revolution Day,H2,F,observance_tier,True,2025-11-17,19,True,True,2,False,2,6,2,pearson,PLS,standard,2,{},2025-11-16 10:00:00,2025-11-18,91.25705005421442,3.4196856462613154,110.441763,4.401,,14,24,2,4,2,2,0.07549017871138904,2662.4798623211377,2646.4174710319217,91.25705005421442,3.4196856462613154,-2.628993300356963,-73.62241205797982,49.901605153700594,1.823011323724115,-1.2628019157551083,-36.66948524550857,115.38105957951416,4.351079001074684,-3.4259382747080465,-95.17828603192136,90.07071013566026,3.5101576311637395,-3.5101576311637395,-90.07071013566026,71.1033945563561,2.9662379426132226,-2.721113119010121,-64.0275715126662,78.09135292767868,3.166629406816044,-3.0118137287509272,-73.6224120579798,-36.66948524550857,-95.17828603192136,hourly_window_mean_factor_top_available_analogs,2,53.40122489015169,-31.15071451925517,-1.1967035549643792e-14,53.40122489015169,-31.15071451925517,-1.1967035549643792e-14,90.07071013566025,64.02757151266619,73.6224120579798,49.901605153700594,1.823011323724115,90.07071013566026,3.5101576311637395,115.38105957951416,4.351079001074684,71.1033945563561,2.9662379426132226,78.09135292767868,3.166629406816044,44.277665023158065,1.3848410584614612,0.25305623944527156
experiment_2026_08_25_00_00_production_cap_H6_plotted,SEN_demand_NOR,2025-12-24,Christmas Eve,H1,G,observance_tier,True,2025-12-24,19,True,True,2,False,2,6,2,pearson,PLS,standard,2,{},2025-12-23 10:00:00,2025-12-25,77.07629673051095,3.381523834404302,113.346658,4.49,,14,24,2,4,2,2,0.06411017033655877,2334.7829359125762,2250.4054525029824,77.07629673051095,3.381523834404302,-1.3724000847874473,-31.957866965207664,75.07097371486712,3.1705999657360864,-2.315356990945399,-53.196593186165046,78.24606848963653,3.5045627577940954,-0.8223418895286428,-19.568610002982524,69.41042714962398,2.9402749409197613,-1.8381264256229994,-41.27485927847319,68.9785262340504,3.0646510282576926,-1.1682074064183752,-26.522954782469743,69.13764762399857,3.018828259238455,-1.4150196766516578,-31.957866965207856,-53.196593186165046,-19.568610002982524,hourly_window_mean_factor_top_available_analogs,2,-11.921733907691857,6.9543447794872195,1.9147256879430067e-13,-11.921733907691857,6.9543447794872195,1.9147256879430067e-13,41.27485927847319,26.522954782469743,31.957866965207856,75.07097371486712,3.1705999657360864,69.41042714962398,2.9402749409197613,78.24606848963653,3.5045627577940954,68.9785262340504,3.0646510282576926,69.13764762399857,3.018828259238455,9.267542255586122,0.4399117295364028,0.36269557516584694
experiment_2026_08_25_00_00_production_cap_H6_plotted,SEN_demand_NOR,2025-12-25,Christmas Day,H2,H,observance_tier,True,2025-12-25,19,True,True,2,False,2,6,2,pearson,PLS,standard,2,{},2025-12-24 10:00:00,2025-12-26,51.89375391971766,2.4586769705121636,113.334712,4.48,,14,24,2,4,2,2,0.09550212748492472,2083.934979706055,1936.3375735131194,51.89375391971766,2.4586769705121636,1.0700803592959212,20.52425503078744,40.5682858077238,1.7791430474141439,-1.6418862812580157,-37.40803103680066,58.500276985047414,2.855071758986009,2.6520608996190504,54.31808857021383,33.03213507385801,1.458962865176849,-1.2128081469953842,-27.344022176210892,52.509734955473,2.528605769110546,2.329618495995316,48.447416734869314,45.33377710435169,2.1345268045033947,1.0245139433145318,20.524255030787135,-37.40803103680066,54.31808857021383,hourly_window_mean_factor_top_available_analogs,2,-10.064008860589768,5.870671835344514,3.051594065159167e-13,-10.064008860589768,5.870671835344514,3.051594065159167e-13,27.344022176210892,-48.447416734869314,-20.524255030787135,40.5682858077238,1.7791430474141439,33.03213507385801,1.458962865176849,58.500276985047414,2.855071758986009,52.509734955473,2.528605769110546,45.33377710435169,2.1345268045033947,5.990542029574414,0.3264659898754627,0.3241501660087689
experiment_2026_08_25_00_00_production_cap_H6_plotted,SEN_demand_NOR,2025-12-31,New Year's Eve,H1,G,observance_tier,True,2025-12-31,19,True,True,2,False,2,7,2,pearson,PLS,standard,2,{},2025-12-30 10:00:00,2026-01-01,42.35365664735406,1.820944215045074,110.844026,4.518,,14,24,2,4,2,2,0.06655316860939135,2284.5696398163723,2211.043672175454,42.35365664735406,1.820944215045074,1.6258643819488672,37.97874781520734,50.34428565634052,2.0257781346765666,2.0257781346765666,50.34428565634052,37.69245639211196,1.7014577619267026,1.3925813595243766,30.765517407879656,30.392623438898617,1.2192678226792981,1.1411773101030958,28.656268462613557,60.39774845205125,2.725166373998831,1.9913756430354368,43.41686077088605,49.34322871036344,2.170361644565319,1.6781446782708902,37.97874781520672,50.34428565634052,30.765517407879656,hourly_window_mean_factor_top_available_analogs,2,21.68801719372696,-12.651343363006399,6.282693663562991e-13,21.68801719372696,-12.651343363006399,6.282693663562991e-13,-28.656268462613557,-43.41686077088605,-37.97874781520672,50.34428565634052,2.0257781346765666,30.392623438898617,1.2192678226792981,37.69245639211196,1.7014577619267026,60.39774845205125,2.725166373998831,49.34322871036344,2.170361644565319,-22.705292059939296,-1.0237086120721286,-0.349417429520245
experiment_2026_08_25_00_00_production_cap_H6_plotted,SEN_demand_NOR,2026-01-01,New Year's Day,H3,H,observance_tier,True,2026-01-01,19,True,True,5,False,2,6,5,pearson,PLS,standard,2,{},2025-12-31 10:00:00,2026-01-02,68.67305958451603,3.46870821628095,101.508234,4.086,,14,24,4,4,5,4,0.09110651023379976,2133.915159847674,2017.4553150759036,68.67305958451603,3.46870821628095,-3.46870821628095,-68.67305958451603,42.546506599279965,1.8557723061861358,-1.8557723061861358,-42.546506599279965,83.91354882590372,4.409587497169592,-4.409587497169592,-83.91354882590372,71.74908858313445,3.139102574408667,-3.139102574408667,-71.74908858313445,67.61635651199985,3.5753892436397443,-3.540149584848203,-66.87870933532231,69.13894201189154,3.4146520497125055,-3.3923954231073212,-68.67305958451625,-42.546506599279965,-83.91354882590372,hourly_window_mean_factor_top_available_analogs,4,29.20258198385448,-17.0348394905814,2.3934071099287584e-13,29.20258198385448,-17.0348394905814,2.3934071099287584e-13,71.74908858313444,66.87870933532231,68.67305958451627,42.546506599279965,1.8557723061861358,71.74908858313445,3.139102574408667,83.91354882590372,4.409587497169592,67.61635651199985,3.5753892436397443,69.13894201189154,3.4146520497125055,16.297192313903864,0.8341982535298476,0.054056166568444475
experiment_2026_08_25_00_00_production_cap_H6_plotted,SEN_demand_NOR,2026-02-02,Constitution Day,H2,H,observance_tier,True,2026-02-02,19,True,True,5,False,2,6,5,pearson,PLS,standard,2,{},2026-02-01 10:00:00,2026-02-03,57.43146668093447,2.8217585147557225,98.008564,3.915,,14,24,4,4,5,4,0.06397700667181916,2019.2888713132136,1992.582750973637,57.43146668093447,2.8217585147557225,0.9160112316432233,20.773141318365113,55.30409256531943,2.814663462797285,-1.8755672392484917,-34.56365118106008,58.67243491504323,2.8258972950648107,2.544432006330057,53.052936943029806,40.69084731551656,2.0777230597920657,-1.667941782749852,-31.685714596341313,53.12225078177308,2.581986336258004,2.4941397170792423,51.37414060194428,48.54226003104699,2.3962051291389748,0.9607412697737864,20.77314131836538,-34.56365118106008,53.052936943029806,hourly_window_mean_factor_top_available_analogs,4,-2.8779365847187655,1.6787963410855202,-2.692582998669853e-13,-2.8779365847187655,1.6787963410855202,-2.692582998669853e-13,31.685714596341317,-51.37414060194428,-20.773141318365383,55.30409256531943,2.814663462797285,40.69084731551656,2.0777230597920657,58.67243491504323,2.8258972950648107,53.12225078177308,2.581986336258004,48.54226003104699,2.3962051291389748,5.55018413327015,0.2439109588068069,0.4255533856167477
experiment_2026_08_25_00_00_production_cap_H6_plotted,SEN_demand_NOR,2026-03-16,Benito Juarez's Birthday,H2,H,observance_tier,True,2026-03-16,19,True,True,5,False,2,6,5,pearson,PLS,standard,2,{},2026-03-15 10:00:00,2026-03-17,117.07693349103,4.793549581386047,98.855759,3.952,,14,24,4,4,5,4,0.0847377604946591,2521.9966212219765,2453.0666416216523,117.07693349103,4.793549581386047,-2.50946957054981,-57.101840169344676,201.5748912511029,8.490820640815585,-8.490820640815585,-201.5748912511029,67.78645813098744,2.6368081300521493,0.9796518871052257,27.174106295014298,171.9322216650312,7.394673426032814,-7.394673426032814,-171.9322216650312,78.24053217992544,2.9697684910909863,0.10662901533503784,9.882549036472028,112.75852304285917,4.599996625016923,-2.657008726221539,-57.101840169344946,-201.5748912511029,27.174106295014298,hourly_window_mean_factor_top_available_analogs,4,-29.64266958607173,17.29155725854227,2.692582998669853e-13,-29.64266958607173,17.29155725854227,2.692582998669853e-13,171.9322216650312,-9.882549036472028,57.101840169344946,201.5748912511029,8.490820640815585,171.9322216650312,7.394673426032814,67.78645813098744,2.6368081300521493,78.24053217992544,2.9697684910909863,112.75852304285917,4.599996625016923,-10.454074048937997,-0.33296036103883697,0.19355295636912473
experiment_2026_08_25_00_00_production_cap_H6_plotted,SEN_demand_NOR,2026-04-02,Maundy Thursday,H1,G,observance_tier,True,2026-04-02,19,True,True,6,False,2,8,6,pearson,PLS,standard,2,{},2026-04-01 10:00:00,2026-04-03,148.3886380971574,4.965478524409389,101.099888,4.095,,14,24,4,4,6,4,0.06999736957121383,3172.144453097158,3025.1991688280564,148.3886380971574,4.965478524409389,-4.965478524409389,-148.3886380971574,175.1903461299011,5.368924741576662,-5.368924741576662,-175.1903461299011,132.75430841139033,4.7301348977284805,-4.7301348977284805,-132.75430841139033,118.61848826022717,3.6856466181193364,-3.6856466181193364,-118.61848826022717,165.7545588353676,6.070524630484537,-6.070524630484537,-165.7545588353676,148.38863809715795,5.191885362771042,-5.191885362771042,-148.38863809715795,-175.1903461299011,-132.75430841139033,hourly_window_mean_factor_top_available_analogs,4,-56.57185786967391,33.00025042397726,5.145825286346831e-13,-56.57185786967391,33.00025042397726,5.145825286346831e-13,118.61848826022717,165.7545588353676,148.38863809715792,175.1903461299011,5.368924741576662,118.61848826022717,3.6856466181193364,132.75430841139033,4.7301348977284805,165.7545588353676,6.070524630484537,148.38863809715795,5.191885362771042,-33.00025042397726,-1.3403897327560568,-0.22640683836165287
experiment_2026_08_25_00_00_production_cap_H6_plotted,SEN_demand_NOR,2026-04-03,Good Friday,H2,G,observance_tier,True,2026-04-03,19,True,True,5,False,2,8,5,pearson,PCR,,3,{},2026-04-02 10:00:00,2026-04-04,121.0906888047006,4.259665983787083,105.664489,4.188,,14,24,4,4,5,4,0.06198666804333428,2727.902722028665,2673.7211618332335,121.0906888047006,4.259665983787083,1.8389114106737041,63.73840955028289,171.11197944553055,5.480943490214394,4.7846478298948885,153.28243620773995,91.91160259754975,3.5472541050378186,0.12056516612801316,11.5043940000996,150.14068038592313,4.86234422955024,3.3256209333123077,110.36155757396916,115.87203985534241,4.317619954107548,0.9128601603077277,36.54157320313201,128.49732847187215,4.518307845060119,1.8017720240462574,63.73840955028254,153.28243620773995,11.5043940000996,hourly_window_mean_factor_top_available_analogs,4,42.92087863377079,-25.037179203032412,3.4704403093967e-13,42.92087863377079,-25.037179203032412,3.4704403093967e-13,-110.36155757396915,-36.54157320313201,-63.73840955028254,171.11197944553055,5.480943490214394,150.14068038592313,4.86234422955024,91.91160259754975,3.5472541050378186,115.87203985534241,4.317619954107548,128.49732847187215,4.518307845060119,-23.960437257792663,-0.7703658490697296,-0.2586418612730359
experiment_2026_08_25_00_00_production_cap_H6_plotted,SEN_demand_NOR,2026-04-04,Holy Saturday,H3,G,observance_tier,True,2026-04-04,19,True,True,6,False,2,8,6,euclidian,PCR,,2,{},2026-04-03 10:00:00,2026-04-05,178.17391667755876,6.446726451125985,108.949343,4.387,,14,24,4,4,6,4,0.0762199116496465,2578.5895574850515,2490.1413428916067,178.17391667755876,6.446726451125985,4.867759481925411,140.50073356757977,99.68804522469934,3.780276427110437,-0.5054910607196906,-2.567737502386438,223.95734169172673,8.00215563180172,8.00215563180172,223.95734169172673,106.61145269226388,4.048019164001518,-0.7142883125886791,-7.600763525588393,226.89327353859503,7.983937031171468,7.983937031171468,226.89327353859503,182.5789184899467,6.5338620274772765,4.779327693996677,140.50073356758003,-2.567737502386438,223.95734169172673,hourly_window_mean_factor_top_available_analogs,4,5.0330260232019555,-2.9359318468682623,-2.87208853191451e-13,5.0330260232019555,-2.9359318468682623,-2.87208853191451e-13,7.600763525588393,-226.893273538595,-140.50073356758006,99.68804522469934,3.780276427110437,106.61145269226388,4.048019164001518,223.95734169172673,8.00215563180172,226.89327353859503,7.983937031171468,182.5789184899467,6.5338620274772765,-2.9359318468683,0.01821860063025227,-0.0871355763512911
experiment_2026_08_25_00_00_production_cap_H6_plotted,SEN_demand_NOR,2026-05-01,Labor Day,H2,F,observance_tier,True,2026-05-01,19,True,True,5,False,2,8,5,pearson,PCR,,3,{},2026-04-30 10:00:00,2026-05-02,172.75937463071352,5.41351217801954,122.38378,4.655,,14,24,4,4,5,4,0.08759372958504562,3409.433261810606,3314.550454806802,172.75937463071352,5.41351217801954,-5.007257079131941,-159.67242996850018,120.13110361456135,3.3919408451701476,-2.289248433903807,-84.60939667426798,203.4591993901357,6.592762122181685,-6.592762122181685,-203.4591993901357,82.56926331133455,2.3263595922202045,-2.269984369338837,-80.67878727915652,205.75205487061817,6.887678999843227,-6.887678999843227,-205.75205487061817,160.3689211382505,5.207192902297903,-5.1864230833416105,-159.67242996850072,-84.60939667426798,-203.4591993901357,hourly_window_mean_factor_top_available_analogs,4,-3.9306093951114627,2.2928554804824444,4.786814219857517e-13,-3.9306093951114627,2.2928554804824444,4.786814219857517e-13,80.67878727915652,205.75205487061814,159.67242996850067,120.13110361456135,3.3919408451701476,82.56926331133455,2.3263595922202045,203.4591993901357,6.592762122181685,205.75205487061817,6.887678999843227,160.3689211382505,5.207192902297903,-2.292855480482473,-0.2949168776615423,0.20631927572163722
experiment_2026_08_25_00_00_production_cap_H6_plotted,SEN_demand_NTE,2025-01-01,New Year's Day,H3,H,observance_tier,True,2025-01-01,19,True,True,2,False,2,6,2,pearson,RidgeReg,,2,{'alpha': 0.17850600989836862},2024-12-31 10:00:00,2025-01-02,50.80021455796701,2.1849882637356117,128.814433,4.756,,14,24,2,4,2,2,0.08054979692761956,2189.2307467313994,2087.844668205593,50.80021455796701,2.1849882637356117,2.078561923501422,48.565317479127216,70.57283744353211,2.8960411316581554,2.8270514759097654,68.83684722436189,39.26618454138737,1.7702074241141277,1.6419430179298888,36.74025846107366,60.37304114110923,2.423794357918144,2.200340292520955,55.29240135133016,53.69754918571757,2.4321820980929143,1.945856490114209,44.64118522034153,56.1569409587566,2.429091878028525,2.0396136804745892,48.56531747912681,68.83684722436189,36.74025846107366,hourly_window_mean_factor_top_available_analogs,2,13.544445873031723,-7.900926759267871,4.0089569091306704e-13,13.544445873031723,-7.900926759267871,4.0089569091306704e-13,-55.29240135133017,-44.64118522034153,-48.56531747912682,70.57283744353211,2.8960411316581554,60.37304114110923,2.423794357918144,39.26618454138737,1.7702074241141277,53.69754918571757,2.4321820980929143,56.1569409587566,2.429091878028525,-14.431364644330202,-0.6619746739787866,-0.24410361429291338
experiment_2026_08_25_00_00_production_cap_H6_plotted,SEN_demand_NTE,2025-02-03,Constitution Day,H2,H,observance_tier,True,2025-02-03,19,True,True,4,False,2,6,4,euclidian,RidgeReg,,2,{'alpha': 0.08415909791545795},2025-02-02 10:00:00,2025-02-04,42.847068314968595,1.6522893521493465,130.564083,4.596,,14,24,4,4,4,4,0.06067428146797112,2608.4237302088663,2620.2060569421815,42.847068314968595,1.6522893521493465,-1.1369925511150485,-29.648278103603065,29.332311512896695,1.1426468040844189,-0.6730111391388524,-17.03590580889662,50.73067644951053,1.9495808385205546,-1.40764837476783,-37.00549527551516,72.91524903931084,2.838970258945618,0.5092900198600967,17.82248553239671,90.55435335075832,3.576062330462977,-2.2534846984829646,-57.3395568912699,84.05573597285661,3.3045020935881606,-1.2356203285671004,-29.648278103603257,-17.03590580889662,-37.00549527551516,hourly_window_mean_factor_top_available_analogs,4,-34.85839134129333,20.334061615754745,1.9147256879430067e-13,-34.85839134129333,20.334061615754745,1.9147256879430067e-13,-17.82248553239671,57.33955689126991,29.648278103603257,29.332311512896695,1.1426468040844189,72.91524903931084,2.838970258945618,50.73067644951053,1.9495808385205546,90.55435335075832,3.576062330462977,84.05573597285661,3.3045020935881606,-39.82367690124779,-1.6264814919424222,-1.6522127414388141
experiment_2026_08_25_00_00_production_cap_H6_plotted,SEN_demand_NTE,2025-03-17,Benito Juarez's Birthday,H2,H,observance_tier,True,2025-03-17,19,True,True,2,False,2,6,2,pearson,RidgeReg,,2,{'alpha': 0.08415909791545795},2025-03-16 10:00:00,2025-03-18,151.00862877595762,5.448427405319368,114.998935,4.187,,14,24,2,4,2,2,0.056435380481658214,2670.387320245487,2635.6447254044374,151.00862877595762,5.448427405319368,2.056025690798731,64.62120080714419,128.3320502280637,4.987390314199926,-4.220557196641802,-106.14811140157273,164.23663292889572,5.717365708472376,5.717365708472376,164.23663292889572,113.63774737507359,4.414651802170895,-3.5399999113796072,-88.25675757554788,153.80000986371533,5.349820661833822,5.349820661833822,153.80000986371533,139.0033868415842,5.005284766168534,2.074623608544664,64.62120080714467,-106.14811140157273,164.23663292889572,hourly_window_mean_factor_top_available_analogs,2,-17.891353826024865,10.436623065180394,-4.906484575353955e-13,-17.891353826024865,10.436623065180394,-4.906484575353955e-13,88.25675757554787,-153.80000986371533,-64.62120080714469,128.3320502280637,4.987390314199926,113.63774737507359,4.414651802170895,164.23663292889572,5.717365708472376,153.80000986371533,5.349820661833822,139.0033868415842,5.005284766168534,10.436623065180385,0.36754504663855414,0.4431426391508344
experiment_2026_08_25_00_00_production_cap_H6_plotted,SEN_demand_NTE,2025-04-17,Maundy Thursday,H1,G,observance_tier,True,2025-04-17,19,True,True,4,False,2,6,4,pearson,PCR,,3,{},2025-04-16 10:00:00,2025-04-18,281.7042484019749,7.128348088364664,126.256273,4.347,,14,24,4,4,4,4,0.06731757736928654,3739.0092624817235,3520.754015834289,281.7042484019749,7.128348088364664,6.199921192276654,245.6595996235401,161.42129137842804,3.844268487220596,1.3242526264102836,63.58581612267624,351.86930666571067,9.044061189032035,9.044061189032035,351.86930666571067,170.37666791516742,4.0119387200742676,2.305027219270482,104.26235685657925,328.14132457093336,8.434347521687739,8.434347521687739,328.14132457093336,270.0175036977564,6.805039015830144,6.176176883955065,245.65959962353975,63.58581612267624,351.86930666571067,hourly_window_mean_factor_top_available_analogs,4,-40.676540733903,23.727982094777303,3.4704403093967e-13,-40.676540733903,23.727982094777303,3.4704403093967e-13,-104.26235685657925,-328.14132457093336,-245.65959962353975,161.42129137842804,3.844268487220596,170.37666791516742,4.0119387200742676,351.86930666571067,9.044061189032035,328.14132457093336,8.434347521687739,270.0175036977564,6.805039015830144,23.727982094777303,0.6097136673442964,0.3233090725345198
experiment_2026_08_25_00_00_production_cap_H6_plotted,SEN_demand_NTE,2025-04-18,Good Friday,H2,G,observance_tier,True,2025-04-18,19,True,True,2,False,2,6,2,pearson,RidgeReg,,2,{'alpha': 0.2878885876777043},2025-04-17 10:00:00,2025-04-19,96.67717858556735,3.064373723957741,117.541328,4.15,,14,24,2,4,2,2,0.10857554952758974,3403.1453388078535,3071.163850123178,96.67717858556735,3.064373723957741,-1.984485729117674,-58.72008828153784,80.00430947219213,2.0602728868598392,-1.165254322653592,-43.37808798158322,106.40301890170288,3.6500992122648497,-2.4623707162217214,-67.66958845651136,80.23473513765036,2.0154243605688307,0.8206352937497918,34.7158707927286,139.45499754630617,4.831601078791734,-4.04150559368516,-113.22439774152639,117.63700613259088,3.7940622878675074,-2.250190529893335,-58.720088281537706,-43.37808798158322,-67.66958845651136,hourly_window_mean_factor_top_available_analogs,2,-78.09395877431182,45.55480928501502,-1.3163739104608172e-13,-78.09395877431182,45.55480928501502,-1.3163739104608172e-13,-34.715870792728595,113.22439774152639,58.720088281537706,80.00430947219213,2.0602728868598392,80.23473513765036,2.0154243605688307,106.40301890170288,3.6500992122648497,139.45499754630617,4.831601078791734,117.63700613259088,3.7940622878675074,-33.051978644603295,-1.1815018665268844,-0.7296885639097663
experiment_2026_08_25_00_00_production_cap_H6_plotted,SEN_demand_NTE,2025-04-19,Holy Saturday,H3,G,observance_tier,True,2025-04-19,19,True,True,2,False,2,6,2,pearson,RidgeReg,,2,{'alpha': 0.2878885876777043},2025-04-18 10:00:00,2025-04-20,225.7484070848066,7.381803440519724,118.919578,4.165,,14,24,2,4,2,2,0.0715835212385856,3296.606479716386,3403.942436912667,225.7484070848066,7.381803440519724,-7.381803440519724,-225.7484070848066,219.70530666561768,7.654934085397694,-7.654934085397694,-219.70530666561768,229.2735489960002,7.222477231007577,-7.222477231007577,-229.2735489960002,229.59813786868563,8.01957462673881,-8.01957462673881,-229.59813786868563,223.50273079421106,7.073628095108965,-7.073628095108965,-223.50273079421106,225.74840708480693,7.4221347120252235,-7.4221347120252235,-225.74840708480693,-219.70530666561768,-229.2735489960002,hourly_window_mean_factor_top_available_analogs,2,9.892831203067933,-5.770818201789116,3.231099598403824e-13,9.892831203067933,-5.770818201789116,3.231099598403824e-13,229.59813786868563,223.50273079421106,225.7484070848069,219.70530666561768,7.654934085397694,229.59813786868563,8.01957462673881,229.2735489960002,7.222477231007577,223.50273079421106,7.073628095108965,225.74840708480693,7.4221347120252235,5.770818201789126,0.1488491358986117,-0.04033127150549909
experiment_2026_08_25_00_00_production_cap_H6_plotted,SEN_demand_NTE,2025-05-01,Labor Day,H2,F,observance_tier,True,2025-05-01,19,True,True,2,False,2,6,2,pearson,RidgeReg,,2,{'alpha': 0.4142256863531539},2025-04-30 10:00:00,2025-05-02,231.7286470845204,6.222147682557394,117.634731,4.057,,14,24,2,4,2,2,0.05606432100881888,4073.9926516950877,3994.0281722169216,231.7286470845204,6.222147682557394,-5.980479877841168,-221.23072880035082,140.41844471469042,3.4789666597640005,-2.8230111898199555,-111.92409508623011,284.99293180025455,7.822336612520206,-7.822336612520206,-284.99293180025455,267.42018822629274,6.6973808367218055,-6.357694047591879,-252.64837180599247,207.81040779487853,5.739247623928467,-5.61870735055097,-202.9037703803934,229.77190584855745,6.092244070747066,-5.890965607355516,-221.23072880035096,-111.92409508623011,-284.99293180025455,hourly_window_mean_factor_top_available_analogs,2,140.72427671976237,-82.08916141986113,1.555714621453693e-13,140.72427671976237,-82.08916141986113,1.555714621453693e-13,252.6483718059925,202.90377038039344,221.23072880035096,140.41844471469042,3.4789666597640005,267.42018822629274,6.6973808367218055,284.99293180025455,7.822336612520206,207.81040779487853,5.739247623928467,229.77190584855745,6.092244070747066,77.18252400537602,2.083088988591739,0.12990361181032828
experiment_2026_08_25_00_00_production_cap_H6_plotted,SEN_demand_NTE,2025-09-16,Independence Day,H2,H,observance_tier,True,2025-09-16,19,True,True,5,False,2,6,5,pearson,PLS,standard,2,{},2025-09-15 10:00:00,2025-09-17,369.4739314962501,10.13190112078287,150.572217,4.998,,14,24,4,4,5,4,0.06409441358567712,3590.778785201395,3759.8812971765947,369.4739314962501,10.13190112078287,0.08355676332552239,18.737124535447816,498.7113074703775,13.046006537840325,13.046006537840325,498.7113074703775,294.0854621780091,8.432006294166023,-7.4778722718081125,-261.2478155099279,294.78626447322597,7.665597998929213,7.665597998929213,294.78626447322597,164.00778878377514,4.653280671410764,-4.044652597694792,-142.291540428257,212.189332458836,5.763081792075456,0.2696502536929993,18.73712453544724,498.7113074703775,-261.2478155099279,hourly_window_mean_factor_top_available_analogs,4,203.9250429971516,-118.95627508167085,5.74417706382902e-13,203.9250429971516,-118.95627508167085,5.74417706382902e-13,-294.7862644732259,142.291540428257,-18.73712453544724,498.7113074703775,13.046006537840325,294.78626447322597,7.665597998929213,294.0854621780091,8.432006294166023,164.00778878377514,4.653280671410764,212.189332458836,5.763081792075456,130.07767339423395,3.7787256227552586,4.368819328707415
experiment_2026_08_25_00_00_production_cap_H6_plotted,SEN_demand_NTE,2025-11-17,Mexican Revolution Day,H2,F,observance_tier,True,2025-11-17,19,True,True,4,False,2,6,4,pearson,PLS,standard,2,{},2025-11-16 10:00:00,2025-11-18,89.70547433975344,3.8259112191744307,151.022434,4.798,,14,24,4,4,4,4,0.06836864342906725,2463.271135259305,2474.5549012464894,89.70547433975344,3.8259112191744307,-2.9404778653937105,-67.48765525930506,87.85106001780711,3.9194683167108226,-2.458543651677593,-50.56866785270309,90.78721602755546,3.7713362456115362,-3.221606156728111,-77.35706457982286,77.783100719979,3.428399801892798,-1.744676107964708,-34.66401315099142,90.50776244777694,3.8515084384141143,-3.684302397846181,-86.63477982248806,85.81972917964086,3.6956263091694184,-2.9697032384161646,-67.48765525930509,-50.56866785270309,-77.35706457982286,hourly_window_mean_factor_top_available_analogs,4,-15.904654701711674,9.2777152426652,3.5901106648931376e-14,-15.904654701711674,9.2777152426652,3.5901106648931376e-14,34.66401315099142,86.63477982248806,67.4876552593051,87.85106001780711,3.9194683167108226,77.783100719979,3.428399801892798,90.78721602755546,3.7713362456115362,90.50776244777694,3.8515084384141143,85.81972917964086,3.6956263091694184,0.2794535797785187,-0.08017219280257804,0.1302849100050123
experiment_2026_08_25_00_00_production_cap_H6_plotted,SEN_demand_NTE,2025-12-24,Christmas Eve,H1,G,observance_tier,True,2025-12-24,19,True,True,2,False,2,6,2,pearson,RidgeReg,,2,{'alpha': 0.4142256863531539},2025-12-23 10:00:00,2025-12-25,118.11629993416562,4.7582259223622705,115.655076,3.82,,14,24,2,4,2,2,0.052039099535521466,2642.8487031714053,2593.3115584400816,118.11629993416562,4.7582259223622705,-2.7779391366493513,-61.53230475035257,74.88015334971637,2.6640727160735804,1.315882475719554,40.88294157489717,143.33738544176103,5.97981529269734,-5.166001743864546,-121.27453177341492,113.4720782531386,4.260405695589762,-2.0260041078517306,-47.99652868861774,126.61716961268087,5.283945213391045,-3.062367900573801,-69.42817411969793,121.77424121706004,4.906851706832677,-2.68054966114988,-61.532304750352594,40.88294157489717,-121.27453177341492,hourly_window_mean_factor_top_available_analogs,2,88.8794702635149,-51.846357653716986,2.3934071099287584e-14,88.8794702635149,-51.846357653716986,2.3934071099287584e-14,47.99652868861774,69.42817411969793,61.532304750352594,74.88015334971637,2.6640727160735804,113.4720782531386,4.260405695589762,143.33738544176103,5.97981529269734,126.61716961268087,5.283945213391045,121.77424121706004,4.906851706832677,16.72021582908016,0.6958700793062942,-0.14862578447040686
experiment_2026_08_25_00_00_production_cap_H6_plotted,SEN_demand_NTE,2025-12-25,Christmas Day,H2,H,observance_tier,True,2025-12-25,19,True,True,2,False,2,6,2,pearson,RidgeReg,,2,{'alpha': 0.4142256863531539},2025-12-24 10:00:00,2025-12-26,202.6950299420097,9.635527073213618,116.590992,3.877,,14,24,2,4,2,2,0.05850597607039889,2410.618278109346,2372.60943592,202.6950299420097,9.635527073213618,-9.332839530054251,-194.99230495145108,79.85074326545399,3.3267667512331687,-2.505186276943455,-58.94334686250919,274.35419717000053,13.315637261035548,-13.315637261035548,-274.35419717000053,80.12125067012254,3.313238985108836,-1.9306039882080976,-45.07369077821243,282.4448298858408,13.695158194951468,-13.695158194951468,-282.4448298858408,207.90456385899722,9.870240591325233,-9.360848750361805,-194.99230495145136,-58.94334686250919,-274.35419717000053,hourly_window_mean_factor_top_available_analogs,2,-13.869656084296755,8.090632715840266,3.111429242907386e-13,-13.869656084296755,8.090632715840266,3.111429242907386e-13,45.07369077821243,282.4448298858408,194.9923049514514,79.85074326545399,3.3267667512331687,80.12125067012254,3.313238985108836,274.35419717000053,13.315637261035548,282.4448298858408,13.695158194951468,207.90456385899722,9.870240591325233,-8.090632715840286,-0.37952093391592,-0.23471351811161512
experiment_2026_08_25_00_00_production_cap_H6_plotted,SEN_demand_NTE,2025-12-31,New Year's Eve,H1,G,observance_tier,True,2025-12-31,19,True,True,6,False,2,7,6,pearson,PLS,standard,2,{},2025-12-30 10:00:00,2026-01-01,255.17482797122858,9.442105284052646,136.888414,4.973,,14,24,4,4,6,4,0.06758084649823771,2479.526292291929,2336.860592216077,255.17482797122858,9.442105284052646,9.442105284052646,255.17482797122858,224.93077114946647,7.699573012714152,7.699573012714152,224.93077114946647,272.81719445058985,10.458582442333432,10.458582442333432,272.81719445058985,249.65228555574024,8.377293353842257,8.377293353842257,249.65228555574024,258.39631104693035,9.766666631316001,9.766666631316001,258.39631104693035,255.17482797122872,9.254792265930938,9.254792265930938,255.17482797122872,224.93077114946647,272.81719445058985,hourly_window_mean_factor_top_available_analogs,4,-24.72151440627376,14.420883403659502,-1.1967035549643792e-13,-24.72151440627376,14.420883403659502,-1.1967035549643792e-13,-249.65228555574024,-258.39631104693035,-255.1748279712287,224.93077114946647,7.699573012714152,249.65228555574024,8.377293353842257,272.81719445058985,10.458582442333432,258.39631104693035,9.766666631316001,255.17482797122872,9.254792265930938,14.420883403659502,0.6919158110174308,0.1873130181217082
experiment_2026_08_25_00_00_production_cap_H6_plotted,SEN_demand_NTE,2026-01-01,New Year's Day,H3,H,observance_tier,True,2026-01-01,19,True,True,2,False,2,6,2,pearson,PLS,standard,2,{},2025-12-31 10:00:00,2026-01-02,80.00256782613582,3.5081709006594473,130.963054,4.676,,14,24,2,4,2,2,0.08413461714348418,2397.4044645262297,2271.2059396157006,80.00256782613582,3.5081709006594473,-3.2633441526360842,-73.99485663149332,56.4905495211429,2.2402725024974073,-1.7659034573139056,-44.08203080142357,93.71791183738166,4.247778299587303,-4.136851224907354,-91.44400503236734,49.50075464509444,1.9627782146505457,-1.2495959084289505,-30.430101892834404,100.23572461677973,4.567257717117506,-4.526861123999494,-99.40763022904368,81.54389357457988,3.6077126372612573,-3.319447623526136,-73.9948566314929,-44.08203080142357,-91.44400503236734,hourly_window_mean_factor_top_available_analogs,2,-13.651928908589168,7.963625196676323,-4.367967975619984e-13,-13.651928908589168,7.963625196676323,-4.367967975619984e-13,30.4301018928344,99.40763022904366,73.99485663149288,56.4905495211429,2.2402725024974073,49.50075464509444,1.9627782146505457,93.71791183738166,4.247778299587303,100.23572461677973,4.567257717117506,81.54389357457988,3.6077126372612573,-6.517812779398071,-0.3194794175302036,-0.0995417366018101
experiment_2026_08_25_00_00_production_cap_H6_plotted,SEN_demand_NTE,2026-02-02,Constitution Day,H2,H,observance_tier,True,2026-02-02,19,True,True,2,False,2,6,2,pearson,PLS,standard,2,{},2026-02-01 10:00:00,2026-02-03,102.94560833537128,4.144212817184559,129.590776,4.616,,14,24,2,4,2,2,0.08109764067023519,2578.6044904714727,2616.1908879582675,102.94560833537128,4.144212817184559,-1.2667369632064769,-27.57568231357842,63.46338393085239,2.5656207414815455,-0.6280624120115625,-9.334909065540646,125.97690590467396,5.065058194677983,-1.6392971180701765,-38.21613337493378,69.19539424008157,2.602377839071497,2.409834072905853,64.8714273954154,187.34642137136316,7.491558375965927,-3.3551335577520707,-81.50316297715734,143.81709558615415,5.690281336057453,-1.2311981148780986,-27.575682313577914,-9.334909065540646,-38.21613337493378,hourly_window_mean_factor_top_available_analogs,2,-74.20633646095605,43.28702960222356,-5.026154930850393e-13,-74.20633646095605,43.28702960222356,-5.026154930850393e-13,-64.87142739541541,81.50316297715734,27.575682313577918,63.46338393085239,2.5656207414815455,69.19539424008157,2.602377839071497,125.97690590467396,5.065058194677983,187.34642137136316,7.491558375965927,143.81709558615415,5.690281336057453,-61.36951546668921,-2.4265001812879445,-1.546068518872894
experiment_2026_08_25_00_00_production_cap_H6_plotted,SEN_demand_NTE,2026-03-16,Benito Juarez's Birthday,H2,H,observance_tier,True,2026-03-16,19,True,True,5,False,2,6,5,pearson,PLS,standard,2,{},2026-03-15 10:00:00,2026-03-17,244.4462678399494,9.06833209865408,156.457974,5.552,,14,24,4,4,5,4,0.07625734640168916,2954.029643489647,3068.5260051850164,244.4462678399494,9.06833209865408,-8.912472908714085,-240.17734559490992,91.35132667697833,3.6289930653391713,-3.2059466926448974,-79.76425201187132,333.75165018501576,12.241279868087778,-12.241279868087778,-333.75165018501576,134.2883086020504,5.3386404350015,-5.3386404350015,-134.2883086020504,301.9459505074114,11.115911054162373,-11.115911054162373,-301.9459505074114,240.17734559491,8.987442931313629,-8.987442931313629,-240.17734559491,-79.76425201187132,-333.75165018501576,hourly_window_mean_factor_top_available_analogs,4,54.52405659017908,-31.80569967760435,7.180221329786275e-14,54.52405659017908,-31.80569967760435,7.180221329786275e-14,134.2883086020504,301.9459505074114,240.17734559491,91.35132667697833,3.6289930653391713,134.2883086020504,5.3386404350015,333.75165018501576,12.241279868087778,301.9459505074114,11.115911054162373,240.17734559491,8.987442931313629,31.805699677604366,1.1253688139254052,0.0808891673404517
experiment_2026_08_25_00_00_production_cap_H6_plotted,SEN_demand_NTE,2026-04-02,Maundy Thursday,H1,G,observance_tier,True,2026-04-02,19,True,True,2,False,2,8,2,pearson,PCR,standard,2,{},2026-04-01 10:00:00,2026-04-03,78.11788505327745,2.0757329251008647,141.597327,5.046,,14,24,2,4,2,2,0.08556441766037115,3725.6881369439543,3585.4016427017764,78.11788505327745,2.0757329251008647,-0.3930318638280928,-14.740905891322631,90.2526456448297,2.3337205364432987,-2.3337205364432987,-90.2526456448297,71.03927470820531,1.925240151817779,0.7390365285307766,29.307608964889823,265.0988085607642,6.909527134121221,-6.909527134121221,-265.0988085607642,159.9274339043844,4.326366843018996,3.5430236334138585,131.30120399918485,198.67478246199798,5.278057476582974,-0.30791612304643423,-14.74090589132269,-90.2526456448297,29.307608964889823,hourly_window_mean_factor_top_available_analogs,2,174.84616291593449,-101.99359503429503,5.983517774821896e-14,174.84616291593449,-101.99359503429503,5.983517774821896e-14,265.09880856076416,-131.30120399918485,14.740905891322692,90.2526456448297,2.3337205364432987,265.0988085607642,6.909527134121221,71.03927470820531,1.925240151817779,159.9274339043844,4.326366843018996,198.67478246199798,5.278057476582974,-88.88815919617909,-2.401126691201217,-3.2023245514821097
experiment_2026_08_25_00_00_production_cap_H6_plotted,SEN_demand_NTE,2026-04-03,Good Friday,H2,G,observance_tier,True,2026-04-03,19,True,True,2,False,2,8,2,pearson,LassoReg,standard,2,{'alpha': 0.0011854057168822895},2026-04-02 10:00:00,2026-04-04,441.5767889084789,14.578237937867108,141.325183,4.995,,14,24,2,4,2,2,0.08556441766037115,3676.651232329531,3531.5315432530642,441.5767889084789,14.578237937867108,-14.578237937867108,-441.5767889084789,258.3737971749038,7.092348769484995,-7.092348769484995,-258.3737971749038,548.4452007530643,18.945006619423342,-18.945006619423342,-548.4452007530643,419.46788092575207,11.530659353445946,-11.530659353445946,-419.46788092575207,454.4736518984021,15.640227939481667,-15.640227939481667,-454.4736518984021,441.5767889084785,14.126176355152714,-14.126176355152714,-441.5767889084785,-258.3737971749038,-548.4452007530643,hourly_window_mean_factor_top_available_analogs,2,161.09408375084828,-93.97154885466215,-4.0687920868788895e-13,161.09408375084828,-93.97154885466215,-4.0687920868788895e-13,419.46788092575207,454.4736518984022,441.5767889084785,258.3737971749038,7.092348769484995,419.46788092575207,11.530659353445946,548.4452007530643,18.945006619423342,454.4736518984021,15.640227939481667,441.5767889084785,14.126176355152714,93.97154885466222,3.304778679941675,0.45206158271439456
experiment_2026_08_25_00_00_production_cap_H6_plotted,SEN_demand_NTE,2026-04-04,Holy Saturday,H3,G,observance_tier,True,2026-04-04,19,True,True,2,False,2,8,2,pearson,PLS,standard,2,{},2026-04-03 10:00:00,2026-04-05,190.37167790714932,6.044390075583795,162.130812,5.638,,14,24,2,4,2,2,0.06773885090732043,2898.8728851990422,2986.1980361728943,190.37167790714932,6.044390075583795,5.89614279022456,185.8504548009583,194.1458751411134,6.216583133259981,6.0395030903825475,189.4110307561339,188.17006285400365,5.9439441252726875,5.812515948465735,183.77345216043918,196.0632777617137,6.310132230313911,6.310132230313911,196.0632777617137,179.89297474051685,5.698566952016354,5.698566952016354,179.89297474051685,185.85045480095778,5.923880475599665,5.923880475599665,185.85045480095778,189.4110307561339,183.77345216043918,hourly_window_mean_factor_top_available_analogs,2,-6.652247005579803,3.8804774199223098,4.786814219857517e-13,-6.652247005579803,3.8804774199223098,4.786814219857517e-13,-196.0632777617137,-179.89297474051688,-185.8504548009578,194.1458751411134,6.216583133259981,196.0632777617137,6.310132230313911,188.17006285400365,5.9439441252726875,179.89297474051685,5.698566952016354,185.85045480095778,5.923880475599665,8.277088113486798,0.24537717325633324,0.12050959998413013
experiment_2026_08_25_00_00_production_cap_H6_plotted,SEN_demand_NTE,2026-05-01,Labor Day,H2,F,observance_tier,True,2026-05-01,19,True,True,2,False,2,8,2,pearson,PLS,minmax,2,{},2026-04-30 10:00:00,2026-05-02,191.68581176579525,5.288658296152983,169.020478,5.805,,14,24,2,4,2,2,0.05698800244938151,3904.135655877296,3745.3794898217043,191.68581176579525,5.288658296152983,-4.280456883179954,-150.1841719299275,117.70343866995151,2.8205071360980307,-0.08396044374266896,-5.056130544024621,234.84219607170417,6.728413139518371,-6.728413139518371,-234.84219607170417,81.6362992330105,1.974624566086245,1.1495940528648616,47.298889406378166,265.38262437610575,7.705317767574342,-7.705317767574342,-265.38262437610575,197.68660984970228,5.594009745973464,-4.442981833728319,-150.18417192992746,-5.056130544024621,-234.84219607170417,hourly_window_mean_factor_top_available_analogs,2,-52.355019950402784,30.540428304401605,-1.1967035549643792e-14,-52.355019950402784,30.540428304401605,-1.1967035549643792e-14,-47.298889406378166,265.38262437610575,150.1841719299275,117.70343866995151,2.8205071360980307,81.6362992330105,1.974624566086245,234.84219607170417,6.728413139518371,265.38262437610575,7.705317767574342,197.68660984970228,5.594009745973464,-30.540428304401587,-0.976904628055971,-0.30535144982048124
experiment_2026_08_25_00_00_production_cap_H6_plotted,SEN_demand_OCC,2025-01-01,New Year's Day,H3,H,observance_tier,True,2025-01-01,19,True,True,6,False,2,6,6,pearson,LassoReg,,2,{'alpha': 1.7287040155934563},2024-12-31 10:00:00,2025-01-02,111.76543876238212,1.7532660450000261,319.327043,4.744,,14,24,4,4,6,4,0.11518734600666765,5950.195089731242,5537.699027952624,111.76543876238212,1.7532660450000261,1.671223776351491,107.44366368981127,179.22509721969942,2.6262544771687155,2.6262544771687155,179.22509721969942,72.41397132894701,1.2440227929016239,1.1141225342081102,65.57116079737652,189.22160153882947,2.74864639935931,0.6706570738668332,51.031467272925184,203.0898713159834,3.5044199830794827,2.2199897092260508,140.35077826632767,197.98050876650564,3.2259770838141564,1.6491829488305496,107.44366368981096,179.22509721969942,65.57116079737652,hourly_window_mean_factor_top_available_analogs,4,128.19362994677425,-74.77961746895114,3.111429242907386e-13,128.19362994677425,-74.77961746895114,3.111429242907386e-13,-51.03146727292517,-140.35077826632767,-107.44366368981096,179.22509721969942,2.6262544771687155,189.22160153882947,2.74864639935931,72.41397132894701,1.2440227929016239,203.0898713159834,3.5044199830794827,197.98050876650564,3.2259770838141564,-130.6758999870364,-2.2603971901778586,-1.4727110388141302
experiment_2026_08_25_00_00_production_cap_H6_plotted,SEN_demand_OCC,2025-02-03,Constitution Day,H2,H,observance_tier,True,2025-02-03,19,True,True,2,False,2,6,2,euclidian,PLS,minmax,2,{},2025-02-02 10:00:00,2025-02-04,107.08629446147583,1.5573097565852034,339.184143,4.748,,14,24,2,4,2,2,0.0697951701563314,7017.295028808184,6975.474854348533,107.08629446147583,1.5573097565852034,1.0219500750934225,71.38570803392115,97.3728781522641,1.3768793619644448,0.3504603170818976,29.80759068955584,112.75245397518268,1.6625608201139794,1.4136524339334786,95.63960981813425,122.83682423632321,1.711443702352664,0.7151085380593872,57.325842663052235,130.608179963049,1.9283865682429646,1.1911574468501682,79.58729616692835,127.74504890583424,1.848460249230748,1.0157710067693542,71.38570803392136,29.80759068955584,95.63960981813425,hourly_window_mean_factor_top_available_analogs,2,-27.518251973496394,16.05231365120589,-2.1540663989358825e-13,-27.518251973496394,16.05231365120589,-2.1540663989358825e-13,-57.325842663052235,-79.58729616692835,-71.38570803392136,97.3728781522641,1.3768793619644448,122.83682423632321,1.711443702352664,112.75245397518268,1.6625608201139794,130.608179963049,1.9283865682429646,127.74504890583424,1.848460249230748,-17.85572598786632,-0.2658257481289852,-0.2911504926455446
experiment_2026_08_25_00_00_production_cap_H6_plotted,SEN_demand_OCC,2025-03-17,Benito Juarez's Birthday,H2,H,observance_tier,True,2025-03-17,19,True,True,2,False,2,6,2,euclidian,PLS,minmax,2,{},2025-03-16 10:00:00,2025-03-18,184.17585412831897,2.5336003244699934,306.732016,4.294,,14,24,2,4,2,2,0.06866235745667196,7108.6457641667575,7018.952654657526,184.17585412831897,2.5336003244699934,0.7318595113847901,63.22845662271699,200.41229490405541,2.903657045673764,-1.9867823041289314,-127.8734983254357,174.7045970091394,2.317733903767794,2.317733903767794,174.7045970091394,188.8959385117787,2.7346444302670307,-1.8824141282988875,-121.50010141976132,170.98678214749475,2.2796067517956016,2.2796067517956016,170.98678214749475,177.5848923869678,2.447252212285075,0.7462306380765792,63.2284566227162,-127.8734983254357,174.7045970091394,hourly_window_mean_factor_top_available_analogs,2,-6.373396905674391,3.7178148616446456,7.898243462764903e-13,-6.373396905674391,3.7178148616446456,7.898243462764903e-13,121.50010141976131,-170.98678214749475,-63.2284566227162,200.41229490405541,2.903657045673764,188.8959385117787,2.7346444302670307,174.7045970091394,2.317733903767794,170.98678214749475,2.2796067517956016,177.5848923869678,2.447252212285075,3.717814861644655,0.03812715197219241,0.08634811218491834
experiment_2026_08_25_00_00_production_cap_H6_plotted,SEN_demand_OCC,2025-04-17,Maundy Thursday,H1,G,observance_tier,True,2025-04-17,19,True,True,2,False,2,6,2,euclidian,PLS,minmax,2,{},2025-04-16 10:00:00,2025-04-18,197.3252197541503,2.1723435464268492,294.717375,4.069,,14,24,2,4,2,2,0.0814604452514094,8703.974129944361,8259.435789465606,197.3252197541503,2.1723435464268492,1.820968392991715,165.60591610827404,214.35444067088156,2.1968978267772727,1.495181777322006,148.94171209206655,187.39150755272374,2.1580202162224356,2.011010585465712,175.32670178439506,187.99463867014023,1.9698779924004646,-0.39294864089600784,-32.56545563498834,281.2058829585041,3.2993295476255615,3.2993295476255615,281.2058829585041,246.86489822068583,2.809531606226842,1.9390165308018255,165.60591610827007,148.94171209206655,175.32670178439506,hourly_window_mean_factor_top_available_analogs,2,181.50716772705488,-105.87918117410906,3.973055802481739e-12,181.50716772705488,-105.87918117410906,3.973055802481739e-12,32.565455634988325,-281.2058829585041,-165.60591610827007,214.35444067088156,2.1968978267772727,187.99463867014023,1.9698779924004646,187.39150755272374,2.1580202162224356,281.2058829585041,3.2993295476255615,246.86489822068583,2.809531606226842,-93.81437540578037,-1.141309331403126,-0.6371880597999926
experiment_2026_08_25_00_00_production_cap_H6_plotted,SEN_demand_OCC,2025-04-18,Good Friday,H2,G,observance_tier,True,2025-04-18,19,True,True,2,False,2,6,2,euclidian,PLS,minmax,2,{},2025-04-17 10:00:00,2025-04-19,589.1343786115785,7.782532222601543,290.75704,3.928,,14,24,2,4,2,2,0.0814604452514094,7116.280577478863,6533.604795536737,589.1343786115785,7.782532222601543,7.770763528760509,588.169203573768,429.56676072297586,4.916249618205517,4.884306020636994,426.94699990606193,682.2154890465966,9.45453040849923,9.45453040849923,682.2154890465966,654.364183187816,7.562076033856556,7.562076033856556,654.364183187816,549.5554654655739,7.376060903975798,7.376060903975798,549.5554654655739,588.1692035737684,7.444592793931868,7.444592793931868,588.1692035737684,426.94699990606193,682.2154890465966,hourly_window_mean_factor_top_available_analogs,2,-227.41718328175415,132.66002358102276,-3.111429242907386e-13,-227.41718328175415,132.66002358102276,-3.111429242907386e-13,-654.364183187816,-549.5554654655739,-588.1692035737683,429.56676072297586,4.916249618205517,654.364183187816,7.562076033856556,682.2154890465966,9.45453040849923,549.5554654655739,7.376060903975798,588.1692035737684,7.444592793931868,132.66002358102276,2.078469504523431,0.3379394286696753
experiment_2026_08_25_00_00_production_cap_H6_plotted,SEN_demand_OCC,2025-04-19,Holy Saturday,H3,G,observance_tier,True,2025-04-19,19,True,True,6,False,2,6,6,pearson,RidgeReg,standard,2,{'alpha': 0.42682509505253324},2025-04-18 10:00:00,2025-04-20,72.28586539933852,1.0026217353709912,237.071691,3.196,,14,24,4,4,6,4,0.06027077641637386,7318.014581491371,7351.682589675831,72.28586539933852,1.0026217353709912,-0.5504957318572825,-37.2676238597927,88.25553099420631,1.2821771296052107,-1.170422553423203,-79.68857246086996,62.97022713566563,0.8395477554010305,-0.1888717526104957,-12.5220705091643,217.68474851978044,3.0784798556042903,-0.8451939799625033,-44.840256875490404,160.52231096167552,2.1976912512382647,-0.4939184118278563,-32.850254600635175,181.58215637781942,2.522192316004695,-0.623335726403779,-37.267623859792366,-79.68857246086996,-12.5220705091643,hourly_window_mean_factor_top_available_analogs,4,-34.84831558537956,20.328184091470877,-3.3507699539002617e-13,-34.84831558537956,20.328184091470877,-3.3507699539002617e-13,44.840256875490404,32.850254600635175,37.267623859792366,88.25553099420631,1.2821771296052107,217.68474851978044,3.0784798556042903,62.97022713566563,0.8395477554010305,160.52231096167552,2.1976912512382647,181.58215637781942,2.522192316004695,-97.55208382600989,-1.358143495837234,-1.5195705806337036
experiment_2026_08_25_00_00_production_cap_H6_plotted,SEN_demand_OCC,2025-05-01,Labor Day,H2,F,observance_tier,True,2025-05-01,19,True,True,2,False,2,6,2,euclidian,LassoReg,minmax,2,{'alpha': 0.002456459215250751},2025-04-30 10:00:00,2025-05-02,288.16850679264644,3.10975249035129,261.968499,3.53,,14,24,2,4,2,2,0.09172913617854275,9392.583529478487,8820.042564763588,288.16850679264644,3.10975249035129,-0.5606017133769639,-31.981109215328207,326.1698597023842,3.1195002038925224,0.4910625733450346,57.9533188674047,266.0010509286327,3.104066324118905,-1.1740725472981295,-84.44285893025574,255.20642914196364,2.4656454401870276,-1.0267659425760438,-102.54696775608474,161.32428673991663,1.8535725498831657,-0.005089873409565751,9.182308266779197,195.91244446698659,2.0790730884161674,-0.3814968462603733,-31.98110921532857,57.9533188674047,-84.44285893025574,hourly_window_mean_factor_top_available_analogs,2,160.50028662348944,-93.62516719703494,3.590110664893138e-13,160.50028662348944,-93.62516719703494,3.590110664893138e-13,102.54696775608474,-9.182308266779202,31.981109215328566,326.1698597023842,3.1195002038925224,255.20642914196364,2.4656454401870276,266.0010509286327,3.104066324118905,161.32428673991663,1.8535725498831657,195.91244446698659,2.0790730884161674,104.67676418871608,1.2504937742357394,1.0306794019351226
experiment_2026_08_25_00_00_production_cap_H6_plotted,SEN_demand_OCC,2025-09-16,Independence Day,H2,H,observance_tier,True,2025-09-16,19,True,True,6,False,2,6,6,euclidian,LassoReg,,2,{'alpha': 5.600904563643109},2025-09-15 10:00:00,2025-09-17,1894.3571813749047,26.0595022559791,249.927194,3.364,,14,24,4,4,6,4,0.11100353045396846,5566.527851782991,4815.433911655693,1894.3571813749047,26.0595022559791,26.0595022559791,1894.3571813749047,1419.5986444273583,17.18062168488375,17.18062168488375,1419.5986444273583,2171.2996612609736,31.238849255784718,31.238849255784718,2171.2996612609736,2027.0511006264117,24.450401012575544,24.450401012575544,2027.0511006264117,1816.9523951448573,26.063305590486816,26.063305590486816,1816.9523951448573,1894.3571813749038,25.469077588098447,25.469077588098447,1894.3571813749038,1419.5986444273583,2171.2996612609736,hourly_window_mean_factor_top_available_analogs,4,-607.4524561990536,354.3472661161166,1.2804728038118859e-12,-607.4524561990536,354.3472661161166,1.2804728038118859e-12,-2027.0511006264119,-1816.952395144857,-1894.3571813749033,1419.5986444273583,17.18062168488375,2027.0511006264117,24.450401012575544,2171.2996612609736,31.238849255784718,1816.9523951448573,26.063305590486816,1894.3571813749038,25.469077588098447,354.3472661161163,5.175543665297901,0.5904246678806544
experiment_2026_08_25_00_00_production_cap_H6_plotted,SEN_demand_OCC,2025-11-17,Mexican Revolution Day,H2,F,observance_tier,True,2025-11-17,19,True,True,2,False,2,6,2,euclidian,LassoReg,standard,2,{'alpha': 0.02692304789757364},2025-11-16 10:00:00,2025-11-18,186.6353204263443,2.548100063632819,294.927252,3.918,,14,24,2,4,2,2,0.06694351339470402,7339.445054408698,7300.60615029429,186.6353204263443,2.548100063632819,-0.4962857202915334,-20.56795309290905,243.0003081772856,3.3777905317607795,-1.0327033192160184,-53.31809931911221,153.7557442382952,2.064113957224842,-0.1833754542522503,-1.4637011276238734,178.54486106694847,2.517598737414717,-1.1639815683933814,-69.05108071376084,104.42729745935851,1.41630279639351,0.038444712965149876,7.713871352589194,131.73376826215483,1.8220434062434285,-0.4045544433248351,-20.567953092908187,-53.31809931911221,-1.4637011276238734,hourly_window_mean_factor_top_available_analogs,2,15.732981394648634,-9.177572480213067,-8.61626559574353e-13,15.732981394648634,-9.177572480213067,-8.61626559574353e-13,69.05108071376084,-7.7138713525891935,20.567953092908187,243.0003081772856,3.3777905317607795,178.54486106694847,2.517598737414717,153.7557442382952,2.064113957224842,104.42729745935851,1.41630279639351,131.73376826215483,1.8220434062434285,49.32844677893668,0.647811160831332,0.7260566573893903
experiment_2026_08_25_00_00_production_cap_H6_plotted,SEN_demand_OCC,2025-12-24,Christmas Eve,H1,G,observance_tier,True,2025-12-24,19,True,True,2,False,2,6,2,euclidian,LassoReg,standard,2,{'alpha': 0.02692304789757364},2025-12-23 10:00:00,2025-12-25,397.8721316634888,5.104983721513463,296.510166,3.939,,14,24,2,4,2,2,0.09571216809845891,7331.187289298592,6839.136650746782,397.8721316634888,5.104983721513463,4.484167361992109,355.7586712277235,427.7315517554467,4.854960191443486,4.854960191443486,427.7315517554467,380.45413660984667,5.25083078072095,4.267871544812139,313.7744909198849,368.68331808255783,4.178263931441286,3.7645691503181635,334.71746990823647,431.9082368086879,5.975791334899006,5.035365942811075,368.0327053307581,408.61484569906105,5.313544396783004,4.5671776508400015,355.7586712277239,427.7315517554467,313.7744909198849,hourly_window_mean_factor_top_available_analogs,2,93.01408184721024,-54.25821441087328,-4.0687920868788895e-13,93.01408184721024,-54.25821441087328,-4.0687920868788895e-13,-334.71746990823647,-368.0327053307582,-355.7586712277239,427.7315517554467,4.854960191443486,368.68331808255783,4.178263931441286,380.45413660984667,5.25083078072095,431.9082368086879,5.975791334899006,408.61484569906105,5.313544396783004,-51.45410019884122,-0.7249605541780566,-0.20856067526954103
experiment_2026_08_25_00_00_production_cap_H6_plotted,SEN_demand_OCC,2025-12-25,Christmas Day,H2,H,observance_tier,True,2025-12-25,19,True,True,6,False,2,6,6,pearson,RidgeReg,standard,2,{'alpha': 0.682231503486603},2025-12-24 10:00:00,2025-12-26,230.85753432226835,3.8438429775255027,277.226148,3.71,,14,24,4,4,6,4,0.12239403219533758,6532.390854101355,6063.468663413569,230.85753432226835,3.8438429775255027,-3.808213468538685,-228.30490304872527,252.80749718273896,3.639913993049851,-3.5666118240689317,-247.33406170899394,218.05338932032714,3.9628015518029667,-3.9491477611460417,-217.20456049690188,412.5259837170723,5.958021852253685,-5.645751541059871,-388.6707389588517,206.86262789012758,3.9266698303754257,-2.726930356880414,-134.75816543448227,282.6333379316335,4.675062680541099,-3.80228552999916,-228.30490304872365,-247.33406170899394,-217.20456049690188,hourly_window_mean_factor_top_available_analogs,4,141.33667724985773,-82.44639506241963,-1.6514509058508435e-12,141.33667724985773,-82.44639506241963,-1.6514509058508435e-12,388.67073895885164,134.75816543448224,228.30490304872362,252.80749718273896,3.639913993049851,412.5259837170723,5.958021852253685,218.05338932032714,3.9628015518029667,206.86262789012758,3.9266698303754257,282.6333379316335,4.675062680541099,11.190761430199558,0.03613172142754095,-0.8312197030155959
experiment_2026_08_25_00_00_production_cap_H6_plotted,SEN_demand_OCC,2025-12-31,New Year's Eve,H1,G,observance_tier,True,2025-12-31,19,True,True,3,False,2,7,3,euclidian,LassoReg,minmax,2,{'alpha': 0.002456459215250751},2025-12-30 10:00:00,2026-01-01,216.2847354684143,2.9599829524347525,306.943836,4.376,,14,24,3,4,3,3,0.07081906977469017,7314.409890539584,6837.514002491925,216.2847354684143,2.9599829524347525,1.8404013525856922,130.6423928814675,165.7448848289949,2.0981933254739897,-0.9406710169734591,-66.71290219271785,245.7663150080756,3.4626935681618627,3.4626935681618627,245.7663150080756,287.65477433257075,3.5224767970908966,0.6254832194059954,67.04103751534636,219.37003938559792,3.056492382990385,2.2967220072245507,167.74318351170663,244.52757331343003,3.2281708513432057,1.6810024538177144,130.64239288146862,-66.71290219271785,245.7663150080756,hourly_window_mean_factor_top_available_analogs,3,-133.75393970806422,78.02313149636898,-1.148835412765804e-12,-133.75393970806422,78.02313149636898,-1.148835412765804e-12,-67.04103751534637,-167.7431835117066,-130.64239288146862,165.7448848289949,2.0981933254739897,287.65477433257075,3.5224767970908966,245.7663150080756,3.4626935681618627,219.37003938559792,3.056492382990385,244.52757331343003,3.2281708513432057,26.396275622477674,0.4062011851714775,-0.2681878989084532
experiment_2026_08_25_00_00_production_cap_H6_plotted,SEN_demand_OCC,2026-01-01,New Year's Day,H3,H,observance_tier,True,2026-01-01,19,True,True,2,False,2,6,2,euclidian,LassoReg,minmax,2,{'alpha': 0.002456459215250751},2025-12-31 10:00:00,2026-01-02,299.3980549756475,4.939213481712636,317.631758,4.504,,14,24,2,4,2,2,0.12735261594634037,6281.025268188471,5886.511859100491,299.3980549756475,4.939213481712636,-0.47124762092721634,10.695278653633403,308.7980993817327,4.2903369203887864,1.8983738991793466,145.55905980356178,293.9146957387646,5.317724809151549,-1.8535268409893781,-67.9752603504915,336.33131632419276,4.803055161772163,-1.8249845857882738,-119.64542250893159,267.4426599107855,4.736237049682627,1.123607119975992,86.72735433179723,292.82269122098813,4.7608542488735095,0.03728385995757825,10.695278653633977,145.55905980356178,-67.9752603504915,hourly_window_mean_factor_top_available_analogs,2,265.2044823124934,-154.70261468228873,-5.74417706382902e-13,265.2044823124934,-154.70261468228873,-5.74417706382902e-13,119.6454225089316,-86.72735433179723,-10.695278653633977,308.7980993817327,4.2903369203887864,336.33131632419276,4.803055161772163,293.9146957387646,5.317724809151549,267.4426599107855,4.736237049682627,292.82269122098813,4.7608542488735095,26.472035827979084,0.5814877594689225,0.17835923283912614
experiment_2026_08_25_00_00_production_cap_H6_plotted,SEN_demand_OCC,2026-02-02,Constitution Day,H2,H,observance_tier,True,2026-02-02,19,True,True,2,False,2,6,2,euclidian,LassoReg,minmax,2,{'alpha': 0.002456459215250751},2026-02-01 10:00:00,2026-02-03,130.0683777520402,1.870778603616058,313.830538,4.467,,14,24,2,4,2,2,0.07308502684227276,7185.032783101319,7205.623437095582,130.0683777520402,1.870778603616058,-0.324620395894932,-15.37830836447785,181.07612001322073,2.6680356270822583,-1.0522062675126465,-58.31383911115875,100.3138614330182,1.4057120065941078,0.09980469588206782,9.667417904419343,273.80615184763974,4.129002863808316,-3.3046400978990427,-208.6151940779373,134.08233863385507,1.8471643900628472,1.313819690413021,97.3432083017082,185.55953297577574,2.687841722495388,-0.3877181263335285,-15.378308364476988,-58.31383911115875,9.667417904419343,hourly_window_mean_factor_top_available_analogs,2,150.30135496677855,-87.67579039728885,-8.61626559574353e-13,150.30135496677855,-87.67579039728885,-8.61626559574353e-13,208.6151940779373,-97.34320830170819,15.378308364476988,181.07612001322073,2.6680356270822583,273.80615184763974,4.129002863808316,100.3138614330182,1.4057120065941078,134.08233863385507,1.8471643900628472,185.55953297577574,2.687841722495388,-33.76847720083687,-0.4414523834687394,-0.81706311887933
experiment_2026_08_25_00_00_production_cap_H6_plotted,SEN_demand_OCC,2026-03-16,Benito Juarez's Birthday,H2,H,observance_tier,True,2026-03-16,19,True,True,2,False,2,6,2,euclidian,LassoReg,minmax,2,{'alpha': 0.002456459215250751},2026-03-15 10:00:00,2026-03-17,278.3226826991446,3.7739745802838507,295.065609,4.185,,14,24,2,4,2,2,0.06309458892780646,7671.311196422889,7631.426360680613,278.3226826991446,3.7739745802838507,-0.78807799579363,-40.97431537025664,414.3046695799524,5.751904758603202,-3.281280848094653,-205.4224119810767,198.99985701867345,2.6201819762642287,0.6662903347153004,54.95374098605506,403.5914959125994,5.6067141589932845,-3.1375890315474817,-195.66388237133495,231.64632893397072,3.098717565699039,0.6338218297052683,49.26126538037098,294.9945483471497,4.022716310596918,-0.7556453297036394,-40.97431537025752,-205.4224119810767,54.95374098605506,hourly_window_mean_factor_top_available_analogs,2,-9.758529609741734,5.692475605684081,8.855606306736407e-13,-9.758529609741734,5.692475605684081,8.855606306736407e-13,195.66388237133495,-49.26126538037098,40.97431537025753,414.3046695799524,5.751904758603202,403.5914959125994,5.6067141589932845,198.99985701867345,2.6201819762642287,231.64632893397072,3.098717565699039,294.9945483471497,4.022716310596918,-32.64647191529727,-0.4785355894348102,-0.24874173031306723
experiment_2026_08_25_00_00_production_cap_H6_plotted,SEN_demand_OCC,2026-04-02,Maundy Thursday,H1,G,observance_tier,True,2026-04-02,19,True,True,4,False,2,8,4,pearson,PCR,,4,{},2026-04-01 10:00:00,2026-04-03,162.63571942298566,1.8696204388329714,271.432188,3.739,,14,24,4,4,4,4,0.07446706886353376,8914.889066194355,8545.59567589427,162.63571942298566,1.8696204388329714,-1.1031098289235715,-90.13770277330586,204.39065828898933,2.212625321406399,-1.1143780338602032,-94.30373099451052,138.2786717511502,1.6695342573318068,-1.0965367093772032,-87.7075196442698,288.4159278612134,3.1606112365953805,-3.1606112365953805,-288.4159278612134,71.80478333021885,0.8494695434496431,0.3041353212927688,25.5245951946456,151.60888921005895,1.7009427988191255,-0.9723502526660233,-90.13770277330245,-94.30373099451052,-87.7075196442698,hourly_window_mean_factor_top_available_analogs,4,194.11219686670287,-113.2321148389154,-3.398638096098837e-12,194.11219686670287,-113.2321148389154,-3.398638096098837e-12,288.4159278612134,-25.5245951946456,90.13770277330246,204.39065828898933,2.212625321406399,288.4159278612134,3.1606112365953805,138.2786717511502,1.6695342573318068,71.80478333021885,0.8494695434496431,151.60888921005895,1.7009427988191255,66.47388842093135,0.8200647138821637,0.1686776400138459
experiment_2026_08_25_00_00_production_cap_H6_plotted,SEN_demand_OCC,2026-04-03,Good Friday,H2,G,observance_tier,True,2026-04-03,19,True,True,4,False,2,8,4,pearson,PCR,,4,{},2026-04-02 10:00:00,2026-04-04,178.19558653314004,2.406439372947022,266.555062,3.619,,14,24,4,4,4,4,0.0821363831684984,7802.822222475556,7351.69168120511,178.19558653314004,2.406439372947022,-1.2791268247296046,-86.087323528189,157.2351775516465,1.8803838816659157,-0.9057378344350847,-72.7134703677538,190.4224917723446,2.7133050761943327,-1.4969370690680754,-93.8887378717762,145.16214569979334,1.7646086844344464,-1.114354084573969,-86.84650725209193,206.98343028140133,3.000810363142305,-1.4859824490571174,-85.64446635591044,184.2071675408089,2.545367639407831,-1.3490667358264836,-86.08732352818784,-72.7134703677538,-93.8887378717762,hourly_window_mean_factor_top_available_analogs,4,14.133036884338123,-8.244271515865762,-1.1727694838650917e-12,14.133036884338123,-8.244271515865762,-1.1727694838650917e-12,86.84650725209193,85.64446635591044,86.08732352818782,157.2351775516465,1.8803838816659157,145.16214569979334,1.7646086844344464,190.4224917723446,2.7133050761943327,206.98343028140133,3.000810363142305,184.2071675408089,2.545367639407831,-16.56093850905671,-0.2875052869479724,-0.1389282664608089
experiment_2026_08_25_00_00_production_cap_H6_plotted,SEN_demand_OCC,2026-04-04,Holy Saturday,H3,G,observance_tier,True,2026-04-04,19,True,True,4,False,2,8,4,pearson,PCR,,4,{},2026-04-03 10:00:00,2026-04-05,134.14787283562842,1.8960424842378372,232.383636,3.17,,14,24,4,4,4,4,0.06269023953578728,7436.912407615337,7513.558743623515,134.14787283562842,1.8960424842378372,-1.6268504511315012,-114.06865340480877,132.7724338053287,1.9729424819462054,-1.6280941560038014,-105.00505231559691,134.95021226996994,1.8511841522412897,-1.6261249566226599,-119.35575404018236,332.4446845817709,4.856364939444296,-2.4687025368726094,-141.55867347296802,258.0658389395286,3.6077646178053073,-1.475381722759687,-98.03280836505137,285.46857154456524,4.067775262619671,-1.8413420226960266,-114.06865340481014,-105.00505231559691,-119.35575404018236,hourly_window_mean_factor_top_available_analogs,4,36.553621157371126,-21.322945675130995,1.3642420526593924e-12,36.553621157371126,-21.322945675130995,1.3642420526593924e-12,141.55867347296805,98.03280836505137,114.06865340481014,132.7724338053287,1.9729424819462054,332.4446845817709,4.856364939444296,134.95021226996994,1.8511841522412897,258.0658389395286,3.6077646178053073,285.46857154456524,4.067775262619671,-123.11562666955865,-1.7565804655640176,-2.171732778381834
experiment_2026_08_25_00_00_production_cap_H6_plotted,SEN_demand_OCC,2026-05-01,Labor Day,H2,F,observance_tier,True,2026-05-01,19,True,True,4,False,2,8,4,pearson,PCR,,4,{},2026-04-30 10:00:00,2026-05-02,451.31522494234724,5.11830419897553,225.08507,3.063,,14,24,4,4,4,4,0.06929009302453996,10051.713244792776,9549.406588365197,451.31522494234724,5.11830419897553,-5.076083736696953,-446.91392400330386,105.58791792586076,0.9727247112043648,-0.8702511775644955,-94.84541652577263,652.9894873686311,7.536558900175375,-7.529486062857555,-652.2872200318637,221.6828972383255,2.0666588585486427,-0.9213652247705656,-93.39084924164685,720.5375397818616,8.441404004972728,-7.736913138347607,-653.1357176142677,536.7489872658218,6.092813687869118,-5.225921801766592,-446.91392400330216,-94.84541652577263,-652.2872200318637,hourly_window_mean_factor_top_available_analogs,4,-1.4545672841257848,0.8484975824039793,-1.723253119148706e-12,-1.4545672841257848,0.8484975824039793,-1.723253119148706e-12,93.39084924164685,653.1357176142677,446.91392400330216,105.58791792586076,0.9727247112043648,221.6828972383255,2.0666588585486427,652.9894873686311,7.536558900175375,720.5375397818616,8.441404004972728,536.7489872658218,6.092813687869118,-67.5480524132305,-0.9048451047973529,-0.9745094888935881
experiment_2026_08_25_00_00_production_cap_H6_plotted,SEN_demand_ORI,2025-01-01,New Year's Day,H3,H,observance_tier,True,2025-01-01,19,True,True,4,False,2,6,4,euclidian,PLS,standard,3,{},2024-12-31 10:00:00,2025-01-02,178.93193292079795,3.3912944344708724,244.187319,4.424,,14,24,4,4,4,4,0.10259513648973993,5111.478150566735,4796.221528371679,178.93193292079795,3.3912944344708724,3.3611586471469583,177.32228811747657,190.0427151364711,3.195692738561226,3.1138956015391726,185.67367924174167,172.4506432949886,3.5053954237515,3.5053954237515,172.4506432949886,207.73948851722974,3.4834493646955873,3.4165181073412327,204.16448483731236,161.66434003090376,3.2229160495702835,3.2229160495702835,161.66434003090376,178.6393947363923,3.3189020077743425,3.2942431234858964,177.32228811747535,185.67367924174167,172.4506432949886,hourly_window_mean_factor_top_available_analogs,4,-18.49080559557069,10.786303264084836,1.2206376260636668e-12,-18.49080559557069,10.786303264084836,1.2206376260636668e-12,-204.16448483731236,-161.66434003090376,-177.32228811747535,190.0427151364711,3.195692738561226,207.73948851722974,3.4834493646955873,172.4506432949886,3.5053954237515,161.66434003090376,3.2229160495702835,178.6393947363923,3.3189020077743425,10.786303264084836,0.2824793741812166,0.0723924266965299
experiment_2026_08_25_00_00_production_cap_H6_plotted,SEN_demand_ORI,2025-02-03,Constitution Day,H2,H,observance_tier,True,2025-02-03,19,True,True,4,False,2,6,4,pearson,RidgeReg,standard,2,{'alpha': 0.15968625072706677},2025-02-02 10:00:00,2025-02-04,145.2688160602803,2.629419144787941,233.254571,4.142,,14,24,4,4,4,4,0.08935509013892075,5294.018705131979,5231.342708516658,145.2688160602803,2.629419144787941,2.4892282344087433,138.01176776275761,175.24342281318397,3.0950379873614424,3.0950379873614424,175.24342281318397,127.78362878775317,2.357808153286732,2.1358392118530025,116.2933023166756,314.2416206904263,5.775681061440367,5.775681061440367,314.2416206904263,100.81247640926006,1.937550276416136,0.7369452828141734,35.21102022161771,179.44426640758448,3.3515984603724323,2.593321622308035,138.01176776275773,175.24342281318397,116.2933023166756,hourly_window_mean_factor_top_available_analogs,4,-138.99819787724235,81.08228209505789,-9.573628439715034e-14,-138.99819787724235,81.08228209505789,-9.573628439715034e-14,-314.2416206904263,-35.2110202216177,-138.0117677627577,175.24342281318397,3.0950379873614424,314.2416206904263,5.775681061440367,127.78362878775317,2.357808153286732,100.81247640926006,1.937550276416136,179.44426640758448,3.3515984603724323,26.971152378493116,0.420257876870596,-0.7221793155844911
experiment_2026_08_25_00_00_production_cap_H6_plotted,SEN_demand_ORI,2025-03-17,Benito Juarez's Birthday,H2,H,observance_tier,True,2025-03-17,19,True,True,4,False,2,6,4,pearson,RidgeReg,standard,2,{'alpha': 0.15968625072706677},2025-03-16 10:00:00,2025-03-18,396.7595699337267,6.6248714427183835,230.043899,4.076,,14,24,4,4,4,4,0.07282151782978381,6272.949065986359,6079.808774486156,396.7595699337267,6.6248714427183835,-6.6248714427183835,-396.7595699337267,427.18544641527586,6.874242688662657,-6.874242688662657,-427.18544641527586,379.01114198615636,6.479404882584222,-6.479404882584222,-379.01114198615636,331.25476841185446,5.340529014302419,-5.340529014302419,-331.25476841185446,434.97070415481926,7.566295696250886,-7.566295696250886,-434.97070415481926,396.759569933727,6.746276392375134,-6.746276392375134,-396.759569933727,-427.18544641527586,-379.01114198615636,hourly_window_mean_factor_top_available_analogs,4,-95.93067800342143,55.95956216866292,2.6327478209216345e-13,-95.93067800342143,55.95956216866292,2.6327478209216345e-13,331.25476841185446,434.97070415481926,396.759569933727,427.18544641527586,6.874242688662657,331.25476841185446,5.340529014302419,379.01114198615636,6.479404882584222,434.97070415481926,7.566295696250886,396.759569933727,6.746276392375134,-55.9595621686629,-1.0868908136666633,-0.12140494965675064
experiment_2026_08_25_00_00_production_cap_H6_plotted,SEN_demand_ORI,2025-04-17,Maundy Thursday,H1,G,observance_tier,True,2025-04-17,19,True,True,4,False,2,6,4,pearson,RidgeReg,standard,2,{'alpha': 0.15968625072706677},2025-04-16 10:00:00,2025-04-18,123.20528388836544,1.8181789613782622,236.035755,4.121,,14,24,4,4,4,4,0.06829625490657898,6623.267199785215,6443.547098820654,123.20528388836544,1.8181789613782622,0.632575104053135,46.42065021478631,61.10355648039539,0.8593735330522406,0.022645880133525642,-0.2412542958884712,159.43129154301462,2.3774821279017755,0.9883671513395739,73.64009451267994,120.246613105223,1.7725867407098874,-1.609116313721507,-108.82798351564576,279.4856681668213,4.191774019888141,1.8981257397064184,136.98235322420294,220.8186478809693,3.3004944959803635,0.6059839305487617,46.420650214785,-0.2412542958884712,73.64009451267994,hourly_window_mean_factor_top_available_analogs,4,108.58672921975729,-63.342258711522994,1.3163739104608172e-12,108.58672921975729,-63.342258711522994,1.3163739104608172e-12,108.82798351564576,-136.98235322420294,-46.420650214785,61.10355648039539,0.8593735330522406,120.246613105223,1.7725867407098874,159.43129154301462,2.3774821279017755,279.4856681668213,4.191774019888141,220.8186478809693,3.3004944959803635,-120.05437662380669,-1.814291891986365,-1.4823155346021013
experiment_2026_08_25_00_00_production_cap_H6_plotted,SEN_demand_ORI,2025-04-18,Good Friday,H2,G,observance_tier,True,2025-04-18,19,True,True,4,False,2,6,4,pearson,RidgeReg,,2,{'alpha': 0.08415909791545795},2025-04-17 10:00:00,2025-04-19,271.6973354404585,4.170154919100837,226.309927,3.85,,14,24,4,4,4,4,0.06700526317302265,6181.318132024384,5934.903753257701,271.6973354404585,4.170154919100837,4.145661102701221,270.2170345545626,180.8976632087302,2.5670122574390724,2.5005290414972556,176.8797036612984,324.6638109089667,5.105321471736868,5.105321471736868,324.6638109089667,208.4522894113941,2.970465231194162,2.970465231194162,208.4522894113941,306.24646922141227,4.716946586466189,4.716946586466189,306.24646922141227,270.21703455456344,4.073506087155443,4.073506087155443,270.21703455456344,176.8797036612984,324.6638109089667,hourly_window_mean_factor_top_available_analogs,4,-31.572585750095705,18.417341687554426,-8.855606306736407e-13,-31.572585750095705,18.417341687554426,-8.855606306736407e-13,-208.4522894113941,-306.24646922141227,-270.2170345545635,180.8976632087302,2.5670122574390724,208.4522894113941,2.970465231194162,324.6638109089667,5.105321471736868,306.24646922141227,4.716946586466189,270.21703455456344,4.073506087155443,18.417341687554426,0.38837488527067965,0.09664883194539442
experiment_2026_08_25_00_00_production_cap_H6_plotted,SEN_demand_ORI,2025-04-19,Holy Saturday,H3,G,observance_tier,True,2025-04-19,19,True,True,4,False,2,6,4,pearson,RidgeReg,standard,2,{'alpha': 0.15968625072706677},2025-04-18 10:00:00,2025-04-20,539.875886830185,8.186586479340411,225.863029,3.77,,14,24,4,4,4,4,0.06426949905761917,5907.523940881698,5709.385410025949,539.875886830185,8.186586479340411,8.063763803198281,532.9228643814592,180.34964572641476,2.6983353359782716,2.3649595007353432,161.47715622273108,749.5995274740508,11.388066312968327,11.388066312968327,749.5995274740508,206.0188796000232,3.052149756963737,2.412526687256249,169.65027271940562,744.8318761843251,11.210832706842874,11.210832706842874,744.8318761843251,546.3218248111614,8.205002146361087,7.969351541732012,532.9228643814602,161.47715622273108,749.5995274740508,hourly_window_mean_factor_top_available_analogs,4,-8.173116496674538,4.767651289725602,-7.658902751772027e-13,-8.173116496674538,4.767651289725602,-7.658902751772027e-13,-169.65027271940562,-744.8318761843252,-532.92286438146,180.34964572641476,2.6983353359782716,206.0188796000232,3.052149756963737,749.5995274740508,11.388066312968327,744.8318761843251,11.210832706842874,546.3218248111614,8.205002146361087,4.767651289725677,0.17723360612545314,-0.018415667020676096
experiment_2026_08_25_00_00_production_cap_H6_plotted,SEN_demand_ORI,2025-05-01,Labor Day,H2,F,observance_tier,True,2025-05-01,19,True,True,6,False,2,6,6,pearson,RidgeReg,standard,2,{'alpha': 0.4187665928224502},2025-04-30 10:00:00,2025-05-02,85.2799148833501,1.179324578363279,266.184928,4.388,,14,24,4,4,6,4,0.06960315485863976,7116.001428210803,6868.209667665782,85.2799148833501,1.179324578363279,0.1984837587607647,14.02766942077453,109.56441358755397,1.4457851606444312,0.6930724095299696,49.09799371201468,71.11395730589784,1.0238892386992735,-0.09002628752127147,-6.430019749115559,172.17164653076816,2.2838629933318533,2.1673493619552553,162.96525676864854,136.28807669812386,2.1116271147652506,-1.227044074119828,-72.85258986548335,149.50833926804543,2.1750824384476832,0.0235219286446764,14.027669420775773,49.09799371201468,-6.430019749115559,hourly_window_mean_factor_top_available_analogs,4,-113.86726305663387,66.4225701163678,-1.2445716971629545e-12,-113.86726305663387,66.4225701163678,-1.2445716971629545e-12,-162.96525676864854,72.85258986548335,-14.027669420775775,109.56441358755397,1.4457851606444312,172.17164653076816,2.2838629933318533,71.11395730589784,1.0238892386992735,136.28807669812386,2.1116271147652506,149.50833926804543,2.1750824384476832,-65.17411939222602,-1.087737876065977,-0.9957578600844041
experiment_2026_08_25_00_00_production_cap_H6_plotted,SEN_demand_ORI,2025-09-16,Independence Day,H2,H,observance_tier,True,2025-09-16,19,True,True,6,False,2,6,6,pearson,RidgeReg,standard,2,{'alpha': 0.37457406606396276},2025-09-15 10:00:00,2025-09-17,665.3980465688817,10.40482296681156,257.487895,4.249,,14,24,4,4,6,4,0.08564616015342955,5839.993618694277,5475.187600628076,665.3980465688817,10.40482296681156,10.40482296681156,665.3980465688817,595.8992046208106,8.44512369401518,8.44512369401518,595.8992046208106,705.9390377052569,11.547980875942782,11.547980875942782,705.9390377052569,783.9225949297933,11.102947238642232,11.102947238642232,783.9225949297933,596.2587266916822,9.62268557324068,9.62268557324068,596.2587266916822,665.398046568881,10.168045134178094,10.168045134178094,665.398046568881,595.8992046208106,705.9390377052569,hourly_window_mean_factor_top_available_analogs,4,-188.0233903089826,109.68031101357458,8.855606306736407e-13,-188.0233903089826,109.68031101357458,8.855606306736407e-13,-783.9225949297931,-596.2587266916822,-665.3980465688808,595.8992046208106,8.44512369401518,783.9225949297933,11.102947238642232,705.9390377052569,11.547980875942782,596.2587266916822,9.62268557324068,665.398046568881,10.168045134178094,109.68031101357462,1.9252953027021018,0.2367778326334662
experiment_2026_08_25_00_00_production_cap_H6_plotted,SEN_demand_ORI,2025-11-17,Mexican Revolution Day,H2,F,observance_tier,True,2025-11-17,19,True,True,4,False,2,6,4,pearson,RidgeReg,,2,{'alpha': 0.08415909791545795},2025-11-16 10:00:00,2025-11-18,97.49249357120968,1.5605342329168306,252.969811,4.103,,14,24,4,4,4,4,0.07683060361336423,6053.1239766708795,5974.170675964666,97.49249357120968,1.5605342329168306,1.4855441151373294,93.55984069754085,132.6194149756102,2.0671024061244245,2.0671024061244245,132.6194149756102,77.00178941864272,1.2650361318790677,1.146301778728191,70.77508903533374,126.3568532743343,1.9773761072984453,1.9773761072984453,126.3568532743343,111.56781153937573,1.7956935352129977,1.1044912182691475,74.42825002774589,117.01640586278151,1.8626292196655307,1.42608038791152,93.55984069754162,132.6194149756102,70.77508903533374,hourly_window_mean_factor_top_available_analogs,4,6.262561701275899,-3.653160992412154,-7.658902751772027e-13,6.262561701275899,-3.653160992412154,-7.658902751772027e-13,-126.3568532743343,-74.42825002774589,-93.55984069754162,132.6194149756102,2.0671024061244245,126.3568532743343,1.9773761072984453,77.00178941864272,1.2650361318790677,111.56781153937573,1.7956935352129977,117.01640586278151,1.8626292196655307,-34.56602212073301,-0.53065740333393,-0.30209498674870017
experiment_2026_08_25_00_00_production_cap_H6_plotted,SEN_demand_ORI,2025-12-24,Christmas Eve,H1,G,observance_tier,True,2025-12-24,19,True,True,4,False,2,6,4,pearson,RidgeReg,,2,{'alpha': 0.08415909791545795},2025-12-23 10:00:00,2025-12-25,236.99637120201996,4.026377298596648,238.355406,3.854,,14,24,4,4,4,4,0.06853156308392454,5867.1892399703565,5662.650229234641,236.99637120201996,4.026377298596648,2.3146219643563466,131.18925845069523,95.77749592137752,1.5227148093503515,0.9966693984036088,60.60516733984319,319.3740484490614,5.48684708399032,3.0834276278287778,172.36331159869226,68.40033698241776,1.0778632503853085,0.4137426285298292,27.299582715824922,238.08367350413457,4.11289749859063,3.349989832043088,191.79156929603735,175.5687600487652,2.9947269860939327,2.268214546538203,131.18925845069595,60.60516733984319,172.36331159869226,hourly_window_mean_factor_top_available_analogs,4,33.305584624018266,-19.42825769734509,-6.9408806187934e-13,33.305584624018266,-19.42825769734509,-6.9408806187934e-13,-27.299582715824926,-191.79156929603735,-131.18925845069592,95.77749592137752,1.5227148093503515,68.40033698241776,1.0778632503853085,319.3740484490614,5.48684708399032,238.08367350413457,4.11289749859063,175.5687600487652,2.9947269860939327,81.29037494492681,1.3739495853996893,1.0316503125027152
experiment_2026_08_25_00_00_production_cap_H6_plotted,SEN_demand_ORI,2025-12-25,Christmas Day,H2,H,observance_tier,True,2025-12-25,19,True,True,4,False,2,6,4,pearson,RidgeReg,standard,2,{'alpha': 0.28589870135171025},2025-12-24 10:00:00,2025-12-26,72.34408636892026,1.268693747812015,227.633011,3.678,,14,24,4,4,4,4,0.1060617114890309,5470.936225365146,5182.627275549125,72.34408636892026,1.268693747812015,0.555519294527094,31.021724634855865,86.66042193643405,1.4656535880645036,-0.1535521821380799,-8.409032192604952,63.99289062120389,1.15380050766473,0.969144322581779,54.02299945087467,110.07856041003515,1.844816751115917,-1.7005200047719558,-101.33042263393905,119.78006216751044,2.319958775447455,2.119990819658245,108.22714387498281,116.20582467791428,2.1449064506937305,0.7124342001313289,31.02172463485371,-8.409032192604952,54.02299945087467,hourly_window_mean_factor_top_available_analogs,4,92.9213904413341,-54.204144424108144,2.1540663989358825e-12,92.9213904413341,-54.204144424108144,2.1540663989358825e-12,101.33042263393905,-108.22714387498281,-31.02172463485371,86.66042193643405,1.4656535880645036,110.07856041003515,1.844816751115917,63.99289062120389,1.15380050766473,119.78006216751044,2.319958775447455,116.20582467791428,2.1449064506937305,-55.787171546306546,-1.166158267782725,-0.8762127028817155
experiment_2026_08_25_00_00_production_cap_H6_plotted,SEN_demand_ORI,2025-12-31,New Year's Eve,H1,G,observance_tier,True,2025-12-31,19,True,True,4,False,2,7,4,pearson,RidgeReg,standard,2,{'alpha': 0.0666419066782995},2025-12-30 10:00:00,2026-01-01,137.16746609412064,2.609803618967294,210.94799,3.506,,14,24,4,4,4,4,0.06764641149747684,5297.1718588208005,5047.565298974473,137.16746609412064,2.609803618967294,-0.4554957317370326,-28.436603820800762,132.96001784307686,2.3526912596708347,-2.3526912596708347,-132.96001784307686,139.6218109072295,2.7597858285568955,0.6512016595576853,32.535387692193616,58.64219638480953,1.0674552386195608,-1.0214638896731973,-55.85980173382443,124.84406327791346,2.5082190937461384,-0.3188969680944156,-12.439738371536578,100.45390179098044,1.9774113576468728,-0.5777374128865983,-28.436603820800524,-132.96001784307686,32.535387692193616,hourly_window_mean_factor_top_available_analogs,4,-77.10021610925241,44.975126063730194,-2.3934071099287584e-13,-77.10021610925241,44.975126063730194,-2.3934071099287584e-13,55.85980173382444,12.439738371536578,28.436603820800524,132.96001784307686,2.3526912596708347,58.64219638480953,1.0674552386195608,139.6218109072295,2.7597858285568955,124.84406327791346,2.5082190937461384,100.45390179098044,1.9774113576468728,14.777747629316039,0.2515667348107571,0.6323922613204214
experiment_2026_08_25_00_00_production_cap_H6_plotted,SEN_demand_ORI,2026-01-01,New Year's Day,H3,H,observance_tier,True,2026-01-01,19,True,True,4,False,2,6,4,pearson,RidgeReg,standard,2,{'alpha': 0.28589870135171025},2025-12-31 10:00:00,2026-01-02,133.0566845685423,2.7320289475563837,210.25472,3.485,,14,24,4,4,4,4,0.08553902596907362,4794.072814900604,4562.782925729055,133.0566845685423,2.7320289475563837,1.6378265982680134,74.63987720465958,188.43023568242648,3.6251746866027417,2.487711937980848,126.77539937674133,100.75544641877649,2.211027266446009,1.1420601501021936,44.22748927094523,438.9367724248274,8.361812695462481,8.336092895530957,437.5538405748958,248.6112585775827,5.567142689799273,-3.146247011200302,-137.05993476131178,318.73118473183075,6.596757955043612,1.0840887439112143,74.63987720465944,126.77539937674133,44.22748927094523,hourly_window_mean_factor_top_available_analogs,4,-310.77844119815444,181.287424032257,1.436044265957255e-13,-310.77844119815444,181.287424032257,1.436044265957255e-13,-437.5538405748958,137.05993476131178,-74.63987720465944,188.43023568242648,3.6251746866027417,438.9367724248274,8.361812695462481,100.75544641877649,2.211027266446009,248.6112585775827,5.567142689799273,318.73118473183075,6.596757955043612,-147.8558121588062,-3.3561154233532644,-3.8647290074872287
experiment_2026_08_25_00_00_production_cap_H6_plotted,SEN_demand_ORI,2026-02-02,Constitution Day,H2,H,observance_tier,True,2026-02-02,19,True,True,4,False,2,6,4,pearson,RidgeReg,standard,2,{'alpha': 0.28589870135171025},2026-02-01 10:00:00,2026-02-03,152.98456901179208,2.963324244057261,215.483807,3.59,,14,24,4,4,4,4,0.08907970586354434,5315.663060981297,5255.803727656141,152.98456901179208,2.963324244057261,-2.7723615942850244,-143.34224861287692,60.752393478623745,1.0870106763787075,-0.5686834841397789,-34.58038096728257,206.78667140614027,4.05784049186975,-4.05784049186975,-206.78667140614027,148.28821151258185,2.7604298313803435,0.6992137256399598,28.284109029300257,243.4576239041459,4.640771415057297,-4.640771415057297,-243.4576239041459,208.39520881251704,3.9480139894921034,-2.6734084684846238,-143.34224861287626,-34.58038096728257,-206.78667140614027,hourly_window_mean_factor_top_available_analogs,4,-62.86448999658283,36.670952498005626,-6.462199196807648e-13,-62.86448999658283,36.670952498005626,-6.462199196807648e-13,-28.28410902930026,243.4576239041459,143.34224861287626,60.752393478623745,1.0870106763787075,148.28821151258185,2.7604298313803435,206.78667140614027,4.05784049186975,243.4576239041459,4.640771415057297,208.39520881251704,3.9480139894921034,-36.67095249800562,-0.582930923187547,-0.9846897454348422
experiment_2026_08_25_00_00_production_cap_H6_plotted,SEN_demand_ORI,2026-03-16,Benito Juarez's Birthday,H2,H,observance_tier,True,2026-03-16,19,True,True,4,False,2,6,4,pearson,RidgeReg,standard,2,{'alpha': 0.28589870135171025},2026-03-15 10:00:00,2026-03-17,260.2887881656587,4.193317591911573,208.28735,3.468,,14,24,4,4,4,4,0.08586590404874164,6107.20787182094,5845.97859754026,260.2887881656587,4.193317591911573,3.111586294629776,195.07272291590118,217.4261765006698,3.231777007722889,0.6815869867536838,66.12033655503592,285.29197830356884,4.754216266021637,4.52908589089083,270.2949482930726,314.77224528027546,4.754603934082615,-0.19661576862140442,20.017590067849856,316.01991362474223,5.239271364880068,4.946721291089692,297.18821707726494,315.5602463399387,5.0607096798494275,3.05180763751192,195.0727229159015,66.12033655503592,270.2949482930726,hourly_window_mean_factor_top_available_analogs,4,46.10274648718606,-26.89326878419236,-3.111429242907386e-13,46.10274648718606,-26.89326878419236,-3.111429242907386e-13,-20.01759006784986,-297.18821707726494,-195.0727229159015,217.4261765006698,3.231777007722889,314.77224528027546,4.754603934082615,285.29197830356884,4.754216266021637,316.01991362474223,5.239271364880068,315.5602463399387,5.0607096798494275,-30.72793532117339,-0.4850550988584308,-0.8673920879378549
experiment_2026_08_25_00_00_production_cap_H6_plotted,SEN_demand_ORI,2026-04-02,Maundy Thursday,H1,G,observance_tier,True,2026-04-02,19,True,True,4,False,2,8,4,pearson,PCR,,4,{},2026-04-01 10:00:00,2026-04-03,201.66029152201415,3.2914252715750023,224.543778,3.778,,14,24,4,4,4,4,0.06589355764082871,6414.3485209848795,6250.238119785669,201.66029152201415,3.2914252715750023,-2.1926518232754626,-127.2144159848806,165.77178518353094,2.5124658704519534,-2.5124658704519534,-165.77178518353094,222.59525355279604,3.745818255563448,-2.006093629089177,-104.72261728566791,167.53247788186238,2.542067323699912,-2.542067323699912,-167.53247788186238,223.9718949835998,3.780882016502541,-1.9918659971411532,-103.69554654497294,203.17842552506497,3.324476603364731,-2.1945717490312218,-127.21441598487957,-165.77178518353094,-104.72261728566791,hourly_window_mean_factor_top_available_analogs,4,1.7606926983314355,-1.0270707406949668,-1.0291650572693661e-12,1.7606926983314355,-1.0270707406949668,-1.0291650572693661e-12,167.53247788186238,103.69554654497294,127.21441598487958,165.77178518353094,2.5124658704519534,167.53247788186238,2.542067323699912,222.59525355279604,3.745818255563448,223.9718949835998,3.780882016502541,203.17842552506497,3.324476603364731,-1.3766414308037724,-0.035063760939093136,-0.03305133178972852
experiment_2026_08_25_00_00_production_cap_H6_plotted,SEN_demand_ORI,2026-04-03,Good Friday,H2,G,observance_tier,True,2026-04-03,19,True,True,4,False,2,8,4,pearson,PCR,,4,{},2026-04-02 10:00:00,2026-04-04,737.1488270370194,11.729617364328881,228.327036,3.819,,14,24,4,4,4,4,0.06692986388939562,5460.03462183598,5163.129116039348,737.1488270370194,11.729617364328881,11.708441894937785,735.9539155324409,533.335415882222,7.892932313387364,7.83545603932582,530.0920846555089,856.0399835439845,13.967683644044763,13.967683644044763,856.0399835439845,686.4814427538697,10.364704559992438,10.364704559992438,686.4814427538697,764.8128579866078,12.42900921727202,12.42900921727202,764.8128579866078,735.9539155324411,11.66847592248481,11.66847592248481,735.9539155324411,530.0920846555089,856.0399835439845,hourly_window_mean_factor_top_available_analogs,4,-156.3893580983609,91.22712555737674,-2.87208853191451e-13,-156.3893580983609,91.22712555737674,-2.87208853191451e-13,-686.4814427538697,-764.8128579866077,-735.9539155324412,533.335415882222,7.892932313387364,686.4814427538697,10.364704559992438,856.0399835439845,13.967683644044763,764.8128579866078,12.42900921727202,735.9539155324411,11.66847592248481,91.22712555737667,1.5386744267727437,0.061141441844071664
experiment_2026_08_25_00_00_production_cap_H6_plotted,SEN_demand_ORI,2026-04-04,Holy Saturday,H3,G,observance_tier,True,2026-04-04,19,True,True,4,False,2,8,4,pearson,PCR,,4,{},2026-04-03 10:00:00,2026-04-05,586.6517273328473,9.207434351620797,256.229812,4.233,,14,24,4,4,4,4,0.07163412499998027,5777.631619883222,5528.910474479661,586.6517273328473,9.207434351620797,7.7265996378160295,503.83159222204114,207.10609901143314,3.39671460549635,-0.6226939034023066,-17.691410575040727,808.0533438536722,12.59702087019339,12.59702087019339,808.0533438536722,242.97357750071666,3.8765590941123165,0.41077674468175307,50.29616356697683,768.3939256041622,11.903297012890889,11.903297012890889,768.3939256041622,574.8180078818401,8.946077779656676,7.669210598287523,503.83159222204125,-17.691410575040727,808.0533438536722,hourly_window_mean_factor_top_available_analogs,4,-67.98757414201756,39.659418249509976,-1.6753849769501309e-13,-67.98757414201756,39.659418249509976,-1.6753849769501309e-13,-50.29616356697684,-768.3939256041623,-503.8315922220413,207.10609901143314,3.39671460549635,242.97357750071666,3.8765590941123165,808.0533438536722,12.59702087019339,768.3939256041622,11.903297012890889,574.8180078818401,8.946077779656676,39.659418249510054,0.6937238573025013,0.26135657196412154
experiment_2026_08_25_00_00_production_cap_H6_plotted,SEN_demand_ORI,2026-05-01,Labor Day,H2,F,observance_tier,True,2026-05-01,19,True,True,4,False,2,8,4,pearson,RidgeReg,,2,{'alpha': 0.11100278627777148},2026-04-30 10:00:00,2026-05-02,155.72030662899164,2.161510588109336,250.793401,4.068,,14,24,4,4,4,4,0.07201219661999896,7645.370912269176,7367.887531810159,155.72030662899164,2.161510588109336,-2.1392586966764555,-153.96883884812124,109.55420488984866,1.3510918183882565,-1.290693827356152,-104.80022091320039,182.65053264349172,2.634254870446633,-2.634254870446633,-182.65053264349172,77.8534833469652,0.9597651831718699,-0.30484184322416036,-24.927612798787,229.24288737690338,3.385683199697066,-3.385683199697066,-229.24288737690338,173.46784378692618,2.491923930450941,-2.2506363841544172,-153.96883884812368,-104.80022091320039,-182.65053264349172,hourly_window_mean_factor_top_available_analogs,4,-79.8726081144134,46.592354733411675,2.4412752521273336e-12,-79.8726081144134,46.592354733411675,2.4412752521273336e-12,24.927612798786996,229.24288737690338,153.96883884812368,109.55420488984866,1.3510918183882565,77.8534833469652,0.9597651831718699,182.65053264349172,2.634254870446633,229.24288737690338,3.385683199697066,173.46784378692618,2.491923930450941,-46.59235473341167,-0.7514283292504333,-0.3304133423416049
experiment_2026_08_25_00_00_production_cap_H6_plotted,SEN_demand_PEN,2025-01-01,New Year's Day,H3,H,observance_tier,True,2025-01-01,19,True,True,4,False,2,6,4,pearson,PCR,,3,{},2024-12-31 10:00:00,2025-01-02,46.20261003702897,2.9739354436250998,97.635954,6.439,,14,24,4,4,4,4,0.07119776953480543,1537.760590102065,1452.5950991175039,46.20261003702897,2.9739354436250998,2.7800924272019936,43.12138331898778,36.62748644479968,2.0642228840956585,1.5380775538043694,28.26415678154503,51.788098799162725,3.504601103350607,3.504601103350607,51.788098799162725,80.65120794917082,4.733226407658189,4.568093815411399,77.97326229490822,36.116956657174846,2.4018953274547026,1.466340859193753,22.79112058303403,52.524312396331254,3.2608067780559873,2.60909194832657,43.12138331898768,28.26415678154503,51.788098799162725,hourly_window_mean_factor_top_available_analogs,4,-49.709105513363205,28.996978216128696,1.0171980217197224e-13,-49.709105513363205,28.996978216128696,1.0171980217197224e-13,-77.97326229490824,-22.79112058303403,-43.12138331898768,36.62748644479968,2.0642228840956585,80.65120794917082,4.733226407658189,51.788098799162725,3.504601103350607,36.116956657174846,2.4018953274547026,52.524312396331254,3.2608067780559873,15.671142141987879,1.1027057758959042,-0.2868713344308875
experiment_2026_08_25_00_00_production_cap_H6_plotted,SEN_demand_PEN,2025-02-03,Constitution Day,H2,H,observance_tier,True,2025-02-03,19,True,True,3,False,2,6,3,pearson,RidgeReg,,2,{'alpha': 0.0019723067478103875},2025-02-02 10:00:00,2025-02-04,118.20187052457402,6.930894225826734,101.318189,6.671,,14,24,3,4,3,3,0.06975846781557536,1527.2190749855754,1505.6955574076726,118.20187052457402,6.930894225826734,6.3345417997747075,109.66910817231957,98.8485348369964,5.707726893458099,4.089056022745455,75.68817988087717,129.49131634232762,7.64440850304177,7.64440850304177,129.49131634232762,93.44023359779814,5.313219796260172,5.258322053280895,92.6549574240775,119.59402944212711,7.0780893679663786,7.0780893679663786,119.59402944212711,109.95842044684798,6.427874262600934,6.407648778345411,109.66910817231933,75.68817988087717,129.49131634232762,hourly_window_mean_factor_top_available_analogs,3,-16.966777543200333,9.897286900200518,2.0343960434394448e-13,-16.966777543200333,9.897286900200518,2.0343960434394448e-13,-92.65495742407751,-119.59402944212711,-109.66910817231937,98.8485348369964,5.707726893458099,93.44023359779814,5.313219796260172,129.49131634232762,7.64440850304177,119.59402944212711,7.0780893679663786,109.95842044684798,6.427874262600934,9.897286900200513,0.5663191350753918,0.5030199632257997
experiment_2026_08_25_00_00_production_cap_H6_plotted,SEN_demand_PEN,2025-03-17,Benito Juarez's Birthday,H2,H,observance_tier,True,2025-03-17,19,True,True,3,False,2,6,3,pearson,RidgeReg,,2,{'alpha': 0.0019723067478103875},2025-03-16 10:00:00,2025-03-18,205.10474143003287,11.716163086796605,103.726237,6.796,,14,24,3,4,3,3,0.07756581849425043,1975.1674583306847,1928.3974753706552,205.10474143003287,11.716163086796605,-9.512298848707077,-156.20584306752687,157.42062886662384,8.108160758620745,-3.8651251237260995,-62.560672690735146,232.92047375868813,13.82083111156586,-12.806483521612648,-210.8321924539887,38.229821238542335,1.870841164098768,0.4231079484085756,12.141601479324859,256.8635834693744,15.412911559363792,-15.300997710718702,-254.40851905319028,176.31430264748892,10.42372772952931,-9.507906152092863,-156.20584306752679,-62.560672690735146,-210.8321924539887,hourly_window_mean_factor_top_available_analogs,3,-74.70227417006001,43.576326599201565,-6.581869552304086e-14,-74.70227417006001,43.576326599201565,-6.581869552304086e-14,-12.141601479324862,254.40851905319028,156.2058430675268,157.42062886662384,8.108160758620745,38.229821238542335,1.870841164098768,232.92047375868813,13.82083111156586,256.8635834693744,15.412911559363792,176.31430264748892,10.42372772952931,-23.943109710686286,-1.5920804477979313,1.292435357267296
experiment_2026_08_25_00_00_production_cap_H6_plotted,SEN_demand_PEN,2025-04-17,Maundy Thursday,H1,G,observance_tier,True,2025-04-17,19,True,True,6,False,2,6,6,pearson,RidgeReg,standard,2,{'alpha': 0.8172237579698945},2025-04-16 10:00:00,2025-04-18,96.25980095766965,5.1765286069720915,96.342319,6.079,,14,24,4,4,6,4,0.07384558945096037,1726.0870108090257,1647.200275411177,96.25980095766965,5.1765286069720915,4.7826399160362225,89.35373129623741,31.461418651136064,1.622174388597307,1.0091527258025086,20.8562306518051,134.05885730314762,7.249901901024049,6.983840777005891,129.3106066721563,61.765659009700585,3.2770318951047197,0.7420976561138034,18.553165780852787,135.2016380281942,7.145205692215963,6.855214310735563,130.6540611802118,108.14627733717025,5.720089030122346,4.603013437980177,89.35373129623744,20.8562306518051,129.3106066721563,hourly_window_mean_factor_top_available_analogs,4,2.303064870952312,-1.343454508055525,-5.983517774821896e-15,2.303064870952312,-1.343454508055525,-5.983517774821896e-15,-18.553165780852787,-130.6540611802118,-89.35373129623741,31.461418651136064,1.622174388597307,61.765659009700585,3.2770318951047197,134.05885730314762,7.249901901024049,135.2016380281942,7.145205692215963,108.14627733717025,5.720089030122346,-1.1427807250465776,0.10469620880808606,-0.5435604231502547
experiment_2026_08_25_00_00_production_cap_H6_plotted,SEN_demand_PEN,2025-04-18,Good Friday,H2,G,observance_tier,True,2025-04-18,19,True,True,3,False,2,6,3,pearson,RidgeReg,,2,{'alpha': 0.0019723067478103875},2025-04-17 10:00:00,2025-04-19,60.49810883534122,3.2519621567380894,113.012214,7.061,,14,24,3,4,3,3,0.07090318990276126,1756.1935273675392,1713.7288136898758,60.49810883534122,3.2519621567380894,2.265043614830099,44.96978868509204,31.362778121980828,1.6333871410581582,1.1686015804050545,23.690979899322706,77.49371841813478,4.196130915884716,2.9046348015780423,57.382427143457484,50.5298190888489,2.6730172564261205,1.280589880032688,27.630363024020117,80.66867127909137,4.245535581913647,2.589365462789374,55.084453654051174,69.56488363005467,3.666186725155085,2.1071849849316475,44.96978868509236,23.690979899322706,57.382427143457484,hourly_window_mean_factor_top_available_analogs,3,-3.9393831246974123,2.297973489406312,-3.231099598403824e-13,-3.9393831246974123,2.297973489406312,-3.231099598403824e-13,-27.630363024020117,-55.084453654051174,-44.96978868509236,31.362778121980828,1.6333871410581582,50.5298190888489,2.6730172564261205,77.49371841813478,4.196130915884716,80.66867127909137,4.245535581913647,69.56488363005467,3.666186725155085,-3.1749528609565942,-0.049404666028931565,-0.4142245684169956
experiment_2026_08_25_00_00_production_cap_H6_plotted,SEN_demand_PEN,2025-04-19,Holy Saturday,H3,G,observance_tier,True,2025-04-19,19,True,True,3,False,2,6,3,pearson,RidgeReg,,2,{'alpha': 0.0019723067478103875},2025-04-18 10:00:00,2025-04-20,155.87549654308364,8.419551092463436,112.51766,6.928,,14,24,3,4,3,3,0.07255407985675688,1680.581234831451,1639.8530465745619,155.87549654308364,8.419551092463436,8.015797673944736,149.6298309580227,93.22855331619073,4.778867433746028,3.6829652977666996,76.27603244245385,192.41954675877116,10.543283226715255,10.543283226715255,192.41954675877116,114.08077686230445,6.1395673722145405,1.3848765905177582,39.456487950817746,213.89761437889229,11.348301296185355,11.348301296185355,213.89761437889229,177.1229900306757,9.42929406103821,7.677565878307818,149.62983095802272,76.27603244245385,192.41954675877116,hourly_window_mean_factor_top_available_analogs,3,36.819544491636115,-21.478067620121095,-1.7950553324465688e-14,36.819544491636115,-21.478067620121095,-1.7950553324465688e-14,-39.45648795081774,-213.89761437889226,-149.62983095802272,93.22855331619073,4.778867433746028,114.08077686230445,6.1395673722145405,192.41954675877116,10.543283226715255,213.89761437889229,11.348301296185355,177.1229900306757,9.42929406103821,-21.478067620121124,-0.8050180694700995,-1.0097429685747734
experiment_2026_08_25_00_00_production_cap_H6_plotted,SEN_demand_PEN,2025-05-01,Labor Day,H2,F,observance_tier,True,2025-05-01,19,True,True,3,False,2,6,3,pearson,RidgeReg,,2,{'alpha': 0.0019723067478103875},2025-04-30 10:00:00,2025-05-02,52.946274393690686,2.5533499522866023,108.943764,6.466,,14,24,3,4,3,3,0.07069443719244094,2077.9905929096567,2047.1610154147186,52.946274393690686,2.5533499522866023,-0.5027997270208722,-6.826957120182825,47.52254924069879,2.125053749705208,1.5037042296822871,35.31479281330717,56.11011406626929,2.8031894037924148,-1.6732603684310483,-31.409644581385322,65.76145542223342,2.973354863583531,1.5467590069259056,37.86275687925898,57.38770393898738,3.020119910445248,-1.9580675056450854,-32.89595695319081,60.47277027492013,3.002890682654089,-0.6668156325926151,-6.826957120182993,35.31479281330717,-31.409644581385322,hourly_window_mean_factor_top_available_analogs,3,-2.547964065951809,1.486312371805487,1.6753849769501309e-13,-2.547964065951809,1.486312371805487,1.6753849769501309e-13,-37.86275687925898,32.89595695319081,6.826957120182993,47.52254924069879,2.125053749705208,65.76145542223342,2.973354863583531,56.11011406626929,2.8031894037924148,57.38770393898738,3.020119910445248,60.47277027492013,3.002890682654089,-1.2775898727180888,-0.2169305066528331,-0.44954073036748676
experiment_2026_08_25_00_00_production_cap_H6_plotted,SEN_demand_PEN,2025-09-16,Independence Day,H2,H,observance_tier,True,2025-09-16,19,True,True,3,False,2,6,3,pearson,RidgeReg,,2,{'alpha': 0.0019723067478103875},2025-09-15 10:00:00,2025-09-17,132.989325217086,6.7377510887760055,108.204574,6.417,,14,24,3,4,3,3,0.08317139677577494,1801.2069171513347,1748.6588713317378,132.989325217086,6.7377510887760055,6.7377510887760055,132.989325217086,195.874845729355,9.52027868932802,9.52027868932802,195.874845729355,96.30610491826239,5.114609988453996,5.114609988453996,96.30610491826239,240.52913573838092,11.604822998538856,11.604822998538856,240.52913573838092,73.84094829135556,3.799961610305868,3.5692048995842622,70.2577690796646,135.25238577183856,6.675436858602233,6.529695778146482,132.9893252170864,195.874845729355,96.30610491826239,hourly_window_mean_factor_top_available_analogs,3,-44.6542900090259,26.04833583859779,-4.1286272646271087e-13,-44.6542900090259,26.04833583859779,-4.1286272646271087e-13,-240.5291357383809,-70.2577690796646,-132.98932521708642,195.874845729355,9.52027868932802,240.52913573838092,11.604822998538856,96.30610491826239,5.114609988453996,73.84094829135556,3.799961610305868,135.25238577183856,6.675436858602233,22.465156626906833,1.3146483781481275,0.062314230173772245
experiment_2026_08_25_00_00_production_cap_H6_plotted,SEN_demand_PEN,2025-11-17,Mexican Revolution Day,H2,F,observance_tier,True,2025-11-17,19,True,True,3,False,2,6,3,pearson,RidgeReg,,2,{'alpha': 0.0019723067478103875},2025-11-16 10:00:00,2025-11-18,81.7166826446391,4.833557631413032,94.152323,5.427,,14,24,3,4,3,3,0.08691915379228889,1560.5842906168702,1559.6049921498186,81.7166826446391,4.833557631413032,4.730451682145834,80.25692596207692,84.65715254986223,4.9262027145030265,4.752450811498835,82.2494220110403,80.00140853325892,4.779514666277201,4.717618856689914,79.09463660018162,90.80535824956995,5.277778375979514,5.039117032282505,87.50480111478173,77.22110799088878,4.601924277883015,4.5204373529666375,76.02899878966612,82.22583177040288,4.850923156129094,4.7115298663987994,80.2569259620771,82.2494220110403,79.09463660018162,hourly_window_mean_factor_top_available_analogs,3,-5.255379103741445,3.065637810515502,-2.1540663989358825e-13,-5.255379103741445,3.065637810515502,-2.1540663989358825e-13,-87.50480111478174,-76.02899878966612,-80.25692596207713,84.65715254986223,4.9262027145030265,90.80535824956995,5.277778375979514,80.00140853325892,4.779514666277201,77.22110799088878,4.601924277883015,82.22583177040288,4.850923156129094,2.780300542370142,0.1775903883941865,-0.017365524716062453
experiment_2026_08_25_00_00_production_cap_H6_plotted,SEN_demand_PEN,2025-12-24,Christmas Eve,H1,G,observance_tier,True,2025-12-24,19,True,True,3,False,2,6,3,pearson,RidgeReg,,2,{'alpha': 0.0019723067478103875},2025-12-23 10:00:00,2025-12-25,37.18592573182213,2.2037880388819078,94.878156,5.446,,14,24,3,4,3,3,0.06795920545042504,1746.6533344426123,1700.5751535477466,37.18592573182213,2.2037880388819078,-1.0329206966643165,-16.534228653138573,33.9179755423476,1.9487502450573468,-0.9192827373020738,-14.110798119524832,39.092230009015616,2.3525600852795687,-1.099209506292291,-17.947896464413258,23.67626130903844,1.3524205628648212,-0.7484712383369809,-12.032250327769427,41.38411435643738,2.515489550396966,-1.121962561038636,-19.160382676270626,34.86016849686935,2.086990449727228,-0.9843604947801314,-16.534228653138605,-14.110798119524832,-17.947896464413258,hourly_window_mean_factor_top_available_analogs,3,-2.0785477917554056,1.2124862118573674,2.991758887410948e-14,-2.0785477917554056,1.2124862118573674,2.991758887410948e-14,12.032250327769425,19.160382676270626,16.5342286531386,33.9179755423476,1.9487502450573468,23.67626130903844,1.3524205628648212,39.092230009015616,2.3525600852795687,41.38411435643738,2.515489550396966,34.86016849686935,2.086990449727228,-2.291884347421764,-0.16292946511739714,0.11679758915467975
experiment_2026_08_25_00_00_production_cap_H6_plotted,SEN_demand_PEN,2025-12-25,Christmas Day,H2,H,observance_tier,True,2025-12-25,19,True,True,5,False,2,6,5,pearson,PLS,standard,2,{},2025-12-24 10:00:00,2025-12-26,148.16133616650762,10.008845160721837,82.965902,4.745,,14,24,4,4,5,4,0.0772613265093585,1708.3278640612446,1650.3410289801907,148.16133616650762,10.008845160721837,-10.008845160721837,-148.16133616650762,92.0097163430509,5.421585893159834,-5.421585893159834,-92.0097163430509,180.9164477301907,12.684746400133006,-12.684746400133006,-180.9164477301907,108.70139353659752,6.301776281355094,-6.301776281355094,-108.70139353659752,171.17963603395538,11.946750633843408,-11.946750633843408,-171.17963603395538,148.16133616650774,9.867023240821396,-9.867023240821396,-148.16133616650774,-92.0097163430509,-180.9164477301907,hourly_window_mean_factor_top_available_analogs,4,16.69167719354662,-9.73681169623533,1.2565387327125983e-13,16.69167719354662,-9.73681169623533,1.2565387327125983e-13,108.70139353659752,171.17963603395538,148.16133616650774,92.0097163430509,5.421585893159834,108.70139353659752,6.301776281355094,180.9164477301907,12.684746400133006,171.17963603395538,11.946750633843408,148.16133616650774,9.867023240821396,9.736811696235321,0.7379957662895986,0.14182191990044046
experiment_2026_08_25_00_00_production_cap_H6_plotted,SEN_demand_PEN,2025-12-31,New Year's Eve,H1,G,observance_tier,True,2025-12-31,19,True,True,6,False,2,7,6,pearson,PLS,standard,2,{},2025-12-30 10:00:00,2026-01-01,177.9704025391452,12.729942122026058,85.711919,5.095,,14,24,4,4,6,4,0.06483425496531406,1631.1742649075659,1576.0601401715596,177.9704025391452,12.729942122026058,-12.729942122026058,-177.9704025391452,97.67356659786356,5.996583989899274,-5.996583989899274,-97.67356659786356,224.81022350489283,16.65773436576668,-16.65773436576668,-224.81022350489283,83.40358536159943,5.114384479495157,-5.114384479495157,-83.40358536159943,233.13437922604632,17.214172903316992,-17.214172903316992,-233.13437922604632,177.97040253914483,12.756356115593157,-12.756356115593157,-177.97040253914483,-97.67356659786356,-224.81022350489283,hourly_window_mean_factor_top_available_analogs,4,-14.26998123626413,8.324155721153488,-3.7097810203895756e-13,-14.26998123626413,8.324155721153488,-3.7097810203895756e-13,83.40358536159943,233.13437922604632,177.97040253914483,97.67356659786356,5.996583989899274,83.40358536159943,5.114384479495157,224.81022350489283,16.65773436576668,233.13437922604632,17.214172903316992,177.97040253914483,12.756356115593157,-8.324155721153488,-0.5564385375503136,-0.026413993567098615
experiment_2026_08_25_00_00_production_cap_H6_plotted,SEN_demand_PEN,2026-01-01,New Year's Day,H3,H,observance_tier,True,2026-01-01,19,True,True,5,False,2,6,5,pearson,PLS,standard,2,{},2025-12-31 10:00:00,2026-01-02,121.92833158866846,10.829884205473954,91.541756,5.585,,14,24,4,4,5,4,0.07888923521543856,1342.6438709320407,1315.4203897595787,121.92833158866846,10.829884205473954,-10.271724066099395,-113.97455724783,34.167309009964974,2.4908252473278187,-0.9758191547397279,-12.578492941974966,173.12226142624547,15.694335264392535,-15.694335264392535,-173.12226142624547,32.34392288203136,2.3617063770059548,-1.1507681869339206,-15.478851647861575,171.43038551447853,15.552812419724887,-15.552812419724887,-171.43038551447853,120.18800454462958,10.692931246091598,-10.246796123433478,-113.97455724783015,-12.578492941974966,-173.12226142624547,hourly_window_mean_factor_top_available_analogs,4,2.9003587058866094,-1.6918759117669424,1.555714621453693e-13,2.9003587058866094,-1.6918759117669424,1.555714621453693e-13,15.478851647861575,171.43038551447853,113.97455724783016,34.167309009964974,2.4908252473278187,32.34392288203136,2.3617063770059548,173.12226142624547,15.694335264392535,171.43038551447853,15.552812419724887,120.18800454462958,10.692931246091598,1.6918759117669424,0.14152284466764797,0.13695295938235574
experiment_2026_08_25_00_00_production_cap_H6_plotted,SEN_demand_PEN,2026-02-02,Constitution Day,H2,H,observance_tier,True,2026-02-02,19,True,True,5,False,2,6,5,pearson,PLS,standard,2,{},2026-02-01 10:00:00,2026-02-03,132.88211995377313,12.816845982987362,96.826981,6.102,,14,24,4,4,5,4,0.09845810893610987,1208.6601194274574,1220.6130519823391,132.88211995377313,12.816845982987362,-12.816845982987362,-132.88211995377313,90.41330290480276,8.597962053202988,-8.597962053202988,-90.41330290480276,157.65559656567257,15.277861608694915,-15.277861608694915,-157.65559656567257,157.1527196653121,15.033624791602161,-15.033624791602161,-157.1527196653121,118.72427012204214,11.659679555709367,-11.659679555709367,-118.72427012204214,132.88211995377324,12.902712011038291,-12.902712011038291,-132.88211995377324,-90.41330290480276,-157.65559656567257,hourly_window_mean_factor_top_available_analogs,4,66.73941676050934,-38.931326443630404,3.290934776152043e-14,66.73941676050934,-38.931326443630404,3.290934776152043e-14,157.1527196653121,118.72427012204216,132.88211995377316,90.41330290480276,8.597962053202988,157.1527196653121,15.033624791602161,157.65559656567257,15.277861608694915,118.72427012204214,11.659679555709367,132.88211995377324,12.902712011038291,38.931326443630425,3.6181820529855475,-0.0858660280509298
experiment_2026_08_25_00_00_production_cap_H6_plotted,SEN_demand_PEN,2026-03-16,Benito Juarez's Birthday,H2,H,observance_tier,True,2026-03-16,19,True,True,6,False,2,6,6,pearson,RidgeReg,minmax,2,{'alpha': 1.757230953721899},2026-03-15 10:00:00,2026-03-17,151.58160299267954,7.641835068073909,99.623061,6.377,,14,24,4,4,6,4,0.08179982580033855,1782.9620763662663,1767.5825742366749,151.58160299267954,7.641835068073909,5.7916993814676125,122.68167731794419,129.1259625287157,6.680070405959105,1.658273542313444,50.683307125862534,164.68072659665847,8.202864454307544,8.202864454307544,164.68072659665847,123.72077549957528,6.291776430682098,2.4880685571430874,64.64050698081087,156.53902668127202,7.7842289685015515,7.7842289685015515,156.53902668127202,144.44809203538375,7.234378033515436,5.833011974843169,122.68167731794424,50.683307125862534,164.68072659665847,hourly_window_mean_factor_top_available_analogs,4,-13.957199854948337,8.141699915386445,-5.3851659973397064e-14,-13.957199854948337,8.141699915386445,-5.3851659973397064e-14,-64.64050698081087,-156.53902668127202,-122.68167731794425,129.1259625287157,6.680070405959105,123.72077549957528,6.291776430682098,164.68072659665847,8.202864454307544,156.53902668127202,7.7842289685015515,144.44809203538375,7.234378033515436,8.141699915386454,0.41863548580599286,0.4074570345584725
experiment_2026_08_25_00_00_production_cap_H6_plotted,SEN_demand_PEN,2026-04-02,Maundy Thursday,H1,G,observance_tier,True,2026-04-02,19,True,True,8,False,2,8,8,pearson,RidgeReg,standard,2,{'alpha': 1.8185689815397565},2026-04-01 10:00:00,2026-04-03,124.34581335571993,7.064498502136403,102.805183,6.569,,14,24,4,4,8,4,0.08984045125188095,1886.2170771852427,1854.475196243801,124.34581335571993,7.064498502136403,-6.523995901384905,-114.42476455366405,57.940699941952516,2.9550280784997405,-1.5505598348191396,-32.096793084858355,163.0821295137509,9.461689582591122,-9.425166940214934,-162.44941457713404,59.472853586452906,3.0444675405939523,-1.5138010343094608,-31.592868378263265,164.0398016128432,9.503825579186792,-9.428990797419067,-162.74337065598078,125.51513655048886,7.124062091284167,-6.512868253115527,-114.42476455366379,-32.096793084858355,-162.44941457713404,hourly_window_mean_factor_top_available_analogs,4,-0.5039247065950901,0.29395607884671904,-2.6327478209216345e-13,-0.5039247065950901,0.29395607884671904,-2.6327478209216345e-13,31.592868378263265,162.74337065598075,114.42476455366378,57.940699941952516,2.9550280784997405,59.472853586452906,3.0444675405939523,163.0821295137509,9.461689582591122,164.0398016128432,9.503825579186792,125.51513655048886,7.124062091284167,-0.9576720990922922,-0.04213599659567002,-0.05956358914776416
experiment_2026_08_25_00_00_production_cap_H6_plotted,SEN_demand_PEN,2026-04-03,Good Friday,H2,G,observance_tier,True,2026-04-03,19,True,True,6,False,2,8,6,pearson,PLS,standard,2,{},2026-04-02 10:00:00,2026-04-04,39.370573689999226,2.4140500794417443,114.924739,7.331,,14,24,4,4,6,4,0.0851632633666508,1621.9955309645186,1580.8042859094555,39.370573689999226,2.4140500794417443,0.28088511626551566,6.8047392986393636,48.000833390895046,2.7879005339769636,1.1835317831479595,19.878851083944856,34.33625553114333,2.1959706476295318,-0.24565877274924355,-0.8218259094555075,59.71876246886513,3.463524168055533,-0.008660645166764664,-1.0459373150358877,59.194150582617084,3.6245292804691718,0.47549381258268913,11.38430065661647,59.387428645971625,3.5652116074746725,0.2971211176223641,6.804739298639285,19.878851083944856,-0.8218259094555075,hourly_window_mean_factor_top_available_analogs,4,20.924788398980745,-12.206126566071978,7.778573107268465e-14,20.924788398980745,-12.206126566071978,7.778573107268465e-14,1.0459373150358893,-11.384300656616471,-6.804739298639285,48.000833390895046,2.7879005339769636,59.71876246886513,3.463524168055533,34.33625553114333,2.1959706476295318,59.194150582617084,3.6245292804691718,59.387428645971625,3.5652116074746725,-24.857895051473754,-1.42855863283964,-1.1511615280329281
experiment_2026_08_25_00_00_production_cap_H6_plotted,SEN_demand_PEN,2026-04-04,Holy Saturday,H3,G,observance_tier,True,2026-04-04,19,True,True,7,False,2,8,7,pearson,RidgeReg,standard,2,{'alpha': 0.12184299982788699},2026-04-03 10:00:00,2026-04-05,234.36956109502648,13.65402927833946,102.504119,6.409,,14,24,4,4,7,4,0.0743178091199887,1449.3292616659448,1435.302742133835,234.36956109502648,13.65402927833946,13.40975988931615,231.08532754458162,192.2822616302171,10.939878279807743,10.27686136674447,183.36791342186683,258.920485782832,15.237284027482957,15.237284027482957,258.920485782832,156.55449227666742,8.973360350461666,7.72637578711258,139.68917765339228,284.39974831444187,16.610691321923124,16.610691321923124,284.39974831444187,237.29886451105122,13.796937806121536,13.337522440677136,231.0853275445815,183.36791342186683,258.920485782832,hourly_window_mean_factor_top_available_analogs,4,43.67873576847452,-25.479262531609834,1.9147256879430067e-13,43.67873576847452,-25.479262531609834,1.9147256879430067e-13,-139.6891776533923,-284.3997483144418,-231.08532754458142,192.2822616302171,10.939878279807743,156.55449227666742,8.973360350461666,258.920485782832,15.237284027482957,284.39974831444187,16.610691321923124,237.29886451105122,13.796937806121536,-25.47926253160989,-1.3734072944401667,-0.14290852778207608
experiment_2026_08_25_00_00_production_cap_H6_plotted,SEN_demand_PEN,2026-05-01,Labor Day,H2,F,observance_tier,True,2026-05-01,19,True,True,6,False,2,8,6,pearson,PLS,standard,2,{},2026-04-30 10:00:00,2026-05-02,109.3597296296997,4.732041914303774,110.599725,6.994,,14,24,4,4,6,4,0.07726308040132136,2190.145673233376,2136.0020894138293,109.3597296296997,4.732041914303774,4.048262900796857,95.27986308241356,90.55768727575006,3.775700004750738,1.9197283966605347,52.34090664740203,120.32758766950361,5.289908028209711,5.289908028209711,120.32758766950361,111.93545551264344,4.579190567315442,3.0324684592787423,80.2828166717952,118.61496443423657,4.977910980844484,4.2179573623885425,104.02814015527433,116.1540927262812,4.8310139863864165,3.7811982928217738,95.2798630824136,52.34090664740203,120.32758766950361,hourly_window_mean_factor_top_available_analogs,4,-27.941910024393174,16.299447514229286,-4.188462442375327e-14,-27.941910024393174,16.299447514229286,-4.188462442375327e-14,-80.2828166717952,-104.02814015527433,-95.2798630824136,90.55768727575006,3.775700004750738,111.93545551264344,4.579190567315442,120.32758766950361,5.289908028209711,118.61496443423657,4.977910980844484,116.1540927262812,4.8310139863864165,1.7126232352670456,0.31199704736522627,-0.0989720720826428
experiment_2026_08_25_00_00_production_cap_H6_plotted,SEN_demand_SIN,2025-01-01,New Year's Day,H3,H,observance_tier,True,2025-01-01,19,True,True,2,False,2,4,2,pearson,LassoReg,,2,{'alpha': 3.961366882607694},2024-12-31 10:00:00,2025-01-02,558.3937753753468,2.129455423875208,980.626461,3.156,,14,24,2,4,2,2,0.11072153467951576,25732.079103045708,24004.061010256002,558.3937753753468,2.129455423875208,2.129455423875208,558.3937753753468,651.2688407433749,2.207740990822955,2.207740990822955,651.2688407433749,504.2166539106638,2.0837888431556895,2.0837888431556895,504.2166539106638,542.8632655029303,1.8275098661840363,1.8223748723738373,541.3960422431774,568.3091197024446,2.325104659098456,2.325104659098456,568.3091197024446,558.9343313131499,2.1417802617089334,2.139888421884123,558.3937753753462,651.2688407433749,504.2166539106638,hourly_window_mean_factor_top_available_analogs,2,109.87279850019748,-64.0924657917808,6.701539907800523e-13,109.87279850019748,-64.0924657917808,6.701539907800523e-13,-541.3960422431774,-568.3091197024446,-558.3937753753461,651.2688407433749,2.207740990822955,542.8632655029303,1.8275098661840363,504.2166539106638,2.0837888431556895,568.3091197024446,2.325104659098456,558.9343313131499,2.1417802617089334,-64.0924657917808,-0.2413158159427664,-0.01232483783372551
experiment_2026_08_25_00_00_production_cap_H6_plotted,SEN_demand_SIN,2025-02-03,Constitution Day,H2,H,observance_tier,True,2025-02-03,19,True,True,2,False,2,4,2,pearson,LassoReg,,2,{'alpha': 3.961366882607694},2025-02-02 10:00:00,2025-02-04,890.5655257265562,2.949687705546343,985.105329,3.188,,14,24,2,4,2,2,0.06615992020144261,28889.087339471957,28223.622690275883,890.5655257265562,2.949687705546343,1.9137968465557407,598.1445389490935,620.1821638735998,2.1030569520625813,-0.7086468080547684,-173.53194309379901,1048.289153474114,3.4435556450785376,3.4435556450785376,1048.289153474114,744.5282451396607,2.5271066985688906,-1.3124951684841781,-356.4624378587131,1154.9986087536524,3.8155273146631785,3.8155273146631785,1154.9986087536524,1003.7726853169185,3.3408460350494935,1.9262558735036261,598.1445389490967,-173.53194309379901,1048.289153474114,hourly_window_mean_factor_top_available_analogs,2,182.93049476491407,-106.7094552795382,-3.1592973851059614e-12,182.93049476491407,-106.7094552795382,-3.1592973851059614e-12,356.4624378587131,-1154.9986087536522,-598.1445389490967,620.1821638735998,2.1030569520625813,744.5282451396607,2.5271066985688906,1048.289153474114,3.4435556450785376,1154.9986087536524,3.8155273146631785,1003.7726853169185,3.3408460350494935,-106.70945527953836,-0.3719716695846409,-0.39115832950315044
experiment_2026_08_25_00_00_production_cap_H6_plotted,SEN_demand_SIN,2025-03-17,Benito Juarez's Birthday,H2,H,observance_tier,True,2025-03-17,19,True,True,4,False,2,4,4,pearson,PLS,standard,2,{},2025-03-16 10:00:00,2025-03-18,448.44313851971606,1.4529390136943625,971.046344,3.134,,14,24,4,4,4,4,0.06874499152357003,31325.016354629242,30773.809476970448,448.44313851971606,1.4529390136943625,-1.050912244375974,-324.8560791029196,724.9635893134325,2.330563990621204,-1.8771733904027195,-569.0288320442994,287.1395422233815,0.9409911104870382,-0.5689265758603724,-182.421973220448,843.0055542662238,2.705800374824768,-2.1908555588854846,-666.3998651824053,220.3667500945421,0.7223777936050668,-0.426680972269373,-125.62220388989681,449.7599937367406,1.4531124287912724,-1.0766400304963613,-324.8560791029263,-569.0288320442994,-182.421973220448,hourly_window_mean_factor_top_available_analogs,4,97.37103313810596,-56.79976933055119,6.701539907800524e-12,97.37103313810596,-56.79976933055119,6.701539907800524e-12,666.3998651824054,125.62220388989681,324.8560791029263,724.9635893134325,2.330563990621204,843.0055542662238,2.705800374824768,287.1395422233815,0.9409911104870382,220.3667500945421,0.7223777936050668,449.7599937367406,1.4531124287912724,66.7727921288394,0.2186133168819714,-0.00017341509690993462
experiment_2026_08_25_00_00_production_cap_H6_plotted,SEN_demand_SIN,2025-04-17,Maundy Thursday,H1,G,observance_tier,True,2025-04-17,19,True,True,4,False,2,4,4,pearson,PLS,standard,2,{},2025-04-16 10:00:00,2025-04-18,1514.2680041690176,3.9549050690163385,953.639739,3.073,,14,24,4,4,4,4,0.0658579218145118,36822.56574839639,34988.02006396807,1514.2680041690176,3.9549050690163385,3.904222894295215,1495.1392247615136,931.9025402611634,2.2280503011510224,2.090484398336542,879.9815675836523,1853.9811914485992,4.962237016937773,4.962237016937773,1853.9811914485992,1012.8438607058005,2.4217401265666454,2.402218051099999,1005.2994349948187,1780.879102125412,4.737920004531134,4.737920004531134,1780.879102125412,1497.9187500234498,3.8845905758073753,3.8773982322144,1495.1392247615092,879.9815675836523,1853.9811914485992,hourly_window_mean_factor_top_available_analogs,4,-125.31786741116646,73.1020893231874,4.403869082268916e-12,-125.31786741116646,73.1020893231874,4.403869082268916e-12,-1005.2994349948189,-1780.879102125412,-1495.1392247615092,931.9025402611634,2.2280503011510224,1012.8438607058005,2.4217401265666454,1853.9811914485992,4.962237016937773,1780.879102125412,4.737920004531134,1497.9187500234498,3.8845905758073753,73.10208932318733,0.22431701240663937,0.07031449320896321
experiment_2026_08_25_00_00_production_cap_H6_plotted,SEN_demand_SIN,2025-04-18,Good Friday,H2,G,observance_tier,True,2025-04-18,19,True,True,5,False,2,5,5,euclidian,RidgeReg,,2,{'alpha': 0.015576810788141887},2025-04-17 10:00:00,2025-04-19,982.114051385653,2.864575169921461,897.11679,3.093,,14,24,4,4,5,4,0.06958101732608049,34504.40340585706,32173.36500435272,982.114051385653,2.864575169921461,1.5021980886647832,485.3570009850422,848.9215940800101,2.292445325667413,-1.405435323457856,-499.4189712930768,1059.8096514806116,3.1983175790696556,3.1983175790696556,1059.8096514806116,916.3764629385047,2.3808175291008644,1.2301304949450904,508.3208726820589,888.162373017928,2.605507591538584,1.2569768280101163,471.961409161787,898.557037725509,2.5227270422194237,1.2470860737230014,485.35700098504503,-499.4189712930768,1059.8096514806116,hourly_window_mean_factor_top_available_analogs,4,-1007.7398439751357,587.8482423188246,-2.8720885319145103e-12,-1007.7398439751357,587.8482423188246,-2.8720885319145103e-12,-508.3208726820589,-471.96140916178695,-485.3570009850451,848.9215940800101,2.292445325667413,916.3764629385047,2.3808175291008644,1059.8096514806116,3.1983175790696556,888.162373017928,2.605507591538584,898.557037725509,2.5227270422194237,171.64727846268363,0.5928099875310715,0.34184812770203754
experiment_2026_08_25_00_00_production_cap_H6_plotted,SEN_demand_SIN,2025-04-19,Holy Saturday,H3,G,observance_tier,True,2025-04-19,19,True,True,5,False,2,5,5,euclidian,RidgeReg,,2,{'alpha': 0.015576810788141887},2025-04-18 10:00:00,2025-04-20,1560.878911058828,4.738249045066486,889.35731,3.085,,14,24,4,4,5,4,0.06958101732608049,32513.81566027414,31605.027277417612,1560.878911058828,4.738249045066486,3.295511741185513,1103.0343781469173,945.2327148755836,2.84892788896947,-1.0670733644217467,-297.48816017103155,1920.0058588323875,5.840353052789747,5.840353052789747,1920.0058588323875,1828.5833446884665,5.640763366532446,-4.890210315409553,-1555.4921923483478,2653.841544269149,7.668695877975652,7.668695877975652,2653.841544269149,2349.799049686792,6.921562847443946,3.041730438307419,1103.0343781469132,-297.48816017103155,1920.0058588323875,hourly_window_mean_factor_top_available_analogs,4,1258.0040321773163,-733.8356854367617,3.925187660283164e-12,1258.0040321773163,-733.8356854367617,3.925187660283164e-12,1555.4921923483478,-2653.8415442691494,-1103.0343781469135,945.2327148755836,2.84892788896947,1828.5833446884665,5.640763366532446,1920.0058588323875,5.840353052789747,2653.841544269149,7.668695877975652,2349.799049686792,6.921562847443946,-733.8356854367614,-1.8283428251859046,-2.1833138023774596
experiment_2026_08_25_00_00_production_cap_H6_plotted,SEN_demand_SIN,2025-05-01,Labor Day,H2,F,observance_tier,True,2025-05-01,19,True,True,5,False,2,6,5,euclidian,PLS,standard,4,{},2025-04-30 10:00:00,2025-05-02,1269.5293681562773,3.1703384836910895,957.655324,3.294,,14,24,4,4,5,4,0.0633004900506076,40116.96902754358,38812.21358539933,1269.5293681562773,3.1703384836910895,-0.6569920627330482,-188.07087438569312,1261.366233780542,2.8769582012786548,2.8769582012786548,1261.366233780542,1274.2911965421229,3.341476981765009,-2.718463050073208,-1033.5758541493303,1478.6137124338109,3.358365520811159,3.358365520811159,1478.6137124338109,1443.5462545902892,3.8254116468905344,-3.1046305662160143,-1160.3035500303888,1456.465844322113,3.6533420214928696,-0.7235267446796874,-188.07087438568374,1261.366233780542,-1033.5758541493303,hourly_window_mean_factor_top_available_analogs,4,-217.24747865326884,126.72769588105864,-9.382155870920733e-12,-217.24747865326884,126.72769588105864,-9.382155870920733e-12,-1478.6137124338109,1160.303550030389,188.07087438568374,1261.366233780542,2.8769582012786548,1478.6137124338109,3.358365520811159,1274.2911965421229,3.341476981765009,1443.5462545902892,3.8254116468905344,1456.465844322113,3.6533420214928696,-169.25505804816635,-0.4839346651255254,-0.48300353780178007
experiment_2026_08_25_00_00_production_cap_H6_plotted,SEN_demand_SIN,2025-09-16,Independence Day,H2,H,observance_tier,True,2025-09-16,19,True,True,6,False,2,6,6,pearson,LassoReg,,2,{'alpha': 13.495421532036938},2025-09-15 10:00:00,2025-09-17,5054.79850201424,13.799575351252528,848.314365,2.762,,14,24,4,4,6,4,0.07063070163037802,31536.006153775237,30555.719687944384,5054.79850201424,13.799575351252528,13.799575351252528,5054.79850201424,6320.290383371876,15.979483654283063,15.979483654283063,6320.290383371876,4316.594904555618,12.527962174484719,12.527962174484719,4316.594904555618,6843.542182553375,17.29300845382524,17.29300845382524,6843.542182553375,4011.3646883664064,11.500023749052795,11.500023749052795,4011.3646883664064,5054.798502014237,13.634281271863696,13.634281271863696,5054.798502014237,6320.290383371876,4316.594904555618,hourly_window_mean_factor_top_available_analogs,4,-523.2517991814997,305.2302161892114,2.0104619723401573e-12,-523.2517991814997,305.2302161892114,2.0104619723401573e-12,-6843.542182553375,-4011.364688366407,-5054.798502014238,6320.290383371876,15.979483654283063,6843.542182553375,17.29300845382524,4316.594904555618,12.527962174484719,4011.3646883664064,11.500023749052795,5054.798502014237,13.634281271863696,305.23021618921166,1.0279384254319233,0.16529407938883267
experiment_2026_08_25_00_00_production_cap_H6_plotted,SEN_demand_SIN,2025-11-17,Mexican Revolution Day,H2,F,observance_tier,True,2025-11-17,19,True,True,5,False,2,6,5,pearson,PLS,standard,2,{},2025-11-16 10:00:00,2025-11-18,552.7247496742481,1.71190399904183,1131.037068,3.334,,14,24,4,4,5,4,0.07129839316207619,31827.55026932263,31590.396087620557,552.7247496742481,1.71190399904183,0.5120028245067947,197.57626988789468,678.9651027240751,2.0765910053898757,0.669626616055628,264.0799884738117,479.08454372851565,1.4991699120054705,0.42005561276997533,158.78243404610976,687.5195165755904,2.125415973701473,0.3828767451961544,173.4671861190982,588.5784076150297,1.848459107370762,0.5958239786635665,211.63990208636247,625.0303951268152,1.9504958475978662,0.51736973475452,197.5762698878967,264.0799884738117,158.78243404610976,hourly_window_mean_factor_top_available_analogs,4,90.6128023547135,-52.85746804025272,-2.0104619723401573e-12,90.6128023547135,-52.85746804025272,-2.0104619723401573e-12,-173.4671861190982,-211.63990208636247,-197.5762698878967,678.9651027240751,2.0765910053898757,687.5195165755904,2.125415973701473,479.08454372851565,1.4991699120054705,588.5784076150297,1.848459107370762,625.0303951268152,1.9504958475978662,-109.49386388651408,-0.34928919536529146,-0.2385918485560361
experiment_2026_08_25_00_00_production_cap_H6_plotted,SEN_demand_SIN,2025-12-24,Christmas Eve,H1,G,observance_tier,True,2025-12-24,19,True,True,2,False,2,6,2,pearson,RidgeReg,,2,{'alpha': 3.7290823837821385},2025-12-23 10:00:00,2025-12-25,785.9705245992903,2.478297912336972,1070.791308,3.155,,14,24,2,4,2,2,0.06993478232474415,32510.590323203236,30908.523324089492,785.9705245992903,2.478297912336972,-1.5413354631198464,-462.01294057165603,796.007596188718,2.3068770642136025,-0.9313946450423962,-295.9685888267886,780.1155661721241,2.5782934070756043,-1.8971342736650252,-558.872145756162,804.8176717396012,2.3426551919427077,-1.4046016067464235,-463.568307608181,787.287302537488,2.599431251029898,-1.5586149681870933,-461.10564313368405,793.7458596119508,2.5048295450504066,-1.501873203445794,-462.0129405716566,-295.9685888267886,-558.872145756162,hourly_window_mean_factor_top_available_analogs,2,167.59971878139237,-97.76650262247797,5.74417706382902e-13,167.59971878139237,-97.76650262247797,5.74417706382902e-13,463.568307608181,461.10564313368405,462.0129405716566,796.007596188718,2.3068770642136025,804.8176717396012,2.3426551919427077,780.1155661721241,2.5782934070756043,787.287302537488,2.599431251029898,793.7458596119508,2.5048295450504066,-7.171736365363927,-0.021137843954293523,-0.026531632713434394
experiment_2026_08_25_00_00_production_cap_H6_plotted,SEN_demand_SIN,2025-12-25,Christmas Day,H2,H,observance_tier,True,2025-12-25,19,True,True,2,False,2,6,2,pearson,RidgeReg,,2,{'alpha': 3.7290823837821385},2025-12-24 10:00:00,2025-12-26,1462.2298389314303,5.489127653222431,1070.791308,3.155,,14,24,2,4,2,2,0.10973745739763845,29136.089978668275,27392.918319033834,1462.2298389314303,5.489127653222431,-5.489127653222431,-1462.2298389314303,1426.1941466130295,4.704137503149147,-4.704137503149147,-1426.1941466130295,1483.2506594504976,5.947038574098514,-5.947038574098514,-1483.2506594504976,1928.176303081497,6.322123282835493,-6.322123282835493,-1928.176303081497,1190.4277348438945,4.661535399617446,-4.661535399617446,-1190.4277348438945,1462.2298389314326,5.273330935539883,-5.273330935539883,-1462.2298389314326,-1426.1941466130295,-1483.2506594504976,hourly_window_mean_factor_top_available_analogs,2,501.98215646846774,-292.822924606603,2.0104619723401573e-12,501.98215646846774,-292.822924606603,2.0104619723401573e-12,1928.1763030814973,1190.4277348438945,1462.2298389314324,1426.1941466130295,4.704137503149147,1928.176303081497,6.322123282835493,1483.2506594504976,5.947038574098514,1190.4277348438945,4.661535399617446,1462.2298389314326,5.273330935539883,292.822924606603,1.285503174481068,0.21579671768254727
experiment_2026_08_25_00_00_production_cap_H6_plotted,SEN_demand_SIN,2025-12-31,New Year's Eve,H1,G,observance_tier,True,2025-12-31,19,True,True,6,False,2,6,6,pearson,RidgeReg,standard,2,{'alpha': 0.1307136350654231},2025-12-30 10:00:00,2026-01-01,770.5080996926449,2.604967867324076,1017.939802,3.018,,14,24,4,4,6,4,0.06560469395114278,30865.0334212816,29449.80520504261,770.5080996926449,2.604967867324076,-2.192276185666944,-650.9601320710766,593.2254968809133,1.8459950659714437,-1.6658785289467453,-530.866017691302,873.9229513328218,3.0477020014464444,-2.4993414854203926,-721.0150321259451,731.5637450419716,2.2863377784071557,-2.024095955460781,-640.6591745717973,769.5378716467211,2.69775062524702,-2.3148258054935464,-656.9690239456527,755.5474039502344,2.546177471148123,-2.2077148081130544,-650.9601320710744,-530.866017691302,-721.0150321259451,hourly_window_mean_factor_top_available_analogs,4,109.79315688049532,-64.04600818029242,-2.201934541134458e-12,109.79315688049532,-64.04600818029242,-2.201934541134458e-12,640.6591745717973,656.9690239456527,650.9601320710744,593.2254968809133,1.8459950659714437,731.5637450419716,2.2863377784071557,873.9229513328218,3.0477020014464444,769.5378716467211,2.69775062524702,755.5474039502344,2.546177471148123,104.38507968610065,0.3499513761994244,0.05879039617595305
experiment_2026_08_25_00_00_production_cap_H6_plotted,SEN_demand_SIN,2026-01-01,New Year's Day,H3,H,observance_tier,True,2026-01-01,19,True,True,6,False,2,6,6,pearson,RidgeReg,standard,2,{'alpha': 0.1307136350654231},2025-12-31 10:00:00,2026-01-02,836.7823241478287,3.3194719170261746,1038.867195,3.087,,14,24,4,4,6,4,0.10896169419314318,27011.215114200306,25479.337442688276,836.7823241478287,3.3194719170261746,-3.277489971961539,-824.6862928845164,538.5652395070653,1.8481772057180155,-1.7342262119711478,-505.73315464950326,1010.7422901882742,4.177727165289267,-4.177727165289267,-1010.7422901882742,1085.0479677592143,3.7718678263367673,-3.7718678263367673,-1085.0479677592143,672.8086492076085,2.850582480148453,-2.850582480148453,-672.8086492076085,824.6862928845159,3.1900033971652006,-3.1900033971652006,-824.6862928845159,-505.73315464950326,-1010.7422901882742,hourly_window_mean_factor_top_available_analogs,4,579.3148131097112,-337.93364098066576,-5.74417706382902e-13,579.3148131097112,-337.93364098066576,-5.74417706382902e-13,1085.0479677592143,672.8086492076084,824.6862928845159,538.5652395070653,1.8481772057180155,1085.0479677592143,3.7718678263367673,1010.7422901882742,4.177727165289267,672.8086492076085,2.850582480148453,824.6862928845159,3.1900033971652006,337.9336409806657,1.3271446851408135,0.12946851986097396
experiment_2026_08_25_00_00_production_cap_H6_plotted,SEN_demand_SIN,2026-02-02,Constitution Day,H2,H,observance_tier,True,2026-02-02,19,True,True,2,False,2,6,2,pearson,RidgeReg,,2,{'alpha': 1.2478771492186334},2026-02-01 10:00:00,2026-02-03,566.1929039136629,1.9696169444360134,1077.01142,3.16,,14,24,2,4,2,2,0.07344733488508853,29295.700630327894,28799.90189795148,566.1929039136629,1.9696169444360134,-0.4654998154211977,-117.59615611737144,876.990413181029,3.058412191588924,-2.1754209082826237,-590.9986772589057,384.89435684103273,1.3344863835968155,0.5319541554146342,158.55531454852357,1126.6584567747825,3.920683899053133,-3.454230167829539,-977.4270084311019,483.3073659440417,1.7178600769208945,1.3850996359875996,383.9718410656462,720.3314520395777,2.5294267482327717,-0.3978113443660833,-117.59615611736626,-590.9986772589057,158.55531454852357,hourly_window_mean_factor_top_available_analogs,2,386.4283311721961,-225.4165265171226,-5.169759357446118e-12,386.4283311721961,-225.4165265171226,-5.169759357446118e-12,977.4270084311017,-383.9718410656462,117.59615611736626,876.990413181029,3.058412191588924,1126.6584567747825,3.920683899053133,384.89435684103273,1.3344863835968155,483.3073659440417,1.7178600769208945,720.3314520395777,2.5294267482327717,-98.41300910300896,-0.383373693324079,-0.5598098037967583
experiment_2026_08_25_00_00_production_cap_H6_plotted,SEN_demand_SIN,2026-03-16,Benito Juarez's Birthday,H2,H,observance_tier,True,2026-03-16,19,True,True,2,False,2,6,2,pearson,RidgeReg,,2,{'alpha': 1.0358894537913446},2026-03-15 10:00:00,2026-03-17,1597.5908444647134,4.85647416766609,1090.638461,3.215,,14,24,2,4,2,2,0.0781856314981015,31608.3710828605,30637.387986791484,1597.5908444647134,4.85647416766609,4.161450171833477,1386.1420563500185,1376.2287337610578,3.8744275822699126,1.9879338792956778,802.2963088783144,1726.718742375179,5.42933467581386,5.42933467581386,1726.718742375179,1331.5105199137076,3.752634610207352,1.8729442472411526,759.5555697055707,1751.6508402259587,5.523927305092467,5.523927305092467,1751.6508402259587,1596.8623011635505,4.871345785924267,4.178828283778825,1386.1420563500265,802.2963088783144,1726.718742375179,hourly_window_mean_factor_top_available_analogs,2,42.74073917274369,-24.93209785077958,-7.850375320566328e-12,42.74073917274369,-24.93209785077958,-7.850375320566328e-12,-759.5555697055707,-1751.6508402259587,-1386.1420563500265,1376.2287337610578,3.8744275822699126,1331.5105199137076,3.752634610207352,1726.718742375179,5.42933467581386,1751.6508402259587,5.523927305092467,1596.8623011635505,4.871345785924267,-24.932097850779655,-0.09459262927860745,-0.014871618258176511
experiment_2026_08_25_00_00_production_cap_H6_plotted,SEN_demand_SIN,2026-04-02,Maundy Thursday,H1,G,observance_tier,True,2026-04-02,19,True,True,6,False,2,6,6,pearson,RidgeReg,minmax,2,{'alpha': 0.17274641643362593},2026-04-01 10:00:00,2026-04-03,530.8899824122421,1.3721918969828852,1106.133436,3.338,,14,24,4,4,6,4,0.06101662095956076,38326.69203000029,36730.50995434054,530.8899824122421,1.3721918969828852,0.43616978952654967,164.0448121049757,497.86130255986166,1.27031571726217,-1.27031571726217,-497.86130255986166,550.1567123261308,1.431619668486636,1.431619668486636,550.1567123261308,656.5491060983617,1.6848885377682612,-1.6143649034093508,-627.1127552134686,807.7437027895281,2.1006362829836505,1.5822517450333085,625.5533930407319,752.0404303243616,1.9474660610621912,0.40455087455443417,164.04481210497377,-497.86130255986166,550.1567123261308,hourly_window_mean_factor_top_available_analogs,4,129.25145265360698,-75.39668071460103,1.9147256879430067e-12,129.25145265360698,-75.39668071460103,1.9147256879430067e-12,627.1127552134686,-625.5533930407319,-164.0448121049738,497.86130255986166,1.27031571726217,656.5491060983617,1.6848885377682612,550.1567123261308,1.431619668486636,807.7437027895281,2.1006362829836505,752.0404303243616,1.9474660610621912,-257.58699046339734,-0.6690166144970144,-0.575274164079306
experiment_2026_08_25_00_00_production_cap_H6_plotted,SEN_demand_SIN,2026-04-03,Good Friday,H2,G,observance_tier,True,2026-04-03,19,True,True,6,False,2,6,6,pearson,RidgeReg,minmax,2,{'alpha': 0.17274641643362593},2026-04-02 10:00:00,2026-04-04,1744.9070971416047,5.201225336182572,1106.133436,3.338,,14,24,4,4,6,4,0.06669289621637005,37228.52185476673,36432.40990844796,1744.9070971416047,5.201225336182572,-5.1381121769428475,-1720.2323810825264,325.9868627684903,0.8400626147604863,-0.77279894545979,-299.7851913132103,2572.6105671925875,7.7452369236787915,-7.684544895307963,-2548.8265751146278,1316.8613746426417,3.4612028033289457,-3.4612028033289457,-1316.8613746426417,1963.2708129735067,5.912814150426409,-5.893066579398574,-1955.5321348391183,1725.1199672726614,5.009588917285238,-4.997116767162393,-1720.2323810825214,-299.7851913132103,-2548.8265751146278,hourly_window_mean_factor_top_available_analogs,4,1017.0761833294315,-593.2944402755094,-4.882550504254667e-12,1017.0761833294315,-593.2944402755094,-4.882550504254667e-12,1316.8613746426417,1955.5321348391185,1720.2323810825217,325.9868627684903,0.8400626147604863,1316.8613746426417,3.4612028033289457,2572.6105671925875,7.7452369236787915,1963.2708129735067,5.912814150426409,1725.1199672726614,5.009588917285238,609.3397542190808,1.8324227732523823,0.19163641889733452
experiment_2026_08_25_00_00_production_cap_H6_plotted,SEN_demand_SIN,2026-04-04,Holy Saturday,H3,G,observance_tier,True,2026-04-04,19,True,True,6,False,2,6,6,pearson,RidgeReg,minmax,2,{'alpha': 0.17274641643362593},2026-04-03 10:00:00,2026-04-05,380.89700735876346,1.1166564176370262,1108.083342,3.324,,14,24,4,4,6,4,0.05887630754783964,34313.0478493528,34243.955605639785,380.89700735876346,1.1166564176370262,-0.3062079640025753,-86.23205987911474,471.1932394801656,1.3971814338790647,-0.3381665693368987,-79.1345528608186,328.22420528794555,0.9530168248291703,-0.2875654442242199,-90.37227230645415,959.0600850079663,2.966689399211724,-2.6002005605556175,-821.9434125722574,491.652970003967,1.4331643330143988,0.9837656382332627,342.9328958585526,663.8555913212299,1.9981472521397292,-0.33664296132053523,-86.23205987911426,-79.1345528608186,-90.37227230645415,hourly_window_mean_factor_top_available_analogs,4,742.8088597114389,-433.30516816500676,-4.786814219857517e-13,742.8088597114389,-433.30516816500676,-4.786814219857517e-13,821.9434125722576,-342.9328958585526,86.23205987911426,471.1932394801656,1.3971814338790647,959.0600850079663,2.966689399211724,328.22420528794555,0.9530168248291703,491.652970003967,1.4331643330143988,663.8555913212299,1.9981472521397292,-163.42876471602148,-0.48014750818522856,-0.881490834502703
experiment_2026_08_25_00_00_production_cap_H6_plotted,SEN_demand_SIN,2026-05-01,Labor Day,H2,F,observance_tier,True,2026-05-01,19,True,True,3,False,2,7,3,pearson,PCR,,2,{},2026-04-30 10:00:00,2026-05-02,1295.2247620285127,3.1447339705927115,995.844009,2.981,,14,24,3,4,3,3,0.0769570412312236,43322.58024348195,40920.73253285882,1295.2247620285127,3.1447339705927115,-3.0331437952322924,-1245.2644540082595,1038.8906045501644,2.2397139442402323,-2.2397139442402323,-1038.8906045501644,1444.7530205575492,3.6726623192983237,-3.4959778749776604,-1365.6491995254817,899.8542152276984,1.9695544124477666,-1.6466579025552173,-744.5347932565876,1614.0734480006197,4.159972160793104,-3.9913492115544322,-1537.3567561134098,1350.9400464527014,3.352976148244822,-3.127515571396826,-1245.264454008265,-1038.8906045501644,-1365.6491995254817,hourly_window_mean_factor_top_available_analogs,3,-294.3558112935768,171.70755658792828,5.361231926240419e-12,-294.3558112935768,171.70755658792828,5.361231926240419e-12,744.5347932565876,1537.35675611341,1245.264454008265,1038.8906045501644,2.2397139442402323,899.8542152276984,1.9695544124477666,1444.7530205575492,3.6726623192983237,1614.0734480006197,4.159972160793104,1350.9400464527014,3.352976148244822,-169.32042744307046,-0.4873098414947803,-0.20824217765211062
